[RockPrecisionFixDiag] Record 1 on Kerbin: scatter on. Heights are distances from the centre of Kerbin, in metres
[RockPrecisionFixDiag]   quad 'Kerbin Zn3010001200': height 599939.945216 m, matrix 599939.945216 m, up 0.000 mm, across 0.000 mm
[RockPrecisionFixDiag]     holder 'boulder': built, height 599939.945216 m, matrix 599939.945216 m, up 0.000 mm, across 0.000 mm
[RockPrecisionFixDiag]   quad 'Kerbin Zn3010001022': height 599978.023836 m, matrix 599978.023836 m, up 0.000 mm, across 0.000 mm
[RockPrecisionFixDiag]     holder 'boulder': built, height 599978.023836 m, matrix 599978.023836 m, up 0.000 mm, across 0.000 mm
[RockPrecisionFixDiag]   quad 'Kerbin Zn3010000330': height 599959.150206 m, matrix 599959.150206 m, up 0.000 mm, across 0.000 mm
[RockPrecisionFixDiag]     holder 'boulder': built, height 599959.150206 m, matrix 599959.150206 m, up 0.000 mm, across 0.000 mm
[RockPrecisionFixDiag]   quad 'Kerbin Zn3010000323': height 600194.806541 m, matrix 600194.806541 m, up 0.000 mm, across 0.000 mm
[RockPrecisionFixDiag]     holder 'Grass00': built, height 600194.806541 m, matrix 600194.806541 m, up 0.000 mm, across 0.000 mm
[RockPrecisionFixDiag]   quad 'Kerbin Zn3010000322': height 600203.817558 m, matrix 600203.817558 m, up 0.000 mm, across 0.000 mm
[RockPrecisionFixDiag]     holder 'Grass00': built, height 600203.817558 m, matrix 600203.817558 m, up 0.000 mm, across 0.000 mm
[RockPrecisionFixDiag]   quad 'Kerbin Zn3010000321': height 600207.436525 m, matrix 600207.436525 m, up 0.000 mm, across 0.000 mm
[RockPrecisionFixDiag]     holder 'Grass00': built, height 600207.436525 m, matrix 600207.436525 m, up 0.000 mm, across 0.000 mm
[RockPrecisionFixDiag]   quad 'Kerbin Zn3010000320': height 600225.973670 m, matrix 600225.973670 m, up 0.000 mm, across 0.000 mm
[RockPrecisionFixDiag]     holder 'Grass00': built, height 600225.973670 m, matrix 600225.973670 m, up 0.000 mm, across 0.000 mm
[RockPrecisionFixDiag]   quad 'Kerbin Zn3010000313': height 600041.740738 m, matrix 600041.740738 m, up 0.000 mm, across 0.000 mm
[RockPrecisionFixDiag]     holder 'boulder': built, height 600041.740738 m, matrix 600041.740738 m, up 0.000 mm, across 0.000 mm
[RockPrecisionFixDiag]   quad 'Kerbin Zn3010000312': height 600141.400110 m, matrix 600141.400110 m, up 0.000 mm, across 0.000 mm
[RockPrecisionFixDiag]     holder 'Grass00': built, height 600141.400110 m, matrix 600141.400110 m, up 0.000 mm, across 0.000 mm
[RockPrecisionFixDiag]   quad 'Kerbin Zn3010000311': height 600080.089496 m, matrix 600080.089496 m, up 0.000 mm, across 0.000 mm
[RockPrecisionFixDiag]     holder 'Grass00': built, height 600080.089496 m, matrix 600080.089496 m, up 0.000 mm, across 0.000 mm
[RockPrecisionFixDiag]   quad 'Kerbin Zn3010000310': height 600205.532416 m, matrix 600205.532416 m, up 0.000 mm, across 0.000 mm
[RockPrecisionFixDiag]     holder 'Grass00': built, height 600205.532416 m, matrix 600205.532416 m, up 0.000 mm, across 0.000 mm
[RockPrecisionFixDiag]     holder 'Tree00': built, height 600205.532416 m, matrix 600205.532416 m, up 0.000 mm, across 0.000 mm
[RockPrecisionFixDiag]   quad 'Kerbin Zn3010000303': height 600185.474343 m, matrix 600185.474343 m, up 0.000 mm, across 0.000 mm
[RockPrecisionFixDiag]     holder 'Grass00': built, height 600185.474343 m, matrix 600185.474343 m, up 0.000 mm, across 0.000 mm
[RockPrecisionFixDiag]     holder 'Tree00': built, height 600185.474343 m, matrix 600185.474343 m, up 0.000 mm, across 0.000 mm
[RockPrecisionFixDiag]   quad 'Kerbin Zn3010000302': height 600252.928645 m, matrix 600252.928645 m, up 0.000 mm, across 0.000 mm
[RockPrecisionFixDiag]     holder 'Grass00': built, height 600252.928645 m, matrix 600252.928645 m, up 0.000 mm, across 0.000 mm
[RockPrecisionFixDiag]     holder 'Tree00': built, height 600252.928645 m, matrix 600252.928645 m, up 0.000 mm, across 0.000 mm
[RockPrecisionFixDiag]   quad 'Kerbin Zn3010000301': height 600205.190126 m, matrix 600205.190126 m, up 0.000 mm, across 0.000 mm
[RockPrecisionFixDiag]     holder 'Grass00': built, height 600205.190126 m, matrix 600205.190126 m, up 0.000 mm, across 0.000 mm
[RockPrecisionFixDiag]     holder 'Tree00': built, height 600205.190126 m, matrix 600205.190126 m, up 0.000 mm, across 0.000 mm
[RockPrecisionFixDiag]   quad 'Kerbin Zn3010000300': height 600251.411264 m, matrix 600251.411264 m, up 0.000 mm, across 0.000 mm
[RockPrecisionFixDiag]     holder 'Grass00': built, height 600251.411264 m, matrix 600251.411264 m, up 0.000 mm, across 0.000 mm
[RockPrecisionFixDiag]     holder 'Tree00': built, height 600251.411264 m, matrix 600251.411264 m, up 0.000 mm, across 0.000 mm
[RockPrecisionFixDiag]   quad 'Kerbin Zn3010000233': height 600281.401722 m, matrix 600281.401722 m, up 0.000 mm, across 0.000 mm
[RockPrecisionFixDiag]     holder 'Grass00': built, height 600281.401722 m, matrix 600281.401722 m, up 0.000 mm, across 0.000 mm
[RockPrecisionFixDiag]     holder 'Tree00': built, height 600281.401722 m, matrix 600281.401722 m, up 0.000 mm, across 0.000 mm
[RockPrecisionFixDiag]   quad 'Kerbin Zn3010000232': height 600245.839026 m, matrix 600245.839026 m, up 0.000 mm, across 0.000 mm
[RockPrecisionFixDiag]     holder 'Grass00': built, height 600245.839026 m, matrix 600245.839026 m, up 0.000 mm, across 0.000 mm
[RockPrecisionFixDiag]     holder 'Tree00': built, height 600245.839026 m, matrix 600245.839026 m, up 0.000 mm, across 0.000 mm
[RockPrecisionFixDiag]   quad 'Kerbin Zn3010000231': height 600273.718251 m, matrix 600273.718251 m, up 0.000 mm, across 0.000 mm
[RockPrecisionFixDiag]     holder 'Grass00': built, height 600273.718251 m, matrix 600273.718251 m, up 0.000 mm, across 0.000 mm
[RockPrecisionFixDiag]     holder 'Tree00': built, height 600273.718251 m, matrix 600273.718251 m, up 0.000 mm, across 0.000 mm
[RockPrecisionFixDiag]   quad 'Kerbin Zn3010000230': height 600239.585208 m, matrix 600239.585208 m, up 0.000 mm, across 0.000 mm
[RockPrecisionFixDiag]     holder 'Grass00': built, height 600239.585208 m, matrix 600239.585208 m, up 0.000 mm, across 0.000 mm
[RockPrecisionFixDiag]     holder 'Tree00': built, height 600239.585208 m, matrix 600239.585208 m, up 0.000 mm, across 0.000 mm
[RockPrecisionFixDiag]   quad 'Kerbin Zn3010000213': height 600292.233358 m, matrix 600292.233358 m, up 0.000 mm, across 0.000 mm
[RockPrecisionFixDiag]     holder 'Grass00': built, height 600292.233358 m, matrix 600292.233358 m, up 0.000 mm, across 0.000 mm
[RockPrecisionFixDiag]     holder 'Tree00': built, height 600292.233358 m, matrix 600292.233358 m, up 0.000 mm, across 0.000 mm
[RockPrecisionFixDiag]   quad 'Kerbin Zn3010000212': height 600278.908801 m, matrix 600278.908801 m, up 0.000 mm, across 0.000 mm
[RockPrecisionFixDiag]     holder 'Grass00': built, height 600278.908801 m, matrix 600278.908801 m, up 0.000 mm, across 0.000 mm
[RockPrecisionFixDiag]     holder 'Tree00': built, height 600278.908801 m, matrix 600278.908801 m, up 0.000 mm, across 0.000 mm
[RockPrecisionFixDiag]   quad 'Kerbin Zn3010000211': height 600331.669078 m, matrix 600331.669078 m, up 0.000 mm, across 0.000 mm
[RockPrecisionFixDiag]     holder 'Grass00': built, height 600331.669078 m, matrix 600331.669078 m, up 0.000 mm, across 0.000 mm
[RockPrecisionFixDiag]     holder 'Tree00': built, height 600331.669078 m, matrix 600331.669078 m, up 0.000 mm, across 0.000 mm
[RockPrecisionFixDiag]   quad 'Kerbin Zn3010000210': height 600271.300644 m, matrix 600271.300644 m, up 0.000 mm, across 0.000 mm
[RockPrecisionFixDiag]     holder 'Grass00': built, height 600271.300644 m, matrix 600271.300644 m, up 0.000 mm, across 0.000 mm
[RockPrecisionFixDiag]     holder 'Tree00': built, height 600271.300644 m, matrix 600271.300644 m, up 0.000 mm, across 0.000 mm
[RockPrecisionFixDiag]   quad 'Kerbin Zn3010000203': height 600237.244001 m, matrix 600237.244001 m, up 0.000 mm, across 0.000 mm
[RockPrecisionFixDiag]     holder 'Grass00': built, height 600237.244001 m, matrix 600237.244001 m, up 0.000 mm, across 0.000 mm
[RockPrecisionFixDiag]     holder 'Tree00': built, height 600237.244001 m, matrix 600237.244001 m, up 0.000 mm, across 0.000 mm
[RockPrecisionFixDiag]   quad 'Kerbin Zn3010000202': height 600240.650944 m, matrix 600240.650944 m, up 0.000 mm, across 0.000 mm
[RockPrecisionFixDiag]     holder 'Grass00': built, height 600240.650944 m, matrix 600240.650944 m, up 0.000 mm, across 0.000 mm
[RockPrecisionFixDiag]     holder 'Tree00': built, height 600240.650944 m, matrix 600240.650944 m, up 0.000 mm, across 0.000 mm
[RockPrecisionFixDiag]   quad 'Kerbin Zn3010000201': height 600253.845333 m, matrix 600253.845333 m, up 0.000 mm, across 0.000 mm
[RockPrecisionFixDiag]     holder 'Grass00': built, height 600253.845333 m, matrix 600253.845333 m, up 0.000 mm, across 0.000 mm
[RockPrecisionFixDiag]     holder 'Tree00': built, height 600253.845333 m, matrix 600253.845333 m, up 0.000 mm, across 0.000 mm
[RockPrecisionFixDiag]   quad 'Kerbin Zn3010000200': height 600248.967058 m, matrix 600248.967058 m, up 0.000 mm, across 0.000 mm
[RockPrecisionFixDiag]     holder 'Grass00': built, height 600248.967058 m, matrix 600248.967058 m, up 0.000 mm, across 0.000 mm
[RockPrecisionFixDiag]     holder 'Tree00': built, height 600248.967058 m, matrix 600248.967058 m, up 0.000 mm, across 0.000 mm
[RockPrecisionFixDiag]   quad 'Kerbin Zn3010000133': height 600126.805915 m, matrix 600126.805915 m, up 0.000 mm, across 0.000 mm
[RockPrecisionFixDiag]     holder 'Grass00': built, height 600126.805915 m, matrix 600126.805915 m, up 0.000 mm, across 0.000 mm
[RockPrecisionFixDiag]     holder 'Tree00': built, height 600126.805915 m, matrix 600126.805915 m, up 0.000 mm, across 0.000 mm
[RockPrecisionFixDiag]   quad 'Kerbin Zn3010000132': height 600212.377119 m, matrix 600212.377119 m, up 0.000 mm, across 0.000 mm
[RockPrecisionFixDiag]     holder 'Grass00': built, height 600212.377119 m, matrix 600212.377119 m, up 0.000 mm, across 0.000 mm
[RockPrecisionFixDiag]     holder 'Tree00': built, height 600212.377119 m, matrix 600212.377119 m, up 0.000 mm, across 0.000 mm
[RockPrecisionFixDiag]   quad 'Kerbin Zn3010000131': height 600164.314248 m, matrix 600164.314248 m, up 0.000 mm, across 0.000 mm
[RockPrecisionFixDiag]     holder 'Grass00': built, height 600164.314248 m, matrix 600164.314248 m, up 0.000 mm, across 0.000 mm
[RockPrecisionFixDiag]     holder 'Tree00': built, height 600164.314248 m, matrix 600164.314248 m, up 0.000 mm, across 0.000 mm
[RockPrecisionFixDiag]   quad 'Kerbin Zn3010000130': height 600190.635341 m, matrix 600190.635341 m, up 0.000 mm, across 0.000 mm
[RockPrecisionFixDiag]     holder 'Grass00': built, height 600190.635341 m, matrix 600190.635341 m, up 0.000 mm, across 0.000 mm
[RockPrecisionFixDiag]     holder 'Tree00': built, height 600190.635341 m, matrix 600190.635341 m, up 0.000 mm, across 0.000 mm
[RockPrecisionFixDiag]   quad 'Kerbin Zn3010000123': height 600203.275524 m, matrix 600203.275524 m, up 0.000 mm, across 0.000 mm
[RockPrecisionFixDiag]     holder 'Grass00': built, height 600203.275524 m, matrix 600203.275524 m, up 0.000 mm, across 0.000 mm
[RockPrecisionFixDiag]     holder 'Tree00': built, height 600203.275524 m, matrix 600203.275524 m, up 0.000 mm, across 0.000 mm
[RockPrecisionFixDiag]   quad 'Kerbin Zn3010000122': height 600239.513337 m, matrix 600239.513337 m, up 0.000 mm, across 0.000 mm
[RockPrecisionFixDiag]     holder 'Grass00': built, height 600239.513337 m, matrix 600239.513337 m, up 0.000 mm, across 0.000 mm
[RockPrecisionFixDiag]     holder 'Tree00': built, height 600239.513337 m, matrix 600239.513337 m, up 0.000 mm, across 0.000 mm
[RockPrecisionFixDiag]   quad 'Kerbin Zn3010000121': height 600217.201122 m, matrix 600217.201122 m, up 0.000 mm, across 0.000 mm
[RockPrecisionFixDiag]     holder 'Grass00': built, height 600217.201122 m, matrix 600217.201122 m, up 0.000 mm, across 0.000 mm
[RockPrecisionFixDiag]     holder 'Tree00': built, height 600217.201122 m, matrix 600217.201122 m, up 0.000 mm, across 0.000 mm
[RockPrecisionFixDiag]   quad 'Kerbin Zn3010000120': height 600226.532461 m, matrix 600226.532461 m, up 0.000 mm, across 0.000 mm
[RockPrecisionFixDiag]     holder 'Grass00': built, height 600226.532461 m, matrix 600226.532461 m, up 0.000 mm, across 0.000 mm
[RockPrecisionFixDiag]     holder 'Tree00': built, height 600226.532461 m, matrix 600226.532461 m, up 0.000 mm, across 0.000 mm
[RockPrecisionFixDiag]   quad 'Kerbin Zn3010000112': height 600227.195433 m, matrix 600227.195433 m, up 0.000 mm, across 0.000 mm
[RockPrecisionFixDiag]     holder 'Grass00': built, height 600227.195433 m, matrix 600227.195433 m, up 0.000 mm, across 0.000 mm
[RockPrecisionFixDiag]     holder 'Tree00': built, height 600227.195433 m, matrix 600227.195433 m, up 0.000 mm, across 0.000 mm
[RockPrecisionFixDiag]   quad 'Kerbin Zn3010000103': height 600230.029882 m, matrix 600230.029882 m, up 0.000 mm, across 0.000 mm
[RockPrecisionFixDiag]     holder 'Grass00': built, height 600230.029882 m, matrix 600230.029882 m, up 0.000 mm, across 0.000 mm
[RockPrecisionFixDiag]     holder 'Tree00': built, height 600230.029882 m, matrix 600230.029882 m, up 0.000 mm, across 0.000 mm
[RockPrecisionFixDiag]   quad 'Kerbin Zn3010000102': height 600230.717267 m, matrix 600230.717267 m, up 0.000 mm, across 0.000 mm
[RockPrecisionFixDiag]     holder 'Grass00': built, height 600230.717267 m, matrix 600230.717267 m, up 0.000 mm, across 0.000 mm
[RockPrecisionFixDiag]     holder 'Tree00': built, height 600230.717267 m, matrix 600230.717267 m, up 0.000 mm, across 0.000 mm
[RockPrecisionFixDiag]   quad 'Kerbin Zn3010000101': height 600259.953347 m, matrix 600259.953347 m, up 0.000 mm, across 0.000 mm
[RockPrecisionFixDiag]     holder 'Grass00': built, height 600259.953347 m, matrix 600259.953347 m, up 0.000 mm, across 0.000 mm
[RockPrecisionFixDiag]     holder 'Tree00': built, height 600259.953347 m, matrix 600259.953347 m, up 0.000 mm, across 0.000 mm
[RockPrecisionFixDiag]   quad 'Kerbin Zn3010000100': height 600253.724448 m, matrix 600253.724448 m, up 0.000 mm, across 0.000 mm
[RockPrecisionFixDiag]     holder 'Grass00': built, height 600253.724448 m, matrix 600253.724448 m, up 0.000 mm, across 0.000 mm
[RockPrecisionFixDiag]     holder 'Tree00': built, height 600253.724448 m, matrix 600253.724448 m, up 0.000 mm, across 0.000 mm
[RockPrecisionFixDiag]   quad 'Kerbin Zn3010000033': height 600313.717129 m, matrix 600313.717129 m, up 0.000 mm, across 0.000 mm
[RockPrecisionFixDiag]     holder 'Grass00': built, height 600313.717129 m, matrix 600313.717129 m, up 0.000 mm, across 0.000 mm
[RockPrecisionFixDiag]     holder 'Tree00': built, height 600313.717129 m, matrix 600313.717129 m, up 0.000 mm, across 0.000 mm
[RockPrecisionFixDiag]   quad 'Kerbin Zn3010000032': height 600248.663815 m, matrix 600248.663815 m, up 0.000 mm, across 0.000 mm
[RockPrecisionFixDiag]     holder 'Grass00': built, height 600248.663815 m, matrix 600248.663815 m, up 0.000 mm, across 0.000 mm
[RockPrecisionFixDiag]     holder 'Tree00': built, height 600248.663815 m, matrix 600248.663815 m, up 0.000 mm, across 0.000 mm
[RockPrecisionFixDiag]   quad 'Kerbin Zn3010000031': height 600280.000910 m, matrix 600280.000910 m, up 0.000 mm, across 0.000 mm
[RockPrecisionFixDiag]     holder 'Grass00': built, height 600280.000910 m, matrix 600280.000910 m, up 0.000 mm, across 0.000 mm
[RockPrecisionFixDiag]     holder 'Tree00': built, height 600280.000910 m, matrix 600280.000910 m, up 0.000 mm, across 0.000 mm
[RockPrecisionFixDiag]   quad 'Kerbin Zn3010000030': height 600256.867011 m, matrix 600256.867011 m, up 0.000 mm, across 0.000 mm
[RockPrecisionFixDiag]     holder 'Grass00': built, height 600256.867011 m, matrix 600256.867011 m, up 0.000 mm, across 0.000 mm
[RockPrecisionFixDiag]     holder 'Tree00': built, height 600256.867011 m, matrix 600256.867011 m, up 0.000 mm, across 0.000 mm
[RockPrecisionFixDiag]   quad 'Kerbin Zn3010000023': height 600244.637862 m, matrix 600244.637862 m, up 0.000 mm, across 0.000 mm
[RockPrecisionFixDiag]     holder 'Grass00': built, height 600244.637862 m, matrix 600244.637862 m, up 0.000 mm, across 0.000 mm
[RockPrecisionFixDiag]     holder 'Tree00': built, height 600244.637862 m, matrix 600244.637862 m, up 0.000 mm, across 0.000 mm
[RockPrecisionFixDiag]   quad 'Kerbin Zn3010000022': height 600288.746273 m, matrix 600288.746273 m, up 0.000 mm, across 0.000 mm
[RockPrecisionFixDiag]     holder 'Grass00': built, height 600288.746273 m, matrix 600288.746273 m, up 0.000 mm, across 0.000 mm
[RockPrecisionFixDiag]     holder 'Tree00': built, height 600288.746273 m, matrix 600288.746273 m, up 0.000 mm, across 0.000 mm
[RockPrecisionFixDiag]   quad 'Kerbin Zn3010000021': height 600225.876044 m, matrix 600225.876044 m, up 0.000 mm, across 0.000 mm
[RockPrecisionFixDiag]     holder 'Grass00': built, height 600225.876044 m, matrix 600225.876044 m, up 0.000 mm, across 0.000 mm
[RockPrecisionFixDiag]     holder 'Tree00': built, height 600225.876044 m, matrix 600225.876044 m, up 0.000 mm, across 0.000 mm
[RockPrecisionFixDiag]   quad 'Kerbin Zn3010000020': height 600242.273435 m, matrix 600242.273435 m, up 0.000 mm, across 0.000 mm
[RockPrecisionFixDiag]     holder 'Grass00': built, height 600242.273435 m, matrix 600242.273435 m, up 0.000 mm, across 0.000 mm
[RockPrecisionFixDiag]     holder 'Tree00': built, height 600242.273435 m, matrix 600242.273435 m, up 0.000 mm, across 0.000 mm
[RockPrecisionFixDiag]   quad 'Kerbin Zn3010000013': height 600242.615865 m, matrix 600242.615865 m, up 0.000 mm, across 0.000 mm
[RockPrecisionFixDiag]     holder 'Grass00': built, height 600242.615865 m, matrix 600242.615865 m, up 0.000 mm, across 0.000 mm
[RockPrecisionFixDiag]     holder 'Tree00': built, height 600242.615865 m, matrix 600242.615865 m, up 0.000 mm, across 0.000 mm
[RockPrecisionFixDiag]   quad 'Kerbin Zn3010000012': height 600273.375118 m, matrix 600273.375118 m, up 0.000 mm, across 0.000 mm
[RockPrecisionFixDiag]     holder 'Grass00': built, height 600273.375118 m, matrix 600273.375118 m, up 0.000 mm, across 0.000 mm
[RockPrecisionFixDiag]     holder 'Tree00': built, height 600273.375118 m, matrix 600273.375118 m, up 0.000 mm, across 0.000 mm
[RockPrecisionFixDiag]   quad 'Kerbin Zn3010000011': height 600220.717745 m, matrix 600220.717745 m, up 0.000 mm, across 0.000 mm
[RockPrecisionFixDiag]     holder 'Grass00': built, height 600220.717745 m, matrix 600220.717745 m, up 0.000 mm, across 0.000 mm
[RockPrecisionFixDiag]     holder 'Tree00': built, height 600220.717745 m, matrix 600220.717745 m, up 0.000 mm, across 0.000 mm
[RockPrecisionFixDiag]   quad 'Kerbin Zn3010000010': height 600189.655117 m, matrix 600189.655117 m, up 0.000 mm, across 0.000 mm
[RockPrecisionFixDiag]     holder 'Grass00': built, height 600189.655117 m, matrix 600189.655117 m, up 0.000 mm, across 0.000 mm
[RockPrecisionFixDiag]     holder 'Tree00': built, height 600189.655117 m, matrix 600189.655117 m, up 0.000 mm, across 0.000 mm
[RockPrecisionFixDiag]   quad 'Kerbin Zn3010000003': height 600238.468198 m, matrix 600238.468198 m, up 0.000 mm, across 0.000 mm
[RockPrecisionFixDiag]     holder 'Grass00': built, height 600238.468198 m, matrix 600238.468198 m, up 0.000 mm, across 0.000 mm
[RockPrecisionFixDiag]     holder 'Tree00': built, height 600238.468198 m, matrix 600238.468198 m, up 0.000 mm, across 0.000 mm
[RockPrecisionFixDiag]   quad 'Kerbin Zn3010000002': height 600219.460159 m, matrix 600219.460159 m, up 0.000 mm, across 0.000 mm
[RockPrecisionFixDiag]     holder 'Grass00': built, height 600219.460159 m, matrix 600219.460159 m, up 0.000 mm, across 0.000 mm
[RockPrecisionFixDiag]     holder 'Tree00': built, height 600219.460159 m, matrix 600219.460159 m, up 0.000 mm, across 0.000 mm
[RockPrecisionFixDiag]   quad 'Kerbin Zn3010000001': height 600248.200734 m, matrix 600248.200734 m, up 0.000 mm, across 0.000 mm
[RockPrecisionFixDiag]     holder 'Grass00': built, height 600248.200734 m, matrix 600248.200734 m, up 0.000 mm, across 0.000 mm
[RockPrecisionFixDiag]     holder 'Tree00': built, height 600248.200734 m, matrix 600248.200734 m, up 0.000 mm, across 0.000 mm
[RockPrecisionFixDiag]   quad 'Kerbin Zn3010000000': height 600249.582896 m, matrix 600249.582896 m, up 0.000 mm, across 0.000 mm
[RockPrecisionFixDiag]     holder 'Grass00': built, height 600249.582896 m, matrix 600249.582896 m, up 0.000 mm, across 0.000 mm
[RockPrecisionFixDiag]     holder 'Tree00': built, height 600249.582896 m, matrix 600249.582896 m, up 0.000 mm, across 0.000 mm
[RockPrecisionFixDiag]   quad 'Kerbin Zn1232222322': height 600241.011651 m, matrix 600241.011651 m, up 0.000 mm, across 0.000 mm
[RockPrecisionFixDiag]     holder 'Grass00': built, height 600241.011651 m, matrix 600241.011651 m, up 0.000 mm, across 0.000 mm
[RockPrecisionFixDiag]     holder 'Tree00': built, height 600241.011651 m, matrix 600241.011651 m, up 0.000 mm, across 0.000 mm
[RockPrecisionFixDiag]   quad 'Kerbin Zn1232222320': height 600203.253136 m, matrix 600203.253136 m, up 0.000 mm, across 0.000 mm
[RockPrecisionFixDiag]     holder 'Grass00': built, height 600203.253136 m, matrix 600203.253136 m, up 0.000 mm, across 0.000 mm
[RockPrecisionFixDiag]     holder 'Tree00': built, height 600203.253136 m, matrix 600203.253136 m, up 0.000 mm, across 0.000 mm
[RockPrecisionFixDiag]   quad 'Kerbin Zn1232222302': height 600210.795175 m, matrix 600210.795175 m, up 0.000 mm, across 0.000 mm
[RockPrecisionFixDiag]     holder 'Grass00': built, height 600210.795175 m, matrix 600210.795175 m, up 0.000 mm, across 0.000 mm
[RockPrecisionFixDiag]     holder 'Tree00': built, height 600210.795175 m, matrix 600210.795175 m, up 0.000 mm, across 0.000 mm
[RockPrecisionFixDiag]   quad 'Kerbin Zn1232222300': height 600210.992598 m, matrix 600210.992598 m, up 0.000 mm, across 0.000 mm
[RockPrecisionFixDiag]     holder 'Grass00': built, height 600210.992598 m, matrix 600210.992598 m, up 0.000 mm, across 0.000 mm
[RockPrecisionFixDiag]     holder 'Tree00': built, height 600210.992598 m, matrix 600210.992598 m, up 0.000 mm, across 0.000 mm
[RockPrecisionFixDiag]   quad 'Kerbin Zn1232222233': height 600173.701587 m, matrix 600173.701587 m, up 0.000 mm, across 0.000 mm
[RockPrecisionFixDiag]     holder 'Grass00': built, height 600173.701587 m, matrix 600173.701587 m, up 0.000 mm, across 0.000 mm
[RockPrecisionFixDiag]     holder 'Tree00': built, height 600173.701587 m, matrix 600173.701587 m, up 0.000 mm, across 0.000 mm
[RockPrecisionFixDiag]   quad 'Kerbin Zn1232222232': height 600186.581166 m, matrix 600186.581166 m, up 0.000 mm, across 0.000 mm
[RockPrecisionFixDiag]     holder 'Grass00': built, height 600186.581166 m, matrix 600186.581166 m, up 0.000 mm, across 0.000 mm
[RockPrecisionFixDiag]     holder 'Tree00': built, height 600186.581166 m, matrix 600186.581166 m, up 0.000 mm, across 0.000 mm
[RockPrecisionFixDiag]   quad 'Kerbin Zn1232222231': height 600177.289361 m, matrix 600177.289361 m, up 0.000 mm, across 0.000 mm
[RockPrecisionFixDiag]     holder 'Grass00': built, height 600177.289361 m, matrix 600177.289361 m, up 0.000 mm, across 0.000 mm
[RockPrecisionFixDiag]     holder 'Tree00': built, height 600177.289361 m, matrix 600177.289361 m, up 0.000 mm, across 0.000 mm
[RockPrecisionFixDiag]   quad 'Kerbin Zn1232222230': height 600176.853627 m, matrix 600176.853627 m, up 0.000 mm, across 0.000 mm
[RockPrecisionFixDiag]     holder 'Grass00': built, height 600176.853627 m, matrix 600176.853627 m, up 0.000 mm, across 0.000 mm
[RockPrecisionFixDiag]     holder 'Tree00': built, height 600176.853627 m, matrix 600176.853627 m, up 0.000 mm, across 0.000 mm
[RockPrecisionFixDiag]   rock 'Kerbin Zn3010000130' 'Grass00' #0 vertex 0: ground 600188.739626 m, vertex 600188.295370 m, -444.256 mm above the ground
[RockPrecisionFixDiag]   rock 'Kerbin Zn3010000130' 'Grass00' #0 vertex 1: ground 600188.630188 m, vertex 600188.295888 m, -334.299 mm above the ground
[RockPrecisionFixDiag]   rock 'Kerbin Zn3010000130' 'Grass00' #0 vertex 2: ground 600188.739689 m, vertex 600189.661591 m, +921.901 mm above the ground
[RockPrecisionFixDiag]   rock 'Kerbin Zn3010000130' 'Grass00' #0 vertex 3: ground 600188.630245 m, vertex 600189.662109 m, +1031.864 mm above the ground
[RockPrecisionFixDiag]   rock 'Kerbin Zn3010000130' 'Grass00' #0 vertex 4: ground 600188.739626 m, vertex 600188.295370 m, -444.256 mm above the ground
[RockPrecisionFixDiag]   rock 'Kerbin Zn3010000130' 'Grass00' #0 vertex 5: ground 600188.630188 m, vertex 600188.295888 m, -334.299 mm above the ground
[RockPrecisionFixDiag]   rock 'Kerbin Zn3010000130' 'Grass00' #0 vertex 6: ground 600188.739689 m, vertex 600189.661591 m, +921.901 mm above the ground
[RockPrecisionFixDiag]   rock 'Kerbin Zn3010000130' 'Grass00' #0 vertex 7: ground 600188.630245 m, vertex 600189.662109 m, +1031.864 mm above the ground
[RockPrecisionFixDiag]   rock 'Kerbin Zn3010000130' 'Grass00' #1 vertex 0: ground 600199.881292 m, vertex 600199.631296 m, -249.996 mm above the ground
[RockPrecisionFixDiag]   rock 'Kerbin Zn3010000130' 'Grass00' #1 vertex 1: ground 600199.761157 m, vertex 600199.631451 m, -129.706 mm above the ground
[RockPrecisionFixDiag]   rock 'Kerbin Zn3010000130' 'Grass00' #1 vertex 2: ground 600199.881265 m, vertex 600201.219889 m, +1338.624 mm above the ground
[RockPrecisionFixDiag]   rock 'Kerbin Zn3010000130' 'Grass00' #1 vertex 3: ground 600199.761146 m, vertex 600201.220045 m, +1458.899 mm above the ground
[RockPrecisionFixDiag]   rock 'Kerbin Zn3010000130' 'Grass00' #1 vertex 4: ground 600199.881292 m, vertex 600199.631296 m, -249.996 mm above the ground
[RockPrecisionFixDiag]   rock 'Kerbin Zn3010000130' 'Grass00' #1 vertex 5: ground 600199.761157 m, vertex 600199.631451 m, -129.706 mm above the ground
[RockPrecisionFixDiag]   rock 'Kerbin Zn3010000130' 'Grass00' #1 vertex 6: ground 600199.881265 m, vertex 600201.219889 m, +1338.624 mm above the ground
[RockPrecisionFixDiag]   rock 'Kerbin Zn3010000130' 'Grass00' #1 vertex 7: ground 600199.761146 m, vertex 600201.220045 m, +1458.899 mm above the ground
[RockPrecisionFixDiag]   rock 'Kerbin Zn3010000130' 'Grass00' #2 vertex 0: ground 600187.167662 m, vertex 600186.917662 m, -250.001 mm above the ground
[RockPrecisionFixDiag]   rock 'Kerbin Zn3010000130' 'Grass00' #2 vertex 1: ground 600187.148671 m, vertex 600186.918333 m, -230.338 mm above the ground
[RockPrecisionFixDiag]   rock 'Kerbin Zn3010000130' 'Grass00' #2 vertex 2: ground 600187.167664 m, vertex 600187.965615 m, +797.951 mm above the ground
[RockPrecisionFixDiag]   rock 'Kerbin Zn3010000130' 'Grass00' #2 vertex 3: ground 600187.148660 m, vertex 600187.966277 m, +817.618 mm above the ground
[RockPrecisionFixDiag]   rock 'Kerbin Zn3010000130' 'Grass00' #2 vertex 4: ground 600187.167662 m, vertex 600186.917662 m, -250.001 mm above the ground
[RockPrecisionFixDiag]   rock 'Kerbin Zn3010000130' 'Grass00' #2 vertex 5: ground 600187.148671 m, vertex 600186.918333 m, -230.338 mm above the ground
[RockPrecisionFixDiag]   rock 'Kerbin Zn3010000130' 'Grass00' #2 vertex 6: ground 600187.167664 m, vertex 600187.965615 m, +797.951 mm above the ground
[RockPrecisionFixDiag]   rock 'Kerbin Zn3010000130' 'Grass00' #2 vertex 7: ground 600187.148660 m, vertex 600187.966277 m, +817.618 mm above the ground
[RockPrecisionFixDiag]   rock 'Kerbin Zn3010000130' 'Grass00' #3 vertex 0: ground 600199.185194 m, vertex 600198.935164 m, -250.030 mm above the ground
[RockPrecisionFixDiag]   rock 'Kerbin Zn3010000130' 'Grass00' #3 vertex 1: ground 600199.140364 m, vertex 600198.936248 m, -204.116 mm above the ground
[RockPrecisionFixDiag]   rock 'Kerbin Zn3010000130' 'Grass00' #3 vertex 2: ground 600199.185247 m, vertex 600200.552380 m, +1367.134 mm above the ground
[RockPrecisionFixDiag]   rock 'Kerbin Zn3010000130' 'Grass00' #3 vertex 3: ground 600199.140393 m, vertex 600200.553464 m, +1413.071 mm above the ground
[RockPrecisionFixDiag]   rock 'Kerbin Zn3010000130' 'Grass00' #3 vertex 4: ground 600199.185194 m, vertex 600198.935164 m, -250.030 mm above the ground
[RockPrecisionFixDiag]   rock 'Kerbin Zn3010000130' 'Grass00' #3 vertex 5: ground 600199.140364 m, vertex 600198.936248 m, -204.116 mm above the ground
[RockPrecisionFixDiag]   rock 'Kerbin Zn3010000130' 'Grass00' #3 vertex 6: ground 600199.185247 m, vertex 600200.552380 m, +1367.134 mm above the ground
[RockPrecisionFixDiag]   rock 'Kerbin Zn3010000130' 'Grass00' #3 vertex 7: ground 600199.140393 m, vertex 600200.553464 m, +1413.071 mm above the ground
[RockPrecisionFixDiag]   rock 'Kerbin Zn3010000130' 'Grass00' #4 vertex 0: ground 600203.891088 m, vertex 600203.672786 m, -218.302 mm above the ground
[RockPrecisionFixDiag]   rock 'Kerbin Zn3010000130' 'Grass00' #4 vertex 1: ground 600203.879157 m, vertex 600203.672339 m, -206.818 mm above the ground
[RockPrecisionFixDiag]   rock 'Kerbin Zn3010000130' 'Grass00' #4 vertex 2: ground 600203.891114 m, vertex 600204.854380 m, +963.266 mm above the ground
[RockPrecisionFixDiag]   rock 'Kerbin Zn3010000130' 'Grass00' #4 vertex 3: ground 600203.879207 m, vertex 600204.853930 m, +974.723 mm above the ground
[RockPrecisionFixDiag]   rock 'Kerbin Zn3010000130' 'Grass00' #4 vertex 4: ground 600203.891088 m, vertex 600203.672786 m, -218.302 mm above the ground
[RockPrecisionFixDiag]   rock 'Kerbin Zn3010000130' 'Grass00' #4 vertex 5: ground 600203.879157 m, vertex 600203.672339 m, -206.818 mm above the ground
[RockPrecisionFixDiag]   rock 'Kerbin Zn3010000130' 'Grass00' #4 vertex 6: ground 600203.891114 m, vertex 600204.854380 m, +963.266 mm above the ground
[RockPrecisionFixDiag]   rock 'Kerbin Zn3010000130' 'Grass00' #4 vertex 7: ground 600203.879207 m, vertex 600204.853930 m, +974.723 mm above the ground
[RockPrecisionFixDiag]   rock 'Kerbin Zn3010000130' 'Grass00' #5 vertex 0: ground 600188.373283 m, vertex 600187.985821 m, -387.462 mm above the ground
[RockPrecisionFixDiag]   rock 'Kerbin Zn3010000130' 'Grass00' #5 vertex 1: ground 600188.374092 m, vertex 600187.985871 m, -388.221 mm above the ground
[RockPrecisionFixDiag]   rock 'Kerbin Zn3010000130' 'Grass00' #5 vertex 2: ground 600188.373264 m, vertex 600189.868032 m, +1494.768 mm above the ground
[RockPrecisionFixDiag]   rock 'Kerbin Zn3010000130' 'Grass00' #5 vertex 3: ground 600188.374075 m, vertex 600189.868083 m, +1494.007 mm above the ground
[RockPrecisionFixDiag]   rock 'Kerbin Zn3010000130' 'Grass00' #5 vertex 4: ground 600188.373283 m, vertex 600187.985821 m, -387.462 mm above the ground
[RockPrecisionFixDiag]   rock 'Kerbin Zn3010000130' 'Grass00' #5 vertex 5: ground 600188.374092 m, vertex 600187.985871 m, -388.221 mm above the ground
[RockPrecisionFixDiag]   rock 'Kerbin Zn3010000130' 'Grass00' #5 vertex 6: ground 600188.373264 m, vertex 600189.868032 m, +1494.768 mm above the ground
[RockPrecisionFixDiag]   rock 'Kerbin Zn3010000130' 'Grass00' #5 vertex 7: ground 600188.374075 m, vertex 600189.868083 m, +1494.007 mm above the ground
[RockPrecisionFixDiag]   rock 'Kerbin Zn3010000130' 'Grass00' #6 vertex 0: ground 600195.665143 m, vertex 600195.415127 m, -250.015 mm above the ground
[RockPrecisionFixDiag]   rock 'Kerbin Zn3010000130' 'Grass00' #6 vertex 1: ground 600195.638026 m, vertex 600195.416611 m, -221.416 mm above the ground
[RockPrecisionFixDiag]   rock 'Kerbin Zn3010000130' 'Grass00' #6 vertex 2: ground 600195.665159 m, vertex 600197.176411 m, +1511.253 mm above the ground
[RockPrecisionFixDiag]   rock 'Kerbin Zn3010000130' 'Grass00' #6 vertex 3: ground 600195.638039 m, vertex 600197.177851 m, +1539.813 mm above the ground
[RockPrecisionFixDiag]   rock 'Kerbin Zn3010000130' 'Grass00' #6 vertex 4: ground 600195.665143 m, vertex 600195.415127 m, -250.015 mm above the ground
[RockPrecisionFixDiag]   rock 'Kerbin Zn3010000130' 'Grass00' #6 vertex 5: ground 600195.638026 m, vertex 600195.416611 m, -221.416 mm above the ground
[RockPrecisionFixDiag]   rock 'Kerbin Zn3010000130' 'Grass00' #6 vertex 6: ground 600195.665159 m, vertex 600197.176411 m, +1511.253 mm above the ground
[RockPrecisionFixDiag]   rock 'Kerbin Zn3010000130' 'Grass00' #6 vertex 7: ground 600195.638039 m, vertex 600197.177851 m, +1539.813 mm above the ground
[RockPrecisionFixDiag]   rock 'Kerbin Zn3010000130' 'Grass00' #7 vertex 0: ground 600190.627536 m, vertex 600189.571769 m, -1055.767 mm above the ground
[RockPrecisionFixDiag]   rock 'Kerbin Zn3010000130' 'Grass00' #7 vertex 1: ground 600190.619126 m, vertex 600189.572110 m, -1047.016 mm above the ground
[RockPrecisionFixDiag]   rock 'Kerbin Zn3010000130' 'Grass00' #7 vertex 2: ground 600190.627544 m, vertex 600190.588387 m, -39.157 mm above the ground
[RockPrecisionFixDiag]   rock 'Kerbin Zn3010000130' 'Grass00' #7 vertex 3: ground 600190.619122 m, vertex 600190.588732 m, -30.390 mm above the ground
[RockPrecisionFixDiag]   rock 'Kerbin Zn3010000130' 'Grass00' #7 vertex 4: ground 600190.627536 m, vertex 600189.571769 m, -1055.767 mm above the ground
[RockPrecisionFixDiag]   rock 'Kerbin Zn3010000130' 'Grass00' #7 vertex 5: ground 600190.619126 m, vertex 600189.572110 m, -1047.016 mm above the ground
[RockPrecisionFixDiag]   rock 'Kerbin Zn3010000130' 'Grass00' #7 vertex 6: ground 600190.627544 m, vertex 600190.588387 m, -39.157 mm above the ground
[RockPrecisionFixDiag]   rock 'Kerbin Zn3010000130' 'Grass00' #7 vertex 7: ground 600190.619122 m, vertex 600190.588732 m, -30.390 mm above the ground
[RockPrecisionFixDiag]   rock 'Kerbin Zn3010000130' 'Grass00' #8 vertex 0: ground 600196.443684 m, vertex 600196.193686 m, -249.998 mm above the ground
[RockPrecisionFixDiag]   rock 'Kerbin Zn3010000130' 'Grass00' #8 vertex 1: ground 600196.368185 m, vertex 600196.193444 m, -174.740 mm above the ground
[RockPrecisionFixDiag]   rock 'Kerbin Zn3010000130' 'Grass00' #8 vertex 2: ground 600196.443633 m, vertex 600197.623620 m, +1179.987 mm above the ground
[RockPrecisionFixDiag]   rock 'Kerbin Zn3010000130' 'Grass00' #8 vertex 3: ground 600196.368125 m, vertex 600197.623378 m, +1255.253 mm above the ground
[RockPrecisionFixDiag]   rock 'Kerbin Zn3010000130' 'Grass00' #8 vertex 4: ground 600196.443684 m, vertex 600196.193686 m, -249.998 mm above the ground
[RockPrecisionFixDiag]   rock 'Kerbin Zn3010000130' 'Grass00' #8 vertex 5: ground 600196.368185 m, vertex 600196.193444 m, -174.740 mm above the ground
[RockPrecisionFixDiag]   rock 'Kerbin Zn3010000130' 'Grass00' #8 vertex 6: ground 600196.443633 m, vertex 600197.623620 m, +1179.987 mm above the ground
[RockPrecisionFixDiag]   rock 'Kerbin Zn3010000130' 'Grass00' #8 vertex 7: ground 600196.368125 m, vertex 600197.623378 m, +1255.253 mm above the ground
[RockPrecisionFixDiag]   rock 'Kerbin Zn3010000130' 'Grass00' #9 vertex 0: ground 600202.461411 m, vertex 600202.211429 m, -249.982 mm above the ground
[RockPrecisionFixDiag]   rock 'Kerbin Zn3010000130' 'Grass00' #9 vertex 1: ground 600202.365789 m, vertex 600202.210722 m, -155.067 mm above the ground
[RockPrecisionFixDiag]   rock 'Kerbin Zn3010000130' 'Grass00' #9 vertex 2: ground 600202.461393 m, vertex 600204.075048 m, +1613.655 mm above the ground
[RockPrecisionFixDiag]   rock 'Kerbin Zn3010000130' 'Grass00' #9 vertex 3: ground 600202.365797 m, vertex 600204.074318 m, +1708.521 mm above the ground
[RockPrecisionFixDiag]   rock 'Kerbin Zn3010000130' 'Grass00' #9 vertex 4: ground 600202.461411 m, vertex 600202.211429 m, -249.982 mm above the ground
[RockPrecisionFixDiag]   rock 'Kerbin Zn3010000130' 'Grass00' #9 vertex 5: ground 600202.365789 m, vertex 600202.210722 m, -155.067 mm above the ground
[RockPrecisionFixDiag]   rock 'Kerbin Zn3010000130' 'Grass00' #9 vertex 6: ground 600202.461393 m, vertex 600204.075048 m, +1613.655 mm above the ground
[RockPrecisionFixDiag]   rock 'Kerbin Zn3010000130' 'Grass00' #9 vertex 7: ground 600202.365797 m, vertex 600204.074318 m, +1708.521 mm above the ground
[RockPrecisionFixDiag]   rock 'Kerbin Zn3010000130' 'Grass00' #10 vertex 0: ground 600187.187798 m, vertex 600187.214760 m, +26.962 mm above the ground
[RockPrecisionFixDiag]   rock 'Kerbin Zn3010000130' 'Grass00' #10 vertex 1: ground 600187.152501 m, vertex 600187.214617 m, +62.116 mm above the ground
[RockPrecisionFixDiag]   rock 'Kerbin Zn3010000130' 'Grass00' #10 vertex 2: ground 600187.187784 m, vertex 600188.818089 m, +1630.306 mm above the ground
[RockPrecisionFixDiag]   rock 'Kerbin Zn3010000130' 'Grass00' #10 vertex 3: ground 600187.152487 m, vertex 600188.817952 m, +1665.465 mm above the ground
[RockPrecisionFixDiag]   rock 'Kerbin Zn3010000130' 'Grass00' #10 vertex 4: ground 600187.187798 m, vertex 600187.214760 m, +26.962 mm above the ground
[RockPrecisionFixDiag]   rock 'Kerbin Zn3010000130' 'Grass00' #10 vertex 5: ground 600187.152501 m, vertex 600187.214617 m, +62.116 mm above the ground
[RockPrecisionFixDiag]   rock 'Kerbin Zn3010000130' 'Grass00' #10 vertex 6: ground 600187.187784 m, vertex 600188.818089 m, +1630.306 mm above the ground
[RockPrecisionFixDiag]   rock 'Kerbin Zn3010000130' 'Grass00' #10 vertex 7: ground 600187.152487 m, vertex 600188.817952 m, +1665.465 mm above the ground
[RockPrecisionFixDiag]   rock 'Kerbin Zn3010000130' 'Grass00' #11 vertex 0: ground 600191.840074 m, vertex 600191.590069 m, -250.005 mm above the ground
[RockPrecisionFixDiag]   rock 'Kerbin Zn3010000130' 'Grass00' #11 vertex 1: ground 600191.756652 m, vertex 600191.590574 m, -166.078 mm above the ground
[RockPrecisionFixDiag]   rock 'Kerbin Zn3010000130' 'Grass00' #11 vertex 2: ground 600191.840098 m, vertex 600192.695018 m, +854.920 mm above the ground
[RockPrecisionFixDiag]   rock 'Kerbin Zn3010000130' 'Grass00' #11 vertex 3: ground 600191.756676 m, vertex 600192.695523 m, +938.846 mm above the ground
[RockPrecisionFixDiag]   rock 'Kerbin Zn3010000130' 'Grass00' #11 vertex 4: ground 600191.840074 m, vertex 600191.590069 m, -250.005 mm above the ground
[RockPrecisionFixDiag]   rock 'Kerbin Zn3010000130' 'Grass00' #11 vertex 5: ground 600191.756652 m, vertex 600191.590574 m, -166.078 mm above the ground
[RockPrecisionFixDiag]   rock 'Kerbin Zn3010000130' 'Grass00' #11 vertex 6: ground 600191.840098 m, vertex 600192.695018 m, +854.920 mm above the ground
[RockPrecisionFixDiag]   rock 'Kerbin Zn3010000130' 'Grass00' #11 vertex 7: ground 600191.756676 m, vertex 600192.695523 m, +938.846 mm above the ground
[RockPrecisionFixDiag]   rock 'Kerbin Zn3010000130' 'Grass00' #12 vertex 0: ground 600186.701515 m, vertex 600186.451504 m, -250.010 mm above the ground
[RockPrecisionFixDiag]   rock 'Kerbin Zn3010000130' 'Grass00' #12 vertex 1: ground 600186.749829 m, vertex 600186.452480 m, -297.349 mm above the ground
[RockPrecisionFixDiag]   rock 'Kerbin Zn3010000130' 'Grass00' #12 vertex 2: ground 600186.701517 m, vertex 600188.301933 m, +1600.416 mm above the ground
[RockPrecisionFixDiag]   rock 'Kerbin Zn3010000130' 'Grass00' #12 vertex 3: ground 600186.749825 m, vertex 600188.302920 m, +1553.095 mm above the ground
[RockPrecisionFixDiag]   rock 'Kerbin Zn3010000130' 'Grass00' #12 vertex 4: ground 600186.701515 m, vertex 600186.451504 m, -250.010 mm above the ground
[RockPrecisionFixDiag]   rock 'Kerbin Zn3010000130' 'Grass00' #12 vertex 5: ground 600186.749829 m, vertex 600186.452480 m, -297.349 mm above the ground
[RockPrecisionFixDiag]   rock 'Kerbin Zn3010000130' 'Grass00' #12 vertex 6: ground 600186.701517 m, vertex 600188.301933 m, +1600.416 mm above the ground
[RockPrecisionFixDiag]   rock 'Kerbin Zn3010000130' 'Grass00' #12 vertex 7: ground 600186.749825 m, vertex 600188.302920 m, +1553.095 mm above the ground
[RockPrecisionFixDiag]   rock 'Kerbin Zn3010000130' 'Grass00' #13 vertex 0: ground 600187.095671 m, vertex 600186.845670 m, -250.000 mm above the ground
[RockPrecisionFixDiag]   rock 'Kerbin Zn3010000130' 'Grass00' #13 vertex 1: ground 600187.056738 m, vertex 600186.845534 m, -211.204 mm above the ground
[RockPrecisionFixDiag]   rock 'Kerbin Zn3010000130' 'Grass00' #13 vertex 2: ground 600187.095680 m, vertex 600188.455981 m, +1360.301 mm above the ground
[RockPrecisionFixDiag]   rock 'Kerbin Zn3010000130' 'Grass00' #13 vertex 3: ground 600187.056746 m, vertex 600188.455844 m, +1399.098 mm above the ground
[RockPrecisionFixDiag]   rock 'Kerbin Zn3010000130' 'Grass00' #13 vertex 4: ground 600187.095671 m, vertex 600186.845670 m, -250.000 mm above the ground
[RockPrecisionFixDiag]   rock 'Kerbin Zn3010000130' 'Grass00' #13 vertex 5: ground 600187.056738 m, vertex 600186.845534 m, -211.204 mm above the ground
[RockPrecisionFixDiag]   rock 'Kerbin Zn3010000130' 'Grass00' #13 vertex 6: ground 600187.095680 m, vertex 600188.455981 m, +1360.301 mm above the ground
[RockPrecisionFixDiag]   rock 'Kerbin Zn3010000130' 'Grass00' #13 vertex 7: ground 600187.056746 m, vertex 600188.455844 m, +1399.098 mm above the ground
[RockPrecisionFixDiag]   rock 'Kerbin Zn3010000130' 'Grass00' #14 vertex 0: ground 600193.577206 m, vertex 600193.080481 m, -496.726 mm above the ground
[RockPrecisionFixDiag]   rock 'Kerbin Zn3010000130' 'Grass00' #14 vertex 1: ground 600193.668712 m, vertex 600193.080473 m, -588.238 mm above the ground
[RockPrecisionFixDiag]   rock 'Kerbin Zn3010000130' 'Grass00' #14 vertex 2: ground 600193.577169 m, vertex 600194.681965 m, +1104.797 mm above the ground
[RockPrecisionFixDiag]   rock 'Kerbin Zn3010000130' 'Grass00' #14 vertex 3: ground 600193.668671 m, vertex 600194.681958 m, +1013.287 mm above the ground
[RockPrecisionFixDiag]   rock 'Kerbin Zn3010000130' 'Grass00' #14 vertex 4: ground 600193.577206 m, vertex 600193.080481 m, -496.726 mm above the ground
[RockPrecisionFixDiag]   rock 'Kerbin Zn3010000130' 'Grass00' #14 vertex 5: ground 600193.668712 m, vertex 600193.080473 m, -588.238 mm above the ground
[RockPrecisionFixDiag]   rock 'Kerbin Zn3010000130' 'Grass00' #14 vertex 6: ground 600193.577169 m, vertex 600194.681965 m, +1104.797 mm above the ground
[RockPrecisionFixDiag]   rock 'Kerbin Zn3010000130' 'Grass00' #14 vertex 7: ground 600193.668671 m, vertex 600194.681958 m, +1013.287 mm above the ground
[RockPrecisionFixDiag]   rock 'Kerbin Zn3010000130' 'Grass00' #15 vertex 0: ground 600195.813512 m, vertex 600195.563522 m, -249.990 mm above the ground
[RockPrecisionFixDiag]   rock 'Kerbin Zn3010000130' 'Grass00' #15 vertex 1: ground 600195.856624 m, vertex 600195.562145 m, -294.479 mm above the ground
[RockPrecisionFixDiag]   rock 'Kerbin Zn3010000130' 'Grass00' #15 vertex 2: ground 600195.813540 m, vertex 600197.300397 m, +1486.857 mm above the ground
[RockPrecisionFixDiag]   rock 'Kerbin Zn3010000130' 'Grass00' #15 vertex 3: ground 600195.856682 m, vertex 600197.299020 m, +1442.338 mm above the ground
[RockPrecisionFixDiag]   rock 'Kerbin Zn3010000130' 'Grass00' #15 vertex 4: ground 600195.813512 m, vertex 600195.563522 m, -249.990 mm above the ground
[RockPrecisionFixDiag]   rock 'Kerbin Zn3010000130' 'Grass00' #15 vertex 5: ground 600195.856624 m, vertex 600195.562145 m, -294.479 mm above the ground
[RockPrecisionFixDiag]   rock 'Kerbin Zn3010000130' 'Grass00' #15 vertex 6: ground 600195.813540 m, vertex 600197.300397 m, +1486.857 mm above the ground
[RockPrecisionFixDiag]   rock 'Kerbin Zn3010000130' 'Grass00' #15 vertex 7: ground 600195.856682 m, vertex 600197.299020 m, +1442.338 mm above the ground
[RockPrecisionFixDiag]   rock 'Kerbin Zn3010000130' 'Grass00' #16 vertex 0: ground 600204.233249 m, vertex 600203.983241 m, -250.008 mm above the ground
[RockPrecisionFixDiag]   rock 'Kerbin Zn3010000130' 'Grass00' #16 vertex 1: ground 600204.261083 m, vertex 600203.982754 m, -278.328 mm above the ground
[RockPrecisionFixDiag]   rock 'Kerbin Zn3010000130' 'Grass00' #16 vertex 2: ground 600204.233272 m, vertex 600205.436006 m, +1202.733 mm above the ground
[RockPrecisionFixDiag]   rock 'Kerbin Zn3010000130' 'Grass00' #16 vertex 3: ground 600204.261104 m, vertex 600205.435508 m, +1174.403 mm above the ground
[RockPrecisionFixDiag]   rock 'Kerbin Zn3010000130' 'Grass00' #16 vertex 4: ground 600204.233249 m, vertex 600203.983241 m, -250.008 mm above the ground
[RockPrecisionFixDiag]   rock 'Kerbin Zn3010000130' 'Grass00' #16 vertex 5: ground 600204.261083 m, vertex 600203.982754 m, -278.328 mm above the ground
[RockPrecisionFixDiag]   rock 'Kerbin Zn3010000130' 'Grass00' #16 vertex 6: ground 600204.233272 m, vertex 600205.436006 m, +1202.733 mm above the ground
[RockPrecisionFixDiag]   rock 'Kerbin Zn3010000130' 'Grass00' #16 vertex 7: ground 600204.261104 m, vertex 600205.435508 m, +1174.403 mm above the ground
[RockPrecisionFixDiag]   rock 'Kerbin Zn3010000130' 'Grass00' #17 vertex 0: ground 600197.575128 m, vertex 600197.325105 m, -250.023 mm above the ground
[RockPrecisionFixDiag]   rock 'Kerbin Zn3010000130' 'Grass00' #17 vertex 1: ground 600197.572072 m, vertex 600197.323522 m, -248.550 mm above the ground
[RockPrecisionFixDiag]   rock 'Kerbin Zn3010000130' 'Grass00' #17 vertex 2: ground 600197.575202 m, vertex 600199.025411 m, +1450.209 mm above the ground
[RockPrecisionFixDiag]   rock 'Kerbin Zn3010000130' 'Grass00' #17 vertex 3: ground 600197.572040 m, vertex 600199.023827 m, +1451.788 mm above the ground
[RockPrecisionFixDiag]   rock 'Kerbin Zn3010000130' 'Grass00' #17 vertex 4: ground 600197.575128 m, vertex 600197.325105 m, -250.023 mm above the ground
[RockPrecisionFixDiag]   rock 'Kerbin Zn3010000130' 'Grass00' #17 vertex 5: ground 600197.572072 m, vertex 600197.323522 m, -248.550 mm above the ground
[RockPrecisionFixDiag]   rock 'Kerbin Zn3010000130' 'Grass00' #17 vertex 6: ground 600197.575202 m, vertex 600199.025411 m, +1450.209 mm above the ground
[RockPrecisionFixDiag]   rock 'Kerbin Zn3010000130' 'Grass00' #17 vertex 7: ground 600197.572040 m, vertex 600199.023827 m, +1451.788 mm above the ground
[RockPrecisionFixDiag]   rock 'Kerbin Zn3010000130' 'Grass00' #18 vertex 0: ground 600192.417358 m, vertex 600193.151427 m, +734.069 mm above the ground
[RockPrecisionFixDiag]   rock 'Kerbin Zn3010000130' 'Grass00' #18 vertex 1: ground 600192.359640 m, vertex 600193.151899 m, +792.259 mm above the ground
[RockPrecisionFixDiag]   rock 'Kerbin Zn3010000130' 'Grass00' #18 vertex 2: ground 600192.417439 m, vertex 600194.642140 m, +2224.701 mm above the ground
[RockPrecisionFixDiag]   rock 'Kerbin Zn3010000130' 'Grass00' #18 vertex 3: ground 600192.359704 m, vertex 600194.642600 m, +2282.896 mm above the ground
[RockPrecisionFixDiag]   rock 'Kerbin Zn3010000130' 'Grass00' #18 vertex 4: ground 600192.417358 m, vertex 600193.151427 m, +734.069 mm above the ground
[RockPrecisionFixDiag]   rock 'Kerbin Zn3010000130' 'Grass00' #18 vertex 5: ground 600192.359640 m, vertex 600193.151899 m, +792.259 mm above the ground
[RockPrecisionFixDiag]   rock 'Kerbin Zn3010000130' 'Grass00' #18 vertex 6: ground 600192.417439 m, vertex 600194.642140 m, +2224.701 mm above the ground
[RockPrecisionFixDiag]   rock 'Kerbin Zn3010000130' 'Grass00' #18 vertex 7: ground 600192.359704 m, vertex 600194.642600 m, +2282.896 mm above the ground
[RockPrecisionFixDiag]   rock 'Kerbin Zn3010000130' 'Grass00' #19 vertex 0: ground 600205.230568 m, vertex 600204.728411 m, -502.157 mm above the ground
[RockPrecisionFixDiag]   rock 'Kerbin Zn3010000130' 'Grass00' #19 vertex 1: ground 600205.142636 m, vertex 600204.728884 m, -413.752 mm above the ground
[RockPrecisionFixDiag]   rock 'Kerbin Zn3010000130' 'Grass00' #19 vertex 2: ground 600205.230646 m, vertex 600206.040555 m, +809.910 mm above the ground
[RockPrecisionFixDiag]   rock 'Kerbin Zn3010000130' 'Grass00' #19 vertex 3: ground 600205.142708 m, vertex 600206.041027 m, +898.319 mm above the ground
[RockPrecisionFixDiag]   rock 'Kerbin Zn3010000130' 'Grass00' #19 vertex 4: ground 600205.230568 m, vertex 600204.728411 m, -502.157 mm above the ground
[RockPrecisionFixDiag]   rock 'Kerbin Zn3010000130' 'Grass00' #19 vertex 5: ground 600205.142636 m, vertex 600204.728884 m, -413.752 mm above the ground
[RockPrecisionFixDiag]   rock 'Kerbin Zn3010000130' 'Grass00' #19 vertex 6: ground 600205.230646 m, vertex 600206.040555 m, +809.910 mm above the ground
[RockPrecisionFixDiag]   rock 'Kerbin Zn3010000130' 'Grass00' #19 vertex 7: ground 600205.142708 m, vertex 600206.041027 m, +898.319 mm above the ground
[RockPrecisionFixDiag]   rock 'Kerbin Zn3010000130' 'Grass00' #20 vertex 0: ground 600201.920241 m, vertex 600201.670237 m, -250.003 mm above the ground
[RockPrecisionFixDiag]   rock 'Kerbin Zn3010000130' 'Grass00' #20 vertex 1: ground 600201.937492 m, vertex 600201.671120 m, -266.372 mm above the ground
[RockPrecisionFixDiag]   rock 'Kerbin Zn3010000130' 'Grass00' #20 vertex 2: ground 600201.920278 m, vertex 600202.760022 m, +839.744 mm above the ground
[RockPrecisionFixDiag]   rock 'Kerbin Zn3010000130' 'Grass00' #20 vertex 3: ground 600201.937486 m, vertex 600202.760892 m, +823.407 mm above the ground
[RockPrecisionFixDiag]   rock 'Kerbin Zn3010000130' 'Grass00' #20 vertex 4: ground 600201.920241 m, vertex 600201.670237 m, -250.003 mm above the ground
[RockPrecisionFixDiag]   rock 'Kerbin Zn3010000130' 'Grass00' #20 vertex 5: ground 600201.937492 m, vertex 600201.671120 m, -266.372 mm above the ground
[RockPrecisionFixDiag]   rock 'Kerbin Zn3010000130' 'Grass00' #20 vertex 6: ground 600201.920278 m, vertex 600202.760022 m, +839.744 mm above the ground
[RockPrecisionFixDiag]   rock 'Kerbin Zn3010000130' 'Grass00' #20 vertex 7: ground 600201.937486 m, vertex 600202.760892 m, +823.407 mm above the ground
[RockPrecisionFixDiag]   rock 'Kerbin Zn3010000130' 'Grass00' #21 vertex 0: ground 600192.747521 m, vertex 600193.317981 m, +570.461 mm above the ground
[RockPrecisionFixDiag]   rock 'Kerbin Zn3010000130' 'Grass00' #21 vertex 1: ground 600192.738068 m, vertex 600193.318260 m, +580.192 mm above the ground
[RockPrecisionFixDiag]   rock 'Kerbin Zn3010000130' 'Grass00' #21 vertex 2: ground 600192.747558 m, vertex 600194.766886 m, +2019.328 mm above the ground
[RockPrecisionFixDiag]   rock 'Kerbin Zn3010000130' 'Grass00' #21 vertex 3: ground 600192.738092 m, vertex 600194.767169 m, +2029.077 mm above the ground
[RockPrecisionFixDiag]   rock 'Kerbin Zn3010000130' 'Grass00' #21 vertex 4: ground 600192.747521 m, vertex 600193.317981 m, +570.461 mm above the ground
[RockPrecisionFixDiag]   rock 'Kerbin Zn3010000130' 'Grass00' #21 vertex 5: ground 600192.738068 m, vertex 600193.318260 m, +580.192 mm above the ground
[RockPrecisionFixDiag]   rock 'Kerbin Zn3010000130' 'Grass00' #21 vertex 6: ground 600192.747558 m, vertex 600194.766886 m, +2019.328 mm above the ground
[RockPrecisionFixDiag]   rock 'Kerbin Zn3010000130' 'Grass00' #21 vertex 7: ground 600192.738092 m, vertex 600194.767169 m, +2029.077 mm above the ground
[RockPrecisionFixDiag]   rock 'Kerbin Zn3010000130' 'Grass00' #22 vertex 0: ground 600191.691056 m, vertex 600191.441047 m, -250.009 mm above the ground
[RockPrecisionFixDiag]   rock 'Kerbin Zn3010000130' 'Grass00' #22 vertex 1: ground 600191.738811 m, vertex 600191.440358 m, -298.453 mm above the ground
[RockPrecisionFixDiag]   rock 'Kerbin Zn3010000130' 'Grass00' #22 vertex 2: ground 600191.691079 m, vertex 600192.849453 m, +1158.374 mm above the ground
[RockPrecisionFixDiag]   rock 'Kerbin Zn3010000130' 'Grass00' #22 vertex 3: ground 600191.738846 m, vertex 600192.848764 m, +1109.918 mm above the ground
[RockPrecisionFixDiag]   rock 'Kerbin Zn3010000130' 'Grass00' #22 vertex 4: ground 600191.691056 m, vertex 600191.441047 m, -250.009 mm above the ground
[RockPrecisionFixDiag]   rock 'Kerbin Zn3010000130' 'Grass00' #22 vertex 5: ground 600191.738811 m, vertex 600191.440358 m, -298.453 mm above the ground
[RockPrecisionFixDiag]   rock 'Kerbin Zn3010000130' 'Grass00' #22 vertex 6: ground 600191.691079 m, vertex 600192.849453 m, +1158.374 mm above the ground
[RockPrecisionFixDiag]   rock 'Kerbin Zn3010000130' 'Grass00' #22 vertex 7: ground 600191.738846 m, vertex 600192.848764 m, +1109.918 mm above the ground
[RockPrecisionFixDiag]   rock 'Kerbin Zn3010000130' 'Grass00' #23 vertex 0: ground 600188.498151 m, vertex 600189.815973 m, +1317.822 mm above the ground
[RockPrecisionFixDiag]   rock 'Kerbin Zn3010000130' 'Grass00' #23 vertex 1: ground 600188.458962 m, vertex 600189.815473 m, +1356.511 mm above the ground
[RockPrecisionFixDiag]   rock 'Kerbin Zn3010000130' 'Grass00' #23 vertex 2: ground 600188.498125 m, vertex 600190.923010 m, +2424.885 mm above the ground
[RockPrecisionFixDiag]   rock 'Kerbin Zn3010000130' 'Grass00' #23 vertex 3: ground 600188.458946 m, vertex 600190.922499 m, +2463.552 mm above the ground
[RockPrecisionFixDiag]   rock 'Kerbin Zn3010000130' 'Grass00' #23 vertex 4: ground 600188.498151 m, vertex 600189.815973 m, +1317.822 mm above the ground
[RockPrecisionFixDiag]   rock 'Kerbin Zn3010000130' 'Grass00' #23 vertex 5: ground 600188.458962 m, vertex 600189.815473 m, +1356.511 mm above the ground
[RockPrecisionFixDiag]   rock 'Kerbin Zn3010000130' 'Grass00' #23 vertex 6: ground 600188.498125 m, vertex 600190.923010 m, +2424.885 mm above the ground
[RockPrecisionFixDiag]   rock 'Kerbin Zn3010000130' 'Grass00' #23 vertex 7: ground 600188.458946 m, vertex 600190.922499 m, +2463.552 mm above the ground
[RockPrecisionFixDiag]   rock 'Kerbin Zn3010000130' 'Grass00' #24 vertex 0: ground 600198.778618 m, vertex 600198.301591 m, -477.028 mm above the ground
[RockPrecisionFixDiag]   rock 'Kerbin Zn3010000130' 'Grass00' #24 vertex 1: ground 600198.797097 m, vertex 600198.301442 m, -495.655 mm above the ground
[RockPrecisionFixDiag]   rock 'Kerbin Zn3010000130' 'Grass00' #24 vertex 2: ground 600198.778601 m, vertex 600199.472353 m, +693.752 mm above the ground
[RockPrecisionFixDiag]   rock 'Kerbin Zn3010000130' 'Grass00' #24 vertex 3: ground 600198.797083 m, vertex 600199.472216 m, +675.133 mm above the ground
[RockPrecisionFixDiag]   rock 'Kerbin Zn3010000130' 'Grass00' #24 vertex 4: ground 600198.778618 m, vertex 600198.301591 m, -477.028 mm above the ground
[RockPrecisionFixDiag]   rock 'Kerbin Zn3010000130' 'Grass00' #24 vertex 5: ground 600198.797097 m, vertex 600198.301442 m, -495.655 mm above the ground
[RockPrecisionFixDiag]   rock 'Kerbin Zn3010000130' 'Grass00' #24 vertex 6: ground 600198.778601 m, vertex 600199.472353 m, +693.752 mm above the ground
[RockPrecisionFixDiag]   rock 'Kerbin Zn3010000130' 'Grass00' #24 vertex 7: ground 600198.797083 m, vertex 600199.472216 m, +675.133 mm above the ground
[RockPrecisionFixDiag]   rock 'Kerbin Zn3010000130' 'Grass00' #25 vertex 0: ground 600199.581644 m, vertex 600199.331598 m, -250.046 mm above the ground
[RockPrecisionFixDiag]   rock 'Kerbin Zn3010000130' 'Grass00' #25 vertex 1: ground 600199.593750 m, vertex 600199.330782 m, -262.969 mm above the ground
[RockPrecisionFixDiag]   rock 'Kerbin Zn3010000130' 'Grass00' #25 vertex 2: ground 600199.581673 m, vertex 600200.493062 m, +911.390 mm above the ground
[RockPrecisionFixDiag]   rock 'Kerbin Zn3010000130' 'Grass00' #25 vertex 3: ground 600199.593766 m, vertex 600200.492249 m, +898.483 mm above the ground
[RockPrecisionFixDiag]   rock 'Kerbin Zn3010000130' 'Grass00' #25 vertex 4: ground 600199.581644 m, vertex 600199.331598 m, -250.046 mm above the ground
[RockPrecisionFixDiag]   rock 'Kerbin Zn3010000130' 'Grass00' #25 vertex 5: ground 600199.593750 m, vertex 600199.330782 m, -262.969 mm above the ground
[RockPrecisionFixDiag]   rock 'Kerbin Zn3010000130' 'Grass00' #25 vertex 6: ground 600199.581673 m, vertex 600200.493062 m, +911.390 mm above the ground
[RockPrecisionFixDiag]   rock 'Kerbin Zn3010000130' 'Grass00' #25 vertex 7: ground 600199.593766 m, vertex 600200.492249 m, +898.483 mm above the ground
[RockPrecisionFixDiag]   rock 'Kerbin Zn3010000130' 'Grass00' #26 vertex 0: ground 600189.667091 m, vertex 600189.417092 m, -249.999 mm above the ground
[RockPrecisionFixDiag]   rock 'Kerbin Zn3010000130' 'Grass00' #26 vertex 1: ground 600189.679833 m, vertex 600189.417446 m, -262.386 mm above the ground
[RockPrecisionFixDiag]   rock 'Kerbin Zn3010000130' 'Grass00' #26 vertex 2: ground 600189.667083 m, vertex 600191.304901 m, +1637.818 mm above the ground
[RockPrecisionFixDiag]   rock 'Kerbin Zn3010000130' 'Grass00' #26 vertex 3: ground 600189.679820 m, vertex 600191.305259 m, +1625.438 mm above the ground
[RockPrecisionFixDiag]   rock 'Kerbin Zn3010000130' 'Grass00' #26 vertex 4: ground 600189.667091 m, vertex 600189.417092 m, -249.999 mm above the ground
[RockPrecisionFixDiag]   rock 'Kerbin Zn3010000130' 'Grass00' #26 vertex 5: ground 600189.679833 m, vertex 600189.417446 m, -262.386 mm above the ground
[RockPrecisionFixDiag]   rock 'Kerbin Zn3010000130' 'Grass00' #26 vertex 6: ground 600189.667083 m, vertex 600191.304901 m, +1637.818 mm above the ground
[RockPrecisionFixDiag]   rock 'Kerbin Zn3010000130' 'Grass00' #26 vertex 7: ground 600189.679820 m, vertex 600191.305259 m, +1625.438 mm above the ground
[RockPrecisionFixDiag]   rock 'Kerbin Zn3010000130' 'Grass00' #27 vertex 0: ground 600199.782465 m, vertex 600199.532437 m, -250.028 mm above the ground
[RockPrecisionFixDiag]   rock 'Kerbin Zn3010000130' 'Grass00' #27 vertex 1: ground 600199.866056 m, vertex 600199.531771 m, -334.285 mm above the ground
[RockPrecisionFixDiag]   rock 'Kerbin Zn3010000130' 'Grass00' #27 vertex 2: ground 600199.782506 m, vertex 600201.345587 m, +1563.081 mm above the ground
[RockPrecisionFixDiag]   rock 'Kerbin Zn3010000130' 'Grass00' #27 vertex 3: ground 600199.866092 m, vertex 600201.344898 m, +1478.806 mm above the ground
[RockPrecisionFixDiag]   rock 'Kerbin Zn3010000130' 'Grass00' #27 vertex 4: ground 600199.782465 m, vertex 600199.532437 m, -250.028 mm above the ground
[RockPrecisionFixDiag]   rock 'Kerbin Zn3010000130' 'Grass00' #27 vertex 5: ground 600199.866056 m, vertex 600199.531771 m, -334.285 mm above the ground
[RockPrecisionFixDiag]   rock 'Kerbin Zn3010000130' 'Grass00' #27 vertex 6: ground 600199.782506 m, vertex 600201.345587 m, +1563.081 mm above the ground
[RockPrecisionFixDiag]   rock 'Kerbin Zn3010000130' 'Grass00' #27 vertex 7: ground 600199.866092 m, vertex 600201.344898 m, +1478.806 mm above the ground
[RockPrecisionFixDiag]   rock 'Kerbin Zn3010000130' 'Grass00' #28 vertex 0: ground 600199.349771 m, vertex 600199.099776 m, -249.995 mm above the ground
[RockPrecisionFixDiag]   rock 'Kerbin Zn3010000130' 'Grass00' #28 vertex 1: ground 600199.399392 m, vertex 600199.099889 m, -299.503 mm above the ground
[RockPrecisionFixDiag]   rock 'Kerbin Zn3010000130' 'Grass00' #28 vertex 2: ground 600199.349830 m, vertex 600200.991062 m, +1641.233 mm above the ground
[RockPrecisionFixDiag]   rock 'Kerbin Zn3010000130' 'Grass00' #28 vertex 3: ground 600199.399442 m, vertex 600200.991175 m, +1591.733 mm above the ground
[RockPrecisionFixDiag]   rock 'Kerbin Zn3010000130' 'Grass00' #28 vertex 4: ground 600199.349771 m, vertex 600199.099776 m, -249.995 mm above the ground
[RockPrecisionFixDiag]   rock 'Kerbin Zn3010000130' 'Grass00' #28 vertex 5: ground 600199.399392 m, vertex 600199.099889 m, -299.503 mm above the ground
[RockPrecisionFixDiag]   rock 'Kerbin Zn3010000130' 'Grass00' #28 vertex 6: ground 600199.349830 m, vertex 600200.991062 m, +1641.233 mm above the ground
[RockPrecisionFixDiag]   rock 'Kerbin Zn3010000130' 'Grass00' #28 vertex 7: ground 600199.399442 m, vertex 600200.991175 m, +1591.733 mm above the ground
[RockPrecisionFixDiag]   rock 'Kerbin Zn3010000130' 'Grass00' #29 vertex 0: ground 600192.381864 m, vertex 600192.131866 m, -249.999 mm above the ground
[RockPrecisionFixDiag]   rock 'Kerbin Zn3010000130' 'Grass00' #29 vertex 1: ground 600192.341460 m, vertex 600192.132140 m, -209.321 mm above the ground
[RockPrecisionFixDiag]   rock 'Kerbin Zn3010000130' 'Grass00' #29 vertex 2: ground 600192.381908 m, vertex 600193.653170 m, +1271.262 mm above the ground
[RockPrecisionFixDiag]   rock 'Kerbin Zn3010000130' 'Grass00' #29 vertex 3: ground 600192.341472 m, vertex 600193.653444 m, +1311.972 mm above the ground
[RockPrecisionFixDiag]   rock 'Kerbin Zn3010000130' 'Grass00' #29 vertex 4: ground 600192.381864 m, vertex 600192.131866 m, -249.999 mm above the ground
[RockPrecisionFixDiag]   rock 'Kerbin Zn3010000130' 'Grass00' #29 vertex 5: ground 600192.341460 m, vertex 600192.132140 m, -209.321 mm above the ground
[RockPrecisionFixDiag]   rock 'Kerbin Zn3010000130' 'Grass00' #29 vertex 6: ground 600192.381908 m, vertex 600193.653170 m, +1271.262 mm above the ground
[RockPrecisionFixDiag]   rock 'Kerbin Zn3010000130' 'Grass00' #29 vertex 7: ground 600192.341472 m, vertex 600193.653444 m, +1311.972 mm above the ground
[RockPrecisionFixDiag]   rock 'Kerbin Zn3010000130' 'Grass00' #30 vertex 0: ground 600191.294889 m, vertex 600191.044885 m, -250.004 mm above the ground
[RockPrecisionFixDiag]   rock 'Kerbin Zn3010000130' 'Grass00' #30 vertex 1: ground 600191.260420 m, vertex 600191.045211 m, -215.209 mm above the ground
[RockPrecisionFixDiag]   rock 'Kerbin Zn3010000130' 'Grass00' #30 vertex 2: ground 600191.294935 m, vertex 600192.273993 m, +979.059 mm above the ground
[RockPrecisionFixDiag]   rock 'Kerbin Zn3010000130' 'Grass00' #30 vertex 3: ground 600191.260453 m, vertex 600192.274330 m, +1013.877 mm above the ground
[RockPrecisionFixDiag]   rock 'Kerbin Zn3010000130' 'Grass00' #30 vertex 4: ground 600191.294889 m, vertex 600191.044885 m, -250.004 mm above the ground
[RockPrecisionFixDiag]   rock 'Kerbin Zn3010000130' 'Grass00' #30 vertex 5: ground 600191.260420 m, vertex 600191.045211 m, -215.209 mm above the ground
[RockPrecisionFixDiag]   rock 'Kerbin Zn3010000130' 'Grass00' #30 vertex 6: ground 600191.294935 m, vertex 600192.273993 m, +979.059 mm above the ground
[RockPrecisionFixDiag]   rock 'Kerbin Zn3010000130' 'Grass00' #30 vertex 7: ground 600191.260453 m, vertex 600192.274330 m, +1013.877 mm above the ground
[RockPrecisionFixDiag]   rock 'Kerbin Zn3010000130' 'Grass00' #31 vertex 0: ground 600200.969990 m, vertex 600200.719989 m, -250.001 mm above the ground
[RockPrecisionFixDiag]   rock 'Kerbin Zn3010000130' 'Grass00' #31 vertex 1: ground 600201.045065 m, vertex 600200.719230 m, -325.835 mm above the ground
[RockPrecisionFixDiag]   rock 'Kerbin Zn3010000130' 'Grass00' #31 vertex 2: ground 600200.970061 m, vertex 600202.476210 m, +1506.149 mm above the ground
[RockPrecisionFixDiag]   rock 'Kerbin Zn3010000130' 'Grass00' #31 vertex 3: ground 600201.045144 m, vertex 600202.475438 m, +1430.295 mm above the ground
[RockPrecisionFixDiag]   rock 'Kerbin Zn3010000130' 'Grass00' #31 vertex 4: ground 600200.969990 m, vertex 600200.719989 m, -250.001 mm above the ground
[RockPrecisionFixDiag]   rock 'Kerbin Zn3010000130' 'Grass00' #31 vertex 5: ground 600201.045065 m, vertex 600200.719230 m, -325.835 mm above the ground
[RockPrecisionFixDiag]   rock 'Kerbin Zn3010000130' 'Grass00' #31 vertex 6: ground 600200.970061 m, vertex 600202.476210 m, +1506.149 mm above the ground
[RockPrecisionFixDiag]   rock 'Kerbin Zn3010000130' 'Grass00' #31 vertex 7: ground 600201.045144 m, vertex 600202.475438 m, +1430.295 mm above the ground
[RockPrecisionFixDiag]   rock 'Kerbin Zn3010000130' 'Grass00' #32 vertex 0: ground 600193.657806 m, vertex 600193.407804 m, -250.002 mm above the ground
[RockPrecisionFixDiag]   rock 'Kerbin Zn3010000130' 'Grass00' #32 vertex 1: ground 600193.701362 m, vertex 600193.406544 m, -294.819 mm above the ground
[RockPrecisionFixDiag]   rock 'Kerbin Zn3010000130' 'Grass00' #32 vertex 2: ground 600193.657929 m, vertex 600195.074004 m, +1416.075 mm above the ground
[RockPrecisionFixDiag]   rock 'Kerbin Zn3010000130' 'Grass00' #32 vertex 3: ground 600193.701465 m, vertex 600195.072743 m, +1371.278 mm above the ground
[RockPrecisionFixDiag]   rock 'Kerbin Zn3010000130' 'Grass00' #32 vertex 4: ground 600193.657806 m, vertex 600193.407804 m, -250.002 mm above the ground
[RockPrecisionFixDiag]   rock 'Kerbin Zn3010000130' 'Grass00' #32 vertex 5: ground 600193.701362 m, vertex 600193.406544 m, -294.819 mm above the ground
[RockPrecisionFixDiag]   rock 'Kerbin Zn3010000130' 'Grass00' #32 vertex 6: ground 600193.657929 m, vertex 600195.074004 m, +1416.075 mm above the ground
[RockPrecisionFixDiag]   rock 'Kerbin Zn3010000130' 'Grass00' #32 vertex 7: ground 600193.701465 m, vertex 600195.072743 m, +1371.278 mm above the ground
[RockPrecisionFixDiag]   rock 'Kerbin Zn3010000130' 'Grass00' #33 vertex 0: ground 600195.684562 m, vertex 600195.434595 m, -249.967 mm above the ground
[RockPrecisionFixDiag]   rock 'Kerbin Zn3010000130' 'Grass00' #33 vertex 1: ground 600195.665388 m, vertex 600195.433044 m, -232.344 mm above the ground
[RockPrecisionFixDiag]   rock 'Kerbin Zn3010000130' 'Grass00' #33 vertex 2: ground 600195.684531 m, vertex 600197.385060 m, +1700.529 mm above the ground
[RockPrecisionFixDiag]   rock 'Kerbin Zn3010000130' 'Grass00' #33 vertex 3: ground 600195.665363 m, vertex 600197.383489 m, +1718.126 mm above the ground
[RockPrecisionFixDiag]   rock 'Kerbin Zn3010000130' 'Grass00' #33 vertex 4: ground 600195.684562 m, vertex 600195.434595 m, -249.967 mm above the ground
[RockPrecisionFixDiag]   rock 'Kerbin Zn3010000130' 'Grass00' #33 vertex 5: ground 600195.665388 m, vertex 600195.433044 m, -232.344 mm above the ground
[RockPrecisionFixDiag]   rock 'Kerbin Zn3010000130' 'Grass00' #33 vertex 6: ground 600195.684531 m, vertex 600197.385060 m, +1700.529 mm above the ground
[RockPrecisionFixDiag]   rock 'Kerbin Zn3010000130' 'Grass00' #33 vertex 7: ground 600195.665363 m, vertex 600197.383489 m, +1718.126 mm above the ground
[RockPrecisionFixDiag]   rock 'Kerbin Zn3010000130' 'Grass00' #34 vertex 0: ground 600192.193961 m, vertex 600192.389496 m, +195.535 mm above the ground
[RockPrecisionFixDiag]   rock 'Kerbin Zn3010000130' 'Grass00' #34 vertex 1: ground 600192.265518 m, vertex 600192.389966 m, +124.448 mm above the ground
[RockPrecisionFixDiag]   rock 'Kerbin Zn3010000130' 'Grass00' #34 vertex 2: ground 600192.193935 m, vertex 600193.557142 m, +1363.207 mm above the ground
[RockPrecisionFixDiag]   rock 'Kerbin Zn3010000130' 'Grass00' #34 vertex 3: ground 600192.265496 m, vertex 600193.557618 m, +1292.122 mm above the ground
[RockPrecisionFixDiag]   rock 'Kerbin Zn3010000130' 'Grass00' #34 vertex 4: ground 600192.193961 m, vertex 600192.389496 m, +195.535 mm above the ground
[RockPrecisionFixDiag]   rock 'Kerbin Zn3010000130' 'Grass00' #34 vertex 5: ground 600192.265518 m, vertex 600192.389966 m, +124.448 mm above the ground
[RockPrecisionFixDiag]   rock 'Kerbin Zn3010000130' 'Grass00' #34 vertex 6: ground 600192.193935 m, vertex 600193.557142 m, +1363.207 mm above the ground
[RockPrecisionFixDiag]   rock 'Kerbin Zn3010000130' 'Grass00' #34 vertex 7: ground 600192.265496 m, vertex 600193.557618 m, +1292.122 mm above the ground
[RockPrecisionFixDiag]   rock 'Kerbin Zn3010000130' 'Grass00' #35 vertex 0: ground 600191.671092 m, vertex 600191.421090 m, -250.002 mm above the ground
[RockPrecisionFixDiag]   rock 'Kerbin Zn3010000130' 'Grass00' #35 vertex 1: ground 600191.600137 m, vertex 600191.421685 m, -178.452 mm above the ground
[RockPrecisionFixDiag]   rock 'Kerbin Zn3010000130' 'Grass00' #35 vertex 2: ground 600191.671119 m, vertex 600193.008543 m, +1337.423 mm above the ground
[RockPrecisionFixDiag]   rock 'Kerbin Zn3010000130' 'Grass00' #35 vertex 3: ground 600191.600184 m, vertex 600193.009137 m, +1408.953 mm above the ground
[RockPrecisionFixDiag]   rock 'Kerbin Zn3010000130' 'Grass00' #35 vertex 4: ground 600191.671092 m, vertex 600191.421090 m, -250.002 mm above the ground
[RockPrecisionFixDiag]   rock 'Kerbin Zn3010000130' 'Grass00' #35 vertex 5: ground 600191.600137 m, vertex 600191.421685 m, -178.452 mm above the ground
[RockPrecisionFixDiag]   rock 'Kerbin Zn3010000130' 'Grass00' #35 vertex 6: ground 600191.671119 m, vertex 600193.008543 m, +1337.423 mm above the ground
[RockPrecisionFixDiag]   rock 'Kerbin Zn3010000130' 'Grass00' #35 vertex 7: ground 600191.600184 m, vertex 600193.009137 m, +1408.953 mm above the ground
[RockPrecisionFixDiag]   rock 'Kerbin Zn3010000130' 'Grass00' #36 vertex 0: ground 600189.466132 m, vertex 600189.216132 m, -250.000 mm above the ground
[RockPrecisionFixDiag]   rock 'Kerbin Zn3010000130' 'Grass00' #36 vertex 1: ground 600189.510488 m, vertex 600189.216389 m, -294.099 mm above the ground
[RockPrecisionFixDiag]   rock 'Kerbin Zn3010000130' 'Grass00' #36 vertex 2: ground 600189.466139 m, vertex 600190.583532 m, +1117.392 mm above the ground
[RockPrecisionFixDiag]   rock 'Kerbin Zn3010000130' 'Grass00' #36 vertex 3: ground 600189.510495 m, vertex 600190.583788 m, +1073.293 mm above the ground
[RockPrecisionFixDiag]   rock 'Kerbin Zn3010000130' 'Grass00' #36 vertex 4: ground 600189.466132 m, vertex 600189.216132 m, -250.000 mm above the ground
[RockPrecisionFixDiag]   rock 'Kerbin Zn3010000130' 'Grass00' #36 vertex 5: ground 600189.510488 m, vertex 600189.216389 m, -294.099 mm above the ground
[RockPrecisionFixDiag]   rock 'Kerbin Zn3010000130' 'Grass00' #36 vertex 6: ground 600189.466139 m, vertex 600190.583532 m, +1117.392 mm above the ground
[RockPrecisionFixDiag]   rock 'Kerbin Zn3010000130' 'Grass00' #36 vertex 7: ground 600189.510495 m, vertex 600190.583788 m, +1073.293 mm above the ground
[RockPrecisionFixDiag]   rock 'Kerbin Zn3010000130' 'Grass00' #37 vertex 0: ground 600187.615455 m, vertex 600187.365455 m, -250.000 mm above the ground
[RockPrecisionFixDiag]   rock 'Kerbin Zn3010000130' 'Grass00' #37 vertex 1: ground 600187.673981 m, vertex 600187.365517 m, -308.464 mm above the ground
[RockPrecisionFixDiag]   rock 'Kerbin Zn3010000130' 'Grass00' #37 vertex 2: ground 600187.615447 m, vertex 600189.330144 m, +1714.697 mm above the ground
[RockPrecisionFixDiag]   rock 'Kerbin Zn3010000130' 'Grass00' #37 vertex 3: ground 600187.673970 m, vertex 600189.330206 m, +1656.237 mm above the ground
[RockPrecisionFixDiag]   rock 'Kerbin Zn3010000130' 'Grass00' #37 vertex 4: ground 600187.615455 m, vertex 600187.365455 m, -250.000 mm above the ground
[RockPrecisionFixDiag]   rock 'Kerbin Zn3010000130' 'Grass00' #37 vertex 5: ground 600187.673981 m, vertex 600187.365517 m, -308.464 mm above the ground
[RockPrecisionFixDiag]   rock 'Kerbin Zn3010000130' 'Grass00' #37 vertex 6: ground 600187.615447 m, vertex 600189.330144 m, +1714.697 mm above the ground
[RockPrecisionFixDiag]   rock 'Kerbin Zn3010000130' 'Grass00' #37 vertex 7: ground 600187.673970 m, vertex 600189.330206 m, +1656.237 mm above the ground
[RockPrecisionFixDiag]   rock 'Kerbin Zn3010000130' 'Grass00' #38 vertex 0: ground 600203.417044 m, vertex 600203.167062 m, -249.982 mm above the ground
[RockPrecisionFixDiag]   rock 'Kerbin Zn3010000130' 'Grass00' #38 vertex 1: ground 600203.362082 m, vertex 600203.165794 m, -196.288 mm above the ground
[RockPrecisionFixDiag]   rock 'Kerbin Zn3010000130' 'Grass00' #38 vertex 2: ground 600203.416986 m, vertex 600205.049420 m, +1632.434 mm above the ground
[RockPrecisionFixDiag]   rock 'Kerbin Zn3010000130' 'Grass00' #38 vertex 3: ground 600203.361981 m, vertex 600205.048129 m, +1686.148 mm above the ground
[RockPrecisionFixDiag]   rock 'Kerbin Zn3010000130' 'Grass00' #38 vertex 4: ground 600203.417044 m, vertex 600203.167062 m, -249.982 mm above the ground
[RockPrecisionFixDiag]   rock 'Kerbin Zn3010000130' 'Grass00' #38 vertex 5: ground 600203.362082 m, vertex 600203.165794 m, -196.288 mm above the ground
[RockPrecisionFixDiag]   rock 'Kerbin Zn3010000130' 'Grass00' #38 vertex 6: ground 600203.416986 m, vertex 600205.049420 m, +1632.434 mm above the ground
[RockPrecisionFixDiag]   rock 'Kerbin Zn3010000130' 'Grass00' #38 vertex 7: ground 600203.361981 m, vertex 600205.048129 m, +1686.148 mm above the ground
[RockPrecisionFixDiag]   rock 'Kerbin Zn3010000130' 'Grass00' #39 vertex 0: ground 600197.276965 m, vertex 600196.543132 m, -733.833 mm above the ground
[RockPrecisionFixDiag]   rock 'Kerbin Zn3010000130' 'Grass00' #39 vertex 1: ground 600197.169630 m, vertex 600196.543234 m, -626.396 mm above the ground
[RockPrecisionFixDiag]   rock 'Kerbin Zn3010000130' 'Grass00' #39 vertex 2: ground 600197.277023 m, vertex 600198.311342 m, +1034.319 mm above the ground
[RockPrecisionFixDiag]   rock 'Kerbin Zn3010000130' 'Grass00' #39 vertex 3: ground 600197.169671 m, vertex 600198.311450 m, +1141.778 mm above the ground
[RockPrecisionFixDiag]   rock 'Kerbin Zn3010000130' 'Grass00' #39 vertex 4: ground 600197.276965 m, vertex 600196.543132 m, -733.833 mm above the ground
[RockPrecisionFixDiag]   rock 'Kerbin Zn3010000130' 'Grass00' #39 vertex 5: ground 600197.169630 m, vertex 600196.543234 m, -626.396 mm above the ground
[RockPrecisionFixDiag]   rock 'Kerbin Zn3010000130' 'Grass00' #39 vertex 6: ground 600197.277023 m, vertex 600198.311342 m, +1034.319 mm above the ground
[RockPrecisionFixDiag]   rock 'Kerbin Zn3010000130' 'Grass00' #39 vertex 7: ground 600197.169671 m, vertex 600198.311450 m, +1141.778 mm above the ground
[RockPrecisionFixDiag]   rock 'Kerbin Zn3010000130' 'Grass00' #40 vertex 0: ground 600194.790941 m, vertex 600194.632303 m, -158.638 mm above the ground
[RockPrecisionFixDiag]   rock 'Kerbin Zn3010000130' 'Grass00' #40 vertex 1: ground 600194.705317 m, vertex 600194.633416 m, -71.901 mm above the ground
[RockPrecisionFixDiag]   rock 'Kerbin Zn3010000130' 'Grass00' #40 vertex 2: ground 600194.791016 m, vertex 600195.903426 m, +1112.409 mm above the ground
[RockPrecisionFixDiag]   rock 'Kerbin Zn3010000130' 'Grass00' #40 vertex 3: ground 600194.705406 m, vertex 600195.904535 m, +1199.129 mm above the ground
[RockPrecisionFixDiag]   rock 'Kerbin Zn3010000130' 'Grass00' #40 vertex 4: ground 600194.790941 m, vertex 600194.632303 m, -158.638 mm above the ground
[RockPrecisionFixDiag]   rock 'Kerbin Zn3010000130' 'Grass00' #40 vertex 5: ground 600194.705317 m, vertex 600194.633416 m, -71.901 mm above the ground
[RockPrecisionFixDiag]   rock 'Kerbin Zn3010000130' 'Grass00' #40 vertex 6: ground 600194.791016 m, vertex 600195.903426 m, +1112.409 mm above the ground
[RockPrecisionFixDiag]   rock 'Kerbin Zn3010000130' 'Grass00' #40 vertex 7: ground 600194.705406 m, vertex 600195.904535 m, +1199.129 mm above the ground
[RockPrecisionFixDiag]   rock 'Kerbin Zn3010000130' 'Grass00' #41 vertex 0: ground 600194.688572 m, vertex 600194.438566 m, -250.006 mm above the ground
[RockPrecisionFixDiag]   rock 'Kerbin Zn3010000130' 'Grass00' #41 vertex 1: ground 600194.625633 m, vertex 600194.438854 m, -186.780 mm above the ground
[RockPrecisionFixDiag]   rock 'Kerbin Zn3010000130' 'Grass00' #41 vertex 2: ground 600194.688618 m, vertex 600195.808491 m, +1119.873 mm above the ground
[RockPrecisionFixDiag]   rock 'Kerbin Zn3010000130' 'Grass00' #41 vertex 3: ground 600194.625669 m, vertex 600195.808767 m, +1183.098 mm above the ground
[RockPrecisionFixDiag]   rock 'Kerbin Zn3010000130' 'Grass00' #41 vertex 4: ground 600194.688572 m, vertex 600194.438566 m, -250.006 mm above the ground
[RockPrecisionFixDiag]   rock 'Kerbin Zn3010000130' 'Grass00' #41 vertex 5: ground 600194.625633 m, vertex 600194.438854 m, -186.780 mm above the ground
[RockPrecisionFixDiag]   rock 'Kerbin Zn3010000130' 'Grass00' #41 vertex 6: ground 600194.688618 m, vertex 600195.808491 m, +1119.873 mm above the ground
[RockPrecisionFixDiag]   rock 'Kerbin Zn3010000130' 'Grass00' #41 vertex 7: ground 600194.625669 m, vertex 600195.808767 m, +1183.098 mm above the ground
[RockPrecisionFixDiag]   rock 'Kerbin Zn3010000130' 'Grass00' #42 vertex 0: ground 600201.230183 m, vertex 600200.980201 m, -249.982 mm above the ground
[RockPrecisionFixDiag]   rock 'Kerbin Zn3010000130' 'Grass00' #42 vertex 1: ground 600201.313995 m, vertex 600200.979077 m, -334.917 mm above the ground
[RockPrecisionFixDiag]   rock 'Kerbin Zn3010000130' 'Grass00' #42 vertex 2: ground 600201.230239 m, vertex 600202.847946 m, +1617.708 mm above the ground
[RockPrecisionFixDiag]   rock 'Kerbin Zn3010000130' 'Grass00' #42 vertex 3: ground 600201.313984 m, vertex 600202.846846 m, +1532.862 mm above the ground
[RockPrecisionFixDiag]   rock 'Kerbin Zn3010000130' 'Grass00' #42 vertex 4: ground 600201.230183 m, vertex 600200.980201 m, -249.982 mm above the ground
[RockPrecisionFixDiag]   rock 'Kerbin Zn3010000130' 'Grass00' #42 vertex 5: ground 600201.313995 m, vertex 600200.979077 m, -334.917 mm above the ground
[RockPrecisionFixDiag]   rock 'Kerbin Zn3010000130' 'Grass00' #42 vertex 6: ground 600201.230239 m, vertex 600202.847946 m, +1617.708 mm above the ground
[RockPrecisionFixDiag]   rock 'Kerbin Zn3010000130' 'Grass00' #42 vertex 7: ground 600201.313984 m, vertex 600202.846846 m, +1532.862 mm above the ground
[RockPrecisionFixDiag]   rock 'Kerbin Zn3010000130' 'Grass00' #43 vertex 0: ground 600198.486438 m, vertex 600198.236433 m, -250.004 mm above the ground
[RockPrecisionFixDiag]   rock 'Kerbin Zn3010000130' 'Grass00' #43 vertex 1: ground 600198.428239 m, vertex 600198.237049 m, -191.191 mm above the ground
[RockPrecisionFixDiag]   rock 'Kerbin Zn3010000130' 'Grass00' #43 vertex 2: ground 600198.486413 m, vertex 600199.882372 m, +1395.959 mm above the ground
[RockPrecisionFixDiag]   rock 'Kerbin Zn3010000130' 'Grass00' #43 vertex 3: ground 600198.428216 m, vertex 600199.882992 m, +1454.776 mm above the ground
[RockPrecisionFixDiag]   rock 'Kerbin Zn3010000130' 'Grass00' #43 vertex 4: ground 600198.486438 m, vertex 600198.236433 m, -250.004 mm above the ground
[RockPrecisionFixDiag]   rock 'Kerbin Zn3010000130' 'Grass00' #43 vertex 5: ground 600198.428239 m, vertex 600198.237049 m, -191.191 mm above the ground
[RockPrecisionFixDiag]   rock 'Kerbin Zn3010000130' 'Grass00' #43 vertex 6: ground 600198.486413 m, vertex 600199.882372 m, +1395.959 mm above the ground
[RockPrecisionFixDiag]   rock 'Kerbin Zn3010000130' 'Grass00' #43 vertex 7: ground 600198.428216 m, vertex 600199.882992 m, +1454.776 mm above the ground
[RockPrecisionFixDiag]   rock 'Kerbin Zn3010000130' 'Grass00' #44 vertex 0: ground 600214.632386 m, vertex 600214.382391 m, -249.996 mm above the ground
[RockPrecisionFixDiag]   rock 'Kerbin Zn3010000130' 'Grass00' #44 vertex 1: ground 600214.636247 m, vertex 600214.383307 m, -252.940 mm above the ground
[RockPrecisionFixDiag]   rock 'Kerbin Zn3010000130' 'Grass00' #44 vertex 2: ground 600214.632475 m, vertex 600216.009913 m, +1377.438 mm above the ground
[RockPrecisionFixDiag]   rock 'Kerbin Zn3010000130' 'Grass00' #44 vertex 3: ground 600214.636335 m, vertex 600216.010824 m, +1374.489 mm above the ground
[RockPrecisionFixDiag]   rock 'Kerbin Zn3010000130' 'Grass00' #44 vertex 4: ground 600214.632386 m, vertex 600214.382391 m, -249.996 mm above the ground
[RockPrecisionFixDiag]   rock 'Kerbin Zn3010000130' 'Grass00' #44 vertex 5: ground 600214.636247 m, vertex 600214.383307 m, -252.940 mm above the ground
[RockPrecisionFixDiag]   rock 'Kerbin Zn3010000130' 'Grass00' #44 vertex 6: ground 600214.632475 m, vertex 600216.009913 m, +1377.438 mm above the ground
[RockPrecisionFixDiag]   rock 'Kerbin Zn3010000130' 'Grass00' #44 vertex 7: ground 600214.636335 m, vertex 600216.010824 m, +1374.489 mm above the ground
[RockPrecisionFixDiag]   rock 'Kerbin Zn3010000130' 'Grass00' #45 vertex 0: ground 600201.591083 m, vertex 600201.341105 m, -249.979 mm above the ground
[RockPrecisionFixDiag]   rock 'Kerbin Zn3010000130' 'Grass00' #45 vertex 1: ground 600201.632660 m, vertex 600201.339682 m, -292.978 mm above the ground
[RockPrecisionFixDiag]   rock 'Kerbin Zn3010000130' 'Grass00' #45 vertex 2: ground 600201.591195 m, vertex 600203.301882 m, +1710.687 mm above the ground
[RockPrecisionFixDiag]   rock 'Kerbin Zn3010000130' 'Grass00' #45 vertex 3: ground 600201.632787 m, vertex 600203.300479 m, +1667.692 mm above the ground
[RockPrecisionFixDiag]   rock 'Kerbin Zn3010000130' 'Grass00' #45 vertex 4: ground 600201.591083 m, vertex 600201.341105 m, -249.979 mm above the ground
[RockPrecisionFixDiag]   rock 'Kerbin Zn3010000130' 'Grass00' #45 vertex 5: ground 600201.632660 m, vertex 600201.339682 m, -292.978 mm above the ground
[RockPrecisionFixDiag]   rock 'Kerbin Zn3010000130' 'Grass00' #45 vertex 6: ground 600201.591195 m, vertex 600203.301882 m, +1710.687 mm above the ground
[RockPrecisionFixDiag]   rock 'Kerbin Zn3010000130' 'Grass00' #45 vertex 7: ground 600201.632787 m, vertex 600203.300479 m, +1667.692 mm above the ground
[RockPrecisionFixDiag]   rock 'Kerbin Zn3010000130' 'Grass00' #46 vertex 0: ground 600197.844203 m, vertex 600197.956526 m, +112.323 mm above the ground
[RockPrecisionFixDiag]   rock 'Kerbin Zn3010000130' 'Grass00' #46 vertex 1: ground 600197.814258 m, vertex 600197.956079 m, +141.821 mm above the ground
[RockPrecisionFixDiag]   rock 'Kerbin Zn3010000130' 'Grass00' #46 vertex 2: ground 600197.844198 m, vertex 600198.973100 m, +1128.901 mm above the ground
[RockPrecisionFixDiag]   rock 'Kerbin Zn3010000130' 'Grass00' #46 vertex 3: ground 600197.814251 m, vertex 600198.972653 m, +1158.402 mm above the ground
[RockPrecisionFixDiag]   rock 'Kerbin Zn3010000130' 'Grass00' #46 vertex 4: ground 600197.844203 m, vertex 600197.956526 m, +112.323 mm above the ground
[RockPrecisionFixDiag]   rock 'Kerbin Zn3010000130' 'Grass00' #46 vertex 5: ground 600197.814258 m, vertex 600197.956079 m, +141.821 mm above the ground
[RockPrecisionFixDiag]   rock 'Kerbin Zn3010000130' 'Grass00' #46 vertex 6: ground 600197.844198 m, vertex 600198.973100 m, +1128.901 mm above the ground
[RockPrecisionFixDiag]   rock 'Kerbin Zn3010000130' 'Grass00' #46 vertex 7: ground 600197.814251 m, vertex 600198.972653 m, +1158.402 mm above the ground
[RockPrecisionFixDiag]   rock 'Kerbin Zn3010000130' 'Grass00' #47 vertex 0: ground 600196.592904 m, vertex 600196.342893 m, -250.011 mm above the ground
[RockPrecisionFixDiag]   rock 'Kerbin Zn3010000130' 'Grass00' #47 vertex 1: ground 600196.693305 m, vertex 600196.343779 m, -349.526 mm above the ground
[RockPrecisionFixDiag]   rock 'Kerbin Zn3010000130' 'Grass00' #47 vertex 2: ground 600196.592879 m, vertex 600198.113425 m, +1520.546 mm above the ground
[RockPrecisionFixDiag]   rock 'Kerbin Zn3010000130' 'Grass00' #47 vertex 3: ground 600196.693289 m, vertex 600198.114311 m, +1421.022 mm above the ground
[RockPrecisionFixDiag]   rock 'Kerbin Zn3010000130' 'Grass00' #47 vertex 4: ground 600196.592904 m, vertex 600196.342893 m, -250.011 mm above the ground
[RockPrecisionFixDiag]   rock 'Kerbin Zn3010000130' 'Grass00' #47 vertex 5: ground 600196.693305 m, vertex 600196.343779 m, -349.526 mm above the ground
[RockPrecisionFixDiag]   rock 'Kerbin Zn3010000130' 'Grass00' #47 vertex 6: ground 600196.592879 m, vertex 600198.113425 m, +1520.546 mm above the ground
[RockPrecisionFixDiag]   rock 'Kerbin Zn3010000130' 'Grass00' #47 vertex 7: ground 600196.693289 m, vertex 600198.114311 m, +1421.022 mm above the ground
[RockPrecisionFixDiag]   rock 'Kerbin Zn3010000130' 'Grass00' #48 vertex 0: ground 600197.899759 m, vertex 600196.930705 m, -969.054 mm above the ground
[RockPrecisionFixDiag]   rock 'Kerbin Zn3010000130' 'Grass00' #48 vertex 1: ground 600197.821054 m, vertex 600196.930533 m, -890.521 mm above the ground
[RockPrecisionFixDiag]   rock 'Kerbin Zn3010000130' 'Grass00' #48 vertex 2: ground 600197.899839 m, vertex 600198.670037 m, +770.198 mm above the ground
[RockPrecisionFixDiag]   rock 'Kerbin Zn3010000130' 'Grass00' #48 vertex 3: ground 600197.821126 m, vertex 600198.669859 m, +848.733 mm above the ground
[RockPrecisionFixDiag]   rock 'Kerbin Zn3010000130' 'Grass00' #48 vertex 4: ground 600197.899759 m, vertex 600196.930705 m, -969.054 mm above the ground
[RockPrecisionFixDiag]   rock 'Kerbin Zn3010000130' 'Grass00' #48 vertex 5: ground 600197.821054 m, vertex 600196.930533 m, -890.521 mm above the ground
[RockPrecisionFixDiag]   rock 'Kerbin Zn3010000130' 'Grass00' #48 vertex 6: ground 600197.899839 m, vertex 600198.670037 m, +770.198 mm above the ground
[RockPrecisionFixDiag]   rock 'Kerbin Zn3010000130' 'Grass00' #48 vertex 7: ground 600197.821126 m, vertex 600198.669859 m, +848.733 mm above the ground
[RockPrecisionFixDiag]   rock 'Kerbin Zn3010000130' 'Grass00' #49 vertex 0: ground 600202.548984 m, vertex 600202.298988 m, -249.995 mm above the ground
[RockPrecisionFixDiag]   rock 'Kerbin Zn3010000130' 'Grass00' #49 vertex 1: ground 600202.629083 m, vertex 600202.300176 m, -328.907 mm above the ground
[RockPrecisionFixDiag]   rock 'Kerbin Zn3010000130' 'Grass00' #49 vertex 2: ground 600202.548944 m, vertex 600203.444263 m, +895.320 mm above the ground
[RockPrecisionFixDiag]   rock 'Kerbin Zn3010000130' 'Grass00' #49 vertex 3: ground 600202.629013 m, vertex 600203.445474 m, +816.461 mm above the ground
[RockPrecisionFixDiag]   rock 'Kerbin Zn3010000130' 'Grass00' #49 vertex 4: ground 600202.548984 m, vertex 600202.298988 m, -249.995 mm above the ground
[RockPrecisionFixDiag]   rock 'Kerbin Zn3010000130' 'Grass00' #49 vertex 5: ground 600202.629083 m, vertex 600202.300176 m, -328.907 mm above the ground
[RockPrecisionFixDiag]   rock 'Kerbin Zn3010000130' 'Grass00' #49 vertex 6: ground 600202.548944 m, vertex 600203.444263 m, +895.320 mm above the ground
[RockPrecisionFixDiag]   rock 'Kerbin Zn3010000130' 'Grass00' #49 vertex 7: ground 600202.629013 m, vertex 600203.445474 m, +816.461 mm above the ground
[RockPrecisionFixDiag]   rock 'Kerbin Zn3010000130' 'Grass00' #50 vertex 0: ground 600204.937668 m, vertex 600202.888895 m, -2048.773 mm above the ground
[RockPrecisionFixDiag]   rock 'Kerbin Zn3010000130' 'Grass00' #50 vertex 1: ground 600204.900978 m, vertex 600202.889281 m, -2011.697 mm above the ground
[RockPrecisionFixDiag]   rock 'Kerbin Zn3010000130' 'Grass00' #50 vertex 2: ground 600204.937696 m, vertex 600204.156459 m, -781.237 mm above the ground
[RockPrecisionFixDiag]   rock 'Kerbin Zn3010000130' 'Grass00' #50 vertex 3: ground 600204.901008 m, vertex 600204.156845 m, -744.163 mm above the ground
[RockPrecisionFixDiag]   rock 'Kerbin Zn3010000130' 'Grass00' #50 vertex 4: ground 600204.937668 m, vertex 600202.888895 m, -2048.773 mm above the ground
[RockPrecisionFixDiag]   rock 'Kerbin Zn3010000130' 'Grass00' #50 vertex 5: ground 600204.900978 m, vertex 600202.889281 m, -2011.697 mm above the ground
[RockPrecisionFixDiag]   rock 'Kerbin Zn3010000130' 'Grass00' #50 vertex 6: ground 600204.937696 m, vertex 600204.156459 m, -781.237 mm above the ground
[RockPrecisionFixDiag]   rock 'Kerbin Zn3010000130' 'Grass00' #50 vertex 7: ground 600204.901008 m, vertex 600204.156845 m, -744.163 mm above the ground
[RockPrecisionFixDiag]   rock 'Kerbin Zn3010000130' 'Grass00' #51 vertex 0: ground 600206.955817 m, vertex 600206.705809 m, -250.009 mm above the ground
[RockPrecisionFixDiag]   rock 'Kerbin Zn3010000130' 'Grass00' #51 vertex 1: ground 600206.811804 m, vertex 600206.706675 m, -105.129 mm above the ground
[RockPrecisionFixDiag]   rock 'Kerbin Zn3010000130' 'Grass00' #51 vertex 2: ground 600206.955823 m, vertex 600208.699431 m, +1743.608 mm above the ground
[RockPrecisionFixDiag]   rock 'Kerbin Zn3010000130' 'Grass00' #51 vertex 3: ground 600206.811816 m, vertex 600208.700292 m, +1888.476 mm above the ground
[RockPrecisionFixDiag]   rock 'Kerbin Zn3010000130' 'Grass00' #51 vertex 4: ground 600206.955817 m, vertex 600206.705809 m, -250.009 mm above the ground
[RockPrecisionFixDiag]   rock 'Kerbin Zn3010000130' 'Grass00' #51 vertex 5: ground 600206.811804 m, vertex 600206.706675 m, -105.129 mm above the ground
[RockPrecisionFixDiag]   rock 'Kerbin Zn3010000130' 'Grass00' #51 vertex 6: ground 600206.955823 m, vertex 600208.699431 m, +1743.608 mm above the ground
[RockPrecisionFixDiag]   rock 'Kerbin Zn3010000130' 'Grass00' #51 vertex 7: ground 600206.811816 m, vertex 600208.700292 m, +1888.476 mm above the ground
[RockPrecisionFixDiag]   rock 'Kerbin Zn3010000130' 'Grass00' #52 vertex 0: ground 600196.555473 m, vertex 600194.413731 m, -2141.742 mm above the ground
[RockPrecisionFixDiag]   rock 'Kerbin Zn3010000130' 'Grass00' #52 vertex 1: ground 600196.625453 m, vertex 600194.412562 m, -2212.891 mm above the ground
[RockPrecisionFixDiag]   rock 'Kerbin Zn3010000130' 'Grass00' #52 vertex 2: ground 600196.555533 m, vertex 600196.121135 m, -434.398 mm above the ground
[RockPrecisionFixDiag]   rock 'Kerbin Zn3010000130' 'Grass00' #52 vertex 3: ground 600196.625502 m, vertex 600196.119978 m, -505.524 mm above the ground
[RockPrecisionFixDiag]   rock 'Kerbin Zn3010000130' 'Grass00' #52 vertex 4: ground 600196.555473 m, vertex 600194.413731 m, -2141.742 mm above the ground
[RockPrecisionFixDiag]   rock 'Kerbin Zn3010000130' 'Grass00' #52 vertex 5: ground 600196.625453 m, vertex 600194.412562 m, -2212.891 mm above the ground
[RockPrecisionFixDiag]   rock 'Kerbin Zn3010000130' 'Grass00' #52 vertex 6: ground 600196.555533 m, vertex 600196.121135 m, -434.398 mm above the ground
[RockPrecisionFixDiag]   rock 'Kerbin Zn3010000130' 'Grass00' #52 vertex 7: ground 600196.625502 m, vertex 600196.119978 m, -505.524 mm above the ground
[RockPrecisionFixDiag]   rock 'Kerbin Zn3010000130' 'Grass00' #53 vertex 0: ground 600210.716118 m, vertex 600210.758339 m, +42.221 mm above the ground
[RockPrecisionFixDiag]   rock 'Kerbin Zn3010000130' 'Grass00' #53 vertex 1: ground 600210.593148 m, vertex 600210.759041 m, +165.893 mm above the ground
[RockPrecisionFixDiag]   rock 'Kerbin Zn3010000130' 'Grass00' #53 vertex 2: ground 600210.716156 m, vertex 600212.170336 m, +1454.180 mm above the ground
[RockPrecisionFixDiag]   rock 'Kerbin Zn3010000130' 'Grass00' #53 vertex 3: ground 600210.593209 m, vertex 600212.171038 m, +1577.829 mm above the ground
[RockPrecisionFixDiag]   rock 'Kerbin Zn3010000130' 'Grass00' #53 vertex 4: ground 600210.716118 m, vertex 600210.758339 m, +42.221 mm above the ground
[RockPrecisionFixDiag]   rock 'Kerbin Zn3010000130' 'Grass00' #53 vertex 5: ground 600210.593148 m, vertex 600210.759041 m, +165.893 mm above the ground
[RockPrecisionFixDiag]   rock 'Kerbin Zn3010000130' 'Grass00' #53 vertex 6: ground 600210.716156 m, vertex 600212.170336 m, +1454.180 mm above the ground
[RockPrecisionFixDiag]   rock 'Kerbin Zn3010000130' 'Grass00' #53 vertex 7: ground 600210.593209 m, vertex 600212.171038 m, +1577.829 mm above the ground
[RockPrecisionFixDiag]   rock 'Kerbin Zn3010000130' 'Grass00' #54 vertex 0: ground 600198.132829 m, vertex 600199.702094 m, +1569.265 mm above the ground
[RockPrecisionFixDiag]   rock 'Kerbin Zn3010000130' 'Grass00' #54 vertex 1: ground 600198.108085 m, vertex 600199.701198 m, +1593.113 mm above the ground
[RockPrecisionFixDiag]   rock 'Kerbin Zn3010000130' 'Grass00' #54 vertex 2: ground 600198.132806 m, vertex 600201.166386 m, +3033.580 mm above the ground
[RockPrecisionFixDiag]   rock 'Kerbin Zn3010000130' 'Grass00' #54 vertex 3: ground 600198.108062 m, vertex 600201.165479 m, +3057.417 mm above the ground
[RockPrecisionFixDiag]   rock 'Kerbin Zn3010000130' 'Grass00' #54 vertex 4: ground 600198.132829 m, vertex 600199.702094 m, +1569.265 mm above the ground
[RockPrecisionFixDiag]   rock 'Kerbin Zn3010000130' 'Grass00' #54 vertex 5: ground 600198.108085 m, vertex 600199.701198 m, +1593.113 mm above the ground
[RockPrecisionFixDiag]   rock 'Kerbin Zn3010000130' 'Grass00' #54 vertex 6: ground 600198.132806 m, vertex 600201.166386 m, +3033.580 mm above the ground
[RockPrecisionFixDiag]   rock 'Kerbin Zn3010000130' 'Grass00' #54 vertex 7: ground 600198.108062 m, vertex 600201.165479 m, +3057.417 mm above the ground
[RockPrecisionFixDiag]   rock 'Kerbin Zn3010000130' 'Grass00' #55 vertex 0: ground 600187.000562 m, vertex 600186.868238 m, -132.324 mm above the ground
[RockPrecisionFixDiag]   rock 'Kerbin Zn3010000130' 'Grass00' #55 vertex 1: ground 600186.989994 m, vertex 600186.868814 m, -121.180 mm above the ground
[RockPrecisionFixDiag]   rock 'Kerbin Zn3010000130' 'Grass00' #55 vertex 2: ground 600187.000563 m, vertex 600187.988212 m, +987.649 mm above the ground
[RockPrecisionFixDiag]   rock 'Kerbin Zn3010000130' 'Grass00' #55 vertex 3: ground 600186.990010 m, vertex 600187.988796 m, +998.786 mm above the ground
[RockPrecisionFixDiag]   rock 'Kerbin Zn3010000130' 'Grass00' #55 vertex 4: ground 600187.000562 m, vertex 600186.868238 m, -132.324 mm above the ground
[RockPrecisionFixDiag]   rock 'Kerbin Zn3010000130' 'Grass00' #55 vertex 5: ground 600186.989994 m, vertex 600186.868814 m, -121.180 mm above the ground
[RockPrecisionFixDiag]   rock 'Kerbin Zn3010000130' 'Grass00' #55 vertex 6: ground 600187.000563 m, vertex 600187.988212 m, +987.649 mm above the ground
[RockPrecisionFixDiag]   rock 'Kerbin Zn3010000130' 'Grass00' #55 vertex 7: ground 600186.990010 m, vertex 600187.988796 m, +998.786 mm above the ground
[RockPrecisionFixDiag]   rock 'Kerbin Zn3010000130' 'Grass00' #56 vertex 0: ground 600195.611603 m, vertex 600195.361616 m, -249.987 mm above the ground
[RockPrecisionFixDiag]   rock 'Kerbin Zn3010000130' 'Grass00' #56 vertex 1: ground 600195.470413 m, vertex 600195.360158 m, -110.255 mm above the ground
[RockPrecisionFixDiag]   rock 'Kerbin Zn3010000130' 'Grass00' #56 vertex 2: ground 600195.611656 m, vertex 600197.062271 m, +1450.616 mm above the ground
[RockPrecisionFixDiag]   rock 'Kerbin Zn3010000130' 'Grass00' #56 vertex 3: ground 600195.470359 m, vertex 600197.060836 m, +1590.477 mm above the ground
[RockPrecisionFixDiag]   rock 'Kerbin Zn3010000130' 'Grass00' #56 vertex 4: ground 600195.611603 m, vertex 600195.361616 m, -249.987 mm above the ground
[RockPrecisionFixDiag]   rock 'Kerbin Zn3010000130' 'Grass00' #56 vertex 5: ground 600195.470413 m, vertex 600195.360158 m, -110.255 mm above the ground
[RockPrecisionFixDiag]   rock 'Kerbin Zn3010000130' 'Grass00' #56 vertex 6: ground 600195.611656 m, vertex 600197.062271 m, +1450.616 mm above the ground
[RockPrecisionFixDiag]   rock 'Kerbin Zn3010000130' 'Grass00' #56 vertex 7: ground 600195.470359 m, vertex 600197.060836 m, +1590.477 mm above the ground
[RockPrecisionFixDiag]   rock 'Kerbin Zn3010000130' 'Grass00' #57 vertex 0: ground 600191.624658 m, vertex 600190.698164 m, -926.494 mm above the ground
[RockPrecisionFixDiag]   rock 'Kerbin Zn3010000130' 'Grass00' #57 vertex 1: ground 600191.535335 m, vertex 600190.699461 m, -835.875 mm above the ground
[RockPrecisionFixDiag]   rock 'Kerbin Zn3010000130' 'Grass00' #57 vertex 2: ground 600191.624742 m, vertex 600192.392608 m, +767.866 mm above the ground
[RockPrecisionFixDiag]   rock 'Kerbin Zn3010000130' 'Grass00' #57 vertex 3: ground 600191.535423 m, vertex 600192.393885 m, +858.462 mm above the ground
[RockPrecisionFixDiag]   rock 'Kerbin Zn3010000130' 'Grass00' #57 vertex 4: ground 600191.624658 m, vertex 600190.698164 m, -926.494 mm above the ground
[RockPrecisionFixDiag]   rock 'Kerbin Zn3010000130' 'Grass00' #57 vertex 5: ground 600191.535335 m, vertex 600190.699461 m, -835.875 mm above the ground
[RockPrecisionFixDiag]   rock 'Kerbin Zn3010000130' 'Grass00' #57 vertex 6: ground 600191.624742 m, vertex 600192.392608 m, +767.866 mm above the ground
[RockPrecisionFixDiag]   rock 'Kerbin Zn3010000130' 'Grass00' #57 vertex 7: ground 600191.535423 m, vertex 600192.393885 m, +858.462 mm above the ground
[RockPrecisionFixDiag]   rock 'Kerbin Zn3010000130' 'Grass00' #58 vertex 0: ground 600201.635503 m, vertex 600201.385478 m, -250.025 mm above the ground
[RockPrecisionFixDiag]   rock 'Kerbin Zn3010000130' 'Grass00' #58 vertex 1: ground 600201.639449 m, vertex 600201.386372 m, -253.077 mm above the ground
[RockPrecisionFixDiag]   rock 'Kerbin Zn3010000130' 'Grass00' #58 vertex 2: ground 600201.635626 m, vertex 600203.335834 m, +1700.208 mm above the ground
[RockPrecisionFixDiag]   rock 'Kerbin Zn3010000130' 'Grass00' #58 vertex 3: ground 600201.639560 m, vertex 600203.336709 m, +1697.149 mm above the ground
[RockPrecisionFixDiag]   rock 'Kerbin Zn3010000130' 'Grass00' #58 vertex 4: ground 600201.635503 m, vertex 600201.385478 m, -250.025 mm above the ground
[RockPrecisionFixDiag]   rock 'Kerbin Zn3010000130' 'Grass00' #58 vertex 5: ground 600201.639449 m, vertex 600201.386372 m, -253.077 mm above the ground
[RockPrecisionFixDiag]   rock 'Kerbin Zn3010000130' 'Grass00' #58 vertex 6: ground 600201.635626 m, vertex 600203.335834 m, +1700.208 mm above the ground
[RockPrecisionFixDiag]   rock 'Kerbin Zn3010000130' 'Grass00' #58 vertex 7: ground 600201.639560 m, vertex 600203.336709 m, +1697.149 mm above the ground
[RockPrecisionFixDiag]   rock 'Kerbin Zn3010000130' 'Grass00' #59 vertex 0: ground 600195.775103 m, vertex 600195.525096 m, -250.007 mm above the ground
[RockPrecisionFixDiag]   rock 'Kerbin Zn3010000130' 'Grass00' #59 vertex 1: ground 600195.806556 m, vertex 600195.523280 m, -283.277 mm above the ground
[RockPrecisionFixDiag]   rock 'Kerbin Zn3010000130' 'Grass00' #59 vertex 2: ground 600195.775158 m, vertex 600197.473771 m, +1698.612 mm above the ground
[RockPrecisionFixDiag]   rock 'Kerbin Zn3010000130' 'Grass00' #59 vertex 3: ground 600195.806595 m, vertex 600197.471954 m, +1665.359 mm above the ground
[RockPrecisionFixDiag]   rock 'Kerbin Zn3010000130' 'Grass00' #59 vertex 4: ground 600195.775103 m, vertex 600195.525096 m, -250.007 mm above the ground
[RockPrecisionFixDiag]   rock 'Kerbin Zn3010000130' 'Grass00' #59 vertex 5: ground 600195.806556 m, vertex 600195.523280 m, -283.277 mm above the ground
[RockPrecisionFixDiag]   rock 'Kerbin Zn3010000130' 'Grass00' #59 vertex 6: ground 600195.775158 m, vertex 600197.473771 m, +1698.612 mm above the ground
[RockPrecisionFixDiag]   rock 'Kerbin Zn3010000130' 'Grass00' #59 vertex 7: ground 600195.806595 m, vertex 600197.471954 m, +1665.359 mm above the ground
[RockPrecisionFixDiag]   rock 'Kerbin Zn3010000130' 'Grass00' #60 vertex 0: ground 600206.964758 m, vertex 600206.714777 m, -249.981 mm above the ground
[RockPrecisionFixDiag]   rock 'Kerbin Zn3010000130' 'Grass00' #60 vertex 1: ground 600206.827310 m, vertex 600206.716204 m, -111.106 mm above the ground
[RockPrecisionFixDiag]   rock 'Kerbin Zn3010000130' 'Grass00' #60 vertex 2: ground 600206.965016 m, vertex 600208.693854 m, +1728.838 mm above the ground
[RockPrecisionFixDiag]   rock 'Kerbin Zn3010000130' 'Grass00' #60 vertex 3: ground 600206.827491 m, vertex 600208.695282 m, +1867.791 mm above the ground
[RockPrecisionFixDiag]   rock 'Kerbin Zn3010000130' 'Grass00' #60 vertex 4: ground 600206.964758 m, vertex 600206.714777 m, -249.981 mm above the ground
[RockPrecisionFixDiag]   rock 'Kerbin Zn3010000130' 'Grass00' #60 vertex 5: ground 600206.827310 m, vertex 600206.716204 m, -111.106 mm above the ground
[RockPrecisionFixDiag]   rock 'Kerbin Zn3010000130' 'Grass00' #60 vertex 6: ground 600206.965016 m, vertex 600208.693854 m, +1728.838 mm above the ground
[RockPrecisionFixDiag]   rock 'Kerbin Zn3010000130' 'Grass00' #60 vertex 7: ground 600206.827491 m, vertex 600208.695282 m, +1867.791 mm above the ground
[RockPrecisionFixDiag]   rock 'Kerbin Zn3010000130' 'Grass00' #61 vertex 0: ground 600211.745450 m, vertex 600211.495478 m, -249.973 mm above the ground
[RockPrecisionFixDiag]   rock 'Kerbin Zn3010000130' 'Grass00' #61 vertex 1: ground 600211.781319 m, vertex 600211.496461 m, -284.859 mm above the ground
[RockPrecisionFixDiag]   rock 'Kerbin Zn3010000130' 'Grass00' #61 vertex 2: ground 600211.745496 m, vertex 600212.627237 m, +881.741 mm above the ground
[RockPrecisionFixDiag]   rock 'Kerbin Zn3010000130' 'Grass00' #61 vertex 3: ground 600211.781315 m, vertex 600212.628220 m, +846.905 mm above the ground
[RockPrecisionFixDiag]   rock 'Kerbin Zn3010000130' 'Grass00' #61 vertex 4: ground 600211.745450 m, vertex 600211.495478 m, -249.973 mm above the ground
[RockPrecisionFixDiag]   rock 'Kerbin Zn3010000130' 'Grass00' #61 vertex 5: ground 600211.781319 m, vertex 600211.496461 m, -284.859 mm above the ground
[RockPrecisionFixDiag]   rock 'Kerbin Zn3010000130' 'Grass00' #61 vertex 6: ground 600211.745496 m, vertex 600212.627237 m, +881.741 mm above the ground
[RockPrecisionFixDiag]   rock 'Kerbin Zn3010000130' 'Grass00' #61 vertex 7: ground 600211.781315 m, vertex 600212.628220 m, +846.905 mm above the ground
[RockPrecisionFixDiag]   rock 'Kerbin Zn3010000130' 'Grass00' #62 vertex 0: ground 600199.530105 m, vertex 600199.280097 m, -250.008 mm above the ground
[RockPrecisionFixDiag]   rock 'Kerbin Zn3010000130' 'Grass00' #62 vertex 1: ground 600199.589461 m, vertex 600199.279904 m, -309.557 mm above the ground
[RockPrecisionFixDiag]   rock 'Kerbin Zn3010000130' 'Grass00' #62 vertex 2: ground 600199.530066 m, vertex 600200.600993 m, +1070.927 mm above the ground
[RockPrecisionFixDiag]   rock 'Kerbin Zn3010000130' 'Grass00' #62 vertex 3: ground 600199.589394 m, vertex 600200.600800 m, +1011.406 mm above the ground
[RockPrecisionFixDiag]   rock 'Kerbin Zn3010000130' 'Grass00' #62 vertex 4: ground 600199.530105 m, vertex 600199.280097 m, -250.008 mm above the ground
[RockPrecisionFixDiag]   rock 'Kerbin Zn3010000130' 'Grass00' #62 vertex 5: ground 600199.589461 m, vertex 600199.279904 m, -309.557 mm above the ground
[RockPrecisionFixDiag]   rock 'Kerbin Zn3010000130' 'Grass00' #62 vertex 6: ground 600199.530066 m, vertex 600200.600993 m, +1070.927 mm above the ground
[RockPrecisionFixDiag]   rock 'Kerbin Zn3010000130' 'Grass00' #62 vertex 7: ground 600199.589394 m, vertex 600200.600800 m, +1011.406 mm above the ground
[RockPrecisionFixDiag]   rock 'Kerbin Zn3010000130' 'Grass00' #63 vertex 0: ground 600203.606693 m, vertex 600203.356686 m, -250.006 mm above the ground
[RockPrecisionFixDiag]   rock 'Kerbin Zn3010000130' 'Grass00' #63 vertex 1: ground 600203.662560 m, vertex 600203.357371 m, -305.188 mm above the ground
[RockPrecisionFixDiag]   rock 'Kerbin Zn3010000130' 'Grass00' #63 vertex 2: ground 600203.606606 m, vertex 600204.406081 m, +799.476 mm above the ground
[RockPrecisionFixDiag]   rock 'Kerbin Zn3010000130' 'Grass00' #63 vertex 3: ground 600203.662481 m, vertex 600204.406754 m, +744.274 mm above the ground
[RockPrecisionFixDiag]   rock 'Kerbin Zn3010000130' 'Grass00' #63 vertex 4: ground 600203.606693 m, vertex 600203.356686 m, -250.006 mm above the ground
[RockPrecisionFixDiag]   rock 'Kerbin Zn3010000130' 'Grass00' #63 vertex 5: ground 600203.662560 m, vertex 600203.357371 m, -305.188 mm above the ground
[RockPrecisionFixDiag]   rock 'Kerbin Zn3010000130' 'Grass00' #63 vertex 6: ground 600203.606606 m, vertex 600204.406081 m, +799.476 mm above the ground
[RockPrecisionFixDiag]   rock 'Kerbin Zn3010000130' 'Grass00' #63 vertex 7: ground 600203.662481 m, vertex 600204.406754 m, +744.274 mm above the ground
[RockPrecisionFixDiag]   rock 'Kerbin Zn3010000130' 'Grass00' #64 vertex 0: ground 600204.334427 m, vertex 600204.084465 m, -249.963 mm above the ground
[RockPrecisionFixDiag]   rock 'Kerbin Zn3010000130' 'Grass00' #64 vertex 1: ground 600204.277379 m, vertex 600204.083451 m, -193.928 mm above the ground
[RockPrecisionFixDiag]   rock 'Kerbin Zn3010000130' 'Grass00' #64 vertex 2: ground 600204.334435 m, vertex 600205.570260 m, +1235.825 mm above the ground
[RockPrecisionFixDiag]   rock 'Kerbin Zn3010000130' 'Grass00' #64 vertex 3: ground 600204.277348 m, vertex 600205.569227 m, +1291.879 mm above the ground
[RockPrecisionFixDiag]   rock 'Kerbin Zn3010000130' 'Grass00' #64 vertex 4: ground 600204.334427 m, vertex 600204.084465 m, -249.963 mm above the ground
[RockPrecisionFixDiag]   rock 'Kerbin Zn3010000130' 'Grass00' #64 vertex 5: ground 600204.277379 m, vertex 600204.083451 m, -193.928 mm above the ground
[RockPrecisionFixDiag]   rock 'Kerbin Zn3010000130' 'Grass00' #64 vertex 6: ground 600204.334435 m, vertex 600205.570260 m, +1235.825 mm above the ground
[RockPrecisionFixDiag]   rock 'Kerbin Zn3010000130' 'Grass00' #64 vertex 7: ground 600204.277348 m, vertex 600205.569227 m, +1291.879 mm above the ground
[RockPrecisionFixDiag]   rock 'Kerbin Zn3010000130' 'Grass00' #65 vertex 0: ground 600192.273168 m, vertex 600192.023167 m, -250.001 mm above the ground
[RockPrecisionFixDiag]   rock 'Kerbin Zn3010000130' 'Grass00' #65 vertex 1: ground 600192.221279 m, vertex 600192.023507 m, -197.772 mm above the ground
[RockPrecisionFixDiag]   rock 'Kerbin Zn3010000130' 'Grass00' #65 vertex 2: ground 600192.273206 m, vertex 600193.983696 m, +1710.490 mm above the ground
[RockPrecisionFixDiag]   rock 'Kerbin Zn3010000130' 'Grass00' #65 vertex 3: ground 600192.221282 m, vertex 600193.984037 m, +1762.755 mm above the ground
[RockPrecisionFixDiag]   rock 'Kerbin Zn3010000130' 'Grass00' #65 vertex 4: ground 600192.273168 m, vertex 600192.023167 m, -250.001 mm above the ground
[RockPrecisionFixDiag]   rock 'Kerbin Zn3010000130' 'Grass00' #65 vertex 5: ground 600192.221279 m, vertex 600192.023507 m, -197.772 mm above the ground
[RockPrecisionFixDiag]   rock 'Kerbin Zn3010000130' 'Grass00' #65 vertex 6: ground 600192.273206 m, vertex 600193.983696 m, +1710.490 mm above the ground
[RockPrecisionFixDiag]   rock 'Kerbin Zn3010000130' 'Grass00' #65 vertex 7: ground 600192.221282 m, vertex 600193.984037 m, +1762.755 mm above the ground
[RockPrecisionFixDiag]   rock 'Kerbin Zn3010000130' 'Grass00' #66 vertex 0: ground 600201.819262 m, vertex 600201.569276 m, -249.986 mm above the ground
[RockPrecisionFixDiag]   rock 'Kerbin Zn3010000130' 'Grass00' #66 vertex 1: ground 600201.826189 m, vertex 600201.568394 m, -257.794 mm above the ground
[RockPrecisionFixDiag]   rock 'Kerbin Zn3010000130' 'Grass00' #66 vertex 2: ground 600201.819251 m, vertex 600202.772587 m, +953.336 mm above the ground
[RockPrecisionFixDiag]   rock 'Kerbin Zn3010000130' 'Grass00' #66 vertex 3: ground 600201.826208 m, vertex 600202.771702 m, +945.494 mm above the ground
[RockPrecisionFixDiag]   rock 'Kerbin Zn3010000130' 'Grass00' #66 vertex 4: ground 600201.819262 m, vertex 600201.569276 m, -249.986 mm above the ground
[RockPrecisionFixDiag]   rock 'Kerbin Zn3010000130' 'Grass00' #66 vertex 5: ground 600201.826189 m, vertex 600201.568394 m, -257.794 mm above the ground
[RockPrecisionFixDiag]   rock 'Kerbin Zn3010000130' 'Grass00' #66 vertex 6: ground 600201.819251 m, vertex 600202.772587 m, +953.336 mm above the ground
[RockPrecisionFixDiag]   rock 'Kerbin Zn3010000130' 'Grass00' #66 vertex 7: ground 600201.826208 m, vertex 600202.771702 m, +945.494 mm above the ground
[RockPrecisionFixDiag]   rock 'Kerbin Zn3010000130' 'Grass00' #67 vertex 0: ground 600192.918332 m, vertex 600193.009598 m, +91.265 mm above the ground
[RockPrecisionFixDiag]   rock 'Kerbin Zn3010000130' 'Grass00' #67 vertex 1: ground 600192.928707 m, vertex 600193.008628 m, +79.922 mm above the ground
[RockPrecisionFixDiag]   rock 'Kerbin Zn3010000130' 'Grass00' #67 vertex 2: ground 600192.918377 m, vertex 600194.011619 m, +1093.242 mm above the ground
[RockPrecisionFixDiag]   rock 'Kerbin Zn3010000130' 'Grass00' #67 vertex 3: ground 600192.928751 m, vertex 600194.010649 m, +1081.898 mm above the ground
[RockPrecisionFixDiag]   rock 'Kerbin Zn3010000130' 'Grass00' #67 vertex 4: ground 600192.918332 m, vertex 600193.009598 m, +91.265 mm above the ground
[RockPrecisionFixDiag]   rock 'Kerbin Zn3010000130' 'Grass00' #67 vertex 5: ground 600192.928707 m, vertex 600193.008628 m, +79.922 mm above the ground
[RockPrecisionFixDiag]   rock 'Kerbin Zn3010000130' 'Grass00' #67 vertex 6: ground 600192.918377 m, vertex 600194.011619 m, +1093.242 mm above the ground
[RockPrecisionFixDiag]   rock 'Kerbin Zn3010000130' 'Grass00' #67 vertex 7: ground 600192.928751 m, vertex 600194.010649 m, +1081.898 mm above the ground
[RockPrecisionFixDiag]   rock 'Kerbin Zn3010000130' 'Grass00' #68 vertex 0: ground 600198.192084 m, vertex 600199.238176 m, +1046.091 mm above the ground
[RockPrecisionFixDiag]   rock 'Kerbin Zn3010000130' 'Grass00' #68 vertex 1: ground 600198.141595 m, vertex 600199.237919 m, +1096.323 mm above the ground
[RockPrecisionFixDiag]   rock 'Kerbin Zn3010000130' 'Grass00' #68 vertex 2: ground 600198.192116 m, vertex 600200.884958 m, +2692.842 mm above the ground
[RockPrecisionFixDiag]   rock 'Kerbin Zn3010000130' 'Grass00' #68 vertex 3: ground 600198.141630 m, vertex 600200.884701 m, +2743.071 mm above the ground
[RockPrecisionFixDiag]   rock 'Kerbin Zn3010000130' 'Grass00' #68 vertex 4: ground 600198.192084 m, vertex 600199.238176 m, +1046.091 mm above the ground
[RockPrecisionFixDiag]   rock 'Kerbin Zn3010000130' 'Grass00' #68 vertex 5: ground 600198.141595 m, vertex 600199.237919 m, +1096.323 mm above the ground
[RockPrecisionFixDiag]   rock 'Kerbin Zn3010000130' 'Grass00' #68 vertex 6: ground 600198.192116 m, vertex 600200.884958 m, +2692.842 mm above the ground
[RockPrecisionFixDiag]   rock 'Kerbin Zn3010000130' 'Grass00' #68 vertex 7: ground 600198.141630 m, vertex 600200.884701 m, +2743.071 mm above the ground
[RockPrecisionFixDiag]   rock 'Kerbin Zn3010000130' 'Grass00' #69 vertex 0: ground 600191.874032 m, vertex 600191.624023 m, -250.009 mm above the ground
[RockPrecisionFixDiag]   rock 'Kerbin Zn3010000130' 'Grass00' #69 vertex 1: ground 600191.817678 m, vertex 600191.623163 m, -194.515 mm above the ground
[RockPrecisionFixDiag]   rock 'Kerbin Zn3010000130' 'Grass00' #69 vertex 2: ground 600191.873993 m, vertex 600193.402446 m, +1528.453 mm above the ground
[RockPrecisionFixDiag]   rock 'Kerbin Zn3010000130' 'Grass00' #69 vertex 3: ground 600191.817641 m, vertex 600193.401584 m, +1583.943 mm above the ground
[RockPrecisionFixDiag]   rock 'Kerbin Zn3010000130' 'Grass00' #69 vertex 4: ground 600191.874032 m, vertex 600191.624023 m, -250.009 mm above the ground
[RockPrecisionFixDiag]   rock 'Kerbin Zn3010000130' 'Grass00' #69 vertex 5: ground 600191.817678 m, vertex 600191.623163 m, -194.515 mm above the ground
[RockPrecisionFixDiag]   rock 'Kerbin Zn3010000130' 'Grass00' #69 vertex 6: ground 600191.873993 m, vertex 600193.402446 m, +1528.453 mm above the ground
[RockPrecisionFixDiag]   rock 'Kerbin Zn3010000130' 'Grass00' #69 vertex 7: ground 600191.817641 m, vertex 600193.401584 m, +1583.943 mm above the ground
[RockPrecisionFixDiag]   rock 'Kerbin Zn3010000130' 'Grass00' #70 vertex 0: ground 600192.389259 m, vertex 600192.277301 m, -111.958 mm above the ground
[RockPrecisionFixDiag]   rock 'Kerbin Zn3010000130' 'Grass00' #70 vertex 1: ground 600192.377792 m, vertex 600192.278654 m, -99.138 mm above the ground
[RockPrecisionFixDiag]   rock 'Kerbin Zn3010000130' 'Grass00' #70 vertex 2: ground 600192.389314 m, vertex 600194.250274 m, +1860.961 mm above the ground
[RockPrecisionFixDiag]   rock 'Kerbin Zn3010000130' 'Grass00' #70 vertex 3: ground 600192.377826 m, vertex 600194.251627 m, +1873.801 mm above the ground
[RockPrecisionFixDiag]   rock 'Kerbin Zn3010000130' 'Grass00' #70 vertex 4: ground 600192.389259 m, vertex 600192.277301 m, -111.958 mm above the ground
[RockPrecisionFixDiag]   rock 'Kerbin Zn3010000130' 'Grass00' #70 vertex 5: ground 600192.377792 m, vertex 600192.278654 m, -99.138 mm above the ground
[RockPrecisionFixDiag]   rock 'Kerbin Zn3010000130' 'Grass00' #70 vertex 6: ground 600192.389314 m, vertex 600194.250274 m, +1860.961 mm above the ground
[RockPrecisionFixDiag]   rock 'Kerbin Zn3010000130' 'Grass00' #70 vertex 7: ground 600192.377826 m, vertex 600194.251627 m, +1873.801 mm above the ground
[RockPrecisionFixDiag]   rock 'Kerbin Zn3010000130' 'Grass00' #71 vertex 0: ground 600206.099600 m, vertex 600204.323175 m, -1776.425 mm above the ground
[RockPrecisionFixDiag]   rock 'Kerbin Zn3010000130' 'Grass00' #71 vertex 1: ground 600206.070341 m, vertex 600204.324029 m, -1746.311 mm above the ground
[RockPrecisionFixDiag]   rock 'Kerbin Zn3010000130' 'Grass00' #71 vertex 2: ground 600206.099721 m, vertex 600206.102021 m, +2.300 mm above the ground
[RockPrecisionFixDiag]   rock 'Kerbin Zn3010000130' 'Grass00' #71 vertex 3: ground 600206.070441 m, vertex 600206.102865 m, +32.425 mm above the ground
[RockPrecisionFixDiag]   rock 'Kerbin Zn3010000130' 'Grass00' #71 vertex 4: ground 600206.099600 m, vertex 600204.323175 m, -1776.425 mm above the ground
[RockPrecisionFixDiag]   rock 'Kerbin Zn3010000130' 'Grass00' #71 vertex 5: ground 600206.070341 m, vertex 600204.324029 m, -1746.311 mm above the ground
[RockPrecisionFixDiag]   rock 'Kerbin Zn3010000130' 'Grass00' #71 vertex 6: ground 600206.099721 m, vertex 600206.102021 m, +2.300 mm above the ground
[RockPrecisionFixDiag]   rock 'Kerbin Zn3010000130' 'Grass00' #71 vertex 7: ground 600206.070441 m, vertex 600206.102865 m, +32.425 mm above the ground
[RockPrecisionFixDiag]   rock 'Kerbin Zn3010000130' 'Grass00' #72 vertex 0: ground 600192.981964 m, vertex 600192.731963 m, -250.001 mm above the ground
[RockPrecisionFixDiag]   rock 'Kerbin Zn3010000130' 'Grass00' #72 vertex 1: ground 600192.981556 m, vertex 600192.731614 m, -249.942 mm above the ground
[RockPrecisionFixDiag]   rock 'Kerbin Zn3010000130' 'Grass00' #72 vertex 2: ground 600192.981966 m, vertex 600193.846489 m, +864.522 mm above the ground
[RockPrecisionFixDiag]   rock 'Kerbin Zn3010000130' 'Grass00' #72 vertex 3: ground 600192.981520 m, vertex 600193.846140 m, +864.620 mm above the ground
[RockPrecisionFixDiag]   rock 'Kerbin Zn3010000130' 'Grass00' #72 vertex 4: ground 600192.981964 m, vertex 600192.731963 m, -250.001 mm above the ground
[RockPrecisionFixDiag]   rock 'Kerbin Zn3010000130' 'Grass00' #72 vertex 5: ground 600192.981556 m, vertex 600192.731614 m, -249.942 mm above the ground
[RockPrecisionFixDiag]   rock 'Kerbin Zn3010000130' 'Grass00' #72 vertex 6: ground 600192.981966 m, vertex 600193.846489 m, +864.522 mm above the ground
[RockPrecisionFixDiag]   rock 'Kerbin Zn3010000130' 'Grass00' #72 vertex 7: ground 600192.981520 m, vertex 600193.846140 m, +864.620 mm above the ground
[RockPrecisionFixDiag]   rock 'Kerbin Zn3010000130' 'Grass00' #73 vertex 0: ground 600188.557985 m, vertex 600188.516823 m, -41.162 mm above the ground
[RockPrecisionFixDiag]   rock 'Kerbin Zn3010000130' 'Grass00' #73 vertex 1: ground 600188.559565 m, vertex 600188.517026 m, -42.539 mm above the ground
[RockPrecisionFixDiag]   rock 'Kerbin Zn3010000130' 'Grass00' #73 vertex 2: ground 600188.557988 m, vertex 600189.710454 m, +1152.466 mm above the ground
[RockPrecisionFixDiag]   rock 'Kerbin Zn3010000130' 'Grass00' #73 vertex 3: ground 600188.559567 m, vertex 600189.710656 m, +1151.089 mm above the ground
[RockPrecisionFixDiag]   rock 'Kerbin Zn3010000130' 'Grass00' #73 vertex 4: ground 600188.557985 m, vertex 600188.516823 m, -41.162 mm above the ground
[RockPrecisionFixDiag]   rock 'Kerbin Zn3010000130' 'Grass00' #73 vertex 5: ground 600188.559565 m, vertex 600188.517026 m, -42.539 mm above the ground
[RockPrecisionFixDiag]   rock 'Kerbin Zn3010000130' 'Grass00' #73 vertex 6: ground 600188.557988 m, vertex 600189.710454 m, +1152.466 mm above the ground
[RockPrecisionFixDiag]   rock 'Kerbin Zn3010000130' 'Grass00' #73 vertex 7: ground 600188.559567 m, vertex 600189.710656 m, +1151.089 mm above the ground
[RockPrecisionFixDiag]   rock 'Kerbin Zn3010000130' 'Grass00' #74 vertex 0: ground 600201.692193 m, vertex 600202.893999 m, +1201.806 mm above the ground
[RockPrecisionFixDiag]   rock 'Kerbin Zn3010000130' 'Grass00' #74 vertex 1: ground 600201.693517 m, vertex 600202.892960 m, +1199.443 mm above the ground
[RockPrecisionFixDiag]   rock 'Kerbin Zn3010000130' 'Grass00' #74 vertex 2: ground 600201.692167 m, vertex 600204.642016 m, +2949.849 mm above the ground
[RockPrecisionFixDiag]   rock 'Kerbin Zn3010000130' 'Grass00' #74 vertex 3: ground 600201.693452 m, vertex 600204.640980 m, +2947.528 mm above the ground
[RockPrecisionFixDiag]   rock 'Kerbin Zn3010000130' 'Grass00' #74 vertex 4: ground 600201.692193 m, vertex 600202.893999 m, +1201.806 mm above the ground
[RockPrecisionFixDiag]   rock 'Kerbin Zn3010000130' 'Grass00' #74 vertex 5: ground 600201.693517 m, vertex 600202.892960 m, +1199.443 mm above the ground
[RockPrecisionFixDiag]   rock 'Kerbin Zn3010000130' 'Grass00' #74 vertex 6: ground 600201.692167 m, vertex 600204.642016 m, +2949.849 mm above the ground
[RockPrecisionFixDiag]   rock 'Kerbin Zn3010000130' 'Grass00' #74 vertex 7: ground 600201.693452 m, vertex 600204.640980 m, +2947.528 mm above the ground
[RockPrecisionFixDiag]   rock 'Kerbin Zn3010000130' 'Grass00' #75 vertex 0: ground 600199.622322 m, vertex 600199.372321 m, -250.001 mm above the ground
[RockPrecisionFixDiag]   rock 'Kerbin Zn3010000130' 'Grass00' #75 vertex 1: ground 600199.677499 m, vertex 600199.372995 m, -304.503 mm above the ground
[RockPrecisionFixDiag]   rock 'Kerbin Zn3010000130' 'Grass00' #75 vertex 2: ground 600199.622362 m, vertex 600201.368567 m, +1746.205 mm above the ground
[RockPrecisionFixDiag]   rock 'Kerbin Zn3010000130' 'Grass00' #75 vertex 3: ground 600199.677541 m, vertex 600201.369245 m, +1691.704 mm above the ground
[RockPrecisionFixDiag]   rock 'Kerbin Zn3010000130' 'Grass00' #75 vertex 4: ground 600199.622322 m, vertex 600199.372321 m, -250.001 mm above the ground
[RockPrecisionFixDiag]   rock 'Kerbin Zn3010000130' 'Grass00' #75 vertex 5: ground 600199.677499 m, vertex 600199.372995 m, -304.503 mm above the ground
[RockPrecisionFixDiag]   rock 'Kerbin Zn3010000130' 'Grass00' #75 vertex 6: ground 600199.622362 m, vertex 600201.368567 m, +1746.205 mm above the ground
[RockPrecisionFixDiag]   rock 'Kerbin Zn3010000130' 'Grass00' #75 vertex 7: ground 600199.677541 m, vertex 600201.369245 m, +1691.704 mm above the ground
[RockPrecisionFixDiag]   rock 'Kerbin Zn3010000130' 'Grass00' #76 vertex 0: ground 600189.387858 m, vertex 600188.496476 m, -891.382 mm above the ground
[RockPrecisionFixDiag]   rock 'Kerbin Zn3010000130' 'Grass00' #76 vertex 1: ground 600189.375374 m, vertex 600188.496044 m, -879.330 mm above the ground
[RockPrecisionFixDiag]   rock 'Kerbin Zn3010000130' 'Grass00' #76 vertex 2: ground 600189.387898 m, vertex 600190.399812 m, +1011.914 mm above the ground
[RockPrecisionFixDiag]   rock 'Kerbin Zn3010000130' 'Grass00' #76 vertex 3: ground 600189.375417 m, vertex 600190.399377 m, +1023.960 mm above the ground
[RockPrecisionFixDiag]   rock 'Kerbin Zn3010000130' 'Grass00' #76 vertex 4: ground 600189.387858 m, vertex 600188.496476 m, -891.382 mm above the ground
[RockPrecisionFixDiag]   rock 'Kerbin Zn3010000130' 'Grass00' #76 vertex 5: ground 600189.375374 m, vertex 600188.496044 m, -879.330 mm above the ground
[RockPrecisionFixDiag]   rock 'Kerbin Zn3010000130' 'Grass00' #76 vertex 6: ground 600189.387898 m, vertex 600190.399812 m, +1011.914 mm above the ground
[RockPrecisionFixDiag]   rock 'Kerbin Zn3010000130' 'Grass00' #76 vertex 7: ground 600189.375417 m, vertex 600190.399377 m, +1023.960 mm above the ground
[RockPrecisionFixDiag]   rock 'Kerbin Zn3010000130' 'Grass00' #77 vertex 0: ground 600193.968105 m, vertex 600193.718087 m, -250.018 mm above the ground
[RockPrecisionFixDiag]   rock 'Kerbin Zn3010000130' 'Grass00' #77 vertex 1: ground 600194.034208 m, vertex 600193.717552 m, -316.656 mm above the ground
[RockPrecisionFixDiag]   rock 'Kerbin Zn3010000130' 'Grass00' #77 vertex 2: ground 600193.968106 m, vertex 600195.593915 m, +1625.809 mm above the ground
[RockPrecisionFixDiag]   rock 'Kerbin Zn3010000130' 'Grass00' #77 vertex 3: ground 600194.034219 m, vertex 600195.593384 m, +1559.165 mm above the ground
[RockPrecisionFixDiag]   rock 'Kerbin Zn3010000130' 'Grass00' #77 vertex 4: ground 600193.968105 m, vertex 600193.718087 m, -250.018 mm above the ground
[RockPrecisionFixDiag]   rock 'Kerbin Zn3010000130' 'Grass00' #77 vertex 5: ground 600194.034208 m, vertex 600193.717552 m, -316.656 mm above the ground
[RockPrecisionFixDiag]   rock 'Kerbin Zn3010000130' 'Grass00' #77 vertex 6: ground 600193.968106 m, vertex 600195.593915 m, +1625.809 mm above the ground
[RockPrecisionFixDiag]   rock 'Kerbin Zn3010000130' 'Grass00' #77 vertex 7: ground 600194.034219 m, vertex 600195.593384 m, +1559.165 mm above the ground
[RockPrecisionFixDiag]   rock 'Kerbin Zn3010000130' 'Grass00' #78 vertex 0: ground 600204.083444 m, vertex 600203.833433 m, -250.011 mm above the ground
[RockPrecisionFixDiag]   rock 'Kerbin Zn3010000130' 'Grass00' #78 vertex 1: ground 600204.112812 m, vertex 600203.834337 m, -278.475 mm above the ground
[RockPrecisionFixDiag]   rock 'Kerbin Zn3010000130' 'Grass00' #78 vertex 2: ground 600204.083345 m, vertex 600205.551253 m, +1467.908 mm above the ground
[RockPrecisionFixDiag]   rock 'Kerbin Zn3010000130' 'Grass00' #78 vertex 3: ground 600204.112713 m, vertex 600205.552145 m, +1439.432 mm above the ground
[RockPrecisionFixDiag]   rock 'Kerbin Zn3010000130' 'Grass00' #78 vertex 4: ground 600204.083444 m, vertex 600203.833433 m, -250.011 mm above the ground
[RockPrecisionFixDiag]   rock 'Kerbin Zn3010000130' 'Grass00' #78 vertex 5: ground 600204.112812 m, vertex 600203.834337 m, -278.475 mm above the ground
[RockPrecisionFixDiag]   rock 'Kerbin Zn3010000130' 'Grass00' #78 vertex 6: ground 600204.083345 m, vertex 600205.551253 m, +1467.908 mm above the ground
[RockPrecisionFixDiag]   rock 'Kerbin Zn3010000130' 'Grass00' #78 vertex 7: ground 600204.112713 m, vertex 600205.552145 m, +1439.432 mm above the ground
[RockPrecisionFixDiag]   rock 'Kerbin Zn3010000130' 'Grass00' #79 vertex 0: ground 600194.956360 m, vertex 600194.706380 m, -249.980 mm above the ground
[RockPrecisionFixDiag]   rock 'Kerbin Zn3010000130' 'Grass00' #79 vertex 1: ground 600194.916759 m, vertex 600194.705012 m, -211.747 mm above the ground
[RockPrecisionFixDiag]   rock 'Kerbin Zn3010000130' 'Grass00' #79 vertex 2: ground 600194.956340 m, vertex 600196.263158 m, +1306.818 mm above the ground
[RockPrecisionFixDiag]   rock 'Kerbin Zn3010000130' 'Grass00' #79 vertex 3: ground 600194.916756 m, vertex 600196.261810 m, +1345.054 mm above the ground
[RockPrecisionFixDiag]   rock 'Kerbin Zn3010000130' 'Grass00' #79 vertex 4: ground 600194.956360 m, vertex 600194.706380 m, -249.980 mm above the ground
[RockPrecisionFixDiag]   rock 'Kerbin Zn3010000130' 'Grass00' #79 vertex 5: ground 600194.916759 m, vertex 600194.705012 m, -211.747 mm above the ground
[RockPrecisionFixDiag]   rock 'Kerbin Zn3010000130' 'Grass00' #79 vertex 6: ground 600194.956340 m, vertex 600196.263158 m, +1306.818 mm above the ground
[RockPrecisionFixDiag]   rock 'Kerbin Zn3010000130' 'Grass00' #79 vertex 7: ground 600194.916756 m, vertex 600196.261810 m, +1345.054 mm above the ground
[RockPrecisionFixDiag]   rock 'Kerbin Zn3010000130' 'Grass00' #80 vertex 0: ground 600188.913539 m, vertex 600188.501405 m, -412.134 mm above the ground
[RockPrecisionFixDiag]   rock 'Kerbin Zn3010000130' 'Grass00' #80 vertex 1: ground 600188.923146 m, vertex 600188.502076 m, -421.070 mm above the ground
[RockPrecisionFixDiag]   rock 'Kerbin Zn3010000130' 'Grass00' #80 vertex 2: ground 600188.913592 m, vertex 600189.684347 m, +770.756 mm above the ground
[RockPrecisionFixDiag]   rock 'Kerbin Zn3010000130' 'Grass00' #80 vertex 3: ground 600188.923195 m, vertex 600189.684998 m, +761.804 mm above the ground
[RockPrecisionFixDiag]   rock 'Kerbin Zn3010000130' 'Grass00' #80 vertex 4: ground 600188.913539 m, vertex 600188.501405 m, -412.134 mm above the ground
[RockPrecisionFixDiag]   rock 'Kerbin Zn3010000130' 'Grass00' #80 vertex 5: ground 600188.923146 m, vertex 600188.502076 m, -421.070 mm above the ground
[RockPrecisionFixDiag]   rock 'Kerbin Zn3010000130' 'Grass00' #80 vertex 6: ground 600188.913592 m, vertex 600189.684347 m, +770.756 mm above the ground
[RockPrecisionFixDiag]   rock 'Kerbin Zn3010000130' 'Grass00' #80 vertex 7: ground 600188.923195 m, vertex 600189.684998 m, +761.804 mm above the ground
[RockPrecisionFixDiag]   rock 'Kerbin Zn3010000130' 'Grass00' #81 vertex 0: ground 600189.858518 m, vertex 600189.835444 m, -23.074 mm above the ground
[RockPrecisionFixDiag]   rock 'Kerbin Zn3010000130' 'Grass00' #81 vertex 1: ground 600189.860235 m, vertex 600189.835160 m, -25.075 mm above the ground
[RockPrecisionFixDiag]   rock 'Kerbin Zn3010000130' 'Grass00' #81 vertex 2: ground 600189.858509 m, vertex 600191.070966 m, +1212.457 mm above the ground
[RockPrecisionFixDiag]   rock 'Kerbin Zn3010000130' 'Grass00' #81 vertex 3: ground 600189.860232 m, vertex 600191.070671 m, +1210.439 mm above the ground
[RockPrecisionFixDiag]   rock 'Kerbin Zn3010000130' 'Grass00' #81 vertex 4: ground 600189.858518 m, vertex 600189.835444 m, -23.074 mm above the ground
[RockPrecisionFixDiag]   rock 'Kerbin Zn3010000130' 'Grass00' #81 vertex 5: ground 600189.860235 m, vertex 600189.835160 m, -25.075 mm above the ground
[RockPrecisionFixDiag]   rock 'Kerbin Zn3010000130' 'Grass00' #81 vertex 6: ground 600189.858509 m, vertex 600191.070966 m, +1212.457 mm above the ground
[RockPrecisionFixDiag]   rock 'Kerbin Zn3010000130' 'Grass00' #81 vertex 7: ground 600189.860232 m, vertex 600191.070671 m, +1210.439 mm above the ground
[RockPrecisionFixDiag]   rock 'Kerbin Zn3010000130' 'Grass00' #82 vertex 0: ground 600189.037333 m, vertex 600188.803173 m, -234.160 mm above the ground
[RockPrecisionFixDiag]   rock 'Kerbin Zn3010000130' 'Grass00' #82 vertex 1: ground 600188.989678 m, vertex 600188.803614 m, -186.064 mm above the ground
[RockPrecisionFixDiag]   rock 'Kerbin Zn3010000130' 'Grass00' #82 vertex 2: ground 600189.037331 m, vertex 600189.884824 m, +847.493 mm above the ground
[RockPrecisionFixDiag]   rock 'Kerbin Zn3010000130' 'Grass00' #82 vertex 3: ground 600188.989682 m, vertex 600189.885265 m, +895.583 mm above the ground
[RockPrecisionFixDiag]   rock 'Kerbin Zn3010000130' 'Grass00' #82 vertex 4: ground 600189.037333 m, vertex 600188.803173 m, -234.160 mm above the ground
[RockPrecisionFixDiag]   rock 'Kerbin Zn3010000130' 'Grass00' #82 vertex 5: ground 600188.989678 m, vertex 600188.803614 m, -186.064 mm above the ground
[RockPrecisionFixDiag]   rock 'Kerbin Zn3010000130' 'Grass00' #82 vertex 6: ground 600189.037331 m, vertex 600189.884824 m, +847.493 mm above the ground
[RockPrecisionFixDiag]   rock 'Kerbin Zn3010000130' 'Grass00' #82 vertex 7: ground 600188.989682 m, vertex 600189.885265 m, +895.583 mm above the ground
[RockPrecisionFixDiag]   rock 'Kerbin Zn3010000130' 'Grass00' #83 vertex 0: ground 600213.440977 m, vertex 600213.190982 m, -249.995 mm above the ground
[RockPrecisionFixDiag]   rock 'Kerbin Zn3010000130' 'Grass00' #83 vertex 1: ground 600213.370735 m, vertex 600213.191514 m, -179.221 mm above the ground
[RockPrecisionFixDiag]   rock 'Kerbin Zn3010000130' 'Grass00' #83 vertex 2: ground 600213.440970 m, vertex 600214.348338 m, +907.368 mm above the ground
[RockPrecisionFixDiag]   rock 'Kerbin Zn3010000130' 'Grass00' #83 vertex 3: ground 600213.370667 m, vertex 600214.348869 m, +978.202 mm above the ground
[RockPrecisionFixDiag]   rock 'Kerbin Zn3010000130' 'Grass00' #83 vertex 4: ground 600213.440977 m, vertex 600213.190982 m, -249.995 mm above the ground
[RockPrecisionFixDiag]   rock 'Kerbin Zn3010000130' 'Grass00' #83 vertex 5: ground 600213.370735 m, vertex 600213.191514 m, -179.221 mm above the ground
[RockPrecisionFixDiag]   rock 'Kerbin Zn3010000130' 'Grass00' #83 vertex 6: ground 600213.440970 m, vertex 600214.348338 m, +907.368 mm above the ground
[RockPrecisionFixDiag]   rock 'Kerbin Zn3010000130' 'Grass00' #83 vertex 7: ground 600213.370667 m, vertex 600214.348869 m, +978.202 mm above the ground
[RockPrecisionFixDiag]   rock 'Kerbin Zn3010000130' 'Grass00' #84 vertex 0: ground 600205.915400 m, vertex 600205.665384 m, -250.016 mm above the ground
[RockPrecisionFixDiag]   rock 'Kerbin Zn3010000130' 'Grass00' #84 vertex 1: ground 600205.908102 m, vertex 600205.666505 m, -241.597 mm above the ground
[RockPrecisionFixDiag]   rock 'Kerbin Zn3010000130' 'Grass00' #84 vertex 2: ground 600205.915289 m, vertex 600207.375037 m, +1459.748 mm above the ground
[RockPrecisionFixDiag]   rock 'Kerbin Zn3010000130' 'Grass00' #84 vertex 3: ground 600205.908044 m, vertex 600207.376158 m, +1468.114 mm above the ground
[RockPrecisionFixDiag]   rock 'Kerbin Zn3010000130' 'Grass00' #84 vertex 4: ground 600205.915400 m, vertex 600205.665384 m, -250.016 mm above the ground
[RockPrecisionFixDiag]   rock 'Kerbin Zn3010000130' 'Grass00' #84 vertex 5: ground 600205.908102 m, vertex 600205.666505 m, -241.597 mm above the ground
[RockPrecisionFixDiag]   rock 'Kerbin Zn3010000130' 'Grass00' #84 vertex 6: ground 600205.915289 m, vertex 600207.375037 m, +1459.748 mm above the ground
[RockPrecisionFixDiag]   rock 'Kerbin Zn3010000130' 'Grass00' #84 vertex 7: ground 600205.908044 m, vertex 600207.376158 m, +1468.114 mm above the ground
[RockPrecisionFixDiag]   rock 'Kerbin Zn3010000130' 'Grass00' #85 vertex 0: ground 600191.607088 m, vertex 600191.114094 m, -492.994 mm above the ground
[RockPrecisionFixDiag]   rock 'Kerbin Zn3010000130' 'Grass00' #85 vertex 1: ground 600191.494413 m, vertex 600191.114622 m, -379.791 mm above the ground
[RockPrecisionFixDiag]   rock 'Kerbin Zn3010000130' 'Grass00' #85 vertex 2: ground 600191.607126 m, vertex 600192.683742 m, +1076.616 mm above the ground
[RockPrecisionFixDiag]   rock 'Kerbin Zn3010000130' 'Grass00' #85 vertex 3: ground 600191.494437 m, vertex 600192.684281 m, +1189.844 mm above the ground
[RockPrecisionFixDiag]   rock 'Kerbin Zn3010000130' 'Grass00' #85 vertex 4: ground 600191.607088 m, vertex 600191.114094 m, -492.994 mm above the ground
[RockPrecisionFixDiag]   rock 'Kerbin Zn3010000130' 'Grass00' #85 vertex 5: ground 600191.494413 m, vertex 600191.114622 m, -379.791 mm above the ground
[RockPrecisionFixDiag]   rock 'Kerbin Zn3010000130' 'Grass00' #85 vertex 6: ground 600191.607126 m, vertex 600192.683742 m, +1076.616 mm above the ground
[RockPrecisionFixDiag]   rock 'Kerbin Zn3010000130' 'Grass00' #85 vertex 7: ground 600191.494437 m, vertex 600192.684281 m, +1189.844 mm above the ground
[RockPrecisionFixDiag]   rock 'Kerbin Zn3010000130' 'Grass00' #86 vertex 0: ground 600203.237238 m, vertex 600202.987238 m, -250.000 mm above the ground
[RockPrecisionFixDiag]   rock 'Kerbin Zn3010000130' 'Grass00' #86 vertex 1: ground 600203.283766 m, vertex 600202.987589 m, -296.176 mm above the ground
[RockPrecisionFixDiag]   rock 'Kerbin Zn3010000130' 'Grass00' #86 vertex 2: ground 600203.237280 m, vertex 600204.088266 m, +850.986 mm above the ground
[RockPrecisionFixDiag]   rock 'Kerbin Zn3010000130' 'Grass00' #86 vertex 3: ground 600203.283772 m, vertex 600204.088617 m, +804.846 mm above the ground
[RockPrecisionFixDiag]   rock 'Kerbin Zn3010000130' 'Grass00' #86 vertex 4: ground 600203.237238 m, vertex 600202.987238 m, -250.000 mm above the ground
[RockPrecisionFixDiag]   rock 'Kerbin Zn3010000130' 'Grass00' #86 vertex 5: ground 600203.283766 m, vertex 600202.987589 m, -296.176 mm above the ground
[RockPrecisionFixDiag]   rock 'Kerbin Zn3010000130' 'Grass00' #86 vertex 6: ground 600203.237280 m, vertex 600204.088266 m, +850.986 mm above the ground
[RockPrecisionFixDiag]   rock 'Kerbin Zn3010000130' 'Grass00' #86 vertex 7: ground 600203.283772 m, vertex 600204.088617 m, +804.846 mm above the ground
[RockPrecisionFixDiag]   rock 'Kerbin Zn3010000130' 'Grass00' #87 vertex 0: ground 600202.238399 m, vertex 600201.988396 m, -250.003 mm above the ground
[RockPrecisionFixDiag]   rock 'Kerbin Zn3010000130' 'Grass00' #87 vertex 1: ground 600202.218194 m, vertex 600201.987437 m, -230.757 mm above the ground
[RockPrecisionFixDiag]   rock 'Kerbin Zn3010000130' 'Grass00' #87 vertex 2: ground 600202.238423 m, vertex 600203.288413 m, +1049.990 mm above the ground
[RockPrecisionFixDiag]   rock 'Kerbin Zn3010000130' 'Grass00' #87 vertex 3: ground 600202.218231 m, vertex 600203.287451 m, +1069.219 mm above the ground
[RockPrecisionFixDiag]   rock 'Kerbin Zn3010000130' 'Grass00' #87 vertex 4: ground 600202.238399 m, vertex 600201.988396 m, -250.003 mm above the ground
[RockPrecisionFixDiag]   rock 'Kerbin Zn3010000130' 'Grass00' #87 vertex 5: ground 600202.218194 m, vertex 600201.987437 m, -230.757 mm above the ground
[RockPrecisionFixDiag]   rock 'Kerbin Zn3010000130' 'Grass00' #87 vertex 6: ground 600202.238423 m, vertex 600203.288413 m, +1049.990 mm above the ground
[RockPrecisionFixDiag]   rock 'Kerbin Zn3010000130' 'Grass00' #87 vertex 7: ground 600202.218231 m, vertex 600203.287451 m, +1069.219 mm above the ground
[RockPrecisionFixDiag]   rock 'Kerbin Zn3010000130' 'Grass00' #88 vertex 0: ground 600194.934451 m, vertex 600194.684432 m, -250.019 mm above the ground
[RockPrecisionFixDiag]   rock 'Kerbin Zn3010000130' 'Grass00' #88 vertex 1: ground 600194.887069 m, vertex 600194.683797 m, -203.272 mm above the ground
[RockPrecisionFixDiag]   rock 'Kerbin Zn3010000130' 'Grass00' #88 vertex 2: ground 600194.934394 m, vertex 600195.851800 m, +917.406 mm above the ground
[RockPrecisionFixDiag]   rock 'Kerbin Zn3010000130' 'Grass00' #88 vertex 3: ground 600194.887004 m, vertex 600195.851155 m, +964.151 mm above the ground
[RockPrecisionFixDiag]   rock 'Kerbin Zn3010000130' 'Grass00' #88 vertex 4: ground 600194.934451 m, vertex 600194.684432 m, -250.019 mm above the ground
[RockPrecisionFixDiag]   rock 'Kerbin Zn3010000130' 'Grass00' #88 vertex 5: ground 600194.887069 m, vertex 600194.683797 m, -203.272 mm above the ground
[RockPrecisionFixDiag]   rock 'Kerbin Zn3010000130' 'Grass00' #88 vertex 6: ground 600194.934394 m, vertex 600195.851800 m, +917.406 mm above the ground
[RockPrecisionFixDiag]   rock 'Kerbin Zn3010000130' 'Grass00' #88 vertex 7: ground 600194.887004 m, vertex 600195.851155 m, +964.151 mm above the ground
[RockPrecisionFixDiag]   rock 'Kerbin Zn3010000130' 'Grass00' #89 vertex 0: ground 600202.026057 m, vertex 600201.776063 m, -249.994 mm above the ground
[RockPrecisionFixDiag]   rock 'Kerbin Zn3010000130' 'Grass00' #89 vertex 1: ground 600202.006082 m, vertex 600201.775758 m, -230.323 mm above the ground
[RockPrecisionFixDiag]   rock 'Kerbin Zn3010000130' 'Grass00' #89 vertex 2: ground 600202.026029 m, vertex 600203.271239 m, +1245.210 mm above the ground
[RockPrecisionFixDiag]   rock 'Kerbin Zn3010000130' 'Grass00' #89 vertex 3: ground 600202.006045 m, vertex 600203.270953 m, +1264.908 mm above the ground
[RockPrecisionFixDiag]   rock 'Kerbin Zn3010000130' 'Grass00' #89 vertex 4: ground 600202.026057 m, vertex 600201.776063 m, -249.994 mm above the ground
[RockPrecisionFixDiag]   rock 'Kerbin Zn3010000130' 'Grass00' #89 vertex 5: ground 600202.006082 m, vertex 600201.775758 m, -230.323 mm above the ground
[RockPrecisionFixDiag]   rock 'Kerbin Zn3010000130' 'Grass00' #89 vertex 6: ground 600202.026029 m, vertex 600203.271239 m, +1245.210 mm above the ground
[RockPrecisionFixDiag]   rock 'Kerbin Zn3010000130' 'Grass00' #89 vertex 7: ground 600202.006045 m, vertex 600203.270953 m, +1264.908 mm above the ground
[RockPrecisionFixDiag]   rock 'Kerbin Zn3010000130' 'Grass00' #90 vertex 0: ground 600191.367706 m, vertex 600191.117702 m, -250.003 mm above the ground
[RockPrecisionFixDiag]   rock 'Kerbin Zn3010000130' 'Grass00' #90 vertex 1: ground 600191.344148 m, vertex 600191.118428 m, -225.720 mm above the ground
[RockPrecisionFixDiag]   rock 'Kerbin Zn3010000130' 'Grass00' #90 vertex 2: ground 600191.367762 m, vertex 600193.035986 m, +1668.224 mm above the ground
[RockPrecisionFixDiag]   rock 'Kerbin Zn3010000130' 'Grass00' #90 vertex 3: ground 600191.344150 m, vertex 600193.036712 m, +1692.562 mm above the ground
[RockPrecisionFixDiag]   rock 'Kerbin Zn3010000130' 'Grass00' #90 vertex 4: ground 600191.367706 m, vertex 600191.117702 m, -250.003 mm above the ground
[RockPrecisionFixDiag]   rock 'Kerbin Zn3010000130' 'Grass00' #90 vertex 5: ground 600191.344148 m, vertex 600191.118428 m, -225.720 mm above the ground
[RockPrecisionFixDiag]   rock 'Kerbin Zn3010000130' 'Grass00' #90 vertex 6: ground 600191.367762 m, vertex 600193.035986 m, +1668.224 mm above the ground
[RockPrecisionFixDiag]   rock 'Kerbin Zn3010000130' 'Grass00' #90 vertex 7: ground 600191.344150 m, vertex 600193.036712 m, +1692.562 mm above the ground
[RockPrecisionFixDiag]   rock 'Kerbin Zn3010000130' 'Grass00' #91 vertex 0: ground 600203.964193 m, vertex 600203.590216 m, -373.977 mm above the ground
[RockPrecisionFixDiag]   rock 'Kerbin Zn3010000130' 'Grass00' #91 vertex 1: ground 600204.030931 m, vertex 600203.589677 m, -441.254 mm above the ground
[RockPrecisionFixDiag]   rock 'Kerbin Zn3010000130' 'Grass00' #91 vertex 2: ground 600203.964230 m, vertex 600204.671535 m, +707.305 mm above the ground
[RockPrecisionFixDiag]   rock 'Kerbin Zn3010000130' 'Grass00' #91 vertex 3: ground 600204.030960 m, vertex 600204.670995 m, +640.036 mm above the ground
[RockPrecisionFixDiag]   rock 'Kerbin Zn3010000130' 'Grass00' #91 vertex 4: ground 600203.964193 m, vertex 600203.590216 m, -373.977 mm above the ground
[RockPrecisionFixDiag]   rock 'Kerbin Zn3010000130' 'Grass00' #91 vertex 5: ground 600204.030931 m, vertex 600203.589677 m, -441.254 mm above the ground
[RockPrecisionFixDiag]   rock 'Kerbin Zn3010000130' 'Grass00' #91 vertex 6: ground 600203.964230 m, vertex 600204.671535 m, +707.305 mm above the ground
[RockPrecisionFixDiag]   rock 'Kerbin Zn3010000130' 'Grass00' #91 vertex 7: ground 600204.030960 m, vertex 600204.670995 m, +640.036 mm above the ground
[RockPrecisionFixDiag]   rock 'Kerbin Zn3010000130' 'Grass00' #92 vertex 0: ground 600188.730905 m, vertex 600188.480881 m, -250.025 mm above the ground
[RockPrecisionFixDiag]   rock 'Kerbin Zn3010000130' 'Grass00' #92 vertex 1: ground 600188.727980 m, vertex 600188.481433 m, -246.547 mm above the ground
[RockPrecisionFixDiag]   rock 'Kerbin Zn3010000130' 'Grass00' #92 vertex 2: ground 600188.730898 m, vertex 600189.600387 m, +869.489 mm above the ground
[RockPrecisionFixDiag]   rock 'Kerbin Zn3010000130' 'Grass00' #92 vertex 3: ground 600188.727945 m, vertex 600189.600940 m, +872.995 mm above the ground
[RockPrecisionFixDiag]   rock 'Kerbin Zn3010000130' 'Grass00' #92 vertex 4: ground 600188.730905 m, vertex 600188.480881 m, -250.025 mm above the ground
[RockPrecisionFixDiag]   rock 'Kerbin Zn3010000130' 'Grass00' #92 vertex 5: ground 600188.727980 m, vertex 600188.481433 m, -246.547 mm above the ground
[RockPrecisionFixDiag]   rock 'Kerbin Zn3010000130' 'Grass00' #92 vertex 6: ground 600188.730898 m, vertex 600189.600387 m, +869.489 mm above the ground
[RockPrecisionFixDiag]   rock 'Kerbin Zn3010000130' 'Grass00' #92 vertex 7: ground 600188.727945 m, vertex 600189.600940 m, +872.995 mm above the ground
[RockPrecisionFixDiag]   rock 'Kerbin Zn3010000130' 'Grass00' #93 vertex 0: ground 600200.965438 m, vertex 600200.715459 m, -249.979 mm above the ground
[RockPrecisionFixDiag]   rock 'Kerbin Zn3010000130' 'Grass00' #93 vertex 1: ground 600201.126671 m, vertex 600200.714136 m, -412.535 mm above the ground
[RockPrecisionFixDiag]   rock 'Kerbin Zn3010000130' 'Grass00' #93 vertex 2: ground 600200.965553 m, vertex 600202.382400 m, +1416.847 mm above the ground
[RockPrecisionFixDiag]   rock 'Kerbin Zn3010000130' 'Grass00' #93 vertex 3: ground 600201.126802 m, vertex 600202.381053 m, +1254.251 mm above the ground
[RockPrecisionFixDiag]   rock 'Kerbin Zn3010000130' 'Grass00' #93 vertex 4: ground 600200.965438 m, vertex 600200.715459 m, -249.979 mm above the ground
[RockPrecisionFixDiag]   rock 'Kerbin Zn3010000130' 'Grass00' #93 vertex 5: ground 600201.126671 m, vertex 600200.714136 m, -412.535 mm above the ground
[RockPrecisionFixDiag]   rock 'Kerbin Zn3010000130' 'Grass00' #93 vertex 6: ground 600200.965553 m, vertex 600202.382400 m, +1416.847 mm above the ground
[RockPrecisionFixDiag]   rock 'Kerbin Zn3010000130' 'Grass00' #93 vertex 7: ground 600201.126802 m, vertex 600202.381053 m, +1254.251 mm above the ground
[RockPrecisionFixDiag]   rock 'Kerbin Zn3010000130' 'Grass00' #94 vertex 0: ground 600190.420445 m, vertex 600190.170444 m, -250.001 mm above the ground
[RockPrecisionFixDiag]   rock 'Kerbin Zn3010000130' 'Grass00' #94 vertex 1: ground 600190.398467 m, vertex 600190.170517 m, -227.950 mm above the ground
[RockPrecisionFixDiag]   rock 'Kerbin Zn3010000130' 'Grass00' #94 vertex 2: ground 600190.420438 m, vertex 600191.317320 m, +896.882 mm above the ground
[RockPrecisionFixDiag]   rock 'Kerbin Zn3010000130' 'Grass00' #94 vertex 3: ground 600190.398455 m, vertex 600191.317393 m, +918.938 mm above the ground
[RockPrecisionFixDiag]   rock 'Kerbin Zn3010000130' 'Grass00' #94 vertex 4: ground 600190.420445 m, vertex 600190.170444 m, -250.001 mm above the ground
[RockPrecisionFixDiag]   rock 'Kerbin Zn3010000130' 'Grass00' #94 vertex 5: ground 600190.398467 m, vertex 600190.170517 m, -227.950 mm above the ground
[RockPrecisionFixDiag]   rock 'Kerbin Zn3010000130' 'Grass00' #94 vertex 6: ground 600190.420438 m, vertex 600191.317320 m, +896.882 mm above the ground
[RockPrecisionFixDiag]   rock 'Kerbin Zn3010000130' 'Grass00' #94 vertex 7: ground 600190.398455 m, vertex 600191.317393 m, +918.938 mm above the ground
[RockPrecisionFixDiag]   rock 'Kerbin Zn3010000130' 'Grass00' #95 vertex 0: ground 600206.611013 m, vertex 600206.361005 m, -250.008 mm above the ground
[RockPrecisionFixDiag]   rock 'Kerbin Zn3010000130' 'Grass00' #95 vertex 1: ground 600206.599494 m, vertex 600206.362079 m, -237.414 mm above the ground
[RockPrecisionFixDiag]   rock 'Kerbin Zn3010000130' 'Grass00' #95 vertex 2: ground 600206.611054 m, vertex 600207.985771 m, +1374.718 mm above the ground
[RockPrecisionFixDiag]   rock 'Kerbin Zn3010000130' 'Grass00' #95 vertex 3: ground 600206.599561 m, vertex 600207.986846 m, +1387.284 mm above the ground
[RockPrecisionFixDiag]   rock 'Kerbin Zn3010000130' 'Grass00' #95 vertex 4: ground 600206.611013 m, vertex 600206.361005 m, -250.008 mm above the ground
[RockPrecisionFixDiag]   rock 'Kerbin Zn3010000130' 'Grass00' #95 vertex 5: ground 600206.599494 m, vertex 600206.362079 m, -237.414 mm above the ground
[RockPrecisionFixDiag]   rock 'Kerbin Zn3010000130' 'Grass00' #95 vertex 6: ground 600206.611054 m, vertex 600207.985771 m, +1374.718 mm above the ground
[RockPrecisionFixDiag]   rock 'Kerbin Zn3010000130' 'Grass00' #95 vertex 7: ground 600206.599561 m, vertex 600207.986846 m, +1387.284 mm above the ground
[RockPrecisionFixDiag]   rock 'Kerbin Zn3010000130' 'Grass00' #96 vertex 0: ground 600191.319748 m, vertex 600191.069758 m, -249.991 mm above the ground
[RockPrecisionFixDiag]   rock 'Kerbin Zn3010000130' 'Grass00' #96 vertex 1: ground 600191.291838 m, vertex 600191.069452 m, -222.385 mm above the ground
[RockPrecisionFixDiag]   rock 'Kerbin Zn3010000130' 'Grass00' #96 vertex 2: ground 600191.319727 m, vertex 600192.115171 m, +795.443 mm above the ground
[RockPrecisionFixDiag]   rock 'Kerbin Zn3010000130' 'Grass00' #96 vertex 3: ground 600191.291813 m, vertex 600192.114865 m, +823.053 mm above the ground
[RockPrecisionFixDiag]   rock 'Kerbin Zn3010000130' 'Grass00' #96 vertex 4: ground 600191.319748 m, vertex 600191.069758 m, -249.991 mm above the ground
[RockPrecisionFixDiag]   rock 'Kerbin Zn3010000130' 'Grass00' #96 vertex 5: ground 600191.291838 m, vertex 600191.069452 m, -222.385 mm above the ground
[RockPrecisionFixDiag]   rock 'Kerbin Zn3010000130' 'Grass00' #96 vertex 6: ground 600191.319727 m, vertex 600192.115171 m, +795.443 mm above the ground
[RockPrecisionFixDiag]   rock 'Kerbin Zn3010000130' 'Grass00' #96 vertex 7: ground 600191.291813 m, vertex 600192.114865 m, +823.053 mm above the ground
[RockPrecisionFixDiag]   rock 'Kerbin Zn3010000130' 'Grass00' #97 vertex 0: ground 600195.540414 m, vertex 600195.290409 m, -250.006 mm above the ground
[RockPrecisionFixDiag]   rock 'Kerbin Zn3010000130' 'Grass00' #97 vertex 1: ground 600195.647973 m, vertex 600195.290410 m, -357.564 mm above the ground
[RockPrecisionFixDiag]   rock 'Kerbin Zn3010000130' 'Grass00' #97 vertex 2: ground 600195.540431 m, vertex 600197.161709 m, +1621.277 mm above the ground
[RockPrecisionFixDiag]   rock 'Kerbin Zn3010000130' 'Grass00' #97 vertex 3: ground 600195.648001 m, vertex 600197.161715 m, +1513.714 mm above the ground
[RockPrecisionFixDiag]   rock 'Kerbin Zn3010000130' 'Grass00' #97 vertex 4: ground 600195.540414 m, vertex 600195.290409 m, -250.006 mm above the ground
[RockPrecisionFixDiag]   rock 'Kerbin Zn3010000130' 'Grass00' #97 vertex 5: ground 600195.647973 m, vertex 600195.290410 m, -357.564 mm above the ground
[RockPrecisionFixDiag]   rock 'Kerbin Zn3010000130' 'Grass00' #97 vertex 6: ground 600195.540431 m, vertex 600197.161709 m, +1621.277 mm above the ground
[RockPrecisionFixDiag]   rock 'Kerbin Zn3010000130' 'Grass00' #97 vertex 7: ground 600195.648001 m, vertex 600197.161715 m, +1513.714 mm above the ground
[RockPrecisionFixDiag]   rock 'Kerbin Zn3010000130' 'Grass00' #98 vertex 0: ground 600186.429071 m, vertex 600186.255272 m, -173.799 mm above the ground
[RockPrecisionFixDiag]   rock 'Kerbin Zn3010000130' 'Grass00' #98 vertex 1: ground 600186.428960 m, vertex 600186.256482 m, -172.478 mm above the ground
[RockPrecisionFixDiag]   rock 'Kerbin Zn3010000130' 'Grass00' #98 vertex 2: ground 600186.429071 m, vertex 600187.949592 m, +1520.521 mm above the ground
[RockPrecisionFixDiag]   rock 'Kerbin Zn3010000130' 'Grass00' #98 vertex 3: ground 600186.428953 m, vertex 600187.950798 m, +1521.845 mm above the ground
[RockPrecisionFixDiag]   rock 'Kerbin Zn3010000130' 'Grass00' #98 vertex 4: ground 600186.429071 m, vertex 600186.255272 m, -173.799 mm above the ground
[RockPrecisionFixDiag]   rock 'Kerbin Zn3010000130' 'Grass00' #98 vertex 5: ground 600186.428960 m, vertex 600186.256482 m, -172.478 mm above the ground
[RockPrecisionFixDiag]   rock 'Kerbin Zn3010000130' 'Grass00' #98 vertex 6: ground 600186.429071 m, vertex 600187.949592 m, +1520.521 mm above the ground
[RockPrecisionFixDiag]   rock 'Kerbin Zn3010000130' 'Grass00' #98 vertex 7: ground 600186.428953 m, vertex 600187.950798 m, +1521.845 mm above the ground
[RockPrecisionFixDiag]   rock 'Kerbin Zn3010000130' 'Grass00' #99 vertex 0: ground 600199.970229 m, vertex 600199.720230 m, -249.999 mm above the ground
[RockPrecisionFixDiag]   rock 'Kerbin Zn3010000130' 'Grass00' #99 vertex 1: ground 600200.030955 m, vertex 600199.720506 m, -310.449 mm above the ground
[RockPrecisionFixDiag]   rock 'Kerbin Zn3010000130' 'Grass00' #99 vertex 2: ground 600199.970218 m, vertex 600200.959116 m, +988.898 mm above the ground
[RockPrecisionFixDiag]   rock 'Kerbin Zn3010000130' 'Grass00' #99 vertex 3: ground 600200.030944 m, vertex 600200.959393 m, +928.448 mm above the ground
[RockPrecisionFixDiag]   rock 'Kerbin Zn3010000130' 'Grass00' #99 vertex 4: ground 600199.970229 m, vertex 600199.720230 m, -249.999 mm above the ground
[RockPrecisionFixDiag]   rock 'Kerbin Zn3010000130' 'Grass00' #99 vertex 5: ground 600200.030955 m, vertex 600199.720506 m, -310.449 mm above the ground
[RockPrecisionFixDiag]   rock 'Kerbin Zn3010000130' 'Grass00' #99 vertex 6: ground 600199.970218 m, vertex 600200.959116 m, +988.898 mm above the ground
[RockPrecisionFixDiag]   rock 'Kerbin Zn3010000130' 'Grass00' #99 vertex 7: ground 600200.030944 m, vertex 600200.959393 m, +928.448 mm above the ground
[RockPrecisionFixDiag]   rock 'Kerbin Zn3010000130' 'Grass00' #100 vertex 0: ground 600204.351694 m, vertex 600204.101685 m, -250.009 mm above the ground
[RockPrecisionFixDiag]   rock 'Kerbin Zn3010000130' 'Grass00' #100 vertex 1: ground 600204.298039 m, vertex 600204.100814 m, -197.225 mm above the ground
[RockPrecisionFixDiag]   rock 'Kerbin Zn3010000130' 'Grass00' #100 vertex 2: ground 600204.351666 m, vertex 600205.745660 m, +1393.994 mm above the ground
[RockPrecisionFixDiag]   rock 'Kerbin Zn3010000130' 'Grass00' #100 vertex 3: ground 600204.297991 m, vertex 600205.744766 m, +1446.774 mm above the ground
[RockPrecisionFixDiag]   rock 'Kerbin Zn3010000130' 'Grass00' #100 vertex 4: ground 600204.351694 m, vertex 600204.101685 m, -250.009 mm above the ground
[RockPrecisionFixDiag]   rock 'Kerbin Zn3010000130' 'Grass00' #100 vertex 5: ground 600204.298039 m, vertex 600204.100814 m, -197.225 mm above the ground
[RockPrecisionFixDiag]   rock 'Kerbin Zn3010000130' 'Grass00' #100 vertex 6: ground 600204.351666 m, vertex 600205.745660 m, +1393.994 mm above the ground
[RockPrecisionFixDiag]   rock 'Kerbin Zn3010000130' 'Grass00' #100 vertex 7: ground 600204.297991 m, vertex 600205.744766 m, +1446.774 mm above the ground
[RockPrecisionFixDiag]   rock 'Kerbin Zn3010000130' 'Grass00' #101 vertex 0: ground 600186.810400 m, vertex 600186.560401 m, -250.000 mm above the ground
[RockPrecisionFixDiag]   rock 'Kerbin Zn3010000130' 'Grass00' #101 vertex 1: ground 600186.797683 m, vertex 600186.560280 m, -237.404 mm above the ground
[RockPrecisionFixDiag]   rock 'Kerbin Zn3010000130' 'Grass00' #101 vertex 2: ground 600186.810419 m, vertex 600188.544361 m, +1733.942 mm above the ground
[RockPrecisionFixDiag]   rock 'Kerbin Zn3010000130' 'Grass00' #101 vertex 3: ground 600186.797700 m, vertex 600188.544240 m, +1746.539 mm above the ground
[RockPrecisionFixDiag]   rock 'Kerbin Zn3010000130' 'Grass00' #101 vertex 4: ground 600186.810400 m, vertex 600186.560401 m, -250.000 mm above the ground
[RockPrecisionFixDiag]   rock 'Kerbin Zn3010000130' 'Grass00' #101 vertex 5: ground 600186.797683 m, vertex 600186.560280 m, -237.404 mm above the ground
[RockPrecisionFixDiag]   rock 'Kerbin Zn3010000130' 'Grass00' #101 vertex 6: ground 600186.810419 m, vertex 600188.544361 m, +1733.942 mm above the ground
[RockPrecisionFixDiag]   rock 'Kerbin Zn3010000130' 'Grass00' #101 vertex 7: ground 600186.797700 m, vertex 600188.544240 m, +1746.539 mm above the ground
[RockPrecisionFixDiag]   rock 'Kerbin Zn3010000130' 'Grass00' #102 vertex 0: ground 600203.410492 m, vertex 600203.160476 m, -250.016 mm above the ground
[RockPrecisionFixDiag]   rock 'Kerbin Zn3010000130' 'Grass00' #102 vertex 1: ground 600203.485831 m, vertex 600203.159941 m, -325.890 mm above the ground
[RockPrecisionFixDiag]   rock 'Kerbin Zn3010000130' 'Grass00' #102 vertex 2: ground 600203.410521 m, vertex 600204.445644 m, +1035.124 mm above the ground
[RockPrecisionFixDiag]   rock 'Kerbin Zn3010000130' 'Grass00' #102 vertex 3: ground 600203.485850 m, vertex 600204.445101 m, +959.250 mm above the ground
[RockPrecisionFixDiag]   rock 'Kerbin Zn3010000130' 'Grass00' #102 vertex 4: ground 600203.410492 m, vertex 600203.160476 m, -250.016 mm above the ground
[RockPrecisionFixDiag]   rock 'Kerbin Zn3010000130' 'Grass00' #102 vertex 5: ground 600203.485831 m, vertex 600203.159941 m, -325.890 mm above the ground
[RockPrecisionFixDiag]   rock 'Kerbin Zn3010000130' 'Grass00' #102 vertex 6: ground 600203.410521 m, vertex 600204.445644 m, +1035.124 mm above the ground
[RockPrecisionFixDiag]   rock 'Kerbin Zn3010000130' 'Grass00' #102 vertex 7: ground 600203.485850 m, vertex 600204.445101 m, +959.250 mm above the ground
[RockPrecisionFixDiag]   rock 'Kerbin Zn3010000130' 'Grass00' #103 vertex 0: ground 600197.449720 m, vertex 600197.476724 m, +27.005 mm above the ground
[RockPrecisionFixDiag]   rock 'Kerbin Zn3010000130' 'Grass00' #103 vertex 1: ground 600197.489179 m, vertex 600197.475926 m, -13.254 mm above the ground
[RockPrecisionFixDiag]   rock 'Kerbin Zn3010000130' 'Grass00' #103 vertex 2: ground 600197.449734 m, vertex 600199.334228 m, +1884.494 mm above the ground
[RockPrecisionFixDiag]   rock 'Kerbin Zn3010000130' 'Grass00' #103 vertex 3: ground 600197.489194 m, vertex 600199.333429 m, +1844.235 mm above the ground
[RockPrecisionFixDiag]   rock 'Kerbin Zn3010000130' 'Grass00' #103 vertex 4: ground 600197.449720 m, vertex 600197.476724 m, +27.005 mm above the ground
[RockPrecisionFixDiag]   rock 'Kerbin Zn3010000130' 'Grass00' #103 vertex 5: ground 600197.489179 m, vertex 600197.475926 m, -13.254 mm above the ground
[RockPrecisionFixDiag]   rock 'Kerbin Zn3010000130' 'Grass00' #103 vertex 6: ground 600197.449734 m, vertex 600199.334228 m, +1884.494 mm above the ground
[RockPrecisionFixDiag]   rock 'Kerbin Zn3010000130' 'Grass00' #103 vertex 7: ground 600197.489194 m, vertex 600199.333429 m, +1844.235 mm above the ground
[RockPrecisionFixDiag]   rock 'Kerbin Zn3010000130' 'Grass00' #104 vertex 0: ground 600205.716372 m, vertex 600205.466409 m, -249.963 mm above the ground
[RockPrecisionFixDiag]   rock 'Kerbin Zn3010000130' 'Grass00' #104 vertex 1: ground 600205.776463 m, vertex 600205.465249 m, -311.214 mm above the ground
[RockPrecisionFixDiag]   rock 'Kerbin Zn3010000130' 'Grass00' #104 vertex 2: ground 600205.716404 m, vertex 600207.272080 m, +1555.677 mm above the ground
[RockPrecisionFixDiag]   rock 'Kerbin Zn3010000130' 'Grass00' #104 vertex 3: ground 600205.776472 m, vertex 600207.270940 m, +1494.468 mm above the ground
[RockPrecisionFixDiag]   rock 'Kerbin Zn3010000130' 'Grass00' #104 vertex 4: ground 600205.716372 m, vertex 600205.466409 m, -249.963 mm above the ground
[RockPrecisionFixDiag]   rock 'Kerbin Zn3010000130' 'Grass00' #104 vertex 5: ground 600205.776463 m, vertex 600205.465249 m, -311.214 mm above the ground
[RockPrecisionFixDiag]   rock 'Kerbin Zn3010000130' 'Grass00' #104 vertex 6: ground 600205.716404 m, vertex 600207.272080 m, +1555.677 mm above the ground
[RockPrecisionFixDiag]   rock 'Kerbin Zn3010000130' 'Grass00' #104 vertex 7: ground 600205.776472 m, vertex 600207.270940 m, +1494.468 mm above the ground
[RockPrecisionFixDiag]   rock 'Kerbin Zn3010000130' 'Grass00' #105 vertex 0: ground 600194.697428 m, vertex 600194.532480 m, -164.948 mm above the ground
[RockPrecisionFixDiag]   rock 'Kerbin Zn3010000130' 'Grass00' #105 vertex 1: ground 600194.532799 m, vertex 600194.534172 m, +1.373 mm above the ground
[RockPrecisionFixDiag]   rock 'Kerbin Zn3010000130' 'Grass00' #105 vertex 2: ground 600194.697553 m, vertex 600196.441175 m, +1743.622 mm above the ground
[RockPrecisionFixDiag]   rock 'Kerbin Zn3010000130' 'Grass00' #105 vertex 3: ground 600194.532917 m, vertex 600196.442863 m, +1909.946 mm above the ground
[RockPrecisionFixDiag]   rock 'Kerbin Zn3010000130' 'Grass00' #105 vertex 4: ground 600194.697428 m, vertex 600194.532480 m, -164.948 mm above the ground
[RockPrecisionFixDiag]   rock 'Kerbin Zn3010000130' 'Grass00' #105 vertex 5: ground 600194.532799 m, vertex 600194.534172 m, +1.373 mm above the ground
[RockPrecisionFixDiag]   rock 'Kerbin Zn3010000130' 'Grass00' #105 vertex 6: ground 600194.697553 m, vertex 600196.441175 m, +1743.622 mm above the ground
[RockPrecisionFixDiag]   rock 'Kerbin Zn3010000130' 'Grass00' #105 vertex 7: ground 600194.532917 m, vertex 600196.442863 m, +1909.946 mm above the ground
[RockPrecisionFixDiag]   rock 'Kerbin Zn3010000130' 'Grass00' #106 vertex 0: ground 600191.354322 m, vertex 600191.846538 m, +492.216 mm above the ground
[RockPrecisionFixDiag]   rock 'Kerbin Zn3010000130' 'Grass00' #106 vertex 1: ground 600191.367927 m, vertex 600191.846890 m, +478.963 mm above the ground
[RockPrecisionFixDiag]   rock 'Kerbin Zn3010000130' 'Grass00' #106 vertex 2: ground 600191.354384 m, vertex 600192.995992 m, +1641.609 mm above the ground
[RockPrecisionFixDiag]   rock 'Kerbin Zn3010000130' 'Grass00' #106 vertex 3: ground 600191.367988 m, vertex 600192.996335 m, +1628.346 mm above the ground
[RockPrecisionFixDiag]   rock 'Kerbin Zn3010000130' 'Grass00' #106 vertex 4: ground 600191.354322 m, vertex 600191.846538 m, +492.216 mm above the ground
[RockPrecisionFixDiag]   rock 'Kerbin Zn3010000130' 'Grass00' #106 vertex 5: ground 600191.367927 m, vertex 600191.846890 m, +478.963 mm above the ground
[RockPrecisionFixDiag]   rock 'Kerbin Zn3010000130' 'Grass00' #106 vertex 6: ground 600191.354384 m, vertex 600192.995992 m, +1641.609 mm above the ground
[RockPrecisionFixDiag]   rock 'Kerbin Zn3010000130' 'Grass00' #106 vertex 7: ground 600191.367988 m, vertex 600192.996335 m, +1628.346 mm above the ground
[RockPrecisionFixDiag]   rock 'Kerbin Zn3010000130' 'Grass00' #107 vertex 0: ground 600202.398947 m, vertex 600202.148951 m, -249.995 mm above the ground
[RockPrecisionFixDiag]   rock 'Kerbin Zn3010000130' 'Grass00' #107 vertex 1: ground 600202.414741 m, vertex 600202.147741 m, -267.000 mm above the ground
[RockPrecisionFixDiag]   rock 'Kerbin Zn3010000130' 'Grass00' #107 vertex 2: ground 600202.398971 m, vertex 600203.841113 m, +1442.142 mm above the ground
[RockPrecisionFixDiag]   rock 'Kerbin Zn3010000130' 'Grass00' #107 vertex 3: ground 600202.414705 m, vertex 600203.839922 m, +1425.217 mm above the ground
[RockPrecisionFixDiag]   rock 'Kerbin Zn3010000130' 'Grass00' #107 vertex 4: ground 600202.398947 m, vertex 600202.148951 m, -249.995 mm above the ground
[RockPrecisionFixDiag]   rock 'Kerbin Zn3010000130' 'Grass00' #107 vertex 5: ground 600202.414741 m, vertex 600202.147741 m, -267.000 mm above the ground
[RockPrecisionFixDiag]   rock 'Kerbin Zn3010000130' 'Grass00' #107 vertex 6: ground 600202.398971 m, vertex 600203.841113 m, +1442.142 mm above the ground
[RockPrecisionFixDiag]   rock 'Kerbin Zn3010000130' 'Grass00' #107 vertex 7: ground 600202.414705 m, vertex 600203.839922 m, +1425.217 mm above the ground
[RockPrecisionFixDiag]   rock 'Kerbin Zn3010000130' 'Grass00' #108 vertex 0: ground 600200.317855 m, vertex 600200.067846 m, -250.009 mm above the ground
[RockPrecisionFixDiag]   rock 'Kerbin Zn3010000130' 'Grass00' #108 vertex 1: ground 600200.358222 m, vertex 600200.067088 m, -291.133 mm above the ground
[RockPrecisionFixDiag]   rock 'Kerbin Zn3010000130' 'Grass00' #108 vertex 2: ground 600200.317850 m, vertex 600201.210211 m, +892.361 mm above the ground
[RockPrecisionFixDiag]   rock 'Kerbin Zn3010000130' 'Grass00' #108 vertex 3: ground 600200.358227 m, vertex 600201.209476 m, +851.249 mm above the ground
[RockPrecisionFixDiag]   rock 'Kerbin Zn3010000130' 'Grass00' #108 vertex 4: ground 600200.317855 m, vertex 600200.067846 m, -250.009 mm above the ground
[RockPrecisionFixDiag]   rock 'Kerbin Zn3010000130' 'Grass00' #108 vertex 5: ground 600200.358222 m, vertex 600200.067088 m, -291.133 mm above the ground
[RockPrecisionFixDiag]   rock 'Kerbin Zn3010000130' 'Grass00' #108 vertex 6: ground 600200.317850 m, vertex 600201.210211 m, +892.361 mm above the ground
[RockPrecisionFixDiag]   rock 'Kerbin Zn3010000130' 'Grass00' #108 vertex 7: ground 600200.358227 m, vertex 600201.209476 m, +851.249 mm above the ground
[RockPrecisionFixDiag]   rock 'Kerbin Zn3010000130' 'Grass00' #109 vertex 0: ground 600217.215763 m, vertex 600216.965769 m, -249.994 mm above the ground
[RockPrecisionFixDiag]   rock 'Kerbin Zn3010000130' 'Grass00' #109 vertex 1: ground 600217.208420 m, vertex 600216.966580 m, -241.839 mm above the ground
[RockPrecisionFixDiag]   rock 'Kerbin Zn3010000130' 'Grass00' #109 vertex 2: ground 600217.215833 m, vertex 600218.271987 m, +1056.154 mm above the ground
[RockPrecisionFixDiag]   rock 'Kerbin Zn3010000130' 'Grass00' #109 vertex 3: ground 600217.208426 m, vertex 600218.272800 m, +1064.374 mm above the ground
[RockPrecisionFixDiag]   rock 'Kerbin Zn3010000130' 'Grass00' #109 vertex 4: ground 600217.215763 m, vertex 600216.965769 m, -249.994 mm above the ground
[RockPrecisionFixDiag]   rock 'Kerbin Zn3010000130' 'Grass00' #109 vertex 5: ground 600217.208420 m, vertex 600216.966580 m, -241.839 mm above the ground
[RockPrecisionFixDiag]   rock 'Kerbin Zn3010000130' 'Grass00' #109 vertex 6: ground 600217.215833 m, vertex 600218.271987 m, +1056.154 mm above the ground
[RockPrecisionFixDiag]   rock 'Kerbin Zn3010000130' 'Grass00' #109 vertex 7: ground 600217.208426 m, vertex 600218.272800 m, +1064.374 mm above the ground
[RockPrecisionFixDiag]   rock 'Kerbin Zn3010000130' 'Grass00' #110 vertex 0: ground 600202.918009 m, vertex 600202.668012 m, -249.997 mm above the ground
[RockPrecisionFixDiag]   rock 'Kerbin Zn3010000130' 'Grass00' #110 vertex 1: ground 600202.863813 m, vertex 600202.667155 m, -196.658 mm above the ground
[RockPrecisionFixDiag]   rock 'Kerbin Zn3010000130' 'Grass00' #110 vertex 2: ground 600202.917989 m, vertex 600204.343030 m, +1425.041 mm above the ground
[RockPrecisionFixDiag]   rock 'Kerbin Zn3010000130' 'Grass00' #110 vertex 3: ground 600202.863785 m, vertex 600204.342196 m, +1478.411 mm above the ground
[RockPrecisionFixDiag]   rock 'Kerbin Zn3010000130' 'Grass00' #110 vertex 4: ground 600202.918009 m, vertex 600202.668012 m, -249.997 mm above the ground
[RockPrecisionFixDiag]   rock 'Kerbin Zn3010000130' 'Grass00' #110 vertex 5: ground 600202.863813 m, vertex 600202.667155 m, -196.658 mm above the ground
[RockPrecisionFixDiag]   rock 'Kerbin Zn3010000130' 'Grass00' #110 vertex 6: ground 600202.917989 m, vertex 600204.343030 m, +1425.041 mm above the ground
[RockPrecisionFixDiag]   rock 'Kerbin Zn3010000130' 'Grass00' #110 vertex 7: ground 600202.863785 m, vertex 600204.342196 m, +1478.411 mm above the ground
[RockPrecisionFixDiag]   rock 'Kerbin Zn3010000130' 'Grass00' #111 vertex 0: ground 600193.168974 m, vertex 600192.918971 m, -250.003 mm above the ground
[RockPrecisionFixDiag]   rock 'Kerbin Zn3010000130' 'Grass00' #111 vertex 1: ground 600193.107413 m, vertex 600192.919312 m, -188.101 mm above the ground
[RockPrecisionFixDiag]   rock 'Kerbin Zn3010000130' 'Grass00' #111 vertex 2: ground 600193.169003 m, vertex 600194.396187 m, +1227.184 mm above the ground
[RockPrecisionFixDiag]   rock 'Kerbin Zn3010000130' 'Grass00' #111 vertex 3: ground 600193.107435 m, vertex 600194.396528 m, +1289.093 mm above the ground
[RockPrecisionFixDiag]   rock 'Kerbin Zn3010000130' 'Grass00' #111 vertex 4: ground 600193.168974 m, vertex 600192.918971 m, -250.003 mm above the ground
[RockPrecisionFixDiag]   rock 'Kerbin Zn3010000130' 'Grass00' #111 vertex 5: ground 600193.107413 m, vertex 600192.919312 m, -188.101 mm above the ground
[RockPrecisionFixDiag]   rock 'Kerbin Zn3010000130' 'Grass00' #111 vertex 6: ground 600193.169003 m, vertex 600194.396187 m, +1227.184 mm above the ground
[RockPrecisionFixDiag]   rock 'Kerbin Zn3010000130' 'Grass00' #111 vertex 7: ground 600193.107435 m, vertex 600194.396528 m, +1289.093 mm above the ground
[RockPrecisionFixDiag]   rock 'Kerbin Zn3010000130' 'Grass00' #112 vertex 0: ground 600203.164727 m, vertex 600204.192468 m, +1027.741 mm above the ground
[RockPrecisionFixDiag]   rock 'Kerbin Zn3010000130' 'Grass00' #112 vertex 1: ground 600203.075519 m, vertex 600204.191032 m, +1115.513 mm above the ground
[RockPrecisionFixDiag]   rock 'Kerbin Zn3010000130' 'Grass00' #112 vertex 2: ground 600203.164650 m, vertex 600206.192396 m, +3027.746 mm above the ground
[RockPrecisionFixDiag]   rock 'Kerbin Zn3010000130' 'Grass00' #112 vertex 3: ground 600203.075439 m, vertex 600206.190938 m, +3115.499 mm above the ground
[RockPrecisionFixDiag]   rock 'Kerbin Zn3010000130' 'Grass00' #112 vertex 4: ground 600203.164727 m, vertex 600204.192468 m, +1027.741 mm above the ground
[RockPrecisionFixDiag]   rock 'Kerbin Zn3010000130' 'Grass00' #112 vertex 5: ground 600203.075519 m, vertex 600204.191032 m, +1115.513 mm above the ground
[RockPrecisionFixDiag]   rock 'Kerbin Zn3010000130' 'Grass00' #112 vertex 6: ground 600203.164650 m, vertex 600206.192396 m, +3027.746 mm above the ground
[RockPrecisionFixDiag]   rock 'Kerbin Zn3010000130' 'Grass00' #112 vertex 7: ground 600203.075439 m, vertex 600206.190938 m, +3115.499 mm above the ground
[RockPrecisionFixDiag]   rock 'Kerbin Zn3010000130' 'Grass00' #113 vertex 0: ground 600204.789241 m, vertex 600204.539245 m, -249.996 mm above the ground
[RockPrecisionFixDiag]   rock 'Kerbin Zn3010000130' 'Grass00' #113 vertex 1: ground 600204.761617 m, vertex 600204.538657 m, -222.960 mm above the ground
[RockPrecisionFixDiag]   rock 'Kerbin Zn3010000130' 'Grass00' #113 vertex 2: ground 600204.789252 m, vertex 600206.492757 m, +1703.506 mm above the ground
[RockPrecisionFixDiag]   rock 'Kerbin Zn3010000130' 'Grass00' #113 vertex 3: ground 600204.761495 m, vertex 600206.492166 m, +1730.671 mm above the ground
[RockPrecisionFixDiag]   rock 'Kerbin Zn3010000130' 'Grass00' #113 vertex 4: ground 600204.789241 m, vertex 600204.539245 m, -249.996 mm above the ground
[RockPrecisionFixDiag]   rock 'Kerbin Zn3010000130' 'Grass00' #113 vertex 5: ground 600204.761617 m, vertex 600204.538657 m, -222.960 mm above the ground
[RockPrecisionFixDiag]   rock 'Kerbin Zn3010000130' 'Grass00' #113 vertex 6: ground 600204.789252 m, vertex 600206.492757 m, +1703.506 mm above the ground
[RockPrecisionFixDiag]   rock 'Kerbin Zn3010000130' 'Grass00' #113 vertex 7: ground 600204.761495 m, vertex 600206.492166 m, +1730.671 mm above the ground
[RockPrecisionFixDiag]   rock 'Kerbin Zn3010000130' 'Grass00' #114 vertex 0: ground 600191.504360 m, vertex 600191.254343 m, -250.017 mm above the ground
[RockPrecisionFixDiag]   rock 'Kerbin Zn3010000130' 'Grass00' #114 vertex 1: ground 600191.507397 m, vertex 600191.255020 m, -252.377 mm above the ground
[RockPrecisionFixDiag]   rock 'Kerbin Zn3010000130' 'Grass00' #114 vertex 2: ground 600191.504342 m, vertex 600192.401281 m, +896.939 mm above the ground
[RockPrecisionFixDiag]   rock 'Kerbin Zn3010000130' 'Grass00' #114 vertex 3: ground 600191.507356 m, vertex 600192.401938 m, +894.583 mm above the ground
[RockPrecisionFixDiag]   rock 'Kerbin Zn3010000130' 'Grass00' #114 vertex 4: ground 600191.504360 m, vertex 600191.254343 m, -250.017 mm above the ground
[RockPrecisionFixDiag]   rock 'Kerbin Zn3010000130' 'Grass00' #114 vertex 5: ground 600191.507397 m, vertex 600191.255020 m, -252.377 mm above the ground
[RockPrecisionFixDiag]   rock 'Kerbin Zn3010000130' 'Grass00' #114 vertex 6: ground 600191.504342 m, vertex 600192.401281 m, +896.939 mm above the ground
[RockPrecisionFixDiag]   rock 'Kerbin Zn3010000130' 'Grass00' #114 vertex 7: ground 600191.507356 m, vertex 600192.401938 m, +894.583 mm above the ground
[RockPrecisionFixDiag]   rock 'Kerbin Zn3010000130' 'Grass00' #115 vertex 0: ground 600189.794468 m, vertex 600189.544472 m, -249.996 mm above the ground
[RockPrecisionFixDiag]   rock 'Kerbin Zn3010000130' 'Grass00' #115 vertex 1: ground 600189.789556 m, vertex 600189.544243 m, -245.313 mm above the ground
[RockPrecisionFixDiag]   rock 'Kerbin Zn3010000130' 'Grass00' #115 vertex 2: ground 600189.794484 m, vertex 600190.575196 m, +780.713 mm above the ground
[RockPrecisionFixDiag]   rock 'Kerbin Zn3010000130' 'Grass00' #115 vertex 3: ground 600189.789557 m, vertex 600190.574968 m, +785.411 mm above the ground
[RockPrecisionFixDiag]   rock 'Kerbin Zn3010000130' 'Grass00' #115 vertex 4: ground 600189.794468 m, vertex 600189.544472 m, -249.996 mm above the ground
[RockPrecisionFixDiag]   rock 'Kerbin Zn3010000130' 'Grass00' #115 vertex 5: ground 600189.789556 m, vertex 600189.544243 m, -245.313 mm above the ground
[RockPrecisionFixDiag]   rock 'Kerbin Zn3010000130' 'Grass00' #115 vertex 6: ground 600189.794484 m, vertex 600190.575196 m, +780.713 mm above the ground
[RockPrecisionFixDiag]   rock 'Kerbin Zn3010000130' 'Grass00' #115 vertex 7: ground 600189.789557 m, vertex 600190.574968 m, +785.411 mm above the ground
[RockPrecisionFixDiag]   rock 'Kerbin Zn3010000130' 'Grass00' #116 vertex 0: ground 600205.739544 m, vertex 600205.480771 m, -258.773 mm above the ground
[RockPrecisionFixDiag]   rock 'Kerbin Zn3010000130' 'Grass00' #116 vertex 1: ground 600205.769691 m, vertex 600205.480274 m, -289.417 mm above the ground
[RockPrecisionFixDiag]   rock 'Kerbin Zn3010000130' 'Grass00' #116 vertex 2: ground 600205.739564 m, vertex 600206.557825 m, +818.261 mm above the ground
[RockPrecisionFixDiag]   rock 'Kerbin Zn3010000130' 'Grass00' #116 vertex 3: ground 600205.769694 m, vertex 600206.557339 m, +787.645 mm above the ground
[RockPrecisionFixDiag]   rock 'Kerbin Zn3010000130' 'Grass00' #116 vertex 4: ground 600205.739544 m, vertex 600205.480771 m, -258.773 mm above the ground
[RockPrecisionFixDiag]   rock 'Kerbin Zn3010000130' 'Grass00' #116 vertex 5: ground 600205.769691 m, vertex 600205.480274 m, -289.417 mm above the ground
[RockPrecisionFixDiag]   rock 'Kerbin Zn3010000130' 'Grass00' #116 vertex 6: ground 600205.739564 m, vertex 600206.557825 m, +818.261 mm above the ground
[RockPrecisionFixDiag]   rock 'Kerbin Zn3010000130' 'Grass00' #116 vertex 7: ground 600205.769694 m, vertex 600206.557339 m, +787.645 mm above the ground
[RockPrecisionFixDiag]   rock 'Kerbin Zn3010000130' 'Grass00' #117 vertex 0: ground 600202.347995 m, vertex 600202.196324 m, -151.671 mm above the ground
[RockPrecisionFixDiag]   rock 'Kerbin Zn3010000130' 'Grass00' #117 vertex 1: ground 600202.305344 m, vertex 600202.195481 m, -109.864 mm above the ground
[RockPrecisionFixDiag]   rock 'Kerbin Zn3010000130' 'Grass00' #117 vertex 2: ground 600202.347956 m, vertex 600203.303603 m, +955.646 mm above the ground
[RockPrecisionFixDiag]   rock 'Kerbin Zn3010000130' 'Grass00' #117 vertex 3: ground 600202.305286 m, vertex 600203.302783 m, +997.497 mm above the ground
[RockPrecisionFixDiag]   rock 'Kerbin Zn3010000130' 'Grass00' #117 vertex 4: ground 600202.347995 m, vertex 600202.196324 m, -151.671 mm above the ground
[RockPrecisionFixDiag]   rock 'Kerbin Zn3010000130' 'Grass00' #117 vertex 5: ground 600202.305344 m, vertex 600202.195481 m, -109.864 mm above the ground
[RockPrecisionFixDiag]   rock 'Kerbin Zn3010000130' 'Grass00' #117 vertex 6: ground 600202.347956 m, vertex 600203.303603 m, +955.646 mm above the ground
[RockPrecisionFixDiag]   rock 'Kerbin Zn3010000130' 'Grass00' #117 vertex 7: ground 600202.305286 m, vertex 600203.302783 m, +997.497 mm above the ground
[RockPrecisionFixDiag]   rock 'Kerbin Zn3010000130' 'Grass00' #118 vertex 0: ground 600205.886261 m, vertex 600206.836090 m, +949.829 mm above the ground
[RockPrecisionFixDiag]   rock 'Kerbin Zn3010000130' 'Grass00' #118 vertex 1: ground 600205.834307 m, vertex 600206.836718 m, +1002.411 mm above the ground
[RockPrecisionFixDiag]   rock 'Kerbin Zn3010000130' 'Grass00' #118 vertex 2: ground 600205.886314 m, vertex 600207.853422 m, +1967.109 mm above the ground
[RockPrecisionFixDiag]   rock 'Kerbin Zn3010000130' 'Grass00' #118 vertex 3: ground 600205.834354 m, vertex 600207.854039 m, +2019.685 mm above the ground
[RockPrecisionFixDiag]   rock 'Kerbin Zn3010000130' 'Grass00' #118 vertex 4: ground 600205.886261 m, vertex 600206.836090 m, +949.829 mm above the ground
[RockPrecisionFixDiag]   rock 'Kerbin Zn3010000130' 'Grass00' #118 vertex 5: ground 600205.834307 m, vertex 600206.836718 m, +1002.411 mm above the ground
[RockPrecisionFixDiag]   rock 'Kerbin Zn3010000130' 'Grass00' #118 vertex 6: ground 600205.886314 m, vertex 600207.853422 m, +1967.109 mm above the ground
[RockPrecisionFixDiag]   rock 'Kerbin Zn3010000130' 'Grass00' #118 vertex 7: ground 600205.834354 m, vertex 600207.854039 m, +2019.685 mm above the ground
[RockPrecisionFixDiag]   rock 'Kerbin Zn3010000130' 'Grass00' #119 vertex 0: ground 600195.151594 m, vertex 600194.901614 m, -249.980 mm above the ground
[RockPrecisionFixDiag]   rock 'Kerbin Zn3010000130' 'Grass00' #119 vertex 1: ground 600195.305509 m, vertex 600194.900084 m, -405.425 mm above the ground
[RockPrecisionFixDiag]   rock 'Kerbin Zn3010000130' 'Grass00' #119 vertex 2: ground 600195.151736 m, vertex 600196.540595 m, +1388.859 mm above the ground
[RockPrecisionFixDiag]   rock 'Kerbin Zn3010000130' 'Grass00' #119 vertex 3: ground 600195.305628 m, vertex 600196.539069 m, +1233.441 mm above the ground
[RockPrecisionFixDiag]   rock 'Kerbin Zn3010000130' 'Grass00' #119 vertex 4: ground 600195.151594 m, vertex 600194.901614 m, -249.980 mm above the ground
[RockPrecisionFixDiag]   rock 'Kerbin Zn3010000130' 'Grass00' #119 vertex 5: ground 600195.305509 m, vertex 600194.900084 m, -405.425 mm above the ground
[RockPrecisionFixDiag]   rock 'Kerbin Zn3010000130' 'Grass00' #119 vertex 6: ground 600195.151736 m, vertex 600196.540595 m, +1388.859 mm above the ground
[RockPrecisionFixDiag]   rock 'Kerbin Zn3010000130' 'Grass00' #119 vertex 7: ground 600195.305628 m, vertex 600196.539069 m, +1233.441 mm above the ground
[RockPrecisionFixDiag]   rock 'Kerbin Zn3010000130' 'Grass00' #120 vertex 0: ground 600203.047191 m, vertex 600202.797186 m, -250.005 mm above the ground
[RockPrecisionFixDiag]   rock 'Kerbin Zn3010000130' 'Grass00' #120 vertex 1: ground 600203.119346 m, vertex 600202.798490 m, -320.856 mm above the ground
[RockPrecisionFixDiag]   rock 'Kerbin Zn3010000130' 'Grass00' #120 vertex 2: ground 600203.047110 m, vertex 600204.724187 m, +1677.078 mm above the ground
[RockPrecisionFixDiag]   rock 'Kerbin Zn3010000130' 'Grass00' #120 vertex 3: ground 600203.119275 m, vertex 600204.725503 m, +1606.228 mm above the ground
[RockPrecisionFixDiag]   rock 'Kerbin Zn3010000130' 'Grass00' #120 vertex 4: ground 600203.047191 m, vertex 600202.797186 m, -250.005 mm above the ground
[RockPrecisionFixDiag]   rock 'Kerbin Zn3010000130' 'Grass00' #120 vertex 5: ground 600203.119346 m, vertex 600202.798490 m, -320.856 mm above the ground
[RockPrecisionFixDiag]   rock 'Kerbin Zn3010000130' 'Grass00' #120 vertex 6: ground 600203.047110 m, vertex 600204.724187 m, +1677.078 mm above the ground
[RockPrecisionFixDiag]   rock 'Kerbin Zn3010000130' 'Grass00' #120 vertex 7: ground 600203.119275 m, vertex 600204.725503 m, +1606.228 mm above the ground
[RockPrecisionFixDiag]   rock 'Kerbin Zn3010000130' 'Grass00' #121 vertex 0: ground 600200.238864 m, vertex 600199.988864 m, -249.999 mm above the ground
[RockPrecisionFixDiag]   rock 'Kerbin Zn3010000130' 'Grass00' #121 vertex 1: ground 600200.266638 m, vertex 600199.987520 m, -279.118 mm above the ground
[RockPrecisionFixDiag]   rock 'Kerbin Zn3010000130' 'Grass00' #121 vertex 2: ground 600200.238900 m, vertex 600201.949684 m, +1710.784 mm above the ground
[RockPrecisionFixDiag]   rock 'Kerbin Zn3010000130' 'Grass00' #121 vertex 3: ground 600200.266671 m, vertex 600201.948340 m, +1681.669 mm above the ground
[RockPrecisionFixDiag]   rock 'Kerbin Zn3010000130' 'Grass00' #121 vertex 4: ground 600200.238864 m, vertex 600199.988864 m, -249.999 mm above the ground
[RockPrecisionFixDiag]   rock 'Kerbin Zn3010000130' 'Grass00' #121 vertex 5: ground 600200.266638 m, vertex 600199.987520 m, -279.118 mm above the ground
[RockPrecisionFixDiag]   rock 'Kerbin Zn3010000130' 'Grass00' #121 vertex 6: ground 600200.238900 m, vertex 600201.949684 m, +1710.784 mm above the ground
[RockPrecisionFixDiag]   rock 'Kerbin Zn3010000130' 'Grass00' #121 vertex 7: ground 600200.266671 m, vertex 600201.948340 m, +1681.669 mm above the ground
[RockPrecisionFixDiag]   rock 'Kerbin Zn3010000130' 'Grass00' #122 vertex 0: ground 600189.835960 m, vertex 600189.788564 m, -47.396 mm above the ground
[RockPrecisionFixDiag]   rock 'Kerbin Zn3010000130' 'Grass00' #122 vertex 1: ground 600189.837864 m, vertex 600189.789297 m, -48.566 mm above the ground
[RockPrecisionFixDiag]   rock 'Kerbin Zn3010000130' 'Grass00' #122 vertex 2: ground 600189.835970 m, vertex 600191.640043 m, +1804.073 mm above the ground
[RockPrecisionFixDiag]   rock 'Kerbin Zn3010000130' 'Grass00' #122 vertex 3: ground 600189.837872 m, vertex 600191.640760 m, +1802.889 mm above the ground
[RockPrecisionFixDiag]   rock 'Kerbin Zn3010000130' 'Grass00' #122 vertex 4: ground 600189.835960 m, vertex 600189.788564 m, -47.396 mm above the ground
[RockPrecisionFixDiag]   rock 'Kerbin Zn3010000130' 'Grass00' #122 vertex 5: ground 600189.837864 m, vertex 600189.789297 m, -48.566 mm above the ground
[RockPrecisionFixDiag]   rock 'Kerbin Zn3010000130' 'Grass00' #122 vertex 6: ground 600189.835970 m, vertex 600191.640043 m, +1804.073 mm above the ground
[RockPrecisionFixDiag]   rock 'Kerbin Zn3010000130' 'Grass00' #122 vertex 7: ground 600189.837872 m, vertex 600191.640760 m, +1802.889 mm above the ground
[RockPrecisionFixDiag]   rock 'Kerbin Zn3010000130' 'Grass00' #123 vertex 0: ground 600204.520027 m, vertex 600204.270035 m, -249.992 mm above the ground
[RockPrecisionFixDiag]   rock 'Kerbin Zn3010000130' 'Grass00' #123 vertex 1: ground 600204.513576 m, vertex 600204.269488 m, -244.087 mm above the ground
[RockPrecisionFixDiag]   rock 'Kerbin Zn3010000130' 'Grass00' #123 vertex 2: ground 600204.519930 m, vertex 600206.119327 m, +1599.397 mm above the ground
[RockPrecisionFixDiag]   rock 'Kerbin Zn3010000130' 'Grass00' #123 vertex 3: ground 600204.513465 m, vertex 600206.118800 m, +1605.335 mm above the ground
[RockPrecisionFixDiag]   rock 'Kerbin Zn3010000130' 'Grass00' #123 vertex 4: ground 600204.520027 m, vertex 600204.270035 m, -249.992 mm above the ground
[RockPrecisionFixDiag]   rock 'Kerbin Zn3010000130' 'Grass00' #123 vertex 5: ground 600204.513576 m, vertex 600204.269488 m, -244.087 mm above the ground
[RockPrecisionFixDiag]   rock 'Kerbin Zn3010000130' 'Grass00' #123 vertex 6: ground 600204.519930 m, vertex 600206.119327 m, +1599.397 mm above the ground
[RockPrecisionFixDiag]   rock 'Kerbin Zn3010000130' 'Grass00' #123 vertex 7: ground 600204.513465 m, vertex 600206.118800 m, +1605.335 mm above the ground
[RockPrecisionFixDiag]   rock 'Kerbin Zn3010000130' 'Grass00' #124 vertex 0: ground 600195.579513 m, vertex 600195.329516 m, -249.997 mm above the ground
[RockPrecisionFixDiag]   rock 'Kerbin Zn3010000130' 'Grass00' #124 vertex 1: ground 600195.483988 m, vertex 600195.329822 m, -154.166 mm above the ground
[RockPrecisionFixDiag]   rock 'Kerbin Zn3010000130' 'Grass00' #124 vertex 2: ground 600195.579507 m, vertex 600197.132048 m, +1552.541 mm above the ground
[RockPrecisionFixDiag]   rock 'Kerbin Zn3010000130' 'Grass00' #124 vertex 3: ground 600195.483977 m, vertex 600197.132355 m, +1648.378 mm above the ground
[RockPrecisionFixDiag]   rock 'Kerbin Zn3010000130' 'Grass00' #124 vertex 4: ground 600195.579513 m, vertex 600195.329516 m, -249.997 mm above the ground
[RockPrecisionFixDiag]   rock 'Kerbin Zn3010000130' 'Grass00' #124 vertex 5: ground 600195.483988 m, vertex 600195.329822 m, -154.166 mm above the ground
[RockPrecisionFixDiag]   rock 'Kerbin Zn3010000130' 'Grass00' #124 vertex 6: ground 600195.579507 m, vertex 600197.132048 m, +1552.541 mm above the ground
[RockPrecisionFixDiag]   rock 'Kerbin Zn3010000130' 'Grass00' #124 vertex 7: ground 600195.483977 m, vertex 600197.132355 m, +1648.378 mm above the ground
[RockPrecisionFixDiag]   rock 'Kerbin Zn3010000130' 'Grass00' #125 vertex 0: ground 600193.878420 m, vertex 600193.083923 m, -794.497 mm above the ground
[RockPrecisionFixDiag]   rock 'Kerbin Zn3010000130' 'Grass00' #125 vertex 1: ground 600193.944633 m, vertex 600193.084614 m, -860.019 mm above the ground
[RockPrecisionFixDiag]   rock 'Kerbin Zn3010000130' 'Grass00' #125 vertex 2: ground 600193.878367 m, vertex 600194.324018 m, +445.651 mm above the ground
[RockPrecisionFixDiag]   rock 'Kerbin Zn3010000130' 'Grass00' #125 vertex 3: ground 600193.944607 m, vertex 600194.324713 m, +380.106 mm above the ground
[RockPrecisionFixDiag]   rock 'Kerbin Zn3010000130' 'Grass00' #125 vertex 4: ground 600193.878420 m, vertex 600193.083923 m, -794.497 mm above the ground
[RockPrecisionFixDiag]   rock 'Kerbin Zn3010000130' 'Grass00' #125 vertex 5: ground 600193.944633 m, vertex 600193.084614 m, -860.019 mm above the ground
[RockPrecisionFixDiag]   rock 'Kerbin Zn3010000130' 'Grass00' #125 vertex 6: ground 600193.878367 m, vertex 600194.324018 m, +445.651 mm above the ground
[RockPrecisionFixDiag]   rock 'Kerbin Zn3010000130' 'Grass00' #125 vertex 7: ground 600193.944607 m, vertex 600194.324713 m, +380.106 mm above the ground
[RockPrecisionFixDiag]   rock 'Kerbin Zn3010000130' 'Grass00' #126 vertex 0: ground 600192.358413 m, vertex 600192.108417 m, -249.996 mm above the ground
[RockPrecisionFixDiag]   rock 'Kerbin Zn3010000130' 'Grass00' #126 vertex 1: ground 600192.324981 m, vertex 600192.108607 m, -216.374 mm above the ground
[RockPrecisionFixDiag]   rock 'Kerbin Zn3010000130' 'Grass00' #126 vertex 2: ground 600192.358379 m, vertex 600193.727848 m, +1369.470 mm above the ground
[RockPrecisionFixDiag]   rock 'Kerbin Zn3010000130' 'Grass00' #126 vertex 3: ground 600192.324938 m, vertex 600193.728037 m, +1403.099 mm above the ground
[RockPrecisionFixDiag]   rock 'Kerbin Zn3010000130' 'Grass00' #126 vertex 4: ground 600192.358413 m, vertex 600192.108417 m, -249.996 mm above the ground
[RockPrecisionFixDiag]   rock 'Kerbin Zn3010000130' 'Grass00' #126 vertex 5: ground 600192.324981 m, vertex 600192.108607 m, -216.374 mm above the ground
[RockPrecisionFixDiag]   rock 'Kerbin Zn3010000130' 'Grass00' #126 vertex 6: ground 600192.358379 m, vertex 600193.727848 m, +1369.470 mm above the ground
[RockPrecisionFixDiag]   rock 'Kerbin Zn3010000130' 'Grass00' #126 vertex 7: ground 600192.324938 m, vertex 600193.728037 m, +1403.099 mm above the ground
[RockPrecisionFixDiag]   rock 'Kerbin Zn3010000130' 'Grass00' #127 vertex 0: ground 600203.906124 m, vertex 600203.400377 m, -505.747 mm above the ground
[RockPrecisionFixDiag]   rock 'Kerbin Zn3010000130' 'Grass00' #127 vertex 1: ground 600203.852026 m, vertex 600203.399769 m, -452.257 mm above the ground
[RockPrecisionFixDiag]   rock 'Kerbin Zn3010000130' 'Grass00' #127 vertex 2: ground 600203.906093 m, vertex 600205.262610 m, +1356.517 mm above the ground
[RockPrecisionFixDiag]   rock 'Kerbin Zn3010000130' 'Grass00' #127 vertex 3: ground 600203.852002 m, vertex 600205.261966 m, +1409.964 mm above the ground
[RockPrecisionFixDiag]   rock 'Kerbin Zn3010000130' 'Grass00' #127 vertex 4: ground 600203.906124 m, vertex 600203.400377 m, -505.747 mm above the ground
[RockPrecisionFixDiag]   rock 'Kerbin Zn3010000130' 'Grass00' #127 vertex 5: ground 600203.852026 m, vertex 600203.399769 m, -452.257 mm above the ground
[RockPrecisionFixDiag]   rock 'Kerbin Zn3010000130' 'Grass00' #127 vertex 6: ground 600203.906093 m, vertex 600205.262610 m, +1356.517 mm above the ground
[RockPrecisionFixDiag]   rock 'Kerbin Zn3010000130' 'Grass00' #127 vertex 7: ground 600203.852002 m, vertex 600205.261966 m, +1409.964 mm above the ground
[RockPrecisionFixDiag]   rock 'Kerbin Zn3010000130' 'Grass00' #128 vertex 0: ground 600195.685384 m, vertex 600195.435417 m, -249.967 mm above the ground
[RockPrecisionFixDiag]   rock 'Kerbin Zn3010000130' 'Grass00' #128 vertex 1: ground 600195.661921 m, vertex 600195.433907 m, -228.014 mm above the ground
[RockPrecisionFixDiag]   rock 'Kerbin Zn3010000130' 'Grass00' #128 vertex 2: ground 600195.685343 m, vertex 600197.332870 m, +1647.527 mm above the ground
[RockPrecisionFixDiag]   rock 'Kerbin Zn3010000130' 'Grass00' #128 vertex 3: ground 600195.661880 m, vertex 600197.331360 m, +1669.480 mm above the ground
[RockPrecisionFixDiag]   rock 'Kerbin Zn3010000130' 'Grass00' #128 vertex 4: ground 600195.685384 m, vertex 600195.435417 m, -249.967 mm above the ground
[RockPrecisionFixDiag]   rock 'Kerbin Zn3010000130' 'Grass00' #128 vertex 5: ground 600195.661921 m, vertex 600195.433907 m, -228.014 mm above the ground
[RockPrecisionFixDiag]   rock 'Kerbin Zn3010000130' 'Grass00' #128 vertex 6: ground 600195.685343 m, vertex 600197.332870 m, +1647.527 mm above the ground
[RockPrecisionFixDiag]   rock 'Kerbin Zn3010000130' 'Grass00' #128 vertex 7: ground 600195.661880 m, vertex 600197.331360 m, +1669.480 mm above the ground
[RockPrecisionFixDiag]   rock 'Kerbin Zn3010000130' 'Grass00' #129 vertex 0: ground 600197.548910 m, vertex 600197.298920 m, -249.990 mm above the ground
[RockPrecisionFixDiag]   rock 'Kerbin Zn3010000130' 'Grass00' #129 vertex 1: ground 600197.571713 m, vertex 600197.298974 m, -272.739 mm above the ground
[RockPrecisionFixDiag]   rock 'Kerbin Zn3010000130' 'Grass00' #129 vertex 2: ground 600197.548946 m, vertex 600198.884826 m, +1335.880 mm above the ground
[RockPrecisionFixDiag]   rock 'Kerbin Zn3010000130' 'Grass00' #129 vertex 3: ground 600197.571728 m, vertex 600198.884880 m, +1313.153 mm above the ground
[RockPrecisionFixDiag]   rock 'Kerbin Zn3010000130' 'Grass00' #129 vertex 4: ground 600197.548910 m, vertex 600197.298920 m, -249.990 mm above the ground
[RockPrecisionFixDiag]   rock 'Kerbin Zn3010000130' 'Grass00' #129 vertex 5: ground 600197.571713 m, vertex 600197.298974 m, -272.739 mm above the ground
[RockPrecisionFixDiag]   rock 'Kerbin Zn3010000130' 'Grass00' #129 vertex 6: ground 600197.548946 m, vertex 600198.884826 m, +1335.880 mm above the ground
[RockPrecisionFixDiag]   rock 'Kerbin Zn3010000130' 'Grass00' #129 vertex 7: ground 600197.571728 m, vertex 600198.884880 m, +1313.153 mm above the ground
[RockPrecisionFixDiag]   rock 'Kerbin Zn3010000130' 'Grass00' #130 vertex 0: ground 600204.570769 m, vertex 600204.320751 m, -250.018 mm above the ground
[RockPrecisionFixDiag]   rock 'Kerbin Zn3010000130' 'Grass00' #130 vertex 1: ground 600204.571779 m, vertex 600204.320223 m, -251.556 mm above the ground
[RockPrecisionFixDiag]   rock 'Kerbin Zn3010000130' 'Grass00' #130 vertex 2: ground 600204.570778 m, vertex 600205.814971 m, +1244.193 mm above the ground
[RockPrecisionFixDiag]   rock 'Kerbin Zn3010000130' 'Grass00' #130 vertex 3: ground 600204.571776 m, vertex 600205.814432 m, +1242.656 mm above the ground
[RockPrecisionFixDiag]   rock 'Kerbin Zn3010000130' 'Grass00' #130 vertex 4: ground 600204.570769 m, vertex 600204.320751 m, -250.018 mm above the ground
[RockPrecisionFixDiag]   rock 'Kerbin Zn3010000130' 'Grass00' #130 vertex 5: ground 600204.571779 m, vertex 600204.320223 m, -251.556 mm above the ground
[RockPrecisionFixDiag]   rock 'Kerbin Zn3010000130' 'Grass00' #130 vertex 6: ground 600204.570778 m, vertex 600205.814971 m, +1244.193 mm above the ground
[RockPrecisionFixDiag]   rock 'Kerbin Zn3010000130' 'Grass00' #130 vertex 7: ground 600204.571776 m, vertex 600205.814432 m, +1242.656 mm above the ground
[RockPrecisionFixDiag]   rock 'Kerbin Zn3010000130' 'Grass00' #131 vertex 0: ground 600188.079099 m, vertex 600187.733246 m, -345.853 mm above the ground
[RockPrecisionFixDiag]   rock 'Kerbin Zn3010000130' 'Grass00' #131 vertex 1: ground 600188.038443 m, vertex 600187.733920 m, -304.523 mm above the ground
[RockPrecisionFixDiag]   rock 'Kerbin Zn3010000130' 'Grass00' #131 vertex 2: ground 600188.079132 m, vertex 600188.940535 m, +861.404 mm above the ground
[RockPrecisionFixDiag]   rock 'Kerbin Zn3010000130' 'Grass00' #131 vertex 3: ground 600188.038483 m, vertex 600188.941186 m, +902.703 mm above the ground
[RockPrecisionFixDiag]   rock 'Kerbin Zn3010000130' 'Grass00' #131 vertex 4: ground 600188.079099 m, vertex 600187.733246 m, -345.853 mm above the ground
[RockPrecisionFixDiag]   rock 'Kerbin Zn3010000130' 'Grass00' #131 vertex 5: ground 600188.038443 m, vertex 600187.733920 m, -304.523 mm above the ground
[RockPrecisionFixDiag]   rock 'Kerbin Zn3010000130' 'Grass00' #131 vertex 6: ground 600188.079132 m, vertex 600188.940535 m, +861.404 mm above the ground
[RockPrecisionFixDiag]   rock 'Kerbin Zn3010000130' 'Grass00' #131 vertex 7: ground 600188.038483 m, vertex 600188.941186 m, +902.703 mm above the ground
[RockPrecisionFixDiag]   rock 'Kerbin Zn3010000130' 'Grass00' #132 vertex 0: ground 600193.839821 m, vertex 600193.589827 m, -249.994 mm above the ground
[RockPrecisionFixDiag]   rock 'Kerbin Zn3010000130' 'Grass00' #132 vertex 1: ground 600193.893052 m, vertex 600193.589774 m, -303.278 mm above the ground
[RockPrecisionFixDiag]   rock 'Kerbin Zn3010000130' 'Grass00' #132 vertex 2: ground 600193.839860 m, vertex 600194.876784 m, +1036.924 mm above the ground
[RockPrecisionFixDiag]   rock 'Kerbin Zn3010000130' 'Grass00' #132 vertex 3: ground 600193.893073 m, vertex 600194.876736 m, +983.663 mm above the ground
[RockPrecisionFixDiag]   rock 'Kerbin Zn3010000130' 'Grass00' #132 vertex 4: ground 600193.839821 m, vertex 600193.589827 m, -249.994 mm above the ground
[RockPrecisionFixDiag]   rock 'Kerbin Zn3010000130' 'Grass00' #132 vertex 5: ground 600193.893052 m, vertex 600193.589774 m, -303.278 mm above the ground
[RockPrecisionFixDiag]   rock 'Kerbin Zn3010000130' 'Grass00' #132 vertex 6: ground 600193.839860 m, vertex 600194.876784 m, +1036.924 mm above the ground
[RockPrecisionFixDiag]   rock 'Kerbin Zn3010000130' 'Grass00' #132 vertex 7: ground 600193.893073 m, vertex 600194.876736 m, +983.663 mm above the ground
[RockPrecisionFixDiag]   rock 'Kerbin Zn3010000130' 'Grass00' #133 vertex 0: ground 600195.125480 m, vertex 600194.875507 m, -249.974 mm above the ground
[RockPrecisionFixDiag]   rock 'Kerbin Zn3010000130' 'Grass00' #133 vertex 1: ground 600195.064578 m, vertex 600194.876098 m, -188.480 mm above the ground
[RockPrecisionFixDiag]   rock 'Kerbin Zn3010000130' 'Grass00' #133 vertex 2: ground 600195.125583 m, vertex 600196.000438 m, +874.854 mm above the ground
[RockPrecisionFixDiag]   rock 'Kerbin Zn3010000130' 'Grass00' #133 vertex 3: ground 600195.064591 m, vertex 600196.001029 m, +936.437 mm above the ground
[RockPrecisionFixDiag]   rock 'Kerbin Zn3010000130' 'Grass00' #133 vertex 4: ground 600195.125480 m, vertex 600194.875507 m, -249.974 mm above the ground
[RockPrecisionFixDiag]   rock 'Kerbin Zn3010000130' 'Grass00' #133 vertex 5: ground 600195.064578 m, vertex 600194.876098 m, -188.480 mm above the ground
[RockPrecisionFixDiag]   rock 'Kerbin Zn3010000130' 'Grass00' #133 vertex 6: ground 600195.125583 m, vertex 600196.000438 m, +874.854 mm above the ground
[RockPrecisionFixDiag]   rock 'Kerbin Zn3010000130' 'Grass00' #133 vertex 7: ground 600195.064591 m, vertex 600196.001029 m, +936.437 mm above the ground
[RockPrecisionFixDiag]   rock 'Kerbin Zn3010000130' 'Grass00' #134 vertex 0: ground 600196.209664 m, vertex 600195.959694 m, -249.970 mm above the ground
[RockPrecisionFixDiag]   rock 'Kerbin Zn3010000130' 'Grass00' #134 vertex 1: ground 600196.350070 m, vertex 600195.960737 m, -389.333 mm above the ground
[RockPrecisionFixDiag]   rock 'Kerbin Zn3010000130' 'Grass00' #134 vertex 2: ground 600196.209712 m, vertex 600197.751029 m, +1541.317 mm above the ground
[RockPrecisionFixDiag]   rock 'Kerbin Zn3010000130' 'Grass00' #134 vertex 3: ground 600196.350091 m, vertex 600197.752052 m, +1401.961 mm above the ground
[RockPrecisionFixDiag]   rock 'Kerbin Zn3010000130' 'Grass00' #134 vertex 4: ground 600196.209664 m, vertex 600195.959694 m, -249.970 mm above the ground
[RockPrecisionFixDiag]   rock 'Kerbin Zn3010000130' 'Grass00' #134 vertex 5: ground 600196.350070 m, vertex 600195.960737 m, -389.333 mm above the ground
[RockPrecisionFixDiag]   rock 'Kerbin Zn3010000130' 'Grass00' #134 vertex 6: ground 600196.209712 m, vertex 600197.751029 m, +1541.317 mm above the ground
[RockPrecisionFixDiag]   rock 'Kerbin Zn3010000130' 'Grass00' #134 vertex 7: ground 600196.350091 m, vertex 600197.752052 m, +1401.961 mm above the ground
[RockPrecisionFixDiag]   rock 'Kerbin Zn3010000130' 'Grass00' #135 vertex 0: ground 600186.681300 m, vertex 600186.431272 m, -250.028 mm above the ground
[RockPrecisionFixDiag]   rock 'Kerbin Zn3010000130' 'Grass00' #135 vertex 1: ground 600186.732128 m, vertex 600186.432061 m, -300.067 mm above the ground
[RockPrecisionFixDiag]   rock 'Kerbin Zn3010000130' 'Grass00' #135 vertex 2: ground 600186.681295 m, vertex 600187.899934 m, +1218.639 mm above the ground
[RockPrecisionFixDiag]   rock 'Kerbin Zn3010000130' 'Grass00' #135 vertex 3: ground 600186.732130 m, vertex 600187.900712 m, +1168.581 mm above the ground
[RockPrecisionFixDiag]   rock 'Kerbin Zn3010000130' 'Grass00' #135 vertex 4: ground 600186.681300 m, vertex 600186.431272 m, -250.028 mm above the ground
[RockPrecisionFixDiag]   rock 'Kerbin Zn3010000130' 'Grass00' #135 vertex 5: ground 600186.732128 m, vertex 600186.432061 m, -300.067 mm above the ground
[RockPrecisionFixDiag]   rock 'Kerbin Zn3010000130' 'Grass00' #135 vertex 6: ground 600186.681295 m, vertex 600187.899934 m, +1218.639 mm above the ground
[RockPrecisionFixDiag]   rock 'Kerbin Zn3010000130' 'Grass00' #135 vertex 7: ground 600186.732130 m, vertex 600187.900712 m, +1168.581 mm above the ground
[RockPrecisionFixDiag]   rock 'Kerbin Zn3010000130' 'Grass00' #136 vertex 0: ground 600195.360254 m, vertex 600195.110297 m, -249.957 mm above the ground
[RockPrecisionFixDiag]   rock 'Kerbin Zn3010000130' 'Grass00' #136 vertex 1: ground 600195.406881 m, vertex 600195.109228 m, -297.653 mm above the ground
[RockPrecisionFixDiag]   rock 'Kerbin Zn3010000130' 'Grass00' #136 vertex 2: ground 600195.360331 m, vertex 600196.253520 m, +893.189 mm above the ground
[RockPrecisionFixDiag]   rock 'Kerbin Zn3010000130' 'Grass00' #136 vertex 3: ground 600195.406959 m, vertex 600196.252449 m, +845.489 mm above the ground
[RockPrecisionFixDiag]   rock 'Kerbin Zn3010000130' 'Grass00' #136 vertex 4: ground 600195.360254 m, vertex 600195.110297 m, -249.957 mm above the ground
[RockPrecisionFixDiag]   rock 'Kerbin Zn3010000130' 'Grass00' #136 vertex 5: ground 600195.406881 m, vertex 600195.109228 m, -297.653 mm above the ground
[RockPrecisionFixDiag]   rock 'Kerbin Zn3010000130' 'Grass00' #136 vertex 6: ground 600195.360331 m, vertex 600196.253520 m, +893.189 mm above the ground
[RockPrecisionFixDiag]   rock 'Kerbin Zn3010000130' 'Grass00' #136 vertex 7: ground 600195.406959 m, vertex 600196.252449 m, +845.489 mm above the ground
[RockPrecisionFixDiag]   rock 'Kerbin Zn3010000130' 'Grass00' #137 vertex 0: ground 600190.025748 m, vertex 600189.775741 m, -250.007 mm above the ground
[RockPrecisionFixDiag]   rock 'Kerbin Zn3010000130' 'Grass00' #137 vertex 1: ground 600190.019123 m, vertex 600189.776313 m, -242.809 mm above the ground
[RockPrecisionFixDiag]   rock 'Kerbin Zn3010000130' 'Grass00' #137 vertex 2: ground 600190.025756 m, vertex 600191.270841 m, +1245.085 mm above the ground
[RockPrecisionFixDiag]   rock 'Kerbin Zn3010000130' 'Grass00' #137 vertex 3: ground 600190.019121 m, vertex 600191.271429 m, +1252.308 mm above the ground
[RockPrecisionFixDiag]   rock 'Kerbin Zn3010000130' 'Grass00' #137 vertex 4: ground 600190.025748 m, vertex 600189.775741 m, -250.007 mm above the ground
[RockPrecisionFixDiag]   rock 'Kerbin Zn3010000130' 'Grass00' #137 vertex 5: ground 600190.019123 m, vertex 600189.776313 m, -242.809 mm above the ground
[RockPrecisionFixDiag]   rock 'Kerbin Zn3010000130' 'Grass00' #137 vertex 6: ground 600190.025756 m, vertex 600191.270841 m, +1245.085 mm above the ground
[RockPrecisionFixDiag]   rock 'Kerbin Zn3010000130' 'Grass00' #137 vertex 7: ground 600190.019121 m, vertex 600191.271429 m, +1252.308 mm above the ground
[RockPrecisionFixDiag]   rock 'Kerbin Zn3010000130' 'Grass00' #138 vertex 0: ground 600199.805080 m, vertex 600199.555083 m, -249.997 mm above the ground
[RockPrecisionFixDiag]   rock 'Kerbin Zn3010000130' 'Grass00' #138 vertex 1: ground 600199.686263 m, vertex 600199.555771 m, -130.492 mm above the ground
[RockPrecisionFixDiag]   rock 'Kerbin Zn3010000130' 'Grass00' #138 vertex 2: ground 600199.805260 m, vertex 600200.707288 m, +902.028 mm above the ground
[RockPrecisionFixDiag]   rock 'Kerbin Zn3010000130' 'Grass00' #138 vertex 3: ground 600199.686401 m, vertex 600200.707957 m, +1021.556 mm above the ground
[RockPrecisionFixDiag]   rock 'Kerbin Zn3010000130' 'Grass00' #138 vertex 4: ground 600199.805080 m, vertex 600199.555083 m, -249.997 mm above the ground
[RockPrecisionFixDiag]   rock 'Kerbin Zn3010000130' 'Grass00' #138 vertex 5: ground 600199.686263 m, vertex 600199.555771 m, -130.492 mm above the ground
[RockPrecisionFixDiag]   rock 'Kerbin Zn3010000130' 'Grass00' #138 vertex 6: ground 600199.805260 m, vertex 600200.707288 m, +902.028 mm above the ground
[RockPrecisionFixDiag]   rock 'Kerbin Zn3010000130' 'Grass00' #138 vertex 7: ground 600199.686401 m, vertex 600200.707957 m, +1021.556 mm above the ground
[RockPrecisionFixDiag]   rock 'Kerbin Zn3010000130' 'Grass00' #139 vertex 0: ground 600194.031021 m, vertex 600193.781018 m, -250.002 mm above the ground
[RockPrecisionFixDiag]   rock 'Kerbin Zn3010000130' 'Grass00' #139 vertex 1: ground 600194.124710 m, vertex 600193.779921 m, -344.789 mm above the ground
[RockPrecisionFixDiag]   rock 'Kerbin Zn3010000130' 'Grass00' #139 vertex 2: ground 600194.031125 m, vertex 600195.249428 m, +1218.303 mm above the ground
[RockPrecisionFixDiag]   rock 'Kerbin Zn3010000130' 'Grass00' #139 vertex 3: ground 600194.124772 m, vertex 600195.248342 m, +1123.571 mm above the ground
[RockPrecisionFixDiag]   rock 'Kerbin Zn3010000130' 'Grass00' #139 vertex 4: ground 600194.031021 m, vertex 600193.781018 m, -250.002 mm above the ground
[RockPrecisionFixDiag]   rock 'Kerbin Zn3010000130' 'Grass00' #139 vertex 5: ground 600194.124710 m, vertex 600193.779921 m, -344.789 mm above the ground
[RockPrecisionFixDiag]   rock 'Kerbin Zn3010000130' 'Grass00' #139 vertex 6: ground 600194.031125 m, vertex 600195.249428 m, +1218.303 mm above the ground
[RockPrecisionFixDiag]   rock 'Kerbin Zn3010000130' 'Grass00' #139 vertex 7: ground 600194.124772 m, vertex 600195.248342 m, +1123.571 mm above the ground
[RockPrecisionFixDiag]   rock 'Kerbin Zn3010000130' 'Grass00' #140 vertex 0: ground 600196.645604 m, vertex 600196.347199 m, -298.405 mm above the ground
[RockPrecisionFixDiag]   rock 'Kerbin Zn3010000130' 'Grass00' #140 vertex 1: ground 600196.605861 m, vertex 600196.347553 m, -258.308 mm above the ground
[RockPrecisionFixDiag]   rock 'Kerbin Zn3010000130' 'Grass00' #140 vertex 2: ground 600196.645672 m, vertex 600197.507233 m, +861.561 mm above the ground
[RockPrecisionFixDiag]   rock 'Kerbin Zn3010000130' 'Grass00' #140 vertex 3: ground 600196.605936 m, vertex 600197.507586 m, +901.650 mm above the ground
[RockPrecisionFixDiag]   rock 'Kerbin Zn3010000130' 'Grass00' #140 vertex 4: ground 600196.645604 m, vertex 600196.347199 m, -298.405 mm above the ground
[RockPrecisionFixDiag]   rock 'Kerbin Zn3010000130' 'Grass00' #140 vertex 5: ground 600196.605861 m, vertex 600196.347553 m, -258.308 mm above the ground
[RockPrecisionFixDiag]   rock 'Kerbin Zn3010000130' 'Grass00' #140 vertex 6: ground 600196.645672 m, vertex 600197.507233 m, +861.561 mm above the ground
[RockPrecisionFixDiag]   rock 'Kerbin Zn3010000130' 'Grass00' #140 vertex 7: ground 600196.605936 m, vertex 600197.507586 m, +901.650 mm above the ground
[RockPrecisionFixDiag]   rock 'Kerbin Zn3010000130' 'Grass00' #141 vertex 0: ground 600186.468801 m, vertex 600186.218801 m, -250.000 mm above the ground
[RockPrecisionFixDiag]   rock 'Kerbin Zn3010000130' 'Grass00' #141 vertex 1: ground 600186.523752 m, vertex 600186.218687 m, -305.066 mm above the ground
[RockPrecisionFixDiag]   rock 'Kerbin Zn3010000130' 'Grass00' #141 vertex 2: ground 600186.468802 m, vertex 600187.609560 m, +1140.758 mm above the ground
[RockPrecisionFixDiag]   rock 'Kerbin Zn3010000130' 'Grass00' #141 vertex 3: ground 600186.523745 m, vertex 600187.609447 m, +1085.702 mm above the ground
[RockPrecisionFixDiag]   rock 'Kerbin Zn3010000130' 'Grass00' #141 vertex 4: ground 600186.468801 m, vertex 600186.218801 m, -250.000 mm above the ground
[RockPrecisionFixDiag]   rock 'Kerbin Zn3010000130' 'Grass00' #141 vertex 5: ground 600186.523752 m, vertex 600186.218687 m, -305.066 mm above the ground
[RockPrecisionFixDiag]   rock 'Kerbin Zn3010000130' 'Grass00' #141 vertex 6: ground 600186.468802 m, vertex 600187.609560 m, +1140.758 mm above the ground
[RockPrecisionFixDiag]   rock 'Kerbin Zn3010000130' 'Grass00' #141 vertex 7: ground 600186.523745 m, vertex 600187.609447 m, +1085.702 mm above the ground
[RockPrecisionFixDiag]   rock 'Kerbin Zn3010000130' 'Grass00' #142 vertex 0: ground 600188.697038 m, vertex 600188.447033 m, -250.005 mm above the ground
[RockPrecisionFixDiag]   rock 'Kerbin Zn3010000130' 'Grass00' #142 vertex 1: ground 600188.723984 m, vertex 600188.447472 m, -276.512 mm above the ground
[RockPrecisionFixDiag]   rock 'Kerbin Zn3010000130' 'Grass00' #142 vertex 2: ground 600188.697016 m, vertex 600189.689349 m, +992.333 mm above the ground
[RockPrecisionFixDiag]   rock 'Kerbin Zn3010000130' 'Grass00' #142 vertex 3: ground 600188.723969 m, vertex 600189.689793 m, +965.824 mm above the ground
[RockPrecisionFixDiag]   rock 'Kerbin Zn3010000130' 'Grass00' #142 vertex 4: ground 600188.697038 m, vertex 600188.447033 m, -250.005 mm above the ground
[RockPrecisionFixDiag]   rock 'Kerbin Zn3010000130' 'Grass00' #142 vertex 5: ground 600188.723984 m, vertex 600188.447472 m, -276.512 mm above the ground
[RockPrecisionFixDiag]   rock 'Kerbin Zn3010000130' 'Grass00' #142 vertex 6: ground 600188.697016 m, vertex 600189.689349 m, +992.333 mm above the ground
[RockPrecisionFixDiag]   rock 'Kerbin Zn3010000130' 'Grass00' #142 vertex 7: ground 600188.723969 m, vertex 600189.689793 m, +965.824 mm above the ground
[RockPrecisionFixDiag]   rock 'Kerbin Zn3010000130' 'Grass00' #143 vertex 0: ground 600188.447142 m, vertex 600188.197148 m, -249.994 mm above the ground
[RockPrecisionFixDiag]   rock 'Kerbin Zn3010000130' 'Grass00' #143 vertex 1: ground 600188.414860 m, vertex 600188.197602 m, -217.258 mm above the ground
[RockPrecisionFixDiag]   rock 'Kerbin Zn3010000130' 'Grass00' #143 vertex 2: ground 600188.447117 m, vertex 600189.257500 m, +810.383 mm above the ground
[RockPrecisionFixDiag]   rock 'Kerbin Zn3010000130' 'Grass00' #143 vertex 3: ground 600188.414837 m, vertex 600189.257954 m, +843.117 mm above the ground
[RockPrecisionFixDiag]   rock 'Kerbin Zn3010000130' 'Grass00' #143 vertex 4: ground 600188.447142 m, vertex 600188.197148 m, -249.994 mm above the ground
[RockPrecisionFixDiag]   rock 'Kerbin Zn3010000130' 'Grass00' #143 vertex 5: ground 600188.414860 m, vertex 600188.197602 m, -217.258 mm above the ground
[RockPrecisionFixDiag]   rock 'Kerbin Zn3010000130' 'Grass00' #143 vertex 6: ground 600188.447117 m, vertex 600189.257500 m, +810.383 mm above the ground
[RockPrecisionFixDiag]   rock 'Kerbin Zn3010000130' 'Grass00' #143 vertex 7: ground 600188.414837 m, vertex 600189.257954 m, +843.117 mm above the ground
[RockPrecisionFixDiag]   rock 'Kerbin Zn3010000130' 'Grass00' #144 vertex 0: ground 600190.533325 m, vertex 600191.146628 m, +613.303 mm above the ground
[RockPrecisionFixDiag]   rock 'Kerbin Zn3010000130' 'Grass00' #144 vertex 1: ground 600190.596801 m, vertex 600191.146528 m, +549.727 mm above the ground
[RockPrecisionFixDiag]   rock 'Kerbin Zn3010000130' 'Grass00' #144 vertex 2: ground 600190.533335 m, vertex 600192.370728 m, +1837.393 mm above the ground
[RockPrecisionFixDiag]   rock 'Kerbin Zn3010000130' 'Grass00' #144 vertex 3: ground 600190.596809 m, vertex 600192.370631 m, +1773.822 mm above the ground
[RockPrecisionFixDiag]   rock 'Kerbin Zn3010000130' 'Grass00' #144 vertex 4: ground 600190.533325 m, vertex 600191.146628 m, +613.303 mm above the ground
[RockPrecisionFixDiag]   rock 'Kerbin Zn3010000130' 'Grass00' #144 vertex 5: ground 600190.596801 m, vertex 600191.146528 m, +549.727 mm above the ground
[RockPrecisionFixDiag]   rock 'Kerbin Zn3010000130' 'Grass00' #144 vertex 6: ground 600190.533335 m, vertex 600192.370728 m, +1837.393 mm above the ground
[RockPrecisionFixDiag]   rock 'Kerbin Zn3010000130' 'Grass00' #144 vertex 7: ground 600190.596809 m, vertex 600192.370631 m, +1773.822 mm above the ground
[RockPrecisionFixDiag]   rock 'Kerbin Zn3010000130' 'Grass00' #145 vertex 0: ground 600189.503289 m, vertex 600189.253286 m, -250.003 mm above the ground
[RockPrecisionFixDiag]   rock 'Kerbin Zn3010000130' 'Grass00' #145 vertex 1: ground 600189.469813 m, vertex 600189.252786 m, -217.027 mm above the ground
[RockPrecisionFixDiag]   rock 'Kerbin Zn3010000130' 'Grass00' #145 vertex 2: ground 600189.503291 m, vertex 600190.482890 m, +979.599 mm above the ground
[RockPrecisionFixDiag]   rock 'Kerbin Zn3010000130' 'Grass00' #145 vertex 3: ground 600189.469827 m, vertex 600190.482396 m, +1012.569 mm above the ground
[RockPrecisionFixDiag]   rock 'Kerbin Zn3010000130' 'Grass00' #145 vertex 4: ground 600189.503289 m, vertex 600189.253286 m, -250.003 mm above the ground
[RockPrecisionFixDiag]   rock 'Kerbin Zn3010000130' 'Grass00' #145 vertex 5: ground 600189.469813 m, vertex 600189.252786 m, -217.027 mm above the ground
[RockPrecisionFixDiag]   rock 'Kerbin Zn3010000130' 'Grass00' #145 vertex 6: ground 600189.503291 m, vertex 600190.482890 m, +979.599 mm above the ground
[RockPrecisionFixDiag]   rock 'Kerbin Zn3010000130' 'Grass00' #145 vertex 7: ground 600189.469827 m, vertex 600190.482396 m, +1012.569 mm above the ground
[RockPrecisionFixDiag]   rock 'Kerbin Zn3010000130' 'Grass00' #146 vertex 0: ground 600196.924498 m, vertex 600196.674491 m, -250.007 mm above the ground
[RockPrecisionFixDiag]   rock 'Kerbin Zn3010000130' 'Grass00' #146 vertex 1: ground 600196.975737 m, vertex 600196.673032 m, -302.705 mm above the ground
[RockPrecisionFixDiag]   rock 'Kerbin Zn3010000130' 'Grass00' #146 vertex 2: ground 600196.924523 m, vertex 600198.341530 m, +1417.006 mm above the ground
[RockPrecisionFixDiag]   rock 'Kerbin Zn3010000130' 'Grass00' #146 vertex 3: ground 600196.975783 m, vertex 600198.340091 m, +1364.308 mm above the ground
[RockPrecisionFixDiag]   rock 'Kerbin Zn3010000130' 'Grass00' #146 vertex 4: ground 600196.924498 m, vertex 600196.674491 m, -250.007 mm above the ground
[RockPrecisionFixDiag]   rock 'Kerbin Zn3010000130' 'Grass00' #146 vertex 5: ground 600196.975737 m, vertex 600196.673032 m, -302.705 mm above the ground
[RockPrecisionFixDiag]   rock 'Kerbin Zn3010000130' 'Grass00' #146 vertex 6: ground 600196.924523 m, vertex 600198.341530 m, +1417.006 mm above the ground
[RockPrecisionFixDiag]   rock 'Kerbin Zn3010000130' 'Grass00' #146 vertex 7: ground 600196.975783 m, vertex 600198.340091 m, +1364.308 mm above the ground
[RockPrecisionFixDiag]   rock 'Kerbin Zn3010000130' 'Grass00' #147 vertex 0: ground 600202.273464 m, vertex 600202.023451 m, -250.013 mm above the ground
[RockPrecisionFixDiag]   rock 'Kerbin Zn3010000130' 'Grass00' #147 vertex 1: ground 600202.192536 m, vertex 600202.023768 m, -168.768 mm above the ground
[RockPrecisionFixDiag]   rock 'Kerbin Zn3010000130' 'Grass00' #147 vertex 2: ground 600202.273617 m, vertex 600203.146392 m, +872.775 mm above the ground
[RockPrecisionFixDiag]   rock 'Kerbin Zn3010000130' 'Grass00' #147 vertex 3: ground 600202.192690 m, vertex 600203.146709 m, +954.020 mm above the ground
[RockPrecisionFixDiag]   rock 'Kerbin Zn3010000130' 'Grass00' #147 vertex 4: ground 600202.273464 m, vertex 600202.023451 m, -250.013 mm above the ground
[RockPrecisionFixDiag]   rock 'Kerbin Zn3010000130' 'Grass00' #147 vertex 5: ground 600202.192536 m, vertex 600202.023768 m, -168.768 mm above the ground
[RockPrecisionFixDiag]   rock 'Kerbin Zn3010000130' 'Grass00' #147 vertex 6: ground 600202.273617 m, vertex 600203.146392 m, +872.775 mm above the ground
[RockPrecisionFixDiag]   rock 'Kerbin Zn3010000130' 'Grass00' #147 vertex 7: ground 600202.192690 m, vertex 600203.146709 m, +954.020 mm above the ground
[RockPrecisionFixDiag]   rock 'Kerbin Zn3010000130' 'Grass00' #148 vertex 0: ground 600189.437035 m, vertex 600188.869423 m, -567.612 mm above the ground
[RockPrecisionFixDiag]   rock 'Kerbin Zn3010000130' 'Grass00' #148 vertex 1: ground 600189.457967 m, vertex 600188.869364 m, -588.603 mm above the ground
[RockPrecisionFixDiag]   rock 'Kerbin Zn3010000130' 'Grass00' #148 vertex 2: ground 600189.437059 m, vertex 600190.502437 m, +1065.378 mm above the ground
[RockPrecisionFixDiag]   rock 'Kerbin Zn3010000130' 'Grass00' #148 vertex 3: ground 600189.457995 m, vertex 600190.502378 m, +1044.382 mm above the ground
[RockPrecisionFixDiag]   rock 'Kerbin Zn3010000130' 'Grass00' #148 vertex 4: ground 600189.437035 m, vertex 600188.869423 m, -567.612 mm above the ground
[RockPrecisionFixDiag]   rock 'Kerbin Zn3010000130' 'Grass00' #148 vertex 5: ground 600189.457967 m, vertex 600188.869364 m, -588.603 mm above the ground
[RockPrecisionFixDiag]   rock 'Kerbin Zn3010000130' 'Grass00' #148 vertex 6: ground 600189.437059 m, vertex 600190.502437 m, +1065.378 mm above the ground
[RockPrecisionFixDiag]   rock 'Kerbin Zn3010000130' 'Grass00' #148 vertex 7: ground 600189.457995 m, vertex 600190.502378 m, +1044.382 mm above the ground
[RockPrecisionFixDiag]   rock 'Kerbin Zn3010000130' 'Grass00' #149 vertex 0: ground 600197.430414 m, vertex 600197.180407 m, -250.007 mm above the ground
[RockPrecisionFixDiag]   rock 'Kerbin Zn3010000130' 'Grass00' #149 vertex 1: ground 600197.515856 m, vertex 600197.179763 m, -336.093 mm above the ground
[RockPrecisionFixDiag]   rock 'Kerbin Zn3010000130' 'Grass00' #149 vertex 2: ground 600197.430456 m, vertex 600198.811811 m, +1381.355 mm above the ground
[RockPrecisionFixDiag]   rock 'Kerbin Zn3010000130' 'Grass00' #149 vertex 3: ground 600197.515865 m, vertex 600198.811155 m, +1295.290 mm above the ground
[RockPrecisionFixDiag]   rock 'Kerbin Zn3010000130' 'Grass00' #149 vertex 4: ground 600197.430414 m, vertex 600197.180407 m, -250.007 mm above the ground
[RockPrecisionFixDiag]   rock 'Kerbin Zn3010000130' 'Grass00' #149 vertex 5: ground 600197.515856 m, vertex 600197.179763 m, -336.093 mm above the ground
[RockPrecisionFixDiag]   rock 'Kerbin Zn3010000130' 'Grass00' #149 vertex 6: ground 600197.430456 m, vertex 600198.811811 m, +1381.355 mm above the ground
[RockPrecisionFixDiag]   rock 'Kerbin Zn3010000130' 'Grass00' #149 vertex 7: ground 600197.515865 m, vertex 600198.811155 m, +1295.290 mm above the ground
[RockPrecisionFixDiag]   rock 'Kerbin Zn3010000130' 'Grass00' #150 vertex 0: ground 600191.155820 m, vertex 600190.388144 m, -767.675 mm above the ground
[RockPrecisionFixDiag]   rock 'Kerbin Zn3010000130' 'Grass00' #150 vertex 1: ground 600191.094149 m, vertex 600190.389337 m, -704.811 mm above the ground
[RockPrecisionFixDiag]   rock 'Kerbin Zn3010000130' 'Grass00' #150 vertex 2: ground 600191.155840 m, vertex 600191.949304 m, +793.464 mm above the ground
[RockPrecisionFixDiag]   rock 'Kerbin Zn3010000130' 'Grass00' #150 vertex 3: ground 600191.094226 m, vertex 600191.950497 m, +856.271 mm above the ground
[RockPrecisionFixDiag]   rock 'Kerbin Zn3010000130' 'Grass00' #150 vertex 4: ground 600191.155820 m, vertex 600190.388144 m, -767.675 mm above the ground
[RockPrecisionFixDiag]   rock 'Kerbin Zn3010000130' 'Grass00' #150 vertex 5: ground 600191.094149 m, vertex 600190.389337 m, -704.811 mm above the ground
[RockPrecisionFixDiag]   rock 'Kerbin Zn3010000130' 'Grass00' #150 vertex 6: ground 600191.155840 m, vertex 600191.949304 m, +793.464 mm above the ground
[RockPrecisionFixDiag]   rock 'Kerbin Zn3010000130' 'Grass00' #150 vertex 7: ground 600191.094226 m, vertex 600191.950497 m, +856.271 mm above the ground
[RockPrecisionFixDiag]   rock 'Kerbin Zn3010000130' 'Grass00' #151 vertex 0: ground 600190.820867 m, vertex 600190.079720 m, -741.147 mm above the ground
[RockPrecisionFixDiag]   rock 'Kerbin Zn3010000130' 'Grass00' #151 vertex 1: ground 600190.770785 m, vertex 600190.080820 m, -689.964 mm above the ground
[RockPrecisionFixDiag]   rock 'Kerbin Zn3010000130' 'Grass00' #151 vertex 2: ground 600190.820900 m, vertex 600191.867653 m, +1046.753 mm above the ground
[RockPrecisionFixDiag]   rock 'Kerbin Zn3010000130' 'Grass00' #151 vertex 3: ground 600190.770833 m, vertex 600191.868764 m, +1097.931 mm above the ground
[RockPrecisionFixDiag]   rock 'Kerbin Zn3010000130' 'Grass00' #151 vertex 4: ground 600190.820867 m, vertex 600190.079720 m, -741.147 mm above the ground
[RockPrecisionFixDiag]   rock 'Kerbin Zn3010000130' 'Grass00' #151 vertex 5: ground 600190.770785 m, vertex 600190.080820 m, -689.964 mm above the ground
[RockPrecisionFixDiag]   rock 'Kerbin Zn3010000130' 'Grass00' #151 vertex 6: ground 600190.820900 m, vertex 600191.867653 m, +1046.753 mm above the ground
[RockPrecisionFixDiag]   rock 'Kerbin Zn3010000130' 'Grass00' #151 vertex 7: ground 600190.770833 m, vertex 600191.868764 m, +1097.931 mm above the ground
[RockPrecisionFixDiag]   rock 'Kerbin Zn3010000130' 'Grass00' #152 vertex 0: ground 600211.753430 m, vertex 600211.503442 m, -249.988 mm above the ground
[RockPrecisionFixDiag]   rock 'Kerbin Zn3010000130' 'Grass00' #152 vertex 1: ground 600211.793590 m, vertex 600211.504308 m, -289.282 mm above the ground
[RockPrecisionFixDiag]   rock 'Kerbin Zn3010000130' 'Grass00' #152 vertex 2: ground 600211.753462 m, vertex 600212.511620 m, +758.158 mm above the ground
[RockPrecisionFixDiag]   rock 'Kerbin Zn3010000130' 'Grass00' #152 vertex 3: ground 600211.793553 m, vertex 600212.512486 m, +718.933 mm above the ground
[RockPrecisionFixDiag]   rock 'Kerbin Zn3010000130' 'Grass00' #152 vertex 4: ground 600211.753430 m, vertex 600211.503442 m, -249.988 mm above the ground
[RockPrecisionFixDiag]   rock 'Kerbin Zn3010000130' 'Grass00' #152 vertex 5: ground 600211.793590 m, vertex 600211.504308 m, -289.282 mm above the ground
[RockPrecisionFixDiag]   rock 'Kerbin Zn3010000130' 'Grass00' #152 vertex 6: ground 600211.753462 m, vertex 600212.511620 m, +758.158 mm above the ground
[RockPrecisionFixDiag]   rock 'Kerbin Zn3010000130' 'Grass00' #152 vertex 7: ground 600211.793553 m, vertex 600212.512486 m, +718.933 mm above the ground
[RockPrecisionFixDiag]   rock 'Kerbin Zn3010000130' 'Grass00' #153 vertex 0: ground 600187.219220 m, vertex 600186.969222 m, -249.998 mm above the ground
[RockPrecisionFixDiag]   rock 'Kerbin Zn3010000130' 'Grass00' #153 vertex 1: ground 600187.252708 m, vertex 600186.968534 m, -284.173 mm above the ground
[RockPrecisionFixDiag]   rock 'Kerbin Zn3010000130' 'Grass00' #153 vertex 2: ground 600187.219214 m, vertex 600188.279263 m, +1060.048 mm above the ground
[RockPrecisionFixDiag]   rock 'Kerbin Zn3010000130' 'Grass00' #153 vertex 3: ground 600187.252702 m, vertex 600188.278576 m, +1025.874 mm above the ground
[RockPrecisionFixDiag]   rock 'Kerbin Zn3010000130' 'Grass00' #153 vertex 4: ground 600187.219220 m, vertex 600186.969222 m, -249.998 mm above the ground
[RockPrecisionFixDiag]   rock 'Kerbin Zn3010000130' 'Grass00' #153 vertex 5: ground 600187.252708 m, vertex 600186.968534 m, -284.173 mm above the ground
[RockPrecisionFixDiag]   rock 'Kerbin Zn3010000130' 'Grass00' #153 vertex 6: ground 600187.219214 m, vertex 600188.279263 m, +1060.048 mm above the ground
[RockPrecisionFixDiag]   rock 'Kerbin Zn3010000130' 'Grass00' #153 vertex 7: ground 600187.252702 m, vertex 600188.278576 m, +1025.874 mm above the ground
[RockPrecisionFixDiag]   rock 'Kerbin Zn3010000130' 'Grass00' #154 vertex 0: ground 600187.026402 m, vertex 600186.776408 m, -249.994 mm above the ground
[RockPrecisionFixDiag]   rock 'Kerbin Zn3010000130' 'Grass00' #154 vertex 1: ground 600187.171302 m, vertex 600186.777124 m, -394.177 mm above the ground
[RockPrecisionFixDiag]   rock 'Kerbin Zn3010000130' 'Grass00' #154 vertex 2: ground 600187.026391 m, vertex 600188.521783 m, +1495.391 mm above the ground
[RockPrecisionFixDiag]   rock 'Kerbin Zn3010000130' 'Grass00' #154 vertex 3: ground 600187.171258 m, vertex 600188.522509 m, +1351.251 mm above the ground
[RockPrecisionFixDiag]   rock 'Kerbin Zn3010000130' 'Grass00' #154 vertex 4: ground 600187.026402 m, vertex 600186.776408 m, -249.994 mm above the ground
[RockPrecisionFixDiag]   rock 'Kerbin Zn3010000130' 'Grass00' #154 vertex 5: ground 600187.171302 m, vertex 600186.777124 m, -394.177 mm above the ground
[RockPrecisionFixDiag]   rock 'Kerbin Zn3010000130' 'Grass00' #154 vertex 6: ground 600187.026391 m, vertex 600188.521783 m, +1495.391 mm above the ground
[RockPrecisionFixDiag]   rock 'Kerbin Zn3010000130' 'Grass00' #154 vertex 7: ground 600187.171258 m, vertex 600188.522509 m, +1351.251 mm above the ground
[RockPrecisionFixDiag]   rock 'Kerbin Zn3010000130' 'Grass00' #155 vertex 0: ground 600186.716121 m, vertex 600186.466099 m, -250.022 mm above the ground
[RockPrecisionFixDiag]   rock 'Kerbin Zn3010000130' 'Grass00' #155 vertex 1: ground 600186.766436 m, vertex 600186.466809 m, -299.627 mm above the ground
[RockPrecisionFixDiag]   rock 'Kerbin Zn3010000130' 'Grass00' #155 vertex 2: ground 600186.716103 m, vertex 600187.825595 m, +1109.491 mm above the ground
[RockPrecisionFixDiag]   rock 'Kerbin Zn3010000130' 'Grass00' #155 vertex 3: ground 600186.766415 m, vertex 600187.826308 m, +1059.893 mm above the ground
[RockPrecisionFixDiag]   rock 'Kerbin Zn3010000130' 'Grass00' #155 vertex 4: ground 600186.716121 m, vertex 600186.466099 m, -250.022 mm above the ground
[RockPrecisionFixDiag]   rock 'Kerbin Zn3010000130' 'Grass00' #155 vertex 5: ground 600186.766436 m, vertex 600186.466809 m, -299.627 mm above the ground
[RockPrecisionFixDiag]   rock 'Kerbin Zn3010000130' 'Grass00' #155 vertex 6: ground 600186.716103 m, vertex 600187.825595 m, +1109.491 mm above the ground
[RockPrecisionFixDiag]   rock 'Kerbin Zn3010000130' 'Grass00' #155 vertex 7: ground 600186.766415 m, vertex 600187.826308 m, +1059.893 mm above the ground
[RockPrecisionFixDiag]   rock 'Kerbin Zn3010000130' 'Grass00' #156 vertex 0: ground 600186.341613 m, vertex 600186.091613 m, -250.001 mm above the ground
[RockPrecisionFixDiag]   rock 'Kerbin Zn3010000130' 'Grass00' #156 vertex 1: ground 600186.367805 m, vertex 600186.092434 m, -275.372 mm above the ground
[RockPrecisionFixDiag]   rock 'Kerbin Zn3010000130' 'Grass00' #156 vertex 2: ground 600186.341615 m, vertex 600187.384409 m, +1042.795 mm above the ground
[RockPrecisionFixDiag]   rock 'Kerbin Zn3010000130' 'Grass00' #156 vertex 3: ground 600186.367768 m, vertex 600187.385230 m, +1017.462 mm above the ground
[RockPrecisionFixDiag]   rock 'Kerbin Zn3010000130' 'Grass00' #156 vertex 4: ground 600186.341613 m, vertex 600186.091613 m, -250.001 mm above the ground
[RockPrecisionFixDiag]   rock 'Kerbin Zn3010000130' 'Grass00' #156 vertex 5: ground 600186.367805 m, vertex 600186.092434 m, -275.372 mm above the ground
[RockPrecisionFixDiag]   rock 'Kerbin Zn3010000130' 'Grass00' #156 vertex 6: ground 600186.341615 m, vertex 600187.384409 m, +1042.795 mm above the ground
[RockPrecisionFixDiag]   rock 'Kerbin Zn3010000130' 'Grass00' #156 vertex 7: ground 600186.367768 m, vertex 600187.385230 m, +1017.462 mm above the ground
[RockPrecisionFixDiag]   rock 'Kerbin Zn3010000130' 'Grass00' #157 vertex 0: ground 600196.158297 m, vertex 600195.908303 m, -249.994 mm above the ground
[RockPrecisionFixDiag]   rock 'Kerbin Zn3010000130' 'Grass00' #157 vertex 1: ground 600196.179785 m, vertex 600195.908635 m, -271.150 mm above the ground
[RockPrecisionFixDiag]   rock 'Kerbin Zn3010000130' 'Grass00' #157 vertex 2: ground 600196.158274 m, vertex 600197.039478 m, +881.205 mm above the ground
[RockPrecisionFixDiag]   rock 'Kerbin Zn3010000130' 'Grass00' #157 vertex 3: ground 600196.179776 m, vertex 600197.039811 m, +860.035 mm above the ground
[RockPrecisionFixDiag]   rock 'Kerbin Zn3010000130' 'Grass00' #157 vertex 4: ground 600196.158297 m, vertex 600195.908303 m, -249.994 mm above the ground
[RockPrecisionFixDiag]   rock 'Kerbin Zn3010000130' 'Grass00' #157 vertex 5: ground 600196.179785 m, vertex 600195.908635 m, -271.150 mm above the ground
[RockPrecisionFixDiag]   rock 'Kerbin Zn3010000130' 'Grass00' #157 vertex 6: ground 600196.158274 m, vertex 600197.039478 m, +881.205 mm above the ground
[RockPrecisionFixDiag]   rock 'Kerbin Zn3010000130' 'Grass00' #157 vertex 7: ground 600196.179776 m, vertex 600197.039811 m, +860.035 mm above the ground
[RockPrecisionFixDiag]   rock 'Kerbin Zn3010000130' 'Grass00' #158 vertex 0: ground 600204.297162 m, vertex 600204.047144 m, -250.018 mm above the ground
[RockPrecisionFixDiag]   rock 'Kerbin Zn3010000130' 'Grass00' #158 vertex 1: ground 600204.301013 m, vertex 600204.046183 m, -254.829 mm above the ground
[RockPrecisionFixDiag]   rock 'Kerbin Zn3010000130' 'Grass00' #158 vertex 2: ground 600204.297208 m, vertex 600205.264542 m, +967.334 mm above the ground
[RockPrecisionFixDiag]   rock 'Kerbin Zn3010000130' 'Grass00' #158 vertex 3: ground 600204.301036 m, vertex 600205.263562 m, +962.526 mm above the ground
[RockPrecisionFixDiag]   rock 'Kerbin Zn3010000130' 'Grass00' #158 vertex 4: ground 600204.297162 m, vertex 600204.047144 m, -250.018 mm above the ground
[RockPrecisionFixDiag]   rock 'Kerbin Zn3010000130' 'Grass00' #158 vertex 5: ground 600204.301013 m, vertex 600204.046183 m, -254.829 mm above the ground
[RockPrecisionFixDiag]   rock 'Kerbin Zn3010000130' 'Grass00' #158 vertex 6: ground 600204.297208 m, vertex 600205.264542 m, +967.334 mm above the ground
[RockPrecisionFixDiag]   rock 'Kerbin Zn3010000130' 'Grass00' #158 vertex 7: ground 600204.301036 m, vertex 600205.263562 m, +962.526 mm above the ground
[RockPrecisionFixDiag]   rock 'Kerbin Zn3010000130' 'Grass00' #159 vertex 0: ground 600190.776937 m, vertex 600190.526938 m, -250.000 mm above the ground
[RockPrecisionFixDiag]   rock 'Kerbin Zn3010000130' 'Grass00' #159 vertex 1: ground 600190.743552 m, vertex 600190.526943 m, -216.609 mm above the ground
[RockPrecisionFixDiag]   rock 'Kerbin Zn3010000130' 'Grass00' #159 vertex 2: ground 600190.776938 m, vertex 600192.241250 m, +1464.312 mm above the ground
[RockPrecisionFixDiag]   rock 'Kerbin Zn3010000130' 'Grass00' #159 vertex 3: ground 600190.743554 m, vertex 600192.241258 m, +1497.704 mm above the ground
[RockPrecisionFixDiag]   rock 'Kerbin Zn3010000130' 'Grass00' #159 vertex 4: ground 600190.776937 m, vertex 600190.526938 m, -250.000 mm above the ground
[RockPrecisionFixDiag]   rock 'Kerbin Zn3010000130' 'Grass00' #159 vertex 5: ground 600190.743552 m, vertex 600190.526943 m, -216.609 mm above the ground
[RockPrecisionFixDiag]   rock 'Kerbin Zn3010000130' 'Grass00' #159 vertex 6: ground 600190.776938 m, vertex 600192.241250 m, +1464.312 mm above the ground
[RockPrecisionFixDiag]   rock 'Kerbin Zn3010000130' 'Grass00' #159 vertex 7: ground 600190.743554 m, vertex 600192.241258 m, +1497.704 mm above the ground
[RockPrecisionFixDiag]   rock 'Kerbin Zn3010000130' 'Grass00' #160 vertex 0: ground 600201.338213 m, vertex 600200.991372 m, -346.842 mm above the ground
[RockPrecisionFixDiag]   rock 'Kerbin Zn3010000130' 'Grass00' #160 vertex 1: ground 600201.264328 m, vertex 600200.991545 m, -272.783 mm above the ground
[RockPrecisionFixDiag]   rock 'Kerbin Zn3010000130' 'Grass00' #160 vertex 2: ground 600201.338185 m, vertex 600202.826380 m, +1488.195 mm above the ground
[RockPrecisionFixDiag]   rock 'Kerbin Zn3010000130' 'Grass00' #160 vertex 3: ground 600201.264295 m, vertex 600202.826558 m, +1562.263 mm above the ground
[RockPrecisionFixDiag]   rock 'Kerbin Zn3010000130' 'Grass00' #160 vertex 4: ground 600201.338213 m, vertex 600200.991372 m, -346.842 mm above the ground
[RockPrecisionFixDiag]   rock 'Kerbin Zn3010000130' 'Grass00' #160 vertex 5: ground 600201.264328 m, vertex 600200.991545 m, -272.783 mm above the ground
[RockPrecisionFixDiag]   rock 'Kerbin Zn3010000130' 'Grass00' #160 vertex 6: ground 600201.338185 m, vertex 600202.826380 m, +1488.195 mm above the ground
[RockPrecisionFixDiag]   rock 'Kerbin Zn3010000130' 'Grass00' #160 vertex 7: ground 600201.264295 m, vertex 600202.826558 m, +1562.263 mm above the ground
[RockPrecisionFixDiag]   rock 'Kerbin Zn3010000130' 'Grass00' #161 vertex 0: ground 600198.035275 m, vertex 600198.799238 m, +763.963 mm above the ground
[RockPrecisionFixDiag]   rock 'Kerbin Zn3010000130' 'Grass00' #161 vertex 1: ground 600198.041129 m, vertex 600198.797972 m, +756.843 mm above the ground
[RockPrecisionFixDiag]   rock 'Kerbin Zn3010000130' 'Grass00' #161 vertex 2: ground 600198.035266 m, vertex 600200.524825 m, +2489.559 mm above the ground
[RockPrecisionFixDiag]   rock 'Kerbin Zn3010000130' 'Grass00' #161 vertex 3: ground 600198.041183 m, vertex 600200.523559 m, +2482.376 mm above the ground
[RockPrecisionFixDiag]   rock 'Kerbin Zn3010000130' 'Grass00' #161 vertex 4: ground 600198.035275 m, vertex 600198.799238 m, +763.963 mm above the ground
[RockPrecisionFixDiag]   rock 'Kerbin Zn3010000130' 'Grass00' #161 vertex 5: ground 600198.041129 m, vertex 600198.797972 m, +756.843 mm above the ground
[RockPrecisionFixDiag]   rock 'Kerbin Zn3010000130' 'Grass00' #161 vertex 6: ground 600198.035266 m, vertex 600200.524825 m, +2489.559 mm above the ground
[RockPrecisionFixDiag]   rock 'Kerbin Zn3010000130' 'Grass00' #161 vertex 7: ground 600198.041183 m, vertex 600200.523559 m, +2482.376 mm above the ground
[RockPrecisionFixDiag]   rock 'Kerbin Zn3010000130' 'Grass00' #162 vertex 0: ground 600205.296459 m, vertex 600205.046458 m, -250.001 mm above the ground
[RockPrecisionFixDiag]   rock 'Kerbin Zn3010000130' 'Grass00' #162 vertex 1: ground 600205.338313 m, vertex 600205.047408 m, -290.905 mm above the ground
[RockPrecisionFixDiag]   rock 'Kerbin Zn3010000130' 'Grass00' #162 vertex 2: ground 600205.296496 m, vertex 600206.615958 m, +1319.461 mm above the ground
[RockPrecisionFixDiag]   rock 'Kerbin Zn3010000130' 'Grass00' #162 vertex 3: ground 600205.338276 m, vertex 600206.616907 m, +1278.631 mm above the ground
[RockPrecisionFixDiag]   rock 'Kerbin Zn3010000130' 'Grass00' #162 vertex 4: ground 600205.296459 m, vertex 600205.046458 m, -250.001 mm above the ground
[RockPrecisionFixDiag]   rock 'Kerbin Zn3010000130' 'Grass00' #162 vertex 5: ground 600205.338313 m, vertex 600205.047408 m, -290.905 mm above the ground
[RockPrecisionFixDiag]   rock 'Kerbin Zn3010000130' 'Grass00' #162 vertex 6: ground 600205.296496 m, vertex 600206.615958 m, +1319.461 mm above the ground
[RockPrecisionFixDiag]   rock 'Kerbin Zn3010000130' 'Grass00' #162 vertex 7: ground 600205.338276 m, vertex 600206.616907 m, +1278.631 mm above the ground
[RockPrecisionFixDiag]   rock 'Kerbin Zn3010000130' 'Grass00' #163 vertex 0: ground 600188.835920 m, vertex 600188.585879 m, -250.041 mm above the ground
[RockPrecisionFixDiag]   rock 'Kerbin Zn3010000130' 'Grass00' #163 vertex 1: ground 600188.816999 m, vertex 600188.586682 m, -230.317 mm above the ground
[RockPrecisionFixDiag]   rock 'Kerbin Zn3010000130' 'Grass00' #163 vertex 2: ground 600188.835869 m, vertex 600190.530237 m, +1694.367 mm above the ground
[RockPrecisionFixDiag]   rock 'Kerbin Zn3010000130' 'Grass00' #163 vertex 3: ground 600188.816983 m, vertex 600190.531039 m, +1714.056 mm above the ground
[RockPrecisionFixDiag]   rock 'Kerbin Zn3010000130' 'Grass00' #163 vertex 4: ground 600188.835920 m, vertex 600188.585879 m, -250.041 mm above the ground
[RockPrecisionFixDiag]   rock 'Kerbin Zn3010000130' 'Grass00' #163 vertex 5: ground 600188.816999 m, vertex 600188.586682 m, -230.317 mm above the ground
[RockPrecisionFixDiag]   rock 'Kerbin Zn3010000130' 'Grass00' #163 vertex 6: ground 600188.835869 m, vertex 600190.530237 m, +1694.367 mm above the ground
[RockPrecisionFixDiag]   rock 'Kerbin Zn3010000130' 'Grass00' #163 vertex 7: ground 600188.816983 m, vertex 600190.531039 m, +1714.056 mm above the ground
[RockPrecisionFixDiag]   rock 'Kerbin Zn3010000130' 'Grass00' #164 vertex 0: ground 600191.263828 m, vertex 600191.013826 m, -250.001 mm above the ground
[RockPrecisionFixDiag]   rock 'Kerbin Zn3010000130' 'Grass00' #164 vertex 1: ground 600191.294267 m, vertex 600191.013364 m, -280.903 mm above the ground
[RockPrecisionFixDiag]   rock 'Kerbin Zn3010000130' 'Grass00' #164 vertex 2: ground 600191.263818 m, vertex 600192.575154 m, +1311.336 mm above the ground
[RockPrecisionFixDiag]   rock 'Kerbin Zn3010000130' 'Grass00' #164 vertex 3: ground 600191.294246 m, vertex 600192.574697 m, +1280.451 mm above the ground
[RockPrecisionFixDiag]   rock 'Kerbin Zn3010000130' 'Grass00' #164 vertex 4: ground 600191.263828 m, vertex 600191.013826 m, -250.001 mm above the ground
[RockPrecisionFixDiag]   rock 'Kerbin Zn3010000130' 'Grass00' #164 vertex 5: ground 600191.294267 m, vertex 600191.013364 m, -280.903 mm above the ground
[RockPrecisionFixDiag]   rock 'Kerbin Zn3010000130' 'Grass00' #164 vertex 6: ground 600191.263818 m, vertex 600192.575154 m, +1311.336 mm above the ground
[RockPrecisionFixDiag]   rock 'Kerbin Zn3010000130' 'Grass00' #164 vertex 7: ground 600191.294246 m, vertex 600192.574697 m, +1280.451 mm above the ground
[RockPrecisionFixDiag]   rock 'Kerbin Zn3010000130' 'Grass00' #165 vertex 0: ground 600201.518269 m, vertex 600201.268250 m, -250.019 mm above the ground
[RockPrecisionFixDiag]   rock 'Kerbin Zn3010000130' 'Grass00' #165 vertex 1: ground 600201.355289 m, vertex 600201.267900 m, -87.390 mm above the ground
[RockPrecisionFixDiag]   rock 'Kerbin Zn3010000130' 'Grass00' #165 vertex 2: ground 600201.518226 m, vertex 600203.221994 m, +1703.768 mm above the ground
[RockPrecisionFixDiag]   rock 'Kerbin Zn3010000130' 'Grass00' #165 vertex 3: ground 600201.355247 m, vertex 600203.221644 m, +1866.398 mm above the ground
[RockPrecisionFixDiag]   rock 'Kerbin Zn3010000130' 'Grass00' #165 vertex 4: ground 600201.518269 m, vertex 600201.268250 m, -250.019 mm above the ground
[RockPrecisionFixDiag]   rock 'Kerbin Zn3010000130' 'Grass00' #165 vertex 5: ground 600201.355289 m, vertex 600201.267900 m, -87.390 mm above the ground
[RockPrecisionFixDiag]   rock 'Kerbin Zn3010000130' 'Grass00' #165 vertex 6: ground 600201.518226 m, vertex 600203.221994 m, +1703.768 mm above the ground
[RockPrecisionFixDiag]   rock 'Kerbin Zn3010000130' 'Grass00' #165 vertex 7: ground 600201.355247 m, vertex 600203.221644 m, +1866.398 mm above the ground
[RockPrecisionFixDiag]   rock 'Kerbin Zn3010000130' 'Grass00' #166 vertex 0: ground 600204.612077 m, vertex 600204.245247 m, -366.830 mm above the ground
[RockPrecisionFixDiag]   rock 'Kerbin Zn3010000130' 'Grass00' #166 vertex 1: ground 600204.620304 m, vertex 600204.244432 m, -375.872 mm above the ground
[RockPrecisionFixDiag]   rock 'Kerbin Zn3010000130' 'Grass00' #166 vertex 2: ground 600204.612057 m, vertex 600206.222062 m, +1610.005 mm above the ground
[RockPrecisionFixDiag]   rock 'Kerbin Zn3010000130' 'Grass00' #166 vertex 3: ground 600204.620304 m, vertex 600206.221271 m, +1600.966 mm above the ground
[RockPrecisionFixDiag]   rock 'Kerbin Zn3010000130' 'Grass00' #166 vertex 4: ground 600204.612077 m, vertex 600204.245247 m, -366.830 mm above the ground
[RockPrecisionFixDiag]   rock 'Kerbin Zn3010000130' 'Grass00' #166 vertex 5: ground 600204.620304 m, vertex 600204.244432 m, -375.872 mm above the ground
[RockPrecisionFixDiag]   rock 'Kerbin Zn3010000130' 'Grass00' #166 vertex 6: ground 600204.612057 m, vertex 600206.222062 m, +1610.005 mm above the ground
[RockPrecisionFixDiag]   rock 'Kerbin Zn3010000130' 'Grass00' #166 vertex 7: ground 600204.620304 m, vertex 600206.221271 m, +1600.966 mm above the ground
[RockPrecisionFixDiag]   rock 'Kerbin Zn3010000130' 'Grass00' #167 vertex 0: ground 600199.299510 m, vertex 600197.956896 m, -1342.614 mm above the ground
[RockPrecisionFixDiag]   rock 'Kerbin Zn3010000130' 'Grass00' #167 vertex 1: ground 600199.318707 m, vertex 600197.957010 m, -1361.697 mm above the ground
[RockPrecisionFixDiag]   rock 'Kerbin Zn3010000130' 'Grass00' #167 vertex 2: ground 600199.299555 m, vertex 600198.991977 m, -307.577 mm above the ground
[RockPrecisionFixDiag]   rock 'Kerbin Zn3010000130' 'Grass00' #167 vertex 3: ground 600199.318735 m, vertex 600198.992096 m, -326.639 mm above the ground
[RockPrecisionFixDiag]   rock 'Kerbin Zn3010000130' 'Grass00' #167 vertex 4: ground 600199.299510 m, vertex 600197.956896 m, -1342.614 mm above the ground
[RockPrecisionFixDiag]   rock 'Kerbin Zn3010000130' 'Grass00' #167 vertex 5: ground 600199.318707 m, vertex 600197.957010 m, -1361.697 mm above the ground
[RockPrecisionFixDiag]   rock 'Kerbin Zn3010000130' 'Grass00' #167 vertex 6: ground 600199.299555 m, vertex 600198.991977 m, -307.577 mm above the ground
[RockPrecisionFixDiag]   rock 'Kerbin Zn3010000130' 'Grass00' #167 vertex 7: ground 600199.318735 m, vertex 600198.992096 m, -326.639 mm above the ground
[RockPrecisionFixDiag]   rock 'Kerbin Zn3010000130' 'Grass00' #168 vertex 0: ground 600186.394543 m, vertex 600186.144542 m, -250.001 mm above the ground
[RockPrecisionFixDiag]   rock 'Kerbin Zn3010000130' 'Grass00' #168 vertex 1: ground 600186.414559 m, vertex 600186.144458 m, -270.101 mm above the ground
[RockPrecisionFixDiag]   rock 'Kerbin Zn3010000130' 'Grass00' #168 vertex 2: ground 600186.394549 m, vertex 600187.766857 m, +1372.307 mm above the ground
[RockPrecisionFixDiag]   rock 'Kerbin Zn3010000130' 'Grass00' #168 vertex 3: ground 600186.414546 m, vertex 600187.766773 m, +1352.227 mm above the ground
[RockPrecisionFixDiag]   rock 'Kerbin Zn3010000130' 'Grass00' #168 vertex 4: ground 600186.394543 m, vertex 600186.144542 m, -250.001 mm above the ground
[RockPrecisionFixDiag]   rock 'Kerbin Zn3010000130' 'Grass00' #168 vertex 5: ground 600186.414559 m, vertex 600186.144458 m, -270.101 mm above the ground
[RockPrecisionFixDiag]   rock 'Kerbin Zn3010000130' 'Grass00' #168 vertex 6: ground 600186.394549 m, vertex 600187.766857 m, +1372.307 mm above the ground
[RockPrecisionFixDiag]   rock 'Kerbin Zn3010000130' 'Grass00' #168 vertex 7: ground 600186.414546 m, vertex 600187.766773 m, +1352.227 mm above the ground
[RockPrecisionFixDiag]   rock 'Kerbin Zn3010000130' 'Grass00' #169 vertex 0: ground 600201.111662 m, vertex 600200.861629 m, -250.033 mm above the ground
[RockPrecisionFixDiag]   rock 'Kerbin Zn3010000130' 'Grass00' #169 vertex 1: ground 600201.171655 m, vertex 600200.860914 m, -310.741 mm above the ground
[RockPrecisionFixDiag]   rock 'Kerbin Zn3010000130' 'Grass00' #169 vertex 2: ground 600201.111673 m, vertex 600201.921406 m, +809.733 mm above the ground
[RockPrecisionFixDiag]   rock 'Kerbin Zn3010000130' 'Grass00' #169 vertex 3: ground 600201.171705 m, vertex 600201.920690 m, +748.985 mm above the ground
[RockPrecisionFixDiag]   rock 'Kerbin Zn3010000130' 'Grass00' #169 vertex 4: ground 600201.111662 m, vertex 600200.861629 m, -250.033 mm above the ground
[RockPrecisionFixDiag]   rock 'Kerbin Zn3010000130' 'Grass00' #169 vertex 5: ground 600201.171655 m, vertex 600200.860914 m, -310.741 mm above the ground
[RockPrecisionFixDiag]   rock 'Kerbin Zn3010000130' 'Grass00' #169 vertex 6: ground 600201.111673 m, vertex 600201.921406 m, +809.733 mm above the ground
[RockPrecisionFixDiag]   rock 'Kerbin Zn3010000130' 'Grass00' #169 vertex 7: ground 600201.171705 m, vertex 600201.920690 m, +748.985 mm above the ground
[RockPrecisionFixDiag]   rock 'Kerbin Zn3010000130' 'Grass00' #170 vertex 0: ground 600200.633010 m, vertex 600200.382990 m, -250.020 mm above the ground
[RockPrecisionFixDiag]   rock 'Kerbin Zn3010000130' 'Grass00' #170 vertex 1: ground 600200.624665 m, vertex 600200.381315 m, -243.350 mm above the ground
[RockPrecisionFixDiag]   rock 'Kerbin Zn3010000130' 'Grass00' #170 vertex 2: ground 600200.633016 m, vertex 600202.224733 m, +1591.717 mm above the ground
[RockPrecisionFixDiag]   rock 'Kerbin Zn3010000130' 'Grass00' #170 vertex 3: ground 600200.624671 m, vertex 600202.223058 m, +1598.387 mm above the ground
[RockPrecisionFixDiag]   rock 'Kerbin Zn3010000130' 'Grass00' #170 vertex 4: ground 600200.633010 m, vertex 600200.382990 m, -250.020 mm above the ground
[RockPrecisionFixDiag]   rock 'Kerbin Zn3010000130' 'Grass00' #170 vertex 5: ground 600200.624665 m, vertex 600200.381315 m, -243.350 mm above the ground
[RockPrecisionFixDiag]   rock 'Kerbin Zn3010000130' 'Grass00' #170 vertex 6: ground 600200.633016 m, vertex 600202.224733 m, +1591.717 mm above the ground
[RockPrecisionFixDiag]   rock 'Kerbin Zn3010000130' 'Grass00' #170 vertex 7: ground 600200.624671 m, vertex 600202.223058 m, +1598.387 mm above the ground
[RockPrecisionFixDiag]   rock 'Kerbin Zn3010000130' 'Grass00' #171 vertex 0: ground 600201.301254 m, vertex 600201.064526 m, -236.728 mm above the ground
[RockPrecisionFixDiag]   rock 'Kerbin Zn3010000130' 'Grass00' #171 vertex 1: ground 600201.285661 m, vertex 600201.063408 m, -222.253 mm above the ground
[RockPrecisionFixDiag]   rock 'Kerbin Zn3010000130' 'Grass00' #171 vertex 2: ground 600201.301308 m, vertex 600202.943762 m, +1642.454 mm above the ground
[RockPrecisionFixDiag]   rock 'Kerbin Zn3010000130' 'Grass00' #171 vertex 3: ground 600201.285665 m, vertex 600202.942644 m, +1656.979 mm above the ground
[RockPrecisionFixDiag]   rock 'Kerbin Zn3010000130' 'Grass00' #171 vertex 4: ground 600201.301254 m, vertex 600201.064526 m, -236.728 mm above the ground
[RockPrecisionFixDiag]   rock 'Kerbin Zn3010000130' 'Grass00' #171 vertex 5: ground 600201.285661 m, vertex 600201.063408 m, -222.253 mm above the ground
[RockPrecisionFixDiag]   rock 'Kerbin Zn3010000130' 'Grass00' #171 vertex 6: ground 600201.301308 m, vertex 600202.943762 m, +1642.454 mm above the ground
[RockPrecisionFixDiag]   rock 'Kerbin Zn3010000130' 'Grass00' #171 vertex 7: ground 600201.285665 m, vertex 600202.942644 m, +1656.979 mm above the ground
[RockPrecisionFixDiag]   rock 'Kerbin Zn3010000130' 'Grass00' #172 vertex 0: ground 600194.604996 m, vertex 600194.354990 m, -250.006 mm above the ground
[RockPrecisionFixDiag]   rock 'Kerbin Zn3010000130' 'Grass00' #172 vertex 1: ground 600194.637004 m, vertex 600194.354068 m, -282.936 mm above the ground
[RockPrecisionFixDiag]   rock 'Kerbin Zn3010000130' 'Grass00' #172 vertex 2: ground 600194.605006 m, vertex 600195.455028 m, +850.022 mm above the ground
[RockPrecisionFixDiag]   rock 'Kerbin Zn3010000130' 'Grass00' #172 vertex 3: ground 600194.637034 m, vertex 600195.454083 m, +817.049 mm above the ground
[RockPrecisionFixDiag]   rock 'Kerbin Zn3010000130' 'Grass00' #172 vertex 4: ground 600194.604996 m, vertex 600194.354990 m, -250.006 mm above the ground
[RockPrecisionFixDiag]   rock 'Kerbin Zn3010000130' 'Grass00' #172 vertex 5: ground 600194.637004 m, vertex 600194.354068 m, -282.936 mm above the ground
[RockPrecisionFixDiag]   rock 'Kerbin Zn3010000130' 'Grass00' #172 vertex 6: ground 600194.605006 m, vertex 600195.455028 m, +850.022 mm above the ground
[RockPrecisionFixDiag]   rock 'Kerbin Zn3010000130' 'Grass00' #172 vertex 7: ground 600194.637034 m, vertex 600195.454083 m, +817.049 mm above the ground
[RockPrecisionFixDiag]   rock 'Kerbin Zn3010000130' 'Grass00' #173 vertex 0: ground 600208.331734 m, vertex 600208.081734 m, -250.000 mm above the ground
[RockPrecisionFixDiag]   rock 'Kerbin Zn3010000130' 'Grass00' #173 vertex 1: ground 600208.268628 m, vertex 600208.082438 m, -186.190 mm above the ground
[RockPrecisionFixDiag]   rock 'Kerbin Zn3010000130' 'Grass00' #173 vertex 2: ground 600208.331866 m, vertex 600209.782166 m, +1450.300 mm above the ground
[RockPrecisionFixDiag]   rock 'Kerbin Zn3010000130' 'Grass00' #173 vertex 3: ground 600208.268778 m, vertex 600209.782875 m, +1514.097 mm above the ground
[RockPrecisionFixDiag]   rock 'Kerbin Zn3010000130' 'Grass00' #173 vertex 4: ground 600208.331734 m, vertex 600208.081734 m, -250.000 mm above the ground
[RockPrecisionFixDiag]   rock 'Kerbin Zn3010000130' 'Grass00' #173 vertex 5: ground 600208.268628 m, vertex 600208.082438 m, -186.190 mm above the ground
[RockPrecisionFixDiag]   rock 'Kerbin Zn3010000130' 'Grass00' #173 vertex 6: ground 600208.331866 m, vertex 600209.782166 m, +1450.300 mm above the ground
[RockPrecisionFixDiag]   rock 'Kerbin Zn3010000130' 'Grass00' #173 vertex 7: ground 600208.268778 m, vertex 600209.782875 m, +1514.097 mm above the ground
[RockPrecisionFixDiag]   rock 'Kerbin Zn3010000130' 'Grass00' #174 vertex 0: ground 600196.542313 m, vertex 600196.292324 m, -249.989 mm above the ground
[RockPrecisionFixDiag]   rock 'Kerbin Zn3010000130' 'Grass00' #174 vertex 1: ground 600196.525206 m, vertex 600196.290340 m, -234.866 mm above the ground
[RockPrecisionFixDiag]   rock 'Kerbin Zn3010000130' 'Grass00' #174 vertex 2: ground 600196.542324 m, vertex 600198.141478 m, +1599.155 mm above the ground
[RockPrecisionFixDiag]   rock 'Kerbin Zn3010000130' 'Grass00' #174 vertex 3: ground 600196.525229 m, vertex 600198.139518 m, +1614.289 mm above the ground
[RockPrecisionFixDiag]   rock 'Kerbin Zn3010000130' 'Grass00' #174 vertex 4: ground 600196.542313 m, vertex 600196.292324 m, -249.989 mm above the ground
[RockPrecisionFixDiag]   rock 'Kerbin Zn3010000130' 'Grass00' #174 vertex 5: ground 600196.525206 m, vertex 600196.290340 m, -234.866 mm above the ground
[RockPrecisionFixDiag]   rock 'Kerbin Zn3010000130' 'Grass00' #174 vertex 6: ground 600196.542324 m, vertex 600198.141478 m, +1599.155 mm above the ground
[RockPrecisionFixDiag]   rock 'Kerbin Zn3010000130' 'Grass00' #174 vertex 7: ground 600196.525229 m, vertex 600198.139518 m, +1614.289 mm above the ground
[RockPrecisionFixDiag]   rock 'Kerbin Zn3010000130' 'Grass00' #175 vertex 0: ground 600191.580870 m, vertex 600191.330865 m, -250.005 mm above the ground
[RockPrecisionFixDiag]   rock 'Kerbin Zn3010000130' 'Grass00' #175 vertex 1: ground 600191.618858 m, vertex 600191.330611 m, -288.247 mm above the ground
[RockPrecisionFixDiag]   rock 'Kerbin Zn3010000130' 'Grass00' #175 vertex 2: ground 600191.580862 m, vertex 600192.577468 m, +996.606 mm above the ground
[RockPrecisionFixDiag]   rock 'Kerbin Zn3010000130' 'Grass00' #175 vertex 3: ground 600191.618850 m, vertex 600192.577214 m, +958.364 mm above the ground
[RockPrecisionFixDiag]   rock 'Kerbin Zn3010000130' 'Grass00' #175 vertex 4: ground 600191.580870 m, vertex 600191.330865 m, -250.005 mm above the ground
[RockPrecisionFixDiag]   rock 'Kerbin Zn3010000130' 'Grass00' #175 vertex 5: ground 600191.618858 m, vertex 600191.330611 m, -288.247 mm above the ground
[RockPrecisionFixDiag]   rock 'Kerbin Zn3010000130' 'Grass00' #175 vertex 6: ground 600191.580862 m, vertex 600192.577468 m, +996.606 mm above the ground
[RockPrecisionFixDiag]   rock 'Kerbin Zn3010000130' 'Grass00' #175 vertex 7: ground 600191.618850 m, vertex 600192.577214 m, +958.364 mm above the ground
[RockPrecisionFixDiag]   rock 'Kerbin Zn3010000130' 'Grass00' #176 vertex 0: ground 600199.928891 m, vertex 600199.678863 m, -250.028 mm above the ground
[RockPrecisionFixDiag]   rock 'Kerbin Zn3010000130' 'Grass00' #176 vertex 1: ground 600199.837129 m, vertex 600199.678173 m, -158.956 mm above the ground
[RockPrecisionFixDiag]   rock 'Kerbin Zn3010000130' 'Grass00' #176 vertex 2: ground 600199.928853 m, vertex 600201.462041 m, +1533.188 mm above the ground
[RockPrecisionFixDiag]   rock 'Kerbin Zn3010000130' 'Grass00' #176 vertex 3: ground 600199.837101 m, vertex 600201.461332 m, +1624.231 mm above the ground
[RockPrecisionFixDiag]   rock 'Kerbin Zn3010000130' 'Grass00' #176 vertex 4: ground 600199.928891 m, vertex 600199.678863 m, -250.028 mm above the ground
[RockPrecisionFixDiag]   rock 'Kerbin Zn3010000130' 'Grass00' #176 vertex 5: ground 600199.837129 m, vertex 600199.678173 m, -158.956 mm above the ground
[RockPrecisionFixDiag]   rock 'Kerbin Zn3010000130' 'Grass00' #176 vertex 6: ground 600199.928853 m, vertex 600201.462041 m, +1533.188 mm above the ground
[RockPrecisionFixDiag]   rock 'Kerbin Zn3010000130' 'Grass00' #176 vertex 7: ground 600199.837101 m, vertex 600201.461332 m, +1624.231 mm above the ground
[RockPrecisionFixDiag]   rock 'Kerbin Zn3010000130' 'Grass00' #177 vertex 0: ground 600207.631371 m, vertex 600207.381374 m, -249.997 mm above the ground
[RockPrecisionFixDiag]   rock 'Kerbin Zn3010000130' 'Grass00' #177 vertex 1: ground 600207.553525 m, vertex 600207.382069 m, -171.456 mm above the ground
[RockPrecisionFixDiag]   rock 'Kerbin Zn3010000130' 'Grass00' #177 vertex 2: ground 600207.631478 m, vertex 600208.896550 m, +1265.071 mm above the ground
[RockPrecisionFixDiag]   rock 'Kerbin Zn3010000130' 'Grass00' #177 vertex 3: ground 600207.553629 m, vertex 600208.897251 m, +1343.622 mm above the ground
[RockPrecisionFixDiag]   rock 'Kerbin Zn3010000130' 'Grass00' #177 vertex 4: ground 600207.631371 m, vertex 600207.381374 m, -249.997 mm above the ground
[RockPrecisionFixDiag]   rock 'Kerbin Zn3010000130' 'Grass00' #177 vertex 5: ground 600207.553525 m, vertex 600207.382069 m, -171.456 mm above the ground
[RockPrecisionFixDiag]   rock 'Kerbin Zn3010000130' 'Grass00' #177 vertex 6: ground 600207.631478 m, vertex 600208.896550 m, +1265.071 mm above the ground
[RockPrecisionFixDiag]   rock 'Kerbin Zn3010000130' 'Grass00' #177 vertex 7: ground 600207.553629 m, vertex 600208.897251 m, +1343.622 mm above the ground
[RockPrecisionFixDiag]   rock 'Kerbin Zn3010000130' 'Grass00' #178 vertex 0: ground 600192.929783 m, vertex 600192.679756 m, -250.027 mm above the ground
[RockPrecisionFixDiag]   rock 'Kerbin Zn3010000130' 'Grass00' #178 vertex 1: ground 600192.901165 m, vertex 600192.678179 m, -222.986 mm above the ground
[RockPrecisionFixDiag]   rock 'Kerbin Zn3010000130' 'Grass00' #178 vertex 2: ground 600192.929711 m, vertex 600194.297886 m, +1368.176 mm above the ground
[RockPrecisionFixDiag]   rock 'Kerbin Zn3010000130' 'Grass00' #178 vertex 3: ground 600192.901173 m, vertex 600194.296291 m, +1395.118 mm above the ground
[RockPrecisionFixDiag]   rock 'Kerbin Zn3010000130' 'Grass00' #178 vertex 4: ground 600192.929783 m, vertex 600192.679756 m, -250.027 mm above the ground
[RockPrecisionFixDiag]   rock 'Kerbin Zn3010000130' 'Grass00' #178 vertex 5: ground 600192.901165 m, vertex 600192.678179 m, -222.986 mm above the ground
[RockPrecisionFixDiag]   rock 'Kerbin Zn3010000130' 'Grass00' #178 vertex 6: ground 600192.929711 m, vertex 600194.297886 m, +1368.176 mm above the ground
[RockPrecisionFixDiag]   rock 'Kerbin Zn3010000130' 'Grass00' #178 vertex 7: ground 600192.901173 m, vertex 600194.296291 m, +1395.118 mm above the ground
[RockPrecisionFixDiag]   rock 'Kerbin Zn3010000130' 'Grass00' #179 vertex 0: ground 600188.910433 m, vertex 600188.671768 m, -238.665 mm above the ground
[RockPrecisionFixDiag]   rock 'Kerbin Zn3010000130' 'Grass00' #179 vertex 1: ground 600188.881848 m, vertex 600188.672607 m, -209.241 mm above the ground
[RockPrecisionFixDiag]   rock 'Kerbin Zn3010000130' 'Grass00' #179 vertex 2: ground 600188.910427 m, vertex 600190.362710 m, +1452.283 mm above the ground
[RockPrecisionFixDiag]   rock 'Kerbin Zn3010000130' 'Grass00' #179 vertex 3: ground 600188.881881 m, vertex 600190.363537 m, +1481.656 mm above the ground
[RockPrecisionFixDiag]   rock 'Kerbin Zn3010000130' 'Grass00' #179 vertex 4: ground 600188.910433 m, vertex 600188.671768 m, -238.665 mm above the ground
[RockPrecisionFixDiag]   rock 'Kerbin Zn3010000130' 'Grass00' #179 vertex 5: ground 600188.881848 m, vertex 600188.672607 m, -209.241 mm above the ground
[RockPrecisionFixDiag]   rock 'Kerbin Zn3010000130' 'Grass00' #179 vertex 6: ground 600188.910427 m, vertex 600190.362710 m, +1452.283 mm above the ground
[RockPrecisionFixDiag]   rock 'Kerbin Zn3010000130' 'Grass00' #179 vertex 7: ground 600188.881881 m, vertex 600190.363537 m, +1481.656 mm above the ground
[RockPrecisionFixDiag]   rock 'Kerbin Zn3010000130' 'Grass00' #180 vertex 0: ground 600202.226739 m, vertex 600201.976719 m, -250.020 mm above the ground
[RockPrecisionFixDiag]   rock 'Kerbin Zn3010000130' 'Grass00' #180 vertex 1: ground 600202.202847 m, vertex 600201.977628 m, -225.218 mm above the ground
[RockPrecisionFixDiag]   rock 'Kerbin Zn3010000130' 'Grass00' #180 vertex 2: ground 600202.226773 m, vertex 600203.086317 m, +859.544 mm above the ground
[RockPrecisionFixDiag]   rock 'Kerbin Zn3010000130' 'Grass00' #180 vertex 3: ground 600202.202900 m, vertex 600203.087194 m, +884.294 mm above the ground
[RockPrecisionFixDiag]   rock 'Kerbin Zn3010000130' 'Grass00' #180 vertex 4: ground 600202.226739 m, vertex 600201.976719 m, -250.020 mm above the ground
[RockPrecisionFixDiag]   rock 'Kerbin Zn3010000130' 'Grass00' #180 vertex 5: ground 600202.202847 m, vertex 600201.977628 m, -225.218 mm above the ground
[RockPrecisionFixDiag]   rock 'Kerbin Zn3010000130' 'Grass00' #180 vertex 6: ground 600202.226773 m, vertex 600203.086317 m, +859.544 mm above the ground
[RockPrecisionFixDiag]   rock 'Kerbin Zn3010000130' 'Grass00' #180 vertex 7: ground 600202.202900 m, vertex 600203.087194 m, +884.294 mm above the ground
[RockPrecisionFixDiag]   rock 'Kerbin Zn3010000130' 'Grass00' #181 vertex 0: ground 600189.731286 m, vertex 600189.590993 m, -140.293 mm above the ground
[RockPrecisionFixDiag]   rock 'Kerbin Zn3010000130' 'Grass00' #181 vertex 1: ground 600189.692348 m, vertex 600189.590822 m, -101.526 mm above the ground
[RockPrecisionFixDiag]   rock 'Kerbin Zn3010000130' 'Grass00' #181 vertex 2: ground 600189.731281 m, vertex 600190.735117 m, +1003.836 mm above the ground
[RockPrecisionFixDiag]   rock 'Kerbin Zn3010000130' 'Grass00' #181 vertex 3: ground 600189.692340 m, vertex 600190.734947 m, +1042.607 mm above the ground
[RockPrecisionFixDiag]   rock 'Kerbin Zn3010000130' 'Grass00' #181 vertex 4: ground 600189.731286 m, vertex 600189.590993 m, -140.293 mm above the ground
[RockPrecisionFixDiag]   rock 'Kerbin Zn3010000130' 'Grass00' #181 vertex 5: ground 600189.692348 m, vertex 600189.590822 m, -101.526 mm above the ground
[RockPrecisionFixDiag]   rock 'Kerbin Zn3010000130' 'Grass00' #181 vertex 6: ground 600189.731281 m, vertex 600190.735117 m, +1003.836 mm above the ground
[RockPrecisionFixDiag]   rock 'Kerbin Zn3010000130' 'Grass00' #181 vertex 7: ground 600189.692340 m, vertex 600190.734947 m, +1042.607 mm above the ground
[RockPrecisionFixDiag]   rock 'Kerbin Zn3010000130' 'Grass00' #182 vertex 0: ground 600190.352400 m, vertex 600190.102399 m, -250.001 mm above the ground
[RockPrecisionFixDiag]   rock 'Kerbin Zn3010000130' 'Grass00' #182 vertex 1: ground 600190.330914 m, vertex 600190.102923 m, -227.990 mm above the ground
[RockPrecisionFixDiag]   rock 'Kerbin Zn3010000130' 'Grass00' #182 vertex 2: ground 600190.352462 m, vertex 600191.183767 m, +831.305 mm above the ground
[RockPrecisionFixDiag]   rock 'Kerbin Zn3010000130' 'Grass00' #182 vertex 3: ground 600190.330976 m, vertex 600191.184303 m, +853.327 mm above the ground
[RockPrecisionFixDiag]   rock 'Kerbin Zn3010000130' 'Grass00' #182 vertex 4: ground 600190.352400 m, vertex 600190.102399 m, -250.001 mm above the ground
[RockPrecisionFixDiag]   rock 'Kerbin Zn3010000130' 'Grass00' #182 vertex 5: ground 600190.330914 m, vertex 600190.102923 m, -227.990 mm above the ground
[RockPrecisionFixDiag]   rock 'Kerbin Zn3010000130' 'Grass00' #182 vertex 6: ground 600190.352462 m, vertex 600191.183767 m, +831.305 mm above the ground
[RockPrecisionFixDiag]   rock 'Kerbin Zn3010000130' 'Grass00' #182 vertex 7: ground 600190.330976 m, vertex 600191.184303 m, +853.327 mm above the ground
[RockPrecisionFixDiag]   rock 'Kerbin Zn3010000130' 'Grass00' #183 vertex 0: ground 600194.400455 m, vertex 600194.150449 m, -250.006 mm above the ground
[RockPrecisionFixDiag]   rock 'Kerbin Zn3010000130' 'Grass00' #183 vertex 1: ground 600194.426153 m, vertex 600194.149603 m, -276.551 mm above the ground
[RockPrecisionFixDiag]   rock 'Kerbin Zn3010000130' 'Grass00' #183 vertex 2: ground 600194.400473 m, vertex 600195.162877 m, +762.405 mm above the ground
[RockPrecisionFixDiag]   rock 'Kerbin Zn3010000130' 'Grass00' #183 vertex 3: ground 600194.426214 m, vertex 600195.162008 m, +735.794 mm above the ground
[RockPrecisionFixDiag]   rock 'Kerbin Zn3010000130' 'Grass00' #183 vertex 4: ground 600194.400455 m, vertex 600194.150449 m, -250.006 mm above the ground
[RockPrecisionFixDiag]   rock 'Kerbin Zn3010000130' 'Grass00' #183 vertex 5: ground 600194.426153 m, vertex 600194.149603 m, -276.551 mm above the ground
[RockPrecisionFixDiag]   rock 'Kerbin Zn3010000130' 'Grass00' #183 vertex 6: ground 600194.400473 m, vertex 600195.162877 m, +762.405 mm above the ground
[RockPrecisionFixDiag]   rock 'Kerbin Zn3010000130' 'Grass00' #183 vertex 7: ground 600194.426214 m, vertex 600195.162008 m, +735.794 mm above the ground
[RockPrecisionFixDiag]   rock 'Kerbin Zn3010000130' 'Grass00' #184 vertex 0: ground 600205.286186 m, vertex 600205.036177 m, -250.009 mm above the ground
[RockPrecisionFixDiag]   rock 'Kerbin Zn3010000130' 'Grass00' #184 vertex 1: ground 600205.268121 m, vertex 600205.035500 m, -232.621 mm above the ground
[RockPrecisionFixDiag]   rock 'Kerbin Zn3010000130' 'Grass00' #184 vertex 2: ground 600205.286188 m, vertex 600206.112635 m, +826.448 mm above the ground
[RockPrecisionFixDiag]   rock 'Kerbin Zn3010000130' 'Grass00' #184 vertex 3: ground 600205.268123 m, vertex 600206.111955 m, +843.833 mm above the ground
[RockPrecisionFixDiag]   rock 'Kerbin Zn3010000130' 'Grass00' #184 vertex 4: ground 600205.286186 m, vertex 600205.036177 m, -250.009 mm above the ground
[RockPrecisionFixDiag]   rock 'Kerbin Zn3010000130' 'Grass00' #184 vertex 5: ground 600205.268121 m, vertex 600205.035500 m, -232.621 mm above the ground
[RockPrecisionFixDiag]   rock 'Kerbin Zn3010000130' 'Grass00' #184 vertex 6: ground 600205.286188 m, vertex 600206.112635 m, +826.448 mm above the ground
[RockPrecisionFixDiag]   rock 'Kerbin Zn3010000130' 'Grass00' #184 vertex 7: ground 600205.268123 m, vertex 600206.111955 m, +843.833 mm above the ground
[RockPrecisionFixDiag]   rock 'Kerbin Zn3010000130' 'Grass00' #185 vertex 0: ground 600194.057993 m, vertex 600193.807993 m, -250.001 mm above the ground
[RockPrecisionFixDiag]   rock 'Kerbin Zn3010000130' 'Grass00' #185 vertex 1: ground 600193.964819 m, vertex 600193.808486 m, -156.334 mm above the ground
[RockPrecisionFixDiag]   rock 'Kerbin Zn3010000130' 'Grass00' #185 vertex 2: ground 600194.058037 m, vertex 600195.597640 m, +1539.603 mm above the ground
[RockPrecisionFixDiag]   rock 'Kerbin Zn3010000130' 'Grass00' #185 vertex 3: ground 600193.964855 m, vertex 600195.598136 m, +1633.281 mm above the ground
[RockPrecisionFixDiag]   rock 'Kerbin Zn3010000130' 'Grass00' #185 vertex 4: ground 600194.057993 m, vertex 600193.807993 m, -250.001 mm above the ground
[RockPrecisionFixDiag]   rock 'Kerbin Zn3010000130' 'Grass00' #185 vertex 5: ground 600193.964819 m, vertex 600193.808486 m, -156.334 mm above the ground
[RockPrecisionFixDiag]   rock 'Kerbin Zn3010000130' 'Grass00' #185 vertex 6: ground 600194.058037 m, vertex 600195.597640 m, +1539.603 mm above the ground
[RockPrecisionFixDiag]   rock 'Kerbin Zn3010000130' 'Grass00' #185 vertex 7: ground 600193.964855 m, vertex 600195.598136 m, +1633.281 mm above the ground
[RockPrecisionFixDiag]   rock 'Kerbin Zn3010000130' 'Grass00' #186 vertex 0: ground 600191.574698 m, vertex 600191.324685 m, -250.013 mm above the ground
[RockPrecisionFixDiag]   rock 'Kerbin Zn3010000130' 'Grass00' #186 vertex 1: ground 600191.608183 m, vertex 600191.325082 m, -283.100 mm above the ground
[RockPrecisionFixDiag]   rock 'Kerbin Zn3010000130' 'Grass00' #186 vertex 2: ground 600191.574688 m, vertex 600192.384001 m, +809.314 mm above the ground
[RockPrecisionFixDiag]   rock 'Kerbin Zn3010000130' 'Grass00' #186 vertex 3: ground 600191.608159 m, vertex 600192.384399 m, +776.240 mm above the ground
[RockPrecisionFixDiag]   rock 'Kerbin Zn3010000130' 'Grass00' #186 vertex 4: ground 600191.574698 m, vertex 600191.324685 m, -250.013 mm above the ground
[RockPrecisionFixDiag]   rock 'Kerbin Zn3010000130' 'Grass00' #186 vertex 5: ground 600191.608183 m, vertex 600191.325082 m, -283.100 mm above the ground
[RockPrecisionFixDiag]   rock 'Kerbin Zn3010000130' 'Grass00' #186 vertex 6: ground 600191.574688 m, vertex 600192.384001 m, +809.314 mm above the ground
[RockPrecisionFixDiag]   rock 'Kerbin Zn3010000130' 'Grass00' #186 vertex 7: ground 600191.608159 m, vertex 600192.384399 m, +776.240 mm above the ground
[RockPrecisionFixDiag]   rock 'Kerbin Zn3010000130' 'Grass00' #187 vertex 0: ground 600190.366256 m, vertex 600190.116256 m, -250.000 mm above the ground
[RockPrecisionFixDiag]   rock 'Kerbin Zn3010000130' 'Grass00' #187 vertex 1: ground 600190.388730 m, vertex 600190.116242 m, -272.487 mm above the ground
[RockPrecisionFixDiag]   rock 'Kerbin Zn3010000130' 'Grass00' #187 vertex 2: ground 600190.366246 m, vertex 600191.512677 m, +1146.431 mm above the ground
[RockPrecisionFixDiag]   rock 'Kerbin Zn3010000130' 'Grass00' #187 vertex 3: ground 600190.388679 m, vertex 600191.512661 m, +1123.982 mm above the ground
[RockPrecisionFixDiag]   rock 'Kerbin Zn3010000130' 'Grass00' #187 vertex 4: ground 600190.366256 m, vertex 600190.116256 m, -250.000 mm above the ground
[RockPrecisionFixDiag]   rock 'Kerbin Zn3010000130' 'Grass00' #187 vertex 5: ground 600190.388730 m, vertex 600190.116242 m, -272.487 mm above the ground
[RockPrecisionFixDiag]   rock 'Kerbin Zn3010000130' 'Grass00' #187 vertex 6: ground 600190.366246 m, vertex 600191.512677 m, +1146.431 mm above the ground
[RockPrecisionFixDiag]   rock 'Kerbin Zn3010000130' 'Grass00' #187 vertex 7: ground 600190.388679 m, vertex 600191.512661 m, +1123.982 mm above the ground
[RockPrecisionFixDiag]   rock 'Kerbin Zn3010000130' 'Grass00' #188 vertex 0: ground 600190.305227 m, vertex 600190.055239 m, -249.989 mm above the ground
[RockPrecisionFixDiag]   rock 'Kerbin Zn3010000130' 'Grass00' #188 vertex 1: ground 600190.245502 m, vertex 600190.054687 m, -190.815 mm above the ground
[RockPrecisionFixDiag]   rock 'Kerbin Zn3010000130' 'Grass00' #188 vertex 2: ground 600190.305202 m, vertex 600191.490632 m, +1185.431 mm above the ground
[RockPrecisionFixDiag]   rock 'Kerbin Zn3010000130' 'Grass00' #188 vertex 3: ground 600190.245467 m, vertex 600191.490092 m, +1244.625 mm above the ground
[RockPrecisionFixDiag]   rock 'Kerbin Zn3010000130' 'Grass00' #188 vertex 4: ground 600190.305227 m, vertex 600190.055239 m, -249.989 mm above the ground
[RockPrecisionFixDiag]   rock 'Kerbin Zn3010000130' 'Grass00' #188 vertex 5: ground 600190.245502 m, vertex 600190.054687 m, -190.815 mm above the ground
[RockPrecisionFixDiag]   rock 'Kerbin Zn3010000130' 'Grass00' #188 vertex 6: ground 600190.305202 m, vertex 600191.490632 m, +1185.431 mm above the ground
[RockPrecisionFixDiag]   rock 'Kerbin Zn3010000130' 'Grass00' #188 vertex 7: ground 600190.245467 m, vertex 600191.490092 m, +1244.625 mm above the ground
[RockPrecisionFixDiag]   rock 'Kerbin Zn3010000130' 'Grass00' #189 vertex 0: ground 600202.901793 m, vertex 600202.651775 m, -250.018 mm above the ground
[RockPrecisionFixDiag]   rock 'Kerbin Zn3010000130' 'Grass00' #189 vertex 1: ground 600202.880780 m, vertex 600202.651375 m, -229.405 mm above the ground
[RockPrecisionFixDiag]   rock 'Kerbin Zn3010000130' 'Grass00' #189 vertex 2: ground 600202.901811 m, vertex 600204.002762 m, +1100.951 mm above the ground
[RockPrecisionFixDiag]   rock 'Kerbin Zn3010000130' 'Grass00' #189 vertex 3: ground 600202.880785 m, vertex 600204.002374 m, +1121.589 mm above the ground
[RockPrecisionFixDiag]   rock 'Kerbin Zn3010000130' 'Grass00' #189 vertex 4: ground 600202.901793 m, vertex 600202.651775 m, -250.018 mm above the ground
[RockPrecisionFixDiag]   rock 'Kerbin Zn3010000130' 'Grass00' #189 vertex 5: ground 600202.880780 m, vertex 600202.651375 m, -229.405 mm above the ground
[RockPrecisionFixDiag]   rock 'Kerbin Zn3010000130' 'Grass00' #189 vertex 6: ground 600202.901811 m, vertex 600204.002762 m, +1100.951 mm above the ground
[RockPrecisionFixDiag]   rock 'Kerbin Zn3010000130' 'Grass00' #189 vertex 7: ground 600202.880785 m, vertex 600204.002374 m, +1121.589 mm above the ground
[RockPrecisionFixDiag]   rock 'Kerbin Zn3010000130' 'Grass00' #190 vertex 0: ground 600196.498775 m, vertex 600196.248770 m, -250.005 mm above the ground
[RockPrecisionFixDiag]   rock 'Kerbin Zn3010000130' 'Grass00' #190 vertex 1: ground 600196.538309 m, vertex 600196.248603 m, -289.706 mm above the ground
[RockPrecisionFixDiag]   rock 'Kerbin Zn3010000130' 'Grass00' #190 vertex 2: ground 600196.498794 m, vertex 600198.196457 m, +1697.663 mm above the ground
[RockPrecisionFixDiag]   rock 'Kerbin Zn3010000130' 'Grass00' #190 vertex 3: ground 600196.538308 m, vertex 600198.196286 m, +1657.978 mm above the ground
[RockPrecisionFixDiag]   rock 'Kerbin Zn3010000130' 'Grass00' #190 vertex 4: ground 600196.498775 m, vertex 600196.248770 m, -250.005 mm above the ground
[RockPrecisionFixDiag]   rock 'Kerbin Zn3010000130' 'Grass00' #190 vertex 5: ground 600196.538309 m, vertex 600196.248603 m, -289.706 mm above the ground
[RockPrecisionFixDiag]   rock 'Kerbin Zn3010000130' 'Grass00' #190 vertex 6: ground 600196.498794 m, vertex 600198.196457 m, +1697.663 mm above the ground
[RockPrecisionFixDiag]   rock 'Kerbin Zn3010000130' 'Grass00' #190 vertex 7: ground 600196.538308 m, vertex 600198.196286 m, +1657.978 mm above the ground
[RockPrecisionFixDiag]   rock 'Kerbin Zn3010000130' 'Grass00' #191 vertex 0: ground 600187.780006 m, vertex 600187.529997 m, -250.009 mm above the ground
[RockPrecisionFixDiag]   rock 'Kerbin Zn3010000130' 'Grass00' #191 vertex 1: ground 600187.756082 m, vertex 600187.530887 m, -225.196 mm above the ground
[RockPrecisionFixDiag]   rock 'Kerbin Zn3010000130' 'Grass00' #191 vertex 2: ground 600187.779986 m, vertex 600189.271551 m, +1491.564 mm above the ground
[RockPrecisionFixDiag]   rock 'Kerbin Zn3010000130' 'Grass00' #191 vertex 3: ground 600187.756118 m, vertex 600189.272443 m, +1516.325 mm above the ground
[RockPrecisionFixDiag]   rock 'Kerbin Zn3010000130' 'Grass00' #191 vertex 4: ground 600187.780006 m, vertex 600187.529997 m, -250.009 mm above the ground
[RockPrecisionFixDiag]   rock 'Kerbin Zn3010000130' 'Grass00' #191 vertex 5: ground 600187.756082 m, vertex 600187.530887 m, -225.196 mm above the ground
[RockPrecisionFixDiag]   rock 'Kerbin Zn3010000130' 'Grass00' #191 vertex 6: ground 600187.779986 m, vertex 600189.271551 m, +1491.564 mm above the ground
[RockPrecisionFixDiag]   rock 'Kerbin Zn3010000130' 'Grass00' #191 vertex 7: ground 600187.756118 m, vertex 600189.272443 m, +1516.325 mm above the ground
[RockPrecisionFixDiag]   rock 'Kerbin Zn3010000130' 'Grass00' #192 vertex 0: ground 600198.430261 m, vertex 600198.638432 m, +208.171 mm above the ground
[RockPrecisionFixDiag]   rock 'Kerbin Zn3010000130' 'Grass00' #192 vertex 1: ground 600198.375719 m, vertex 600198.638780 m, +263.061 mm above the ground
[RockPrecisionFixDiag]   rock 'Kerbin Zn3010000130' 'Grass00' #192 vertex 2: ground 600198.430257 m, vertex 600200.072034 m, +1641.777 mm above the ground
[RockPrecisionFixDiag]   rock 'Kerbin Zn3010000130' 'Grass00' #192 vertex 3: ground 600198.375721 m, vertex 600200.072394 m, +1696.674 mm above the ground
[RockPrecisionFixDiag]   rock 'Kerbin Zn3010000130' 'Grass00' #192 vertex 4: ground 600198.430261 m, vertex 600198.638432 m, +208.171 mm above the ground
[RockPrecisionFixDiag]   rock 'Kerbin Zn3010000130' 'Grass00' #192 vertex 5: ground 600198.375719 m, vertex 600198.638780 m, +263.061 mm above the ground
[RockPrecisionFixDiag]   rock 'Kerbin Zn3010000130' 'Grass00' #192 vertex 6: ground 600198.430257 m, vertex 600200.072034 m, +1641.777 mm above the ground
[RockPrecisionFixDiag]   rock 'Kerbin Zn3010000130' 'Grass00' #192 vertex 7: ground 600198.375721 m, vertex 600200.072394 m, +1696.674 mm above the ground
[RockPrecisionFixDiag]   rock 'Kerbin Zn3010000130' 'Grass00' #193 vertex 0: ground 600204.849070 m, vertex 600204.709958 m, -139.112 mm above the ground
[RockPrecisionFixDiag]   rock 'Kerbin Zn3010000130' 'Grass00' #193 vertex 1: ground 600204.803522 m, vertex 600204.709070 m, -94.452 mm above the ground
[RockPrecisionFixDiag]   rock 'Kerbin Zn3010000130' 'Grass00' #193 vertex 2: ground 600204.849000 m, vertex 600206.026828 m, +1177.827 mm above the ground
[RockPrecisionFixDiag]   rock 'Kerbin Zn3010000130' 'Grass00' #193 vertex 3: ground 600204.803468 m, vertex 600206.025917 m, +1222.448 mm above the ground
[RockPrecisionFixDiag]   rock 'Kerbin Zn3010000130' 'Grass00' #193 vertex 4: ground 600204.849070 m, vertex 600204.709958 m, -139.112 mm above the ground
[RockPrecisionFixDiag]   rock 'Kerbin Zn3010000130' 'Grass00' #193 vertex 5: ground 600204.803522 m, vertex 600204.709070 m, -94.452 mm above the ground
[RockPrecisionFixDiag]   rock 'Kerbin Zn3010000130' 'Grass00' #193 vertex 6: ground 600204.849000 m, vertex 600206.026828 m, +1177.827 mm above the ground
[RockPrecisionFixDiag]   rock 'Kerbin Zn3010000130' 'Grass00' #193 vertex 7: ground 600204.803468 m, vertex 600206.025917 m, +1222.448 mm above the ground
[RockPrecisionFixDiag]   rock 'Kerbin Zn3010000130' 'Grass00' #194 vertex 0: ground 600197.471665 m, vertex 600197.221675 m, -249.991 mm above the ground
[RockPrecisionFixDiag]   rock 'Kerbin Zn3010000130' 'Grass00' #194 vertex 1: ground 600197.437296 m, vertex 600197.220324 m, -216.972 mm above the ground
[RockPrecisionFixDiag]   rock 'Kerbin Zn3010000130' 'Grass00' #194 vertex 2: ground 600197.471732 m, vertex 600198.792487 m, +1320.755 mm above the ground
[RockPrecisionFixDiag]   rock 'Kerbin Zn3010000130' 'Grass00' #194 vertex 3: ground 600197.437211 m, vertex 600198.791160 m, +1353.949 mm above the ground
[RockPrecisionFixDiag]   rock 'Kerbin Zn3010000130' 'Grass00' #194 vertex 4: ground 600197.471665 m, vertex 600197.221675 m, -249.991 mm above the ground
[RockPrecisionFixDiag]   rock 'Kerbin Zn3010000130' 'Grass00' #194 vertex 5: ground 600197.437296 m, vertex 600197.220324 m, -216.972 mm above the ground
[RockPrecisionFixDiag]   rock 'Kerbin Zn3010000130' 'Grass00' #194 vertex 6: ground 600197.471732 m, vertex 600198.792487 m, +1320.755 mm above the ground
[RockPrecisionFixDiag]   rock 'Kerbin Zn3010000130' 'Grass00' #194 vertex 7: ground 600197.437211 m, vertex 600198.791160 m, +1353.949 mm above the ground
[RockPrecisionFixDiag]   rock 'Kerbin Zn3010000130' 'Grass00' #195 vertex 0: ground 600196.769990 m, vertex 600196.519986 m, -250.004 mm above the ground
[RockPrecisionFixDiag]   rock 'Kerbin Zn3010000130' 'Grass00' #195 vertex 1: ground 600196.782347 m, vertex 600196.520345 m, -262.002 mm above the ground
[RockPrecisionFixDiag]   rock 'Kerbin Zn3010000130' 'Grass00' #195 vertex 2: ground 600196.769961 m, vertex 600197.958774 m, +1188.813 mm above the ground
[RockPrecisionFixDiag]   rock 'Kerbin Zn3010000130' 'Grass00' #195 vertex 3: ground 600196.782312 m, vertex 600197.959133 m, +1176.820 mm above the ground
[RockPrecisionFixDiag]   rock 'Kerbin Zn3010000130' 'Grass00' #195 vertex 4: ground 600196.769990 m, vertex 600196.519986 m, -250.004 mm above the ground
[RockPrecisionFixDiag]   rock 'Kerbin Zn3010000130' 'Grass00' #195 vertex 5: ground 600196.782347 m, vertex 600196.520345 m, -262.002 mm above the ground
[RockPrecisionFixDiag]   rock 'Kerbin Zn3010000130' 'Grass00' #195 vertex 6: ground 600196.769961 m, vertex 600197.958774 m, +1188.813 mm above the ground
[RockPrecisionFixDiag]   rock 'Kerbin Zn3010000130' 'Grass00' #195 vertex 7: ground 600196.782312 m, vertex 600197.959133 m, +1176.820 mm above the ground
[RockPrecisionFixDiag]   rock 'Kerbin Zn3010000130' 'Grass00' #196 vertex 0: ground 600196.434790 m, vertex 600196.184769 m, -250.020 mm above the ground
[RockPrecisionFixDiag]   rock 'Kerbin Zn3010000130' 'Grass00' #196 vertex 1: ground 600196.427222 m, vertex 600196.184034 m, -243.188 mm above the ground
[RockPrecisionFixDiag]   rock 'Kerbin Zn3010000130' 'Grass00' #196 vertex 2: ground 600196.434832 m, vertex 600197.843532 m, +1408.700 mm above the ground
[RockPrecisionFixDiag]   rock 'Kerbin Zn3010000130' 'Grass00' #196 vertex 3: ground 600196.427233 m, vertex 600197.842797 m, +1415.563 mm above the ground
[RockPrecisionFixDiag]   rock 'Kerbin Zn3010000130' 'Grass00' #196 vertex 4: ground 600196.434790 m, vertex 600196.184769 m, -250.020 mm above the ground
[RockPrecisionFixDiag]   rock 'Kerbin Zn3010000130' 'Grass00' #196 vertex 5: ground 600196.427222 m, vertex 600196.184034 m, -243.188 mm above the ground
[RockPrecisionFixDiag]   rock 'Kerbin Zn3010000130' 'Grass00' #196 vertex 6: ground 600196.434832 m, vertex 600197.843532 m, +1408.700 mm above the ground
[RockPrecisionFixDiag]   rock 'Kerbin Zn3010000130' 'Grass00' #196 vertex 7: ground 600196.427233 m, vertex 600197.842797 m, +1415.563 mm above the ground
[RockPrecisionFixDiag]   rock 'Kerbin Zn3010000130' 'Grass00' #197 vertex 0: ground 600214.632874 m, vertex 600214.454720 m, -178.154 mm above the ground
[RockPrecisionFixDiag]   rock 'Kerbin Zn3010000130' 'Grass00' #197 vertex 1: ground 600214.655140 m, vertex 600214.455559 m, -199.581 mm above the ground
[RockPrecisionFixDiag]   rock 'Kerbin Zn3010000130' 'Grass00' #197 vertex 2: ground 600214.632854 m, vertex 600215.663220 m, +1030.366 mm above the ground
[RockPrecisionFixDiag]   rock 'Kerbin Zn3010000130' 'Grass00' #197 vertex 3: ground 600214.655140 m, vertex 600215.664057 m, +1008.918 mm above the ground
[RockPrecisionFixDiag]   rock 'Kerbin Zn3010000130' 'Grass00' #197 vertex 4: ground 600214.632874 m, vertex 600214.454720 m, -178.154 mm above the ground
[RockPrecisionFixDiag]   rock 'Kerbin Zn3010000130' 'Grass00' #197 vertex 5: ground 600214.655140 m, vertex 600214.455559 m, -199.581 mm above the ground
[RockPrecisionFixDiag]   rock 'Kerbin Zn3010000130' 'Grass00' #197 vertex 6: ground 600214.632854 m, vertex 600215.663220 m, +1030.366 mm above the ground
[RockPrecisionFixDiag]   rock 'Kerbin Zn3010000130' 'Grass00' #197 vertex 7: ground 600214.655140 m, vertex 600215.664057 m, +1008.918 mm above the ground
[RockPrecisionFixDiag]   rock 'Kerbin Zn3010000130' 'Grass00' #198 vertex 0: ground 600196.928685 m, vertex 600196.678681 m, -250.003 mm above the ground
[RockPrecisionFixDiag]   rock 'Kerbin Zn3010000130' 'Grass00' #198 vertex 1: ground 600196.958440 m, vertex 600196.677692 m, -280.748 mm above the ground
[RockPrecisionFixDiag]   rock 'Kerbin Zn3010000130' 'Grass00' #198 vertex 2: ground 600196.928723 m, vertex 600197.761490 m, +832.767 mm above the ground
[RockPrecisionFixDiag]   rock 'Kerbin Zn3010000130' 'Grass00' #198 vertex 3: ground 600196.958455 m, vertex 600197.760477 m, +802.021 mm above the ground
[RockPrecisionFixDiag]   rock 'Kerbin Zn3010000130' 'Grass00' #198 vertex 4: ground 600196.928685 m, vertex 600196.678681 m, -250.003 mm above the ground
[RockPrecisionFixDiag]   rock 'Kerbin Zn3010000130' 'Grass00' #198 vertex 5: ground 600196.958440 m, vertex 600196.677692 m, -280.748 mm above the ground
[RockPrecisionFixDiag]   rock 'Kerbin Zn3010000130' 'Grass00' #198 vertex 6: ground 600196.928723 m, vertex 600197.761490 m, +832.767 mm above the ground
[RockPrecisionFixDiag]   rock 'Kerbin Zn3010000130' 'Grass00' #198 vertex 7: ground 600196.958455 m, vertex 600197.760477 m, +802.021 mm above the ground
[RockPrecisionFixDiag]   rock 'Kerbin Zn3010000130' 'Grass00' #199 vertex 0: ground 600197.761106 m, vertex 600197.511105 m, -250.001 mm above the ground
[RockPrecisionFixDiag]   rock 'Kerbin Zn3010000130' 'Grass00' #199 vertex 1: ground 600197.761226 m, vertex 600197.511079 m, -250.148 mm above the ground
[RockPrecisionFixDiag]   rock 'Kerbin Zn3010000130' 'Grass00' #199 vertex 2: ground 600197.761127 m, vertex 600199.418967 m, +1657.839 mm above the ground
[RockPrecisionFixDiag]   rock 'Kerbin Zn3010000130' 'Grass00' #199 vertex 3: ground 600197.761191 m, vertex 600199.418945 m, +1657.753 mm above the ground
[RockPrecisionFixDiag]   rock 'Kerbin Zn3010000130' 'Grass00' #199 vertex 4: ground 600197.761106 m, vertex 600197.511105 m, -250.001 mm above the ground
[RockPrecisionFixDiag]   rock 'Kerbin Zn3010000130' 'Grass00' #199 vertex 5: ground 600197.761226 m, vertex 600197.511079 m, -250.148 mm above the ground
[RockPrecisionFixDiag]   rock 'Kerbin Zn3010000130' 'Grass00' #199 vertex 6: ground 600197.761127 m, vertex 600199.418967 m, +1657.839 mm above the ground
[RockPrecisionFixDiag]   rock 'Kerbin Zn3010000130' 'Grass00' #199 vertex 7: ground 600197.761191 m, vertex 600199.418945 m, +1657.753 mm above the ground
[RockPrecisionFixDiag]   rock 'Kerbin Zn3010000130' 'Tree00' #0 vertex 11: ground 600193.473825 m, vertex 600192.386577 m, -1087.247 mm above the ground
[RockPrecisionFixDiag]   rock 'Kerbin Zn3010000130' 'Tree00' #0 vertex 47: ground 600193.508028 m, vertex 600211.804465 m, +18296.438 mm above the ground
[RockPrecisionFixDiag]   rock 'Kerbin Zn3010000130' 'Tree00' #0 vertex 31: ground 600193.130930 m, vertex 600211.790395 m, +18659.465 mm above the ground
[RockPrecisionFixDiag]   rock 'Kerbin Zn3010000130' 'Tree00' #0 vertex 55: ground 600193.045794 m, vertex 600211.796827 m, +18751.033 mm above the ground
[RockPrecisionFixDiag]   rock 'Kerbin Zn3010000130' 'Tree00' #0 vertex 39: ground 600193.411058 m, vertex 600211.798045 m, +18386.987 mm above the ground
[RockPrecisionFixDiag]   rock 'Kerbin Zn3010000130' 'Tree00' #0 vertex 48: ground 600193.722963 m, vertex 600199.491854 m, +5768.891 mm above the ground
[RockPrecisionFixDiag]   rock 'Kerbin Zn3010000130' 'Tree00' #0 vertex 37: ground 600193.176696 m, vertex 600199.490888 m, +6314.192 mm above the ground
[RockPrecisionFixDiag]   rock 'Kerbin Zn3010000130' 'Tree00' #0 vertex 40: ground 600193.172438 m, vertex 600199.481904 m, +6309.465 mm above the ground
[RockPrecisionFixDiag]   rock 'Kerbin Zn3010000130' 'Tree00' #0 vertex 12: ground 600193.503750 m, vertex 600205.093016 m, +11589.267 mm above the ground
[RockPrecisionFixDiag]   rock 'Kerbin Zn3010000130' 'Tree00' #0 vertex 32: ground 600193.198160 m, vertex 600199.480861 m, +6282.701 mm above the ground
[RockPrecisionFixDiag]   rock 'Kerbin Zn3010000130' 'Tree00' #1 vertex 11: ground 600189.081145 m, vertex 600187.922019 m, -1159.125 mm above the ground
[RockPrecisionFixDiag]   rock 'Kerbin Zn3010000130' 'Tree00' #1 vertex 47: ground 600189.360057 m, vertex 600218.050348 m, +28690.291 mm above the ground
[RockPrecisionFixDiag]   rock 'Kerbin Zn3010000130' 'Tree00' #1 vertex 31: ground 600189.109811 m, vertex 600218.053481 m, +28943.671 mm above the ground
[RockPrecisionFixDiag]   rock 'Kerbin Zn3010000130' 'Tree00' #1 vertex 55: ground 600188.868047 m, vertex 600218.056470 m, +29188.423 mm above the ground
[RockPrecisionFixDiag]   rock 'Kerbin Zn3010000130' 'Tree00' #1 vertex 39: ground 600190.510664 m, vertex 600218.047357 m, +27536.693 mm above the ground
[RockPrecisionFixDiag]   rock 'Kerbin Zn3010000130' 'Tree00' #1 vertex 48: ground 600190.099325 m, vertex 600198.936953 m, +8837.628 mm above the ground
[RockPrecisionFixDiag]   rock 'Kerbin Zn3010000130' 'Tree00' #1 vertex 37: ground 600189.109031 m, vertex 600198.943353 m, +9834.322 mm above the ground
[RockPrecisionFixDiag]   rock 'Kerbin Zn3010000130' 'Tree00' #1 vertex 40: ground 600190.110233 m, vertex 600198.939055 m, +8828.823 mm above the ground
[RockPrecisionFixDiag]   rock 'Kerbin Zn3010000130' 'Tree00' #1 vertex 12: ground 600189.114078 m, vertex 600207.644831 m, +18530.753 mm above the ground
[RockPrecisionFixDiag]   rock 'Kerbin Zn3010000130' 'Tree00' #1 vertex 32: ground 600188.778137 m, vertex 600198.945531 m, +10167.394 mm above the ground
[RockPrecisionFixDiag]   rock 'Kerbin Zn3010000130' 'Tree00' #2 vertex 11: ground 600190.538100 m, vertex 600188.877107 m, -1660.993 mm above the ground
[RockPrecisionFixDiag]   rock 'Kerbin Zn3010000130' 'Tree00' #2 vertex 47: ground 600189.745122 m, vertex 600243.552400 m, +53807.277 mm above the ground
[RockPrecisionFixDiag]   rock 'Kerbin Zn3010000130' 'Tree00' #2 vertex 31: ground 600192.458179 m, vertex 600243.540263 m, +51082.084 mm above the ground
[RockPrecisionFixDiag]   rock 'Kerbin Zn3010000130' 'Tree00' #2 vertex 55: ground 600190.649286 m, vertex 600243.524286 m, +52875.000 mm above the ground
[RockPrecisionFixDiag]   rock 'Kerbin Zn3010000130' 'Tree00' #2 vertex 39: ground 600191.459984 m, vertex 600243.568357 m, +52108.373 mm above the ground
[RockPrecisionFixDiag]   rock 'Kerbin Zn3010000130' 'Tree00' #2 vertex 48: ground 600190.952393 m, vertex 600208.892559 m, +17940.167 mm above the ground
[RockPrecisionFixDiag]   rock 'Kerbin Zn3010000130' 'Tree00' #2 vertex 37: ground 600189.347286 m, vertex 600208.861576 m, +19514.290 mm above the ground
[RockPrecisionFixDiag]   rock 'Kerbin Zn3010000130' 'Tree00' #2 vertex 40: ground 600192.060815 m, vertex 600208.884508 m, +16823.694 mm above the ground
[RockPrecisionFixDiag]   rock 'Kerbin Zn3010000130' 'Tree00' #2 vertex 12: ground 600190.279849 m, vertex 600224.662867 m, +34383.018 mm above the ground
[RockPrecisionFixDiag]   rock 'Kerbin Zn3010000130' 'Tree00' #2 vertex 32: ground 600191.838581 m, vertex 600208.853186 m, +17014.605 mm above the ground
[RockPrecisionFixDiag]   rock 'Kerbin Zn3010000130' 'Tree00' #3 vertex 11: ground 600204.533029 m, vertex 600203.444812 m, -1088.217 mm above the ground
[RockPrecisionFixDiag]   rock 'Kerbin Zn3010000130' 'Tree00' #3 vertex 47: ground 600204.412131 m, vertex 600218.652507 m, +14240.376 mm above the ground
[RockPrecisionFixDiag]   rock 'Kerbin Zn3010000130' 'Tree00' #3 vertex 31: ground 600204.639006 m, vertex 600218.667150 m, +14028.144 mm above the ground
[RockPrecisionFixDiag]   rock 'Kerbin Zn3010000130' 'Tree00' #3 vertex 55: ground 600204.382271 m, vertex 600218.659591 m, +14277.320 mm above the ground
[RockPrecisionFixDiag]   rock 'Kerbin Zn3010000130' 'Tree00' #3 vertex 39: ground 600204.668834 m, vertex 600218.660073 m, +13991.239 mm above the ground
[RockPrecisionFixDiag]   rock 'Kerbin Zn3010000130' 'Tree00' #3 vertex 48: ground 600204.543615 m, vertex 600209.003734 m, +4460.119 mm above the ground
[RockPrecisionFixDiag]   rock 'Kerbin Zn3010000130' 'Tree00' #3 vertex 37: ground 600204.344187 m, vertex 600209.003479 m, +4659.292 mm above the ground
[RockPrecisionFixDiag]   rock 'Kerbin Zn3010000130' 'Tree00' #3 vertex 40: ground 600204.707579 m, vertex 600209.014082 m, +4306.503 mm above the ground
[RockPrecisionFixDiag]   rock 'Kerbin Zn3010000130' 'Tree00' #3 vertex 12: ground 600204.522530 m, vertex 600213.404235 m, +8881.705 mm above the ground
[RockPrecisionFixDiag]   rock 'Kerbin Zn3010000130' 'Tree00' #3 vertex 32: ground 600204.507811 m, vertex 600209.013917 m, +4506.106 mm above the ground
[RockPrecisionFixDiag]   rock 'Kerbin Zn3010000130' 'Tree00' #4 vertex 11: ground 600201.620659 m, vertex 600200.445741 m, -1174.918 mm above the ground
[RockPrecisionFixDiag]   rock 'Kerbin Zn3010000130' 'Tree00' #4 vertex 47: ground 600202.023759 m, vertex 600241.589903 m, +39566.144 mm above the ground
[RockPrecisionFixDiag]   rock 'Kerbin Zn3010000130' 'Tree00' #4 vertex 31: ground 600201.095333 m, vertex 600241.622691 m, +40527.358 mm above the ground
[RockPrecisionFixDiag]   rock 'Kerbin Zn3010000130' 'Tree00' #4 vertex 55: ground 600200.722962 m, vertex 600241.608689 m, +40885.726 mm above the ground
[RockPrecisionFixDiag]   rock 'Kerbin Zn3010000130' 'Tree00' #4 vertex 39: ground 600202.084236 m, vertex 600241.603896 m, +39519.660 mm above the ground
[RockPrecisionFixDiag]   rock 'Kerbin Zn3010000130' 'Tree00' #4 vertex 48: ground 600202.425258 m, vertex 600215.484689 m, +13059.431 mm above the ground
[RockPrecisionFixDiag]   rock 'Kerbin Zn3010000130' 'Tree00' #4 vertex 37: ground 600201.227993 m, vertex 600215.488235 m, +14260.243 mm above the ground
[RockPrecisionFixDiag]   rock 'Kerbin Zn3010000130' 'Tree00' #4 vertex 40: ground 600201.546047 m, vertex 600215.507802 m, +13961.756 mm above the ground
[RockPrecisionFixDiag]   rock 'Kerbin Zn3010000130' 'Tree00' #4 vertex 12: ground 600201.686157 m, vertex 600227.388590 m, +25702.433 mm above the ground
[RockPrecisionFixDiag]   rock 'Kerbin Zn3010000130' 'Tree00' #4 vertex 32: ground 600200.811634 m, vertex 600215.511608 m, +14699.975 mm above the ground
[RockPrecisionFixDiag]   rock 'Kerbin Zn3010000130' 'Tree00' #5 vertex 11: ground 600193.490884 m, vertex 600192.316400 m, -1174.484 mm above the ground
[RockPrecisionFixDiag]   rock 'Kerbin Zn3010000130' 'Tree00' #5 vertex 47: ground 600195.017778 m, vertex 600226.479381 m, +31461.603 mm above the ground
[RockPrecisionFixDiag]   rock 'Kerbin Zn3010000130' 'Tree00' #5 vertex 31: ground 600193.083972 m, vertex 600226.491618 m, +33407.646 mm above the ground
[RockPrecisionFixDiag]   rock 'Kerbin Zn3010000130' 'Tree00' #5 vertex 55: ground 600193.638870 m, vertex 600226.487340 m, +32848.470 mm above the ground
[RockPrecisionFixDiag]   rock 'Kerbin Zn3010000130' 'Tree00' #5 vertex 39: ground 600193.601429 m, vertex 600226.483655 m, +32882.226 mm above the ground
[RockPrecisionFixDiag]   rock 'Kerbin Zn3010000130' 'Tree00' #5 vertex 48: ground 600194.641866 m, vertex 600204.806946 m, +10165.081 mm above the ground
[RockPrecisionFixDiag]   rock 'Kerbin Zn3010000130' 'Tree00' #5 vertex 37: ground 600194.548875 m, vertex 600204.809602 m, +10260.727 mm above the ground
[RockPrecisionFixDiag]   rock 'Kerbin Zn3010000130' 'Tree00' #5 vertex 40: ground 600193.159358 m, vertex 600204.815554 m, +11656.196 mm above the ground
[RockPrecisionFixDiag]   rock 'Kerbin Zn3010000130' 'Tree00' #5 vertex 12: ground 600193.543531 m, vertex 600214.683047 m, +21139.516 mm above the ground
[RockPrecisionFixDiag]   rock 'Kerbin Zn3010000130' 'Tree00' #5 vertex 32: ground 600193.277337 m, vertex 600204.818309 m, +11540.971 mm above the ground
[RockPrecisionFixDiag]   rock 'Kerbin Zn3010000130' 'Tree00' #6 vertex 11: ground 600197.185667 m, vertex 600196.004330 m, -1181.336 mm above the ground
[RockPrecisionFixDiag]   rock 'Kerbin Zn3010000130' 'Tree00' #6 vertex 47: ground 600197.234572 m, vertex 600220.876574 m, +23642.002 mm above the ground
[RockPrecisionFixDiag]   rock 'Kerbin Zn3010000130' 'Tree00' #6 vertex 31: ground 600197.145081 m, vertex 600220.877037 m, +23731.956 mm above the ground
[RockPrecisionFixDiag]   rock 'Kerbin Zn3010000130' 'Tree00' #6 vertex 55: ground 600197.482792 m, vertex 600220.868269 m, +23385.477 mm above the ground
[RockPrecisionFixDiag]   rock 'Kerbin Zn3010000130' 'Tree00' #6 vertex 39: ground 600196.872568 m, vertex 600220.885342 m, +24012.774 mm above the ground
[RockPrecisionFixDiag]   rock 'Kerbin Zn3010000130' 'Tree00' #6 vertex 48: ground 600197.008142 m, vertex 600205.107063 m, +8098.920 mm above the ground
[RockPrecisionFixDiag]   rock 'Kerbin Zn3010000130' 'Tree00' #6 vertex 37: ground 600197.429280 m, vertex 600205.095063 m, +7665.783 mm above the ground
[RockPrecisionFixDiag]   rock 'Kerbin Zn3010000130' 'Tree00' #6 vertex 40: ground 600196.931056 m, vertex 600205.107588 m, +8176.533 mm above the ground
[RockPrecisionFixDiag]   rock 'Kerbin Zn3010000130' 'Tree00' #6 vertex 12: ground 600197.182891 m, vertex 600212.285545 m, +15102.654 mm above the ground
[RockPrecisionFixDiag]   rock 'Kerbin Zn3010000130' 'Tree00' #6 vertex 32: ground 600197.367535 m, vertex 600205.095503 m, +7727.969 mm above the ground
[RockPrecisionFixDiag]   rock 'Kerbin Zn3010000130' 'Tree00' #7 vertex 11: ground 600202.711185 m, vertex 600201.391098 m, -1320.087 mm above the ground
[RockPrecisionFixDiag]   rock 'Kerbin Zn3010000130' 'Tree00' #7 vertex 47: ground 600202.548642 m, vertex 600254.816998 m, +52268.356 mm above the ground
[RockPrecisionFixDiag]   rock 'Kerbin Zn3010000130' 'Tree00' #7 vertex 31: ground 600202.530000 m, vertex 600254.879804 m, +52349.804 mm above the ground
[RockPrecisionFixDiag]   rock 'Kerbin Zn3010000130' 'Tree00' #7 vertex 55: ground 600202.545571 m, vertex 600254.846265 m, +52300.694 mm above the ground
[RockPrecisionFixDiag]   rock 'Kerbin Zn3010000130' 'Tree00' #7 vertex 39: ground 600203.145743 m, vertex 600254.850491 m, +51704.748 mm above the ground
[RockPrecisionFixDiag]   rock 'Kerbin Zn3010000130' 'Tree00' #7 vertex 48: ground 600203.192361 m, vertex 600220.918723 m, +17726.362 mm above the ground
[RockPrecisionFixDiag]   rock 'Kerbin Zn3010000130' 'Tree00' #7 vertex 37: ground 600202.177679 m, vertex 600220.916115 m, +18738.437 mm above the ground
[RockPrecisionFixDiag]   rock 'Kerbin Zn3010000130' 'Tree00' #7 vertex 40: ground 600202.723413 m, vertex 600220.963166 m, +18239.754 mm above the ground
[RockPrecisionFixDiag]   rock 'Kerbin Zn3010000130' 'Tree00' #7 vertex 12: ground 600202.740751 m, vertex 600236.382646 m, +33641.895 mm above the ground
[RockPrecisionFixDiag]   rock 'Kerbin Zn3010000130' 'Tree00' #7 vertex 32: ground 600202.474861 m, vertex 600220.960947 m, +18486.085 mm above the ground
[RockPrecisionFixDiag]   rock 'Kerbin Zn3010000130' 'Tree00' #8 vertex 11: ground 600189.811652 m, vertex 600188.529123 m, -1282.528 mm above the ground
[RockPrecisionFixDiag]   rock 'Kerbin Zn3010000130' 'Tree00' #8 vertex 47: ground 600191.839355 m, vertex 600237.658010 m, +45818.655 mm above the ground
[RockPrecisionFixDiag]   rock 'Kerbin Zn3010000130' 'Tree00' #8 vertex 31: ground 600189.866997 m, vertex 600237.657413 m, +47790.416 mm above the ground
[RockPrecisionFixDiag]   rock 'Kerbin Zn3010000130' 'Tree00' #8 vertex 55: ground 600189.588085 m, vertex 600237.668962 m, +48080.877 mm above the ground
[RockPrecisionFixDiag]   rock 'Kerbin Zn3010000130' 'Tree00' #8 vertex 39: ground 600190.260907 m, vertex 600237.646453 m, +47385.546 mm above the ground
[RockPrecisionFixDiag]   rock 'Kerbin Zn3010000130' 'Tree00' #8 vertex 48: ground 600191.320830 m, vertex 600206.489254 m, +15168.423 mm above the ground
[RockPrecisionFixDiag]   rock 'Kerbin Zn3010000130' 'Tree00' #8 vertex 37: ground 600191.066591 m, vertex 600206.505002 m, +15438.411 mm above the ground
[RockPrecisionFixDiag]   rock 'Kerbin Zn3010000130' 'Tree00' #8 vertex 40: ground 600190.245251 m, vertex 600206.488553 m, +16243.302 mm above the ground
[RockPrecisionFixDiag]   rock 'Kerbin Zn3010000130' 'Tree00' #8 vertex 12: ground 600189.842566 m, vertex 600220.688370 m, +30845.804 mm above the ground
[RockPrecisionFixDiag]   rock 'Kerbin Zn3010000130' 'Tree00' #8 vertex 32: ground 600189.384659 m, vertex 600206.504454 m, +17119.794 mm above the ground
[RockPrecisionFixDiag]   rock 'Kerbin Zn3010000130' 'Tree00' #9 vertex 11: ground 600217.521783 m, vertex 600216.546046 m, -975.738 mm above the ground
[RockPrecisionFixDiag]   rock 'Kerbin Zn3010000130' 'Tree00' #9 vertex 47: ground 600218.442643 m, vertex 600236.542888 m, +18100.245 mm above the ground
[RockPrecisionFixDiag]   rock 'Kerbin Zn3010000130' 'Tree00' #9 vertex 31: ground 600216.757174 m, vertex 600236.547476 m, +19790.303 mm above the ground
[RockPrecisionFixDiag]   rock 'Kerbin Zn3010000130' 'Tree00' #9 vertex 55: ground 600216.955362 m, vertex 600236.557564 m, +19602.203 mm above the ground
[RockPrecisionFixDiag]   rock 'Kerbin Zn3010000130' 'Tree00' #9 vertex 39: ground 600218.390104 m, vertex 600236.532847 m, +18142.743 mm above the ground
[RockPrecisionFixDiag]   rock 'Kerbin Zn3010000130' 'Tree00' #9 vertex 48: ground 600218.733208 m, vertex 600223.849509 m, +5116.301 mm above the ground
[RockPrecisionFixDiag]   rock 'Kerbin Zn3010000130' 'Tree00' #9 vertex 37: ground 600217.704345 m, vertex 600223.866872 m, +6162.528 mm above the ground
[RockPrecisionFixDiag]   rock 'Kerbin Zn3010000130' 'Tree00' #9 vertex 40: ground 600217.547382 m, vertex 600223.852460 m, +6305.078 mm above the ground
[RockPrecisionFixDiag]   rock 'Kerbin Zn3010000130' 'Tree00' #9 vertex 12: ground 600217.646452 m, vertex 600229.637459 m, +11991.007 mm above the ground
[RockPrecisionFixDiag]   rock 'Kerbin Zn3010000130' 'Tree00' #9 vertex 32: ground 600216.524084 m, vertex 600223.870009 m, +7345.925 mm above the ground
[RockPrecisionFixDiag]   rock 'Kerbin Zn3010000130' 'Tree00' #10 vertex 11: ground 600211.886303 m, vertex 600210.590739 m, -1295.564 mm above the ground
[RockPrecisionFixDiag]   rock 'Kerbin Zn3010000130' 'Tree00' #10 vertex 47: ground 600210.279418 m, vertex 600256.355415 m, +46075.997 mm above the ground
[RockPrecisionFixDiag]   rock 'Kerbin Zn3010000130' 'Tree00' #10 vertex 31: ground 600212.157202 m, vertex 600256.367820 m, +44210.618 mm above the ground
[RockPrecisionFixDiag]   rock 'Kerbin Zn3010000130' 'Tree00' #10 vertex 55: ground 600211.012513 m, vertex 600256.383613 m, +45371.101 mm above the ground
[RockPrecisionFixDiag]   rock 'Kerbin Zn3010000130' 'Tree00' #10 vertex 39: ground 600212.711541 m, vertex 600256.339599 m, +43628.058 mm above the ground
[RockPrecisionFixDiag]   rock 'Kerbin Zn3010000130' 'Tree00' #10 vertex 48: ground 600211.477240 m, vertex 600227.309758 m, +15832.519 mm above the ground
[RockPrecisionFixDiag]   rock 'Kerbin Zn3010000130' 'Tree00' #10 vertex 37: ground 600209.661725 m, vertex 600227.340677 m, +17678.952 mm above the ground
[RockPrecisionFixDiag]   rock 'Kerbin Zn3010000130' 'Tree00' #10 vertex 40: ground 600212.700803 m, vertex 600227.317995 m, +14617.192 mm above the ground
[RockPrecisionFixDiag]   rock 'Kerbin Zn3010000130' 'Tree00' #10 vertex 12: ground 600211.875140 m, vertex 600240.552037 m, +28676.897 mm above the ground
[RockPrecisionFixDiag]   rock 'Kerbin Zn3010000130' 'Tree00' #10 vertex 32: ground 600211.482746 m, vertex 600227.349265 m, +15866.520 mm above the ground
[RockPrecisionFixDiag]   rock 'Kerbin Zn3010000130' 'Tree00' #11 vertex 11: ground 600194.300121 m, vertex 600192.396612 m, -1903.509 mm above the ground
[RockPrecisionFixDiag]   rock 'Kerbin Zn3010000130' 'Tree00' #11 vertex 47: ground 600194.094581 m, vertex 600244.329663 m, +50235.082 mm above the ground
[RockPrecisionFixDiag]   rock 'Kerbin Zn3010000130' 'Tree00' #11 vertex 31: ground 600194.186830 m, vertex 600244.296588 m, +50109.758 mm above the ground
[RockPrecisionFixDiag]   rock 'Kerbin Zn3010000130' 'Tree00' #11 vertex 55: ground 600195.925542 m, vertex 600244.303255 m, +48377.714 mm above the ground
[RockPrecisionFixDiag]   rock 'Kerbin Zn3010000130' 'Tree00' #11 vertex 39: ground 600192.367884 m, vertex 600244.322995 m, +51955.111 mm above the ground
[RockPrecisionFixDiag]   rock 'Kerbin Zn3010000130' 'Tree00' #11 vertex 48: ground 600192.751612 m, vertex 600211.404813 m, +18653.201 mm above the ground
[RockPrecisionFixDiag]   rock 'Kerbin Zn3010000130' 'Tree00' #11 vertex 37: ground 600195.443896 m, vertex 600211.390766 m, +15946.870 mm above the ground
[RockPrecisionFixDiag]   rock 'Kerbin Zn3010000130' 'Tree00' #11 vertex 40: ground 600192.964087 m, vertex 600211.381670 m, +18417.583 mm above the ground
[RockPrecisionFixDiag]   rock 'Kerbin Zn3010000130' 'Tree00' #11 vertex 12: ground 600194.268908 m, vertex 600226.380998 m, +32112.090 mm above the ground
[RockPrecisionFixDiag]   rock 'Kerbin Zn3010000130' 'Tree00' #11 vertex 32: ground 600195.381890 m, vertex 600211.367304 m, +15985.415 mm above the ground
[RockPrecisionFixDiag]   rock 'Kerbin Zn3010000130' 'Tree00' #12 vertex 11: ground 600189.088914 m, vertex 600188.369259 m, -719.655 mm above the ground
[RockPrecisionFixDiag]   rock 'Kerbin Zn3010000130' 'Tree00' #12 vertex 47: ground 600189.624737 m, vertex 600236.399280 m, +46774.544 mm above the ground
[RockPrecisionFixDiag]   rock 'Kerbin Zn3010000130' 'Tree00' #12 vertex 31: ground 600188.733092 m, vertex 600236.397415 m, +47664.323 mm above the ground
[RockPrecisionFixDiag]   rock 'Kerbin Zn3010000130' 'Tree00' #12 vertex 55: ground 600188.809536 m, vertex 600236.400688 m, +47591.153 mm above the ground
[RockPrecisionFixDiag]   rock 'Kerbin Zn3010000130' 'Tree00' #12 vertex 39: ground 600189.444646 m, vertex 600236.396004 m, +46951.358 mm above the ground
[RockPrecisionFixDiag]   rock 'Kerbin Zn3010000130' 'Tree00' #12 vertex 48: ground 600189.690217 m, vertex 600205.934250 m, +16244.033 mm above the ground
[RockPrecisionFixDiag]   rock 'Kerbin Zn3010000130' 'Tree00' #12 vertex 37: ground 600188.885562 m, vertex 600205.937516 m, +17051.953 mm above the ground
[RockPrecisionFixDiag]   rock 'Kerbin Zn3010000130' 'Tree00' #12 vertex 40: ground 600189.046363 m, vertex 600205.932873 m, +16886.511 mm above the ground
[RockPrecisionFixDiag]   rock 'Kerbin Zn3010000130' 'Tree00' #12 vertex 12: ground 600189.148695 m, vertex 600219.808680 m, +30659.985 mm above the ground
[RockPrecisionFixDiag]   rock 'Kerbin Zn3010000130' 'Tree00' #12 vertex 32: ground 600188.740194 m, vertex 600205.936160 m, +17195.966 mm above the ground
[RockPrecisionFixDiag]   rock 'Kerbin Zn3010000130' 'Tree00' #13 vertex 11: ground 600188.191412 m, vertex 600186.811718 m, -1379.694 mm above the ground
[RockPrecisionFixDiag]   rock 'Kerbin Zn3010000130' 'Tree00' #13 vertex 47: ground 600187.740341 m, vertex 600209.981090 m, +22240.749 mm above the ground
[RockPrecisionFixDiag]   rock 'Kerbin Zn3010000130' 'Tree00' #13 vertex 31: ground 600188.533694 m, vertex 600209.976237 m, +21442.542 mm above the ground
[RockPrecisionFixDiag]   rock 'Kerbin Zn3010000130' 'Tree00' #13 vertex 55: ground 600188.188796 m, vertex 600209.977907 m, +21789.111 mm above the ground
[RockPrecisionFixDiag]   rock 'Kerbin Zn3010000130' 'Tree00' #13 vertex 39: ground 600188.083952 m, vertex 600209.979422 m, +21895.470 mm above the ground
[RockPrecisionFixDiag]   rock 'Kerbin Zn3010000130' 'Tree00' #13 vertex 48: ground 600187.791946 m, vertex 600195.287123 m, +7495.177 mm above the ground
[RockPrecisionFixDiag]   rock 'Kerbin Zn3010000130' 'Tree00' #13 vertex 37: ground 600187.893018 m, vertex 600195.286027 m, +7393.009 mm above the ground
[RockPrecisionFixDiag]   rock 'Kerbin Zn3010000130' 'Tree00' #13 vertex 40: ground 600188.375158 m, vertex 600195.283710 m, +6908.552 mm above the ground
[RockPrecisionFixDiag]   rock 'Kerbin Zn3010000130' 'Tree00' #13 vertex 12: ground 600188.143936 m, vertex 600201.976712 m, +13832.776 mm above the ground
[RockPrecisionFixDiag]   rock 'Kerbin Zn3010000130' 'Tree00' #13 vertex 32: ground 600188.458269 m, vertex 600195.282577 m, +6824.308 mm above the ground
[RockPrecisionFixDiag]   rock 'Kerbin Zn3010000130' 'Tree00' #14 vertex 11: ground 600198.164385 m, vertex 600196.881485 m, -1282.901 mm above the ground
[RockPrecisionFixDiag]   rock 'Kerbin Zn3010000130' 'Tree00' #14 vertex 47: ground 600197.815121 m, vertex 600230.526661 m, +32711.540 mm above the ground
[RockPrecisionFixDiag]   rock 'Kerbin Zn3010000130' 'Tree00' #14 vertex 31: ground 600198.576565 m, vertex 600230.521269 m, +31944.704 mm above the ground
[RockPrecisionFixDiag]   rock 'Kerbin Zn3010000130' 'Tree00' #14 vertex 55: ground 600198.839696 m, vertex 600230.538023 m, +31698.327 mm above the ground
[RockPrecisionFixDiag]   rock 'Kerbin Zn3010000130' 'Tree00' #14 vertex 39: ground 600197.231250 m, vertex 600230.509911 m, +33278.661 mm above the ground
[RockPrecisionFixDiag]   rock 'Kerbin Zn3010000130' 'Tree00' #14 vertex 48: ground 600197.389633 m, vertex 600209.177591 m, +11787.957 mm above the ground
[RockPrecisionFixDiag]   rock 'Kerbin Zn3010000130' 'Tree00' #14 vertex 37: ground 600198.419124 m, vertex 600209.197271 m, +10778.147 mm above the ground
[RockPrecisionFixDiag]   rock 'Kerbin Zn3010000130' 'Tree00' #14 vertex 40: ground 600197.527236 m, vertex 600209.173461 m, +11646.225 mm above the ground
[RockPrecisionFixDiag]   rock 'Kerbin Zn3010000130' 'Tree00' #14 vertex 12: ground 600198.135497 m, vertex 600218.903853 m, +20768.356 mm above the ground
[RockPrecisionFixDiag]   rock 'Kerbin Zn3010000130' 'Tree00' #14 vertex 32: ground 600198.949497 m, vertex 600209.193262 m, +10243.765 mm above the ground
[RockPrecisionFixDiag]   rock 'Kerbin Zn3010000130' 'Tree00' #15 vertex 11: ground 600199.746484 m, vertex 600198.376601 m, -1369.883 mm above the ground
[RockPrecisionFixDiag]   rock 'Kerbin Zn3010000130' 'Tree00' #15 vertex 47: ground 600200.592666 m, vertex 600222.609969 m, +22017.303 mm above the ground
[RockPrecisionFixDiag]   rock 'Kerbin Zn3010000130' 'Tree00' #15 vertex 31: ground 600199.112843 m, vertex 600222.630200 m, +23517.357 mm above the ground
[RockPrecisionFixDiag]   rock 'Kerbin Zn3010000130' 'Tree00' #15 vertex 55: ground 600199.699771 m, vertex 600222.616532 m, +22916.761 mm above the ground
[RockPrecisionFixDiag]   rock 'Kerbin Zn3010000130' 'Tree00' #15 vertex 39: ground 600200.005768 m, vertex 600222.623637 m, +22617.869 mm above the ground
[RockPrecisionFixDiag]   rock 'Kerbin Zn3010000130' 'Tree00' #15 vertex 48: ground 600200.490643 m, vertex 600207.237705 m, +6747.061 mm above the ground
[RockPrecisionFixDiag]   rock 'Kerbin Zn3010000130' 'Tree00' #15 vertex 37: ground 600200.267046 m, vertex 600207.232845 m, +6965.799 mm above the ground
[RockPrecisionFixDiag]   rock 'Kerbin Zn3010000130' 'Tree00' #15 vertex 40: ground 600199.448178 m, vertex 600207.252078 m, +7803.900 mm above the ground
[RockPrecisionFixDiag]   rock 'Kerbin Zn3010000130' 'Tree00' #15 vertex 12: ground 600199.837183 m, vertex 600214.245833 m, +14408.650 mm above the ground
[RockPrecisionFixDiag]   rock 'Kerbin Zn3010000130' 'Tree00' #15 vertex 32: ground 600199.213399 m, vertex 600207.247317 m, +8033.918 mm above the ground
[RockPrecisionFixDiag]   rock 'Kerbin Zn3010000130' 'Tree00' #16 vertex 11: ground 600188.855496 m, vertex 600187.540113 m, -1315.384 mm above the ground
[RockPrecisionFixDiag]   rock 'Kerbin Zn3010000130' 'Tree00' #16 vertex 47: ground 600189.493663 m, vertex 600229.937540 m, +40443.876 mm above the ground
[RockPrecisionFixDiag]   rock 'Kerbin Zn3010000130' 'Tree00' #16 vertex 31: ground 600189.243382 m, vertex 600229.917627 m, +40674.246 mm above the ground
[RockPrecisionFixDiag]   rock 'Kerbin Zn3010000130' 'Tree00' #16 vertex 55: ground 600188.414745 m, vertex 600229.920159 m, +41505.414 mm above the ground
[RockPrecisionFixDiag]   rock 'Kerbin Zn3010000130' 'Tree00' #16 vertex 39: ground 600189.346593 m, vertex 600229.935006 m, +40588.413 mm above the ground
[RockPrecisionFixDiag]   rock 'Kerbin Zn3010000130' 'Tree00' #16 vertex 48: ground 600189.594589 m, vertex 600203.056085 m, +13461.496 mm above the ground
[RockPrecisionFixDiag]   rock 'Kerbin Zn3010000130' 'Tree00' #16 vertex 37: ground 600189.007092 m, vertex 600203.045549 m, +14038.457 mm above the ground
[RockPrecisionFixDiag]   rock 'Kerbin Zn3010000130' 'Tree00' #16 vertex 40: ground 600189.489207 m, vertex 600203.042191 m, +13552.984 mm above the ground
[RockPrecisionFixDiag]   rock 'Kerbin Zn3010000130' 'Tree00' #16 vertex 12: ground 600188.817620 m, vertex 600215.286768 m, +26469.149 mm above the ground
[RockPrecisionFixDiag]   rock 'Kerbin Zn3010000130' 'Tree00' #16 vertex 32: ground 600188.767614 m, vertex 600203.031447 m, +14263.833 mm above the ground
[RockPrecisionFixDiag]   rock 'Kerbin Zn3010000130' 'Tree00' #17 vertex 11: ground 600203.000975 m, vertex 600201.923484 m, -1077.491 mm above the ground
[RockPrecisionFixDiag]   rock 'Kerbin Zn3010000130' 'Tree00' #17 vertex 47: ground 600203.218134 m, vertex 600220.836462 m, +17618.329 mm above the ground
[RockPrecisionFixDiag]   rock 'Kerbin Zn3010000130' 'Tree00' #17 vertex 31: ground 600202.821800 m, vertex 600220.848719 m, +18026.919 mm above the ground
[RockPrecisionFixDiag]   rock 'Kerbin Zn3010000130' 'Tree00' #17 vertex 55: ground 600202.683357 m, vertex 600220.846898 m, +18163.541 mm above the ground
[RockPrecisionFixDiag]   rock 'Kerbin Zn3010000130' 'Tree00' #17 vertex 39: ground 600202.631926 m, vertex 600220.838285 m, +18206.359 mm above the ground
[RockPrecisionFixDiag]   rock 'Kerbin Zn3010000130' 'Tree00' #17 vertex 48: ground 600202.880549 m, vertex 600208.834754 m, +5954.205 mm above the ground
[RockPrecisionFixDiag]   rock 'Kerbin Zn3010000130' 'Tree00' #17 vertex 37: ground 600202.952885 m, vertex 600208.840863 m, +5887.978 mm above the ground
[RockPrecisionFixDiag]   rock 'Kerbin Zn3010000130' 'Tree00' #17 vertex 40: ground 600202.632905 m, vertex 600208.843309 m, +6210.404 mm above the ground
[RockPrecisionFixDiag]   rock 'Kerbin Zn3010000130' 'Tree00' #17 vertex 12: ground 600203.035921 m, vertex 600214.307683 m, +11271.762 mm above the ground
[RockPrecisionFixDiag]   rock 'Kerbin Zn3010000130' 'Tree00' #17 vertex 32: ground 600202.630249 m, vertex 600208.849554 m, +6219.305 mm above the ground
[RockPrecisionFixDiag] End of record 1: 64 quads with rocks, 118 holders (0 not built yet); nearest quad 'Kerbin Zn3010000130': 218 rocks, 1780 vertices measured, 0 without ground under them
