[LOG 19:14:21.163] ******* Log Initiated for Kerbal Space Program - 1.12.5.3190 (WindowsPlayer x64) fr-fr *******
Kerbal Space Program - 1.12.5.3190 (WindowsPlayer x64) fr-fr


OS: Windows 10  (10.0.0) 64bit
CPU: Intel(R) Core(TM) i7-4790K CPU @ 4.00GHz (8)
RAM: 32687
GPU: NVIDIA GeForce GTX 1060 6GB (6029MB)
SM: 50 (Direct3D 11.0 [level 11.1])
RT Formats: ARGB32, Depth, ARGBHalf, Shadowmap, RGB565, ARGB4444, ARGB1555, Default, ARGB2101010, DefaultHDR, ARGB64, ARGBFloat, RGFloat, RGHalf, RFloat, RHalf, R8, ARGBInt, RGInt, RInt, BGRA32, RGB111110Float, RG32, RGBAUShort, RG16, BGRA10101010_XR, BGR101010_XR, R16


Log started: Wed, Oct 07, 2026 19:14:21


[LOG 19:14:21.183] ActionCanvas MASK: 3458764513820540928
[LOG 19:14:21.183] AppCanvas MASK: 3458764513820540928
[LOG 19:14:21.185] MainCanvas MASK: 3458764513820540928
[LOG 19:14:22.894] Load(Assembly): /ModuleManager.4.2.3
[LOG 19:14:22.894] AssemblyLoader: Loading assembly at D:\ksp-dev\GameData\ModuleManager.4.2.3.dll
[LOG 19:14:22.919] AssemblyLoader: KSPAssembly 'ModuleManager' V2.5.0
[LOG 19:14:22.919] Load(Assembly): 000_Harmony/0Harmony
[LOG 19:14:22.919] AssemblyLoader: Loading assembly at D:\ksp-dev\GameData\000_Harmony\0Harmony.dll
[LOG 19:14:22.922] Load(Assembly): 000_Harmony/HarmonyInstallChecker
[LOG 19:14:22.922] AssemblyLoader: Loading assembly at D:\ksp-dev\GameData\000_Harmony\HarmonyInstallChecker.dll
[LOG 19:14:22.923] AssemblyLoader: KSPAssembly 'HarmonyKSP' V1.0.0
[LOG 19:14:22.923] Load(Assembly): KSPCommunityFixes/Plugins/0_MultipleModuleInPartAPI
[LOG 19:14:22.923] AssemblyLoader: Loading assembly at D:\ksp-dev\GameData\KSPCommunityFixes\Plugins\0_MultipleModuleInPartAPI.dll
[LOG 19:14:22.925] AssemblyLoader: KSPAssembly 'MultipleModulePartAPI' V1.0.0
[LOG 19:14:22.925] Load(Assembly): KSPCommunityFixes/Plugins/KSPCommunityFixes
[LOG 19:14:22.925] AssemblyLoader: Loading assembly at D:\ksp-dev\GameData\KSPCommunityFixes\Plugins\KSPCommunityFixes.dll
[LOG 19:14:22.935] AssemblyLoader: KSPAssembly 'KSPCommunityFixes' V1.41.1
[LOG 19:14:22.936] AssemblyLoader: KSPAssemblyDependency 'HarmonyKSP' V1.0.0
[LOG 19:14:22.936] AssemblyLoader: KSPAssemblyDependency 'ModuleManager' V1.0.0
[LOG 19:14:22.936] AssemblyLoader: KSPAssemblyDependency 'MultipleModulePartAPI' V1.0.0
[LOG 19:14:22.936] Load(Assembly): KSPDiagColliders/KSPDiagColliders
[LOG 19:14:22.936] AssemblyLoader: Loading assembly at D:\ksp-dev\GameData\KSPDiagColliders\KSPDiagColliders.dll
[LOG 19:14:22.938] Load(Assembly): KSPMCPServer/KSPMCPServer
[LOG 19:14:22.938] AssemblyLoader: Loading assembly at D:\ksp-dev\GameData\KSPMCPServer\KSPMCPServer.dll
[LOG 19:14:22.941] AssemblyLoader: Loading assemblies
[LOG 19:14:23.039] VesselModules: Found VesselModule of type AxisGroupsModule with order 999
[LOG 19:14:23.084] VesselModules: Found VesselModule of type CometVessel with order 999
[LOG 19:14:23.087] VesselModules: Found VesselModule of type SuspensionLoadBalancer with order 999
[LOG 19:14:23.088] VesselModules: Found VesselModule of type FlightIntegrator with order 0
[LOG 19:14:23.091] VesselModules: Found VesselModule of type CommNetVessel with order 999
[LOG 19:14:23.096] VesselModules: Found 5 VesselModule types
[LOG 19:14:23.104] 
************************************************************************

Environment Info
Win32NT 7FFFFFFFFFFFFFFF  Args: KSP_x64.exe 

Mod DLLs found:
Stock assembly: Assembly-CSharp v0.0.0.0
ModuleManager v4.2.3.0
0Harmony v2.2.1.0
HarmonyInstallChecker v2.2.1.0
0_MultipleModuleInPartAPI v1.0.0.0 / v1.0.0+7969fdc50bf4e350193abe5ba2e89533b12ca02f
KSPCommunityFixes v1.41.0.0 / v1.41.1+7969fdc50bf4e350193abe5ba2e89533b12ca02f / v1.41.1.0
KSPDiagColliders v1.0.9774.39745
KSPMCPServer v0.0.0.0

Folders and files in GameData:
000_Harmony
KSPCommunityFixes
KSPDiagColliders
KSPMCPServer
Stock folder: Squad

Stock folder: SquadExpansion

ModuleManager.4.2.3.dll
ModuleManager.ConfigCache
ModuleManager.ConfigSHA
ModuleManager.Physics
ModuleManager.TechTree

************************************************************************

[LOG 19:14:23.126] [AddonLoader]: Instantiating addon 'ModuleManager' from assembly 'ModuleManager'
[LOG 19:14:23.139] [ModuleManager] Adding post patch to the loading screen 4
[LOG 19:14:23.141] [ModuleManager] Patching started on a new thread, all output will be directed to D:\ksp-dev\Logs\ModuleManager\ModuleManager.log
[LOG 19:14:23.145] [AddonLoader]: Instantiating addon 'HarmonyInstallChecker' from assembly 'HarmonyKSP'
[LOG 19:14:23.146] [AddonLoader]: Instantiating addon 'KSPCommunityFixes' from assembly 'KSPCommunityFixes'
[LOG 19:14:23.147] [AddonLoader]: Instantiating addon 'NoIVA' from assembly 'KSPCommunityFixes'
[LOG 19:14:23.148] [AddonLoader]: Instantiating addon 'ConfigNodePerf' from assembly 'KSPCommunityFixes'
[LOG 19:14:23.411] [AddonLoader]: Instantiating addon 'KSPCFFastLoader' from assembly 'KSPCommunityFixes'
[LOG 19:14:23.412] [KSPCF] Injecting FastLoader...
[LOG 19:14:23.439] [KSPCommunityFixes] Patch GameDatabasePerf applied.
[LOG 19:14:23.541] [AddonLoader]: Instantiating addon 'ReflectionTypeLoadExceptionHandler' from assembly 'KSPCommunityFixes'
[LOG 19:14:23.544] [AddonLoader]: Instantiating addon 'KSPMCPServerMod' from assembly 'KSPMCPServer'
[LOG 19:14:23.721] [KSP-MCPServer] Tool colliders_log_under_crafts from KSPDiagColliders (com.github.lhervier.ksp.diag.colliders.McpTools.LogUnderCrafts)
[LOG 19:14:23.721] [KSP-MCPServer] Tool colliders_move_window from KSPDiagColliders (com.github.lhervier.ksp.diag.colliders.McpTools.MoveWindow)
[LOG 19:14:23.721] [KSP-MCPServer] Tool colliders_show_window from KSPDiagColliders (com.github.lhervier.ksp.diag.colliders.McpTools.ShowWindow)
[LOG 19:14:23.738] [KSP-MCPServer] Listening on http://127.0.0.1:8770/mcp/ with 42 tools
[LOG 19:14:25.186] [KSPCF] Taking over stock loader. An exception will follow, this is intended.
[EXC 19:14:25.190] Exception: Terminating stock loader coroutine, this is intended and not an error
	KSPCommunityFixes.Performance.KSPCFFastLoader.GameDatabase_SetupMainLoaders_Prefix () (at <62bb7f5420994f409a34377c091e8538>:0)
	(wrapper dynamic-method) GameDatabase.GameDatabase.SetupMainLoaders_Patch1(GameDatabase)
	GameDatabase+<LoadObjects>d__90.MoveNext () (at <4b449f2841f84227adfaad3149c8fdba>:0)
	UnityEngine.SetupCoroutine.InvokeMoveNext (System.Collections.IEnumerator enumerator, System.IntPtr returnValueAddress) (at <12e76cd50cc64cf19e759e981cb725af>:0)
	UnityEngine.DebugLogHandler:LogException(Exception, Object)
	ModuleManager.UnityLogHandle.InterceptLogHandler:LogException(Exception, Object)
	UnityEngine.MonoBehaviour:StartCoroutine(IEnumerator)
	<CreateDatabase>d__71:MoveNext()
	UnityEngine.MonoBehaviour:StartCoroutine(IEnumerator)
	GameDatabase:StartLoad()
	<LoadSystems>d__11:MoveNext()
	UnityEngine.MonoBehaviour:StartCoroutine(IEnumerator)
	LoadingScreen:Start()
[LOG 19:14:25.409] Preloading Asset Bundle Definitions
[LOG 19:14:25.857] Load Audio: Squad/Alarms/Sounds/Chirps
[LOG 19:14:25.868] Load Audio: Squad/Alarms/Sounds/Classic
[LOG 19:14:25.868] Load Audio: Squad/Alarms/Sounds/ClockTower
[LOG 19:14:25.868] Load Audio: Squad/Alarms/Sounds/ComputerGlass1
[LOG 19:14:25.868] Load Audio: Squad/Alarms/Sounds/ComputerGlass2
[LOG 19:14:25.869] Load Audio: Squad/Alarms/Sounds/ComputerShort
[LOG 19:14:25.869] Load Audio: Squad/Alarms/Sounds/ComputerTriad
[LOG 19:14:25.869] Load Audio: Squad/Alarms/Sounds/DoorBell
[LOG 19:14:25.869] Load Audio: Squad/Alarms/Sounds/Glass
[LOG 19:14:25.869] Load Audio: Squad/Alarms/Sounds/Klaxon
[LOG 19:14:25.869] Load Audio: Squad/Alarms/Sounds/Mobile
[LOG 19:14:25.869] Load Audio: Squad/Alarms/Sounds/Morning
[LOG 19:14:25.870] Load Audio: Squad/Alarms/Sounds/OldClock
[LOG 19:14:25.870] Load Audio: Squad/Alarms/Sounds/OldHorn
[LOG 19:14:25.870] Load Audio: Squad/Alarms/Sounds/Ripple
[LOG 19:14:25.870] Load Audio: Squad/Sounds/editorLoop01
[LOG 19:14:25.870] Load Audio: Squad/Sounds/elev_loop
[LOG 19:14:25.870] Load Audio: Squad/Sounds/elev_start
[LOG 19:14:25.870] Load Audio: Squad/Sounds/elev_stop
[LOG 19:14:25.870] Load Audio: Squad/Sounds/fireworks_explosion_2
[LOG 19:14:25.871] Load Audio: Squad/Sounds/fireworks_explosion_3
[LOG 19:14:25.871] Load Audio: Squad/Sounds/fireworks_explosion_4
[LOG 19:14:25.871] Load Audio: Squad/Sounds/fireworks_launch_boom
[LOG 19:14:25.871] Load Audio: Squad/Sounds/fireworks_only_crackle_crackle_1
[LOG 19:14:25.871] Load Audio: Squad/Sounds/fireworks_only_crackle_dragon_1
[LOG 19:14:26.581] Load Audio: Squad/Sounds/fireworks_only_crackle_palm_1
[LOG 19:14:26.582] Load Audio: Squad/Sounds/fireworks_whistle
[LOG 19:14:26.582] Load Audio: Squad/Sounds/ksp1_banana_V2_01
[LOG 19:14:26.582] Load Audio: Squad/Sounds/ksp1_banana_V2_04
[LOG 19:14:26.582] Load Audio: Squad/Sounds/ksp1_banana_V2_05
[LOG 19:14:26.582] Load Audio: Squad/Sounds/ksp1_golf_swing_normal
[LOG 19:14:26.583] Load Audio: Squad/Sounds/ksp1_ground_anchor_v2_1
[LOG 19:14:26.583] Load Audio: Squad/Sounds/ksp1_strunts_disconnect_v3_pitched2
[LOG 19:14:26.583] Load Audio: Squad/Sounds/repairKit_repair1
[LOG 19:14:26.583] Load Audio: Squad/Sounds/repairKit_repair2
[LOG 19:14:26.583] Load Audio: Squad/Sounds/sound_ambience_nature
[LOG 19:14:26.583] Load Audio: Squad/Sounds/sound_click_flick
[LOG 19:14:26.584] Load Audio: Squad/Sounds/sound_click_latch
[LOG 19:14:26.584] Load Audio: Squad/Sounds/sound_click_sharp
[LOG 19:14:26.584] Load Audio: Squad/Sounds/sound_click_tick
[LOG 19:14:26.584] Load Audio: Squad/Sounds/sound_click_tock
[LOG 19:14:26.584] Load Audio: Squad/Sounds/sound_decoupler_fire
[LOG 19:14:26.585] Load Audio: Squad/Sounds/sound_delete_bin
[LOG 19:14:26.585] Load Audio: Squad/Sounds/sound_explosion_debris1
[LOG 19:14:26.585] Load Audio: Squad/Sounds/sound_explosion_debris2
[LOG 19:14:26.585] Load Audio: Squad/Sounds/sound_explosion_large
[LOG 19:14:26.585] Load Audio: Squad/Sounds/sound_rocket_mini
[LOG 19:14:26.585] Load Audio: Squad/Sounds/sound_rocket_spurts
[LOG 19:14:26.585] Load Audio: Squad/Sounds/sound_servomotor
[LOG 19:14:26.586] Load Audio: Squad/Sounds/sound_tab_extend
[LOG 19:14:26.596] Load Audio: Squad/Sounds/sound_tab_retreat
[LOG 19:14:26.597] Load Audio: SquadExpansion/Serenity/Sounds/robo_arm_large_end
[LOG 19:14:26.597] Load Audio: SquadExpansion/Serenity/Sounds/robo_arm_large_motor_00
[LOG 19:14:26.597] Load Audio: SquadExpansion/Serenity/Sounds/robo_arm_large_scan
[LOG 19:14:26.597] Load Audio: SquadExpansion/Serenity/Sounds/robo_arm_large_start
[LOG 19:14:26.597] Load Audio: SquadExpansion/Serenity/Sounds/robo_arm_medium_end
[LOG 19:14:26.597] Load Audio: SquadExpansion/Serenity/Sounds/robo_arm_medium_motor_00
[LOG 19:14:26.598] Load Audio: SquadExpansion/Serenity/Sounds/robo_arm_medium_scan
[LOG 19:14:26.598] Load Audio: SquadExpansion/Serenity/Sounds/robo_arm_medium_start
[LOG 19:14:26.598] Load Audio: SquadExpansion/Serenity/Sounds/robo_arm_small_end
[LOG 19:14:26.598] Load Audio: SquadExpansion/Serenity/Sounds/robo_arm_small_motor_00
[LOG 19:14:26.598] Load Audio: SquadExpansion/Serenity/Sounds/robo_arm_small_scan
[LOG 19:14:26.601] Load Audio: SquadExpansion/Serenity/Sounds/robo_arm_small_start
[LOG 19:14:26.602] Load Audio: SquadExpansion/Serenity/Sounds/sfx_cryoVolcano_burst
[LOG 19:14:26.602] Load Audio: SquadExpansion/Serenity/Sounds/sfx_cryoVolcano_idle
[LOG 19:14:26.602] Load Audio: SquadExpansion/Serenity/Sounds/sfx_deployable_booster_antena_end
[LOG 19:14:26.602] Load Audio: SquadExpansion/Serenity/Sounds/sfx_deployable_booster_antena_start
[LOG 19:14:26.602] Load Audio: SquadExpansion/Serenity/Sounds/sfx_deployable_central_station_end
[LOG 19:14:26.602] Load Audio: SquadExpansion/Serenity/Sounds/sfx_deployable_central_station_loop
[LOG 19:14:26.603] Load Audio: SquadExpansion/Serenity/Sounds/sfx_deployable_central_station_start
[LOG 19:14:26.603] Load Audio: SquadExpansion/Serenity/Sounds/sfx_deployable_detector_end
[LOG 19:14:26.603] Load Audio: SquadExpansion/Serenity/Sounds/sfx_deployable_detector_start
[LOG 19:14:26.603] Load Audio: SquadExpansion/Serenity/Sounds/sfx_deployable_GoObEd_end
[LOG 19:14:26.603] Load Audio: SquadExpansion/Serenity/Sounds/sfx_deployable_GoObEd_loop
[LOG 19:14:26.604] Load Audio: SquadExpansion/Serenity/Sounds/sfx_deployable_GoObEd_start
[LOG 19:14:26.637] Load Audio: SquadExpansion/Serenity/Sounds/sfx_deployable_rtg_end
[LOG 19:14:26.637] Load Audio: SquadExpansion/Serenity/Sounds/sfx_deployable_rtg_start
[LOG 19:14:26.638] Load Audio: SquadExpansion/Serenity/Sounds/sfx_deployable_seismometer_end
[LOG 19:14:26.638] Load Audio: SquadExpansion/Serenity/Sounds/sfx_deployable_seismometer_start
[LOG 19:14:26.638] Load Audio: SquadExpansion/Serenity/Sounds/sfx_deployable_solar_panel_end
[LOG 19:14:26.638] Load Audio: SquadExpansion/Serenity/Sounds/sfx_deployable_solar_panel_start
[LOG 19:14:26.639] Load Audio: SquadExpansion/Serenity/Sounds/sfx_deployable_weather_station_end
[LOG 19:14:26.639] Load Audio: SquadExpansion/Serenity/Sounds/sfx_deployable_weather_station_loop
[LOG 19:14:26.639] Load Audio: SquadExpansion/Serenity/Sounds/sfx_deployable_weather_station_start
[LOG 19:14:26.640] Load Audio: SquadExpansion/Serenity/Sounds/sfx_geyser_burst
[LOG 19:14:26.640] Load Audio: SquadExpansion/Serenity/Sounds/sfx_geyser_idle
[LOG 19:14:26.670] Load DDS texture: KSPCommunityFixes/MMPatches/StockTweaks/Icons/Clamp-O-Tron
[LOG 19:14:26.676] Load TRUECOLOR texture: KSPCommunityFixes/MMPatches/StockTweaks/Icons/Clamp-O-Tron_scaled
[LOG 19:14:26.676] Load DDS texture: KSPCommunityFixes/MMPatches/StockTweaks/Icons/FreeFallParachutes
[LOG 19:14:26.676] Load TRUECOLOR texture: KSPCommunityFixes/MMPatches/StockTweaks/Icons/FreeFallParachutes_scaled
[LOG 19:14:26.677] Load DDS texture: KSPCommunityFixes/MMPatches/StockTweaks/Icons/LightYearTireCompany
[LOG 19:14:26.677] Load TRUECOLOR texture: KSPCommunityFixes/MMPatches/StockTweaks/Icons/LightYearTireCompany_scaled
[LOG 19:14:26.677] Load DDS texture: KSPCommunityFixes/MMPatches/StockTweaks/Icons/StratusCorporation
[LOG 19:14:26.677] Load TRUECOLOR texture: KSPCommunityFixes/MMPatches/StockTweaks/Icons/StratusCorporation_scaled
[LOG 19:14:26.678] Load DDS texture: Squad/Agencies/C7AerospaceDivision
[LOG 19:14:26.678] Load TRUECOLOR texture: Squad/Agencies/C7AerospaceDivision_scaled
[LOG 19:14:26.678] Load DDS texture: Squad/Agencies/DinkelsteinKermansConstructionEmporium
[LOG 19:14:26.678] Load TRUECOLOR texture: Squad/Agencies/DinkelsteinKermansConstructionEmporium_scaled
[LOG 19:14:26.678] Load DDS texture: Squad/Agencies/ExperimentalEngineering
[LOG 19:14:26.679] Load TRUECOLOR texture: Squad/Agencies/ExperimentalEngineering_scaled
[LOG 19:14:26.679] Load DDS texture: Squad/Agencies/FlooydResearchLab
[LOG 19:14:26.679] Load TRUECOLOR texture: Squad/Agencies/FlooydResearchLab_scaled
[LOG 19:14:26.679] Load DDS texture: Squad/Agencies/GoliathNationalProducts
[LOG 19:14:26.679] Load TRUECOLOR texture: Squad/Agencies/GoliathNationalProducts_scaled
[LOG 19:14:26.679] Load DDS texture: Squad/Agencies/IntegratedIntegrals
[LOG 19:14:26.680] Load TRUECOLOR texture: Squad/Agencies/IntegratedIntegrals_scaled
[LOG 19:14:26.680] Load DDS texture: Squad/Agencies/IonicSymphonicProtonicElectronics
[LOG 19:14:26.680] Load TRUECOLOR texture: Squad/Agencies/IonicSymphonicProtonicElectronics_scaled
[LOG 19:14:26.680] Load DDS texture: Squad/Agencies/JebsJunkyard
[LOG 19:14:26.680] Load TRUECOLOR texture: Squad/Agencies/JebsJunkyard_scaled
[LOG 19:14:26.681] Load DDS texture: Squad/Agencies/KerbalMotion
[LOG 19:14:26.681] Load TRUECOLOR texture: Squad/Agencies/KerbalMotion_scaled
[LOG 19:14:26.682] Load DDS texture: Squad/Agencies/KerbinWorldFirstRecordKeepingSociety
[LOG 19:14:26.682] Load TRUECOLOR texture: Squad/Agencies/KerbinWorldFirstRecordKeepingSociety_scaled
[LOG 19:14:26.683] Load DDS texture: Squad/Agencies/Kerbodyne
[LOG 19:14:26.683] Load TRUECOLOR texture: Squad/Agencies/Kerbodyne_scaled
[LOG 19:14:26.683] Load DDS texture: Squad/Agencies/Kerlington
[LOG 19:14:26.684] Load TRUECOLOR texture: Squad/Agencies/Kerlington_scaled
[LOG 19:14:26.684] Load DDS texture: Squad/Agencies/MaxoConstructionToys
[LOG 19:14:26.684] Load TRUECOLOR texture: Squad/Agencies/MaxoConstructionToys_scaled
[LOG 19:14:26.685] Load DDS texture: Squad/Agencies/MovingPartsExpertsGroup
[LOG 19:14:26.685] Load TRUECOLOR texture: Squad/Agencies/MovingPartsExpertsGroup_scaled
[LOG 19:14:26.685] Load DDS texture: Squad/Agencies/OMBDemolition
[LOG 19:14:26.685] Load TRUECOLOR texture: Squad/Agencies/OMBDemolition_scaled
[LOG 19:14:26.686] Load DDS texture: Squad/Agencies/PeriapsisCo
[LOG 19:14:26.687] Load TRUECOLOR texture: Squad/Agencies/PeriapsisCo_scaled
[LOG 19:14:26.687] Load DDS texture: Squad/Agencies/Probodobodyne
[LOG 19:14:26.687] Load TRUECOLOR texture: Squad/Agencies/Probodobodyne_scaled
[LOG 19:14:26.687] Load DDS texture: Squad/Agencies/R&D
[LOG 19:14:26.687] Load TRUECOLOR texture: Squad/Agencies/R&D_scaled
[LOG 19:14:26.688] Load DDS texture: Squad/Agencies/ReactionSystemsLtd
[LOG 19:14:26.688] Load TRUECOLOR texture: Squad/Agencies/ReactionSystemsLtd_scaled
[LOG 19:14:26.688] Load DDS texture: Squad/Agencies/Rockomax
[LOG 19:14:26.688] Load TRUECOLOR texture: Squad/Agencies/Rockomax_scaled
[LOG 19:14:26.688] Load DDS texture: Squad/Agencies/Rokea
[LOG 19:14:26.688] Load TRUECOLOR texture: Squad/Agencies/Rokea_scaled
[LOG 19:14:26.689] Load DDS texture: Squad/Agencies/SeansCannery
[LOG 19:14:26.689] Load TRUECOLOR texture: Squad/Agencies/SeansCannery_scaled
[LOG 19:14:26.689] Load DDS texture: Squad/Agencies/SteadlerEngineeringCorps
[LOG 19:14:26.689] Load TRUECOLOR texture: Squad/Agencies/SteadlerEngineeringCorps_scaled
[LOG 19:14:26.689] Load DDS texture: Squad/Agencies/StrutCo
[LOG 19:14:26.689] Load TRUECOLOR texture: Squad/Agencies/StrutCo_scaled
[LOG 19:14:26.690] Load DDS texture: Squad/Agencies/Vac-Co
[LOG 19:14:26.690] Load TRUECOLOR texture: Squad/Agencies/Vac-Co_scaled
[LOG 19:14:26.690] Load DDS texture: Squad/Agencies/WinterOwl
[LOG 19:14:26.690] Load TRUECOLOR texture: Squad/Agencies/WinterOwl_scaled
[LOG 19:14:26.690] Load DDS texture: Squad/Agencies/ZaltonicElectronics
[LOG 19:14:26.691] Load TRUECOLOR texture: Squad/Agencies/ZaltonicElectronics_scaled
[LOG 19:14:26.691] Load Cached PNG Texture: Squad/Alarms/Icons/ap
[LOG 19:14:26.691] Load Cached PNG Texture: Squad/Alarms/Icons/default
[LOG 19:14:26.691] Load Cached PNG Texture: Squad/Alarms/Icons/maneuver
[LOG 19:14:26.691] Load Cached PNG Texture: Squad/Alarms/Icons/pe
[LOG 19:14:26.692] Load Cached PNG Texture: Squad/Alarms/Icons/raw
[LOG 19:14:26.692] Load Cached PNG Texture: Squad/Alarms/Icons/soi
[LOG 19:14:26.692] Load Cached PNG Texture: Squad/Alarms/Icons/xfer
[LOG 19:14:26.692] Load DDS texture: Squad/Contracts/Icons/balloon
[LOG 19:14:26.692] Load DDS texture: Squad/Contracts/Icons/custom
[LOG 19:14:26.692] Load DDS texture: Squad/Contracts/Icons/default
[LOG 19:14:26.692] Load DDS texture: Squad/Contracts/Icons/dish
[LOG 19:14:26.692] Load DDS texture: Squad/Contracts/Icons/eva
[LOG 19:14:26.692] Load DDS texture: Squad/Contracts/Icons/gravity
[LOG 19:14:26.692] Load Cached PNG Texture: Squad/Contracts/Icons/ksc
[LOG 19:14:26.692] Load DDS texture: Squad/Contracts/Icons/launchsite
[LOG 19:14:26.692] Load DDS texture: Squad/Contracts/Icons/marker
[LOG 19:14:26.692] Load DDS texture: Squad/Contracts/Icons/pressure
[LOG 19:14:26.692] Load DDS texture: Squad/Contracts/Icons/report
[LOG 19:14:26.692] Load DDS texture: Squad/Contracts/Icons/runway
[LOG 19:14:26.692] Load DDS texture: Squad/Contracts/Icons/sample
[LOG 19:14:26.693] Load DDS texture: Squad/Contracts/Icons/seismic
[LOG 19:14:26.693] Load DDS texture: Squad/Contracts/Icons/thermometer
[LOG 19:14:26.693] Load DDS texture: Squad/Contracts/Icons/vessel
[LOG 19:14:26.693] Load Cached PNG Texture: Squad/Flags/09
[LOG 19:14:26.696] Load Cached PNG Texture: Squad/Flags/blorbs
[LOG 19:14:26.696] Load Cached PNG Texture: Squad/Flags/bullseye
[LOG 19:14:26.697] Load Cached PNG Texture: Squad/Flags/capsule
[LOG 19:14:26.697] Load Cached PNG Texture: Squad/Flags/circles
[LOG 19:14:26.698] Load Cached PNG Texture: Squad/Flags/default
[LOG 19:14:26.698] Load Cached PNG Texture: Squad/Flags/hexagon
[LOG 19:14:26.703] Load Cached PNG Texture: Squad/Flags/hexagonCircles
[LOG 19:14:26.705] Load Cached PNG Texture: Squad/Flags/kerbal1
[LOG 19:14:26.705] Load Cached PNG Texture: Squad/Flags/kerbal2
[LOG 19:14:26.706] Load Cached PNG Texture: Squad/Flags/kerbin
[LOG 19:14:26.706] Load Cached PNG Texture: Squad/Flags/kerbinmunflag
[LOG 19:14:26.708] Load Cached PNG Texture: Squad/Flags/line
[LOG 19:14:26.709] Load Cached PNG Texture: Squad/Flags/minimalistic
[LOG 19:14:26.710] Load Cached PNG Texture: Squad/Flags/orbit
[LOG 19:14:26.711] Load Cached PNG Texture: Squad/Flags/orbs
[LOG 19:14:26.712] Load Cached PNG Texture: Squad/Flags/retro
[LOG 19:14:26.712] Load Cached PNG Texture: Squad/Flags/rings
[LOG 19:14:26.713] Load Cached PNG Texture: Squad/Flags/rocketScience
[LOG 19:14:26.714] Load Cached PNG Texture: Squad/Flags/satellite
[LOG 19:14:26.715] Load Cached PNG Texture: Squad/Flags/Sentinel_Flag
[LOG 19:14:26.716] Load Cached PNG Texture: Squad/Flags/spheres
[LOG 19:14:26.716] Load Cached PNG Texture: Squad/Flags/squadLogo
[LOG 19:14:26.718] Load Cached PNG Texture: Squad/Flags/squadLogo2
[LOG 19:14:26.720] Load Cached PNG Texture: Squad/Flags/stripes
[LOG 19:14:26.720] Load Cached PNG Texture: Squad/Flags/trees
[LOG 19:14:26.725] Load Cached PNG Texture: Squad/Flags/trippy
[LOG 19:14:26.725] Load Cached PNG Texture: Squad/FlagsAgency/esa_dark_blue
[LOG 19:14:26.726] Load Cached PNG Texture: Squad/FlagsAgency/NASA
[LOG 19:14:26.726] Load Cached PNG Texture: Squad/FlagsAgency/uk_space_agency
[LOG 19:14:26.726] Load Cached PNG Texture: Squad/FlagsOrganization/B612_Foundation_flag
[LOG 19:14:26.727] Load Cached PNG Texture: Squad/FlagsOrganization/electron
[LOG 19:14:26.727] Load Cached PNG Texture: Squad/FlagsOrganization/ESA_Arianespace
[LOG 19:14:26.728] Load Cached PNG Texture: Squad/FlagsOrganization/rocketlab
[LOG 19:14:26.728] Load DDS texture: Squad/FX/DiamondBlue
[LOG 19:14:26.728] Load DDS texture: Squad/FX/FlameBlueOrange
[LOG 19:14:26.728] Load DDS texture: Squad/FX/FlamePurple
[LOG 19:14:26.733] Load DDS texture: Squad/FX/FlameRed
[LOG 19:14:26.733] Load DDS texture: Squad/FX/FlameRedOrange
[LOG 19:14:26.733] Load DDS texture: Squad/FX/Monoprop
[LOG 19:14:26.733] Load DDS texture: Squad/FX/plasma2
[LOG 19:14:26.734] Load DDS texture: Squad/FX/rocketplume2
[LOG 19:14:26.734] Load DDS texture: Squad/FX/shockDiamond2
[LOG 19:14:26.736] Load DDS texture: Squad/FX/smokepuff1
[LOG 19:14:26.744] Load DDS texture: Squad/Interiors/Administration/AdminBuilding_Lvl1
[LOG 19:14:26.754] Load DDS texture: Squad/Interiors/Administration/AdminBuilding_Lvl2
[LOG 19:14:26.760] Load DDS texture: Squad/Interiors/Administration/AdminBuilding_Lvl3
[LOG 19:14:26.766] Load DDS texture: Squad/MenuProps/MunOrBust
[LOG 19:14:26.768] Load Cached PNG Texture: Squad/Missions/Banners/Fail/default
[LOG 19:14:26.768] Load PNG texture: Squad/Missions/Banners/Menu/default
[WRN 19:14:26.774] Texture isn't eligible for DXT compression, width and height must be multiples of 4
[LOG 19:14:26.774] Load Cached PNG Texture: Squad/Missions/Banners/Success/default
[LOG 19:14:26.774] Load PNG texture: Squad/Missions/ESA-BepiColombo/Banners/Fail/ESA_MB_Fail_01
[WRN 19:14:26.778] Texture isn't eligible for DXT compression, width and height must be multiples of 4
[LOG 19:14:26.778] Load PNG texture: Squad/Missions/ESA-BepiColombo/Banners/Menu/ESA_MB_Select_01
[WRN 19:14:26.783] Texture isn't eligible for DXT compression, width and height must be multiples of 4
[LOG 19:14:26.783] Load PNG texture: Squad/Missions/ESA-BepiColombo/Banners/Success/ESA_MB_Success_01
[WRN 19:14:26.788] Texture isn't eligible for DXT compression, width and height must be multiples of 4
[LOG 19:14:26.792] Load PNG texture: Squad/Missions/ESA-BepiColombo-Short/Banners/Fail/ESA_MB_Fail_01
[WRN 19:14:26.796] Texture isn't eligible for DXT compression, width and height must be multiples of 4
[LOG 19:14:26.796] Load PNG texture: Squad/Missions/ESA-BepiColombo-Short/Banners/Menu/ESA_MB_Select_01
[WRN 19:14:26.801] Texture isn't eligible for DXT compression, width and height must be multiples of 4
[LOG 19:14:26.801] Load PNG texture: Squad/Missions/ESA-BepiColombo-Short/Banners/Success/ESA_MB_Success_01
[WRN 19:14:26.806] Texture isn't eligible for DXT compression, width and height must be multiples of 4
[LOG 19:14:26.806] Load PNG texture: Squad/Missions/ESA-Rosetta/Banners/Fail/ESA_MB_Fail_02
[WRN 19:14:26.812] Texture isn't eligible for DXT compression, width and height must be multiples of 4
[LOG 19:14:26.812] Load PNG texture: Squad/Missions/ESA-Rosetta/Banners/Menu/ESA_MB_Select_02
[WRN 19:14:26.817] Texture isn't eligible for DXT compression, width and height must be multiples of 4
[LOG 19:14:26.817] Load PNG texture: Squad/Missions/ESA-Rosetta/Banners/Success/ESA_MB_Success_02
[WRN 19:14:26.823] Texture isn't eligible for DXT compression, width and height must be multiples of 4
[LOG 19:14:26.827] Load Cached PNG Texture: Squad/PartList/SimpleIcons/ablator
[LOG 19:14:26.830] Load Cached PNG Texture: Squad/PartList/SimpleIcons/active_radiator
[LOG 19:14:26.830] Load Cached PNG Texture: Squad/PartList/SimpleIcons/asteroid_drill
[LOG 19:14:26.830] Load Cached PNG Texture: Squad/PartList/SimpleIcons/cargo_part
[LOG 19:14:26.830] Load Cached PNG Texture: Squad/PartList/SimpleIcons/comet_drill
[LOG 19:14:26.830] Load Cached PNG Texture: Squad/PartList/SimpleIcons/core_heat
[LOG 19:14:26.830] Load Cached PNG Texture: Squad/PartList/SimpleIcons/cs_main
[LOG 19:14:26.831] Load Cached PNG Texture: Squad/PartList/SimpleIcons/cs_mk2
[LOG 19:14:26.831] Load Cached PNG Texture: Squad/PartList/SimpleIcons/cs_mk3
[LOG 19:14:26.831] Load Cached PNG Texture: Squad/PartList/SimpleIcons/cs_size0
[LOG 19:14:26.831] Load Cached PNG Texture: Squad/PartList/SimpleIcons/cs_size1
[LOG 19:14:26.831] Load Cached PNG Texture: Squad/PartList/SimpleIcons/cs_size1p5
[LOG 19:14:26.831] Load Cached PNG Texture: Squad/PartList/SimpleIcons/cs_size2
[LOG 19:14:26.831] Load Cached PNG Texture: Squad/PartList/SimpleIcons/cs_size3
[LOG 19:14:26.831] Load Cached PNG Texture: Squad/PartList/SimpleIcons/cs_size4
[LOG 19:14:26.831] Load Cached PNG Texture: Squad/PartList/SimpleIcons/cs_surface
[LOG 19:14:26.831] Load Cached PNG Texture: Squad/PartList/SimpleIcons/custom_built_fairing
[LOG 19:14:26.831] Load Cached PNG Texture: Squad/PartList/SimpleIcons/deployable_antenna
[LOG 19:14:26.831] Load Cached PNG Texture: Squad/PartList/SimpleIcons/deployable_comms_part
[LOG 19:14:26.831] Load Cached PNG Texture: Squad/PartList/SimpleIcons/deployable_ground_part
[LOG 19:14:26.831] Load Cached PNG Texture: Squad/PartList/SimpleIcons/deployable_part
[LOG 19:14:26.831] Load Cached PNG Texture: Squad/PartList/SimpleIcons/deployable_radiator
[LOG 19:14:26.831] Load Cached PNG Texture: Squad/PartList/SimpleIcons/deployed_science_control_unit
[LOG 19:14:26.832] Load Cached PNG Texture: Squad/PartList/SimpleIcons/deployed_science_experiment
[LOG 19:14:26.832] Load Cached PNG Texture: Squad/PartList/SimpleIcons/deployed_science_part
[LOG 19:14:26.832] Load Cached PNG Texture: Squad/PartList/SimpleIcons/enviro_sensor
[LOG 19:14:26.832] Load Cached PNG Texture: Squad/PartList/SimpleIcons/experience_management
[LOG 19:14:26.832] Load Cached PNG Texture: Squad/PartList/SimpleIcons/fuels_monopropellant
[LOG 19:14:26.832] Load Cached PNG Texture: Squad/PartList/SimpleIcons/fuels_ore
[LOG 19:14:26.832] Load Cached PNG Texture: Squad/PartList/SimpleIcons/fuels_oxidizer
[LOG 19:14:26.832] Load Cached PNG Texture: Squad/PartList/SimpleIcons/fuels_solidfuel
[LOG 19:14:26.832] Load Cached PNG Texture: Squad/PartList/SimpleIcons/fuels_xenongas
[LOG 19:14:26.832] Load Cached PNG Texture: Squad/PartList/SimpleIcons/inventory_part
[LOG 19:14:26.832] Load Cached PNG Texture: Squad/PartList/SimpleIcons/kerbnet_access
[LOG 19:14:26.832] Load Cached PNG Texture: Squad/PartList/SimpleIcons/number1
[LOG 19:14:26.832] Load Cached PNG Texture: Squad/PartList/SimpleIcons/number2
[LOG 19:14:26.832] Load Cached PNG Texture: Squad/PartList/SimpleIcons/number3
[LOG 19:14:26.832] Load Cached PNG Texture: Squad/PartList/SimpleIcons/number4
[LOG 19:14:26.833] Load Cached PNG Texture: Squad/PartList/SimpleIcons/number5
[LOG 19:14:26.833] Load Cached PNG Texture: Squad/PartList/SimpleIcons/number6
[LOG 19:14:26.833] Load Cached PNG Texture: Squad/PartList/SimpleIcons/number7
[LOG 19:14:26.833] Load Cached PNG Texture: Squad/PartList/SimpleIcons/number8
[LOG 19:14:26.833] Load Cached PNG Texture: Squad/PartList/SimpleIcons/number9
[LOG 19:14:26.833] Load Cached PNG Texture: Squad/PartList/SimpleIcons/probe_control_unit
[LOG 19:14:26.833] Load Cached PNG Texture: Squad/PartList/SimpleIcons/R&D_node_icon_advaerodynamics
[LOG 19:14:26.833] Load Cached PNG Texture: Squad/PartList/SimpleIcons/R&D_node_icon_advancedmotors
[LOG 19:14:26.833] Load Cached PNG Texture: Squad/PartList/SimpleIcons/R&D_node_icon_advconstruction
[LOG 19:14:26.833] Load Cached PNG Texture: Squad/PartList/SimpleIcons/R&D_node_icon_advelectrics
[LOG 19:14:26.833] Load Cached PNG Texture: Squad/PartList/SimpleIcons/R&D_node_icon_advexploration
[LOG 19:14:26.833] Load Cached PNG Texture: Squad/PartList/SimpleIcons/R&D_node_icon_advflightcontrol
[LOG 19:14:26.833] Load Cached PNG Texture: Squad/PartList/SimpleIcons/R&D_node_icon_advlanding
[LOG 19:14:26.834] Load Cached PNG Texture: Squad/PartList/SimpleIcons/R&D_node_icon_advmetalworks
[LOG 19:14:26.834] Load Cached PNG Texture: Squad/PartList/SimpleIcons/R&D_node_icon_advrocketry
[LOG 19:14:26.834] Load Cached PNG Texture: Squad/PartList/SimpleIcons/R&D_node_icon_advsciencetech
[LOG 19:14:26.834] Load Cached PNG Texture: Squad/PartList/SimpleIcons/R&D_node_icon_advunmanned
[LOG 19:14:26.834] Load Cached PNG Texture: Squad/PartList/SimpleIcons/R&D_node_icon_aerodynamicsystems
[LOG 19:14:26.834] Load Cached PNG Texture: Squad/PartList/SimpleIcons/R&D_node_icon_aerospacetech
[LOG 19:14:26.834] Load Cached PNG Texture: Squad/PartList/SimpleIcons/R&D_node_icon_automation
[LOG 19:14:26.834] Load Cached PNG Texture: Squad/PartList/SimpleIcons/R&D_node_icon_basicprobes
[LOG 19:14:26.834] Load Cached PNG Texture: Squad/PartList/SimpleIcons/R&D_node_icon_basicrocketry
[LOG 19:14:26.834] Load Cached PNG Texture: Squad/PartList/SimpleIcons/R&D_node_icon_composites
[LOG 19:14:26.834] Load Cached PNG Texture: Squad/PartList/SimpleIcons/R&D_node_icon_electrics
[LOG 19:14:26.834] Load Cached PNG Texture: Squad/PartList/SimpleIcons/R&D_node_icon_electronics
[LOG 19:14:26.834] Load Cached PNG Texture: Squad/PartList/SimpleIcons/R&D_node_icon_evatech
[LOG 19:14:26.835] Load Cached PNG Texture: Squad/PartList/SimpleIcons/R&D_node_icon_experimentalaerodynamics
[LOG 19:14:26.835] Load Cached PNG Texture: Squad/PartList/SimpleIcons/R&D_node_icon_experimentalelectrics
[LOG 19:14:26.835] Load Cached PNG Texture: Squad/PartList/SimpleIcons/R&D_node_icon_experimentalmotors
[LOG 19:14:26.835] Load Cached PNG Texture: Squad/PartList/SimpleIcons/R&D_node_icon_experimentalrocketry
[LOG 19:14:26.835] Load Cached PNG Texture: Squad/PartList/SimpleIcons/R&D_node_icon_experimentalscience
[LOG 19:14:26.835] Load Cached PNG Texture: Squad/PartList/SimpleIcons/R&D_node_icon_fieldscience
[LOG 19:14:26.835] Load Cached PNG Texture: Squad/PartList/SimpleIcons/R&D_node_icon_flightcontrol
[LOG 19:14:26.835] Load Cached PNG Texture: Squad/PartList/SimpleIcons/R&D_node_icon_fuelsystems
[LOG 19:14:26.835] Load Cached PNG Texture: Squad/PartList/SimpleIcons/R&D_node_icon_generalconstruction
[LOG 19:14:26.835] Load Cached PNG Texture: Squad/PartList/SimpleIcons/R&D_node_icon_generalrocketry
[LOG 19:14:26.835] Load Cached PNG Texture: Squad/PartList/SimpleIcons/R&D_node_icon_generic
[LOG 19:14:26.836] Load Cached PNG Texture: Squad/PartList/SimpleIcons/R&D_node_icon_heavierrocketry
[LOG 19:14:26.836] Load Cached PNG Texture: Squad/PartList/SimpleIcons/R&D_node_icon_heavyaerodynamics
[LOG 19:14:26.836] Load Cached PNG Texture: Squad/PartList/SimpleIcons/R&D_node_icon_heavyrocketry
[LOG 19:14:26.836] Load Cached PNG Texture: Squad/PartList/SimpleIcons/R&D_node_icon_highaltitudeflight
[LOG 19:14:26.836] Load Cached PNG Texture: Squad/PartList/SimpleIcons/R&D_node_icon_highaltitudepropulsion
[LOG 19:14:26.836] Load Cached PNG Texture: Squad/PartList/SimpleIcons/R&D_node_icon_hypersonicflight
[LOG 19:14:26.836] Load Cached PNG Texture: Squad/PartList/SimpleIcons/R&D_node_icon_ionpropulsion
[LOG 19:14:26.836] Load Cached PNG Texture: Squad/PartList/SimpleIcons/R&D_node_icon_landing
[LOG 19:14:26.836] Load Cached PNG Texture: Squad/PartList/SimpleIcons/R&D_node_icon_largecontrol
[LOG 19:14:26.836] Load Cached PNG Texture: Squad/PartList/SimpleIcons/R&D_node_icon_largeelectrics
[LOG 19:14:26.837] Load Cached PNG Texture: Squad/PartList/SimpleIcons/R&D_node_icon_largeprobes
[LOG 19:14:26.837] Load Cached PNG Texture: Squad/PartList/SimpleIcons/R&D_node_icon_metamaterials
[LOG 19:14:26.837] Load Cached PNG Texture: Squad/PartList/SimpleIcons/R&D_node_icon_nanolathing
[LOG 19:14:26.837] Load Cached PNG Texture: Squad/PartList/SimpleIcons/R&D_node_icon_nuclearpropulsion
[LOG 19:14:26.837] Load Cached PNG Texture: Squad/PartList/SimpleIcons/R&D_node_icon_precisionengineering
[LOG 19:14:26.837] Load Cached PNG Texture: Squad/PartList/SimpleIcons/R&D_node_icon_robotics
[LOG 19:14:26.837] Load Cached PNG Texture: Squad/PartList/SimpleIcons/R&D_node_icon_sciencetech
[LOG 19:14:26.837] Load Cached PNG Texture: Squad/PartList/SimpleIcons/R&D_node_icon_specializedconstruction
[LOG 19:14:26.837] Load Cached PNG Texture: Squad/PartList/SimpleIcons/R&D_node_icon_specializedcontrol
[LOG 19:14:26.837] Load Cached PNG Texture: Squad/PartList/SimpleIcons/R&D_node_icon_specializedelectrics
[LOG 19:14:26.838] Load Cached PNG Texture: Squad/PartList/SimpleIcons/R&D_node_icon_stability
[LOG 19:14:26.838] Load Cached PNG Texture: Squad/PartList/SimpleIcons/R&D_node_icon_start
[LOG 19:14:26.838] Load Cached PNG Texture: Squad/PartList/SimpleIcons/R&D_node_icon_supersonicflight
[LOG 19:14:26.838] Load Cached PNG Texture: Squad/PartList/SimpleIcons/R&D_node_icon_survivability
[LOG 19:14:26.838] Load Cached PNG Texture: Squad/PartList/SimpleIcons/R&D_node_icon_unmannedtech
[LOG 19:14:26.838] Load Cached PNG Texture: Squad/PartList/SimpleIcons/R&D_node_icon_veryheavyrocketry
[LOG 19:14:26.838] Load Cached PNG Texture: Squad/PartList/SimpleIcons/rcsfx
[LOG 19:14:26.838] Load Cached PNG Texture: Squad/PartList/SimpleIcons/RDicon_aerospaceTech2
[LOG 19:14:26.838] Load Cached PNG Texture: Squad/PartList/SimpleIcons/RDicon_commandmodules
[LOG 19:14:26.839] Load Cached PNG Texture: Squad/PartList/SimpleIcons/RDicon_fuelSystems-advanced
[LOG 19:14:26.839] Load Cached PNG Texture: Squad/PartList/SimpleIcons/RDicon_fuelSystems-highPerformance
[LOG 19:14:26.839] Load Cached PNG Texture: Squad/PartList/SimpleIcons/RDicon_largeVolumeContainment
[LOG 19:14:26.839] Load Cached PNG Texture: Squad/PartList/SimpleIcons/RDicon_miniaturization
[LOG 19:14:26.839] Load Cached PNG Texture: Squad/PartList/SimpleIcons/RDicon_propulsion-precision
[LOG 19:14:26.839] Load Cached PNG Texture: Squad/PartList/SimpleIcons/RDicon_propulsionSystems
[LOG 19:14:26.841] Load Cached PNG Texture: Squad/PartList/SimpleIcons/RDicon_telescope
[LOG 19:14:26.841] Load Cached PNG Texture: Squad/PartList/SimpleIcons/robotic_controller
[LOG 19:14:26.841] Load Cached PNG Texture: Squad/PartList/SimpleIcons/robotic_rotation_servo
[LOG 19:14:26.845] Load Cached PNG Texture: Squad/PartList/SimpleIcons/robotic_servo_hinge
[LOG 19:14:26.845] Load Cached PNG Texture: Squad/PartList/SimpleIcons/robotic_servo_piston
[LOG 19:14:26.845] Load Cached PNG Texture: Squad/PartList/SimpleIcons/robotic_servo_rotor
[LOG 19:14:26.846] Load Cached PNG Texture: Squad/PartList/SimpleIcons/scanner_arm
[LOG 19:14:26.846] Load Cached PNG Texture: Squad/PartList/SimpleIcons/variant
[LOG 19:14:26.853] Load Cached PNG Texture: Squad/Parts/@thumbs/adapterSmallMiniShort_icon0
[LOG 19:14:26.864] Load Cached PNG Texture: Squad/Parts/@thumbs/adapterSmallMiniShort_icon1
[LOG 19:14:26.865] Load Cached PNG Texture: Squad/Parts/@thumbs/adapterSmallMiniTall_icon0
[LOG 19:14:26.865] Load Cached PNG Texture: Squad/Parts/@thumbs/adapterSmallMiniTall_icon1
[LOG 19:14:26.865] Load Cached PNG Texture: Squad/Parts/@thumbs/AdvancedCanard_icon
[LOG 19:14:26.866] Load Cached PNG Texture: Squad/Parts/@thumbs/advSasModule_icon
[LOG 19:14:26.866] Load Cached PNG Texture: Squad/Parts/@thumbs/airbrake1_icon
[LOG 19:14:26.867] Load Cached PNG Texture: Squad/Parts/@thumbs/airScoop_icon
[LOG 19:14:26.872] Load Cached PNG Texture: Squad/Parts/@thumbs/avionicsNoseCone_icon
[LOG 19:14:26.873] Load Cached PNG Texture: Squad/Parts/@thumbs/basicFin_icon
[LOG 19:14:26.873] Load Cached PNG Texture: Squad/Parts/@thumbs/batteryBankMini_icon
[LOG 19:14:26.873] Load Cached PNG Texture: Squad/Parts/@thumbs/batteryBank_icon
[LOG 19:14:26.874] Load Cached PNG Texture: Squad/Parts/@thumbs/batteryPack_icon
[LOG 19:14:26.874] Load Cached PNG Texture: Squad/Parts/@thumbs/cargoContainer_icon
[LOG 19:14:26.875] Load Cached PNG Texture: Squad/Parts/@thumbs/CargoStorageUnit_icon
[LOG 19:14:26.875] Load Cached PNG Texture: Squad/Parts/@thumbs/CircularIntake_icon
[LOG 19:14:26.875] Load Cached PNG Texture: Squad/Parts/@thumbs/commDish_icon
[LOG 19:14:26.876] Load Cached PNG Texture: Squad/Parts/@thumbs/Decoupler.0_icon0
[LOG 19:14:26.876] Load Cached PNG Texture: Squad/Parts/@thumbs/Decoupler.0_icon1
[LOG 19:14:26.877] Load Cached PNG Texture: Squad/Parts/@thumbs/Decoupler.1_icon0
[LOG 19:14:26.877] Load Cached PNG Texture: Squad/Parts/@thumbs/Decoupler.1_icon1
[LOG 19:14:26.877] Load Cached PNG Texture: Squad/Parts/@thumbs/dockingPort1_icon
[LOG 19:14:26.878] Load Cached PNG Texture: Squad/Parts/@thumbs/dockingPort2_icon
[LOG 19:14:26.878] Load Cached PNG Texture: Squad/Parts/@thumbs/dockingPort3_icon
[LOG 19:14:26.879] Load Cached PNG Texture: Squad/Parts/@thumbs/domeLight1_icon0
[LOG 19:14:26.879] Load Cached PNG Texture: Squad/Parts/@thumbs/domeLight1_icon1
[LOG 19:14:26.880] Load Cached PNG Texture: Squad/Parts/@thumbs/elevon2_icon
[LOG 19:14:26.880] Load Cached PNG Texture: Squad/Parts/@thumbs/elevon3_icon
[LOG 19:14:26.881] Load Cached PNG Texture: Squad/Parts/@thumbs/elevon5_icon
[LOG 19:14:26.881] Load Cached PNG Texture: Squad/Parts/@thumbs/evaChute_icon
[LOG 19:14:26.882] Load Cached PNG Texture: Squad/Parts/@thumbs/evaCylinder_icon
[LOG 19:14:26.882] Load Cached PNG Texture: Squad/Parts/@thumbs/evaJetpack_icon
[LOG 19:14:26.883] Load Cached PNG Texture: Squad/Parts/@thumbs/evaRepairKit_icon
[LOG 19:14:26.883] Load Cached PNG Texture: Squad/Parts/@thumbs/evaScienceKit_icon
[LOG 19:14:26.883] Load Cached PNG Texture: Squad/Parts/@thumbs/externalTankCapsule_icon0
[LOG 19:14:26.884] Load Cached PNG Texture: Squad/Parts/@thumbs/externalTankCapsule_icon1
[LOG 19:14:26.884] Load Cached PNG Texture: Squad/Parts/@thumbs/externalTankRound_icon0
[LOG 19:14:26.884] Load Cached PNG Texture: Squad/Parts/@thumbs/externalTankRound_icon1
[LOG 19:14:26.885] Load Cached PNG Texture: Squad/Parts/@thumbs/externalTankToroid_icon0
[LOG 19:14:26.885] Load Cached PNG Texture: Squad/Parts/@thumbs/externalTankToroid_icon1
[LOG 19:14:26.886] Load Cached PNG Texture: Squad/Parts/@thumbs/fireworksLauncherBig_icon
[LOG 19:14:26.886] Load Cached PNG Texture: Squad/Parts/@thumbs/fireworksLauncherSmall_icon
[LOG 19:14:26.886] Load Cached PNG Texture: Squad/Parts/@thumbs/foldingRadMed_icon
[LOG 19:14:26.887] Load Cached PNG Texture: Squad/Parts/@thumbs/foldingRadSmall_icon
[LOG 19:14:26.887] Load Cached PNG Texture: Squad/Parts/@thumbs/FuelCellArray_icon
[LOG 19:14:26.887] Load Cached PNG Texture: Squad/Parts/@thumbs/FuelCell_icon
[LOG 19:14:26.888] Load Cached PNG Texture: Squad/Parts/@thumbs/fuelTank.long_icon0
[LOG 19:14:26.888] Load Cached PNG Texture: Squad/Parts/@thumbs/fuelTankSmallFlat_icon0
[LOG 19:14:26.889] Load Cached PNG Texture: Squad/Parts/@thumbs/fuelTankSmallFlat_icon1
[LOG 19:14:26.889] Load Cached PNG Texture: Squad/Parts/@thumbs/fuelTankSmallFlat_icon2
[LOG 19:14:26.889] Load Cached PNG Texture: Squad/Parts/@thumbs/fuelTankSmallFlat_icon3
[LOG 19:14:26.890] Load Cached PNG Texture: Squad/Parts/@thumbs/fuelTankSmall_icon0
[LOG 19:14:26.890] Load Cached PNG Texture: Squad/Parts/@thumbs/fuelTankSmall_icon1
[LOG 19:14:26.891] Load Cached PNG Texture: Squad/Parts/@thumbs/fuelTankSmall_icon2
[LOG 19:14:26.891] Load Cached PNG Texture: Squad/Parts/@thumbs/fuelTankSmall_icon3
[LOG 19:14:26.892] Load Cached PNG Texture: Squad/Parts/@thumbs/fuelTank_icon0
[LOG 19:14:26.892] Load Cached PNG Texture: Squad/Parts/@thumbs/GearFixed_icon
[LOG 19:14:26.893] Load Cached PNG Texture: Squad/Parts/@thumbs/GearFree_icon
[LOG 19:14:26.893] Load Cached PNG Texture: Squad/Parts/@thumbs/GearSmall_icon
[LOG 19:14:26.894] Load Cached PNG Texture: Squad/Parts/@thumbs/GooExperiment_icon
[LOG 19:14:26.894] Load Cached PNG Texture: Squad/Parts/@thumbs/groundAnchor_icon
[LOG 19:14:26.895] Load Cached PNG Texture: Squad/Parts/@thumbs/groundLight1_icon
[LOG 19:14:26.895] Load Cached PNG Texture: Squad/Parts/@thumbs/groundLight2_icon
[LOG 19:14:26.896] Load Cached PNG Texture: Squad/Parts/@thumbs/HeatShield0_icon
[LOG 19:14:26.896] Load Cached PNG Texture: Squad/Parts/@thumbs/HeatShield1_icon
[LOG 19:14:26.897] Load Cached PNG Texture: Squad/Parts/@thumbs/HECS2.ProbeCore_icon
[LOG 19:14:26.899] Load Cached PNG Texture: Squad/Parts/@thumbs/HighGainAntenna5.v2_icon
[LOG 19:14:26.899] Load Cached PNG Texture: Squad/Parts/@thumbs/HighGainAntenna5_icon
[LOG 19:14:26.899] Load Cached PNG Texture: Squad/Parts/@thumbs/HighGainAntenna_icon
[LOG 19:14:26.899] Load Cached PNG Texture: Squad/Parts/@thumbs/IntakeRadialLong_icon
[LOG 19:14:26.900] Load Cached PNG Texture: Squad/Parts/@thumbs/ionEngine_icon
[LOG 19:14:26.900] Load Cached PNG Texture: Squad/Parts/@thumbs/ksp.r.largeBatteryPack_icon
[LOG 19:14:26.901] Load Cached PNG Texture: Squad/Parts/@thumbs/ladder1_icon
[LOG 19:14:26.901] Load Cached PNG Texture: Squad/Parts/@thumbs/landingLeg1-2_icon
[LOG 19:14:26.904] Load Cached PNG Texture: Squad/Parts/@thumbs/landingLeg1_icon
[LOG 19:14:26.907] Load Cached PNG Texture: Squad/Parts/@thumbs/launchClamp1_icon
[LOG 19:14:26.907] Load Cached PNG Texture: Squad/Parts/@thumbs/LgRadialSolarPanel_icon
[LOG 19:14:26.908] Load Cached PNG Texture: Squad/Parts/@thumbs/linearRcs_icon
[LOG 19:14:26.908] Load Cached PNG Texture: Squad/Parts/@thumbs/liquidEngine2.v2_icon0
[LOG 19:14:26.909] Load Cached PNG Texture: Squad/Parts/@thumbs/liquidEngine3.v2_icon0
[LOG 19:14:26.909] Load Cached PNG Texture: Squad/Parts/@thumbs/liquidEngine3.v2_icon1
[LOG 19:14:26.910] Load Cached PNG Texture: Squad/Parts/@thumbs/liquidEngine3.v2_icon2
[LOG 19:14:26.911] Load Cached PNG Texture: Squad/Parts/@thumbs/liquidEngineMini.v2_icon0
[LOG 19:14:26.911] Load Cached PNG Texture: Squad/Parts/@thumbs/liquidEngineMini.v2_icon1
[LOG 19:14:26.912] Load Cached PNG Texture: Squad/Parts/@thumbs/liquidEngineMini.v2_icon2
[LOG 19:14:26.912] Load Cached PNG Texture: Squad/Parts/@thumbs/longAntenna_icon
[LOG 19:14:26.913] Load Cached PNG Texture: Squad/Parts/@thumbs/Magnetometer_icon
[LOG 19:14:26.913] Load Cached PNG Texture: Squad/Parts/@thumbs/mediumDishAntenna_icon
[LOG 19:14:26.914] Load Cached PNG Texture: Squad/Parts/@thumbs/microEngine.v2_icon0
[LOG 19:14:26.914] Load Cached PNG Texture: Squad/Parts/@thumbs/microEngine.v2_icon1
[LOG 19:14:26.915] Load Cached PNG Texture: Squad/Parts/@thumbs/MiniDrill_icon
[LOG 19:14:26.915] Load Cached PNG Texture: Squad/Parts/@thumbs/miniFuelTank_icon
[LOG 19:14:26.916] Load Cached PNG Texture: Squad/Parts/@thumbs/miniFuselage_icon
[LOG 19:14:26.916] Load Cached PNG Texture: Squad/Parts/@thumbs/miniIntake_icon
[LOG 19:14:26.917] Load Cached PNG Texture: Squad/Parts/@thumbs/miniJetEngine_icon
[LOG 19:14:26.917] Load Cached PNG Texture: Squad/Parts/@thumbs/miniLandingLeg_icon
[LOG 19:14:26.918] Load Cached PNG Texture: Squad/Parts/@thumbs/Mite_icon
[LOG 19:14:26.919] Load Cached PNG Texture: Squad/Parts/@thumbs/mk1pod.v2_icon0
[LOG 19:14:26.919] Load Cached PNG Texture: Squad/Parts/@thumbs/mk2DroneCore_icon
[LOG 19:14:26.920] Load Cached PNG Texture: Squad/Parts/@thumbs/mk2LanderCabin.v2_icon1
[LOG 19:14:26.920] Load Cached PNG Texture: Squad/Parts/@thumbs/MpoProbe_icon
[LOG 19:14:26.921] Load Cached PNG Texture: Squad/Parts/@thumbs/navLight1_icon0
[LOG 19:14:26.921] Load Cached PNG Texture: Squad/Parts/@thumbs/navLight1_icon1
[LOG 19:14:26.922] Load Cached PNG Texture: Squad/Parts/@thumbs/noseCone_icon0
[LOG 19:14:26.922] Load Cached PNG Texture: Squad/Parts/@thumbs/noseCone_icon1
[LOG 19:14:26.923] Load Cached PNG Texture: Squad/Parts/@thumbs/noseCone_icon2
[LOG 19:14:26.923] Load Cached PNG Texture: Squad/Parts/@thumbs/omsEngine_icon
[LOG 19:14:26.934] Load Cached PNG Texture: Squad/Parts/@thumbs/OrbitalScanner_icon
[LOG 19:14:26.935] Load Cached PNG Texture: Squad/Parts/@thumbs/parachuteDrogue_icon
[LOG 19:14:26.935] Load Cached PNG Texture: Squad/Parts/@thumbs/parachuteLarge_icon
[LOG 19:14:26.935] Load Cached PNG Texture: Squad/Parts/@thumbs/parachuteRadial_icon
[LOG 19:14:26.936] Load Cached PNG Texture: Squad/Parts/@thumbs/parachuteSingle_icon
[LOG 19:14:26.954] Load Cached PNG Texture: Squad/Parts/@thumbs/probeCoreCube_icon
[LOG 19:14:26.957] Load Cached PNG Texture: Squad/Parts/@thumbs/probeCoreHex.v2_icon
[LOG 19:14:26.957] Load Cached PNG Texture: Squad/Parts/@thumbs/probeCoreOcto.v2_icon
[LOG 19:14:26.962] Load Cached PNG Texture: Squad/Parts/@thumbs/probeCoreOcto2.v2_icon
[LOG 19:14:26.966] Load Cached PNG Texture: Squad/Parts/@thumbs/probeCoreSphere.v2_icon
[LOG 19:14:26.966] Load Cached PNG Texture: Squad/Parts/@thumbs/probeStackLarge_icon
[LOG 19:14:26.966] Load Cached PNG Texture: Squad/Parts/@thumbs/probeStackSmall_icon
[LOG 19:14:26.967] Load Cached PNG Texture: Squad/Parts/@thumbs/R8winglet_icon
[LOG 19:14:26.969] Load Cached PNG Texture: Squad/Parts/@thumbs/radialDecoupler1-2_icon
[LOG 19:14:26.970] Load Cached PNG Texture: Squad/Parts/@thumbs/radialDecoupler2_icon
[LOG 19:14:26.971] Load Cached PNG Texture: Squad/Parts/@thumbs/radialDecoupler_icon
[LOG 19:14:26.971] Load Cached PNG Texture: Squad/Parts/@thumbs/radialDrogue_icon
[LOG 19:14:26.971] Load Cached PNG Texture: Squad/Parts/@thumbs/radialEngineMini.v2_icon0
[LOG 19:14:26.971] Load Cached PNG Texture: Squad/Parts/@thumbs/radialEngineMini.v2_icon1
[LOG 19:14:26.972] Load Cached PNG Texture: Squad/Parts/@thumbs/radialLiquidEngine1-2_icon
[LOG 19:14:26.972] Load Cached PNG Texture: Squad/Parts/@thumbs/RadialOreTank_icon
[LOG 19:14:26.973] Load Cached PNG Texture: Squad/Parts/@thumbs/radialRCSTank_icon
[LOG 19:14:26.974] Load Cached PNG Texture: Squad/Parts/@thumbs/radPanelEdge_icon
[LOG 19:14:26.974] Load Cached PNG Texture: Squad/Parts/@thumbs/radPanelLg_icon
[LOG 19:14:26.974] Load Cached PNG Texture: Squad/Parts/@thumbs/radPanelSm_icon
[LOG 19:14:26.975] Load Cached PNG Texture: Squad/Parts/@thumbs/RCSblock.01.small_icon0
[LOG 19:14:26.984] Load Cached PNG Texture: Squad/Parts/@thumbs/RCSblock.01.small_icon1
[LOG 19:14:26.984] Load Cached PNG Texture: Squad/Parts/@thumbs/RCSblock.01.small_icon2
[LOG 19:14:26.990] Load Cached PNG Texture: Squad/Parts/@thumbs/RCSblock.01.small_icon3
[LOG 19:14:26.990] Load Cached PNG Texture: Squad/Parts/@thumbs/RCSblock.01.small_icon4
[LOG 19:14:26.997] Load Cached PNG Texture: Squad/Parts/@thumbs/RCSBlock.v2_icon
[LOG 19:14:26.997] Load Cached PNG Texture: Squad/Parts/@thumbs/RCSBlock.v2_icon0
[LOG 19:14:27.006] Load Cached PNG Texture: Squad/Parts/@thumbs/RCSBlock.v2_icon1
[LOG 19:14:27.007] Load Cached PNG Texture: Squad/Parts/@thumbs/RCSBlock.v2_icon2
[LOG 19:14:27.007] Load Cached PNG Texture: Squad/Parts/@thumbs/RCSBlock.v2_icon3
[LOG 19:14:27.015] Load Cached PNG Texture: Squad/Parts/@thumbs/RCSBlock.v2_icon4
[LOG 19:14:27.016] Load Cached PNG Texture: Squad/Parts/@thumbs/RCSFuelTank_icon
[LOG 19:14:27.019] Load Cached PNG Texture: Squad/Parts/@thumbs/RCSLinearSmall_icon
[LOG 19:14:27.019] Load Cached PNG Texture: Squad/Parts/@thumbs/rcsTankMini_icon
[LOG 19:14:27.023] Load Cached PNG Texture: Squad/Parts/@thumbs/RelayAntenna5_icon
[LOG 19:14:27.023] Load Cached PNG Texture: Squad/Parts/@thumbs/ReleaseValve_icon
[LOG 19:14:27.024] Load Cached PNG Texture: Squad/Parts/@thumbs/roverBody.v2_icon0
[LOG 19:14:27.030] Load Cached PNG Texture: Squad/Parts/@thumbs/roverBody.v2_icon1
[LOG 19:14:27.038] Load Cached PNG Texture: Squad/Parts/@thumbs/roverBody.v2_icon2
[LOG 19:14:27.038] Load Cached PNG Texture: Squad/Parts/@thumbs/roverWheel1_icon
[LOG 19:14:27.041] Load Cached PNG Texture: Squad/Parts/@thumbs/roverWheel2_icon
[LOG 19:14:27.041] Load Cached PNG Texture: Squad/Parts/@thumbs/rtg_icon
[LOG 19:14:27.042] Load Cached PNG Texture: Squad/Parts/@thumbs/sasModule_icon
[LOG 19:14:27.042] Load Cached PNG Texture: Squad/Parts/@thumbs/science.module_icon
[LOG 19:14:27.043] Load Cached PNG Texture: Squad/Parts/@thumbs/ScienceBox_icon
[LOG 19:14:27.043] Load Cached PNG Texture: Squad/Parts/@thumbs/seatExternalCmd_icon
[LOG 19:14:27.048] Load Cached PNG Texture: Squad/Parts/@thumbs/sensorAccelerometer_icon
[LOG 19:14:27.048] Load Cached PNG Texture: Squad/Parts/@thumbs/sensorAtmosphere_icon
[LOG 19:14:27.049] Load Cached PNG Texture: Squad/Parts/@thumbs/sensorBarometer_icon
[LOG 19:14:27.049] Load Cached PNG Texture: Squad/Parts/@thumbs/sensorGravimeter_icon
[LOG 19:14:27.050] Load Cached PNG Texture: Squad/Parts/@thumbs/sensorThermometer_icon
[LOG 19:14:27.050] Load Cached PNG Texture: Squad/Parts/@thumbs/Separator.0_icon0
[LOG 19:14:27.050] Load Cached PNG Texture: Squad/Parts/@thumbs/Separator.0_icon1
[LOG 19:14:27.051] Load Cached PNG Texture: Squad/Parts/@thumbs/Separator.1_icon0
[LOG 19:14:27.051] Load Cached PNG Texture: Squad/Parts/@thumbs/Separator.1_icon1
[LOG 19:14:27.052] Load Cached PNG Texture: Squad/Parts/@thumbs/sepMotor1_icon
[LOG 19:14:27.052] Load Cached PNG Texture: Squad/Parts/@thumbs/ServiceBay.125.v2_icon
[LOG 19:14:27.053] Load Cached PNG Texture: Squad/Parts/@thumbs/shockConeIntake_icon
[LOG 19:14:27.053] Load Cached PNG Texture: Squad/Parts/@thumbs/Shrimp_icon
[LOG 19:14:27.055] Load Cached PNG Texture: Squad/Parts/@thumbs/smallCargoContainer_icon
[LOG 19:14:27.055] Load Cached PNG Texture: Squad/Parts/@thumbs/smallClaw_icon0
[LOG 19:14:27.055] Load Cached PNG Texture: Squad/Parts/@thumbs/smallClaw_icon1
[LOG 19:14:27.056] Load Cached PNG Texture: Squad/Parts/@thumbs/smallCtrlSrf_icon
[LOG 19:14:27.056] Load Cached PNG Texture: Squad/Parts/@thumbs/SmallGearBay_icon
[LOG 19:14:27.057] Load Cached PNG Texture: Squad/Parts/@thumbs/smallHardpoint_icon
[LOG 19:14:27.059] Load Cached PNG Texture: Squad/Parts/@thumbs/smallRadialEngine.v2_icon0
[LOG 19:14:27.059] Load Cached PNG Texture: Squad/Parts/@thumbs/smallRadialEngine.v2_icon1
[LOG 19:14:27.060] Load Cached PNG Texture: Squad/Parts/@thumbs/solarPanelOX10C_icon
[LOG 19:14:27.060] Load Cached PNG Texture: Squad/Parts/@thumbs/solarPanelOX10L_icon
[LOG 19:14:27.061] Load Cached PNG Texture: Squad/Parts/@thumbs/solarPanels1_icon
[LOG 19:14:27.061] Load Cached PNG Texture: Squad/Parts/@thumbs/solarPanels2_icon
[LOG 19:14:27.062] Load Cached PNG Texture: Squad/Parts/@thumbs/solarPanels3_icon
[LOG 19:14:27.066] Load Cached PNG Texture: Squad/Parts/@thumbs/solarPanels4_icon
[LOG 19:14:27.066] Load Cached PNG Texture: Squad/Parts/@thumbs/solarPanels5_icon
[LOG 19:14:27.066] Load Cached PNG Texture: Squad/Parts/@thumbs/solarPanelSP10C_icon
[LOG 19:14:27.067] Load Cached PNG Texture: Squad/Parts/@thumbs/solarPanelSP10L_icon
[LOG 19:14:27.067] Load Cached PNG Texture: Squad/Parts/@thumbs/solidBooster.sm.v2_icon0
[LOG 19:14:27.068] Load Cached PNG Texture: Squad/Parts/@thumbs/solidBooster.v2_icon0
[LOG 19:14:27.068] Load Cached PNG Texture: Squad/Parts/@thumbs/spotLight1_icon
[LOG 19:14:27.069] Load Cached PNG Texture: Squad/Parts/@thumbs/spotLight2_icon
[LOG 19:14:27.069] Load Cached PNG Texture: Squad/Parts/@thumbs/spotLight3_icon0
[LOG 19:14:27.070] Load Cached PNG Texture: Squad/Parts/@thumbs/spotLight3_icon1
[LOG 19:14:27.078] Load Cached PNG Texture: Squad/Parts/@thumbs/stackPoint1_icon
[LOG 19:14:27.079] Load Cached PNG Texture: Squad/Parts/@thumbs/StandardCtrlSrf_icon
[LOG 19:14:27.080] Load Cached PNG Texture: Squad/Parts/@thumbs/standardNoseCone_icon
[LOG 19:14:27.083] Load Cached PNG Texture: Squad/Parts/@thumbs/stripLight1_icon0
[LOG 19:14:27.088] Load Cached PNG Texture: Squad/Parts/@thumbs/stripLight1_icon1
[LOG 19:14:27.088] Load Cached PNG Texture: Squad/Parts/@thumbs/structuralIBeam1_icon
[LOG 19:14:27.091] Load Cached PNG Texture: Squad/Parts/@thumbs/structuralIBeam3_icon
[LOG 19:14:27.092] Load Cached PNG Texture: Squad/Parts/@thumbs/structuralMiniNode_icon
[LOG 19:14:27.094] Load Cached PNG Texture: Squad/Parts/@thumbs/structuralPanel1_icon
[LOG 19:14:27.094] Load Cached PNG Texture: Squad/Parts/@thumbs/structuralPanel2_icon
[LOG 19:14:27.094] Load Cached PNG Texture: Squad/Parts/@thumbs/structuralWing4_icon
[LOG 19:14:27.095] Load Cached PNG Texture: Squad/Parts/@thumbs/strutCube_icon
[LOG 19:14:27.100] Load Cached PNG Texture: Squad/Parts/@thumbs/strutOcto_icon
[LOG 19:14:27.106] Load Cached PNG Texture: Squad/Parts/@thumbs/SurfaceScanner_icon
[LOG 19:14:27.106] Load Cached PNG Texture: Squad/Parts/@thumbs/SurfAntenna_icon
[LOG 19:14:27.110] Load Cached PNG Texture: Squad/Parts/@thumbs/telescopicLadderBay_icon
[LOG 19:14:27.113] Load Cached PNG Texture: Squad/Parts/@thumbs/telescopicLadder_icon
[LOG 19:14:27.114] Load Cached PNG Texture: Squad/Parts/@thumbs/toroidalAerospike_icon
[LOG 19:14:27.114] Load Cached PNG Texture: Squad/Parts/@thumbs/trussAdapter_icon
[LOG 19:14:27.114] Load Cached PNG Texture: Squad/Parts/@thumbs/trussPiece1x_icon
[LOG 19:14:27.115] Load Cached PNG Texture: Squad/Parts/@thumbs/trussPiece3x_icon
[LOG 19:14:27.115] Load Cached PNG Texture: Squad/Parts/@thumbs/vernierEngine_icon
[LOG 19:14:27.116] Load Cached PNG Texture: Squad/Parts/@thumbs/wheelMed_icon
[LOG 19:14:27.116] Load Cached PNG Texture: Squad/Parts/@thumbs/wingConnector4_icon
[LOG 19:14:27.116] Load Cached PNG Texture: Squad/Parts/@thumbs/wingConnector5_icon
[LOG 19:14:27.117] Load Cached PNG Texture: Squad/Parts/@thumbs/winglet3_icon
[LOG 19:14:27.117] Load Cached PNG Texture: Squad/Parts/@thumbs/winglet_icon
[LOG 19:14:27.120] Load Cached PNG Texture: Squad/Parts/@thumbs/wingShuttleElevon1_icon
[LOG 19:14:27.123] Load Cached PNG Texture: Squad/Parts/@thumbs/xenonTankLarge_icon
[LOG 19:14:27.123] Load Cached PNG Texture: Squad/Parts/@thumbs/xenonTankRadial_icon
[LOG 19:14:27.124] Load Cached PNG Texture: Squad/Parts/@thumbs/xenonTank_icon
[LOG 19:14:27.124] Load DDS texture: Squad/Parts/Aero/aerodynamicNoseCone/Rockomax_Adapters_diffuse
[LOG 19:14:27.124] Load DDS texture: Squad/Parts/Aero/aerodynamicNoseCone/Rockomax_Adapters_normal
[LOG 19:14:27.124] Load DDS texture: Squad/Parts/Aero/airbrake/airbrake
[LOG 19:14:27.125] Load DDS texture: Squad/Parts/Aero/airIntakeRadialXM-G50/RadialIntake
[LOG 19:14:27.141] Load DDS texture: Squad/Parts/Aero/airlinerWings/AirlinerWings
[LOG 19:14:27.150] Load DDS texture: Squad/Parts/Aero/airplaneFins/AirplaneFins
[LOG 19:14:27.157] Load DDS texture: Squad/Parts/Aero/basicFin/BasicFin
[LOG 19:14:27.157] Load DDS texture: Squad/Parts/Aero/circularIntake/CircluarIntakes
[LOG 19:14:27.158] Load DDS texture: Squad/Parts/Aero/circularIntake/CircluarIntakes_Heat
[LOG 19:14:27.158] Load DDS texture: Squad/Parts/Aero/cones/Assets/Cones
[LOG 19:14:27.158] Load DDS texture: Squad/Parts/Aero/cones/Assets/ConesDiffuse
[LOG 19:14:27.158] Load DDS texture: Squad/Parts/Aero/cones/Assets/ConesDiffuse_Orange
[LOG 19:14:27.160] Load DDS texture: Squad/Parts/Aero/cones/Assets/ConesDiffuse_White
[LOG 19:14:27.164] Load DDS texture: Squad/Parts/Aero/cones/Assets/ConesHeat
[LOG 19:14:27.165] Load DDS texture: Squad/Parts/Aero/cones/Assets/ConesHeat_Orange
[LOG 19:14:27.167] Load DDS texture: Squad/Parts/Aero/cones/Assets/ConesHeat_White
[LOG 19:14:27.169] Load DDS texture: Squad/Parts/Aero/cones/Assets/Cones_Heat
[LOG 19:14:27.171] Load Cached PNG Texture: Squad/Parts/Aero/cones/Assets/rocketNoseCones_O
[LOG 19:14:27.176] Load Cached PNG Texture: Squad/Parts/Aero/cones/Assets/rocketNoseCones_O_Normal
[LOG 19:14:27.178] Load DDS texture: Squad/Parts/Aero/cones/Assets/rocketNoseCones_W
[LOG 19:14:27.190] Load DDS texture: Squad/Parts/Aero/cones/Assets/Rockomax_Adapters_diffuse
[LOG 19:14:27.190] Load DDS texture: Squad/Parts/Aero/cones/Assets/Rockomax_Adapters_normal
[LOG 19:14:27.190] Load DDS texture: Squad/Parts/Aero/fairings/AutoTruss
[LOG 19:14:27.191] Load DDS texture: Squad/Parts/Aero/fairings/FairingBase
[LOG 19:14:27.191] Load DDS texture: Squad/Parts/Aero/fairings/FairingBaseNormals
[LOG 19:14:27.192] Load DDS texture: Squad/Parts/Aero/fairings/FairingBaseNormals_bw
[LOG 19:14:27.192] Load DDS texture: Squad/Parts/Aero/fairings/FairingBaseNormals_goldSilver
[LOG 19:14:27.193] Load DDS texture: Squad/Parts/Aero/fairings/FairingBaseNormals_orange
[LOG 19:14:27.193] Load Cached PNG Texture: Squad/Parts/Aero/fairings/FairingBase_black
[LOG 19:14:27.194] Load DDS texture: Squad/Parts/Aero/fairings/FairingBase_bw
[LOG 19:14:27.195] Load DDS texture: Squad/Parts/Aero/fairings/FairingBase_goldDiffuse
[LOG 19:14:27.195] Load DDS texture: Squad/Parts/Aero/fairings/FairingBase_goldSpecular
[LOG 19:14:27.195] Load DDS texture: Squad/Parts/Aero/fairings/FairingBase_orange
[LOG 19:14:27.195] Load DDS texture: Squad/Parts/Aero/fairings/FairingBase_silverDiffuse
[LOG 19:14:27.196] Load DDS texture: Squad/Parts/Aero/fairings/FairingBase_silverSpecular
[LOG 19:14:27.196] Load DDS texture: Squad/Parts/Aero/fairings/fairingsCap
[LOG 19:14:27.196] Load DDS texture: Squad/Parts/Aero/fairings/FairingsMat_silverSpecular
[LOG 19:14:27.209] Load DDS texture: Squad/Parts/Aero/fairings/fairings_diff
[LOG 19:14:27.210] Load DDS texture: Squad/Parts/Aero/fairings/fairings_diff_grey
[LOG 19:14:27.212] Load DDS texture: Squad/Parts/Aero/fairings/fairings_diff_orange
[LOG 19:14:27.212] Load DDS texture: Squad/Parts/Aero/fairings/fairings_grey_normals
[LOG 19:14:27.213] Load DDS texture: Squad/Parts/Aero/fairings/fairings_normals
[LOG 19:14:27.214] Load DDS texture: Squad/Parts/Aero/fairings/fairings_normals_silver
[LOG 19:14:27.215] Load DDS texture: Squad/Parts/Aero/fairings/fairings_orange_normals
[LOG 19:14:27.216] Load DDS texture: Squad/Parts/Aero/fairings/fairings_silverDiffuse
[LOG 19:14:27.217] Load DDS texture: Squad/Parts/Aero/HeatShield/Fairing
[LOG 19:14:27.218] Load DDS texture: Squad/Parts/Aero/HeatShield/heatshield
[LOG 19:14:27.218] Load DDS texture: Squad/Parts/Aero/InflatableHeatShield/HeatShield
[LOG 19:14:27.221] Load DDS texture: Squad/Parts/Aero/InflatableHeatShield/HeatShieldFairing
[LOG 19:14:27.222] Load DDS texture: Squad/Parts/Aero/InflatableHeatShield/HeatShield_NRM
[LOG 19:14:27.223] Load DDS texture: Squad/Parts/Aero/intakeRadialLong/Radial_long
[LOG 19:14:27.223] Load DDS texture: Squad/Parts/Aero/miniIntake/SmallIntake
[LOG 19:14:27.223] Load DDS texture: Squad/Parts/Aero/ramAirIntake/RampIntake
[LOG 19:14:27.224] Load DDS texture: Squad/Parts/Aero/ramAirIntake/RampIntake_Heat
[LOG 19:14:27.224] Load DDS texture: Squad/Parts/Aero/shuttleWings/ShuttleWings
[LOG 19:14:27.239] Load DDS texture: Squad/Parts/Aero/wingletAV-R8/model000
[LOG 19:14:27.239] Load DDS texture: Squad/Parts/Aero/wingletAV-R8/model001
[LOG 19:14:27.240] Load DDS texture: Squad/Parts/Aero/wingletAV-T1/model000
[LOG 19:14:27.240] Load DDS texture: Squad/Parts/Aero/wingletAV-T1/model001
[LOG 19:14:27.241] Load DDS texture: Squad/Parts/Aero/wingletDeltaDeluxe/model000
[LOG 19:14:27.241] Load DDS texture: Squad/Parts/Aero/wings/Wings
[LOG 19:14:27.242] Load DDS texture: Squad/Parts/Cargo/CargoContainers/cargoContainer_diff
[LOG 19:14:27.242] Load DDS texture: Squad/Parts/Cargo/CargoContainers/smallCargoContainer_diffuse
[LOG 19:14:27.242] Load DDS texture: Squad/Parts/Cargo/CargoContainers/smallCargoContainer_nrm
[LOG 19:14:27.243] Load DDS texture: Squad/Parts/Cargo/CargoContainers/smallCargoContainer_specular
[LOG 19:14:27.243] Load DDS texture: Squad/Parts/Cargo/Cylinder/EVAcylinder_diffuse
[LOG 19:14:27.243] Load DDS texture: Squad/Parts/Cargo/Cylinder/EVAcylinder_nrm
[LOG 19:14:27.244] Load DDS texture: Squad/Parts/Cargo/GroundAnchor/groundAnchor_diffuse
[LOG 19:14:27.244] Load DDS texture: Squad/Parts/Cargo/GroundAnchor/groundAnchor_nrm
[LOG 19:14:27.244] Load DDS texture: Squad/Parts/Cargo/Jetpack/EVAjetpack
[LOG 19:14:27.246] Load DDS texture: Squad/Parts/Cargo/Jetpack/EVAjetpackEmmisive
[LOG 19:14:27.247] Load DDS texture: Squad/Parts/Cargo/Jetpack/EVAjetpackNRM
[LOG 19:14:27.248] Load DDS texture: Squad/Parts/Cargo/Parachute/backpack_Diff
[LOG 19:14:27.264] Load DDS texture: Squad/Parts/Cargo/Parachute/backpack_NM
[LOG 19:14:27.272] Load DDS texture: Squad/Parts/Cargo/RepairKit/RepairKit_Diffuse
[LOG 19:14:27.273] Load DDS texture: Squad/Parts/Cargo/RepairKit/RepairKit_Normal
[LOG 19:14:27.275] Load DDS texture: Squad/Parts/Cargo/ScienceKit/ExperimentKit_Material_Diffuse
[LOG 19:14:27.277] Load DDS texture: Squad/Parts/Cargo/ScienceKit/ExperimentKit_Material_Emissive
[LOG 19:14:27.278] Load DDS texture: Squad/Parts/Cargo/ScienceKit/ExperimentKit_Material_Normal
[LOG 19:14:27.278] Load DDS texture: Squad/Parts/Cargo/StorageUnits/Assets/Cargo_Material_Diffuse
[LOG 19:14:27.284] Load DDS texture: Squad/Parts/Cargo/StorageUnits/Assets/Cargo_Material_Normal
[LOG 19:14:27.306] Load DDS texture: Squad/Parts/Command/advancedSasModuleLarge/model000
[LOG 19:14:27.307] Load DDS texture: Squad/Parts/Command/advancedSasModuleLarge/model001
[LOG 19:14:27.307] Load DDS texture: Squad/Parts/Command/cupola/cupola_Emissive
[LOG 19:14:27.307] Load DDS texture: Squad/Parts/Command/cupola/ksp_l_cupola_diff
[LOG 19:14:27.314] Load DDS texture: Squad/Parts/Command/cupola/ksp_l_cupola_normal
[LOG 19:14:27.315] Load DDS texture: Squad/Parts/Command/cupola/window
[LOG 19:14:27.315] Load DDS texture: Squad/Parts/Command/externalCommandSeat/model000
[LOG 19:14:27.316] Load DDS texture: Squad/Parts/Command/hitchhikerStorageContainer/cabin
[LOG 19:14:27.318] Load DDS texture: Squad/Parts/Command/hitchhikerStorageContainer/cabin_Illum
[LOG 19:14:27.318] Load DDS texture: Squad/Parts/Command/hitchhikerStorageContainer/cabin_n
[LOG 19:14:27.319] Load DDS texture: Squad/Parts/Command/hitchhikerStorageContainer/window
[LOG 19:14:27.320] Load DDS texture: Squad/Parts/Command/inlineAdvancedStabilizer/model000
[LOG 19:14:27.320] Load DDS texture: Squad/Parts/Command/inlineAdvancedStabilizer/model001
[LOG 19:14:27.320] Load DDS texture: Squad/Parts/Command/inlineReactionWheel/model000
[LOG 19:14:27.320] Load DDS texture: Squad/Parts/Command/inlineReactionWheel/model001
[LOG 19:14:27.321] Load DDS texture: Squad/Parts/Command/inlineReactionWheel/model002
[LOG 19:14:27.321] Load DDS texture: Squad/Parts/Command/Mk1-2Pod/mk 1-2 external shell Variant-Hatch
[LOG 19:14:27.321] Load DDS texture: Squad/Parts/Command/Mk1-3Pod/M1-3 Pod
[LOG 19:14:27.323] Load DDS texture: Squad/Parts/Command/Mk1-3Pod/M1-3 Pod_GLOW
[LOG 19:14:27.323] Load DDS texture: Squad/Parts/Command/mk1Cockpits/GLOW
[LOG 19:14:27.324] Load DDS texture: Squad/Parts/Command/mk1Cockpits/Mk1Cockpit
[LOG 19:14:27.325] Load DDS texture: Squad/Parts/Command/mk1LanderCan/ksp_s_landerCan_diff
[LOG 19:14:27.326] Load DDS texture: Squad/Parts/Command/mk1LanderCan/ksp_s_landerCan_normal
[LOG 19:14:27.328] Load DDS texture: Squad/Parts/Command/mk1LanderCan/ksp_s_landerCan_psd_illum
[LOG 19:14:27.328] Load DDS texture: Squad/Parts/Command/mk1pod/outer shell
[LOG 19:14:27.329] Load DDS texture: Squad/Parts/Command/mk1pod_v2/Mk1_v2
[LOG 19:14:27.329] Load DDS texture: Squad/Parts/Command/mk1pod_v2/Mk1_v2_GLOW
[LOG 19:14:27.332] Load DDS texture: Squad/Parts/Command/mk1pod_v2/Mk1_v2_GW
[LOG 19:14:27.339] Load DDS texture: Squad/Parts/Command/mk1pod_v2/Mk1_v2_N
[LOG 19:14:27.341] Load DDS texture: Squad/Parts/Command/mk1pod_v2/Mk1_v2_W
[LOG 19:14:27.343] Load DDS texture: Squad/Parts/Command/mk1pod_v2/Mk1_v2_W_N
[LOG 19:14:27.344] Load DDS texture: Squad/Parts/Command/mk2CockpitInline/Cockpit_inline_A
[LOG 19:14:27.346] Load DDS texture: Squad/Parts/Command/mk2CockpitInline/Cockpit_inline_Emissive
[LOG 19:14:27.348] Load DDS texture: Squad/Parts/Command/mk2CockpitInline/Cockpit_inline_normal
[LOG 19:14:27.353] Load DDS texture: Squad/Parts/Command/mk2CockpitStandard/Cockpit
[LOG 19:14:27.363] Load DDS texture: Squad/Parts/Command/mk2CockpitStandard/Cockpit_Lum
[LOG 19:14:27.364] Load DDS texture: Squad/Parts/Command/mk2CockpitStandard/Cockpit_NRM
[LOG 19:14:27.366] Load DDS texture: Squad/Parts/Command/mk2DroneCore/mk2Dronecore
[LOG 19:14:27.366] Load DDS texture: Squad/Parts/Command/mk2LanderCan/Illum
[LOG 19:14:27.367] Load DDS texture: Squad/Parts/Command/mk2LanderCan/ladder
[LOG 19:14:27.367] Load DDS texture: Squad/Parts/Command/mk2LanderCan/outershell
[LOG 19:14:27.367] Load DDS texture: Squad/Parts/Command/mk2LanderCan/outershell_n
[LOG 19:14:27.369] Load DDS texture: Squad/Parts/Command/mk2LanderCan/window
[LOG 19:14:27.369] Load DDS texture: Squad/Parts/Command/mk2LanderCan_v2/Mk2Can
[LOG 19:14:27.375] Load DDS texture: Squad/Parts/Command/mk2LanderCan_v2/Mk2Can_glow
[LOG 19:14:27.382] Load DDS texture: Squad/Parts/Command/mk3CockpitShuttle/Mk3CockpitShuttle
[LOG 19:14:27.384] Load DDS texture: Squad/Parts/Command/mk3CockpitShuttle/Mk3CockpitShuttle_LUM
[LOG 19:14:27.384] Load DDS texture: Squad/Parts/Command/MpoProbe/MpoProbe_diffuse
[LOG 19:14:27.386] Load DDS texture: Squad/Parts/Command/MpoProbe/MpoProbe_nrm
[LOG 19:14:27.394] Load DDS texture: Squad/Parts/Command/MpoProbe/MpoProbe_specular
[LOG 19:14:27.399] Load DDS texture: Squad/Parts/Command/MtmStage/mtmStage_diffuse
[LOG 19:14:27.399] Load DDS texture: Squad/Parts/Command/MtmStage/mtmStage_nrm
[LOG 19:14:27.410] Load DDS texture: Squad/Parts/Command/MtmStage/mtmStage_specular
[LOG 19:14:27.410] Load DDS texture: Squad/Parts/Command/probeCoreCube/QBE_New_diffuse
[LOG 19:14:27.412] Load Cached PNG Texture: Squad/Parts/Command/probeCoreCube/QBE_New_NRM
[LOG 19:14:27.415] Load DDS texture: Squad/Parts/Command/probeCoreCube/QBE_New_specular
[LOG 19:14:27.416] Load DDS texture: Squad/Parts/Command/probeCoreHex/ksp_m_hexProbe_diff
[LOG 19:14:27.417] Load DDS texture: Squad/Parts/Command/probeCoreHex/ksp_m_hexProbe_normal
[LOG 19:14:27.418] Load DDS texture: Squad/Parts/Command/probeCoreHex_v2/hecsDiffuse
[LOG 19:14:27.418] Load DDS texture: Squad/Parts/Command/probeCoreHex_v2/hecsNormal
[LOG 19:14:27.418] Load DDS texture: Squad/Parts/Command/probeCoreOcto2_v2/octoDiffuse
[LOG 19:14:27.418] Load DDS texture: Squad/Parts/Command/probeCoreOcto2_v2/octoNormal
[LOG 19:14:27.419] Load DDS texture: Squad/Parts/Command/probeCoreOcto2_v2/octoSpecular
[LOG 19:14:27.419] Load DDS texture: Squad/Parts/Command/probeCoreOcto_v2/octoDiffuse
[LOG 19:14:27.419] Load DDS texture: Squad/Parts/Command/probeCoreOcto_v2/octoNormal
[LOG 19:14:27.419] Load DDS texture: Squad/Parts/Command/probeCoreOcto_v2/octoSpecular
[LOG 19:14:27.419] Load DDS texture: Squad/Parts/Command/probeRoverBody/model000
[LOG 19:14:27.419] Load DDS texture: Squad/Parts/Command/probeRoverBody/model001
[LOG 19:14:27.420] Load DDS texture: Squad/Parts/Command/probeRoverBody_v2/probeRoverBody_v2_gold_diffuse
[LOG 19:14:27.420] Load Cached PNG Texture: Squad/Parts/Command/probeRoverBody_v2/probeRoverBody_v2_gold_NRM
[LOG 19:14:27.422] Load DDS texture: Squad/Parts/Command/probeRoverBody_v2/probeRoverBody_v2_gold_specular
[LOG 19:14:27.424] Load DDS texture: Squad/Parts/Command/probeRoverBody_v2/probeRoverBody_v2_silver_diffuse
[LOG 19:14:27.426] Load Cached PNG Texture: Squad/Parts/Command/probeRoverBody_v2/probeRoverBody_v2_silver_NRM
[LOG 19:14:27.427] Load DDS texture: Squad/Parts/Command/probeRoverBody_v2/probeRoverBody_v2_silver_specular
[LOG 19:14:27.429] Load DDS texture: Squad/Parts/Command/probeRoverBody_v2/QBE_New_diffuse
[LOG 19:14:27.430] Load DDS texture: Squad/Parts/Command/probeRoverBody_v2/QBE_New_NRM
[LOG 19:14:27.431] Load DDS texture: Squad/Parts/Command/probeRoverBody_v2/QBE_New_specular
[LOG 19:14:27.431] Load DDS texture: Squad/Parts/Command/probeStackLarge/model000
[LOG 19:14:27.433] Load DDS texture: Squad/Parts/Command/probeStackLarge/model001
[LOG 19:14:27.434] Load DDS texture: Squad/Parts/Command/probeStackSmall/model000
[LOG 19:14:27.434] Load DDS texture: Squad/Parts/Command/probeStackSmall/model001
[LOG 19:14:27.436] Load DDS texture: Squad/Parts/Command/probeStackSphere_v2/probeStackSphere_diffuse
[LOG 19:14:27.437] Load DDS texture: Squad/Parts/Command/probeStackSphere_v2/probeStackSphere_normal
[LOG 19:14:27.438] Load DDS texture: Squad/Parts/Command/probeStackSphere_v2/probeStackSphere_specular
[LOG 19:14:27.439] Load Cached PNG Texture: Squad/Parts/CompoundParts/@thumbs/fuelLine_icon0
[LOG 19:14:27.439] Load Cached PNG Texture: Squad/Parts/CompoundParts/@thumbs/fuelLine_icon1
[LOG 19:14:27.439] Load Cached PNG Texture: Squad/Parts/CompoundParts/@thumbs/strutConnector_icon0
[LOG 19:14:27.439] Load Cached PNG Texture: Squad/Parts/CompoundParts/@thumbs/strutConnector_icon1
[LOG 19:14:27.439] Load DDS texture: Squad/Parts/CompoundParts/FuelLine/FTX-2 External Fuel Duct
[LOG 19:14:27.439] Load DDS texture: Squad/Parts/CompoundParts/FuelLine/FTX-2 External Fuel Duct_ESA
[LOG 19:14:27.440] Load DDS texture: Squad/Parts/CompoundParts/strutConnector/EAS-4 Strut Connector
[LOG 19:14:27.440] Load DDS texture: Squad/Parts/CompoundParts/strutConnector/EAS-4 Strut Connector_white
[LOG 19:14:27.440] Load DDS texture: Squad/Parts/Coupling/Assets/Decouplers
[LOG 19:14:27.449] Load DDS texture: Squad/Parts/Coupling/Assets/Decouplers_N
[LOG 19:14:27.451] Load DDS texture: Squad/Parts/Coupling/Assets/Decouplers_whiteYellow
[LOG 19:14:27.456] Load DDS texture: Squad/Parts/Coupling/Assets/Decouplers_whiteYellow_N
[LOG 19:14:27.464] Load DDS texture: Squad/Parts/Electrical/10CSolarPanels/assets/circularSolarPanel_diffuse
[LOG 19:14:27.465] Load DDS texture: Squad/Parts/Electrical/10CSolarPanels/assets/circularSolarPanel_nrm
[LOG 19:14:27.467] Load DDS texture: Squad/Parts/Electrical/10LSolarPanels/assets/retractableSolarPanel_diffuse
[LOG 19:14:27.469] Load DDS texture: Squad/Parts/Electrical/10LSolarPanels/assets/retractableSolarPanel_nrm
[LOG 19:14:27.470] Load DDS texture: Squad/Parts/Electrical/1x6ShroudSolarPanels/model000
[LOG 19:14:27.470] Load DDS texture: Squad/Parts/Electrical/1x6ShroudSolarPanels/model001
[LOG 19:14:27.470] Load DDS texture: Squad/Parts/Electrical/1x6ShroudSolarPanels/model002
[LOG 19:14:27.471] Load DDS texture: Squad/Parts/Electrical/1x6SolarPanels/model000
[LOG 19:14:27.471] Load DDS texture: Squad/Parts/Electrical/1x6SolarPanels/model001
[LOG 19:14:27.471] Load DDS texture: Squad/Parts/Electrical/1x6SolarPanels/model002
[LOG 19:14:27.471] Load DDS texture: Squad/Parts/Electrical/3x2ShroudSolarPanels/model000
[LOG 19:14:27.472] Load DDS texture: Squad/Parts/Electrical/3x2ShroudSolarPanels/model001
[LOG 19:14:27.472] Load DDS texture: Squad/Parts/Electrical/3x2ShroudSolarPanels/model002
[LOG 19:14:27.472] Load DDS texture: Squad/Parts/Electrical/3x2SolarPanels/model000
[LOG 19:14:27.472] Load DDS texture: Squad/Parts/Electrical/3x2SolarPanels/model001
[LOG 19:14:27.472] Load DDS texture: Squad/Parts/Electrical/3x2SolarPanels/model002
[LOG 19:14:27.472] Load DDS texture: Squad/Parts/Electrical/gigantorXlSolarArray/panel
[LOG 19:14:27.473] Load DDS texture: Squad/Parts/Electrical/radialFlatSolarPanel/model000
[LOG 19:14:27.473] Load DDS texture: Squad/Parts/Electrical/RTG/model000
[LOG 19:14:27.473] Load DDS texture: Squad/Parts/Electrical/z-100Battery/model000
[LOG 19:14:27.473] Load DDS texture: Squad/Parts/Electrical/z-1kBattery/model000
[LOG 19:14:27.473] Load DDS texture: Squad/Parts/Electrical/z-1kBattery/model001
[LOG 19:14:27.474] Load DDS texture: Squad/Parts/Electrical/z-200Battery/ksp_m_batteryPack_diff
[LOG 19:14:27.474] Load DDS texture: Squad/Parts/Electrical/z-400Battery/model000
[LOG 19:14:27.474] Load DDS texture: Squad/Parts/Electrical/z-4kBattery/ksp_l_batteryPack_diff
[LOG 19:14:27.474] Load DDS texture: Squad/Parts/Electrical/z-4kBattery/ksp_l_batteryPack_normal
[LOG 19:14:27.474] Load DDS texture: Squad/Parts/Engine/ionEngine/model000
[LOG 19:14:27.475] Load DDS texture: Squad/Parts/Engine/jetEngines/Jet Engines
[LOG 19:14:27.482] Load DDS texture: Squad/Parts/Engine/jetEngines/Jet_Heat
[LOG 19:14:27.500] Load DDS texture: Squad/Parts/Engine/liquidEngine24-77/engine
[LOG 19:14:27.500] Load DDS texture: Squad/Parts/Engine/liquidEngine24-77_v2/Twitch
[LOG 19:14:27.501] Load DDS texture: Squad/Parts/Engine/liquidEngine24-77_v2/Twitch_G
[LOG 19:14:27.501] Load DDS texture: Squad/Parts/Engine/liquidEngine24-77_v2/Twitch_GLOW
[LOG 19:14:27.502] Load DDS texture: Squad/Parts/Engine/liquidEngine48-7S/ksp_m_liquidEngine_diff
[LOG 19:14:27.502] Load DDS texture: Squad/Parts/Engine/liquidEngine48-7S_v2/Spark
[LOG 19:14:27.502] Load DDS texture: Squad/Parts/Engine/liquidEngine48-7S_v2/Spark_Glow
[LOG 19:14:27.503] Load DDS texture: Squad/Parts/Engine/liquidEngineAerospike/Aerospike
[LOG 19:14:27.503] Load DDS texture: Squad/Parts/Engine/liquidEngineAerospike/Aerospike_Heat
[LOG 19:14:27.503] Load DDS texture: Squad/Parts/Engine/liquidEngineLV-1_v2/Assets/Ant_and_Spider_diffuse
[LOG 19:14:27.503] Load DDS texture: Squad/Parts/Engine/liquidEngineLV-1_v2/Assets/Ant_and_Spider_emissive
[LOG 19:14:27.504] Load DDS texture: Squad/Parts/Engine/liquidEngineLV-1_v2/Assets/Ant_and_Spider_normal
[LOG 19:14:27.504] Load DDS texture: Squad/Parts/Engine/liquidEngineLV-1_v2/Assets/Ant_and_Spider_specular
[LOG 19:14:27.516] Load DDS texture: Squad/Parts/Engine/liquidEngineLV-909_v2/Terrier
[LOG 19:14:27.517] Load DDS texture: Squad/Parts/Engine/liquidEngineLV-909_v2/TerrierFairing
[LOG 19:14:27.517] Load DDS texture: Squad/Parts/Engine/liquidEngineLV-909_v2/Terrier_glow
[LOG 19:14:27.528] Load DDS texture: Squad/Parts/Engine/liquidEngineLV-N/model000
[LOG 19:14:27.528] Load DDS texture: Squad/Parts/Engine/liquidEngineLV-N/model001
[LOG 19:14:27.529] Load DDS texture: Squad/Parts/Engine/liquidEngineLV-N/model002
[LOG 19:14:27.529] Load DDS texture: Squad/Parts/Engine/liquidEngineLV-N/model003
[LOG 19:14:27.529] Load DDS texture: Squad/Parts/Engine/liquidEngineLV-T30/model000
[LOG 19:14:27.529] Load DDS texture: Squad/Parts/Engine/liquidEngineLV-T30/model001
[LOG 19:14:27.529] Load DDS texture: Squad/Parts/Engine/liquidEngineLV-T30/model002
[LOG 19:14:27.530] Load DDS texture: Squad/Parts/Engine/liquidEngineLV-T30_v2/Engine_Emissive
[LOG 19:14:27.538] Load DDS texture: Squad/Parts/Engine/liquidEngineLV-T30_v2/Engine_Normal
[LOG 19:14:27.544] Load DDS texture: Squad/Parts/Engine/liquidEngineLV-T30_v2/Fairing
[LOG 19:14:27.546] Load DDS texture: Squad/Parts/Engine/liquidEngineLV-T30_v2/Reliant_v2-shroud_Diffuse
[LOG 19:14:27.552] Load DDS texture: Squad/Parts/Engine/liquidEngineLV-T30_v2/Reliant_v2_Diffuse
[LOG 19:14:27.559] Load DDS texture: Squad/Parts/Engine/liquidEngineLV-T45/model000
[LOG 19:14:27.559] Load DDS texture: Squad/Parts/Engine/liquidEngineLV-T45/model001
[LOG 19:14:27.562] Load DDS texture: Squad/Parts/Engine/liquidEngineLV-T45/model002
[LOG 19:14:27.562] Load DDS texture: Squad/Parts/Engine/liquidEngineLV-T45/model003
[LOG 19:14:27.562] Load DDS texture: Squad/Parts/Engine/liquidEngineLV-T45_v2/Engine_Emissive
[LOG 19:14:27.572] Load DDS texture: Squad/Parts/Engine/liquidEngineLV-T45_v2/Fairing
[LOG 19:14:27.572] Load DDS texture: Squad/Parts/Engine/liquidEngineLV-T45_v2/Swivel_v2_Diffuse
[LOG 19:14:27.583] Load DDS texture: Squad/Parts/Engine/liquidEngineLV-T45_v2/Swivel_v2_Normal
[LOG 19:14:27.589] Load DDS texture: Squad/Parts/Engine/liquidEngineMainsail_v2/mainsail_diffuse
[LOG 19:14:27.598] Load DDS texture: Squad/Parts/Engine/liquidEngineMainsail_v2/mainsail_emissive
[LOG 19:14:27.599] Load DDS texture: Squad/Parts/Engine/liquidEngineMainsail_v2/mainsail_nrm
[LOG 19:14:27.609] Load DDS texture: Squad/Parts/Engine/liquidEngineMainsail_v2/mainsail_specular
[LOG 19:14:27.618] Load DDS texture: Squad/Parts/Engine/liquidEngineMainsail_v2/Shroud
[LOG 19:14:27.619] Load DDS texture: Squad/Parts/Engine/liquidEngineMk55/Thud
[LOG 19:14:27.619] Load DDS texture: Squad/Parts/Engine/liquidEngineMk55/Thud_Heat
[LOG 19:14:27.620] Load DDS texture: Squad/Parts/Engine/liquidEnginePoodle_v2/poodle
[LOG 19:14:27.620] Load DDS texture: Squad/Parts/Engine/liquidEnginePoodle_v2/PoodleShroud
[LOG 19:14:27.620] Load DDS texture: Squad/Parts/Engine/liquidEnginePoodle_v2/poodle_Glow
[LOG 19:14:27.622] Load DDS texture: Squad/Parts/Engine/liquidEnginePoodle_v2/Poodle_SingleBell_Poodle_Diffuse
[LOG 19:14:27.624] Load DDS texture: Squad/Parts/Engine/liquidEnginePoodle_v2/Poodle_SingleBell_Poodle_Emissive
[LOG 19:14:27.626] Load DDS texture: Squad/Parts/Engine/liquidEnginePoodle_v2/Poodle_SingleBell_Poodle_Normal
[LOG 19:14:27.628] Load DDS texture: Squad/Parts/Engine/liquidEngineSkipper_v2/Shroud
[LOG 19:14:27.629] Load DDS texture: Squad/Parts/Engine/liquidEngineSkipper_v2/skipper_v2_diffuse
[LOG 19:14:27.639] Load DDS texture: Squad/Parts/Engine/liquidEngineSkipper_v2/skipper_v2_emissive
[LOG 19:14:27.656] Load DDS texture: Squad/Parts/Engine/liquidEngineSkipper_v2/skipper_v2_normal
[LOG 19:14:27.667] Load DDS texture: Squad/Parts/Engine/liquidEngineSSME/SSME
[LOG 19:14:27.667] Load DDS texture: Squad/Parts/Engine/liquidEngineSSME/SSME_GLOW
[LOG 19:14:27.668] Load DDS texture: Squad/Parts/Engine/liquidEngineSSME/SSME_NRM
[LOG 19:14:27.668] Load DDS texture: Squad/Parts/Engine/MassiveSRB/solid_booster_cm
[LOG 19:14:27.669] Load DDS texture: Squad/Parts/Engine/MassiveSRB/solid_booster_cm_esa
[LOG 19:14:27.670] Load DDS texture: Squad/Parts/Engine/MassiveSRB/solid_booster_em
[LOG 19:14:27.671] Load DDS texture: Squad/Parts/Engine/MassiveSRB/solid_booster_nm
[LOG 19:14:27.672] Load DDS texture: Squad/Parts/Engine/miniJet/SmallJet
[LOG 19:14:27.672] Load DDS texture: Squad/Parts/Engine/OMSEngine/Puff_diffuse
[LOG 19:14:27.673] Load DDS texture: Squad/Parts/Engine/OMSEngine/Puff_emissive
[LOG 19:14:27.673] Load DDS texture: Squad/Parts/Engine/OMSEngine/Puff_normal
[LOG 19:14:27.673] Load DDS texture: Squad/Parts/Engine/OMSEngine/Puff_specular
[LOG 19:14:27.673] Load DDS texture: Squad/Parts/Engine/rapierEngine/rapierDiffuse
[LOG 19:14:27.673] Load DDS texture: Squad/Parts/Engine/rapierEngine/rapieremit
[LOG 19:14:27.673] Load DDS texture: Squad/Parts/Engine/Size1_SRBs/SRB_O
[LOG 19:14:27.674] Load DDS texture: Squad/Parts/Engine/Size1_SRBs/SRB_W
[LOG 19:14:27.674] Load DDS texture: Squad/Parts/Engine/Size1_SRBs/SRB_Y
[LOG 19:14:27.674] Load DDS texture: Squad/Parts/Engine/Size2LFB/Size2LFBEmissive
[LOG 19:14:27.674] Load DDS texture: Squad/Parts/Engine/Size2LFB/twin_nozzle_booster_cm
[LOG 19:14:27.676] Load DDS texture: Squad/Parts/Engine/Size2LFB/twin_nozzle_booster_nm
[LOG 19:14:27.678] Load DDS texture: Squad/Parts/Engine/Size2LFB_v2/Size2LFBEmissive
[LOG 19:14:27.678] Load DDS texture: Squad/Parts/Engine/Size2LFB_v2/twin_nozzle_booster_cm
[LOG 19:14:27.706] Load DDS texture: Squad/Parts/Engine/Size2LFB_v2/twin_nozzle_booster_nm
[LOG 19:14:27.707] Load DDS texture: Squad/Parts/Engine/Size3AdvancedEngine/decoupler_and_adaptor_cm
[LOG 19:14:27.709] Load DDS texture: Squad/Parts/Engine/Size3AdvancedEngine/Size3AdvancedEngineDiffuse
[LOG 19:14:27.712] Load DDS texture: Squad/Parts/Engine/Size3AdvancedEngine/Size3AdvancedEngineEmissive
[LOG 19:14:27.712] Load DDS texture: Squad/Parts/Engine/Size3AdvancedEngine/Size3AdvancedEngineNormal
[LOG 19:14:27.712] Load DDS texture: Squad/Parts/Engine/Size3EngineCluster/ClusterEngineEmit
[LOG 19:14:27.712] Load DDS texture: Squad/Parts/Engine/Size3EngineCluster/four_nozzle_engine_cm
[LOG 19:14:27.713] Load DDS texture: Squad/Parts/Engine/Size3EngineCluster/four_nozzle_engine_nm
[LOG 19:14:27.716] Load DDS texture: Squad/Parts/Engine/solidBoosterBACC/model000
[LOG 19:14:27.717] Load DDS texture: Squad/Parts/Engine/solidBoosterBACC/model001
[LOG 19:14:27.717] Load DDS texture: Squad/Parts/Engine/solidBoosterBACC/model002
[LOG 19:14:27.719] Load DDS texture: Squad/Parts/Engine/solidBoosterRT-5/RT5
[LOG 19:14:27.719] Load DDS texture: Squad/Parts/Engine/solidBoosterS2-17/solidBoosterS2-17_diffuse
[LOG 19:14:27.735] Load DDS texture: Squad/Parts/Engine/solidBoosterS2-17/solidBoosterS2-17_emissive
[LOG 19:14:27.754] Load DDS texture: Squad/Parts/Engine/solidBoosterS2-17/solidBoosterS2-17_normal
[LOG 19:14:27.774] Load DDS texture: Squad/Parts/Engine/solidBoosterS2-33/solidBoosterS2-33_diffuse
[LOG 19:14:27.815] Load DDS texture: Squad/Parts/Engine/solidBoosterS2-33/solidBoosterS2-33_emissive
[LOG 19:14:27.856] Load DDS texture: Squad/Parts/Engine/solidBoosterS2-33/solidBoosterS2-33_normal
[LOG 19:14:27.911] Load DDS texture: Squad/Parts/Engine/solidBoosterSep/model000
[LOG 19:14:27.911] Load DDS texture: Squad/Parts/Engine/solidBoosterSep/motor
[LOG 19:14:27.912] Load DDS texture: Squad/Parts/Engine/SolidBoostersF/Assets/SolidBoosterF3S0_diffuse
[LOG 19:14:27.912] Load DDS texture: Squad/Parts/Engine/SolidBoostersF/Assets/SolidBoosterF3S0_emissive
[LOG 19:14:27.912] Load DDS texture: Squad/Parts/Engine/SolidBoostersF/Assets/SolidBoosterF3S0_normal
[LOG 19:14:27.912] Load DDS texture: Squad/Parts/FuelTank/adapterTanks/Mk3Adapters
[LOG 19:14:27.916] Load DDS texture: Squad/Parts/FuelTank/drainTankFTE-1/fuelValve_diffuse
[LOG 19:14:27.917] Load DDS texture: Squad/Parts/FuelTank/drainTankFTE-1/fuelValve_nrm
[LOG 19:14:27.917] Load DDS texture: Squad/Parts/FuelTank/FoilTanks/RadialTanks
[LOG 19:14:27.918] Load DDS texture: Squad/Parts/FuelTank/FoilTanks/RadialTanksGold_specular
[LOG 19:14:27.920] Load DDS texture: Squad/Parts/FuelTank/FoilTanks/RadialTanksSilver_specular
[LOG 19:14:27.922] Load DDS texture: Squad/Parts/FuelTank/FoilTanks/RadialTanks_N
[LOG 19:14:27.931] Load DDS texture: Squad/Parts/FuelTank/FoilTanks/RadialTanks_silver
[LOG 19:14:27.933] Load DDS texture: Squad/Parts/FuelTank/fuelTankOscarB/model000
[LOG 19:14:27.933] Load DDS texture: Squad/Parts/FuelTank/fuelTankOscarB/model001
[LOG 19:14:27.933] Load DDS texture: Squad/Parts/FuelTank/fuelTankOscarB/tank
[LOG 19:14:27.933] Load DDS texture: Squad/Parts/FuelTank/fuelTankOscarB/tank_n
[LOG 19:14:27.933] Load DDS texture: Squad/Parts/FuelTank/miniFuselage/Fuselage
[LOG 19:14:27.933] Load DDS texture: Squad/Parts/FuelTank/mk2Adapters/mk2adapters1m
[LOG 19:14:27.935] Load DDS texture: Squad/Parts/FuelTank/mk2FuselageLong/mk2Fuselage
[LOG 19:14:27.938] Load DDS texture: Squad/Parts/FuelTank/mk2FuselageShort/mk2FuselageShort
[LOG 19:14:27.940] Load DDS texture: Squad/Parts/FuelTank/mk3Fuselage/Mk3Fuselage
[LOG 19:14:27.942] Load DDS texture: Squad/Parts/FuelTank/mk3Fuselage/Mk3Fuselage_LUM
[LOG 19:14:27.942] Load DDS texture: Squad/Parts/FuelTank/RCSFuelTankR1/RCSFuelTankR1_01
[LOG 19:14:27.943] Load DDS texture: Squad/Parts/FuelTank/RCSFuelTankR1/RCSFuelTankR1_02
[LOG 19:14:27.943] Load DDS texture: Squad/Parts/FuelTank/RCSFuelTankR1/RCSFuelTankR1_N
[LOG 19:14:27.944] Load DDS texture: Squad/Parts/FuelTank/RCSFuelTankR10/ksp_m_rcsTank_diff
[LOG 19:14:27.944] Load DDS texture: Squad/Parts/FuelTank/RCSFuelTankR10/ksp_m_rcsTank_normal
[LOG 19:14:27.944] Load DDS texture: Squad/Parts/FuelTank/RCSFuelTankR25/FL-R25 RCS Fuel Tank_D
[LOG 19:14:27.945] Load DDS texture: Squad/Parts/FuelTank/RCSFuelTankR25/FL-R25 RCS Fuel Tank_N
[LOG 19:14:27.945] Load DDS texture: Squad/Parts/FuelTank/RCSTankRadial/model000
[LOG 19:14:27.945] Load DDS texture: Squad/Parts/FuelTank/RCStankRadialLong/ksp_r_rcsCylTank_diff
[LOG 19:14:27.945] Load DDS texture: Squad/Parts/FuelTank/RockomaxTanks/Assets/rockomax_16 [AlbedoM] BW
[LOG 19:14:27.954] Load DDS texture: Squad/Parts/FuelTank/RockomaxTanks/Assets/rockomax_16 [AlbedoM] ESA
[LOG 19:14:27.967] Load DDS texture: Squad/Parts/FuelTank/RockomaxTanks/Assets/rockomax_16 [AlbedoM] O
[LOG 19:14:27.978] Load DDS texture: Squad/Parts/FuelTank/RockomaxTanks/Assets/rockomax_16 [Normal] BW
[LOG 19:14:27.987] Load DDS texture: Squad/Parts/FuelTank/RockomaxTanks/Assets/rockomax_16 [Normal]ESA
[LOG 19:14:27.995] Load DDS texture: Squad/Parts/FuelTank/RockomaxTanks/Assets/rockomax_16 [Normal]O
[LOG 19:14:28.005] Load DDS texture: Squad/Parts/FuelTank/RockomaxTanks/Assets/rockomax_32 [AlbedoM] ESA
[LOG 19:14:28.006] Load DDS texture: Squad/Parts/FuelTank/RockomaxTanks/Assets/rockomax_32 [Normal]ESA
[LOG 19:14:28.008] Load DDS texture: Squad/Parts/FuelTank/Size1_Tanks/125Tanks_BW
[LOG 19:14:28.011] Load DDS texture: Squad/Parts/FuelTank/Size1_Tanks/125Tanks_D
[LOG 19:14:28.019] Load DDS texture: Squad/Parts/FuelTank/Size1_Tanks/125Tanks_N
[LOG 19:14:28.021] Load DDS texture: Squad/Parts/FuelTank/Size1_Tanks/125Tanks_O
[LOG 19:14:28.026] Load DDS texture: Squad/Parts/FuelTank/Size1_Tanks/125Tanks_W
[LOG 19:14:28.028] Load DDS texture: Squad/Parts/FuelTank/Size3Tanks/fueltTanks_cm
[LOG 19:14:28.030] Load Cached PNG Texture: Squad/Parts/FuelTank/Size3Tanks/Size3Tanks
[LOG 19:14:28.031] Load Cached PNG Texture: Squad/Parts/FuelTank/Size3Tanks/Size3Tanks_Norm
[LOG 19:14:28.033] Load Cached PNG Texture: Squad/Parts/FuelTank/Size3Tanks/Size3Tanks_Orange
[LOG 19:14:28.034] Load Cached PNG Texture: Squad/Parts/FuelTank/Size3Tanks/Size3Tanks_Orange_Norm
[LOG 19:14:28.035] Load DDS texture: Squad/Parts/FuelTank/xenonTank/model000
[LOG 19:14:28.036] Load DDS texture: Squad/Parts/FuelTank/xenonTank/model001
[LOG 19:14:28.036] Load DDS texture: Squad/Parts/FuelTank/xenonTankLarge/tank
[LOG 19:14:28.038] Load DDS texture: Squad/Parts/FuelTank/xenonTankRadial/ksp_r_xenonTank_diff
[LOG 19:14:28.039] Load DDS texture: Squad/Parts/Misc/AsteroidDay/CamSat
[LOG 19:14:28.039] Load DDS texture: Squad/Parts/Misc/AsteroidDay/CamSat_glow
[LOG 19:14:28.040] Load DDS texture: Squad/Parts/Misc/AsteroidDay/CamSat_N_NRM
[LOG 19:14:28.042] Load DDS texture: Squad/Parts/Misc/AsteroidDay/default
[LOG 19:14:28.042] Load DDS texture: Squad/Parts/Misc/AsteroidDay/hecsDiffuse
[LOG 19:14:28.042] Load DDS texture: Squad/Parts/Misc/AsteroidDay/hecsNormal
[LOG 19:14:28.042] Load DDS texture: Squad/Parts/Misc/AsteroidDay/hecsSpecular
[LOG 19:14:28.043] Load DDS texture: Squad/Parts/Misc/AsteroidDay/JumboHexProbe
[LOG 19:14:28.043] Load DDS texture: Squad/Parts/Misc/AsteroidDay/JumboHexProbe_NORM_NRM
[LOG 19:14:28.043] Load DDS texture: Squad/Parts/Resources/FuelCell/FCLamp
[LOG 19:14:28.044] Load DDS texture: Squad/Parts/Resources/FuelCell/FuelCellRack
[LOG 19:14:28.044] Load DDS texture: Squad/Parts/Resources/FuelCell/fuellcell
[LOG 19:14:28.044] Load DDS texture: Squad/Parts/Resources/ISRU/Processor_Large
[LOG 19:14:28.045] Load DDS texture: Squad/Parts/Resources/LargeTank/ksp_l_resourceContainer_diff
[LOG 19:14:28.045] Load DDS texture: Squad/Parts/Resources/LargeTank/ksp_l_resourceContainer_norm
[LOG 19:14:28.046] Load DDS texture: Squad/Parts/Resources/MiniDrill/DustParticle
[LOG 19:14:28.047] Load DDS texture: Squad/Parts/Resources/MiniDrill/ksp_r_rockProbe_diff
[LOG 19:14:28.050] Load DDS texture: Squad/Parts/Resources/MiniDrill/RockParticle
[LOG 19:14:28.050] Load DDS texture: Squad/Parts/Resources/MiniISRU/ksp_s_processorSmall_diff
[LOG 19:14:28.050] Load DDS texture: Squad/Parts/Resources/OrbitalScanner/detector
[LOG 19:14:28.050] Load DDS texture: Squad/Parts/Resources/RadialDrill/DustParticle
[LOG 19:14:28.051] Load DDS texture: Squad/Parts/Resources/RadialDrill/RockParticle
[LOG 19:14:28.054] Load DDS texture: Squad/Parts/Resources/RadialDrill/TriBitDrill
[LOG 19:14:28.054] Load DDS texture: Squad/Parts/Resources/RadialTank/ksp_r_resourceContainer_psd_2
[LOG 19:14:28.054] Load DDS texture: Squad/Parts/Resources/SmallTank/ksp_s_resourceContainer_diff
[LOG 19:14:28.054] Load DDS texture: Squad/Parts/Resources/SmallTank/ksp_s_resourceContainer_normal
[LOG 19:14:28.055] Load DDS texture: Squad/Parts/Resources/SurfaceScanner/ksp_r_samplerAir_diff
[LOG 19:14:28.057] Load DDS texture: Squad/Parts/Resources/SurveyScanner/dish
[LOG 19:14:28.058] Load DDS texture: Squad/Parts/Resources/SurveyScanner/dish_n
[LOG 19:14:28.058] Load DDS texture: Squad/Parts/Science/AtmosphereSensor/ksp_r_hydroscoop_diff
[LOG 19:14:28.059] Load DDS texture: Squad/Parts/Science/GooExperiment/GooExperiment
[LOG 19:14:28.059] Load DDS texture: Squad/Parts/Science/LargeCrewedLab/Large_Crewed_Lab
[LOG 19:14:28.060] Load DDS texture: Squad/Parts/Science/LargeCrewedLab/Large_Crewed_Lab_glow
[LOG 19:14:28.063] Load DDS texture: Squad/Parts/Science/LargeCrewedLab/window
[LOG 19:14:28.063] Load DDS texture: Squad/Parts/Science/Magnetometer/Magnetometer_diffuse
[LOG 19:14:28.063] Load DDS texture: Squad/Parts/Science/Magnetometer/Magnetometer_nrm
[LOG 19:14:28.063] Load DDS texture: Squad/Parts/Science/MaterialBay/science_module_small
[LOG 19:14:28.064] Load DDS texture: Squad/Parts/Science/MaterialBay/science_module_small_emit
[LOG 19:14:28.065] Load DDS texture: Squad/Parts/Science/MaterialBay/science_module_small_nrm
[LOG 19:14:28.065] Load DDS texture: Squad/Parts/Science/MaterialBay/wires
[LOG 19:14:28.065] Load DDS texture: Squad/Parts/Science/ScienceBox/Container
[LOG 19:14:28.065] Load DDS texture: Squad/Parts/Science/sensorAccelerometer/model000
[LOG 19:14:28.065] Load DDS texture: Squad/Parts/Science/sensorBarometer/model000
[LOG 19:14:28.065] Load DDS texture: Squad/Parts/Science/sensorGravimeter/model000
[LOG 19:14:28.065] Load DDS texture: Squad/Parts/Science/sensorThermometer/model000
[LOG 19:14:28.065] Load DDS texture: Squad/Parts/Structural/FLAdapters/Assets/FLA-Adapters_diffuse
[LOG 19:14:28.067] Load DDS texture: Squad/Parts/Structural/FLAdapters/Assets/FLA-Adapters_diffuse_O
[LOG 19:14:28.068] Load DDS texture: Squad/Parts/Structural/FLAdapters/Assets/FLA-Adapters_normal
[LOG 19:14:28.070] Load DDS texture: Squad/Parts/Structural/FLAdapters/Assets/FLA-Adapters_normal_O
[LOG 19:14:28.073] Load DDS texture: Squad/Parts/Structural/mk1Parts/Mk1Structural
[LOG 19:14:28.074] Load DDS texture: Squad/Parts/Structural/mk1Parts/Mk1StructuralHeat
[LOG 19:14:28.075] Load Cached PNG Texture: Squad/Parts/Structural/mk1Parts/@thumbs/MK1Fuselage_icon
[LOG 19:14:28.075] Load DDS texture: Squad/Parts/Structural/Size3To2Adapter_v2/Size2to3_BW_Diffuse
[LOG 19:14:28.082] Load DDS texture: Squad/Parts/Structural/Size3To2Adapter_v2/Size2to3_DUMMY_NRM
[LOG 19:14:28.082] Load DDS texture: Squad/Parts/Structural/Size3To2Adapter_v2/Size2to3_O_Diffuse
[LOG 19:14:28.090] Load DDS texture: Squad/Parts/Structural/Size3To2Adapter_v2/Size2to3_W_Diffuse
[LOG 19:14:28.097] Load DDS texture: Squad/Parts/Structural/Size3To2Adapter_v2/Size2to3_W_NRM
[LOG 19:14:28.103] Load DDS texture: Squad/Parts/Structural/stackAdapters/Assets/stackAdapters_diffuse
[LOG 19:14:28.104] Load DDS texture: Squad/Parts/Structural/stackAdapters/Assets/stackAdapters_diffuse_Dark
[LOG 19:14:28.106] Load DDS texture: Squad/Parts/Structural/stackAdapters/Assets/stackAdapters_diffuse_Orange
[LOG 19:14:28.107] Load DDS texture: Squad/Parts/Structural/stackAdapters/Assets/stackAdapters_normal
[LOG 19:14:28.112] Load DDS texture: Squad/Parts/Structural/stackAdapters/Assets/stackAdapters_normal_Orange
[LOG 19:14:28.116] Load DDS texture: Squad/Parts/Structural/stationHub/model000
[LOG 19:14:28.117] Load DDS texture: Squad/Parts/Structural/stationHub/model001
[LOG 19:14:28.117] Load DDS texture: Squad/Parts/Structural/structuralIBeam200/model000
[LOG 19:14:28.117] Load DDS texture: Squad/Parts/Structural/structuralIBeam200Pocket/model000
[LOG 19:14:28.118] Load DDS texture: Squad/Parts/Structural/structuralIBeam650/model000
[LOG 19:14:28.118] Load DDS texture: Squad/Parts/Structural/structuralMicronode/model000
[LOG 19:14:28.118] Load DDS texture: Squad/Parts/Structural/structuralPanel1x1/model000
[LOG 19:14:28.118] Load DDS texture: Squad/Parts/Structural/structuralPanel1x1/model001
[LOG 19:14:28.118] Load DDS texture: Squad/Parts/Structural/structuralPanel2x2/model000
[LOG 19:14:28.118] Load DDS texture: Squad/Parts/Structural/structuralPanel2x2/model001
[LOG 19:14:28.118] Load DDS texture: Squad/Parts/Structural/structuralPylons/Pylons
[LOG 19:14:28.119] Load DDS texture: Squad/Parts/Structural/strutCubicOcto/cubestrut
[LOG 19:14:28.119] Load DDS texture: Squad/Parts/Structural/strutOcto/model000
[LOG 19:14:28.119] Load DDS texture: Squad/Parts/Structural/trussGirderAdapter/model000
[LOG 19:14:28.119] Load DDS texture: Squad/Parts/Structural/trussGirderAdapter/model001
[LOG 19:14:28.119] Load DDS texture: Squad/Parts/Structural/trussGirderL/model000
[LOG 19:14:28.120] Load DDS texture: Squad/Parts/Structural/trussGirderXL/model000
[LOG 19:14:28.123] Load DDS texture: Squad/Parts/Thermal/FoldingRadiators/radiator
[LOG 19:14:28.123] Load DDS texture: Squad/Parts/Thermal/FoldingRadiators/radiator_N_NRM
[LOG 19:14:28.124] Load DDS texture: Squad/Parts/Thermal/RadiatorPanels/radPanel
[LOG 19:14:28.124] Load DDS texture: Squad/Parts/Thermal/RadiatorPanels/radPanel_N_NRM
[LOG 19:14:28.126] Load DDS texture: Squad/Parts/Utility/commDish88-88/comm_dish_array
[LOG 19:14:28.128] Load DDS texture: Squad/Parts/Utility/commDish88-88/comm_dish_v2_diff
[LOG 19:14:28.128] Load DDS texture: Squad/Parts/Utility/commDish88-88/model000
[LOG 19:14:28.128] Load DDS texture: Squad/Parts/Utility/commsAntennaDTS-M1/mediumDishAntenna
[LOG 19:14:28.129] Load DDS texture: Squad/Parts/Utility/commsAntennaDTS-M1/mediumDishAntenna_Emit
[LOG 19:14:28.129] Load DDS texture: Squad/Parts/Utility/commsDish16/model000
[LOG 19:14:28.129] Load DDS texture: Squad/Parts/Utility/decouplerRadialHDM/model000
[LOG 19:14:28.129] Load DDS texture: Squad/Parts/Utility/decouplerRadialTT-38K/model000
[LOG 19:14:28.131] Load DDS texture: Squad/Parts/Utility/decouplerRadialTT-38K/model001
[LOG 19:14:28.131] Load DDS texture: Squad/Parts/Utility/decouplerRadialTT-70/model000
[LOG 19:14:28.131] Load DDS texture: Squad/Parts/Utility/DirectAntennas/MiniAntenna
[LOG 19:14:28.131] Load DDS texture: Squad/Parts/Utility/dockingPort/Arrow Pointer
[LOG 19:14:28.131] Load DDS texture: Squad/Parts/Utility/dockingPort/DockingPorts_Clampotron_Diffuse
[LOG 19:14:28.141] Load DDS texture: Squad/Parts/Utility/dockingPort/DockingPorts_Clampotron_Emissive
[LOG 19:14:28.142] Load DDS texture: Squad/Parts/Utility/dockingPort/DockingPorts_Clampotron_Normal
[LOG 19:14:28.153] Load DDS texture: Squad/Parts/Utility/dockingPortInline/Arrow Pointer
[LOG 19:14:28.157] Load DDS texture: Squad/Parts/Utility/dockingPortInline/ClampotronLinear_ClampotronLinear_Diffuse
[LOG 19:14:28.162] Load DDS texture: Squad/Parts/Utility/dockingPortInline/ClampotronLinear_ClampotronLinear_Emissive
[LOG 19:14:28.163] Load DDS texture: Squad/Parts/Utility/dockingPortInline/ClampotronLinear_ClampotronLinear_Normal
[LOG 19:14:28.174] Load DDS texture: Squad/Parts/Utility/dockingPortInline/DockingPorts_Clampotron_Diffuse
[LOG 19:14:28.187] Load DDS texture: Squad/Parts/Utility/dockingPortInline/DockingPorts_Clampotron_Emissive
[LOG 19:14:28.187] Load DDS texture: Squad/Parts/Utility/dockingPortInline/DockingPorts_Clampotron_Normal
[LOG 19:14:28.193] Load DDS texture: Squad/Parts/Utility/dockingPortJr/Arrow Pointer
[LOG 19:14:28.194] Load DDS texture: Squad/Parts/Utility/dockingPortJr/DockingPorts_ClampotronJR_Diffuse
[LOG 19:14:28.195] Load DDS texture: Squad/Parts/Utility/dockingPortJr/DockingPorts_ClampotronJR_Normal
[LOG 19:14:28.195] Load DDS texture: Squad/Parts/Utility/dockingPortJr/model000
[LOG 19:14:28.196] Load DDS texture: Squad/Parts/Utility/dockingPortShielded/Arrow Pointer
[LOG 19:14:28.196] Load DDS texture: Squad/Parts/Utility/dockingPortShielded/Clamp-O-Tron Shielded Docking Port_ClampotronShielded_Diffuse
[LOG 19:14:28.202] Load DDS texture: Squad/Parts/Utility/dockingPortShielded/Clamp-O-Tron Shielded Docking Port_ClampotronShielded_Normal
[LOG 19:14:28.213] Load DDS texture: Squad/Parts/Utility/dockingPortShielded/DockingPorts_Clampotron_Diffuse
[LOG 19:14:28.219] Load DDS texture: Squad/Parts/Utility/dockingPortShielded/DockingPorts_Clampotron_Emissive
[LOG 19:14:28.220] Load DDS texture: Squad/Parts/Utility/dockingPortShielded/DockingPorts_Clampotron_Normal
[LOG 19:14:28.227] Load DDS texture: Squad/Parts/Utility/dockingPortSr/Arrow Pointer
[LOG 19:14:28.227] Load DDS texture: Squad/Parts/Utility/dockingPortSr/ClampotronSr_ClampotronSr_Diffuse
[LOG 19:14:28.237] Load DDS texture: Squad/Parts/Utility/dockingPortSr/ClampotronSr_ClampotronSr_Diffuse_gray
[LOG 19:14:28.250] Load DDS texture: Squad/Parts/Utility/dockingPortSr/ClampotronSr_ClampotronSr_Emissive
[LOG 19:14:28.250] Load DDS texture: Squad/Parts/Utility/dockingPortSr/ClampotronSr_ClampotronSr_Normal
[LOG 19:14:28.255] Load Cached PNG Texture: Squad/Parts/Utility/Fireworks/Assets/fireworks_launcher_big 1
[LOG 19:14:28.260] Load Cached PNG Texture: Squad/Parts/Utility/Fireworks/Assets/fireworks_launcher_big
[LOG 19:14:28.265] Load Cached PNG Texture: Squad/Parts/Utility/flags/backgroundTextures/dark_background
[LOG 19:14:28.266] Load Cached PNG Texture: Squad/Parts/Utility/flags/backgroundTextures/orange_background
[LOG 19:14:28.266] Load Cached PNG Texture: Squad/Parts/Utility/flags/backgroundTextures/white_background
[LOG 19:14:28.266] Load DDS texture: Squad/Parts/Utility/GrapplingDevice/grabberDiffuse
[LOG 19:14:28.267] Load DDS texture: Squad/Parts/Utility/GrapplingDevice/grabberDiffuse_dark
[LOG 19:14:28.267] Load DDS texture: Squad/Parts/Utility/GrapplingDevice/grabberNRM
[LOG 19:14:28.269] Load DDS texture: Squad/Parts/Utility/GrapplingDevice/window
[LOG 19:14:28.269] Load DDS texture: Squad/Parts/Utility/ladderRadial/model000
[LOG 19:14:28.269] Load DDS texture: Squad/Parts/Utility/ladderTelescopic/model000
[LOG 19:14:28.269] Load DDS texture: Squad/Parts/Utility/ladderTelescopic/model001
[LOG 19:14:28.270] Load DDS texture: Squad/Parts/Utility/ladderTelescopic/model002
[LOG 19:14:28.270] Load DDS texture: Squad/Parts/Utility/ladderTelescopicBay/model000
[LOG 19:14:28.271] Load DDS texture: Squad/Parts/Utility/ladderTelescopicBay/model001
[LOG 19:14:28.273] Load DDS texture: Squad/Parts/Utility/landingLegLT-1/ksp_r_landingStrut_diff
[LOG 19:14:28.274] Load DDS texture: Squad/Parts/Utility/landingLegLT-2/landingLeg
[LOG 19:14:28.274] Load DDS texture: Squad/Parts/Utility/landingLegLT-5/leg
[LOG 19:14:28.274] Load DDS texture: Squad/Parts/Utility/landingLegLT-5/model000
[LOG 19:14:28.274] Load DDS texture: Squad/Parts/Utility/launchClamp1/model000
[LOG 19:14:28.274] Load DDS texture: Squad/Parts/Utility/launchClamp1/model001
[LOG 19:14:28.275] Load DDS texture: Squad/Parts/Utility/launchEscapeSystem/LES_Diffuse
[LOG 19:14:28.279] Load DDS texture: Squad/Parts/Utility/Lights/Assets/Lights_Attacheable_Lights_Diffuse
[LOG 19:14:28.280] Load DDS texture: Squad/Parts/Utility/Lights/Assets/Lights_Attacheable_Lights_Diffuse_white
[LOG 19:14:28.281] Load DDS texture: Squad/Parts/Utility/Lights/Assets/Lights_Attacheable_Lights_Emissive
[LOG 19:14:28.281] Load DDS texture: Squad/Parts/Utility/Lights/Assets/Lights_Attacheable_Lights_Normal
[LOG 19:14:28.281] Load DDS texture: Squad/Parts/Utility/Lights/Assets/Lights_Rectangle_Light_Diffuse
[LOG 19:14:28.287] Load DDS texture: Squad/Parts/Utility/Lights/Assets/Lights_Rectangle_Light_Diffuse_white
[LOG 19:14:28.296] Load DDS texture: Squad/Parts/Utility/Lights/Assets/Lights_Rectangle_Light_Emissive
[LOG 19:14:28.302] Load DDS texture: Squad/Parts/Utility/Lights/Assets/Lights_Rectangle_Light_Normal
[LOG 19:14:28.309] Load DDS texture: Squad/Parts/Utility/Lights/Assets/Lights_Worklights_Diffuse
[LOG 19:14:28.311] Load DDS texture: Squad/Parts/Utility/Lights/Assets/Lights_Worklights_Emissive
[LOG 19:14:28.312] Load DDS texture: Squad/Parts/Utility/Lights/Assets/Lights_Worklights_Normal
[LOG 19:14:28.313] Load DDS texture: Squad/Parts/Utility/Lights/Assets/Spotlight_Attacheable_Lights_Diffuse
[LOG 19:14:28.313] Load DDS texture: Squad/Parts/Utility/Lights/Assets/Spotlight_Attacheable_Lights_Diffuse_white
[LOG 19:14:28.314] Load DDS texture: Squad/Parts/Utility/Lights/Assets/Spotlight_Attacheable_Lights_Emissive
[LOG 19:14:28.314] Load DDS texture: Squad/Parts/Utility/Lights/Assets/Spotlight_Attacheable_Lights_Normal
[LOG 19:14:28.314] Load DDS texture: Squad/Parts/Utility/linearVernorRCS/Assets/linear_vernor_diffuse
[LOG 19:14:28.314] Load DDS texture: Squad/Parts/Utility/linearVernorRCS/Assets/linear_vernor_emissive
[LOG 19:14:28.314] Load DDS texture: Squad/Parts/Utility/linearVernorRCS/Assets/linear_vernor_normalDummy
[LOG 19:14:28.315] Load DDS texture: Squad/Parts/Utility/linearVernorRCS/Assets/linear_vernor_specular
[LOG 19:14:28.315] Load DDS texture: Squad/Parts/Utility/mk2CargoBay/mk2CargoBay
[LOG 19:14:28.315] Load DDS texture: Squad/Parts/Utility/mk2CrewCabin/mk2CrewCabin
[LOG 19:14:28.316] Load DDS texture: Squad/Parts/Utility/mk2CrewCabin/mk2CrewCabin_LUM
[LOG 19:14:28.316] Load DDS texture: Squad/Parts/Utility/mk2DockingPort/Arrow Pointer
[LOG 19:14:28.316] Load DDS texture: Squad/Parts/Utility/mk2DockingPort/Mk2Clampotron_Caps_Diffuse
[LOG 19:14:28.316] Load DDS texture: Squad/Parts/Utility/mk2DockingPort/Mk2Clampotron_Caps_Emmisive
[LOG 19:14:28.316] Load DDS texture: Squad/Parts/Utility/mk2DockingPort/Mk2Clampotron_Caps_Normal
[LOG 19:14:28.317] Load DDS texture: Squad/Parts/Utility/mk2DockingPort/Mk2Clampotron_Mk2Clampotron_Diffuse
[LOG 19:14:28.322] Load DDS texture: Squad/Parts/Utility/mk2DockingPort/Mk2Clampotron_Mk2Clampotron_Emissive
[LOG 19:14:28.323] Load DDS texture: Squad/Parts/Utility/mk2DockingPort/Mk2Clampotron_Mk2Clampotron_Normal
[LOG 19:14:28.330] Load DDS texture: Squad/Parts/Utility/mk2DockingPort/mk2DockingPort
[LOG 19:14:28.331] Load DDS texture: Squad/Parts/Utility/mk3CargoBay/Mk3CargoBay
[LOG 19:14:28.332] Load DDS texture: Squad/Parts/Utility/parachuteMk1/model000
[LOG 19:14:28.333] Load DDS texture: Squad/Parts/Utility/parachuteMk1/model001
[LOG 19:14:28.333] Load DDS texture: Squad/Parts/Utility/parachuteMk12-R/model000
[LOG 19:14:28.333] Load DDS texture: Squad/Parts/Utility/parachuteMk12-R/model001
[LOG 19:14:28.333] Load DDS texture: Squad/Parts/Utility/parachuteMk16-XL/model000
[LOG 19:14:28.334] Load DDS texture: Squad/Parts/Utility/parachuteMk16-XL/model001
[LOG 19:14:28.334] Load DDS texture: Squad/Parts/Utility/parachuteMk2-R/model000
[LOG 19:14:28.334] Load DDS texture: Squad/Parts/Utility/parachuteMk2-R/model001
[LOG 19:14:28.334] Load DDS texture: Squad/Parts/Utility/parachuteMk25/model000
[LOG 19:14:28.334] Load DDS texture: Squad/Parts/Utility/parachuteMk25/model001
[LOG 19:14:28.334] Load DDS texture: Squad/Parts/Utility/radialAttachmentPoint/model000
[LOG 19:14:28.334] Load DDS texture: Squad/Parts/Utility/radialAttachmentPoint/model001
[LOG 19:14:28.335] Load DDS texture: Squad/Parts/Utility/rcsBlockRV-105_v2/rcsBlock_diffuse
[LOG 19:14:28.335] Load DDS texture: Squad/Parts/Utility/rcsBlockRV-105_v2/rcsThrusterBlock_normal
[LOG 19:14:28.335] Load DDS texture: Squad/Parts/Utility/rcsBlockRV-105_v2/rcsThruster_emissive
[LOG 19:14:28.335] Load DDS texture: Squad/Parts/Utility/rcsBlockRV-105_v2/rcsThruster_specular
[LOG 19:14:28.335] Load DDS texture: Squad/Parts/Utility/rcsBlockRV-105_v2/RCS_Block_Diffuse
[LOG 19:14:28.335] Load DDS texture: Squad/Parts/Utility/rcsBlockRV-105_v2/RCS_Block_Emissive
[LOG 19:14:28.336] Load DDS texture: Squad/Parts/Utility/rcsBlockRV-105_v2/RCS_Block_Normal
[LOG 19:14:28.336] Load DDS texture: Squad/Parts/Utility/rcsBlockRV-105_v2/RCS_Block_Specular
[LOG 19:14:28.336] Load DDS texture: Squad/Parts/Utility/rcsSmallLinear/Assets/RCS_Linear_Base_Diffuse
[LOG 19:14:28.336] Load DDS texture: Squad/Parts/Utility/rcsSmallLinear/Assets/RCS_Linear_Diffuse
[LOG 19:14:28.336] Load DDS texture: Squad/Parts/Utility/rcsSmallLinear/Assets/RCS_Linear_Emissive
[LOG 19:14:28.336] Load DDS texture: Squad/Parts/Utility/rcsSmallLinear/Assets/RCS_Linear_Normal
[LOG 19:14:28.337] Load DDS texture: Squad/Parts/Utility/rcsSmallLinear/Assets/RCS_Linear_Specular
[LOG 19:14:28.337] Load DDS texture: Squad/Parts/Utility/RelayAntennas/DishAntenna
[LOG 19:14:28.337] Load DDS texture: Squad/Parts/Utility/RelayAntennas/MiniAntenna
[LOG 19:14:28.337] Load DDS texture: Squad/Parts/Utility/rockomaxAdapters/Assets/Rockomax_Adapters_diffuse
[LOG 19:14:28.338] Load DDS texture: Squad/Parts/Utility/rockomaxAdapters/Assets/Rockomax_Adapters_diffuse_O
[LOG 19:14:28.339] Load DDS texture: Squad/Parts/Utility/rockomaxAdapters/Assets/Rockomax_Adapters_diffuse_W
[LOG 19:14:28.341] Load DDS texture: Squad/Parts/Utility/rockomaxAdapters/Assets/Rockomax_Adapters_normal
[LOG 19:14:28.343] Load DDS texture: Squad/Parts/Utility/rockomaxAdapters/Assets/Rockomax_Adapters_normal_O
[LOG 19:14:28.346] Load DDS texture: Squad/Parts/Utility/ServiceBay/ServiceBay
[LOG 19:14:28.347] Load Cached PNG Texture: Squad/Parts/Utility/ServiceBay_v2/Assets/Scratch
[LOG 19:14:28.349] Load Cached PNG Texture: Squad/Parts/Utility/ServiceBay_v2/Assets/ServiceBay_bump
[LOG 19:14:28.350] Load Cached PNG Texture: Squad/Parts/Utility/ServiceBay_v2/Assets/ServiceBay_v2
[LOG 19:14:28.350] Load DDS texture: Squad/Parts/Utility/smallClaw/grabberSmallDiffuse
[LOG 19:14:28.350] Load DDS texture: Squad/Parts/Utility/smallClaw/grabberSmallDiffuseDark
[LOG 19:14:28.351] Load DDS texture: Squad/Parts/Utility/smallClaw/grabberSmallNRM
[LOG 19:14:28.351] Load DDS texture: Squad/Parts/Utility/smallClaw/window
[LOG 19:14:28.351] Load DDS texture: Squad/Parts/Utility/spotLightMk1/light1
[LOG 19:14:28.351] Load DDS texture: Squad/Parts/Utility/spotLightMk1/light1_em
[LOG 19:14:28.351] Load DDS texture: Squad/Parts/Utility/spotLightMk1_v2/spotLightMk1_Diffuse
[LOG 19:14:28.351] Load DDS texture: Squad/Parts/Utility/spotLightMk1_v2/spotLightMk1_Diffuse_white
[LOG 19:14:28.352] Load DDS texture: Squad/Parts/Utility/spotLightMk1_v2/spotLightMk1_Emissive
[LOG 19:14:28.352] Load DDS texture: Squad/Parts/Utility/spotLightMk1_v2/spotLightMk1_Normal
[LOG 19:14:28.352] Load DDS texture: Squad/Parts/Utility/spotLightMk2/light2
[LOG 19:14:28.352] Load DDS texture: Squad/Parts/Utility/spotLightMk2/light2_em
[LOG 19:14:28.352] Load DDS texture: Squad/Parts/Utility/spotLightMk2_v2/spotLightMk2_Diffuse
[LOG 19:14:28.352] Load DDS texture: Squad/Parts/Utility/spotLightMk2_v2/spotLightMk2_Diffuse_white
[LOG 19:14:28.353] Load DDS texture: Squad/Parts/Utility/spotLightMk2_v2/spotLightMk2_Emissive
[LOG 19:14:28.353] Load DDS texture: Squad/Parts/Utility/spotLightMk2_v2/spotLightMk2_Normal
[LOG 19:14:28.353] Load DDS texture: Squad/Parts/Utility/stackCouplers/Assets/stackCouplersDiffuse
[LOG 19:14:28.354] Load DDS texture: Squad/Parts/Utility/stackCouplers/Assets/stackCouplersDiffuse_Dark
[LOG 19:14:28.355] Load DDS texture: Squad/Parts/Utility/stackCouplers/Assets/stackCouplersDiffuse_Orange
[LOG 19:14:28.356] Load DDS texture: Squad/Parts/Utility/stackCouplers/Assets/stackCouplers_NRM
[LOG 19:14:28.359] Load DDS texture: Squad/Parts/Utility/stackCouplers/Assets/stackCouplers_Orange_NRM
[LOG 19:14:28.360] Load DDS texture: Squad/Parts/Wheel/LandingGear/Flare
[LOG 19:14:28.360] Load DDS texture: Squad/Parts/Wheel/LandingGear/LandingGear
[LOG 19:14:28.361] Load DDS texture: Squad/Parts/Wheel/LandingGear/LandingGear_Emissive
[LOG 19:14:28.361] Load DDS texture: Squad/Parts/Wheel/roverWheelM1/model000
[LOG 19:14:28.362] Load DDS texture: Squad/Parts/Wheel/roverWheelM1/roverwheel1
[LOG 19:14:28.362] Load DDS texture: Squad/Parts/Wheel/roverWheelS2/model000
[LOG 19:14:28.362] Load DDS texture: Squad/Parts/Wheel/roverWheelS2/model001
[LOG 19:14:28.362] Load DDS texture: Squad/Parts/Wheel/roverWheelS2/roverwheel2
[LOG 19:14:28.363] Load DDS texture: Squad/Parts/Wheel/roverWheelS2/roverwheel2_n
[LOG 19:14:28.363] Load DDS texture: Squad/Parts/Wheel/roverWheelTR-2L/ksp_r_medWheel_diff
[LOG 19:14:28.364] Load DDS texture: Squad/Parts/Wheel/roverWheelTR-2L/ksp_r_medWheel_normal
[LOG 19:14:28.366] Load DDS texture: Squad/Parts/Wheel/roverWheelTR-2L/ksp_r_medWheel_wheel_diff
[LOG 19:14:28.367] Load DDS texture: Squad/Parts/Wheel/roverWheelTR-2L/ksp_r_medWheel_wheel_normal
[LOG 19:14:28.369] Load DDS texture: Squad/Parts/Wheel/roverWheelXL3/mount
[LOG 19:14:28.370] Load DDS texture: Squad/Parts/Wheel/roverWheelXL3/mount_n
[LOG 19:14:28.370] Load DDS texture: Squad/Parts/Wheel/roverWheelXL3/wheel
[LOG 19:14:28.370] Load DDS texture: Squad/Parts/Wheel/roverWheelXL3/wheel_n
[LOG 19:14:28.370] Load DDS texture: Squad/Props/AltimeterThreeHands/model000
[LOG 19:14:28.371] Load DDS texture: Squad/Props/AltimeterThreeHands/model001
[LOG 19:14:28.374] Load DDS texture: Squad/Props/AtmosphereDepth/model000
[LOG 19:14:28.374] Load DDS texture: Squad/Props/AtmosphereDepth/model001
[LOG 19:14:28.374] Load DDS texture: Squad/Props/AxisIndicator/model000
[LOG 19:14:28.374] Load DDS texture: Squad/Props/buttonsGeneric/ButtonsAndSwitches
[LOG 19:14:28.374] Load DDS texture: Squad/Props/ButtonSquare/model000
[LOG 19:14:28.374] Load DDS texture: Squad/Props/circularButton/model000
[LOG 19:14:28.374] Load DDS texture: Squad/Props/Compass/model000
[LOG 19:14:28.375] Load DDS texture: Squad/Props/directionalKnob/model000
[LOG 19:14:28.375] Load DDS texture: Squad/Props/directionalKnob2/model000
[LOG 19:14:28.375] Load DDS texture: Squad/Props/IndicatorPanel/model000
[LOG 19:14:28.375] Load DDS texture: Squad/Props/IndicatorPanel/model001
[LOG 19:14:28.376] Load DDS texture: Squad/Props/IVANavBall/Arrows8dir
[LOG 19:14:28.376] Load DDS texture: Squad/Props/IVANavBall/IVANavBall
[LOG 19:14:28.376] Load DDS texture: Squad/Props/IVANavBall/IVANavBall_Glow
[LOG 19:14:28.376] Load DDS texture: Squad/Props/IVANavBall/ManeuverNode_vectors
[LOG 19:14:28.376] Load DDS texture: Squad/Props/IVANavBall/navball2
[LOG 19:14:28.376] Load DDS texture: Squad/Props/IVANavBall/navBall_DV_IVA
[LOG 19:14:28.376] Load DDS texture: Squad/Props/IVANavBall/navBall_vectors_IVA
[LOG 19:14:28.376] Load Cached PNG Texture: Squad/Props/IVANavBallNoBase/Arrows8dir
[LOG 19:14:28.376] Load Cached PNG Texture: Squad/Props/IVANavBallNoBase/IVANavBall
[LOG 19:14:28.376] Load Cached PNG Texture: Squad/Props/IVANavBallNoBase/ManeuverNode_vectors
[LOG 19:14:28.376] Load Cached PNG Texture: Squad/Props/IVANavBallNoBase/navball2
[LOG 19:14:28.376] Load Cached PNG Texture: Squad/Props/IVANavBallNoBase/navBall_DV_IVA
[LOG 19:14:28.376] Load Cached PNG Texture: Squad/Props/IVANavBallNoBase/navBall_vectors_IVA
[LOG 19:14:28.377] Load DDS texture: Squad/Props/ledPanelSpeed/circularButton
[LOG 19:14:28.377] Load DDS texture: Squad/Props/ledPanelSpeed/ledPanel
[LOG 19:14:28.377] Load DDS texture: Squad/Props/Monitor/Emissives
[LOG 19:14:28.377] Load DDS texture: Squad/Props/Monitor/Emissives_glow
[LOG 19:14:28.377] Load DDS texture: Squad/Props/Monitor/Monitor
[LOG 19:14:28.377] Load DDS texture: Squad/Props/NavBall/GaugeGee
[LOG 19:14:28.377] Load DDS texture: Squad/Props/NavBall/GaugeThrottle
[LOG 19:14:28.377] Load DDS texture: Squad/Props/NavBall/model000
[LOG 19:14:28.377] Load DDS texture: Squad/Props/NavBall/model001
[LOG 19:14:28.377] Load DDS texture: Squad/Props/NavBall/model002
[LOG 19:14:28.377] Load DDS texture: Squad/Props/NavBall/model003
[LOG 19:14:28.377] Load DDS texture: Squad/Props/PropsGeneric/propsGeneric
[LOG 19:14:28.378] Load DDS texture: Squad/Props/pullSwitch/model000
[LOG 19:14:28.378] Load DDS texture: Squad/Props/pullSwitch/model001
[LOG 19:14:28.378] Load DDS texture: Squad/Props/radarAltitude/model000
[LOG 19:14:28.378] Load DDS texture: Squad/Props/squareButton/model000
[LOG 19:14:28.378] Load DDS texture: Squad/Props/standingSwitch/model000
[LOG 19:14:28.378] Load DDS texture: Squad/Props/standingSwitch/model001
[LOG 19:14:28.378] Load DDS texture: Squad/Props/switch/model000
[LOG 19:14:28.378] Load DDS texture: Squad/Props/switchGuard/model000
[LOG 19:14:28.380] Load DDS texture: Squad/Props/switchWithGuards/model000
[LOG 19:14:28.380] Load DDS texture: Squad/Props/switchWithGuards/model001
[LOG 19:14:28.380] Load DDS texture: Squad/Props/switchWithGuards/model002
[LOG 19:14:28.380] Load DDS texture: Squad/Props/throttle/model000
[LOG 19:14:28.380] Load DDS texture: Squad/Props/throttle/model001
[LOG 19:14:28.381] Load DDS texture: Squad/Props/VSI/model000
[LOG 19:14:28.381] Load DDS texture: Squad/Spaces/crewCabinInternals/model000
[LOG 19:14:28.381] Load DDS texture: Squad/Spaces/crewCabinInternals/model001
[LOG 19:14:28.386] Load DDS texture: Squad/Spaces/crewCabinInternals/model002
[LOG 19:14:28.389] Load DDS texture: Squad/Spaces/crewCabinInternals/model003
[LOG 19:14:28.389] Load DDS texture: Squad/Spaces/crewCabinInternals/model004
[LOG 19:14:28.389] Load DDS texture: Squad/Spaces/crewCabinInternals/model005
[LOG 19:14:28.390] Load DDS texture: Squad/Spaces/cupolaInternal/ksp_l_cupola_internal_diff
[LOG 19:14:28.394] Load DDS texture: Squad/Spaces/cupolaInternal/ksp_l_cupola_internal_normal
[LOG 19:14:28.401] Load DDS texture: Squad/Spaces/cupolaInternal/ksp_l_cupola_internal_windows_alpha
[LOG 19:14:28.402] Load DDS texture: Squad/Spaces/cupolaInternal/pilot Seat
[LOG 19:14:28.403] Load DDS texture: Squad/Spaces/GenericSpace1/model000
[LOG 19:14:28.404] Load DDS texture: Squad/Spaces/GenericSpace1/model001
[LOG 19:14:28.406] Load DDS texture: Squad/Spaces/GenericSpace1/model002
[LOG 19:14:28.407] Load DDS texture: Squad/Spaces/GenericSpace1/model003
[LOG 19:14:28.409] Load DDS texture: Squad/Spaces/GenericSpace1/model004
[LOG 19:14:28.412] Load DDS texture: Squad/Spaces/GenericSpace1/model005
[LOG 19:14:28.415] Load DDS texture: Squad/Spaces/GenericSpace3/model000
[LOG 19:14:28.417] Load DDS texture: Squad/Spaces/GenericSpace3/model001
[LOG 19:14:28.419] Load DDS texture: Squad/Spaces/GenericSpace3/model002
[LOG 19:14:28.422] Load DDS texture: Squad/Spaces/GenericSpace3/model003
[LOG 19:14:28.423] Load DDS texture: Squad/Spaces/GenericSpace3/model004
[LOG 19:14:28.423] Load DDS texture: Squad/Spaces/GenericSpace3/model005
[LOG 19:14:28.425] Load DDS texture: Squad/Spaces/GenericSpace3/model006
[LOG 19:14:28.425] Load DDS texture: Squad/Spaces/GenericSpace3/model007
[LOG 19:14:28.428] Load DDS texture: Squad/Spaces/landerCabinInternals/model000
[LOG 19:14:28.430] Load DDS texture: Squad/Spaces/landerCabinInternals/model001
[LOG 19:14:28.431] Load DDS texture: Squad/Spaces/landerCabinInternals/model002
[LOG 19:14:28.434] Load DDS texture: Squad/Spaces/landerCabinInternals/model003
[LOG 19:14:28.440] Load DDS texture: Squad/Spaces/landerCabinInternals/model004
[LOG 19:14:28.442] Load DDS texture: Squad/Spaces/landerCabinInternals/model005
[LOG 19:14:28.442] Load DDS texture: Squad/Spaces/landerCabinInternals/model006
[LOG 19:14:28.443] Load DDS texture: Squad/Spaces/landerCabinInternals/model007
[LOG 19:14:28.443] Load DDS texture: Squad/Spaces/landerCabinSmallInternal/ksp_s_landerCan_internal_diff
[LOG 19:14:28.451] Load DDS texture: Squad/Spaces/landerCabinSmallInternal/ksp_s_landerCan_internal_normal
[LOG 19:14:28.459] Load DDS texture: Squad/Spaces/landerCabinSmallInternal/ksp_s_landerCan_internal_window_alpha
[LOG 19:14:28.462] Load DDS texture: Squad/Spaces/landerCabinSmallInternal/pilot Seat
[LOG 19:14:28.463] Load DDS texture: Squad/Spaces/LargeCrewedLabInternals/Glass
[LOG 19:14:28.464] Load DDS texture: Squad/Spaces/LargeCrewedLabInternals/MPL_Int
[LOG 19:14:28.468] Load DDS texture: Squad/Spaces/LargeCrewedLabInternals/MPL_Int_n_NRM
[LOG 19:14:28.469] Load DDS texture: Squad/Spaces/Mk1-3/Mk1_3_IvaProps_Diffuse
[LOG 19:14:28.474] Load DDS texture: Squad/Spaces/Mk1-3/Mk1_3_IvaProps_Normal
[LOG 19:14:28.478] Load DDS texture: Squad/Spaces/Mk1-3/Mk1_3_IvaShell_Diffuse
[LOG 19:14:28.486] Load DDS texture: Squad/Spaces/Mk1-3/Mk1_3_IvaShell_Emissive
[LOG 19:14:28.491] Load DDS texture: Squad/Spaces/Mk1-3/Mk1_3_IvaShell_Normal
[LOG 19:14:28.497] Load DDS texture: Squad/Spaces/Mk1-3/pilot Seat
[LOG 19:14:28.498] Load DDS texture: Squad/Spaces/mk1CabinInternal/Cabin_Lightmap
[LOG 19:14:28.499] Load DDS texture: Squad/Spaces/mk1CabinInternal/CockpitGeneric
[LOG 19:14:28.499] Load DDS texture: Squad/Spaces/mk1CabinInternal/CockpitGeneric_NRM
[LOG 19:14:28.499] Load DDS texture: Squad/Spaces/mk1CockpitInternal/CockpitGeneric
[LOG 19:14:28.500] Load DDS texture: Squad/Spaces/mk1CockpitInternal/CockpitGeneric_NRM
[LOG 19:14:28.503] Load DDS texture: Squad/Spaces/mk1CockpitInternal/IVAMAP
[LOG 19:14:28.503] Load DDS texture: Squad/Spaces/mk1CockpitInternal/Windows
[LOG 19:14:28.503] Load DDS texture: Squad/Spaces/mk1InlineInternal/Canopy
[LOG 19:14:28.504] Load DDS texture: Squad/Spaces/mk1InlineInternal/CockpitGeneric
[LOG 19:14:28.504] Load DDS texture: Squad/Spaces/mk1InlineInternal/CockpitGeneric_NRM
[LOG 19:14:28.504] Load DDS texture: Squad/Spaces/mk1InlineInternal/Mk1Inline_Lightmap
[LOG 19:14:28.505] Load DDS texture: Squad/Spaces/mk1PodCockpit/model000
[LOG 19:14:28.505] Load DDS texture: Squad/Spaces/mk1PodCockpit/model001
[LOG 19:14:28.506] Load DDS texture: Squad/Spaces/mk1PodCockpit/model002
[LOG 19:14:28.508] Load DDS texture: Squad/Spaces/mk1PodCockpit/model003
[LOG 19:14:28.509] Load DDS texture: Squad/Spaces/mk1PodCockpit/model004
[LOG 19:14:28.513] Load DDS texture: Squad/Spaces/mk1PodCockpit/model005
[LOG 19:14:28.514] Load DDS texture: Squad/Spaces/mk1PodCockpit/model006
[LOG 19:14:28.515] Load DDS texture: Squad/Spaces/mk1PodCockpit/model007
[LOG 19:14:28.516] Load DDS texture: Squad/Spaces/mk1pod_IVA/mk1pod_iva_props_diffuse
[LOG 19:14:28.525] Load DDS texture: Squad/Spaces/mk1pod_IVA/mk1pod_iva_props_emissive
[LOG 19:14:28.526] Load DDS texture: Squad/Spaces/mk1pod_IVA/mk1pod_iva_props_normal
[LOG 19:14:28.534] Load DDS texture: Squad/Spaces/mk1pod_IVA/mk1pod_iva_shell_diffuse
[LOG 19:14:28.541] Load DDS texture: Squad/Spaces/mk1pod_IVA/mk1pod_iva_shell_normal
[LOG 19:14:28.548] Load MBM texture: Squad/Spaces/mk1pod_IVA/pilot Seat
[LOG 19:14:28.600] Load DDS texture: Squad/Spaces/mk2CockpitStandardInternal/CargoBagA
[LOG 19:14:28.601] Load DDS texture: Squad/Spaces/mk2CockpitStandardInternal/Mk2StandardIVA
[LOG 19:14:28.601] Load DDS texture: Squad/Spaces/mk2CockpitStandardInternal/Pilotseat
[LOG 19:14:28.601] Load DDS texture: Squad/Spaces/mk2CockpitStandardInternal/Windows
[LOG 19:14:28.602] Load DDS texture: Squad/Spaces/Mk2CrewCabinInternal/CargoBagA
[LOG 19:14:28.602] Load DDS texture: Squad/Spaces/Mk2CrewCabinInternal/Glass
[LOG 19:14:28.602] Load DDS texture: Squad/Spaces/Mk2CrewCabinInternal/Mk2StandardIVA
[LOG 19:14:28.602] Load DDS texture: Squad/Spaces/Mk2CrewCabinInternal/Pilotseat
[LOG 19:14:28.603] Load DDS texture: Squad/Spaces/mk2InlineInternal/CockpitGeneric
[LOG 19:14:28.603] Load DDS texture: Squad/Spaces/mk2InlineInternal/CockpitGeneric_NRM
[LOG 19:14:28.604] Load DDS texture: Squad/Spaces/mk2InlineInternal/Mk2InlineLightmap
[LOG 19:14:28.605] Load DDS texture: Squad/Spaces/mk2InlineInternal/propsGeneric
[LOG 19:14:28.606] Load DDS texture: Squad/Spaces/mk2LanderCanInternal/mk2LanderCan_props_diffuse
[LOG 19:14:28.612] Load DDS texture: Squad/Spaces/mk2LanderCanInternal/mk2LanderCan_props_normal
[LOG 19:14:28.619] Load DDS texture: Squad/Spaces/mk2LanderCanInternal/mk2LanderCan_shell_diffuse
[LOG 19:14:28.635] Load DDS texture: Squad/Spaces/mk2LanderCanInternal/mk2LanderCan_shell_normal
[LOG 19:14:28.643] Load MBM texture: Squad/Spaces/mk2LanderCanInternal/pilot Seat
[LOG 19:14:28.689] Load DDS texture: Squad/Spaces/MK3CockpitInternal/Glass
[LOG 19:14:28.689] Load DDS texture: Squad/Spaces/MK3CockpitInternal/Mk2StandardIVA
[LOG 19:14:28.690] Load DDS texture: Squad/Spaces/MK3_CrewCab_Int/Glass
[LOG 19:14:28.690] Load DDS texture: Squad/Spaces/MK3_CrewCab_Int/GlassMK3CC
[LOG 19:14:28.691] Load DDS texture: Squad/Spaces/MK3_CrewCab_Int/Mk2StandardIVA
[LOG 19:14:28.691] Load DDS texture: Squad/Spaces/MK3_CrewCab_Int/MK3_CrewCab_Int
[LOG 19:14:28.692] Load DDS texture: Squad/Spaces/MK3_CrewCab_Int/MK3_CrewCab_Int_n
[LOG 19:14:28.692] Load DDS texture: Squad/Spaces/MK3_CrewCab_Int/Pilotseat
[LOG 19:14:28.692] Load DDS texture: Squad/Spaces/Placeholder/PlaceholderIVA
[LOG 19:14:28.692] Load DDS texture: Squad/Spaces/PodCockpit/model000
[LOG 19:14:28.693] Load DDS texture: Squad/Spaces/PodCockpit/model001
[LOG 19:14:28.693] Load DDS texture: Squad/Spaces/PodCockpit/model002
[LOG 19:14:28.695] Load DDS texture: Squad/Spaces/PodCockpit/model003
[LOG 19:14:28.696] Load DDS texture: Squad/Spaces/PodCockpit/model004
[LOG 19:14:28.697] Load DDS texture: Squad/Spaces/PodCockpit/model005
[LOG 19:14:28.699] Load DDS texture: Squad/Spaces/PodCockpit/model006
[LOG 19:14:28.701] Load DDS texture: Squad/Spaces/PodCockpit/model007
[LOG 19:14:28.702] Load DDS texture: Squad/Spaces/sharedAssets/CockpitGeneric
[LOG 19:14:28.703] Load DDS texture: Squad/Spaces/sharedAssets/CockpitGeneric_NRM
[LOG 19:14:28.704] Load Cached PNG Texture: Squad/Strategies/Icons/AggressiveNegotiations
[LOG 19:14:28.705] Load Cached PNG Texture: Squad/Strategies/Icons/AppreciationCampaign
[LOG 19:14:28.705] Load Cached PNG Texture: Squad/Strategies/Icons/BailOutGrant
[LOG 19:14:28.705] Load Cached PNG Texture: Squad/Strategies/Icons/FundraisingCampaign
[LOG 19:14:28.705] Load Cached PNG Texture: Squad/Strategies/Icons/LeadershipInitiative
[LOG 19:14:28.705] Load Cached PNG Texture: Squad/Strategies/Icons/OpenSourceTechProgram
[LOG 19:14:28.705] Load Cached PNG Texture: Squad/Strategies/Icons/OutsourcedResearch
[LOG 19:14:28.705] Load Cached PNG Texture: Squad/Strategies/Icons/PatentsLicensing
[LOG 19:14:28.705] Load Cached PNG Texture: Squad/Strategies/Icons/RecoveryTransponderFitting
[LOG 19:14:28.705] Load Cached PNG Texture: Squad/Strategies/Icons/ResearchRightsSellOut
[LOG 19:14:28.705] Load Cached PNG Texture: Squad/Strategies/Icons/UnpaidResearchProgram
[LOG 19:14:28.705] Load Cached PNG Texture: Squad/Tutorials/ChuteColors
[LOG 19:14:28.705] Load DDS texture: Squad/Tutorials/EditorCoM
[LOG 19:14:28.705] Load Cached PNG Texture: Squad/Tutorials/EditorSnap
[LOG 19:14:28.706] Load Cached PNG Texture: Squad/Tutorials/EditorSnap4x
[LOG 19:14:28.706] Load Cached PNG Texture: Squad/Tutorials/EditorSymm
[LOG 19:14:28.706] Load Cached PNG Texture: Squad/Tutorials/StagingStack
[LOG 19:14:28.706] Load PNG texture: Squad/Tutorials/YPRDiagram
[WRN 19:14:28.707] Texture isn't eligible for DXT compression, width and height must be multiples of 4
[LOG 19:14:28.707] Load Cached PNG Texture: SquadExpansion/MakingHistory/Banners/Fail/default
[LOG 19:14:28.707] Load Cached PNG Texture: SquadExpansion/MakingHistory/Banners/Fail/fail01
[LOG 19:14:28.707] Load Cached PNG Texture: SquadExpansion/MakingHistory/Banners/Fail/fail02
[LOG 19:14:28.707] Load PNG texture: SquadExpansion/MakingHistory/Banners/Menu/default
[WRN 19:14:28.710] Texture isn't eligible for DXT compression, width and height must be multiples of 4
[LOG 19:14:28.710] Load PNG texture: SquadExpansion/MakingHistory/Banners/Menu/MBanner_01
[WRN 19:14:28.715] Texture isn't eligible for DXT compression, width and height must be multiples of 4
[LOG 19:14:28.715] Load PNG texture: SquadExpansion/MakingHistory/Banners/Menu/MBanner_02
[WRN 19:14:28.719] Texture isn't eligible for DXT compression, width and height must be multiples of 4
[LOG 19:14:28.720] Load PNG texture: SquadExpansion/MakingHistory/Banners/Menu/MBanner_03
[WRN 19:14:28.723] Texture isn't eligible for DXT compression, width and height must be multiples of 4
[LOG 19:14:28.724] Load Cached PNG Texture: SquadExpansion/MakingHistory/Banners/Success/default
[LOG 19:14:28.724] Load Cached PNG Texture: SquadExpansion/MakingHistory/Banners/Success/success01
[LOG 19:14:28.724] Load Cached PNG Texture: SquadExpansion/MakingHistory/Banners/Success/success02
[LOG 19:14:28.724] Load Cached PNG Texture: SquadExpansion/MakingHistory/Missions/Acapello 13/Banners/Fail/fail01
[LOG 19:14:28.725] Load PNG texture: SquadExpansion/MakingHistory/Missions/Acapello 13/Banners/Menu/Mun
[WRN 19:14:28.728] Texture isn't eligible for DXT compression, width and height must be multiples of 4
[LOG 19:14:28.728] Load Cached PNG Texture: SquadExpansion/MakingHistory/Missions/Acapello 13/Banners/Success/success01
[LOG 19:14:28.728] Load Cached PNG Texture: SquadExpansion/MakingHistory/Missions/Acapello 15/Banners/Fail/default
[LOG 19:14:28.728] Load Cached PNG Texture: SquadExpansion/MakingHistory/Missions/Acapello 15/Banners/Fail/fail02
[LOG 19:14:28.728] Load PNG texture: SquadExpansion/MakingHistory/Missions/Acapello 15/Banners/Menu/default
[WRN 19:14:28.731] Texture isn't eligible for DXT compression, width and height must be multiples of 4
[LOG 19:14:28.731] Load Cached PNG Texture: SquadExpansion/MakingHistory/Missions/Acapello 15/Banners/Success/default
[LOG 19:14:28.731] Load Cached PNG Texture: SquadExpansion/MakingHistory/Missions/Blue Mun/Banners/Fail/fail01
[LOG 19:14:28.731] Load PNG texture: SquadExpansion/MakingHistory/Missions/Blue Mun/Banners/Menu/default
[WRN 19:14:28.734] Texture isn't eligible for DXT compression, width and height must be multiples of 4
[LOG 19:14:28.734] Load Cached PNG Texture: SquadExpansion/MakingHistory/Missions/Blue Mun/Banners/Success/success02
[LOG 19:14:28.734] Load Cached PNG Texture: SquadExpansion/MakingHistory/Missions/Dawn of the Space Age/Banners/Fail/default
[LOG 19:14:28.734] Load PNG texture: SquadExpansion/MakingHistory/Missions/Dawn of the Space Age/Banners/Menu/default
[WRN 19:14:28.738] Texture isn't eligible for DXT compression, width and height must be multiples of 4
[LOG 19:14:28.738] Load Cached PNG Texture: SquadExpansion/MakingHistory/Missions/Dawn of the Space Age/Banners/Success/default
[LOG 19:14:28.748] Load Cached PNG Texture: SquadExpansion/MakingHistory/Missions/Meet Me in Zero G/Banners/Fail/default
[LOG 19:14:28.748] Load Cached PNG Texture: SquadExpansion/MakingHistory/Missions/Meet Me in Zero G/Banners/Fail/fail01
[LOG 19:14:28.748] Load PNG texture: SquadExpansion/MakingHistory/Missions/Meet Me in Zero G/Banners/Menu/default
[WRN 19:14:28.750] Texture isn't eligible for DXT compression, width and height must be multiples of 4
[LOG 19:14:28.753] Load Cached PNG Texture: SquadExpansion/MakingHistory/Missions/Meet Me in Zero G/Banners/Success/default
[LOG 19:14:28.753] Load Cached PNG Texture: SquadExpansion/MakingHistory/Missions/Meet Me in Zero G/Banners/Success/success02
[LOG 19:14:28.753] Load Cached PNG Texture: SquadExpansion/MakingHistory/Missions/Munar 1/Banners/Fail/default
[LOG 19:14:28.753] Load Cached PNG Texture: SquadExpansion/MakingHistory/Missions/Munar 1/Banners/Fail/fail02
[LOG 19:14:28.753] Load PNG texture: SquadExpansion/MakingHistory/Missions/Munar 1/Banners/Menu/default
[WRN 19:14:28.756] Texture isn't eligible for DXT compression, width and height must be multiples of 4
[LOG 19:14:28.756] Load Cached PNG Texture: SquadExpansion/MakingHistory/Missions/Munar 1/Banners/Success/default
[LOG 19:14:28.756] Load Cached PNG Texture: SquadExpansion/MakingHistory/Missions/Munar 1/Banners/Success/success01
[LOG 19:14:28.756] Load Cached PNG Texture: SquadExpansion/MakingHistory/Missions/Sally-Hut 1/Banners/Fail/default
[LOG 19:14:28.756] Load Cached PNG Texture: SquadExpansion/MakingHistory/Missions/Sally-Hut 1/Banners/Fail/fail01
[LOG 19:14:28.756] Load Cached PNG Texture: SquadExpansion/MakingHistory/Missions/Sally-Hut 1/Banners/Menu/bannerSatellite
[LOG 19:14:28.756] Load Cached PNG Texture: SquadExpansion/MakingHistory/Missions/Sally-Hut 1/Banners/Success/default
[LOG 19:14:28.756] Load Cached PNG Texture: SquadExpansion/MakingHistory/Missions/Sally-Hut 1/Banners/Success/success02
[LOG 19:14:28.756] Load Cached PNG Texture: SquadExpansion/MakingHistory/Missions/To the Mun Via Minmus/Banners/Fail/fail02
[LOG 19:14:28.756] Load PNG texture: SquadExpansion/MakingHistory/Missions/To the Mun Via Minmus/Banners/Menu/MissionBannerKerbin
[WRN 19:14:28.759] Texture isn't eligible for DXT compression, width and height must be multiples of 4
[LOG 19:14:28.762] Load Cached PNG Texture: SquadExpansion/MakingHistory/Missions/To the Mun Via Minmus/Banners/Success/success01
[LOG 19:14:28.762] Load Cached PNG Texture: SquadExpansion/MakingHistory/Missions/Trouble in the Void/Banners/Fail/fail01
[LOG 19:14:28.762] Load PNG texture: SquadExpansion/MakingHistory/Missions/Trouble in the Void/Banners/Menu/default
[WRN 19:14:28.765] Texture isn't eligible for DXT compression, width and height must be multiples of 4
[LOG 19:14:28.765] Load Cached PNG Texture: SquadExpansion/MakingHistory/Missions/Trouble in the Void/Banners/Success/success02
[LOG 19:14:28.765] Load Cached PNG Texture: SquadExpansion/MakingHistory/Missions/Ziggy Kerman and the Spiders from Duna/Banners/Fail/fail02
[LOG 19:14:28.765] Load Cached PNG Texture: SquadExpansion/MakingHistory/Missions/Ziggy Kerman and the Spiders from Duna/Banners/Menu/bannerSatellite
[LOG 19:14:28.765] Load Cached PNG Texture: SquadExpansion/MakingHistory/Missions/Ziggy Kerman and the Spiders from Duna/Banners/Success/success01
[LOG 19:14:28.765] Load Cached PNG Texture: SquadExpansion/MakingHistory/Parts/@thumbs/Decoupler.1p5_icon0
[LOG 19:14:28.765] Load Cached PNG Texture: SquadExpansion/MakingHistory/Parts/@thumbs/Decoupler.1p5_icon1
[LOG 19:14:28.765] Load Cached PNG Texture: SquadExpansion/MakingHistory/Parts/@thumbs/EquiTriangle0_icon0
[LOG 19:14:28.765] Load Cached PNG Texture: SquadExpansion/MakingHistory/Parts/@thumbs/EquiTriangle0_icon1
[LOG 19:14:28.766] Load Cached PNG Texture: SquadExpansion/MakingHistory/Parts/@thumbs/EquiTriangle0_icon2
[LOG 19:14:28.766] Load Cached PNG Texture: SquadExpansion/MakingHistory/Parts/@thumbs/EquiTriangle0_icon3
[LOG 19:14:28.766] Load Cached PNG Texture: SquadExpansion/MakingHistory/Parts/@thumbs/EquiTriangle1p5_icon0
[LOG 19:14:28.766] Load Cached PNG Texture: SquadExpansion/MakingHistory/Parts/@thumbs/EquiTriangle1p5_icon1
[LOG 19:14:28.766] Load Cached PNG Texture: SquadExpansion/MakingHistory/Parts/@thumbs/EquiTriangle1p5_icon2
[LOG 19:14:28.766] Load Cached PNG Texture: SquadExpansion/MakingHistory/Parts/@thumbs/EquiTriangle1p5_icon3
[LOG 19:14:28.766] Load Cached PNG Texture: SquadExpansion/MakingHistory/Parts/@thumbs/EquiTriangle1_icon0
[LOG 19:14:28.766] Load Cached PNG Texture: SquadExpansion/MakingHistory/Parts/@thumbs/EquiTriangle1_icon1
[LOG 19:14:28.766] Load Cached PNG Texture: SquadExpansion/MakingHistory/Parts/@thumbs/EquiTriangle1_icon2
[LOG 19:14:28.766] Load Cached PNG Texture: SquadExpansion/MakingHistory/Parts/@thumbs/EquiTriangle1_icon3
[LOG 19:14:28.766] Load Cached PNG Texture: SquadExpansion/MakingHistory/Parts/@thumbs/EquiTriangle2_icon0
[LOG 19:14:28.767] Load Cached PNG Texture: SquadExpansion/MakingHistory/Parts/@thumbs/EquiTriangle2_icon1
[LOG 19:14:28.770] Load Cached PNG Texture: SquadExpansion/MakingHistory/Parts/@thumbs/EquiTriangle2_icon2
[LOG 19:14:28.770] Load Cached PNG Texture: SquadExpansion/MakingHistory/Parts/@thumbs/EquiTriangle2_icon3
[LOG 19:14:28.770] Load Cached PNG Texture: SquadExpansion/MakingHistory/Parts/@thumbs/HeatShield1p5_icon
[LOG 19:14:28.770] Load Cached PNG Texture: SquadExpansion/MakingHistory/Parts/@thumbs/InflatableAirlock_icon
[LOG 19:14:28.770] Load Cached PNG Texture: SquadExpansion/MakingHistory/Parts/@thumbs/LiquidEngineRV-1_icon
[LOG 19:14:28.770] Load Cached PNG Texture: SquadExpansion/MakingHistory/Parts/@thumbs/monopropMiniSphere_icon
[LOG 19:14:28.771] Load Cached PNG Texture: SquadExpansion/MakingHistory/Parts/@thumbs/Panel0_icon0
[LOG 19:14:28.771] Load Cached PNG Texture: SquadExpansion/MakingHistory/Parts/@thumbs/Panel0_icon1
[LOG 19:14:28.771] Load Cached PNG Texture: SquadExpansion/MakingHistory/Parts/@thumbs/Panel0_icon2
[LOG 19:14:28.771] Load Cached PNG Texture: SquadExpansion/MakingHistory/Parts/@thumbs/Panel0_icon3
[LOG 19:14:28.771] Load Cached PNG Texture: SquadExpansion/MakingHistory/Parts/@thumbs/Panel1p5_icon0
[LOG 19:14:28.771] Load Cached PNG Texture: SquadExpansion/MakingHistory/Parts/@thumbs/Panel1p5_icon1
[LOG 19:14:28.771] Load Cached PNG Texture: SquadExpansion/MakingHistory/Parts/@thumbs/Panel1p5_icon2
[LOG 19:14:28.771] Load Cached PNG Texture: SquadExpansion/MakingHistory/Parts/@thumbs/Panel1p5_icon3
[LOG 19:14:28.771] Load Cached PNG Texture: SquadExpansion/MakingHistory/Parts/@thumbs/Panel1_icon0
[LOG 19:14:28.771] Load Cached PNG Texture: SquadExpansion/MakingHistory/Parts/@thumbs/Panel1_icon1
[LOG 19:14:28.771] Load Cached PNG Texture: SquadExpansion/MakingHistory/Parts/@thumbs/Panel1_icon2
[LOG 19:14:28.772] Load Cached PNG Texture: SquadExpansion/MakingHistory/Parts/@thumbs/Panel1_icon3
[LOG 19:14:28.772] Load Cached PNG Texture: SquadExpansion/MakingHistory/Parts/@thumbs/roverWheelM1-F_icon0
[LOG 19:14:28.772] Load Cached PNG Texture: SquadExpansion/MakingHistory/Parts/@thumbs/roverWheelM1-F_icon1
[LOG 19:14:28.772] Load Cached PNG Texture: SquadExpansion/MakingHistory/Parts/@thumbs/Separator.1p5_icon0
[LOG 19:14:28.772] Load Cached PNG Texture: SquadExpansion/MakingHistory/Parts/@thumbs/Separator.1p5_icon1
[LOG 19:14:28.772] Load Cached PNG Texture: SquadExpansion/MakingHistory/Parts/@thumbs/Size1p5.Strut.Decoupler_icon0
[LOG 19:14:28.772] Load Cached PNG Texture: SquadExpansion/MakingHistory/Parts/@thumbs/Size1p5.Strut.Decoupler_icon1
[LOG 19:14:28.772] Load Cached PNG Texture: SquadExpansion/MakingHistory/Parts/@thumbs/Size1to0ServiceModule_icon
[LOG 19:14:28.772] Load Cached PNG Texture: SquadExpansion/MakingHistory/Parts/@thumbs/Triangle0_icon0
[LOG 19:14:28.772] Load Cached PNG Texture: SquadExpansion/MakingHistory/Parts/@thumbs/Triangle0_icon1
[LOG 19:14:28.773] Load Cached PNG Texture: SquadExpansion/MakingHistory/Parts/@thumbs/Triangle0_icon2
[LOG 19:14:28.773] Load Cached PNG Texture: SquadExpansion/MakingHistory/Parts/@thumbs/Triangle0_icon3
[LOG 19:14:28.773] Load Cached PNG Texture: SquadExpansion/MakingHistory/Parts/@thumbs/Triangle1p5_icon0
[LOG 19:14:28.773] Load Cached PNG Texture: SquadExpansion/MakingHistory/Parts/@thumbs/Triangle1p5_icon1
[LOG 19:14:28.773] Load Cached PNG Texture: SquadExpansion/MakingHistory/Parts/@thumbs/Triangle1p5_icon2
[LOG 19:14:28.773] Load Cached PNG Texture: SquadExpansion/MakingHistory/Parts/@thumbs/Triangle1p5_icon3
[LOG 19:14:28.773] Load Cached PNG Texture: SquadExpansion/MakingHistory/Parts/@thumbs/Triangle1_icon0
[LOG 19:14:28.773] Load Cached PNG Texture: SquadExpansion/MakingHistory/Parts/@thumbs/Triangle1_icon1
[LOG 19:14:28.773] Load Cached PNG Texture: SquadExpansion/MakingHistory/Parts/@thumbs/Triangle1_icon2
[LOG 19:14:28.773] Load Cached PNG Texture: SquadExpansion/MakingHistory/Parts/@thumbs/Triangle1_icon3
[LOG 19:14:28.773] Load Cached PNG Texture: SquadExpansion/MakingHistory/Parts/@thumbs/Triangle2_icon0
[LOG 19:14:28.773] Load Cached PNG Texture: SquadExpansion/MakingHistory/Parts/@thumbs/Triangle2_icon1
[LOG 19:14:28.773] Load Cached PNG Texture: SquadExpansion/MakingHistory/Parts/@thumbs/Triangle2_icon2
[LOG 19:14:28.773] Load Cached PNG Texture: SquadExpansion/MakingHistory/Parts/@thumbs/Triangle2_icon3
[LOG 19:14:28.774] Load Cached PNG Texture: SquadExpansion/MakingHistory/Parts/@thumbs/Tube1_icon0
[LOG 19:14:28.774] Load Cached PNG Texture: SquadExpansion/MakingHistory/Parts/@thumbs/Tube1_icon1
[LOG 19:14:28.774] Load Cached PNG Texture: SquadExpansion/MakingHistory/Parts/@thumbs/Tube1_icon2
[LOG 19:14:28.774] Load Cached PNG Texture: SquadExpansion/MakingHistory/Parts/@thumbs/Tube1_icon3
[LOG 19:14:28.774] Load Cached PNG Texture: SquadExpansion/MakingHistory/Parts/@thumbs/Tube1_icon4
[LOG 19:14:28.774] Load Cached PNG Texture: SquadExpansion/MakingHistory/Parts/Aero/protectiveRocketNoseMk5A/s1p5_cone
[LOG 19:14:28.774] Load Cached PNG Texture: SquadExpansion/MakingHistory/Parts/Aero/protectiveRocketNoseMk5A/s1p5_cone_Orange
[LOG 19:14:28.775] Load DDS texture: SquadExpansion/MakingHistory/Parts/Coupling/Assets/airlock
[LOG 19:14:28.775] Load DDS texture: SquadExpansion/MakingHistory/Parts/Coupling/Assets/airlock_N
[LOG 19:14:28.775] Load DDS texture: SquadExpansion/MakingHistory/Parts/Coupling/Assets/EnginePlate
[LOG 19:14:28.776] Load DDS texture: SquadExpansion/MakingHistory/Parts/Coupling/Assets/Size1_5_Decoupler_grey
[LOG 19:14:28.776] Load DDS texture: SquadExpansion/MakingHistory/Parts/Coupling/Assets/Size1_5_Decoupler_orange
[LOG 19:14:28.776] Load DDS texture: SquadExpansion/MakingHistory/Parts/Engine/Assets/KE-1
[LOG 19:14:28.778] Load DDS texture: SquadExpansion/MakingHistory/Parts/Engine/Assets/KE-1_BASE
[LOG 19:14:28.779] Load DDS texture: SquadExpansion/MakingHistory/Parts/Engine/Assets/LV-T87
[LOG 19:14:28.780] Load DDS texture: SquadExpansion/MakingHistory/Parts/Engine/Assets/LV-T91
[LOG 19:14:28.781] Load DDS texture: SquadExpansion/MakingHistory/Parts/Engine/Assets/RE-I2
[LOG 19:14:28.785] Load DDS texture: SquadExpansion/MakingHistory/Parts/Engine/Assets/RE-J10
[LOG 19:14:28.786] Load DDS texture: SquadExpansion/MakingHistory/Parts/Engine/Assets/RE-J10_N
[LOG 19:14:28.787] Load DDS texture: SquadExpansion/MakingHistory/Parts/Engine/Assets/RK-7
[LOG 19:14:28.794] Load DDS texture: SquadExpansion/MakingHistory/Parts/Engine/Assets/RK-7_N
[LOG 19:14:28.795] Load DDS texture: SquadExpansion/MakingHistory/Parts/Engine/solidBoosterTHK/SolidBoosterS2-17_emissive
[LOG 19:14:28.801] Load DDS texture: SquadExpansion/MakingHistory/Parts/Engine/solidBoosterTHK/solidBoosterTHK_diffuse
[LOG 19:14:28.807] Load DDS texture: SquadExpansion/MakingHistory/Parts/FuelTank/Assets/Size1p5_02
[LOG 19:14:28.810] Load DDS texture: SquadExpansion/MakingHistory/Parts/FuelTank/Assets/Size1p5_02_ALT01
[LOG 19:14:28.810] Load DDS texture: SquadExpansion/MakingHistory/Parts/FuelTank/Assets/Size1p5_02_ALT02
[LOG 19:14:28.811] Load DDS texture: SquadExpansion/MakingHistory/Parts/FuelTank/Assets/Size1p5_02_ALT02_normal
[LOG 19:14:28.812] Load DDS texture: SquadExpansion/MakingHistory/Parts/FuelTank/Assets/Size1p5_mono
[LOG 19:14:28.814] Load DDS texture: SquadExpansion/MakingHistory/Parts/FuelTank/Assets/Size1p5_mono_2
[LOG 19:14:28.815] Load DDS texture: SquadExpansion/MakingHistory/Parts/FuelTank/Assets/Size1p5_mono_N
[LOG 19:14:28.816] Load DDS texture: SquadExpansion/MakingHistory/Parts/FuelTank/Assets/Size1_5_TankAdapters
[LOG 19:14:28.818] Load DDS texture: SquadExpansion/MakingHistory/Parts/FuelTank/Assets/Size1_5_TankAdapters_ALT01
[LOG 19:14:28.818] Load DDS texture: SquadExpansion/MakingHistory/Parts/FuelTank/Assets/Size1_5_TankAdapters_ALT02
[LOG 19:14:28.820] Load DDS texture: SquadExpansion/MakingHistory/Parts/FuelTank/Assets/Size1_5_TankAdapters_ALT02nm
[LOG 19:14:28.821] Load DDS texture: SquadExpansion/MakingHistory/Parts/FuelTank/Assets/Size1_5_TankAdapters_N
[LOG 19:14:28.822] Load DDS texture: SquadExpansion/MakingHistory/Parts/FuelTank/Assets/Size1_5_Tanks
[LOG 19:14:28.823] Load DDS texture: SquadExpansion/MakingHistory/Parts/FuelTank/Assets/Size1_5_Tanks_ALT02
[LOG 19:14:28.824] Load DDS texture: SquadExpansion/MakingHistory/Parts/FuelTank/Assets/Size1_5_Tanks_ALT02_nm
[LOG 19:14:28.825] Load DDS texture: SquadExpansion/MakingHistory/Parts/FuelTank/Assets/Size1_5_Tanks_grey
[LOG 19:14:28.827] Load DDS texture: SquadExpansion/MakingHistory/Parts/FuelTank/Assets/Size4_Tanks
[LOG 19:14:28.836] Load DDS texture: SquadExpansion/MakingHistory/Parts/FuelTank/Assets/Size4_Tanks_N
[LOG 19:14:28.843] Load DDS texture: SquadExpansion/MakingHistory/Parts/Ground/Assets/RoverWheel
[LOG 19:14:28.844] Load DDS texture: SquadExpansion/MakingHistory/Parts/Ground/Assets/RoverWheelG
[LOG 19:14:28.844] Load DDS texture: SquadExpansion/MakingHistory/Parts/Payload/Assets/Size1to0ServiceBay
[LOG 19:14:28.845] Load DDS texture: SquadExpansion/MakingHistory/Parts/Payload/Assets/Size1to0ServiceBay_n
[LOG 19:14:28.846] Load DDS texture: SquadExpansion/MakingHistory/Parts/Payload/Assets/SM18_diffuse
[LOG 19:14:28.854] Load Cached PNG Texture: SquadExpansion/MakingHistory/Parts/Payload/Assets/SM18_NRM
[LOG 19:14:28.864] Load DDS texture: SquadExpansion/MakingHistory/Parts/Payload/Assets/SM18_specular
[LOG 19:14:28.869] Load DDS texture: SquadExpansion/MakingHistory/Parts/Payload/Assets/SM25_diffuse
[LOG 19:14:28.874] Load DDS texture: SquadExpansion/MakingHistory/Parts/Payload/Assets/SM25_normals
[LOG 19:14:28.875] Load DDS texture: SquadExpansion/MakingHistory/Parts/Pods/Assets/KV1
[LOG 19:14:28.876] Load DDS texture: SquadExpansion/MakingHistory/Parts/Pods/Assets/KV1_GLOW
[LOG 19:14:28.877] Load DDS texture: SquadExpansion/MakingHistory/Parts/Pods/Assets/KV2
[LOG 19:14:28.878] Load DDS texture: SquadExpansion/MakingHistory/Parts/Pods/Assets/KV3
[LOG 19:14:28.879] Load DDS texture: SquadExpansion/MakingHistory/Parts/Pods/Assets/Mk2Pod
[LOG 19:14:28.880] Load DDS texture: SquadExpansion/MakingHistory/Parts/Pods/Assets/Mk2Pod_GLOW
[LOG 19:14:28.881] Load DDS texture: SquadExpansion/MakingHistory/Parts/Pods/Assets/Mk2Pod_n
[LOG 19:14:28.884] Load DDS texture: SquadExpansion/MakingHistory/Parts/Pods/Assets/Size1_5_Lander
[LOG 19:14:28.884] Load DDS texture: SquadExpansion/MakingHistory/Parts/Pods/Assets/Size1_5_Lander_GLOW
[LOG 19:14:28.885] Load DDS texture: SquadExpansion/MakingHistory/Parts/SharedAssets/Shrouds
[LOG 19:14:28.887] Load DDS texture: SquadExpansion/MakingHistory/Parts/SharedAssets/Shrouds_N
[LOG 19:14:28.887] Load DDS texture: SquadExpansion/MakingHistory/Parts/Structural/Assets/NormalMap
[LOG 19:14:28.890] Load DDS texture: SquadExpansion/MakingHistory/Parts/Structural/Assets/Panels
[LOG 19:14:28.893] Load DDS texture: SquadExpansion/MakingHistory/Parts/Structural/Assets/Panels_Dark_D
[LOG 19:14:28.899] Load DDS texture: SquadExpansion/MakingHistory/Parts/Structural/Assets/Panels_Gold_D
[LOG 19:14:28.901] Load Cached PNG Texture: SquadExpansion/MakingHistory/Parts/Structural/Assets/Panels_Gold_NRM
[LOG 19:14:28.903] Load DDS texture: SquadExpansion/MakingHistory/Parts/Structural/Assets/Panels_Gold_S
[LOG 19:14:28.905] Load DDS texture: SquadExpansion/MakingHistory/Parts/Structural/Assets/Panels_Silver_D
[LOG 19:14:28.908] Load DDS texture: SquadExpansion/MakingHistory/Parts/Structural/Assets/Panels_Silver_S
[LOG 19:14:28.910] Load Cached PNG Texture: SquadExpansion/MakingHistory/Ships/@thumbs/VAB/Acapello
[LOG 19:14:28.911] Load Cached PNG Texture: SquadExpansion/MakingHistory/Ships/@thumbs/VAB/Beta Centaurus
[LOG 19:14:28.913] Load Cached PNG Texture: SquadExpansion/MakingHistory/Ships/@thumbs/VAB/Goliath II HLV
[LOG 19:14:28.913] Load Cached PNG Texture: SquadExpansion/MakingHistory/Ships/@thumbs/VAB/Muna 1
[LOG 19:14:28.913] Load Cached PNG Texture: SquadExpansion/MakingHistory/Ships/@thumbs/VAB/Sally-Hut 1
[LOG 19:14:28.913] Load Cached PNG Texture: SquadExpansion/MakingHistory/Ships/@thumbs/VAB/SWM-94 Communications Satellite
[LOG 19:14:28.913] Load Cached PNG Texture: SquadExpansion/MakingHistory/Ships/@thumbs/VAB/Valshkod 2
[LOG 19:14:28.913] Load DDS texture: SquadExpansion/MakingHistory/Spaces/KVPods/airlock
[LOG 19:14:28.913] Load DDS texture: SquadExpansion/MakingHistory/Spaces/KVPods/airlock_N
[LOG 19:14:28.913] Load DDS texture: SquadExpansion/MakingHistory/Spaces/KVPods/KV1_Props_Diffuse
[LOG 19:14:28.919] Load DDS texture: SquadExpansion/MakingHistory/Spaces/KVPods/KV1_Props_Normal
[LOG 19:14:28.925] Load DDS texture: SquadExpansion/MakingHistory/Spaces/KVPods/KV1_Shell_Diffuse
[LOG 19:14:28.935] Load DDS texture: SquadExpansion/MakingHistory/Spaces/KVPods/KV1_Shell_Emissive
[LOG 19:14:28.937] Load DDS texture: SquadExpansion/MakingHistory/Spaces/KVPods/KV1_Shell_Normal
[LOG 19:14:28.943] Load DDS texture: SquadExpansion/MakingHistory/Spaces/KVPods/KV1_Vzor_Diffuse
[LOG 19:14:28.945] Load DDS texture: SquadExpansion/MakingHistory/Spaces/KVPods/KV2_Props_Diffuse
[LOG 19:14:28.949] Load DDS texture: SquadExpansion/MakingHistory/Spaces/KVPods/KV2_Props_Emissive
[LOG 19:14:28.958] Load DDS texture: SquadExpansion/MakingHistory/Spaces/KVPods/KV2_Props_Normal
[LOG 19:14:28.968] Load DDS texture: SquadExpansion/MakingHistory/Spaces/KVPods/KV2_Shell_Diffuse
[LOG 19:14:28.975] Load DDS texture: SquadExpansion/MakingHistory/Spaces/KVPods/KV2_Shell_Normal
[LOG 19:14:28.980] Load DDS texture: SquadExpansion/MakingHistory/Spaces/KVPods/KV3_Props_Diffuse
[LOG 19:14:28.985] Load DDS texture: SquadExpansion/MakingHistory/Spaces/KVPods/KV3_Props_Normal
[LOG 19:14:28.989] Load DDS texture: SquadExpansion/MakingHistory/Spaces/KVPods/KV3_Shell_Diffuse
[LOG 19:14:28.994] Load DDS texture: SquadExpansion/MakingHistory/Spaces/KVPods/KV3_Shell_Normal
[LOG 19:14:28.998] Load DDS texture: SquadExpansion/MakingHistory/Spaces/KVPods/motor
[LOG 19:14:28.999] Load DDS texture: SquadExpansion/MakingHistory/Spaces/KVPods/pilot Seat
[LOG 19:14:28.999] Load DDS texture: SquadExpansion/MakingHistory/Spaces/MEM/PANELS_AO
[LOG 19:14:29.003] Load DDS texture: SquadExpansion/MakingHistory/Spaces/MEM/PANELS_EMISSIVE
[LOG 19:14:29.009] Load DDS texture: SquadExpansion/MakingHistory/Spaces/MEM/PANELS_NORMAL
[LOG 19:14:29.014] Load DDS texture: SquadExpansion/MakingHistory/Spaces/MEM/pilot Seat
[LOG 19:14:29.015] Load DDS texture: SquadExpansion/MakingHistory/Spaces/MEM/propsGeneric
[LOG 19:14:29.015] Load DDS texture: SquadExpansion/MakingHistory/Spaces/MEM/PROPS_AO
[LOG 19:14:29.019] Load DDS texture: SquadExpansion/MakingHistory/Spaces/MEM/PROPS_EMISSIVE
[LOG 19:14:29.020] Load DDS texture: SquadExpansion/MakingHistory/Spaces/MEM/PROPS_NORMAL
[LOG 19:14:29.024] Load DDS texture: SquadExpansion/MakingHistory/Spaces/Mk2Pod/DIfuse_controlboard
[LOG 19:14:29.035] Load DDS texture: SquadExpansion/MakingHistory/Spaces/Mk2Pod/Normal_controlbard
[LOG 19:14:29.041] Load DDS texture: SquadExpansion/MakingHistory/Spaces/Mk2Pod/Outershell_Base_Color
[LOG 19:14:29.051] Load DDS texture: SquadExpansion/MakingHistory/Spaces/Mk2Pod/Outershell_Normal
[LOG 19:14:29.057] Load DDS texture: SquadExpansion/MakingHistory/Spaces/Mk2Pod/pilot Seat
[LOG 19:14:29.058] Load Cached PNG Texture: SquadExpansion/Serenity/Parts/@thumbs/controller1000_icon
[LOG 19:14:29.058] Load Cached PNG Texture: SquadExpansion/Serenity/Parts/@thumbs/DeployedCentralStation_icon
[LOG 19:14:29.059] Load Cached PNG Texture: SquadExpansion/Serenity/Parts/@thumbs/DeployedGoExOb_icon
[LOG 19:14:29.059] Load Cached PNG Texture: SquadExpansion/Serenity/Parts/@thumbs/DeployedIONExp_icon
[LOG 19:14:29.059] Load Cached PNG Texture: SquadExpansion/Serenity/Parts/@thumbs/DeployedRTG_icon
[LOG 19:14:29.059] Load Cached PNG Texture: SquadExpansion/Serenity/Parts/@thumbs/DeployedSatDish_icon
[LOG 19:14:29.059] Load Cached PNG Texture: SquadExpansion/Serenity/Parts/@thumbs/DeployedSeismicSensor_icon
[LOG 19:14:29.059] Load Cached PNG Texture: SquadExpansion/Serenity/Parts/@thumbs/DeployedSolarPanel_icon
[LOG 19:14:29.059] Load Cached PNG Texture: SquadExpansion/Serenity/Parts/@thumbs/DeployedWeatherStn_icon
[LOG 19:14:29.059] Load Cached PNG Texture: SquadExpansion/Serenity/Parts/@thumbs/FanShroud.01_icon0
[LOG 19:14:29.059] Load Cached PNG Texture: SquadExpansion/Serenity/Parts/@thumbs/FanShroud.01_icon1
[LOG 19:14:29.059] Load Cached PNG Texture: SquadExpansion/Serenity/Parts/@thumbs/FanShroud.02_icon0
[LOG 19:14:29.059] Load Cached PNG Texture: SquadExpansion/Serenity/Parts/@thumbs/FanShroud.02_icon1
[LOG 19:14:29.059] Load Cached PNG Texture: SquadExpansion/Serenity/Parts/@thumbs/hinge.01.s_icon0
[LOG 19:14:29.060] Load Cached PNG Texture: SquadExpansion/Serenity/Parts/@thumbs/hinge.01.s_icon1
[LOG 19:14:29.060] Load Cached PNG Texture: SquadExpansion/Serenity/Parts/@thumbs/hinge.01_icon0
[LOG 19:14:29.060] Load Cached PNG Texture: SquadExpansion/Serenity/Parts/@thumbs/hinge.01_icon1
[LOG 19:14:29.060] Load Cached PNG Texture: SquadExpansion/Serenity/Parts/@thumbs/hinge.03.s_icon0
[LOG 19:14:29.060] Load Cached PNG Texture: SquadExpansion/Serenity/Parts/@thumbs/hinge.03.s_icon1
[LOG 19:14:29.060] Load Cached PNG Texture: SquadExpansion/Serenity/Parts/@thumbs/hinge.03_icon0
[LOG 19:14:29.060] Load Cached PNG Texture: SquadExpansion/Serenity/Parts/@thumbs/hinge.03_icon1
[LOG 19:14:29.060] Load Cached PNG Texture: SquadExpansion/Serenity/Parts/@thumbs/largeFanBlade_icon0
[LOG 19:14:29.060] Load Cached PNG Texture: SquadExpansion/Serenity/Parts/@thumbs/largeFanBlade_icon1
[LOG 19:14:29.060] Load Cached PNG Texture: SquadExpansion/Serenity/Parts/@thumbs/largePropeller_icon0
[LOG 19:14:29.060] Load Cached PNG Texture: SquadExpansion/Serenity/Parts/@thumbs/largePropeller_icon1
[LOG 19:14:29.060] Load Cached PNG Texture: SquadExpansion/Serenity/Parts/@thumbs/lGripPad_icon0
[LOG 19:14:29.061] Load Cached PNG Texture: SquadExpansion/Serenity/Parts/@thumbs/lGripPad_icon1
[LOG 19:14:29.061] Load Cached PNG Texture: SquadExpansion/Serenity/Parts/@thumbs/lGripStrip_icon
[LOG 19:14:29.061] Load Cached PNG Texture: SquadExpansion/Serenity/Parts/@thumbs/mediumFanBlade_icon0
[LOG 19:14:29.061] Load Cached PNG Texture: SquadExpansion/Serenity/Parts/@thumbs/mediumFanBlade_icon1
[LOG 19:14:29.061] Load Cached PNG Texture: SquadExpansion/Serenity/Parts/@thumbs/mediumPropeller_icon0
[LOG 19:14:29.061] Load Cached PNG Texture: SquadExpansion/Serenity/Parts/@thumbs/mediumPropeller_icon1
[LOG 19:14:29.061] Load Cached PNG Texture: SquadExpansion/Serenity/Parts/@thumbs/mGripPad_icon0
[LOG 19:14:29.061] Load Cached PNG Texture: SquadExpansion/Serenity/Parts/@thumbs/mGripPad_icon1
[LOG 19:14:29.061] Load Cached PNG Texture: SquadExpansion/Serenity/Parts/@thumbs/noseconeTiny_icon
[LOG 19:14:29.061] Load Cached PNG Texture: SquadExpansion/Serenity/Parts/@thumbs/noseconeVS_icon
[LOG 19:14:29.061] Load Cached PNG Texture: SquadExpansion/Serenity/Parts/@thumbs/piston.01_icon0
[LOG 19:14:29.061] Load Cached PNG Texture: SquadExpansion/Serenity/Parts/@thumbs/piston.01_icon1
[LOG 19:14:29.062] Load Cached PNG Texture: SquadExpansion/Serenity/Parts/@thumbs/piston.02_icon0
[LOG 19:14:29.062] Load Cached PNG Texture: SquadExpansion/Serenity/Parts/@thumbs/piston.02_icon1
[LOG 19:14:29.062] Load Cached PNG Texture: SquadExpansion/Serenity/Parts/@thumbs/piston.03_icon0
[LOG 19:14:29.062] Load Cached PNG Texture: SquadExpansion/Serenity/Parts/@thumbs/piston.03_icon1
[LOG 19:14:29.062] Load Cached PNG Texture: SquadExpansion/Serenity/Parts/@thumbs/piston.04_icon0
[LOG 19:14:29.062] Load Cached PNG Texture: SquadExpansion/Serenity/Parts/@thumbs/piston.04_icon1
[LOG 19:14:29.062] Load Cached PNG Texture: SquadExpansion/Serenity/Parts/@thumbs/RobotArmScanner.S1_icon
[LOG 19:14:29.062] Load Cached PNG Texture: SquadExpansion/Serenity/Parts/@thumbs/RobotArmScanner.S2_icon
[LOG 19:14:29.062] Load Cached PNG Texture: SquadExpansion/Serenity/Parts/@thumbs/RobotArmScanner.S3_icon
[LOG 19:14:29.063] Load Cached PNG Texture: SquadExpansion/Serenity/Parts/@thumbs/rotor.01s_icon0
[LOG 19:14:29.063] Load Cached PNG Texture: SquadExpansion/Serenity/Parts/@thumbs/rotor.01s_icon1
[LOG 19:14:29.063] Load Cached PNG Texture: SquadExpansion/Serenity/Parts/@thumbs/rotor.01_icon0
[LOG 19:14:29.063] Load Cached PNG Texture: SquadExpansion/Serenity/Parts/@thumbs/rotor.01_icon1
[LOG 19:14:29.090] Load Cached PNG Texture: SquadExpansion/Serenity/Parts/@thumbs/rotor.02s_icon0
[LOG 19:14:29.091] Load Cached PNG Texture: SquadExpansion/Serenity/Parts/@thumbs/rotor.02s_icon1
[LOG 19:14:29.091] Load Cached PNG Texture: SquadExpansion/Serenity/Parts/@thumbs/rotor.02_icon0
[LOG 19:14:29.092] Load Cached PNG Texture: SquadExpansion/Serenity/Parts/@thumbs/rotor.02_icon1
[LOG 19:14:29.092] Load Cached PNG Texture: SquadExpansion/Serenity/Parts/@thumbs/RotorEngine.02_icon
[LOG 19:14:29.092] Load Cached PNG Texture: SquadExpansion/Serenity/Parts/@thumbs/rotoServo.00_icon0
[LOG 19:14:29.092] Load Cached PNG Texture: SquadExpansion/Serenity/Parts/@thumbs/rotoServo.00_icon1
[LOG 19:14:29.092] Load Cached PNG Texture: SquadExpansion/Serenity/Parts/@thumbs/rotoServo.02_icon0
[LOG 19:14:29.092] Load Cached PNG Texture: SquadExpansion/Serenity/Parts/@thumbs/rotoServo.02_icon1
[LOG 19:14:29.092] Load Cached PNG Texture: SquadExpansion/Serenity/Parts/@thumbs/rotoServo.03_icon0
[LOG 19:14:29.092] Load Cached PNG Texture: SquadExpansion/Serenity/Parts/@thumbs/rotoServo.03_icon1
[LOG 19:14:29.092] Load Cached PNG Texture: SquadExpansion/Serenity/Parts/@thumbs/sGripPad_icon0
[LOG 19:14:29.093] Load Cached PNG Texture: SquadExpansion/Serenity/Parts/@thumbs/sGripPad_icon1
[LOG 19:14:29.093] Load Cached PNG Texture: SquadExpansion/Serenity/Parts/@thumbs/sGripStrip_icon
[LOG 19:14:29.093] Load Cached PNG Texture: SquadExpansion/Serenity/Parts/@thumbs/smallFanBlade_icon0
[LOG 19:14:29.093] Load Cached PNG Texture: SquadExpansion/Serenity/Parts/@thumbs/smallFanBlade_icon1
[LOG 19:14:29.093] Load Cached PNG Texture: SquadExpansion/Serenity/Parts/@thumbs/smallHeliBlade_icon0
[LOG 19:14:29.093] Load Cached PNG Texture: SquadExpansion/Serenity/Parts/@thumbs/smallHeliBlade_icon1
[LOG 19:14:29.093] Load Cached PNG Texture: SquadExpansion/Serenity/Parts/@thumbs/smallPropeller_icon0
[LOG 19:14:29.093] Load Cached PNG Texture: SquadExpansion/Serenity/Parts/@thumbs/smallPropeller_icon1
[LOG 19:14:29.093] Load DDS texture: SquadExpansion/Serenity/Parts/Aero/Assets/copterBlades_diffuse
[LOG 19:14:29.093] Load DDS texture: SquadExpansion/Serenity/Parts/Aero/Assets/shroudsDiffuse_color
[LOG 19:14:29.094] Load DDS texture: SquadExpansion/Serenity/Parts/Aero/Assets/shroudsDiffuse_plain
[LOG 19:14:29.094] Load Cached PNG Texture: SquadExpansion/Serenity/Parts/DeployedScience/MockupTexture
[LOG 19:14:29.094] Load DDS texture: SquadExpansion/Serenity/Parts/DeployedScience/Assets/centralStation_diffuse
[LOG 19:14:29.095] Load DDS texture: SquadExpansion/Serenity/Parts/DeployedScience/Assets/centralStation_emissive
[LOG 19:14:29.117] Load DDS texture: SquadExpansion/Serenity/Parts/DeployedScience/Assets/GenericParts_diffuse
[LOG 19:14:29.141] Load DDS texture: SquadExpansion/Serenity/Parts/DeployedScience/Assets/GenericParts_emissive
[LOG 19:14:29.141] Load DDS texture: SquadExpansion/Serenity/Parts/DeployedScience/Assets/GenericParts_normal
[LOG 19:14:29.143] Load DDS texture: SquadExpansion/Serenity/Parts/DeployedScience/Assets/goex_diffuse
[LOG 19:14:29.147] Load DDS texture: SquadExpansion/Serenity/Parts/DeployedScience/Assets/goex_specMapped
[LOG 19:14:29.152] Load DDS texture: SquadExpansion/Serenity/Parts/DeployedScience/Assets/Grid
[LOG 19:14:29.152] Load DDS texture: SquadExpansion/Serenity/Parts/DeployedScience/Assets/IonExperiment_diffuse
[LOG 19:14:29.154] Load DDS texture: SquadExpansion/Serenity/Parts/DeployedScience/Assets/RTGCask_diffuse
[LOG 19:14:29.171] Load DDS texture: SquadExpansion/Serenity/Parts/DeployedScience/Assets/satDish_diffuse
[LOG 19:14:29.172] Load Cached PNG Texture: SquadExpansion/Serenity/Parts/DeployedScience/Assets/Scratch
[LOG 19:14:29.175] Load DDS texture: SquadExpansion/Serenity/Parts/DeployedScience/Assets/Screen2
[LOG 19:14:29.177] Load DDS texture: SquadExpansion/Serenity/Parts/DeployedScience/Assets/Screen3
[LOG 19:14:29.177] Load DDS texture: SquadExpansion/Serenity/Parts/DeployedScience/Assets/ScreenReadout
[LOG 19:14:29.177] Load DDS texture: SquadExpansion/Serenity/Parts/DeployedScience/Assets/seismicSensor_diffuse
[LOG 19:14:29.178] Load DDS texture: SquadExpansion/Serenity/Parts/DeployedScience/Assets/seismicSensor_nrm
[LOG 19:14:29.180] Load DDS texture: SquadExpansion/Serenity/Parts/DeployedScience/Assets/seismicSensor_specularMapped
[LOG 19:14:29.181] Load DDS texture: SquadExpansion/Serenity/Parts/DeployedScience/Assets/SolarGraph
[LOG 19:14:29.182] Load DDS texture: SquadExpansion/Serenity/Parts/DeployedScience/Assets/solarPanel_diffuse
[LOG 19:14:29.183] Load DDS texture: SquadExpansion/Serenity/Parts/DeployedScience/Assets/Waveleght3
[LOG 19:14:29.183] Load DDS texture: SquadExpansion/Serenity/Parts/DeployedScience/Assets/Wavelenght
[LOG 19:14:29.184] Load DDS texture: SquadExpansion/Serenity/Parts/DeployedScience/Assets/Wavelenght2
[LOG 19:14:29.184] Load DDS texture: SquadExpansion/Serenity/Parts/DeployedScience/Assets/wavelenght4
[LOG 19:14:29.184] Load DDS texture: SquadExpansion/Serenity/Parts/DeployedScience/Assets/wavelenght5
[LOG 19:14:29.184] Load DDS texture: SquadExpansion/Serenity/Parts/DeployedScience/Assets/WeatherStation [Normal]
[LOG 19:14:29.211] Load DDS texture: SquadExpansion/Serenity/Parts/DeployedScience/Assets/Weather_Station_diffuse
[LOG 19:14:29.218] Load DDS texture: SquadExpansion/Serenity/Parts/DeployedScience/Assets/Weather_Station_normal
[LOG 19:14:29.224] Load DDS texture: SquadExpansion/Serenity/Parts/Propellers/Assets/blade_diffuse
[LOG 19:14:29.225] Load DDS texture: SquadExpansion/Serenity/Parts/Propellers/Assets/copterBlades_diffuse
[LOG 19:14:29.226] Load DDS texture: SquadExpansion/Serenity/Parts/Propellers/Assets/fan_diffuse
[LOG 19:14:29.226] Load DDS texture: SquadExpansion/Serenity/Parts/Robotics/Assets/hinges-03-s_diffuse_Color
[LOG 19:14:29.226] Load DDS texture: SquadExpansion/Serenity/Parts/Robotics/Assets/hinges-03_diffuse_color
[LOG 19:14:29.226] Load DDS texture: SquadExpansion/Serenity/Parts/Robotics/Assets/hinges-03_diffuse_plain
[LOG 19:14:29.227] Load DDS texture: SquadExpansion/Serenity/Parts/Robotics/Assets/hinges_diffuse
[LOG 19:14:29.228] Load DDS texture: SquadExpansion/Serenity/Parts/Robotics/Assets/Hinge_diffuse_G-00_Color
[LOG 19:14:29.228] Load DDS texture: SquadExpansion/Serenity/Parts/Robotics/Assets/Hinge_diffuse_G-11_Color
[LOG 19:14:29.228] Load DDS texture: SquadExpansion/Serenity/Parts/Robotics/Assets/Hinge_diffuse_G-11_plain
[LOG 19:14:29.228] Load DDS texture: SquadExpansion/Serenity/Parts/Robotics/Assets/Hinge_normal
[LOG 19:14:29.228] Load DDS texture: SquadExpansion/Serenity/Parts/Robotics/Assets/RotorEngine_02_diffuse
[LOG 19:14:29.228] Load DDS texture: SquadExpansion/Serenity/Parts/Robotics/Assets/RotorEngine_03_diffuse
[LOG 19:14:29.229] Load DDS texture: SquadExpansion/Serenity/Parts/Robotics/Assets/RotorEngine_03_normal
[LOG 19:14:29.230] Load DDS texture: SquadExpansion/Serenity/Parts/Robotics/Assets/Rotor_01_diffuse_color
[LOG 19:14:29.230] Load DDS texture: SquadExpansion/Serenity/Parts/Robotics/Assets/Rotor_01_diffuse_plain
[LOG 19:14:29.231] Load DDS texture: SquadExpansion/Serenity/Parts/Robotics/Assets/Rotor_01_normal
[LOG 19:14:29.232] Load DDS texture: SquadExpansion/Serenity/Parts/Robotics/Assets/Rotor_01_specular_D
[LOG 19:14:29.232] Load DDS texture: SquadExpansion/Serenity/Parts/Robotics/Assets/Rotor_02_diffuse_color
[LOG 19:14:29.232] Load DDS texture: SquadExpansion/Serenity/Parts/Robotics/Assets/Rotor_03_diffuse_color
[LOG 19:14:29.234] Load DDS texture: SquadExpansion/Serenity/Parts/Robotics/Assets/Rotor_03_diffuse_plain
[LOG 19:14:29.234] Load DDS texture: SquadExpansion/Serenity/Parts/Robotics/Assets/Rotor_03_normal
[LOG 19:14:29.236] Load DDS texture: SquadExpansion/Serenity/Parts/Robotics/Assets/rotoServos_diffuse_color
[LOG 19:14:29.236] Load DDS texture: SquadExpansion/Serenity/Parts/Robotics/Assets/rotoServos_diffuse_plain
[LOG 19:14:29.237] Load DDS texture: SquadExpansion/Serenity/Parts/Robotics/Assets/rotoServos_nrm
[LOG 19:14:29.238] Load DDS texture: SquadExpansion/Serenity/Parts/Robotics/Controllers/roboController_diffuse
[LOG 19:14:29.238] Load DDS texture: SquadExpansion/Serenity/Parts/Robotics/Controllers/roboController_emissive
[LOG 19:14:29.238] Load Cached PNG Texture: SquadExpansion/Serenity/Parts/Science/RobotArmScanner/Assets/DrillBits
[LOG 19:14:29.238] Load DDS texture: SquadExpansion/Serenity/Parts/Science/RobotArmScanner/Assets/DustParticle
[WRN 19:14:29.238] Duplicate PNG texture 'SquadExpansion/Serenity/Parts/Science/RobotArmScanner/Assets/DustParticle' with extension 'png' won't be loaded
[LOG 19:14:29.238] Load DDS texture: SquadExpansion/Serenity/Parts/Science/RobotArmScanner/Assets/GenericParts_diffuse
[LOG 19:14:29.246] Load DDS texture: SquadExpansion/Serenity/Parts/Science/RobotArmScanner/Assets/GenericParts_normal
[LOG 19:14:29.252] Load DDS texture: SquadExpansion/Serenity/Parts/Science/RobotArmScanner/Assets/ROCArm3_diffuse
[LOG 19:14:29.257] Load DDS texture: SquadExpansion/Serenity/Parts/Science/RobotArmScanner/Assets/ROCArm3_normal
[LOG 19:14:29.263] Load DDS texture: SquadExpansion/Serenity/Parts/Science/RobotArmScanner/Assets/ROCArm_2_diffuse
[LOG 19:14:29.265] Load DDS texture: SquadExpansion/Serenity/Parts/Science/RobotArmScanner/Assets/ROCArm_2_normal
[LOG 19:14:29.267] Load Cached PNG Texture: SquadExpansion/Serenity/Parts/Science/RobotArmScanner/Assets/Scratch
[LOG 19:14:29.267] Load DDS texture: SquadExpansion/Serenity/Parts/Science/RobotArmScanner/Assets/SmallArm_diffuse
[LOG 19:14:29.268] Load DDS texture: SquadExpansion/Serenity/Parts/Science/RobotArmScanner/Assets/SmallArm_normal
[LOG 19:14:29.269] Load DDS texture: SquadExpansion/Serenity/Parts/Structural/gripPads/Assets/gripPads_diffuse
[LOG 19:14:29.271] Load DDS texture: SquadExpansion/Serenity/Parts/Structural/gripPads/Assets/gripPads_nrm
[LOG 19:14:29.271] Load Cached PNG Texture: SquadExpansion/Serenity/Ships/@thumbs/SPH/Arrow-E
[LOG 19:14:29.271] Load Cached PNG Texture: SquadExpansion/Serenity/Ships/@thumbs/SPH/Butterfly Rover
[LOG 19:14:29.271] Load Cached PNG Texture: SquadExpansion/Serenity/Ships/@thumbs/SPH/Jeb_s Quadtaxi
[LOG 19:14:29.271] Load Cached PNG Texture: SquadExpansion/Serenity/Ships/@thumbs/SPH/Kerbodyne Rotodyne
[LOG 19:14:29.271] Load Cached PNG Texture: SquadExpansion/Serenity/Ships/@thumbs/SPH/Seahawk
[LOG 19:14:29.272] Load Cached PNG Texture: SquadExpansion/Serenity/Ships/@thumbs/SPH/Val-Thopter
[LOG 19:14:29.274] Load MU model: Squad/FX/afterburner_flame
[LOG 19:14:29.282] Load MU model: Squad/FX/afterburner_shock
[LOG 19:14:29.283] Load MU model: Squad/FX/diamondBlue
[LOG 19:14:29.283] Load MU model: Squad/FX/exhaustFlames_blue
[LOG 19:14:29.409] Load MU model: Squad/FX/hydroLOXFlame
[LOG 19:14:29.409] Load MU model: Squad/FX/IonPlume
[LOG 19:14:29.412] Load MU model: Squad/FX/ks1_Exhaust
[LOG 19:14:29.412] Load MU model: Squad/FX/ks25_Exhaust
[LOG 19:14:29.412] Load MU model: Squad/FX/ksX_Exhaust
[LOG 19:14:29.414] Load MU model: Squad/FX/LES_Thruster
[LOG 19:14:29.414] Load MU model: Squad/FX/Monoprop_big
[LOG 19:14:29.414] Load MU model: Squad/FX/Monoprop_medium
[LOG 19:14:29.415] Load MU model: Squad/FX/Monoprop_small
[LOG 19:14:29.415] Load MU model: Squad/FX/shockExhaust_blue
[LOG 19:14:29.415] Load MU model: Squad/FX/shockExhaust_blue_small
[LOG 19:14:29.416] Load MU model: Squad/FX/shockExhaust_red_small
[LOG 19:14:29.416] Load MU model: Squad/FX/SRB_Large
[LOG 19:14:29.417] Load MU model: Squad/FX/SRB_LargeSparks
[LOG 19:14:29.417] Load MU model: Squad/Parts/Aero/aerodynamicNoseCone/aerodynamicNoseCone
[LOG 19:14:29.420] Load MU model: Squad/Parts/Aero/airbrake/Airbrake
[LOG 19:14:29.420] Load MU model: Squad/Parts/Aero/airIntakeRadialXM-G50/RadialIntake
[LOG 19:14:29.420] Load MU model: Squad/Parts/Aero/airlinerWings/ControlSurface
[LOG 19:14:29.421] Load MU model: Squad/Parts/Aero/airlinerWings/MainWing
[LOG 19:14:29.421] Load MU model: Squad/Parts/Aero/airlinerWings/TailFin
[LOG 19:14:29.423] Load MU model: Squad/Parts/Aero/airplaneFins/AdvCanard
[LOG 19:14:29.425] Load MU model: Squad/Parts/Aero/airplaneFins/Canard
[LOG 19:14:29.425] Load MU model: Squad/Parts/Aero/airplaneFins/Swept
[LOG 19:14:29.425] Load MU model: Squad/Parts/Aero/airplaneFins/TailFin
[LOG 19:14:29.425] Load MU model: Squad/Parts/Aero/basicFin/basicFin
[LOG 19:14:29.425] Load MU model: Squad/Parts/Aero/circularIntake/CircularIntake
[LOG 19:14:29.428] Load MU model: Squad/Parts/Aero/circularIntake/ConeIntake
[LOG 19:14:29.428] Load MU model: Squad/Parts/Aero/cones/Assets/AvioCone
[LOG 19:14:29.430] Load MU model: Squad/Parts/Aero/cones/Assets/ConeA
[LOG 19:14:29.430] Load MU model: Squad/Parts/Aero/cones/Assets/ConeB
[LOG 19:14:29.430] Load MU model: Squad/Parts/Aero/cones/Assets/NCS
[LOG 19:14:29.431] Load MU model: Squad/Parts/Aero/cones/Assets/orangeNoseCone
[LOG 19:14:29.434] Load MU model: Squad/Parts/Aero/cones/Assets/rocketNoseCone
[LOG 19:14:29.434] Load MU model: Squad/Parts/Aero/cones/Assets/rocketNoseCone_v2
[LOG 19:14:29.437] Load MU model: Squad/Parts/Aero/cones/Assets/rocketNoseCone_v3
[LOG 19:14:29.437] Load MU model: Squad/Parts/Aero/cones/Assets/TailA
[LOG 19:14:29.437] Load MU model: Squad/Parts/Aero/cones/Assets/TailB
[LOG 19:14:29.438] Load MU model: Squad/Parts/Aero/cones/Assets/TinyCone
[LOG 19:14:29.438] Load MU model: Squad/Parts/Aero/fairings/AutoTruss
[LOG 19:14:29.438] Load MU model: Squad/Parts/Aero/fairings/fairingSize1
[LOG 19:14:29.439] Load MU model: Squad/Parts/Aero/fairings/fairingSize2
[LOG 19:14:29.439] Load MU model: Squad/Parts/Aero/fairings/fairingSize3
[LOG 19:14:29.439] Load MU model: Squad/Parts/Aero/HeatShield/HeatShield0
[LOG 19:14:29.440] Load MU model: Squad/Parts/Aero/HeatShield/HeatShield1
[LOG 19:14:29.440] Load MU model: Squad/Parts/Aero/HeatShield/HeatShield2
[LOG 19:14:29.441] Load MU model: Squad/Parts/Aero/HeatShield/HeatShield3
[LOG 19:14:29.442] Load MU model: Squad/Parts/Aero/InflatableHeatShield/HeatShield
[LOG 19:14:29.447] Load MU model: Squad/Parts/Aero/intakeRadialLong/IntakeRadial
[LOG 19:14:29.447] Load MU model: Squad/Parts/Aero/miniIntake/SmallIntake
[LOG 19:14:29.447] Load MU model: Squad/Parts/Aero/ramAirIntake/RampIntake
[LOG 19:14:29.447] Load MU model: Squad/Parts/Aero/shuttleWings/ShuttleDeltaWing
[LOG 19:14:29.448] Load MU model: Squad/Parts/Aero/shuttleWings/ShuttleElevonA
[LOG 19:14:29.448] Load MU model: Squad/Parts/Aero/shuttleWings/ShuttleElevonB
[LOG 19:14:29.448] Load MU model: Squad/Parts/Aero/shuttleWings/ShuttleRudder
[LOG 19:14:29.448] Load MU model: Squad/Parts/Aero/shuttleWings/ShuttleStrake
[LOG 19:14:29.449] Load MU model: Squad/Parts/Aero/wingletAV-R8/model
[LOG 19:14:29.449] Load MU model: Squad/Parts/Aero/wingletAV-T1/model
[LOG 19:14:29.451] Load MU model: Squad/Parts/Aero/wingletDeltaDeluxe/model
[LOG 19:14:29.454] Load MU model: Squad/Parts/Aero/wings/connector1
[LOG 19:14:29.454] Load MU model: Squad/Parts/Aero/wings/connector2
[LOG 19:14:29.454] Load MU model: Squad/Parts/Aero/wings/connector3
[LOG 19:14:29.454] Load MU model: Squad/Parts/Aero/wings/connector4
[LOG 19:14:29.454] Load MU model: Squad/Parts/Aero/wings/connector5
[LOG 19:14:29.457] Load MU model: Squad/Parts/Aero/wings/delta
[LOG 19:14:29.457] Load MU model: Squad/Parts/Aero/wings/delta_small
[LOG 19:14:29.457] Load MU model: Squad/Parts/Aero/wings/elevon1
[LOG 19:14:29.457] Load MU model: Squad/Parts/Aero/wings/elevon2
[LOG 19:14:29.457] Load MU model: Squad/Parts/Aero/wings/elevon3
[LOG 19:14:29.457] Load MU model: Squad/Parts/Aero/wings/elevon4
[LOG 19:14:29.458] Load MU model: Squad/Parts/Aero/wings/elevon5
[LOG 19:14:29.458] Load MU model: Squad/Parts/Aero/wings/strake
[LOG 19:14:29.458] Load MU model: Squad/Parts/Aero/wings/structural1
[LOG 19:14:29.458] Load MU model: Squad/Parts/Aero/wings/structural2
[LOG 19:14:29.458] Load MU model: Squad/Parts/Aero/wings/structural3
[LOG 19:14:29.458] Load MU model: Squad/Parts/Aero/wings/structural4
[LOG 19:14:29.459] Load MU model: Squad/Parts/Aero/wings/swept1
[LOG 19:14:29.459] Load MU model: Squad/Parts/Aero/wings/swept2
[LOG 19:14:29.459] Load MU model: Squad/Parts/Cargo/CargoContainers/cargoContainer
[LOG 19:14:29.459] Load MU model: Squad/Parts/Cargo/CargoContainers/smallCargoContainer
[LOG 19:14:29.459] Load MU model: Squad/Parts/Cargo/Cylinder/EVAcylinder
[LOG 19:14:29.460] Load MU model: Squad/Parts/Cargo/GroundAnchor/groundAnchor
[LOG 19:14:29.461] Load MU model: Squad/Parts/Cargo/Jetpack/Jetpack
[LOG 19:14:29.461] Load MU model: Squad/Parts/Cargo/Parachute/Parachute
[LOG 19:14:29.461] Load MU model: Squad/Parts/Cargo/RepairKit/RepairKit
[LOG 19:14:29.486] Load MU model: Squad/Parts/Cargo/ScienceKit/ExperimentKit
[LOG 19:14:29.490] Load MU model: Squad/Parts/Cargo/StorageUnits/Assets/CargoStorageUnit
[LOG 19:14:29.490] Load MU model: Squad/Parts/Cargo/StorageUnits/Assets/ConformalStorageUnit
[LOG 19:14:29.490] Load MU model: Squad/Parts/Command/advancedSasModuleLarge/model
[LOG 19:14:29.491] Load MU model: Squad/Parts/Command/cupola/model
[LOG 19:14:29.493] Load MU model: Squad/Parts/Command/externalCommandSeat/model
[LOG 19:14:29.493] Load MU model: Squad/Parts/Command/hitchhikerStorageContainer/model
[LOG 19:14:29.493] Load MU model: Squad/Parts/Command/inlineAdvancedStabilizer/model
[LOG 19:14:29.493] Load MU model: Squad/Parts/Command/inlineReactionWheel/model
[LOG 19:14:29.494] Load MU model: Squad/Parts/Command/Mk1-3Pod/Mk1-3
[LOG 19:14:29.497] Load MU model: Squad/Parts/Command/mk1Cockpits/Cabin
[LOG 19:14:29.497] Load MU model: Squad/Parts/Command/mk1Cockpits/CockpitInline
[LOG 19:14:29.498] Load MU model: Squad/Parts/Command/mk1Cockpits/CockpitStandard
[LOG 19:14:29.516] Load MU model: Squad/Parts/Command/mk1LanderCan/model
[LOG 19:14:29.516] Load MU model: Squad/Parts/Command/mk1pod_v2/Mk1Pod_v2
[LOG 19:14:29.516] Load MU model: Squad/Parts/Command/mk2CockpitInline/model
[LOG 19:14:29.517] Load MU model: Squad/Parts/Command/mk2CockpitStandard/model
[LOG 19:14:29.517] Load MU model: Squad/Parts/Command/mk2DroneCore/model
[LOG 19:14:29.519] Load MU model: Squad/Parts/Command/mk2LanderCan/model
[LOG 19:14:29.519] Load MU model: Squad/Parts/Command/mk2LanderCan_v2/mk2LanderCan
[LOG 19:14:29.522] Load MU model: Squad/Parts/Command/mk3CockpitShuttle/model
[LOG 19:14:29.522] Load MU model: Squad/Parts/Command/MpoProbe/MpoProbe
[LOG 19:14:29.522] Load MU model: Squad/Parts/Command/MtmStage/MTM_Stage
[LOG 19:14:29.523] Load MU model: Squad/Parts/Command/probeCoreCube/probeCoreCube
[LOG 19:14:29.523] Load MU model: Squad/Parts/Command/probeCoreHex/model
[LOG 19:14:29.523] Load MU model: Squad/Parts/Command/probeCoreHex_v2/model
[LOG 19:14:29.524] Load MU model: Squad/Parts/Command/probeCoreOcto2_v2/probeCoreOcto2_v2
[LOG 19:14:29.528] Load MU model: Squad/Parts/Command/probeCoreOcto_v2/probeCoreOcto_v2
[LOG 19:14:29.528] Load MU model: Squad/Parts/Command/probeRoverBody/model
[LOG 19:14:29.529] Load MU model: Squad/Parts/Command/probeRoverBody_v2/probeRoverBody_v2
[LOG 19:14:29.529] Load MU model: Squad/Parts/Command/probeStackLarge/model
[LOG 19:14:29.529] Load MU model: Squad/Parts/Command/probeStackSmall/model
[LOG 19:14:29.529] Load MU model: Squad/Parts/Command/probeStackSphere_v2/probeStackSphere_v2
[LOG 19:14:29.530] Load MU model: Squad/Parts/CompoundParts/FuelLine/model
[LOG 19:14:29.530] Load MU model: Squad/Parts/CompoundParts/strutConnector/model
[LOG 19:14:29.530] Load MU model: Squad/Parts/Coupling/Assets/Decoupler_0
[LOG 19:14:29.530] Load MU model: Squad/Parts/Coupling/Assets/Decoupler_1
[LOG 19:14:29.535] Load MU model: Squad/Parts/Coupling/Assets/Decoupler_1p5
[LOG 19:14:29.535] Load MU model: Squad/Parts/Coupling/Assets/Decoupler_2
[LOG 19:14:29.538] Load MU model: Squad/Parts/Coupling/Assets/Decoupler_3
[LOG 19:14:29.538] Load MU model: Squad/Parts/Coupling/Assets/Decoupler_4
[LOG 19:14:29.538] Load MU model: Squad/Parts/Coupling/Assets/Separator_0
[LOG 19:14:29.539] Load MU model: Squad/Parts/Coupling/Assets/Separator_1
[LOG 19:14:29.539] Load MU model: Squad/Parts/Coupling/Assets/Separator_1p5
[LOG 19:14:29.539] Load MU model: Squad/Parts/Coupling/Assets/Separator_2
[LOG 19:14:29.540] Load MU model: Squad/Parts/Coupling/Assets/Separator_3
[LOG 19:14:29.540] Load MU model: Squad/Parts/Coupling/Assets/Separator_4
[LOG 19:14:29.544] Load MU model: Squad/Parts/Electrical/10CSolarPanels/assets/OX-10C
[LOG 19:14:29.547] Load MU model: Squad/Parts/Electrical/10CSolarPanels/assets/SP-10C
[LOG 19:14:29.550] Load MU model: Squad/Parts/Electrical/10LSolarPanels/assets/OX-10L
[LOG 19:14:29.551] Load MU model: Squad/Parts/Electrical/10LSolarPanels/assets/SP-10L
[LOG 19:14:29.555] Load MU model: Squad/Parts/Electrical/1x6ShroudSolarPanels/model
[LOG 19:14:29.555] Load MU model: Squad/Parts/Electrical/1x6SolarPanels/model
[LOG 19:14:29.559] Load MU model: Squad/Parts/Electrical/3x2ShroudSolarPanels/model
[LOG 19:14:29.559] Load MU model: Squad/Parts/Electrical/3x2SolarPanels/model
[LOG 19:14:29.560] Load MU model: Squad/Parts/Electrical/gigantorXlSolarArray/model
[LOG 19:14:29.563] Load MU model: Squad/Parts/Electrical/radialFlatSolarPanel/model
[LOG 19:14:29.563] Load MU model: Squad/Parts/Electrical/RTG/model
[LOG 19:14:29.563] Load MU model: Squad/Parts/Electrical/z-100Battery/model
[LOG 19:14:29.563] Load MU model: Squad/Parts/Electrical/z-1kBattery/model
[LOG 19:14:29.563] Load MU model: Squad/Parts/Electrical/z-200Battery/model
[LOG 19:14:29.564] Load MU model: Squad/Parts/Electrical/z-400Battery/model
[LOG 19:14:29.564] Load MU model: Squad/Parts/Electrical/z-4kBattery/model
[LOG 19:14:29.564] Load MU model: Squad/Parts/Engine/ionEngine/model
[LOG 19:14:29.564] Load MU model: Squad/Parts/Engine/jetEngines/turbineInside
[LOG 19:14:29.564] Load MU model: Squad/Parts/Engine/jetEngines/turboFanSize1
[LOG 19:14:29.565] Load MU model: Squad/Parts/Engine/jetEngines/turboFanSize2
[LOG 19:14:29.566] Load MU model: Squad/Parts/Engine/jetEngines/turboJet
[LOG 19:14:29.567] Load MU model: Squad/Parts/Engine/jetEngines/turboRamJet
[LOG 19:14:29.567] Load MU model: Squad/Parts/Engine/liquidEngine24-77/model
[LOG 19:14:29.575] Load MU model: Squad/Parts/Engine/liquidEngine24-77_v2/Twitch_v2
[LOG 19:14:29.575] Load MU model: Squad/Parts/Engine/liquidEngine48-7S_v2/SparkV2
[LOG 19:14:29.576] Load MU model: Squad/Parts/Engine/liquidEngineAerospike/AeroSpike
[LOG 19:14:29.576] Load MU model: Squad/Parts/Engine/liquidEngineLV-1_v2/Assets/Ant
[LOG 19:14:29.579] Load MU model: Squad/Parts/Engine/liquidEngineLV-1_v2/Assets/Spider
[LOG 19:14:29.579] Load MU model: Squad/Parts/Engine/liquidEngineLV-909_v2/TerrierV2
[LOG 19:14:29.580] Load MU model: Squad/Parts/Engine/liquidEngineLV-N/model
[LOG 19:14:29.581] Load MU model: Squad/Parts/Engine/liquidEngineLV-T30/model
[LOG 19:14:29.581] Load MU model: Squad/Parts/Engine/liquidEngineLV-T30_v2/Reliant_v2
[LOG 19:14:29.583] Load MU model: Squad/Parts/Engine/liquidEngineLV-T45/model
[LOG 19:14:29.584] Load MU model: Squad/Parts/Engine/liquidEngineLV-T45_v2/Swivel_v2
[LOG 19:14:29.585] Load MU model: Squad/Parts/Engine/liquidEngineMainsail_v2/liquidEngineMainsail_v2
[LOG 19:14:29.588] Load MU model: Squad/Parts/Engine/liquidEngineMk55/Thud
[LOG 19:14:29.588] Load MU model: Squad/Parts/Engine/liquidEnginePoodle_v2/LqdEnginePoodle_v2
[LOG 19:14:29.594] Load MU model: Squad/Parts/Engine/liquidEngineSkipper_v2/skipper_v2
[LOG 19:14:29.597] Load MU model: Squad/Parts/Engine/liquidEngineSSME/SSME
[LOG 19:14:29.598] Load MU model: Squad/Parts/Engine/MassiveSRB/MassiveSRB
[LOG 19:14:29.599] Load MU model: Squad/Parts/Engine/miniJet/SmallJet
[LOG 19:14:29.599] Load MU model: Squad/Parts/Engine/OMSEngine/Puff_v2
[LOG 19:14:29.600] Load MU model: Squad/Parts/Engine/rapierEngine/rapier
[LOG 19:14:29.600] Load MU model: Squad/Parts/Engine/Size1_SRBs/SRB10
[LOG 19:14:29.601] Load MU model: Squad/Parts/Engine/Size1_SRBs/SRB5
[LOG 19:14:29.602] Load MU model: Squad/Parts/Engine/Size2LFB/Size2LFB
[LOG 19:14:29.602] Load MU model: Squad/Parts/Engine/Size2LFB_v2/Size2LFB_v2
[LOG 19:14:29.604] Load MU model: Squad/Parts/Engine/Size3AdvancedEngine/Size3AdvancedEngine
[LOG 19:14:29.605] Load MU model: Squad/Parts/Engine/Size3EngineCluster/Size3EngineCluster
[LOG 19:14:29.606] Load MU model: Squad/Parts/Engine/solidBoosterBACC/model
[LOG 19:14:29.607] Load MU model: Squad/Parts/Engine/solidBoosterS2-17/solidBoosterS2-17
[LOG 19:14:29.607] Load MU model: Squad/Parts/Engine/solidBoosterS2-33/solidBoosterS2-33
[LOG 19:14:29.608] Load MU model: Squad/Parts/Engine/solidBoosterSep/model
[LOG 19:14:29.608] Load MU model: Squad/Parts/Engine/SolidBoostersF/Assets/SolidBoosterF3S0
[LOG 19:14:29.609] Load MU model: Squad/Parts/Engine/SolidBoostersF/Assets/SolidBoosterFM1
[LOG 19:14:29.609] Load MU model: Squad/Parts/FuelTank/adapterTanks/Mk3-Mk2
[LOG 19:14:29.610] Load MU model: Squad/Parts/FuelTank/adapterTanks/Mk3-Size2
[LOG 19:14:29.610] Load MU model: Squad/Parts/FuelTank/adapterTanks/Mk3-Size2Slant
[LOG 19:14:29.610] Load MU model: Squad/Parts/FuelTank/adapterTanks/ShuttleAdapter
[LOG 19:14:29.610] Load MU model: Squad/Parts/FuelTank/adapterTanks/Size2-Mk2
[LOG 19:14:29.611] Load MU model: Squad/Parts/FuelTank/adapterTanks/Size2-Size1
[LOG 19:14:29.611] Load MU model: Squad/Parts/FuelTank/adapterTanks/Size2-Size1Slant
[LOG 19:14:29.611] Load MU model: Squad/Parts/FuelTank/adapterTanks/Size3-Mk3
[LOG 19:14:29.611] Load MU model: Squad/Parts/FuelTank/drainTankFTE-1/fuelValve
[LOG 19:14:29.612] Load MU model: Squad/Parts/FuelTank/FoilTanks/RadialTank_Capsule
[LOG 19:14:29.612] Load MU model: Squad/Parts/FuelTank/FoilTanks/RadialTank_Round
[LOG 19:14:29.612] Load MU model: Squad/Parts/FuelTank/FoilTanks/ToroidTank
[LOG 19:14:29.613] Load MU model: Squad/Parts/FuelTank/fuelTankOscarB/model
[LOG 19:14:29.613] Load MU model: Squad/Parts/FuelTank/miniFuselage/Fuselage
[LOG 19:14:29.613] Load MU model: Squad/Parts/FuelTank/mk2Adapters/bicoupler
[LOG 19:14:29.614] Load MU model: Squad/Parts/FuelTank/mk2Adapters/long
[LOG 19:14:29.614] Load MU model: Squad/Parts/FuelTank/mk2Adapters/standard
[LOG 19:14:29.614] Load MU model: Squad/Parts/FuelTank/mk2FuselageLong/FuselageLongLFO
[LOG 19:14:29.614] Load MU model: Squad/Parts/FuelTank/mk2FuselageLong/FuselageLongLiquid
[LOG 19:14:29.614] Load MU model: Squad/Parts/FuelTank/mk2FuselageShort/FuselageShortLFO
[LOG 19:14:29.615] Load MU model: Squad/Parts/FuelTank/mk2FuselageShort/FuselageShortLiquid
[LOG 19:14:29.615] Load MU model: Squad/Parts/FuelTank/mk2FuselageShort/FuselageShortMono
[LOG 19:14:29.615] Load MU model: Squad/Parts/FuelTank/mk3Fuselage/CREW
[LOG 19:14:29.616] Load MU model: Squad/Parts/FuelTank/mk3Fuselage/LFO_100
[LOG 19:14:29.616] Load MU model: Squad/Parts/FuelTank/mk3Fuselage/LFO_25
[LOG 19:14:29.616] Load MU model: Squad/Parts/FuelTank/mk3Fuselage/LFO_50
[LOG 19:14:29.616] Load MU model: Squad/Parts/FuelTank/mk3Fuselage/LF_100
[LOG 19:14:29.616] Load MU model: Squad/Parts/FuelTank/mk3Fuselage/LF_25
[LOG 19:14:29.616] Load MU model: Squad/Parts/FuelTank/mk3Fuselage/LF_50
[LOG 19:14:29.617] Load MU model: Squad/Parts/FuelTank/mk3Fuselage/MONO
[LOG 19:14:29.617] Load MU model: Squad/Parts/FuelTank/RCSFuelTankR1/RCSFuelTankR1_01
[LOG 19:14:29.617] Load MU model: Squad/Parts/FuelTank/RCSFuelTankR10/model
[LOG 19:14:29.618] Load MU model: Squad/Parts/FuelTank/RCSFuelTankR25/RCSFuelTankR25
[LOG 19:14:29.618] Load MU model: Squad/Parts/FuelTank/RCSTankRadial/model
[LOG 19:14:29.618] Load MU model: Squad/Parts/FuelTank/RCStankRadialLong/model
[LOG 19:14:29.618] Load MU model: Squad/Parts/FuelTank/RockomaxTanks/Assets/Rockomax16
[LOG 19:14:29.618] Load MU model: Squad/Parts/FuelTank/RockomaxTanks/Assets/Rockomax32
[LOG 19:14:29.619] Load MU model: Squad/Parts/FuelTank/RockomaxTanks/Assets/Rockomax64
[LOG 19:14:29.619] Load MU model: Squad/Parts/FuelTank/RockomaxTanks/Assets/Rockomax8
[LOG 19:14:29.620] Load MU model: Squad/Parts/FuelTank/Size1_Tanks/Size1Tank_01
[LOG 19:14:29.621] Load MU model: Squad/Parts/FuelTank/Size1_Tanks/Size1Tank_02
[LOG 19:14:29.621] Load MU model: Squad/Parts/FuelTank/Size1_Tanks/Size1Tank_03
[LOG 19:14:29.622] Load MU model: Squad/Parts/FuelTank/Size1_Tanks/Size1Tank_04
[LOG 19:14:29.622] Load MU model: Squad/Parts/FuelTank/Size3Tanks/Size3LargeTank
[LOG 19:14:29.622] Load MU model: Squad/Parts/FuelTank/Size3Tanks/Size3MediumTank
[LOG 19:14:29.623] Load MU model: Squad/Parts/FuelTank/Size3Tanks/Size3SmallTank
[LOG 19:14:29.623] Load MU model: Squad/Parts/FuelTank/xenonTank/model
[LOG 19:14:29.623] Load MU model: Squad/Parts/FuelTank/xenonTankLarge/model
[LOG 19:14:29.624] Load MU model: Squad/Parts/FuelTank/xenonTankRadial/model
[LOG 19:14:29.624] Load MU model: Squad/Parts/Misc/AsteroidDay/CamSat
[LOG 19:14:29.624] Load MU model: Squad/Parts/Misc/AsteroidDay/HECS2
[LOG 19:14:29.625] Load MU model: Squad/Parts/Misc/AsteroidDay/HighGainAntenna
[LOG 19:14:29.626] Load MU model: Squad/Parts/Misc/AsteroidDay/LgRadialSolar
[LOG 19:14:29.626] Load MU model: Squad/Parts/Misc/PotatoComet/Cube
[LOG 19:14:29.626] Load MU model: Squad/Parts/Misc/PotatoRoid/Cube
[LOG 19:14:29.626] Load MU model: Squad/Parts/Resources/FuelCell/FuelCell
[LOG 19:14:29.626] Load MU model: Squad/Parts/Resources/FuelCell/FuelCellArray
[LOG 19:14:29.627] Load MU model: Squad/Parts/Resources/ISRU/ISRU
[LOG 19:14:29.628] Load MU model: Squad/Parts/Resources/LargeTank/LargeTank
[LOG 19:14:29.628] Load MU model: Squad/Parts/Resources/MiniDrill/MiniDrill
[LOG 19:14:29.630] Load MU model: Squad/Parts/Resources/MiniISRU/MiniISRU
[LOG 19:14:29.631] Load MU model: Squad/Parts/Resources/OrbitalScanner/OrbitalScanner
[LOG 19:14:29.632] Load MU model: Squad/Parts/Resources/RadialDrill/TriBitDrill
[LOG 19:14:29.636] Load MU model: Squad/Parts/Resources/RadialTank/RadialOreTank
[LOG 19:14:29.636] Load MU model: Squad/Parts/Resources/SmallTank/SmallTank
[LOG 19:14:29.636] Load MU model: Squad/Parts/Resources/SurfaceScanner/SurfaceScanner
[LOG 19:14:29.637] Load MU model: Squad/Parts/Resources/SurveyScanner/SurveyScanner
[LOG 19:14:29.637] Load MU model: Squad/Parts/Science/AtmosphereSensor/model
[LOG 19:14:29.637] Load MU model: Squad/Parts/Science/GooExperiment/GooExperiment
[LOG 19:14:29.637] Load MU model: Squad/Parts/Science/LargeCrewedLab/large_crewed_lab
[LOG 19:14:29.638] Load MU model: Squad/Parts/Science/Magnetometer/Magnetometer
[LOG 19:14:29.643] Load MU model: Squad/Parts/Science/MaterialBay/science_module_small
[LOG 19:14:29.644] Load MU model: Squad/Parts/Science/ScienceBox/ScienceBox
[LOG 19:14:29.644] Load MU model: Squad/Parts/Science/sensorAccelerometer/model
[LOG 19:14:29.644] Load MU model: Squad/Parts/Science/sensorBarometer/model
[LOG 19:14:29.644] Load MU model: Squad/Parts/Science/sensorGravimeter/model
[LOG 19:14:29.644] Load MU model: Squad/Parts/Science/sensorThermometer/model
[LOG 19:14:29.645] Load MU model: Squad/Parts/Structural/FLAdapters/Assets/adapterSmallMiniShort_v2
[LOG 19:14:29.645] Load MU model: Squad/Parts/Structural/FLAdapters/Assets/adapterSmallMiniTall_v2
[LOG 19:14:29.645] Load MU model: Squad/Parts/Structural/mk1Parts/Fuselage
[LOG 19:14:29.645] Load MU model: Squad/Parts/Structural/mk1Parts/IntakeFuselage
[LOG 19:14:29.646] Load MU model: Squad/Parts/Structural/mk1Parts/Nacelle1
[LOG 19:14:29.646] Load MU model: Squad/Parts/Structural/mk1Parts/Nacelle2
[LOG 19:14:29.646] Load MU model: Squad/Parts/Structural/mk1Parts/Structural
[LOG 19:14:29.646] Load MU model: Squad/Parts/Structural/mk1Parts/StructuralHollow
[LOG 19:14:29.647] Load MU model: Squad/Parts/Structural/Size3To2Adapter_v2/Size2to3_v2
[LOG 19:14:29.647] Load MU model: Squad/Parts/Structural/stackAdapters/Assets/adapterLargeSmallBi
[LOG 19:14:29.647] Load MU model: Squad/Parts/Structural/stackAdapters/Assets/adapterLargeSmallQuad
[LOG 19:14:29.648] Load MU model: Squad/Parts/Structural/stackAdapters/Assets/adapterLargeSmallTri
[LOG 19:14:29.648] Load MU model: Squad/Parts/Structural/stationHub/model
[LOG 19:14:29.648] Load MU model: Squad/Parts/Structural/structuralIBeam200/model
[LOG 19:14:29.648] Load MU model: Squad/Parts/Structural/structuralIBeam200Pocket/model
[LOG 19:14:29.649] Load MU model: Squad/Parts/Structural/structuralIBeam650/model
[LOG 19:14:29.649] Load MU model: Squad/Parts/Structural/structuralMicronode/model
[LOG 19:14:29.649] Load MU model: Squad/Parts/Structural/structuralPanel1x1/model
[LOG 19:14:29.649] Load MU model: Squad/Parts/Structural/structuralPanel2x2/model
[LOG 19:14:29.649] Load MU model: Squad/Parts/Structural/structuralPylons/PylonBig
[LOG 19:14:29.649] Load MU model: Squad/Parts/Structural/structuralPylons/PylonSmall
[LOG 19:14:29.650] Load MU model: Squad/Parts/Structural/strutCubicOcto/model
[LOG 19:14:29.650] Load MU model: Squad/Parts/Structural/strutOcto/model
[LOG 19:14:29.650] Load MU model: Squad/Parts/Structural/trussGirderAdapter/model
[LOG 19:14:29.650] Load MU model: Squad/Parts/Structural/trussGirderL/model
[LOG 19:14:29.650] Load MU model: Squad/Parts/Structural/trussGirderXL/model
[LOG 19:14:29.651] Load MU model: Squad/Parts/Thermal/FoldingRadiators/foldingRadLarge
[LOG 19:14:29.657] Load MU model: Squad/Parts/Thermal/FoldingRadiators/foldingRadMed
[LOG 19:14:29.660] Load MU model: Squad/Parts/Thermal/FoldingRadiators/foldingRadSmall
[LOG 19:14:29.662] Load MU model: Squad/Parts/Thermal/RadiatorPanels/radPanelEdge
[LOG 19:14:29.662] Load MU model: Squad/Parts/Thermal/RadiatorPanels/radPanelLg
[LOG 19:14:29.663] Load MU model: Squad/Parts/Thermal/RadiatorPanels/radPanelSm
[LOG 19:14:29.663] Load MU model: Squad/Parts/Utility/commDish88-88/model
[LOG 19:14:29.668] Load MU model: Squad/Parts/Utility/commsAntennaDTS-M1/mediumDishAntenna
[LOG 19:14:29.670] Load MU model: Squad/Parts/Utility/commsDish16/model
[LOG 19:14:29.670] Load MU model: Squad/Parts/Utility/decouplerRadialHDM/model
[LOG 19:14:29.670] Load MU model: Squad/Parts/Utility/decouplerRadialTT-38K/model
[LOG 19:14:29.671] Load MU model: Squad/Parts/Utility/decouplerRadialTT-70/model
[LOG 19:14:29.671] Load MU model: Squad/Parts/Utility/DirectAntennas/HGAntenna
[LOG 19:14:29.672] Load MU model: Squad/Parts/Utility/DirectAntennas/HGAntenna_v2
[LOG 19:14:29.673] Load MU model: Squad/Parts/Utility/DirectAntennas/SurfAntenna
[LOG 19:14:29.673] Load MU model: Squad/Parts/Utility/dockingPort/dockingPort
[LOG 19:14:29.674] Load MU model: Squad/Parts/Utility/dockingPortInline/dockingPortInline
[LOG 19:14:29.674] Load MU model: Squad/Parts/Utility/dockingPortJr/dockingPortJr
[LOG 19:14:29.675] Load MU model: Squad/Parts/Utility/dockingPortShielded/dockingPortShielded
[LOG 19:14:29.676] Load MU model: Squad/Parts/Utility/dockingPortSr/dockingPortSr
[LOG 19:14:29.677] Load MU model: Squad/Parts/Utility/Fireworks/Assets/fireworksLauncherBig
[LOG 19:14:29.678] Load MU model: Squad/Parts/Utility/Fireworks/Assets/fireworksLauncherSmall
[LOG 19:14:29.679] Load MU model: Squad/Parts/Utility/flags/flagFlat/flagFlatMeshes
[LOG 19:14:29.684] Load MU model: Squad/Parts/Utility/flags/flagSize0/flagSize0Meshes
[LOG 19:14:29.686] Load MU model: Squad/Parts/Utility/flags/flagSize1/flagSize1Meshes
[LOG 19:14:29.687] Load MU model: Squad/Parts/Utility/flags/flagSize2/flagSize2Meshes
[LOG 19:14:29.689] Load MU model: Squad/Parts/Utility/flags/flagSize3/flagSize3Meshes
[LOG 19:14:29.691] Load MU model: Squad/Parts/Utility/GrapplingDevice/GrapplingArm
[LOG 19:14:29.697] Load MU model: Squad/Parts/Utility/ladderRadial/model
[LOG 19:14:29.697] Load MU model: Squad/Parts/Utility/ladderTelescopic/model
[LOG 19:14:29.698] Load MU model: Squad/Parts/Utility/ladderTelescopicBay/model
[LOG 19:14:29.700] Load MU model: Squad/Parts/Utility/landingLegLT-1/model
[LOG 19:14:29.701] Load MU model: Squad/Parts/Utility/landingLegLT-2/model
[LOG 19:14:29.701] Load MU model: Squad/Parts/Utility/landingLegLT-5/model
[WRN 19:14:29.703] WheelCollider requires an attached Rigidbody to function.
[WRN 19:14:29.703] WheelCollider requires an attached Rigidbody to function.
[LOG 19:14:29.704] Load MU model: Squad/Parts/Utility/launchClamp1/model
[LOG 19:14:29.704] Load MU model: Squad/Parts/Utility/launchEscapeSystem/LaunchEscapeSystem
[LOG 19:14:29.705] Load MU model: Squad/Parts/Utility/Lights/Assets/light_02
[LOG 19:14:29.705] Load MU model: Squad/Parts/Utility/Lights/Assets/light_03
[LOG 19:14:29.706] Load MU model: Squad/Parts/Utility/Lights/Assets/light_04
[LOG 19:14:29.706] Load MU model: Squad/Parts/Utility/Lights/Assets/light_07
[LOG 19:14:29.706] Load MU model: Squad/Parts/Utility/Lights/Assets/light_08
[LOG 19:14:29.707] Load MU model: Squad/Parts/Utility/Lights/Assets/light_12
[LOG 19:14:29.708] Load MU model: Squad/Parts/Utility/linearVernorRCS/Assets/linearRCS
[LOG 19:14:29.708] Load MU model: Squad/Parts/Utility/linearVernorRCS/Assets/vernorEngine
[LOG 19:14:29.708] Load MU model: Squad/Parts/Utility/mk2CargoBay/BayLarge
[LOG 19:14:29.709] Load MU model: Squad/Parts/Utility/mk2CargoBay/BaySmall
[LOG 19:14:29.709] Load MU model: Squad/Parts/Utility/mk2CrewCabin/model
[LOG 19:14:29.710] Load MU model: Squad/Parts/Utility/mk2DockingPort/mk2Dockingport
[LOG 19:14:29.711] Load MU model: Squad/Parts/Utility/mk3CargoBay/long
[LOG 19:14:29.711] Load MU model: Squad/Parts/Utility/mk3CargoBay/medium
[LOG 19:14:29.712] Load MU model: Squad/Parts/Utility/mk3CargoBay/ramp
[LOG 19:14:29.714] Load MU model: Squad/Parts/Utility/mk3CargoBay/short
[LOG 19:14:29.715] Load MU model: Squad/Parts/Utility/parachuteMk1/model
[LOG 19:14:29.715] Load MU model: Squad/Parts/Utility/parachuteMk12-R/model
[LOG 19:14:29.715] Load MU model: Squad/Parts/Utility/parachuteMk16-XL/model
[LOG 19:14:29.716] Load MU model: Squad/Parts/Utility/parachuteMk2-R/model
[LOG 19:14:29.716] Load MU model: Squad/Parts/Utility/parachuteMk25/model
[LOG 19:14:29.716] Load MU model: Squad/Parts/Utility/radialAttachmentPoint/model
[LOG 19:14:29.717] Load MU model: Squad/Parts/Utility/rcsBlockRV-105_v2/rcsBlock105
[LOG 19:14:29.718] Load MU model: Squad/Parts/Utility/rcsSmallLinear/Assets/RCSLinearSmall
[LOG 19:14:29.718] Load MU model: Squad/Parts/Utility/RelayAntennas/HGAntenna
[LOG 19:14:29.719] Load MU model: Squad/Parts/Utility/RelayAntennas/RA-100
[LOG 19:14:29.719] Load MU model: Squad/Parts/Utility/RelayAntennas/RA-5
[LOG 19:14:29.720] Load MU model: Squad/Parts/Utility/RelayAntennas/RA-50
[LOG 19:14:29.720] Load MU model: Squad/Parts/Utility/rockomaxAdapters/Assets/brandAdapter
[LOG 19:14:29.720] Load MU model: Squad/Parts/Utility/rockomaxAdapters/Assets/brandAdapter02
[LOG 19:14:29.720] Load MU model: Squad/Parts/Utility/ServiceBay_v2/Assets/ServiceBay_125_v2
[LOG 19:14:29.722] Load MU model: Squad/Parts/Utility/ServiceBay_v2/Assets/ServiceBay_250_v2
[LOG 19:14:29.723] Load MU model: Squad/Parts/Utility/smallClaw/smallClaw
[LOG 19:14:29.728] Load MU model: Squad/Parts/Utility/spotLightMk1/model
[LOG 19:14:29.729] Load MU model: Squad/Parts/Utility/spotLightMk1_v2/model
[LOG 19:14:29.729] Load MU model: Squad/Parts/Utility/spotLightMk2/model
[LOG 19:14:29.729] Load MU model: Squad/Parts/Utility/spotLightMk2_v2/model
[LOG 19:14:29.730] Load MU model: Squad/Parts/Utility/stackCouplers/Assets/stackBiCoupler_v2
[LOG 19:14:29.730] Load MU model: Squad/Parts/Utility/stackCouplers/Assets/stackQuadCoupler
[LOG 19:14:29.730] Load MU model: Squad/Parts/Utility/stackCouplers/Assets/stackTriCoupler_v2
[LOG 19:14:29.730] Load MU model: Squad/Parts/Wheel/LandingGear/GearExtraLarge
[WRN 19:14:29.732] WheelCollider requires an attached Rigidbody to function.
[WRN 19:14:29.732] WheelCollider requires an attached Rigidbody to function.
[LOG 19:14:29.733] Load MU model: Squad/Parts/Wheel/LandingGear/GearFixed
[WRN 19:14:29.733] WheelCollider requires an attached Rigidbody to function.
[WRN 19:14:29.734] WheelCollider requires an attached Rigidbody to function.
[LOG 19:14:29.734] Load MU model: Squad/Parts/Wheel/LandingGear/GearFree
[WRN 19:14:29.734] WheelCollider requires an attached Rigidbody to function.
[WRN 19:14:29.734] WheelCollider requires an attached Rigidbody to function.
[LOG 19:14:29.734] Load MU model: Squad/Parts/Wheel/LandingGear/GearLarge
[WRN 19:14:29.734] WheelCollider requires an attached Rigidbody to function.
[WRN 19:14:29.734] WheelCollider requires an attached Rigidbody to function.
[LOG 19:14:29.735] Load MU model: Squad/Parts/Wheel/LandingGear/GearMedium
[WRN 19:14:29.736] WheelCollider requires an attached Rigidbody to function.
[WRN 19:14:29.736] WheelCollider requires an attached Rigidbody to function.
[LOG 19:14:29.736] Load MU model: Squad/Parts/Wheel/LandingGear/GearSmall
[WRN 19:14:29.736] WheelCollider requires an attached Rigidbody to function.
[WRN 19:14:29.736] WheelCollider requires an attached Rigidbody to function.
[LOG 19:14:29.736] Load MU model: Squad/Parts/Wheel/roverWheelM1/model
[WRN 19:14:29.737] WheelCollider requires an attached Rigidbody to function.
[WRN 19:14:29.737] WheelCollider requires an attached Rigidbody to function.
[LOG 19:14:29.737] Load MU model: Squad/Parts/Wheel/roverWheelS2/model
[WRN 19:14:29.737] WheelCollider requires an attached Rigidbody to function.
[WRN 19:14:29.737] WheelCollider requires an attached Rigidbody to function.
[LOG 19:14:29.738] Load MU model: Squad/Parts/Wheel/roverWheelTR-2L/model
[WRN 19:14:29.739] WheelCollider requires an attached Rigidbody to function.
[WRN 19:14:29.739] WheelCollider requires an attached Rigidbody to function.
[LOG 19:14:29.739] Load MU model: Squad/Parts/Wheel/roverWheelXL3/model
[WRN 19:14:29.740] WheelCollider requires an attached Rigidbody to function.
[WRN 19:14:29.740] WheelCollider requires an attached Rigidbody to function.
[LOG 19:14:29.741] Load MU model: Squad/Props/AltimeterThreeHands/model
[LOG 19:14:29.741] Load MU model: Squad/Props/AtmosphereDepth/model
[LOG 19:14:29.741] Load MU model: Squad/Props/AxisIndicator/model
[LOG 19:14:29.741] Load MU model: Squad/Props/buttonsGeneric/circularButton
[LOG 19:14:29.741] Load MU model: Squad/Props/buttonsGeneric/clusterButtons
[LOG 19:14:29.741] Load MU model: Squad/Props/buttonsGeneric/clusterButtons2
[LOG 19:14:29.742] Load MU model: Squad/Props/buttonsGeneric/clusterKnob
[LOG 19:14:29.742] Load MU model: Squad/Props/buttonsGeneric/clusterKnob2
[LOG 19:14:29.742] Load MU model: Squad/Props/buttonsGeneric/clusterMixed
[LOG 19:14:29.742] Load MU model: Squad/Props/buttonsGeneric/clusterSwitches01
[LOG 19:14:29.743] Load MU model: Squad/Props/buttonsGeneric/clusterSwitches02
[LOG 19:14:29.743] Load MU model: Squad/Props/buttonsGeneric/clusterSwitches03
[LOG 19:14:29.744] Load MU model: Squad/Props/buttonsGeneric/clusterSwitches04
[LOG 19:14:29.744] Load MU model: Squad/Props/buttonsGeneric/clusterSwitches05
[LOG 19:14:29.744] Load MU model: Squad/Props/buttonsGeneric/clusterSwitches06
[LOG 19:14:29.744] Load MU model: Squad/Props/buttonsGeneric/clusterSwitches07
[LOG 19:14:29.744] Load MU model: Squad/Props/buttonsGeneric/directionalKnob
[LOG 19:14:29.745] Load MU model: Squad/Props/buttonsGeneric/directionalKnob2
[LOG 19:14:29.745] Load MU model: Squad/Props/buttonsGeneric/pullSwitch
[LOG 19:14:29.745] Load MU model: Squad/Props/buttonsGeneric/squareButton
[LOG 19:14:29.745] Load MU model: Squad/Props/buttonsGeneric/standingSwitch
[LOG 19:14:29.745] Load MU model: Squad/Props/buttonsGeneric/switch
[LOG 19:14:29.745] Load MU model: Squad/Props/buttonsGeneric/switchWithGuards
[LOG 19:14:29.745] Load MU model: Squad/Props/ButtonSquare/model
[LOG 19:14:29.745] Load MU model: Squad/Props/circularButton/model
[LOG 19:14:29.746] Load MU model: Squad/Props/Compass/model
[LOG 19:14:29.746] Load MU model: Squad/Props/directionalKnob/model
[LOG 19:14:29.746] Load MU model: Squad/Props/directionalKnob2/model
[LOG 19:14:29.746] Load MU model: Squad/Props/IndicatorPanel/model
[LOG 19:14:29.746] Load MU model: Squad/Props/IVANavBall/model
[LOG 19:14:29.747] Load MU model: Squad/Props/IVANavBallNoBase/model
[LOG 19:14:29.747] Load MU model: Squad/Props/ledPanelSpeed/model
[LOG 19:14:29.748] Load MU model: Squad/Props/Monitor/MonitorDockingMode
[LOG 19:14:29.748] Load MU model: Squad/Props/NavBall/model
[LOG 19:14:29.748] Load MU model: Squad/Props/PropsGeneric/Button_DockingMode
[LOG 19:14:29.749] Load MU model: Squad/Props/PropsGeneric/CargoBagA
[LOG 19:14:29.751] Load MU model: Squad/Props/PropsGeneric/CargoBagB
[LOG 19:14:29.751] Load MU model: Squad/Props/PropsGeneric/CargoBagC
[LOG 19:14:29.751] Load MU model: Squad/Props/PropsGeneric/Hatch_Plane
[LOG 19:14:29.751] Load MU model: Squad/Props/PropsGeneric/Hatch_Plane_Curve90
[LOG 19:14:29.751] Load MU model: Squad/Props/PropsGeneric/Hatch_Plane_Frame
[LOG 19:14:29.752] Load MU model: Squad/Props/PropsGeneric/Seat_Passenger
[LOG 19:14:29.752] Load MU model: Squad/Props/PropsGeneric/Seat_Pilot
[LOG 19:14:29.752] Load MU model: Squad/Props/PropsGeneric/Seat_Pilot_Helmet
[LOG 19:14:29.752] Load MU model: Squad/Props/PropsGeneric/SideStick
[LOG 19:14:29.752] Load MU model: Squad/Props/pullSwitch/model
[LOG 19:14:29.752] Load MU model: Squad/Props/radarAltitude/model
[LOG 19:14:29.753] Load MU model: Squad/Props/squareButton/model
[LOG 19:14:29.753] Load MU model: Squad/Props/standingSwitch/model
[LOG 19:14:29.753] Load MU model: Squad/Props/switch/model
[LOG 19:14:29.753] Load MU model: Squad/Props/switchGuard/model
[LOG 19:14:29.753] Load MU model: Squad/Props/switchWithGuards/model
[LOG 19:14:29.753] Load MU model: Squad/Props/throttle/model
[LOG 19:14:29.754] Load MU model: Squad/Props/VSI/model
[LOG 19:14:29.754] Load MU model: Squad/Spaces/crewCabinInternals/model
[LOG 19:14:29.756] Load MU model: Squad/Spaces/cupolaInternal/model
[LOG 19:14:29.758] Load MU model: Squad/Spaces/GenericSpace1/model
[LOG 19:14:29.759] Load MU model: Squad/Spaces/GenericSpace3/model
[LOG 19:14:29.762] Load MU model: Squad/Spaces/landerCabinInternals/model
[LOG 19:14:29.764] Load MU model: Squad/Spaces/landerCabinSmallInternal/model
[LOG 19:14:29.764] Load MU model: Squad/Spaces/LargeCrewedLabInternals/Large_Crewed_lab_Int
[LOG 19:14:29.767] Load MU model: Squad/Spaces/Mk1-3/model
[LOG 19:14:29.769] Load MU model: Squad/Spaces/mk1CabinInternal/mk1cabin
[LOG 19:14:29.772] Load MU model: Squad/Spaces/mk1CockpitInternal/Mk1StandardIVA
[LOG 19:14:29.774] Load MU model: Squad/Spaces/mk1InlineInternal/Mk1InlineIVA
[LOG 19:14:29.774] Load MU model: Squad/Spaces/mk1PodCockpit/model
[LOG 19:14:29.776] Load MU model: Squad/Spaces/mk1pod_IVA/mk1pod_IVA
[LOG 19:14:29.777] Load MU model: Squad/Spaces/mk2CockpitStandardInternal/model
[LOG 19:14:29.778] Load MU model: Squad/Spaces/Mk2CrewCabinInternal/MK2_CrewCab_Int
[LOG 19:14:29.779] Load MU model: Squad/Spaces/mk2InlineInternal/mk2InlineIVA
[LOG 19:14:29.781] Load MU model: Squad/Spaces/mk2LanderCanInternal/mk2LanderCanInternal
[LOG 19:14:29.783] Load MU model: Squad/Spaces/MK3CockpitInternal/MK3_Cockpit_Int
[LOG 19:14:29.784] Load MU model: Squad/Spaces/MK3_CrewCab_Int/MK3_CrewCab_Int
[LOG 19:14:29.787] Load MU model: Squad/Spaces/OverlayMasks/CupolaMask
[LOG 19:14:29.787] Load MU model: Squad/Spaces/OverlayMasks/HitchhikerBorder
[LOG 19:14:29.788] Load MU model: Squad/Spaces/OverlayMasks/HitchhikerMask
[LOG 19:14:29.788] Load MU model: Squad/Spaces/OverlayMasks/LargeLabBorder
[LOG 19:14:29.789] Load MU model: Squad/Spaces/OverlayMasks/LargeLabMask
[LOG 19:14:29.789] Load MU model: Squad/Spaces/OverlayMasks/Mk1CabinBorder
[LOG 19:14:29.789] Load MU model: Squad/Spaces/OverlayMasks/Mk1CabinMask
[LOG 19:14:29.789] Load MU model: Squad/Spaces/OverlayMasks/Mk1InlineMask
[LOG 19:14:29.789] Load MU model: Squad/Spaces/OverlayMasks/Mk1InlineMask2
[LOG 19:14:29.789] Load MU model: Squad/Spaces/OverlayMasks/Mk1StandardBorder2
[LOG 19:14:29.789] Load MU model: Squad/Spaces/OverlayMasks/Mk1StandardBorder3
[LOG 19:14:29.790] Load MU model: Squad/Spaces/OverlayMasks/Mk1StandardMask
[LOG 19:14:29.790] Load MU model: Squad/Spaces/OverlayMasks/Mk1StandardMask2
[LOG 19:14:29.790] Load MU model: Squad/Spaces/OverlayMasks/Mk1StandardMask3
[LOG 19:14:29.790] Load MU model: Squad/Spaces/OverlayMasks/Mk2CabinBorder
[LOG 19:14:29.790] Load MU model: Squad/Spaces/OverlayMasks/Mk2CabinMask
[LOG 19:14:29.790] Load MU model: Squad/Spaces/OverlayMasks/Mk2InlineBorder
[LOG 19:14:29.790] Load MU model: Squad/Spaces/OverlayMasks/Mk2InlineMask
[LOG 19:14:29.790] Load MU model: Squad/Spaces/OverlayMasks/Mk2StandardBorder
[LOG 19:14:29.790] Load MU model: Squad/Spaces/OverlayMasks/Mk2StandardMask
[LOG 19:14:29.791] Load MU model: Squad/Spaces/OverlayMasks/Mk3CabinBorder
[LOG 19:14:29.791] Load MU model: Squad/Spaces/OverlayMasks/Mk3CabinMask
[LOG 19:14:29.791] Load MU model: Squad/Spaces/OverlayMasks/Mk3CabinMask2
[LOG 19:14:29.791] Load MU model: Squad/Spaces/OverlayMasks/Mk3ShuttleBorder
[LOG 19:14:29.791] Load MU model: Squad/Spaces/OverlayMasks/Mk3ShuttleMask
[LOG 19:14:29.791] Load MU model: Squad/Spaces/OverlayMasks/Size1LanderBorder
[LOG 19:14:29.791] Load MU model: Squad/Spaces/OverlayMasks/Size1LanderMask
[LOG 19:14:29.791] Load MU model: Squad/Spaces/OverlayMasks/Size1PodBorder
[LOG 19:14:29.791] Load MU model: Squad/Spaces/OverlayMasks/Size1PodMask
[LOG 19:14:29.791] Load MU model: Squad/Spaces/OverlayMasks/Size2LanderBorder
[LOG 19:14:29.792] Load MU model: Squad/Spaces/OverlayMasks/Size2LanderMask
[LOG 19:14:29.792] Load MU model: Squad/Spaces/OverlayMasks/Size2PodBorder
[LOG 19:14:29.792] Load MU model: Squad/Spaces/OverlayMasks/Size2PodMask
[LOG 19:14:29.792] Load MU model: Squad/Spaces/Placeholder/PlaceholderIVA
[LOG 19:14:29.793] Load MU model: Squad/Spaces/PodCockpit/model
[LOG 19:14:29.796] Load MU model: SquadExpansion/MakingHistory/Parts/Aero/protectiveRocketNoseMk5A/Size_1_5_Cone
[LOG 19:14:29.797] Load MU model: SquadExpansion/MakingHistory/Parts/Coupling/Assets/EnginePlate
[LOG 19:14:29.798] Load MU model: SquadExpansion/MakingHistory/Parts/Coupling/Assets/InflatableAirlock
[LOG 19:14:29.798] Load MU model: SquadExpansion/MakingHistory/Parts/Coupling/Assets/Size1_5_Decoupler
[LOG 19:14:29.799] Load MU model: SquadExpansion/MakingHistory/Parts/Engine/Assets/KE-1
[LOG 19:14:29.803] Load MU model: SquadExpansion/MakingHistory/Parts/Engine/Assets/LV-T87
[LOG 19:14:29.804] Load MU model: SquadExpansion/MakingHistory/Parts/Engine/Assets/LV-T91
[LOG 19:14:29.805] Load MU model: SquadExpansion/MakingHistory/Parts/Engine/Assets/RE-I2
[LOG 19:14:29.807] Load MU model: SquadExpansion/MakingHistory/Parts/Engine/Assets/RE-J10
[LOG 19:14:29.807] Load MU model: SquadExpansion/MakingHistory/Parts/Engine/Assets/RK-7
[LOG 19:14:29.809] Load MU model: SquadExpansion/MakingHistory/Parts/Engine/Assets/RV-1
[LOG 19:14:29.810] Load MU model: SquadExpansion/MakingHistory/Parts/Engine/solidBoosterTHK/solidBoosterTHK
[LOG 19:14:29.810] Load MU model: SquadExpansion/MakingHistory/Parts/FuelTank/Assets/MiniMonoTank
[LOG 19:14:29.810] Load MU model: SquadExpansion/MakingHistory/Parts/FuelTank/Assets/Size1_5_Size0_Adapter_01
[LOG 19:14:29.811] Load MU model: SquadExpansion/MakingHistory/Parts/FuelTank/Assets/Size1_5_Size1_Adapter_01
[LOG 19:14:29.811] Load MU model: SquadExpansion/MakingHistory/Parts/FuelTank/Assets/Size1_5_Size1_Adapter_02
[LOG 19:14:29.811] Load MU model: SquadExpansion/MakingHistory/Parts/FuelTank/Assets/Size1_5_Size2_Adapter_01
[LOG 19:14:29.811] Load MU model: SquadExpansion/MakingHistory/Parts/FuelTank/Assets/Size1_5_Tank_01
[LOG 19:14:29.811] Load MU model: SquadExpansion/MakingHistory/Parts/FuelTank/Assets/Size1_5_Tank_02
[LOG 19:14:29.812] Load MU model: SquadExpansion/MakingHistory/Parts/FuelTank/Assets/Size1_5_Tank_03
[LOG 19:14:29.812] Load MU model: SquadExpansion/MakingHistory/Parts/FuelTank/Assets/Size1_5_Tank_04
[LOG 19:14:29.812] Load MU model: SquadExpansion/MakingHistory/Parts/FuelTank/Assets/Size1_5_Tank_05
[LOG 19:14:29.813] Load MU model: SquadExpansion/MakingHistory/Parts/FuelTank/Assets/Size3_Size4_Adapter_01
[LOG 19:14:29.813] Load MU model: SquadExpansion/MakingHistory/Parts/FuelTank/Assets/Size4_EngineAdapter_01
[LOG 19:14:29.814] Load MU model: SquadExpansion/MakingHistory/Parts/FuelTank/Assets/Size4_Tank_01
[LOG 19:14:29.814] Load MU model: SquadExpansion/MakingHistory/Parts/FuelTank/Assets/Size4_Tank_02
[LOG 19:14:29.814] Load MU model: SquadExpansion/MakingHistory/Parts/FuelTank/Assets/Size4_Tank_03
[LOG 19:14:29.815] Load MU model: SquadExpansion/MakingHistory/Parts/FuelTank/Assets/Size4_Tank_04
[LOG 19:14:29.815] Load MU model: SquadExpansion/MakingHistory/Parts/FuelTank/Assets/Size_1p5_Monoprop
[LOG 19:14:29.816] Load MU model: SquadExpansion/MakingHistory/Parts/Ground/Assets/RoverWheel
[WRN 19:14:29.817] WheelCollider requires an attached Rigidbody to function.
[WRN 19:14:29.817] WheelCollider requires an attached Rigidbody to function.
[LOG 19:14:29.817] Load MU model: SquadExpansion/MakingHistory/Parts/Payload/Assets/ServiceModule18
[LOG 19:14:29.818] Load MU model: SquadExpansion/MakingHistory/Parts/Payload/Assets/ServiceModule25
[LOG 19:14:29.820] Load MU model: SquadExpansion/MakingHistory/Parts/Payload/Assets/Size1to0ServiceModule
[LOG 19:14:29.821] Load MU model: SquadExpansion/MakingHistory/Parts/Pods/Assets/Mk2Pod
[LOG 19:14:29.821] Load MU model: SquadExpansion/MakingHistory/Parts/Pods/Assets/RoundPod
[LOG 19:14:29.822] Load MU model: SquadExpansion/MakingHistory/Parts/Pods/Assets/Size1_5_Lander
[LOG 19:14:29.822] Load MU model: SquadExpansion/MakingHistory/Parts/SharedAssets/Shroud1p5x0
[LOG 19:14:29.823] Load MU model: SquadExpansion/MakingHistory/Parts/SharedAssets/Shroud1p5x1
[LOG 19:14:29.823] Load MU model: SquadExpansion/MakingHistory/Parts/SharedAssets/Shroud1p5x2
[LOG 19:14:29.823] Load MU model: SquadExpansion/MakingHistory/Parts/SharedAssets/Shroud1p5x3
[LOG 19:14:29.823] Load MU model: SquadExpansion/MakingHistory/Parts/SharedAssets/Shroud1p5x4
[LOG 19:14:29.823] Load MU model: SquadExpansion/MakingHistory/Parts/SharedAssets/Shroud1x0
[LOG 19:14:29.823] Load MU model: SquadExpansion/MakingHistory/Parts/SharedAssets/Shroud1x1
[LOG 19:14:29.823] Load MU model: SquadExpansion/MakingHistory/Parts/SharedAssets/Shroud1x2
[LOG 19:14:29.823] Load MU model: SquadExpansion/MakingHistory/Parts/SharedAssets/Shroud1x3
[LOG 19:14:29.824] Load MU model: SquadExpansion/MakingHistory/Parts/SharedAssets/Shroud1x4
[LOG 19:14:29.824] Load MU model: SquadExpansion/MakingHistory/Parts/SharedAssets/Shroud2x0
[LOG 19:14:29.824] Load MU model: SquadExpansion/MakingHistory/Parts/SharedAssets/Shroud2x1
[LOG 19:14:29.824] Load MU model: SquadExpansion/MakingHistory/Parts/SharedAssets/Shroud2x2
[LOG 19:14:29.824] Load MU model: SquadExpansion/MakingHistory/Parts/SharedAssets/Shroud2x3
[LOG 19:14:29.824] Load MU model: SquadExpansion/MakingHistory/Parts/SharedAssets/Shroud2x4
[LOG 19:14:29.824] Load MU model: SquadExpansion/MakingHistory/Parts/SharedAssets/Shroud3x0
[LOG 19:14:29.824] Load MU model: SquadExpansion/MakingHistory/Parts/SharedAssets/Shroud3x1
[LOG 19:14:29.825] Load MU model: SquadExpansion/MakingHistory/Parts/SharedAssets/Shroud3x2
[LOG 19:14:29.825] Load MU model: SquadExpansion/MakingHistory/Parts/SharedAssets/Shroud3x3
[LOG 19:14:29.825] Load MU model: SquadExpansion/MakingHistory/Parts/SharedAssets/Shroud3x4
[LOG 19:14:29.825] Load MU model: SquadExpansion/MakingHistory/Parts/SharedAssets/Shroud4x0
[LOG 19:14:29.825] Load MU model: SquadExpansion/MakingHistory/Parts/SharedAssets/Shroud4x1
[LOG 19:14:29.825] Load MU model: SquadExpansion/MakingHistory/Parts/SharedAssets/Shroud4x2
[LOG 19:14:29.825] Load MU model: SquadExpansion/MakingHistory/Parts/SharedAssets/Shroud4x3
[LOG 19:14:29.825] Load MU model: SquadExpansion/MakingHistory/Parts/SharedAssets/Shroud4x4
[LOG 19:14:29.826] Load MU model: SquadExpansion/MakingHistory/Parts/SharedAssets/ShroudCollider0
[LOG 19:14:29.826] Load MU model: SquadExpansion/MakingHistory/Parts/SharedAssets/ShroudCollider1
[LOG 19:14:29.826] Load MU model: SquadExpansion/MakingHistory/Parts/SharedAssets/ShroudCollider1p5
[LOG 19:14:29.826] Load MU model: SquadExpansion/MakingHistory/Parts/SharedAssets/ShroudCollider2
[LOG 19:14:29.827] Load MU model: SquadExpansion/MakingHistory/Parts/SharedAssets/ShroudCollider3
[LOG 19:14:29.827] Load MU model: SquadExpansion/MakingHistory/Parts/SharedAssets/ShroudCollider4
[LOG 19:14:29.827] Load MU model: SquadExpansion/MakingHistory/Parts/Structural/Assets/EquiTriangle0
[LOG 19:14:29.827] Load MU model: SquadExpansion/MakingHistory/Parts/Structural/Assets/EquiTriangle1
[LOG 19:14:29.828] Load MU model: SquadExpansion/MakingHistory/Parts/Structural/Assets/EquiTriangle1p5
[LOG 19:14:29.828] Load MU model: SquadExpansion/MakingHistory/Parts/Structural/Assets/EquiTriangle2
[LOG 19:14:29.828] Load MU model: SquadExpansion/MakingHistory/Parts/Structural/Assets/Panel0
[LOG 19:14:29.828] Load MU model: SquadExpansion/MakingHistory/Parts/Structural/Assets/Panel1
[LOG 19:14:29.828] Load MU model: SquadExpansion/MakingHistory/Parts/Structural/Assets/Panel1p5
[LOG 19:14:29.828] Load MU model: SquadExpansion/MakingHistory/Parts/Structural/Assets/Panel2
[LOG 19:14:29.830] Load MU model: SquadExpansion/MakingHistory/Parts/Structural/Assets/Triangle0
[LOG 19:14:29.830] Load MU model: SquadExpansion/MakingHistory/Parts/Structural/Assets/Triangle1
[LOG 19:14:29.830] Load MU model: SquadExpansion/MakingHistory/Parts/Structural/Assets/Triangle1p5
[LOG 19:14:29.830] Load MU model: SquadExpansion/MakingHistory/Parts/Structural/Assets/Triangle2
[LOG 19:14:29.830] Load MU model: SquadExpansion/MakingHistory/Parts/Utility/flags/flagSize1p5/flagSize1p5Meshes
[LOG 19:14:29.832] Load MU model: SquadExpansion/MakingHistory/Parts/Utility/flags/flagSize4/flagSize4Meshes
[LOG 19:14:29.835] Load MU model: SquadExpansion/MakingHistory/Spaces/KVPods/Airlock_IVA
[LOG 19:14:29.835] Load MU model: SquadExpansion/MakingHistory/Spaces/KVPods/KV1_IVA
[LOG 19:14:29.837] Load MU model: SquadExpansion/MakingHistory/Spaces/KVPods/KV2_IVA
[LOG 19:14:29.839] Load MU model: SquadExpansion/MakingHistory/Spaces/KVPods/KV3_IVA
[LOG 19:14:29.841] Load MU model: SquadExpansion/MakingHistory/Spaces/MEM/MEM_IVA
[LOG 19:14:29.843] Load MU model: SquadExpansion/MakingHistory/Spaces/Mk2Pod/MK2POD_IVA
[LOG 19:14:29.844] Load MU model: SquadExpansion/Serenity/Parts/Aero/Assets/FanShroud_01
[LOG 19:14:29.845] Load MU model: SquadExpansion/Serenity/Parts/Aero/Assets/FanShroud_02
[LOG 19:14:29.845] Load MU model: SquadExpansion/Serenity/Parts/Aero/Assets/FanShroud_03
[LOG 19:14:29.846] Load MU model: SquadExpansion/Serenity/Parts/Aero/Assets/noseconeTiny
[LOG 19:14:29.846] Load MU model: SquadExpansion/Serenity/Parts/Aero/Assets/noseconeVS
[LOG 19:14:29.847] Load MU model: SquadExpansion/Serenity/Parts/DeployedScience/Assets/CentralStation
[LOG 19:14:29.849] Load MU model: SquadExpansion/Serenity/Parts/DeployedScience/Assets/GoExOb
[LOG 19:14:29.856] Load MU model: SquadExpansion/Serenity/Parts/DeployedScience/Assets/IonExperiment
[LOG 19:14:29.856] Load MU model: SquadExpansion/Serenity/Parts/DeployedScience/Assets/RTGCask
[LOG 19:14:29.857] Load MU model: SquadExpansion/Serenity/Parts/DeployedScience/Assets/satDish
[LOG 19:14:29.860] Load MU model: SquadExpansion/Serenity/Parts/DeployedScience/Assets/seismicSensor
[LOG 19:14:29.874] Load MU model: SquadExpansion/Serenity/Parts/DeployedScience/Assets/solarPanel
[LOG 19:14:29.878] Load MU model: SquadExpansion/Serenity/Parts/DeployedScience/Assets/WeatherStation
[LOG 19:14:29.883] Load MU model: SquadExpansion/Serenity/Parts/Propellers/Assets/largeFanBlade
[LOG 19:14:29.883] Load MU model: SquadExpansion/Serenity/Parts/Propellers/Assets/largeHeliBlade
[LOG 19:14:29.883] Load MU model: SquadExpansion/Serenity/Parts/Propellers/Assets/largePropeller
[LOG 19:14:29.883] Load MU model: SquadExpansion/Serenity/Parts/Propellers/Assets/mediumFanBlade
[LOG 19:14:29.884] Load MU model: SquadExpansion/Serenity/Parts/Propellers/Assets/mediumHeliBlade
[LOG 19:14:29.884] Load MU model: SquadExpansion/Serenity/Parts/Propellers/Assets/mediumPropeller
[LOG 19:14:29.884] Load MU model: SquadExpansion/Serenity/Parts/Propellers/Assets/smallFanBlade
[LOG 19:14:29.884] Load MU model: SquadExpansion/Serenity/Parts/Propellers/Assets/smallHeliBlade
[LOG 19:14:29.884] Load MU model: SquadExpansion/Serenity/Parts/Propellers/Assets/smallPropeller
[LOG 19:14:29.885] Load MU model: SquadExpansion/Serenity/Parts/Robotics/Assets/hinge_01
[LOG 19:14:29.885] Load MU model: SquadExpansion/Serenity/Parts/Robotics/Assets/hinge_01_s
[LOG 19:14:29.885] Load MU model: SquadExpansion/Serenity/Parts/Robotics/Assets/hinge_03
[LOG 19:14:29.886] Load MU model: SquadExpansion/Serenity/Parts/Robotics/Assets/hinge_03_s
[LOG 19:14:29.886] Load MU model: SquadExpansion/Serenity/Parts/Robotics/Assets/hinge_04
[LOG 19:14:29.886] Load MU model: SquadExpansion/Serenity/Parts/Robotics/Assets/piston_01
[LOG 19:14:29.887] Load MU model: SquadExpansion/Serenity/Parts/Robotics/Assets/piston_02
[LOG 19:14:29.887] Load MU model: SquadExpansion/Serenity/Parts/Robotics/Assets/piston_03
[LOG 19:14:29.887] Load MU model: SquadExpansion/Serenity/Parts/Robotics/Assets/piston_04
[LOG 19:14:29.887] Load MU model: SquadExpansion/Serenity/Parts/Robotics/Assets/RotorEngine_02
[LOG 19:14:29.888] Load MU model: SquadExpansion/Serenity/Parts/Robotics/Assets/RotorEngine_03
[LOG 19:14:29.889] Load MU model: SquadExpansion/Serenity/Parts/Robotics/Assets/rotor_01
[LOG 19:14:29.889] Load MU model: SquadExpansion/Serenity/Parts/Robotics/Assets/rotor_01s
[LOG 19:14:29.890] Load MU model: SquadExpansion/Serenity/Parts/Robotics/Assets/rotor_02
[LOG 19:14:29.891] Load MU model: SquadExpansion/Serenity/Parts/Robotics/Assets/rotor_02s
[LOG 19:14:29.892] Load MU model: SquadExpansion/Serenity/Parts/Robotics/Assets/rotor_03
[LOG 19:14:29.892] Load MU model: SquadExpansion/Serenity/Parts/Robotics/Assets/rotor_03s
[LOG 19:14:29.893] Load MU model: SquadExpansion/Serenity/Parts/Robotics/Assets/RotoServo_00
[LOG 19:14:29.893] Load MU model: SquadExpansion/Serenity/Parts/Robotics/Assets/RotoServo_02
[LOG 19:14:29.893] Load MU model: SquadExpansion/Serenity/Parts/Robotics/Assets/RotoServo_03
[LOG 19:14:29.894] Load MU model: SquadExpansion/Serenity/Parts/Robotics/Assets/RotoServo_04
[LOG 19:14:29.894] Load MU model: SquadExpansion/Serenity/Parts/Robotics/Controllers/controller1000
[LOG 19:14:29.894] Load MU model: SquadExpansion/Serenity/Parts/Science/RobotArmScanner/Assets/ROCArm_01
[LOG 19:14:29.895] Load MU model: SquadExpansion/Serenity/Parts/Science/RobotArmScanner/Assets/ROCArm_02
[LOG 19:14:29.896] Load MU model: SquadExpansion/Serenity/Parts/Science/RobotArmScanner/Assets/ROCArm_03
[LOG 19:14:29.899] Load MU model: SquadExpansion/Serenity/Parts/Structural/gripPads/Assets/lGripPad
[LOG 19:14:29.899] Load MU model: SquadExpansion/Serenity/Parts/Structural/gripPads/Assets/lGripStrip
[LOG 19:14:29.900] Load MU model: SquadExpansion/Serenity/Parts/Structural/gripPads/Assets/mGripPad
[LOG 19:14:29.900] Load MU model: SquadExpansion/Serenity/Parts/Structural/gripPads/Assets/sGripPad
[LOG 19:14:29.900] Load MU model: SquadExpansion/Serenity/Parts/Structural/gripPads/Assets/sGripStrip
[LOG 19:14:29.901] Loading Asset Bundle Definitions
[LOG 19:14:29.902] AssetLoader: Loading bundle definitions
[LOG 19:14:30.034] AssetLoader: Loaded bundle 'squadcore'
[LOG 19:14:30.035] AssetLoader: Loaded bundle 'squadcorefx'
[LOG 19:14:30.036] AssetLoader: Loaded mod bundle 'kspedia'
[LOG 19:14:30.036] AssetLoader: Loaded mod bundle 'kspedia_actionsets'
[LOG 19:14:30.037] AssetLoader: Loaded mod bundle 'kspedia_aircraft'
[LOG 19:14:30.037] AssetLoader: Loaded mod bundle 'kspedia_aircraftbasics'
[LOG 19:14:30.037] AssetLoader: Loaded mod bundle 'kspedia_aircraftbasicsbalance'
[LOG 19:14:30.037] AssetLoader: Loaded mod bundle 'kspedia_aircraftbasicsbalance2'
[LOG 19:14:30.038] AssetLoader: Loaded mod bundle 'kspedia_aircraftbasicscol'
[LOG 19:14:30.038] AssetLoader: Loaded mod bundle 'kspedia_aircraftbasicscontrol'
[LOG 19:14:30.038] AssetLoader: Loaded mod bundle 'kspedia_aircraftbasicscontrolsurfaces'
[LOG 19:14:30.039] AssetLoader: Loaded mod bundle 'kspedia_aircraftbasicsdrag'
[LOG 19:14:30.039] AssetLoader: Loaded mod bundle 'kspedia_aircraftbasicsengines'
[LOG 19:14:30.039] AssetLoader: Loaded mod bundle 'kspedia_aircraftbasicsforces'
[LOG 19:14:30.039] AssetLoader: Loaded mod bundle 'kspedia_aircraftbasicsintakes'
[LOG 19:14:30.040] AssetLoader: Loaded mod bundle 'kspedia_aircraftbasicslandinggear'
[LOG 19:14:30.040] AssetLoader: Loaded mod bundle 'kspedia_aircraftbasicslift'
[LOG 19:14:30.040] AssetLoader: Loaded mod bundle 'kspedia_axisgroups'
[LOG 19:14:30.041] AssetLoader: Loaded mod bundle 'kspedia_career'
[LOG 19:14:30.041] AssetLoader: Loaded mod bundle 'kspedia_careerbasicscontracts'
[LOG 19:14:30.041] AssetLoader: Loaded mod bundle 'kspedia_careerbasicscrew'
[LOG 19:14:30.042] AssetLoader: Loaded mod bundle 'kspedia_careerbasicscurrencies'
[LOG 19:14:30.042] AssetLoader: Loaded mod bundle 'kspedia_careerbasicsexperience'
[LOG 19:14:30.042] AssetLoader: Loaded mod bundle 'kspedia_careerbasicsfacilities'
[LOG 19:14:30.042] AssetLoader: Loaded mod bundle 'kspedia_careerbasicsstrategies'
[LOG 19:14:30.043] AssetLoader: Loaded mod bundle 'kspedia_careerbasicstechnology'
[LOG 19:14:30.043] AssetLoader: Loaded mod bundle 'kspedia_careerui-ac'
[LOG 19:14:30.043] AssetLoader: Loaded mod bundle 'kspedia_careerui-admin'
[LOG 19:14:30.044] AssetLoader: Loaded mod bundle 'kspedia_careerui-ksc'
[LOG 19:14:30.044] AssetLoader: Loaded mod bundle 'kspedia_careerui-mc'
[LOG 19:14:30.044] AssetLoader: Loaded mod bundle 'kspedia_careerui-sciencearchives'
[LOG 19:14:30.044] AssetLoader: Loaded mod bundle 'kspedia_careerui-techtree'
[LOG 19:14:30.045] AssetLoader: Loaded mod bundle 'kspedia_careerui-ts'
[LOG 19:14:30.045] AssetLoader: Loaded mod bundle 'kspedia_careerui'
[LOG 19:14:30.045] AssetLoader: Loaded mod bundle 'kspedia_cargoapp'
[LOG 19:14:30.046] AssetLoader: Loaded mod bundle 'kspedia_cargomode'
[LOG 19:14:30.046] AssetLoader: Loaded mod bundle 'kspedia_cargosystem-placeableparts'
[LOG 19:14:30.046] AssetLoader: Loaded mod bundle 'kspedia_cargosystem'
[LOG 19:14:30.047] AssetLoader: Loaded mod bundle 'kspedia_chute'
[LOG 19:14:30.047] AssetLoader: Loaded mod bundle 'kspedia_commnet'
[LOG 19:14:30.047] AssetLoader: Loaded mod bundle 'kspedia_commnetbasics'
[LOG 19:14:30.047] AssetLoader: Loaded mod bundle 'kspedia_commnetbuildingeffectivenetworks'
[LOG 19:14:30.048] AssetLoader: Loaded mod bundle 'kspedia_commnetcalculatingrange'
[LOG 19:14:30.048] AssetLoader: Loaded mod bundle 'kspedia_commnetcontrollevels'
[LOG 19:14:30.048] AssetLoader: Loaded mod bundle 'kspedia_commnetcontrollinks'
[LOG 19:14:30.048] AssetLoader: Loaded mod bundle 'kspedia_commnetcontrolpoints'
[LOG 19:14:30.049] AssetLoader: Loaded mod bundle 'kspedia_commnetgui'
[LOG 19:14:30.049] AssetLoader: Loaded mod bundle 'kspedia_commnetgui01'
[LOG 19:14:30.049] AssetLoader: Loaded mod bundle 'kspedia_commnetgui02'
[LOG 19:14:30.049] AssetLoader: Loaded mod bundle 'kspedia_commnetrange'
[LOG 19:14:30.050] AssetLoader: Loaded mod bundle 'kspedia_commnetrelays'
[LOG 19:14:30.050] AssetLoader: Loaded mod bundle 'kspedia_commnetsciencetransmission'
[LOG 19:14:30.050] AssetLoader: Loaded mod bundle 'kspedia_commnetsignalstrength'
[LOG 19:14:30.050] AssetLoader: Loaded mod bundle 'kspedia_commnettransmission'
[LOG 19:14:30.051] AssetLoader: Loaded mod bundle 'kspedia_constructionui-actiongroups'
[LOG 19:14:30.051] AssetLoader: Loaded mod bundle 'kspedia_constructionui-applauncher'
[LOG 19:14:30.051] AssetLoader: Loaded mod bundle 'kspedia_constructionui-crew'
[LOG 19:14:30.052] AssetLoader: Loaded mod bundle 'kspedia_constructionui-engineersreport'
[LOG 19:14:30.052] AssetLoader: Loaded mod bundle 'kspedia_constructionui-gizmos'
[LOG 19:14:30.052] AssetLoader: Loaded mod bundle 'kspedia_constructionui-infos'
[LOG 19:14:30.053] AssetLoader: Loaded mod bundle 'kspedia_constructionui-partdetails'
[LOG 19:14:30.053] AssetLoader: Loaded mod bundle 'kspedia_constructionui-parts'
[LOG 19:14:30.053] AssetLoader: Loaded mod bundle 'kspedia_constructionui-symmetry'
[LOG 19:14:30.054] AssetLoader: Loaded mod bundle 'kspedia_constructionui-vesseldetails'
[LOG 19:14:30.054] AssetLoader: Loaded mod bundle 'kspedia_constructionui'
[LOG 19:14:30.054] AssetLoader: Loaded mod bundle 'kspedia_controls-dockingmode'
[LOG 19:14:30.055] AssetLoader: Loaded mod bundle 'kspedia_controls-editor'
[LOG 19:14:30.055] AssetLoader: Loaded mod bundle 'kspedia_controls-editorgizmos'
[LOG 19:14:30.055] AssetLoader: Loaded mod bundle 'kspedia_controls-eva'
[LOG 19:14:30.055] AssetLoader: Loaded mod bundle 'kspedia_controls-flight'
[LOG 19:14:30.056] AssetLoader: Loaded mod bundle 'kspedia_controls-flightactivities'
[LOG 19:14:30.056] AssetLoader: Loaded mod bundle 'kspedia_controls-flightdirections'
[LOG 19:14:30.056] AssetLoader: Loaded mod bundle 'kspedia_controls-general'
[LOG 19:14:30.057] AssetLoader: Loaded mod bundle 'kspedia_controls-mapandtime'
[LOG 19:14:30.057] AssetLoader: Loaded mod bundle 'kspedia_controls-mouseconstruction'
[LOG 19:14:30.057] AssetLoader: Loaded mod bundle 'kspedia_controls-mouseflight'
[LOG 19:14:30.057] AssetLoader: Loaded mod bundle 'kspedia_controls-rcs'
[LOG 19:14:30.058] AssetLoader: Loaded mod bundle 'kspedia_controls'
[LOG 19:14:30.058] AssetLoader: Loaded mod bundle 'kspedia_eastereggs'
[LOG 19:14:30.058] AssetLoader: Loaded mod bundle 'kspedia_evaconstructionmode'
[LOG 19:14:30.059] AssetLoader: Loaded mod bundle 'kspedia_facilities-ac'
[LOG 19:14:30.059] AssetLoader: Loaded mod bundle 'kspedia_facilities-admin'
[LOG 19:14:30.059] AssetLoader: Loaded mod bundle 'kspedia_facilities-context'
[LOG 19:14:30.059] AssetLoader: Loaded mod bundle 'kspedia_facilities-ksc'
[LOG 19:14:30.060] AssetLoader: Loaded mod bundle 'kspedia_facilities-launchpad'
[LOG 19:14:30.060] AssetLoader: Loaded mod bundle 'kspedia_facilities-mc'
[LOG 19:14:30.060] AssetLoader: Loaded mod bundle 'kspedia_facilities-randd'
[LOG 19:14:30.061] AssetLoader: Loaded mod bundle 'kspedia_facilities-runway'
[LOG 19:14:30.061] AssetLoader: Loaded mod bundle 'kspedia_facilities-sph'
[LOG 19:14:30.061] AssetLoader: Loaded mod bundle 'kspedia_facilities-ts'
[LOG 19:14:30.061] AssetLoader: Loaded mod bundle 'kspedia_facilities-vab'
[LOG 19:14:30.062] AssetLoader: Loaded mod bundle 'kspedia_flightui-altimeter'
[LOG 19:14:30.062] AssetLoader: Loaded mod bundle 'kspedia_flightui-applauncher'
[LOG 19:14:30.062] AssetLoader: Loaded mod bundle 'kspedia_flightui-evaactivities'
[LOG 19:14:30.063] AssetLoader: Loaded mod bundle 'kspedia_flightui-maneuvermodeeditor'
[LOG 19:14:30.063] AssetLoader: Loaded mod bundle 'kspedia_flightui-maneuvermodeeditorcont'
[LOG 19:14:30.063] AssetLoader: Loaded mod bundle 'kspedia_flightui-maneuvermodeorbit'
[LOG 19:14:30.064] AssetLoader: Loaded mod bundle 'kspedia_flightui-maneuvertoolinfo'
[LOG 19:14:30.064] AssetLoader: Loaded mod bundle 'kspedia_flightui-maneuvertoolmain'
[LOG 19:14:30.064] AssetLoader: Loaded mod bundle 'kspedia_flightui-modecontrol'
[LOG 19:14:30.064] AssetLoader: Loaded mod bundle 'kspedia_flightui-navball'
[LOG 19:14:30.065] AssetLoader: Loaded mod bundle 'kspedia_flightui-partrepairs'
[LOG 19:14:30.065] AssetLoader: Loaded mod bundle 'kspedia_flightui-portraits'
[LOG 19:14:30.065] AssetLoader: Loaded mod bundle 'kspedia_flightui-staging'
[LOG 19:14:30.066] AssetLoader: Loaded mod bundle 'kspedia_flightui-timeandaction'
[LOG 19:14:30.066] AssetLoader: Loaded mod bundle 'kspedia_flightui'
[LOG 19:14:30.066] AssetLoader: Loaded mod bundle 'kspedia_heat'
[LOG 19:14:30.067] AssetLoader: Loaded mod bundle 'kspedia_heatactiveradiators'
[LOG 19:14:30.067] AssetLoader: Loaded mod bundle 'kspedia_heatengines'
[LOG 19:14:30.067] AssetLoader: Loaded mod bundle 'kspedia_heatflow'
[LOG 19:14:30.068] AssetLoader: Loaded mod bundle 'kspedia_heatpart'
[LOG 19:14:30.068] AssetLoader: Loaded mod bundle 'kspedia_heatpassiveradiators'
[LOG 19:14:30.068] AssetLoader: Loaded mod bundle 'kspedia_heatshields'
[LOG 19:14:30.069] AssetLoader: Loaded mod bundle 'kspedia_kerbnet'
[LOG 19:14:30.069] AssetLoader: Loaded mod bundle 'kspedia_kerbnetinterface'
[LOG 19:14:30.069] AssetLoader: Loaded mod bundle 'kspedia_kerbnetmodes'
[LOG 19:14:30.070] AssetLoader: Loaded mod bundle 'kspedia_kerbnetwaypoints'
[LOG 19:14:30.070] AssetLoader: Loaded mod bundle 'kspedia_locations'
[LOG 19:14:30.070] AssetLoader: Loaded mod bundle 'kspedia_manual'
[LOG 19:14:30.071] AssetLoader: Loaded mod bundle 'kspedia_mapui-alarmclockcreation'
[LOG 19:14:30.071] AssetLoader: Loaded mod bundle 'kspedia_mapui-alarmclockmain'
[LOG 19:14:30.071] AssetLoader: Loaded mod bundle 'kspedia_mapui-burnindicator'
[LOG 19:14:30.072] AssetLoader: Loaded mod bundle 'kspedia_mapui-dvtoolsflight'
[LOG 19:14:30.072] AssetLoader: Loaded mod bundle 'kspedia_mapui-dvtoolsvab'
[LOG 19:14:30.072] AssetLoader: Loaded mod bundle 'kspedia_mapui-mannodes'
[LOG 19:14:30.073] AssetLoader: Loaded mod bundle 'kspedia_mapui-orbitnodes'
[LOG 19:14:30.073] AssetLoader: Loaded mod bundle 'kspedia_mapui-orbitnodes2'
[LOG 19:14:30.073] AssetLoader: Loaded mod bundle 'kspedia_mapui'
[LOG 19:14:30.073] AssetLoader: Loaded mod bundle 'kspedia_orbitalbasics-atmosphere'
[LOG 19:14:30.074] AssetLoader: Loaded mod bundle 'kspedia_orbitalbasics-gettingbackdown'
[LOG 19:14:30.074] AssetLoader: Loaded mod bundle 'kspedia_orbitalbasics-gettingupthere'
[LOG 19:14:30.074] AssetLoader: Loaded mod bundle 'kspedia_orbitalbasics-gravityturn'
[LOG 19:14:30.075] AssetLoader: Loaded mod bundle 'kspedia_orbitalbasics-orbits'
[LOG 19:14:30.075] AssetLoader: Loaded mod bundle 'kspedia_orbitalbasics-stayingupthere'
[LOG 19:14:30.075] AssetLoader: Loaded mod bundle 'kspedia_orbitalbasics'
[LOG 19:14:30.075] AssetLoader: Loaded mod bundle 'kspedia_orbitaldefinitions-appe'
[LOG 19:14:30.076] AssetLoader: Loaded mod bundle 'kspedia_orbitaldefinitions-dirandinc'
[LOG 19:14:30.076] AssetLoader: Loaded mod bundle 'kspedia_orbitaldefinitions-directions'
[LOG 19:14:30.076] AssetLoader: Loaded mod bundle 'kspedia_orbitaldefinitions-eccentricity'
[LOG 19:14:30.077] AssetLoader: Loaded mod bundle 'kspedia_orbitaldefinitions'
[LOG 19:14:30.077] AssetLoader: Loaded mod bundle 'kspedia_orbitalmaneuvers-adjustinginclination'
[LOG 19:14:30.077] AssetLoader: Loaded mod bundle 'kspedia_orbitalmaneuvers-deltav'
[LOG 19:14:30.077] AssetLoader: Loaded mod bundle 'kspedia_orbitalmaneuvers-efficiency'
[LOG 19:14:30.078] AssetLoader: Loaded mod bundle 'kspedia_orbitalmaneuvers-hohmanntransfer'
[LOG 19:14:30.078] AssetLoader: Loaded mod bundle 'kspedia_orbitalmaneuvers-hohmanntransfer2'
[LOG 19:14:30.078] AssetLoader: Loaded mod bundle 'kspedia_orbitalmaneuvers-orbittypes'
[LOG 19:14:30.079] AssetLoader: Loaded mod bundle 'kspedia_orbitalmaneuvers-radandantirad'
[LOG 19:14:30.079] AssetLoader: Loaded mod bundle 'kspedia_orbitalmaneuvers-shapingup'
[LOG 19:14:30.079] AssetLoader: Loaded mod bundle 'kspedia_orbitalmaneuvers'
[LOG 19:14:30.079] AssetLoader: Loaded mod bundle 'kspedia_planets-dres'
[LOG 19:14:30.080] AssetLoader: Loaded mod bundle 'kspedia_planets-duna'
[LOG 19:14:30.080] AssetLoader: Loaded mod bundle 'kspedia_planets-eeloo'
[LOG 19:14:30.080] AssetLoader: Loaded mod bundle 'kspedia_planets-eve'
[LOG 19:14:30.080] AssetLoader: Loaded mod bundle 'kspedia_planets-jool'
[LOG 19:14:30.081] AssetLoader: Loaded mod bundle 'kspedia_planets-kerbin'
[LOG 19:14:30.081] AssetLoader: Loaded mod bundle 'kspedia_planets-moho'
[LOG 19:14:30.081] AssetLoader: Loaded mod bundle 'kspedia_planets-sun'
[LOG 19:14:30.082] AssetLoader: Loaded mod bundle 'kspedia_planets-system'
[LOG 19:14:30.082] AssetLoader: Loaded mod bundle 'kspedia_resources-asteroidmining'
[LOG 19:14:30.082] AssetLoader: Loaded mod bundle 'kspedia_resources-conversionmanagement'
[LOG 19:14:30.082] AssetLoader: Loaded mod bundle 'kspedia_resources-drilling'
[LOG 19:14:30.083] AssetLoader: Loaded mod bundle 'kspedia_resources-findingit'
[LOG 19:14:30.083] AssetLoader: Loaded mod bundle 'kspedia_resources-findingit2'
[LOG 19:14:30.083] AssetLoader: Loaded mod bundle 'kspedia_resources-storageandconversion'
[LOG 19:14:30.084] AssetLoader: Loaded mod bundle 'kspedia_resources'
[LOG 19:14:30.084] AssetLoader: Loaded mod bundle 'kspedia_rocketry'
[LOG 19:14:30.084] AssetLoader: Loaded mod bundle 'kspedia_rocketryadvanced-fairings'
[LOG 19:14:30.084] AssetLoader: Loaded mod bundle 'kspedia_rocketryadvanced-girders'
[LOG 19:14:30.085] AssetLoader: Loaded mod bundle 'kspedia_rocketryadvanced'
[LOG 19:14:30.085] AssetLoader: Loaded mod bundle 'kspedia_rocketrybasics'
[LOG 19:14:30.085] AssetLoader: Loaded mod bundle 'kspedia_rocketrybasicsaero'
[LOG 19:14:30.086] AssetLoader: Loaded mod bundle 'kspedia_rocketrybasicscentered'
[LOG 19:14:30.086] AssetLoader: Loaded mod bundle 'kspedia_rocketrybasicschutes'
[LOG 19:14:30.086] AssetLoader: Loaded mod bundle 'kspedia_rocketrybasicscontrol'
[LOG 19:14:30.087] AssetLoader: Loaded mod bundle 'kspedia_rocketrybasicsecrecharging'
[LOG 19:14:30.087] AssetLoader: Loaded mod bundle 'kspedia_rocketrybasicsengines'
[LOG 19:14:30.087] AssetLoader: Loaded mod bundle 'kspedia_rocketrybasicsforces'
[LOG 19:14:30.087] AssetLoader: Loaded mod bundle 'kspedia_rocketrybasicshatchesandladders'
[LOG 19:14:30.088] AssetLoader: Loaded mod bundle 'kspedia_rocketrybasicshibernation'
[LOG 19:14:30.088] AssetLoader: Loaded mod bundle 'kspedia_rocketrybasicsresources'
[LOG 19:14:30.088] AssetLoader: Loaded mod bundle 'kspedia_rocketrybasicsservicecontainers'
[LOG 19:14:30.088] AssetLoader: Loaded mod bundle 'kspedia_rocketrybasicsstability'
[LOG 19:14:30.089] AssetLoader: Loaded mod bundle 'kspedia_rocketrybasicsstabilityassist'
[LOG 19:14:30.089] AssetLoader: Loaded mod bundle 'kspedia_rocketrybasicsstaging'
[LOG 19:14:30.089] AssetLoader: Loaded mod bundle 'kspedia_rocketrybasicssymmetry'
[LOG 19:14:30.090] AssetLoader: Loaded mod bundle 'kspedia_science'
[LOG 19:14:30.090] AssetLoader: Loaded mod bundle 'kspedia_sciencedata'
[LOG 19:14:30.090] AssetLoader: Loaded mod bundle 'kspedia_scienceexperiments'
[LOG 19:14:30.090] AssetLoader: Loaded mod bundle 'kspedia_sciencelab'
[LOG 19:14:30.091] AssetLoader: Loaded mod bundle 'kspedia_sciencetransmitted'
[LOG 19:14:30.091] AssetLoader: Loaded mod bundle 'kspedia_spacetravel'
[LOG 19:14:30.091] AssetLoader: Loaded mod bundle 'kspedia_variantswitcher'
[LOG 19:14:30.092] AssetLoader: Loaded mod bundle 'kspfonts'
[LOG 19:14:30.248] AssetLoader: Loaded bundle 'squadcore'
[LOG 19:14:30.249] AssetLoader: Loaded bundle 'squadcorefx'
[LOG 19:14:30.249] AssetLoader: Loaded mod bundle 'kspedia_builder'
[LOG 19:14:30.249] AssetLoader: Loaded mod bundle 'kspedia_buildertoolbar'
[LOG 19:14:30.250] AssetLoader: Loaded mod bundle 'kspedia_canvas'
[LOG 19:14:30.250] AssetLoader: Loaded mod bundle 'kspedia_exportingvalidation'
[LOG 19:14:30.250] AssetLoader: Loaded mod bundle 'kspedia_flight'
[LOG 19:14:30.250] AssetLoader: Loaded mod bundle 'kspedia_flightapp'
[LOG 19:14:30.251] AssetLoader: Loaded mod bundle 'kspedia_gap'
[LOG 19:14:30.251] AssetLoader: Loaded mod bundle 'kspedia_gaptools'
[LOG 19:14:30.251] AssetLoader: Loaded mod bundle 'kspedia_makinghistory'
[LOG 19:14:30.251] AssetLoader: Loaded mod bundle 'kspedia_missionbriefing'
[LOG 19:14:30.252] AssetLoader: Loaded mod bundle 'kspedia_nodedocking'
[LOG 19:14:30.252] AssetLoader: Loaded mod bundle 'kspedia_nodesconnectors'
[LOG 19:14:30.252] AssetLoader: Loaded mod bundle 'kspedia_sap'
[LOG 19:14:30.253] AssetLoader: Loaded mod bundle 'kspedia_sidebar'
[LOG 19:14:30.253] AssetLoader: Loaded mod bundle 'kspedia_testingcheckpoints'
[LOG 19:14:30.253] AssetLoader: Loaded bundle 'makinghistory'
[LOG 19:14:30.254] AssetLoader: Loaded mod bundle 'kspedia_bladecyclic-collective-behaviour'
[LOG 19:14:30.254] AssetLoader: Loaded mod bundle 'kspedia_bladecyclic-collective-controls'
[LOG 19:14:30.254] AssetLoader: Loaded mod bundle 'kspedia_deployedscience-experiments'
[LOG 19:14:30.255] AssetLoader: Loaded mod bundle 'kspedia_deployedscience'
[LOG 19:14:30.255] AssetLoader: Loaded mod bundle 'kspedia_grippads'
[LOG 19:14:30.255] AssetLoader: Loaded mod bundle 'kspedia_layindtracks'
[LOG 19:14:30.256] AssetLoader: Loaded mod bundle 'kspedia_propellers'
[LOG 19:14:30.256] AssetLoader: Loaded mod bundle 'kspedia_propellersaerodynamics'
[LOG 19:14:30.256] AssetLoader: Loaded mod bundle 'kspedia_roboticcontroller'
[LOG 19:14:30.257] AssetLoader: Loaded mod bundle 'kspedia_roboticparts'
[LOG 19:14:30.257] AssetLoader: Loaded mod bundle 'kspedia_surface features-overview'
[LOG 19:14:30.257] AssetLoader: Loaded mod bundle 'kspedia_surface features-roverarmdetails'
[LOG 19:14:30.258] AssetLoader: Loaded mod bundle 'kspedia_trackeditor'
[LOG 19:14:30.258] AssetLoader: Loaded mod bundle 'kspedia_trackeditortoolbar'
[LOG 19:14:30.258] AssetLoader: Loaded mod bundle 'serenity'
[LOG 19:14:30.259] AssetLoader: Finished loading. 226 bundle definitions loaded.
[LOG 19:14:30.260] Compiling Configs:
[LOG 19:14:30.260] Config(PHYSICSGLOBALS) /Physics/PHYSICSGLOBALS
[LOG 19:14:30.260] Config(KSP_COMMUNITY_FIXES) KSPCommunityFixes/Settings/KSP_COMMUNITY_FIXES
[LOG 19:14:30.260] Config(Localization) KSPCommunityFixes/Localization/en-us/Localization
[LOG 19:14:30.260] Config(Localization) KSPCommunityFixes/Localization/fr-fr/Localization
[LOG 19:14:30.260] Config(Localization) KSPCommunityFixes/Localization/ru/Localization
[LOG 19:14:30.260] Config(Localization) KSPCommunityFixes/Localization/zh-cn/Localization
[LOG 19:14:30.261] Config(@PART[*]:HAS[@MODULE[ModuleDockingNodeFixed]]:NEEDS[FixDockingNodes]:FINAL) KSPCommunityFixes/MMPatches/ModSupport/FixDockingNodes/@PART[*]:HAS[@MODULE[ModuleDockingNodeFixed]]:NEEDS[FixDockingNodes]:FINAL
[LOG 19:14:30.261] Config(@PART[*]:HAS[@MODULE[Refunding]]:LAST[999_KSP-Recall]) KSPCommunityFixes/MMPatches/ModSupport/KSPRecall/@PART[*]:HAS[@MODULE[Refunding]]:LAST[999_KSP-Recall]
[LOG 19:14:30.261] Config(@PART[*]:HAS[#hasRefundingOnRecovery[?rue]]:LAST[999_KSP-Recall]) KSPCommunityFixes/MMPatches/ModSupport/KSPRecall/@PART[*]:HAS[#hasRefundingOnRecovery[?rue]]:LAST[999_KSP-Recall]
[LOG 19:14:30.261] Config(@PART[*]:HAS[#hasRefundingOnRecovery]:LAST[999_KSP-Recall]) KSPCommunityFixes/MMPatches/ModSupport/KSPRecall/@PART[*]:HAS[#hasRefundingOnRecovery]:LAST[999_KSP-Recall]
[LOG 19:14:30.261] Config(@KSP-Recall:LAST[999_KSP-Recall]) KSPCommunityFixes/MMPatches/ModSupport/KSPRecall/@KSP-Recall:LAST[999_KSP-Recall]
[LOG 19:14:30.261] Config(@KSP-Recall:HAS[#hasRefundingOnRecovery[?rue]]:LAST[999_KSP-Recall]) KSPCommunityFixes/MMPatches/ModSupport/KSPRecall/@KSP-Recall:HAS[#hasRefundingOnRecovery[?rue]]:LAST[999_KSP-Recall]
[LOG 19:14:30.261] Config(@KSP-Recall:HAS[#hasRefundingOnRecovery]:LAST[999_KSP-Recall]) KSPCommunityFixes/MMPatches/ModSupport/KSPRecall/@KSP-Recall:HAS[#hasRefundingOnRecovery]:LAST[999_KSP-Recall]
[LOG 19:14:30.261] Config(@KSP_COMMUNITY_FIXES:NEEDS[AttachedOnEditor]) KSPCommunityFixes/MMPatches/ModSupport/KSPRecall/@KSP_COMMUNITY_FIXES:NEEDS[AttachedOnEditor]
[LOG 19:14:30.261] Config(@KSP_COMMUNITY_FIXES:NEEDS[UniversalStorage2]) KSPCommunityFixes/MMPatches/ModSupport/UniversalStorage/@KSP_COMMUNITY_FIXES:NEEDS[UniversalStorage2]
[LOG 19:14:30.261] Config(@PART[telescopicLadderBay]:FIRST) KSPCommunityFixes/MMPatches/StockTweaks/LadderToggleableLight/@PART[telescopicLadderBay]:FIRST
[LOG 19:14:30.261] Config(@PART[telescopicLadderBay]:HAS[#LadderToggleableLight[?rue]]:FIRST) KSPCommunityFixes/MMPatches/StockTweaks/LadderToggleableLight/@PART[telescopicLadderBay]:HAS[#LadderToggleableLight[?rue]]:FIRST
[LOG 19:14:30.261] Config(@PART[telescopicLadderBay]:HAS[#LadderToggleableLight]:FIRST) KSPCommunityFixes/MMPatches/StockTweaks/LadderToggleableLight/@PART[telescopicLadderBay]:HAS[#LadderToggleableLight]:FIRST
[LOG 19:14:30.261] Config(@PART[GearSmall]:FIRST) KSPCommunityFixes/MMPatches/StockTweaks/LandingGearLights/@PART[GearSmall]:FIRST
[LOG 19:14:30.261] Config(@PART[SmallGearBay]:FIRST) KSPCommunityFixes/MMPatches/StockTweaks/LandingGearLights/@PART[SmallGearBay]:FIRST
[LOG 19:14:30.261] Config(@PART[sasModule]:FOR[KSPCommunityFixes]) KSPCommunityFixes/MMPatches/StockTweaks/ManufacturerFixes/@PART[sasModule]:FOR[KSPCommunityFixes]
[LOG 19:14:30.261] Config(@PART[xenonTankRadial]:FOR[KSPCommunityFixes]) KSPCommunityFixes/MMPatches/StockTweaks/ManufacturerFixes/@PART[xenonTankRadial]:FOR[KSPCommunityFixes]
[LOG 19:14:30.261] Config(@PART[winglet|fireworksLauncherSmall|fireworksLauncherBig]:FOR[KSPCommunityFixes]) KSPCommunityFixes/MMPatches/StockTweaks/ManufacturerFixes/@PART[winglet|fireworksLauncherSmall|fireworksLauncherBig]:FOR[KSPCommunityFixes]
[LOG 19:14:30.261] Config(@PART[solidBooster_sm_v2|solidBooster_v2]:FOR[KSPCommunityFixes]) KSPCommunityFixes/MMPatches/StockTweaks/ManufacturerFixes/@PART[solidBooster_sm_v2|solidBooster_v2]:FOR[KSPCommunityFixes]
[LOG 19:14:30.261] Config(@PART[ServiceBay_125_v2|ServiceBay_250_v2]:FOR[KSPCommunityFixes]) KSPCommunityFixes/MMPatches/StockTweaks/ManufacturerFixes/@PART[ServiceBay_125_v2|ServiceBay_250_v2]:FOR[KSPCommunityFixes]
[LOG 19:14:30.261] Config(@PART[externalTankCapsule]:FOR[KSPCommunityFixes]) KSPCommunityFixes/MMPatches/StockTweaks/ManufacturerFixes/@PART[externalTankCapsule]:FOR[KSPCommunityFixes]
[LOG 19:14:30.261] Config(@PART[RCSFuelTank|rcsTankMini|RCSTank1-2]:FOR[KSPCommunityFixes]) KSPCommunityFixes/MMPatches/StockTweaks/ManufacturerFixes/@PART[RCSFuelTank|rcsTankMini|RCSTank1-2]:FOR[KSPCommunityFixes]
[LOG 19:14:30.261] Config(@PART[landerCabinSmall]:FOR[KSPCommunityFixes]) KSPCommunityFixes/MMPatches/StockTweaks/ManufacturerFixes/@PART[landerCabinSmall]:FOR[KSPCommunityFixes]
[LOG 19:14:30.261] Config(@PART[dockingPortLateral]:FOR[KSPCommunityFixes]) KSPCommunityFixes/MMPatches/StockTweaks/ManufacturerFixes/@PART[dockingPortLateral]:FOR[KSPCommunityFixes]
[LOG 19:14:30.262] Config(@PART[EnginePlate4]:FOR[KSPCommunityFixes]:NEEDS[SquadExpansion/MakingHistory]) KSPCommunityFixes/MMPatches/StockTweaks/ManufacturerFixes/@PART[EnginePlate4]:FOR[KSPCommunityFixes]:NEEDS[SquadExpansion/MakingHistory]
[LOG 19:14:30.262] Config(@PART[Mk2Pod]:FOR[KSPCommunityFixes]:NEEDS[SquadExpansion/MakingHistory]) KSPCommunityFixes/MMPatches/StockTweaks/ManufacturerFixes/@PART[Mk2Pod]:FOR[KSPCommunityFixes]:NEEDS[SquadExpansion/MakingHistory]
[LOG 19:14:30.262] Config(@PART[evaChute|parachuteSingle|parachuteRadial|radialDrogue|parachuteLarge|parachuteDrogue]:FOR[KSPCommunityFixes]) KSPCommunityFixes/MMPatches/StockTweaks/ManufacturerFixes/@PART[evaChute|parachuteSingle|parachuteRadial|radialDrogue|parachuteLarge|parachuteDrogue]:FOR[KSPCommunityFixes]
[LOG 19:14:30.262] Config(@PART[stackPoint1|dockingPort1|dockingPort2|dockingPort3|dockingPortLarge]:FOR[KSPCommunityFixes]) KSPCommunityFixes/MMPatches/StockTweaks/ManufacturerFixes/@PART[stackPoint1|dockingPort1|dockingPort2|dockingPort3|dockingPortLarge]:FOR[KSPCommunityFixes]
[LOG 19:14:30.262] Config(AGENT) KSPCommunityFixes/MMPatches/StockTweaks/ManufacturerFixes/Clamp-O-Tron
[LOG 19:14:30.262] Config(AGENT) KSPCommunityFixes/MMPatches/StockTweaks/ManufacturerFixes/FreeFall Parachutes
[LOG 19:14:30.262] Config(AGENT) KSPCommunityFixes/MMPatches/StockTweaks/ManufacturerFixes/LightYear Tire Company
[LOG 19:14:30.262] Config(AGENT) KSPCommunityFixes/MMPatches/StockTweaks/ManufacturerFixes/Stratus Corporation
[LOG 19:14:30.262] Config(Localization) KSPCommunityFixes/MMPatches/StockTweaks/ManufacturerFixes/Localization
[LOG 19:14:30.262] Config(AGENT) Squad/Agencies/Agents/C7 Aerospace Division
[LOG 19:14:30.262] Config(AGENT) Squad/Agencies/Agents/Dinkelstein Kerman's Construction Emporium
[LOG 19:14:30.262] Config(AGENT) Squad/Agencies/Agents/Experimental Engineering Group
[LOG 19:14:30.262] Config(AGENT) Squad/Agencies/Agents/FLOOYD Dynamics Research Labs
[LOG 19:14:30.262] Config(AGENT) Squad/Agencies/Agents/Goliath National Products
[LOG 19:14:30.262] Config(AGENT) Squad/Agencies/Agents/Integrated Integrals
[LOG 19:14:30.262] Config(AGENT) Squad/Agencies/Agents/Ionic Symphonic Protonic Electronics
[LOG 19:14:30.262] Config(AGENT) Squad/Agencies/Agents/Jebediah Kerman's Junkyard and Spacecraft Parts Co
[LOG 19:14:30.262] Config(AGENT) Squad/Agencies/Agents/Kerbal Motion LLC
[LOG 19:14:30.262] Config(AGENT) Squad/Agencies/Agents/Kerbin World-Firsts Record-Keeping Society
[LOG 19:14:30.262] Config(AGENT) Squad/Agencies/Agents/Kerbodyne
[LOG 19:14:30.262] Config(AGENT) Squad/Agencies/Agents/Kerlington Model Rockets and Paper Products Inc
[LOG 19:14:30.262] Config(AGENT) Squad/Agencies/Agents/Maxo Construction Toys
[LOG 19:14:30.262] Config(AGENT) Squad/Agencies/Agents/Moving Parts Experts Group
[LOG 19:14:30.262] Config(AGENT) Squad/Agencies/Agents/O.M.B. Demolition Enterprises
[LOG 19:14:30.262] Config(AGENT) Squad/Agencies/Agents/Periapsis Rocket Supplies Co
[LOG 19:14:30.262] Config(AGENT) Squad/Agencies/Agents/Probodobodyne Inc
[LOG 19:14:30.262] Config(AGENT) Squad/Agencies/Agents/Research & Development Department
[LOG 19:14:30.262] Config(AGENT) Squad/Agencies/Agents/Reaction Systems Ltd
[LOG 19:14:30.263] Config(AGENT) Squad/Agencies/Agents/Rockomax Conglomerate
[LOG 19:14:30.263] Config(AGENT) Squad/Agencies/Agents/Rokea Inc
[LOG 19:14:30.263] Config(AGENT) Squad/Agencies/Agents/Sean's Cannery
[LOG 19:14:30.263] Config(AGENT) Squad/Agencies/Agents/STEADLER Engineering Corps
[LOG 19:14:30.263] Config(AGENT) Squad/Agencies/Agents/StrutCo
[LOG 19:14:30.263] Config(AGENT) Squad/Agencies/Agents/Vac-Co Advanced Suction Systems
[LOG 19:14:30.263] Config(AGENT) Squad/Agencies/Agents/WinterOwl Aircraft Emporium
[LOG 19:14:30.263] Config(AGENT) Squad/Agencies/Agents/Zaltonic Electronics
[LOG 19:14:30.263] Config(CONTRACT_CONSTRUCTION_PARTS) Squad/Contracts/constructionContractParts/CONTRACT_CONSTRUCTION_PARTS
[LOG 19:14:30.263] Config(Contracts) Squad/Contracts/Contracts/Contracts
[LOG 19:14:30.263] Config(CONTRACTCRAFT) Squad/Contracts/PrebuiltCraft/prebuiltData/CONTRACTCRAFT
[LOG 19:14:30.263] Config(CONTRACTCRAFT) Squad/Contracts/PrebuiltCraft/OrbitalConstructionContract/orbitalConstructionContractCraft/CONTRACTCRAFT
[LOG 19:14:30.263] Config(CONTRACTCRAFT) Squad/Contracts/PrebuiltCraft/RepairContract/repairContractCraft/CONTRACTCRAFT
[LOG 19:14:30.263] Config(CONTRACTCRAFT) Squad/Contracts/PrebuiltCraft/RoverContract/roverContractCraft/CONTRACTCRAFT
[LOG 19:14:30.263] Config(KEYBOARD_LAYOUT) Squad/Controls/Azerty/#autoLOC_6001233
[LOG 19:14:30.263] Config(PITCH_DOWN) Squad/Controls/Azerty/PITCH_DOWN
[LOG 19:14:30.263] Config(PITCH_UP) Squad/Controls/Azerty/PITCH_UP
[LOG 19:14:30.263] Config(YAW_LEFT) Squad/Controls/Azerty/YAW_LEFT
[LOG 19:14:30.263] Config(YAW_RIGHT) Squad/Controls/Azerty/YAW_RIGHT
[LOG 19:14:30.263] Config(ROLL_LEFT) Squad/Controls/Azerty/ROLL_LEFT
[LOG 19:14:30.263] Config(ROLL_RIGHT) Squad/Controls/Azerty/ROLL_RIGHT
[LOG 19:14:30.263] Config(THROTTLE_UP) Squad/Controls/Azerty/THROTTLE_UP
[LOG 19:14:30.263] Config(THROTTLE_DOWN) Squad/Controls/Azerty/THROTTLE_DOWN
[LOG 19:14:30.263] Config(SAS_HOLD) Squad/Controls/Azerty/SAS_HOLD
[LOG 19:14:30.263] Config(SAS_TOGGLE) Squad/Controls/Azerty/SAS_TOGGLE
[LOG 19:14:30.263] Config(LAUNCH_STAGES) Squad/Controls/Azerty/LAUNCH_STAGES
[LOG 19:14:30.263] Config(Docking_toggleRotLin) Squad/Controls/Azerty/Docking_toggleRotLin
[LOG 19:14:30.264] Config(CAMERA_MODE) Squad/Controls/Azerty/CAMERA_MODE
[LOG 19:14:30.264] Config(CAMERA_NEXT) Squad/Controls/Azerty/CAMERA_NEXT
[LOG 19:14:30.264] Config(PAUSE) Squad/Controls/Azerty/PAUSE
[LOG 19:14:30.264] Config(PRECISION_CTRL) Squad/Controls/Azerty/PRECISION_CTRL
[LOG 19:14:30.264] Config(ZOOM_IN) Squad/Controls/Azerty/ZOOM_IN
[LOG 19:14:30.264] Config(ZOOM_OUT) Squad/Controls/Azerty/ZOOM_OUT
[LOG 19:14:30.264] Config(SCROLL_VIEW_UP) Squad/Controls/Azerty/SCROLL_VIEW_UP
[LOG 19:14:30.264] Config(SCROLL_VIEW_DOWN) Squad/Controls/Azerty/SCROLL_VIEW_DOWN
[LOG 19:14:30.264] Config(SCROLL_ICONS_UP) Squad/Controls/Azerty/SCROLL_ICONS_UP
[LOG 19:14:30.264] Config(SCROLL_ICONS_DOWN) Squad/Controls/Azerty/SCROLL_ICONS_DOWN
[LOG 19:14:30.264] Config(CAMERA_ORBIT_UP) Squad/Controls/Azerty/CAMERA_ORBIT_UP
[LOG 19:14:30.264] Config(CAMERA_ORBIT_DOWN) Squad/Controls/Azerty/CAMERA_ORBIT_DOWN
[LOG 19:14:30.264] Config(CAMERA_ORBIT_LEFT) Squad/Controls/Azerty/CAMERA_ORBIT_LEFT
[LOG 19:14:30.264] Config(CAMERA_ORBIT_RIGHT) Squad/Controls/Azerty/CAMERA_ORBIT_RIGHT
[LOG 19:14:30.264] Config(CAMERA_RESET) Squad/Controls/Azerty/CAMERA_RESET
[LOG 19:14:30.264] Config(CAMERA_MOUSE_TOGGLE) Squad/Controls/Azerty/CAMERA_MOUSE_TOGGLE
[LOG 19:14:30.264] Config(TIME_WARP_INCREASE) Squad/Controls/Azerty/TIME_WARP_INCREASE
[LOG 19:14:30.264] Config(TIME_WARP_DECREASE) Squad/Controls/Azerty/TIME_WARP_DECREASE
[LOG 19:14:30.264] Config(TIME_WARP_STOP) Squad/Controls/Azerty/TIME_WARP_STOP
[LOG 19:14:30.264] Config(MAP_VIEW_TOGGLE) Squad/Controls/Azerty/MAP_VIEW_TOGGLE
[LOG 19:14:30.264] Config(NAVBALL_TOGGLE) Squad/Controls/Azerty/NAVBALL_TOGGLE
[LOG 19:14:30.264] Config(UIMODE_STAGING) Squad/Controls/Azerty/UIMODE_STAGING
[LOG 19:14:30.264] Config(UIMODE_DOCKING) Squad/Controls/Azerty/UIMODE_DOCKING
[LOG 19:14:30.264] Config(TRANSLATE_DOWN) Squad/Controls/Azerty/TRANSLATE_DOWN
[LOG 19:14:30.264] Config(TRANSLATE_UP) Squad/Controls/Azerty/TRANSLATE_UP
[LOG 19:14:30.264] Config(TRANSLATE_LEFT) Squad/Controls/Azerty/TRANSLATE_LEFT
[LOG 19:14:30.264] Config(TRANSLATE_RIGHT) Squad/Controls/Azerty/TRANSLATE_RIGHT
[LOG 19:14:30.264] Config(TRANSLATE_FWD) Squad/Controls/Azerty/TRANSLATE_FWD
[LOG 19:14:30.264] Config(TRANSLATE_BACK) Squad/Controls/Azerty/TRANSLATE_BACK
[LOG 19:14:30.265] Config(RCS_TOGGLE) Squad/Controls/Azerty/RCS_TOGGLE
[LOG 19:14:30.265] Config(FOCUS_NEXT_VESSEL) Squad/Controls/Azerty/FOCUS_NEXT_VESSEL
[LOG 19:14:30.265] Config(FOCUS_PREV_VESSEL) Squad/Controls/Azerty/FOCUS_PREV_VESSEL
[LOG 19:14:30.265] Config(TOGGLE_UI) Squad/Controls/Azerty/TOGGLE_UI
[LOG 19:14:30.265] Config(TOGGLE_STATUS_SCREEN) Squad/Controls/Azerty/TOGGLE_STATUS_SCREEN
[LOG 19:14:30.265] Config(TAKE_SCREENSHOT) Squad/Controls/Azerty/TAKE_SCREENSHOT
[LOG 19:14:30.265] Config(TOGGLE_LABELS) Squad/Controls/Azerty/TOGGLE_LABELS
[LOG 19:14:30.265] Config(TOGGLE_TEMP_GAUGES) Squad/Controls/Azerty/TOGGLE_TEMP_GAUGES
[LOG 19:14:30.265] Config(TOGGLE_TEMP_OVERLAY) Squad/Controls/Azerty/TOGGLE_TEMP_OVERLAY
[LOG 19:14:30.265] Config(TOGGLE_FLIGHT_FORCES) Squad/Controls/Azerty/TOGGLE_FLIGHT_FORCES
[LOG 19:14:30.265] Config(QUICKSAVE) Squad/Controls/Azerty/QUICKSAVE
[LOG 19:14:30.265] Config(QUICKLOAD) Squad/Controls/Azerty/QUICKLOAD
[LOG 19:14:30.265] Config(THROTTLE_CUTOFF) Squad/Controls/Azerty/THROTTLE_CUTOFF
[LOG 19:14:30.265] Config(THROTTLE_FULL) Squad/Controls/Azerty/THROTTLE_FULL
[LOG 19:14:30.265] Config(LANDING_GEAR) Squad/Controls/Azerty/LANDING_GEAR
[LOG 19:14:30.265] Config(HEADLIGHT_TOGGLE) Squad/Controls/Azerty/HEADLIGHT_TOGGLE
[LOG 19:14:30.265] Config(BRAKES) Squad/Controls/Azerty/BRAKES
[LOG 19:14:30.265] Config(TOGGLE_SPACENAV_FLIGHT_CONTROL) Squad/Controls/Azerty/TOGGLE_SPACENAV_FLIGHT_CONTROL
[LOG 19:14:30.265] Config(TOGGLE_SPACENAV_ROLL_LOCK) Squad/Controls/Azerty/TOGGLE_SPACENAV_ROLL_LOCK
[LOG 19:14:30.265] Config(WHEEL_STEER_LEFT) Squad/Controls/Azerty/WHEEL_STEER_LEFT
[LOG 19:14:30.265] Config(WHEEL_STEER_RIGHT) Squad/Controls/Azerty/WHEEL_STEER_RIGHT
[LOG 19:14:30.265] Config(WHEEL_THROTTLE_DOWN) Squad/Controls/Azerty/WHEEL_THROTTLE_DOWN
[LOG 19:14:30.265] Config(WHEEL_THROTTLE_UP) Squad/Controls/Azerty/WHEEL_THROTTLE_UP
[LOG 19:14:30.265] Config(EVA_forward) Squad/Controls/Azerty/EVA_forward
[LOG 19:14:30.265] Config(EVA_back) Squad/Controls/Azerty/EVA_back
[LOG 19:14:30.265] Config(EVA_left) Squad/Controls/Azerty/EVA_left
[LOG 19:14:30.265] Config(EVA_right) Squad/Controls/Azerty/EVA_right
[LOG 19:14:30.265] Config(EVA_yaw_left) Squad/Controls/Azerty/EVA_yaw_left
[LOG 19:14:30.265] Config(EVA_yaw_right) Squad/Controls/Azerty/EVA_yaw_right
[LOG 19:14:30.265] Config(EVA_Pack_forward) Squad/Controls/Azerty/EVA_Pack_forward
[LOG 19:14:30.266] Config(EVA_Pack_back) Squad/Controls/Azerty/EVA_Pack_back
[LOG 19:14:30.266] Config(EVA_Pack_left) Squad/Controls/Azerty/EVA_Pack_left
[LOG 19:14:30.266] Config(EVA_Pack_right) Squad/Controls/Azerty/EVA_Pack_right
[LOG 19:14:30.266] Config(EVA_Pack_up) Squad/Controls/Azerty/EVA_Pack_up
[LOG 19:14:30.266] Config(EVA_Pack_down) Squad/Controls/Azerty/EVA_Pack_down
[LOG 19:14:30.266] Config(EVA_Jump) Squad/Controls/Azerty/EVA_Jump
[LOG 19:14:30.266] Config(EVA_Run) Squad/Controls/Azerty/EVA_Run
[LOG 19:14:30.266] Config(EVA_ToggleMovementMode) Squad/Controls/Azerty/EVA_ToggleMovementMode
[LOG 19:14:30.266] Config(EVA_TogglePack) Squad/Controls/Azerty/EVA_TogglePack
[LOG 19:14:30.266] Config(EVA_Use) Squad/Controls/Azerty/EVA_Use
[LOG 19:14:30.266] Config(EVA_Board) Squad/Controls/Azerty/EVA_Board
[LOG 19:14:30.266] Config(EVA_Orient) Squad/Controls/Azerty/EVA_Orient
[LOG 19:14:30.266] Config(EVA_Lights) Squad/Controls/Azerty/EVA_Lights
[LOG 19:14:30.266] Config(EVA_ChuteDeploy) Squad/Controls/Azerty/EVA_ChuteDeploy
[LOG 19:14:30.266] Config(Editor_pitchUp) Squad/Controls/Azerty/Editor_pitchUp
[LOG 19:14:30.266] Config(Editor_pitchDown) Squad/Controls/Azerty/Editor_pitchDown
[LOG 19:14:30.266] Config(Editor_yawLeft) Squad/Controls/Azerty/Editor_yawLeft
[LOG 19:14:30.266] Config(Editor_yawRight) Squad/Controls/Azerty/Editor_yawRight
[LOG 19:14:30.266] Config(Editor_rollLeft) Squad/Controls/Azerty/Editor_rollLeft
[LOG 19:14:30.266] Config(Editor_rollRight) Squad/Controls/Azerty/Editor_rollRight
[LOG 19:14:30.266] Config(Editor_resetRotation) Squad/Controls/Azerty/Editor_resetRotation
[LOG 19:14:30.266] Config(Editor_modePlace) Squad/Controls/Azerty/Editor_modePlace
[LOG 19:14:30.266] Config(Editor_modeOffset) Squad/Controls/Azerty/Editor_modeOffset
[LOG 19:14:30.266] Config(Editor_modeRotate) Squad/Controls/Azerty/Editor_modeRotate
[LOG 19:14:30.266] Config(Editor_modeRoot) Squad/Controls/Azerty/Editor_modeRoot
[LOG 19:14:30.266] Config(Editor_coordSystem) Squad/Controls/Azerty/Editor_coordSystem
[LOG 19:14:30.266] Config(Editor_toggleSymMethod) Squad/Controls/Azerty/Editor_toggleSymMethod
[LOG 19:14:30.266] Config(Editor_toggleSymMode) Squad/Controls/Azerty/Editor_toggleSymMode
[LOG 19:14:30.266] Config(Editor_toggleAngleSnap) Squad/Controls/Azerty/Editor_toggleAngleSnap
[LOG 19:14:30.266] Config(Editor_fineTweak) Squad/Controls/Azerty/Editor_fineTweak
[LOG 19:14:30.267] Config(Editor_partSearch) Squad/Controls/Azerty/Editor_partSearch
[LOG 19:14:30.267] Config(Editor_zoomScrollModifier) Squad/Controls/Azerty/Editor_zoomScrollModifier
[LOG 19:14:30.267] Config(MODIFIER_KEY) Squad/Controls/Azerty/MODIFIER_KEY
[LOG 19:14:30.267] Config(AbortActionGroup) Squad/Controls/Azerty/AbortActionGroup
[LOG 19:14:30.267] Config(CustomActionGroup1) Squad/Controls/Azerty/CustomActionGroup1
[LOG 19:14:30.267] Config(CustomActionGroup2) Squad/Controls/Azerty/CustomActionGroup2
[LOG 19:14:30.267] Config(CustomActionGroup3) Squad/Controls/Azerty/CustomActionGroup3
[LOG 19:14:30.267] Config(CustomActionGroup4) Squad/Controls/Azerty/CustomActionGroup4
[LOG 19:14:30.267] Config(CustomActionGroup5) Squad/Controls/Azerty/CustomActionGroup5
[LOG 19:14:30.267] Config(CustomActionGroup6) Squad/Controls/Azerty/CustomActionGroup6
[LOG 19:14:30.267] Config(CustomActionGroup7) Squad/Controls/Azerty/CustomActionGroup7
[LOG 19:14:30.267] Config(CustomActionGroup8) Squad/Controls/Azerty/CustomActionGroup8
[LOG 19:14:30.267] Config(CustomActionGroup9) Squad/Controls/Azerty/CustomActionGroup9
[LOG 19:14:30.267] Config(CustomActionGroup10) Squad/Controls/Azerty/CustomActionGroup10
[LOG 19:14:30.267] Config(KEY_MAP) Squad/Controls/Azerty/KEY_MAP
[LOG 19:14:30.267] Config(KEYBOARD_LAYOUT) Squad/Controls/Dvorak/#autoLOC_6001234
[LOG 19:14:30.267] Config(PITCH_DOWN) Squad/Controls/Dvorak/PITCH_DOWN
[LOG 19:14:30.267] Config(PITCH_UP) Squad/Controls/Dvorak/PITCH_UP
[LOG 19:14:30.267] Config(YAW_LEFT) Squad/Controls/Dvorak/YAW_LEFT
[LOG 19:14:30.267] Config(YAW_RIGHT) Squad/Controls/Dvorak/YAW_RIGHT
[LOG 19:14:30.267] Config(ROLL_LEFT) Squad/Controls/Dvorak/ROLL_LEFT
[LOG 19:14:30.267] Config(ROLL_RIGHT) Squad/Controls/Dvorak/ROLL_RIGHT
[LOG 19:14:30.267] Config(THROTTLE_UP) Squad/Controls/Dvorak/THROTTLE_UP
[LOG 19:14:30.267] Config(THROTTLE_DOWN) Squad/Controls/Dvorak/THROTTLE_DOWN
[LOG 19:14:30.267] Config(SAS_HOLD) Squad/Controls/Dvorak/SAS_HOLD
[LOG 19:14:30.267] Config(SAS_TOGGLE) Squad/Controls/Dvorak/SAS_TOGGLE
[LOG 19:14:30.267] Config(LAUNCH_STAGES) Squad/Controls/Dvorak/LAUNCH_STAGES
[LOG 19:14:30.267] Config(Docking_toggleRotLin) Squad/Controls/Dvorak/Docking_toggleRotLin
[LOG 19:14:30.267] Config(CAMERA_MODE) Squad/Controls/Dvorak/CAMERA_MODE
[LOG 19:14:30.267] Config(CAMERA_NEXT) Squad/Controls/Dvorak/CAMERA_NEXT
[LOG 19:14:30.268] Config(PAUSE) Squad/Controls/Dvorak/PAUSE
[LOG 19:14:30.268] Config(PRECISION_CTRL) Squad/Controls/Dvorak/PRECISION_CTRL
[LOG 19:14:30.268] Config(ZOOM_IN) Squad/Controls/Dvorak/ZOOM_IN
[LOG 19:14:30.268] Config(ZOOM_OUT) Squad/Controls/Dvorak/ZOOM_OUT
[LOG 19:14:30.268] Config(SCROLL_VIEW_UP) Squad/Controls/Dvorak/SCROLL_VIEW_UP
[LOG 19:14:30.268] Config(SCROLL_VIEW_DOWN) Squad/Controls/Dvorak/SCROLL_VIEW_DOWN
[LOG 19:14:30.268] Config(SCROLL_ICONS_UP) Squad/Controls/Dvorak/SCROLL_ICONS_UP
[LOG 19:14:30.268] Config(SCROLL_ICONS_DOWN) Squad/Controls/Dvorak/SCROLL_ICONS_DOWN
[LOG 19:14:30.268] Config(CAMERA_ORBIT_UP) Squad/Controls/Dvorak/CAMERA_ORBIT_UP
[LOG 19:14:30.268] Config(CAMERA_ORBIT_DOWN) Squad/Controls/Dvorak/CAMERA_ORBIT_DOWN
[LOG 19:14:30.268] Config(CAMERA_ORBIT_LEFT) Squad/Controls/Dvorak/CAMERA_ORBIT_LEFT
[LOG 19:14:30.268] Config(CAMERA_ORBIT_RIGHT) Squad/Controls/Dvorak/CAMERA_ORBIT_RIGHT
[LOG 19:14:30.268] Config(CAMERA_RESET) Squad/Controls/Dvorak/CAMERA_RESET
[LOG 19:14:30.268] Config(CAMERA_MOUSE_TOGGLE) Squad/Controls/Dvorak/CAMERA_MOUSE_TOGGLE
[LOG 19:14:30.268] Config(TIME_WARP_INCREASE) Squad/Controls/Dvorak/TIME_WARP_INCREASE
[LOG 19:14:30.268] Config(TIME_WARP_DECREASE) Squad/Controls/Dvorak/TIME_WARP_DECREASE
[LOG 19:14:30.268] Config(TIME_WARP_STOP) Squad/Controls/Dvorak/TIME_WARP_STOP
[LOG 19:14:30.268] Config(MAP_VIEW_TOGGLE) Squad/Controls/Dvorak/MAP_VIEW_TOGGLE
[LOG 19:14:30.268] Config(NAVBALL_TOGGLE) Squad/Controls/Dvorak/NAVBALL_TOGGLE
[LOG 19:14:30.268] Config(UIMODE_STAGING) Squad/Controls/Dvorak/UIMODE_STAGING
[LOG 19:14:30.268] Config(UIMODE_DOCKING) Squad/Controls/Dvorak/UIMODE_DOCKING
[LOG 19:14:30.268] Config(TRANSLATE_DOWN) Squad/Controls/Dvorak/TRANSLATE_DOWN
[LOG 19:14:30.268] Config(TRANSLATE_UP) Squad/Controls/Dvorak/TRANSLATE_UP
[LOG 19:14:30.268] Config(TRANSLATE_LEFT) Squad/Controls/Dvorak/TRANSLATE_LEFT
[LOG 19:14:30.268] Config(TRANSLATE_RIGHT) Squad/Controls/Dvorak/TRANSLATE_RIGHT
[LOG 19:14:30.268] Config(TRANSLATE_FWD) Squad/Controls/Dvorak/TRANSLATE_FWD
[LOG 19:14:30.268] Config(TRANSLATE_BACK) Squad/Controls/Dvorak/TRANSLATE_BACK
[LOG 19:14:30.268] Config(RCS_TOGGLE) Squad/Controls/Dvorak/RCS_TOGGLE
[LOG 19:14:30.268] Config(FOCUS_NEXT_VESSEL) Squad/Controls/Dvorak/FOCUS_NEXT_VESSEL
[LOG 19:14:30.269] Config(FOCUS_PREV_VESSEL) Squad/Controls/Dvorak/FOCUS_PREV_VESSEL
[LOG 19:14:30.269] Config(TOGGLE_UI) Squad/Controls/Dvorak/TOGGLE_UI
[LOG 19:14:30.269] Config(TOGGLE_STATUS_SCREEN) Squad/Controls/Dvorak/TOGGLE_STATUS_SCREEN
[LOG 19:14:30.269] Config(TAKE_SCREENSHOT) Squad/Controls/Dvorak/TAKE_SCREENSHOT
[LOG 19:14:30.269] Config(TOGGLE_LABELS) Squad/Controls/Dvorak/TOGGLE_LABELS
[LOG 19:14:30.269] Config(TOGGLE_TEMP_GAUGES) Squad/Controls/Dvorak/TOGGLE_TEMP_GAUGES
[LOG 19:14:30.269] Config(TOGGLE_TEMP_OVERLAY) Squad/Controls/Dvorak/TOGGLE_TEMP_OVERLAY
[LOG 19:14:30.269] Config(TOGGLE_FLIGHT_FORCES) Squad/Controls/Dvorak/TOGGLE_FLIGHT_FORCES
[LOG 19:14:30.269] Config(QUICKSAVE) Squad/Controls/Dvorak/QUICKSAVE
[LOG 19:14:30.269] Config(QUICKLOAD) Squad/Controls/Dvorak/QUICKLOAD
[LOG 19:14:30.269] Config(THROTTLE_CUTOFF) Squad/Controls/Dvorak/THROTTLE_CUTOFF
[LOG 19:14:30.269] Config(THROTTLE_FULL) Squad/Controls/Dvorak/THROTTLE_FULL
[LOG 19:14:30.269] Config(LANDING_GEAR) Squad/Controls/Dvorak/LANDING_GEAR
[LOG 19:14:30.269] Config(HEADLIGHT_TOGGLE) Squad/Controls/Dvorak/HEADLIGHT_TOGGLE
[LOG 19:14:30.269] Config(BRAKES) Squad/Controls/Dvorak/BRAKES
[LOG 19:14:30.269] Config(TOGGLE_SPACENAV_FLIGHT_CONTROL) Squad/Controls/Dvorak/TOGGLE_SPACENAV_FLIGHT_CONTROL
[LOG 19:14:30.269] Config(TOGGLE_SPACENAV_ROLL_LOCK) Squad/Controls/Dvorak/TOGGLE_SPACENAV_ROLL_LOCK
[LOG 19:14:30.269] Config(WHEEL_STEER_LEFT) Squad/Controls/Dvorak/WHEEL_STEER_LEFT
[LOG 19:14:30.269] Config(WHEEL_STEER_RIGHT) Squad/Controls/Dvorak/WHEEL_STEER_RIGHT
[LOG 19:14:30.269] Config(WHEEL_THROTTLE_DOWN) Squad/Controls/Dvorak/WHEEL_THROTTLE_DOWN
[LOG 19:14:30.269] Config(WHEEL_THROTTLE_UP) Squad/Controls/Dvorak/WHEEL_THROTTLE_UP
[LOG 19:14:30.269] Config(EVA_forward) Squad/Controls/Dvorak/EVA_forward
[LOG 19:14:30.269] Config(EVA_back) Squad/Controls/Dvorak/EVA_back
[LOG 19:14:30.269] Config(EVA_left) Squad/Controls/Dvorak/EVA_left
[LOG 19:14:30.269] Config(EVA_right) Squad/Controls/Dvorak/EVA_right
[LOG 19:14:30.269] Config(EVA_yaw_left) Squad/Controls/Dvorak/EVA_yaw_left
[LOG 19:14:30.269] Config(EVA_yaw_right) Squad/Controls/Dvorak/EVA_yaw_right
[LOG 19:14:30.269] Config(EVA_Pack_forward) Squad/Controls/Dvorak/EVA_Pack_forward
[LOG 19:14:30.269] Config(EVA_Pack_back) Squad/Controls/Dvorak/EVA_Pack_back
[LOG 19:14:30.270] Config(EVA_Pack_left) Squad/Controls/Dvorak/EVA_Pack_left
[LOG 19:14:30.270] Config(EVA_Pack_right) Squad/Controls/Dvorak/EVA_Pack_right
[LOG 19:14:30.270] Config(EVA_Pack_up) Squad/Controls/Dvorak/EVA_Pack_up
[LOG 19:14:30.270] Config(EVA_Pack_down) Squad/Controls/Dvorak/EVA_Pack_down
[LOG 19:14:30.270] Config(EVA_Jump) Squad/Controls/Dvorak/EVA_Jump
[LOG 19:14:30.270] Config(EVA_Run) Squad/Controls/Dvorak/EVA_Run
[LOG 19:14:30.270] Config(EVA_ToggleMovementMode) Squad/Controls/Dvorak/EVA_ToggleMovementMode
[LOG 19:14:30.270] Config(EVA_TogglePack) Squad/Controls/Dvorak/EVA_TogglePack
[LOG 19:14:30.270] Config(EVA_Use) Squad/Controls/Dvorak/EVA_Use
[LOG 19:14:30.270] Config(EVA_Board) Squad/Controls/Dvorak/EVA_Board
[LOG 19:14:30.270] Config(EVA_Orient) Squad/Controls/Dvorak/EVA_Orient
[LOG 19:14:30.270] Config(EVA_Lights) Squad/Controls/Dvorak/EVA_Lights
[LOG 19:14:30.270] Config(EVA_ChuteDeploy) Squad/Controls/Dvorak/EVA_ChuteDeploy
[LOG 19:14:30.270] Config(Editor_pitchUp) Squad/Controls/Dvorak/Editor_pitchUp
[LOG 19:14:30.270] Config(Editor_pitchDown) Squad/Controls/Dvorak/Editor_pitchDown
[LOG 19:14:30.270] Config(Editor_yawLeft) Squad/Controls/Dvorak/Editor_yawLeft
[LOG 19:14:30.270] Config(Editor_yawRight) Squad/Controls/Dvorak/Editor_yawRight
[LOG 19:14:30.271] Config(Editor_rollLeft) Squad/Controls/Dvorak/Editor_rollLeft
[LOG 19:14:30.271] Config(Editor_rollRight) Squad/Controls/Dvorak/Editor_rollRight
[LOG 19:14:30.271] Config(Editor_resetRotation) Squad/Controls/Dvorak/Editor_resetRotation
[LOG 19:14:30.271] Config(Editor_modePlace) Squad/Controls/Dvorak/Editor_modePlace
[LOG 19:14:30.271] Config(Editor_modeOffset) Squad/Controls/Dvorak/Editor_modeOffset
[LOG 19:14:30.271] Config(Editor_modeRotate) Squad/Controls/Dvorak/Editor_modeRotate
[LOG 19:14:30.271] Config(Editor_modeRoot) Squad/Controls/Dvorak/Editor_modeRoot
[LOG 19:14:30.271] Config(Editor_coordSystem) Squad/Controls/Dvorak/Editor_coordSystem
[LOG 19:14:30.271] Config(Editor_toggleSymMethod) Squad/Controls/Dvorak/Editor_toggleSymMethod
[LOG 19:14:30.271] Config(Editor_toggleSymMode) Squad/Controls/Dvorak/Editor_toggleSymMode
[LOG 19:14:30.271] Config(Editor_toggleAngleSnap) Squad/Controls/Dvorak/Editor_toggleAngleSnap
[LOG 19:14:30.271] Config(Editor_fineTweak) Squad/Controls/Dvorak/Editor_fineTweak
[LOG 19:14:30.271] Config(Editor_partSearch) Squad/Controls/Dvorak/Editor_partSearch
[LOG 19:14:30.271] Config(Editor_zoomScrollModifier) Squad/Controls/Dvorak/Editor_zoomScrollModifier
[LOG 19:14:30.271] Config(MODIFIER_KEY) Squad/Controls/Dvorak/MODIFIER_KEY
[LOG 19:14:30.271] Config(AbortActionGroup) Squad/Controls/Dvorak/AbortActionGroup
[LOG 19:14:30.271] Config(CustomActionGroup1) Squad/Controls/Dvorak/CustomActionGroup1
[LOG 19:14:30.271] Config(CustomActionGroup2) Squad/Controls/Dvorak/CustomActionGroup2
[LOG 19:14:30.272] Config(CustomActionGroup3) Squad/Controls/Dvorak/CustomActionGroup3
[LOG 19:14:30.272] Config(CustomActionGroup4) Squad/Controls/Dvorak/CustomActionGroup4
[LOG 19:14:30.272] Config(CustomActionGroup5) Squad/Controls/Dvorak/CustomActionGroup5
[LOG 19:14:30.272] Config(CustomActionGroup6) Squad/Controls/Dvorak/CustomActionGroup6
[LOG 19:14:30.272] Config(CustomActionGroup7) Squad/Controls/Dvorak/CustomActionGroup7
[LOG 19:14:30.272] Config(CustomActionGroup8) Squad/Controls/Dvorak/CustomActionGroup8
[LOG 19:14:30.272] Config(CustomActionGroup9) Squad/Controls/Dvorak/CustomActionGroup9
[LOG 19:14:30.272] Config(CustomActionGroup10) Squad/Controls/Dvorak/CustomActionGroup10
[LOG 19:14:30.272] Config(KEY_MAP) Squad/Controls/Dvorak/KEY_MAP
[LOG 19:14:30.272] Config(KEYBOARD_LAYOUT) Squad/Controls/Qwerty/#autoLOC_6001227
[LOG 19:14:30.272] Config(PITCH_DOWN) Squad/Controls/Qwerty/PITCH_DOWN
[LOG 19:14:30.272] Config(PITCH_UP) Squad/Controls/Qwerty/PITCH_UP
[LOG 19:14:30.272] Config(YAW_LEFT) Squad/Controls/Qwerty/YAW_LEFT
[LOG 19:14:30.272] Config(YAW_RIGHT) Squad/Controls/Qwerty/YAW_RIGHT
[LOG 19:14:30.272] Config(ROLL_LEFT) Squad/Controls/Qwerty/ROLL_LEFT
[LOG 19:14:30.272] Config(ROLL_RIGHT) Squad/Controls/Qwerty/ROLL_RIGHT
[LOG 19:14:30.272] Config(THROTTLE_UP) Squad/Controls/Qwerty/THROTTLE_UP
[LOG 19:14:30.272] Config(THROTTLE_DOWN) Squad/Controls/Qwerty/THROTTLE_DOWN
[LOG 19:14:30.272] Config(SAS_HOLD) Squad/Controls/Qwerty/SAS_HOLD
[LOG 19:14:30.273] Config(SAS_TOGGLE) Squad/Controls/Qwerty/SAS_TOGGLE
[LOG 19:14:30.273] Config(LAUNCH_STAGES) Squad/Controls/Qwerty/LAUNCH_STAGES
[LOG 19:14:30.273] Config(Docking_toggleRotLin) Squad/Controls/Qwerty/Docking_toggleRotLin
[LOG 19:14:30.273] Config(CAMERA_MODE) Squad/Controls/Qwerty/CAMERA_MODE
[LOG 19:14:30.273] Config(CAMERA_NEXT) Squad/Controls/Qwerty/CAMERA_NEXT
[LOG 19:14:30.273] Config(PAUSE) Squad/Controls/Qwerty/PAUSE
[LOG 19:14:30.273] Config(PRECISION_CTRL) Squad/Controls/Qwerty/PRECISION_CTRL
[LOG 19:14:30.273] Config(ZOOM_IN) Squad/Controls/Qwerty/ZOOM_IN
[LOG 19:14:30.273] Config(ZOOM_OUT) Squad/Controls/Qwerty/ZOOM_OUT
[LOG 19:14:30.273] Config(SCROLL_VIEW_UP) Squad/Controls/Qwerty/SCROLL_VIEW_UP
[LOG 19:14:30.273] Config(SCROLL_VIEW_DOWN) Squad/Controls/Qwerty/SCROLL_VIEW_DOWN
[LOG 19:14:30.273] Config(SCROLL_ICONS_UP) Squad/Controls/Qwerty/SCROLL_ICONS_UP
[LOG 19:14:30.273] Config(SCROLL_ICONS_DOWN) Squad/Controls/Qwerty/SCROLL_ICONS_DOWN
[LOG 19:14:30.273] Config(CAMERA_ORBIT_UP) Squad/Controls/Qwerty/CAMERA_ORBIT_UP
[LOG 19:14:30.273] Config(CAMERA_ORBIT_DOWN) Squad/Controls/Qwerty/CAMERA_ORBIT_DOWN
[LOG 19:14:30.273] Config(CAMERA_ORBIT_LEFT) Squad/Controls/Qwerty/CAMERA_ORBIT_LEFT
[LOG 19:14:30.273] Config(CAMERA_ORBIT_RIGHT) Squad/Controls/Qwerty/CAMERA_ORBIT_RIGHT
[LOG 19:14:30.273] Config(CAMERA_RESET) Squad/Controls/Qwerty/CAMERA_RESET
[LOG 19:14:30.273] Config(CAMERA_MOUSE_TOGGLE) Squad/Controls/Qwerty/CAMERA_MOUSE_TOGGLE
[LOG 19:14:30.273] Config(TIME_WARP_INCREASE) Squad/Controls/Qwerty/TIME_WARP_INCREASE
[LOG 19:14:30.273] Config(TIME_WARP_DECREASE) Squad/Controls/Qwerty/TIME_WARP_DECREASE
[LOG 19:14:30.273] Config(TIME_WARP_STOP) Squad/Controls/Qwerty/TIME_WARP_STOP
[LOG 19:14:30.274] Config(MAP_VIEW_TOGGLE) Squad/Controls/Qwerty/MAP_VIEW_TOGGLE
[LOG 19:14:30.274] Config(NAVBALL_TOGGLE) Squad/Controls/Qwerty/NAVBALL_TOGGLE
[LOG 19:14:30.274] Config(UIMODE_STAGING) Squad/Controls/Qwerty/UIMODE_STAGING
[LOG 19:14:30.274] Config(UIMODE_DOCKING) Squad/Controls/Qwerty/UIMODE_DOCKING
[LOG 19:14:30.274] Config(TRANSLATE_DOWN) Squad/Controls/Qwerty/TRANSLATE_DOWN
[LOG 19:14:30.274] Config(TRANSLATE_UP) Squad/Controls/Qwerty/TRANSLATE_UP
[LOG 19:14:30.274] Config(TRANSLATE_LEFT) Squad/Controls/Qwerty/TRANSLATE_LEFT
[LOG 19:14:30.274] Config(TRANSLATE_RIGHT) Squad/Controls/Qwerty/TRANSLATE_RIGHT
[LOG 19:14:30.274] Config(TRANSLATE_FWD) Squad/Controls/Qwerty/TRANSLATE_FWD
[LOG 19:14:30.274] Config(TRANSLATE_BACK) Squad/Controls/Qwerty/TRANSLATE_BACK
[LOG 19:14:30.274] Config(RCS_TOGGLE) Squad/Controls/Qwerty/RCS_TOGGLE
[LOG 19:14:30.274] Config(FOCUS_NEXT_VESSEL) Squad/Controls/Qwerty/FOCUS_NEXT_VESSEL
[LOG 19:14:30.274] Config(FOCUS_PREV_VESSEL) Squad/Controls/Qwerty/FOCUS_PREV_VESSEL
[LOG 19:14:30.274] Config(TOGGLE_UI) Squad/Controls/Qwerty/TOGGLE_UI
[LOG 19:14:30.274] Config(TOGGLE_STATUS_SCREEN) Squad/Controls/Qwerty/TOGGLE_STATUS_SCREEN
[LOG 19:14:30.274] Config(TAKE_SCREENSHOT) Squad/Controls/Qwerty/TAKE_SCREENSHOT
[LOG 19:14:30.274] Config(TOGGLE_LABELS) Squad/Controls/Qwerty/TOGGLE_LABELS
[LOG 19:14:30.274] Config(TOGGLE_TEMP_GAUGES) Squad/Controls/Qwerty/TOGGLE_TEMP_GAUGES
[LOG 19:14:30.274] Config(TOGGLE_TEMP_OVERLAY) Squad/Controls/Qwerty/TOGGLE_TEMP_OVERLAY
[LOG 19:14:30.274] Config(TOGGLE_FLIGHT_FORCES) Squad/Controls/Qwerty/TOGGLE_FLIGHT_FORCES
[LOG 19:14:30.274] Config(QUICKSAVE) Squad/Controls/Qwerty/QUICKSAVE
[LOG 19:14:30.274] Config(QUICKLOAD) Squad/Controls/Qwerty/QUICKLOAD
[LOG 19:14:30.274] Config(THROTTLE_CUTOFF) Squad/Controls/Qwerty/THROTTLE_CUTOFF
[LOG 19:14:30.274] Config(THROTTLE_FULL) Squad/Controls/Qwerty/THROTTLE_FULL
[LOG 19:14:30.274] Config(LANDING_GEAR) Squad/Controls/Qwerty/LANDING_GEAR
[LOG 19:14:30.274] Config(HEADLIGHT_TOGGLE) Squad/Controls/Qwerty/HEADLIGHT_TOGGLE
[LOG 19:14:30.274] Config(BRAKES) Squad/Controls/Qwerty/BRAKES
[LOG 19:14:30.275] Config(TOGGLE_SPACENAV_FLIGHT_CONTROL) Squad/Controls/Qwerty/TOGGLE_SPACENAV_FLIGHT_CONTROL
[LOG 19:14:30.275] Config(TOGGLE_SPACENAV_ROLL_LOCK) Squad/Controls/Qwerty/TOGGLE_SPACENAV_ROLL_LOCK
[LOG 19:14:30.275] Config(WHEEL_STEER_LEFT) Squad/Controls/Qwerty/WHEEL_STEER_LEFT
[LOG 19:14:30.275] Config(WHEEL_STEER_RIGHT) Squad/Controls/Qwerty/WHEEL_STEER_RIGHT
[LOG 19:14:30.275] Config(WHEEL_THROTTLE_DOWN) Squad/Controls/Qwerty/WHEEL_THROTTLE_DOWN
[LOG 19:14:30.275] Config(WHEEL_THROTTLE_UP) Squad/Controls/Qwerty/WHEEL_THROTTLE_UP
[LOG 19:14:30.275] Config(EVA_forward) Squad/Controls/Qwerty/EVA_forward
[LOG 19:14:30.275] Config(EVA_back) Squad/Controls/Qwerty/EVA_back
[LOG 19:14:30.275] Config(EVA_left) Squad/Controls/Qwerty/EVA_left
[LOG 19:14:30.275] Config(EVA_right) Squad/Controls/Qwerty/EVA_right
[LOG 19:14:30.275] Config(EVA_yaw_left) Squad/Controls/Qwerty/EVA_yaw_left
[LOG 19:14:30.275] Config(EVA_yaw_right) Squad/Controls/Qwerty/EVA_yaw_right
[LOG 19:14:30.275] Config(EVA_Pack_forward) Squad/Controls/Qwerty/EVA_Pack_forward
[LOG 19:14:30.275] Config(EVA_Pack_back) Squad/Controls/Qwerty/EVA_Pack_back
[LOG 19:14:30.275] Config(EVA_Pack_left) Squad/Controls/Qwerty/EVA_Pack_left
[LOG 19:14:30.275] Config(EVA_Pack_right) Squad/Controls/Qwerty/EVA_Pack_right
[LOG 19:14:30.275] Config(EVA_Pack_up) Squad/Controls/Qwerty/EVA_Pack_up
[LOG 19:14:30.275] Config(EVA_Pack_down) Squad/Controls/Qwerty/EVA_Pack_down
[LOG 19:14:30.275] Config(EVA_Jump) Squad/Controls/Qwerty/EVA_Jump
[LOG 19:14:30.275] Config(EVA_Run) Squad/Controls/Qwerty/EVA_Run
[LOG 19:14:30.275] Config(EVA_ToggleMovementMode) Squad/Controls/Qwerty/EVA_ToggleMovementMode
[LOG 19:14:30.275] Config(EVA_TogglePack) Squad/Controls/Qwerty/EVA_TogglePack
[LOG 19:14:30.276] Config(EVA_Use) Squad/Controls/Qwerty/EVA_Use
[LOG 19:14:30.276] Config(EVA_Board) Squad/Controls/Qwerty/EVA_Board
[LOG 19:14:30.276] Config(EVA_Orient) Squad/Controls/Qwerty/EVA_Orient
[LOG 19:14:30.276] Config(EVA_Lights) Squad/Controls/Qwerty/EVA_Lights
[LOG 19:14:30.276] Config(EVA_ChuteDeploy) Squad/Controls/Qwerty/EVA_ChuteDeploy
[LOG 19:14:30.276] Config(Editor_pitchUp) Squad/Controls/Qwerty/Editor_pitchUp
[LOG 19:14:30.276] Config(Editor_pitchDown) Squad/Controls/Qwerty/Editor_pitchDown
[LOG 19:14:30.276] Config(Editor_yawLeft) Squad/Controls/Qwerty/Editor_yawLeft
[LOG 19:14:30.276] Config(Editor_yawRight) Squad/Controls/Qwerty/Editor_yawRight
[LOG 19:14:30.276] Config(Editor_rollLeft) Squad/Controls/Qwerty/Editor_rollLeft
[LOG 19:14:30.276] Config(Editor_rollRight) Squad/Controls/Qwerty/Editor_rollRight
[LOG 19:14:30.276] Config(Editor_resetRotation) Squad/Controls/Qwerty/Editor_resetRotation
[LOG 19:14:30.276] Config(Editor_modePlace) Squad/Controls/Qwerty/Editor_modePlace
[LOG 19:14:30.276] Config(Editor_modeOffset) Squad/Controls/Qwerty/Editor_modeOffset
[LOG 19:14:30.276] Config(Editor_modeRotate) Squad/Controls/Qwerty/Editor_modeRotate
[LOG 19:14:30.276] Config(Editor_modeRoot) Squad/Controls/Qwerty/Editor_modeRoot
[LOG 19:14:30.276] Config(Editor_coordSystem) Squad/Controls/Qwerty/Editor_coordSystem
[LOG 19:14:30.276] Config(Editor_toggleSymMethod) Squad/Controls/Qwerty/Editor_toggleSymMethod
[LOG 19:14:30.276] Config(Editor_toggleSymMode) Squad/Controls/Qwerty/Editor_toggleSymMode
[LOG 19:14:30.276] Config(Editor_toggleAngleSnap) Squad/Controls/Qwerty/Editor_toggleAngleSnap
[LOG 19:14:30.276] Config(Editor_fineTweak) Squad/Controls/Qwerty/Editor_fineTweak
[LOG 19:14:30.276] Config(Editor_partSearch) Squad/Controls/Qwerty/Editor_partSearch
[LOG 19:14:30.276] Config(Editor_zoomScrollModifier) Squad/Controls/Qwerty/Editor_zoomScrollModifier
[LOG 19:14:30.276] Config(MODIFIER_KEY) Squad/Controls/Qwerty/MODIFIER_KEY
[LOG 19:14:30.276] Config(AbortActionGroup) Squad/Controls/Qwerty/AbortActionGroup
[LOG 19:14:30.276] Config(CustomActionGroup1) Squad/Controls/Qwerty/CustomActionGroup1
[LOG 19:14:30.276] Config(CustomActionGroup2) Squad/Controls/Qwerty/CustomActionGroup2
[LOG 19:14:30.276] Config(CustomActionGroup3) Squad/Controls/Qwerty/CustomActionGroup3
[LOG 19:14:30.276] Config(CustomActionGroup4) Squad/Controls/Qwerty/CustomActionGroup4
[LOG 19:14:30.276] Config(CustomActionGroup5) Squad/Controls/Qwerty/CustomActionGroup5
[LOG 19:14:30.277] Config(CustomActionGroup6) Squad/Controls/Qwerty/CustomActionGroup6
[LOG 19:14:30.277] Config(CustomActionGroup7) Squad/Controls/Qwerty/CustomActionGroup7
[LOG 19:14:30.277] Config(CustomActionGroup8) Squad/Controls/Qwerty/CustomActionGroup8
[LOG 19:14:30.277] Config(CustomActionGroup9) Squad/Controls/Qwerty/CustomActionGroup9
[LOG 19:14:30.277] Config(CustomActionGroup10) Squad/Controls/Qwerty/CustomActionGroup10
[LOG 19:14:30.277] Config(KEY_MAP) Squad/Controls/Qwerty/KEY_MAP
[LOG 19:14:30.277] Config(KEYBOARD_LAYOUT) Squad/Controls/Qwerty_en-GB/#autoLOC_6001228
[LOG 19:14:30.277] Config(KEY_MAP) Squad/Controls/Qwerty_en-GB/KEY_MAP
[LOG 19:14:30.277] Config(KEYBOARD_LAYOUT) Squad/Controls/Qwerty_es-LA/#autoLOC_6001229
[LOG 19:14:30.277] Config(CAMERA_MOUSE_TOGGLE) Squad/Controls/Qwerty_es-LA/CAMERA_MOUSE_TOGGLE
[LOG 19:14:30.277] Config(TIME_WARP_STOP) Squad/Controls/Qwerty_es-LA/TIME_WARP_STOP
[LOG 19:14:30.277] Config(FOCUS_NEXT_VESSEL) Squad/Controls/Qwerty_es-LA/FOCUS_NEXT_VESSEL
[LOG 19:14:30.277] Config(FOCUS_PREV_VESSEL) Squad/Controls/Qwerty_es-LA/FOCUS_PREV_VESSEL
[LOG 19:14:30.277] Config(CAMERA_RESET) Squad/Controls/Qwerty_es-LA/CAMERA_RESET
[LOG 19:14:30.277] Config(Editor_partSearch) Squad/Controls/Qwerty_es-LA/Editor_partSearch
[LOG 19:14:30.277] Config(KEY_MAP) Squad/Controls/Qwerty_es-LA/KEY_MAP
[LOG 19:14:30.277] Config(KEYBOARD_LAYOUT) Squad/Controls/Qwerty_it-IT/#autoLOC_6001230
[LOG 19:14:30.277] Config(FOCUS_NEXT_VESSEL) Squad/Controls/Qwerty_it-IT/FOCUS_NEXT_VESSEL
[LOG 19:14:30.277] Config(FOCUS_PREV_VESSEL) Squad/Controls/Qwerty_it-IT/FOCUS_PREV_VESSEL
[LOG 19:14:30.277] Config(CAMERA_MOUSE_TOGGLE) Squad/Controls/Qwerty_it-IT/CAMERA_MOUSE_TOGGLE
[LOG 19:14:30.277] Config(TIME_WARP_STOP) Squad/Controls/Qwerty_it-IT/TIME_WARP_STOP
[LOG 19:14:30.277] Config(CAMERA_RESET) Squad/Controls/Qwerty_it-IT/CAMERA_RESET
[LOG 19:14:30.277] Config(Editor_partSearch) Squad/Controls/Qwerty_it-IT/Editor_partSearch
[LOG 19:14:30.277] Config(KEY_MAP) Squad/Controls/Qwerty_it-IT/KEY_MAP
[LOG 19:14:30.277] Config(KEYBOARD_LAYOUT) Squad/Controls/Qwerty_ja-JP/#autoLOC_6001231
[LOG 19:14:30.277] Config(FOCUS_NEXT_VESSEL) Squad/Controls/Qwerty_ja-JP/FOCUS_NEXT_VESSEL
[LOG 19:14:30.277] Config(FOCUS_PREV_VESSEL) Squad/Controls/Qwerty_ja-JP/FOCUS_PREV_VESSEL
[LOG 19:14:30.277] Config(PRECISION_CTRL) Squad/Controls/Qwerty_ja-JP/PRECISION_CTRL
[LOG 19:14:30.277] Config(CAMERA_MOUSE_TOGGLE) Squad/Controls/Qwerty_ja-JP/CAMERA_MOUSE_TOGGLE
[LOG 19:14:30.278] Config(Editor_partSearch) Squad/Controls/Qwerty_ja-JP/Editor_partSearch
[LOG 19:14:30.278] Config(CAMERA_RESET) Squad/Controls/Qwerty_ja-JP/CAMERA_RESET
[LOG 19:14:30.278] Config(KEY_MAP) Squad/Controls/Qwerty_ja-JP/KEY_MAP
[LOG 19:14:30.278] Config(KEYBOARD_LAYOUT) Squad/Controls/Qwerty_pt-PT/#autoLOC_6001230
[LOG 19:14:30.278] Config(FOCUS_NEXT_VESSEL) Squad/Controls/Qwerty_pt-PT/FOCUS_NEXT_VESSEL
[LOG 19:14:30.278] Config(FOCUS_PREV_VESSEL) Squad/Controls/Qwerty_pt-PT/FOCUS_PREV_VESSEL
[LOG 19:14:30.278] Config(CAMERA_MOUSE_TOGGLE) Squad/Controls/Qwerty_pt-PT/CAMERA_MOUSE_TOGGLE
[LOG 19:14:30.278] Config(TIME_WARP_STOP) Squad/Controls/Qwerty_pt-PT/TIME_WARP_STOP
[LOG 19:14:30.278] Config(CAMERA_RESET) Squad/Controls/Qwerty_pt-PT/CAMERA_RESET
[LOG 19:14:30.278] Config(Editor_partSearch) Squad/Controls/Qwerty_pt-PT/Editor_partSearch
[LOG 19:14:30.278] Config(KEY_MAP) Squad/Controls/Qwerty_pt-PT/KEY_MAP
[LOG 19:14:30.278] Config(KEYBOARD_LAYOUT) Squad/Controls/Qwertz/#autoLOC_6001232
[LOG 19:14:30.278] Config(PITCH_DOWN) Squad/Controls/Qwertz/PITCH_DOWN
[LOG 19:14:30.278] Config(PITCH_UP) Squad/Controls/Qwertz/PITCH_UP
[LOG 19:14:30.278] Config(YAW_LEFT) Squad/Controls/Qwertz/YAW_LEFT
[LOG 19:14:30.278] Config(YAW_RIGHT) Squad/Controls/Qwertz/YAW_RIGHT
[LOG 19:14:30.278] Config(ROLL_LEFT) Squad/Controls/Qwertz/ROLL_LEFT
[LOG 19:14:30.278] Config(ROLL_RIGHT) Squad/Controls/Qwertz/ROLL_RIGHT
[LOG 19:14:30.278] Config(THROTTLE_UP) Squad/Controls/Qwertz/THROTTLE_UP
[LOG 19:14:30.278] Config(THROTTLE_DOWN) Squad/Controls/Qwertz/THROTTLE_DOWN
[LOG 19:14:30.278] Config(SAS_HOLD) Squad/Controls/Qwertz/SAS_HOLD
[LOG 19:14:30.278] Config(SAS_TOGGLE) Squad/Controls/Qwertz/SAS_TOGGLE
[LOG 19:14:30.278] Config(LAUNCH_STAGES) Squad/Controls/Qwertz/LAUNCH_STAGES
[LOG 19:14:30.278] Config(Docking_toggleRotLin) Squad/Controls/Qwertz/Docking_toggleRotLin
[LOG 19:14:30.278] Config(CAMERA_MODE) Squad/Controls/Qwertz/CAMERA_MODE
[LOG 19:14:30.278] Config(CAMERA_NEXT) Squad/Controls/Qwertz/CAMERA_NEXT
[LOG 19:14:30.278] Config(PAUSE) Squad/Controls/Qwertz/PAUSE
[LOG 19:14:30.278] Config(PRECISION_CTRL) Squad/Controls/Qwertz/PRECISION_CTRL
[LOG 19:14:30.278] Config(ZOOM_IN) Squad/Controls/Qwertz/ZOOM_IN
[LOG 19:14:30.279] Config(ZOOM_OUT) Squad/Controls/Qwertz/ZOOM_OUT
[LOG 19:14:30.279] Config(SCROLL_VIEW_UP) Squad/Controls/Qwertz/SCROLL_VIEW_UP
[LOG 19:14:30.279] Config(SCROLL_VIEW_DOWN) Squad/Controls/Qwertz/SCROLL_VIEW_DOWN
[LOG 19:14:30.279] Config(SCROLL_ICONS_UP) Squad/Controls/Qwertz/SCROLL_ICONS_UP
[LOG 19:14:30.279] Config(SCROLL_ICONS_DOWN) Squad/Controls/Qwertz/SCROLL_ICONS_DOWN
[LOG 19:14:30.279] Config(CAMERA_ORBIT_UP) Squad/Controls/Qwertz/CAMERA_ORBIT_UP
[LOG 19:14:30.279] Config(CAMERA_ORBIT_DOWN) Squad/Controls/Qwertz/CAMERA_ORBIT_DOWN
[LOG 19:14:30.279] Config(CAMERA_ORBIT_LEFT) Squad/Controls/Qwertz/CAMERA_ORBIT_LEFT
[LOG 19:14:30.279] Config(CAMERA_ORBIT_RIGHT) Squad/Controls/Qwertz/CAMERA_ORBIT_RIGHT
[LOG 19:14:30.279] Config(CAMERA_RESET) Squad/Controls/Qwertz/CAMERA_RESET
[LOG 19:14:30.279] Config(CAMERA_MOUSE_TOGGLE) Squad/Controls/Qwertz/CAMERA_MOUSE_TOGGLE
[LOG 19:14:30.279] Config(TIME_WARP_INCREASE) Squad/Controls/Qwertz/TIME_WARP_INCREASE
[LOG 19:14:30.279] Config(TIME_WARP_DECREASE) Squad/Controls/Qwertz/TIME_WARP_DECREASE
[LOG 19:14:30.279] Config(TIME_WARP_STOP) Squad/Controls/Qwertz/TIME_WARP_STOP
[LOG 19:14:30.279] Config(MAP_VIEW_TOGGLE) Squad/Controls/Qwertz/MAP_VIEW_TOGGLE
[LOG 19:14:30.279] Config(NAVBALL_TOGGLE) Squad/Controls/Qwertz/NAVBALL_TOGGLE
[LOG 19:14:30.279] Config(UIMODE_STAGING) Squad/Controls/Qwertz/UIMODE_STAGING
[LOG 19:14:30.279] Config(UIMODE_DOCKING) Squad/Controls/Qwertz/UIMODE_DOCKING
[LOG 19:14:30.279] Config(TRANSLATE_DOWN) Squad/Controls/Qwertz/TRANSLATE_DOWN
[LOG 19:14:30.279] Config(TRANSLATE_UP) Squad/Controls/Qwertz/TRANSLATE_UP
[LOG 19:14:30.279] Config(TRANSLATE_LEFT) Squad/Controls/Qwertz/TRANSLATE_LEFT
[LOG 19:14:30.279] Config(TRANSLATE_RIGHT) Squad/Controls/Qwertz/TRANSLATE_RIGHT
[LOG 19:14:30.279] Config(TRANSLATE_FWD) Squad/Controls/Qwertz/TRANSLATE_FWD
[LOG 19:14:30.279] Config(TRANSLATE_BACK) Squad/Controls/Qwertz/TRANSLATE_BACK
[LOG 19:14:30.279] Config(RCS_TOGGLE) Squad/Controls/Qwertz/RCS_TOGGLE
[LOG 19:14:30.279] Config(FOCUS_NEXT_VESSEL) Squad/Controls/Qwertz/FOCUS_NEXT_VESSEL
[LOG 19:14:30.279] Config(FOCUS_PREV_VESSEL) Squad/Controls/Qwertz/FOCUS_PREV_VESSEL
[LOG 19:14:30.279] Config(TOGGLE_UI) Squad/Controls/Qwertz/TOGGLE_UI
[LOG 19:14:30.279] Config(TOGGLE_STATUS_SCREEN) Squad/Controls/Qwertz/TOGGLE_STATUS_SCREEN
[LOG 19:14:30.280] Config(TAKE_SCREENSHOT) Squad/Controls/Qwertz/TAKE_SCREENSHOT
[LOG 19:14:30.280] Config(TOGGLE_LABELS) Squad/Controls/Qwertz/TOGGLE_LABELS
[LOG 19:14:30.280] Config(TOGGLE_TEMP_GAUGES) Squad/Controls/Qwertz/TOGGLE_TEMP_GAUGES
[LOG 19:14:30.280] Config(TOGGLE_TEMP_OVERLAY) Squad/Controls/Qwertz/TOGGLE_TEMP_OVERLAY
[LOG 19:14:30.280] Config(TOGGLE_FLIGHT_FORCES) Squad/Controls/Qwertz/TOGGLE_FLIGHT_FORCES
[LOG 19:14:30.280] Config(QUICKSAVE) Squad/Controls/Qwertz/QUICKSAVE
[LOG 19:14:30.280] Config(QUICKLOAD) Squad/Controls/Qwertz/QUICKLOAD
[LOG 19:14:30.280] Config(THROTTLE_CUTOFF) Squad/Controls/Qwertz/THROTTLE_CUTOFF
[LOG 19:14:30.280] Config(THROTTLE_FULL) Squad/Controls/Qwertz/THROTTLE_FULL
[LOG 19:14:30.280] Config(LANDING_GEAR) Squad/Controls/Qwertz/LANDING_GEAR
[LOG 19:14:30.280] Config(HEADLIGHT_TOGGLE) Squad/Controls/Qwertz/HEADLIGHT_TOGGLE
[LOG 19:14:30.280] Config(BRAKES) Squad/Controls/Qwertz/BRAKES
[LOG 19:14:30.280] Config(TOGGLE_SPACENAV_FLIGHT_CONTROL) Squad/Controls/Qwertz/TOGGLE_SPACENAV_FLIGHT_CONTROL
[LOG 19:14:30.280] Config(TOGGLE_SPACENAV_ROLL_LOCK) Squad/Controls/Qwertz/TOGGLE_SPACENAV_ROLL_LOCK
[LOG 19:14:30.280] Config(WHEEL_STEER_LEFT) Squad/Controls/Qwertz/WHEEL_STEER_LEFT
[LOG 19:14:30.280] Config(WHEEL_STEER_RIGHT) Squad/Controls/Qwertz/WHEEL_STEER_RIGHT
[LOG 19:14:30.280] Config(WHEEL_THROTTLE_DOWN) Squad/Controls/Qwertz/WHEEL_THROTTLE_DOWN
[LOG 19:14:30.280] Config(WHEEL_THROTTLE_UP) Squad/Controls/Qwertz/WHEEL_THROTTLE_UP
[LOG 19:14:30.280] Config(EVA_forward) Squad/Controls/Qwertz/EVA_forward
[LOG 19:14:30.280] Config(EVA_back) Squad/Controls/Qwertz/EVA_back
[LOG 19:14:30.280] Config(EVA_left) Squad/Controls/Qwertz/EVA_left
[LOG 19:14:30.280] Config(EVA_right) Squad/Controls/Qwertz/EVA_right
[LOG 19:14:30.280] Config(EVA_yaw_left) Squad/Controls/Qwertz/EVA_yaw_left
[LOG 19:14:30.280] Config(EVA_yaw_right) Squad/Controls/Qwertz/EVA_yaw_right
[LOG 19:14:30.280] Config(EVA_Pack_forward) Squad/Controls/Qwertz/EVA_Pack_forward
[LOG 19:14:30.280] Config(EVA_Pack_back) Squad/Controls/Qwertz/EVA_Pack_back
[LOG 19:14:30.280] Config(EVA_Pack_left) Squad/Controls/Qwertz/EVA_Pack_left
[LOG 19:14:30.280] Config(EVA_Pack_right) Squad/Controls/Qwertz/EVA_Pack_right
[LOG 19:14:30.280] Config(EVA_Pack_up) Squad/Controls/Qwertz/EVA_Pack_up
[LOG 19:14:30.280] Config(EVA_Pack_down) Squad/Controls/Qwertz/EVA_Pack_down
[LOG 19:14:30.281] Config(EVA_Jump) Squad/Controls/Qwertz/EVA_Jump
[LOG 19:14:30.281] Config(EVA_Run) Squad/Controls/Qwertz/EVA_Run
[LOG 19:14:30.281] Config(EVA_ToggleMovementMode) Squad/Controls/Qwertz/EVA_ToggleMovementMode
[LOG 19:14:30.281] Config(EVA_TogglePack) Squad/Controls/Qwertz/EVA_TogglePack
[LOG 19:14:30.281] Config(EVA_Use) Squad/Controls/Qwertz/EVA_Use
[LOG 19:14:30.281] Config(EVA_Board) Squad/Controls/Qwertz/EVA_Board
[LOG 19:14:30.281] Config(EVA_Orient) Squad/Controls/Qwertz/EVA_Orient
[LOG 19:14:30.281] Config(EVA_Lights) Squad/Controls/Qwertz/EVA_Lights
[LOG 19:14:30.281] Config(Editor_pitchUp) Squad/Controls/Qwertz/Editor_pitchUp
[LOG 19:14:30.281] Config(Editor_pitchDown) Squad/Controls/Qwertz/Editor_pitchDown
[LOG 19:14:30.281] Config(Editor_yawLeft) Squad/Controls/Qwertz/Editor_yawLeft
[LOG 19:14:30.281] Config(Editor_yawRight) Squad/Controls/Qwertz/Editor_yawRight
[LOG 19:14:30.281] Config(Editor_rollLeft) Squad/Controls/Qwertz/Editor_rollLeft
[LOG 19:14:30.281] Config(Editor_rollRight) Squad/Controls/Qwertz/Editor_rollRight
[LOG 19:14:30.281] Config(Editor_resetRotation) Squad/Controls/Qwertz/Editor_resetRotation
[LOG 19:14:30.281] Config(Editor_modePlace) Squad/Controls/Qwertz/Editor_modePlace
[LOG 19:14:30.281] Config(Editor_modeOffset) Squad/Controls/Qwertz/Editor_modeOffset
[LOG 19:14:30.281] Config(Editor_modeRotate) Squad/Controls/Qwertz/Editor_modeRotate
[LOG 19:14:30.281] Config(Editor_modeRoot) Squad/Controls/Qwertz/Editor_modeRoot
[LOG 19:14:30.281] Config(Editor_coordSystem) Squad/Controls/Qwertz/Editor_coordSystem
[LOG 19:14:30.281] Config(Editor_toggleSymMethod) Squad/Controls/Qwertz/Editor_toggleSymMethod
[LOG 19:14:30.281] Config(Editor_toggleSymMode) Squad/Controls/Qwertz/Editor_toggleSymMode
[LOG 19:14:30.281] Config(Editor_toggleAngleSnap) Squad/Controls/Qwertz/Editor_toggleAngleSnap
[LOG 19:14:30.282] Config(Editor_fineTweak) Squad/Controls/Qwertz/Editor_fineTweak
[LOG 19:14:30.282] Config(Editor_partSearch) Squad/Controls/Qwertz/Editor_partSearch
[LOG 19:14:30.282] Config(Editor_zoomScrollModifier) Squad/Controls/Qwertz/Editor_zoomScrollModifier
[LOG 19:14:30.282] Config(MODIFIER_KEY) Squad/Controls/Qwertz/MODIFIER_KEY
[LOG 19:14:30.282] Config(AbortActionGroup) Squad/Controls/Qwertz/AbortActionGroup
[LOG 19:14:30.282] Config(CustomActionGroup1) Squad/Controls/Qwertz/CustomActionGroup1
[LOG 19:14:30.282] Config(CustomActionGroup2) Squad/Controls/Qwertz/CustomActionGroup2
[LOG 19:14:30.282] Config(CustomActionGroup3) Squad/Controls/Qwertz/CustomActionGroup3
[LOG 19:14:30.282] Config(CustomActionGroup4) Squad/Controls/Qwertz/CustomActionGroup4
[LOG 19:14:30.282] Config(CustomActionGroup5) Squad/Controls/Qwertz/CustomActionGroup5
[LOG 19:14:30.282] Config(CustomActionGroup6) Squad/Controls/Qwertz/CustomActionGroup6
[LOG 19:14:30.282] Config(CustomActionGroup7) Squad/Controls/Qwertz/CustomActionGroup7
[LOG 19:14:30.282] Config(CustomActionGroup8) Squad/Controls/Qwertz/CustomActionGroup8
[LOG 19:14:30.282] Config(CustomActionGroup9) Squad/Controls/Qwertz/CustomActionGroup9
[LOG 19:14:30.282] Config(CustomActionGroup10) Squad/Controls/Qwertz/CustomActionGroup10
[LOG 19:14:30.282] Config(KEY_MAP) Squad/Controls/Qwertz/KEY_MAP
[LOG 19:14:30.282] Config(EXPERIENCE_TRAIT) Squad/Experience/Traits/Pilot
[LOG 19:14:30.282] Config(EXPERIENCE_TRAIT) Squad/Experience/Traits/Engineer
[LOG 19:14:30.282] Config(EXPERIENCE_TRAIT) Squad/Experience/Traits/Scientist
[LOG 19:14:30.282] Config(EXPERIENCE_TRAIT) Squad/Experience/Traits/Tourist
[LOG 19:14:30.282] Config(Localization) Squad/Localization/dictionary/Localization
[LOG 19:14:30.282] Config(MISSIONPACK) Squad/Missions/MissionPacks/squad_ESA
[LOG 19:14:30.282] Config(VARIANTTHEME) Squad/Parts/VariantThemes/White
[LOG 19:14:30.283] Config(VARIANTTHEME) Squad/Parts/VariantThemes/BlackAndWhite
[LOG 19:14:30.283] Config(VARIANTTHEME) Squad/Parts/VariantThemes/GrayAndOrange
[LOG 19:14:30.283] Config(VARIANTTHEME) Squad/Parts/VariantThemes/Dark
[LOG 19:14:30.283] Config(VARIANTTHEME) Squad/Parts/VariantThemes/Gray
[LOG 19:14:30.283] Config(VARIANTTHEME) Squad/Parts/VariantThemes/Orange
[LOG 19:14:30.283] Config(VARIANTTHEME) Squad/Parts/VariantThemes/Gold
[LOG 19:14:30.283] Config(VARIANTTHEME) Squad/Parts/VariantThemes/Bare
[LOG 19:14:30.283] Config(VARIANTTHEME) Squad/Parts/VariantThemes/Shroud
[LOG 19:14:30.283] Config(VARIANTTHEME) Squad/Parts/VariantThemes/GrayAndWhite
[LOG 19:14:30.283] Config(VARIANTTHEME) Squad/Parts/VariantThemes/YellowAndWhite
[LOG 19:14:30.283] Config(VARIANTTHEME) Squad/Parts/VariantThemes/Silver
[LOG 19:14:30.283] Config(VARIANTTHEME) Squad/Parts/VariantThemes/Gray with Stripes
[LOG 19:14:30.283] Config(PART) Squad/Parts/Aero/aerodynamicNoseCone/aerodynamicNoseCone/noseCone
[LOG 19:14:30.283] Config(PART) Squad/Parts/Aero/airbrake/Airbrake/airbrake1
[LOG 19:14:30.283] Config(PART) Squad/Parts/Aero/airIntakeRadialXM-G50/airIntakeRadialXM-G50/airScoop
[LOG 19:14:30.283] Config(PART) Squad/Parts/Aero/airlinerWings/ControlSurface/airlinerCtrlSrf
[LOG 19:14:30.283] Config(PART) Squad/Parts/Aero/airlinerWings/MainWing/airlinerMainWing
[LOG 19:14:30.283] Config(PART) Squad/Parts/Aero/airlinerWings/TailFin/airlinerTailFin
[LOG 19:14:30.283] Config(PART) Squad/Parts/Aero/airplaneFins/advancedCanard/AdvancedCanard
[LOG 19:14:30.283] Config(PART) Squad/Parts/Aero/airplaneFins/standardCanard/CanardController
[LOG 19:14:30.283] Config(PART) Squad/Parts/Aero/airplaneFins/sweptWing/sweptWing
[LOG 19:14:30.283] Config(PART) Squad/Parts/Aero/airplaneFins/tailfin/tailfin
[LOG 19:14:30.283] Config(PART) Squad/Parts/Aero/basicFin/basicFin/basicFin
[LOG 19:14:30.283] Config(PART) Squad/Parts/Aero/circularIntake/circularIntake/CircularIntake
[LOG 19:14:30.283] Config(PART) Squad/Parts/Aero/circularIntake/intakeShockCone/shockConeIntake
[LOG 19:14:30.283] Config(PART) Squad/Parts/Aero/cones/avionicsNoseCone/avionicsNoseCone
[LOG 19:14:30.283] Config(PART) Squad/Parts/Aero/cones/ConeA/pointyNoseConeA
[LOG 19:14:30.284] Config(PART) Squad/Parts/Aero/cones/ConeB/pointyNoseConeB
[LOG 19:14:30.284] Config(PART) Squad/Parts/Aero/cones/noseConeAdapter/noseConeAdapter
[LOG 19:14:30.284] Config(PART) Squad/Parts/Aero/cones/protectiveRocketNoseMk7_v2/rocketNoseCone_v2
[LOG 19:14:30.284] Config(PART) Squad/Parts/Aero/cones/protectiveRocketNoseMk7_v3/rocketNoseCone_v3
[LOG 19:14:30.284] Config(PART) Squad/Parts/Aero/cones/rocketNoseCone_size3/rocketNoseConeSize3
[LOG 19:14:30.284] Config(PART) Squad/Parts/Aero/cones/smallNoseCone/standardNoseCone
[LOG 19:14:30.284] Config(PART) Squad/Parts/Aero/cones/tailConnectorA/airplaneTail
[LOG 19:14:30.284] Config(PART) Squad/Parts/Aero/cones/tailConnectorB/airplaneTailB
[LOG 19:14:30.284] Config(PART) Squad/Parts/Aero/fairings/fairingSize1/fairingSize1
[LOG 19:14:30.284] Config(PART) Squad/Parts/Aero/fairings/fairingSize2/fairingSize2
[LOG 19:14:30.284] Config(PART) Squad/Parts/Aero/fairings/fairingSize3/fairingSize3
[LOG 19:14:30.284] Config(PART) Squad/Parts/Aero/HeatShield/HeatShield0/HeatShield0
[LOG 19:14:30.284] Config(PART) Squad/Parts/Aero/HeatShield/HeatShield1/HeatShield1
[LOG 19:14:30.284] Config(PART) Squad/Parts/Aero/HeatShield/HeatShield2/HeatShield2
[LOG 19:14:30.284] Config(PART) Squad/Parts/Aero/HeatShield/HeatShield3/HeatShield3
[LOG 19:14:30.284] Config(PART) Squad/Parts/Aero/InflatableHeatShield/HeatShield/InflatableHeatShield
[LOG 19:14:30.284] Config(PART) Squad/Parts/Aero/intakeRadialLong/intakeRadialLong/IntakeRadialLong
[LOG 19:14:30.284] Config(PART) Squad/Parts/Aero/miniIntake/SmallIntake/miniIntake
[LOG 19:14:30.284] Config(PART) Squad/Parts/Aero/ramAirIntake/ramAirIntake/ramAirIntake
[LOG 19:14:30.284] Config(PART) Squad/Parts/Aero/shuttleWings/delta/wingShuttleDelta
[LOG 19:14:30.284] Config(PART) Squad/Parts/Aero/shuttleWings/elevon1/wingShuttleElevon1
[LOG 19:14:30.284] Config(PART) Squad/Parts/Aero/shuttleWings/elevon2/wingShuttleElevon2
[LOG 19:14:30.284] Config(PART) Squad/Parts/Aero/shuttleWings/rudder/wingShuttleRudder
[LOG 19:14:30.284] Config(PART) Squad/Parts/Aero/shuttleWings/strake/wingShuttleStrake
[LOG 19:14:30.285] Config(PART) Squad/Parts/Aero/wingletAV-R8/wingletAV-R8/R8winglet
[LOG 19:14:30.285] Config(PART) Squad/Parts/Aero/wingletAV-T1/wingletAV-T1/winglet
[LOG 19:14:30.285] Config(PART) Squad/Parts/Aero/wingletDeltaDeluxe/wingletDeltaDeluxe/winglet3
[LOG 19:14:30.285] Config(PART) Squad/Parts/Aero/wings/connector1/wingConnector
[LOG 19:14:30.285] Config(PART) Squad/Parts/Aero/wings/connector2/wingConnector2
[LOG 19:14:30.285] Config(PART) Squad/Parts/Aero/wings/connector3/wingConnector3
[LOG 19:14:30.285] Config(PART) Squad/Parts/Aero/wings/connector4/wingConnector4
[LOG 19:14:30.285] Config(PART) Squad/Parts/Aero/wings/connector5/wingConnector5
[LOG 19:14:30.285] Config(PART) Squad/Parts/Aero/wings/delta/deltaWing
[LOG 19:14:30.285] Config(PART) Squad/Parts/Aero/wings/delta_small/delta_small
[LOG 19:14:30.285] Config(PART) Squad/Parts/Aero/wings/elevon1/StandardCtrlSrf
[LOG 19:14:30.285] Config(PART) Squad/Parts/Aero/wings/elevon2/elevon2
[LOG 19:14:30.285] Config(PART) Squad/Parts/Aero/wings/elevon3/elevon3
[LOG 19:14:30.285] Config(PART) Squad/Parts/Aero/wings/elevon4/smallCtrlSrf
[LOG 19:14:30.285] Config(PART) Squad/Parts/Aero/wings/elevon5/elevon5
[LOG 19:14:30.285] Config(PART) Squad/Parts/Aero/wings/strake/wingStrake
[LOG 19:14:30.286] Config(PART) Squad/Parts/Aero/wings/structural1/structuralWing
[LOG 19:14:30.286] Config(PART) Squad/Parts/Aero/wings/structural2/structuralWing2
[LOG 19:14:30.286] Config(PART) Squad/Parts/Aero/wings/structural3/structuralWing3
[LOG 19:14:30.286] Config(PART) Squad/Parts/Aero/wings/structural4/structuralWing4
[LOG 19:14:30.286] Config(PART) Squad/Parts/Aero/wings/swept1/sweptWing1
[LOG 19:14:30.286] Config(PART) Squad/Parts/Aero/wings/swept2/sweptWing2
[LOG 19:14:30.286] Config(PART) Squad/Parts/Cargo/CargoContainers/cargoContainer/cargoContainer
[LOG 19:14:30.286] Config(PART) Squad/Parts/Cargo/CargoContainers/smallCargoContainer/smallCargoContainer
[LOG 19:14:30.286] Config(PART) Squad/Parts/Cargo/Cylinder/Cylinder/evaCylinder
[LOG 19:14:30.286] Config(PART) Squad/Parts/Cargo/GroundAnchor/groundAnchor/groundAnchor
[LOG 19:14:30.286] Config(PART) Squad/Parts/Cargo/Jetpack/Jetpack/evaJetpack
[LOG 19:14:30.286] Config(PART) Squad/Parts/Cargo/Parachute/Parachute/evaChute
[LOG 19:14:30.286] Config(PART) Squad/Parts/Cargo/RepairKit/RepairKit/evaRepairKit
[LOG 19:14:30.287] Config(PART) Squad/Parts/Cargo/ScienceKit/evaScienceKit/evaScienceKit
[LOG 19:14:30.287] Config(PART) Squad/Parts/Cargo/StorageUnits/CargoStorageUnit/CargoStorageUnit
[LOG 19:14:30.287] Config(PART) Squad/Parts/Cargo/StorageUnits/ConformalStorageUnit/ConformalStorageUnit
[LOG 19:14:30.287] Config(PART) Squad/Parts/Command/advancedSasModuleLarge/advSasModuleLarge/asasmodule1-2
[LOG 19:14:30.287] Config(PART) Squad/Parts/Command/cupola/cupola/cupola
[LOG 19:14:30.287] Config(PART) Squad/Parts/Command/externalCommandSeat/externalCommandSeat/seatExternalCmd
[LOG 19:14:30.287] Config(PART) Squad/Parts/Command/hitchhikerStorageContainer/hitchikerStorageContainer/crewCabin
[LOG 19:14:30.287] Config(PART) Squad/Parts/Command/inlineAdvancedStabilizer/inlineAdvancedStabilizer/advSasModule
[LOG 19:14:30.287] Config(PART) Squad/Parts/Command/inlineReactionWheel/inlineReactionWheel/sasModule
[LOG 19:14:30.287] Config(PART) Squad/Parts/Command/Mk1-3Pod/mk1-3/mk1-3pod
[LOG 19:14:30.287] Config(PART) Squad/Parts/Command/mk1Cockpits/mk1Cockpit/Mark1Cockpit
[LOG 19:14:30.287] Config(PART) Squad/Parts/Command/mk1Cockpits/mk1CrewCabin/MK1CrewCabin
[LOG 19:14:30.287] Config(PART) Squad/Parts/Command/mk1Cockpits/mk1InlineCockpit/Mark2Cockpit
[LOG 19:14:30.287] Config(PART) Squad/Parts/Command/mk1LanderCan/mk1LanderCan/landerCabinSmall
[LOG 19:14:30.287] Config(PART) Squad/Parts/Command/mk1pod_v2/mk1Pod_v2/mk1pod_v2
[LOG 19:14:30.287] Config(PART) Squad/Parts/Command/mk2CockpitInline/mk2CockpitInline/mk2Cockpit_Inline
[LOG 19:14:30.287] Config(PART) Squad/Parts/Command/mk2CockpitStandard/mk2CockpitStandard/mk2Cockpit_Standard
[LOG 19:14:30.287] Config(PART) Squad/Parts/Command/mk2DroneCore/mk2Dronecore/mk2DroneCore
[LOG 19:14:30.288] Config(PART) Squad/Parts/Command/mk2LanderCan/mk2LanderCan/mk2LanderCabin
[LOG 19:14:30.288] Config(PART) Squad/Parts/Command/mk2LanderCan_v2/mk2LanderCan_v2/mk2LanderCabin_v2
[LOG 19:14:30.288] Config(PART) Squad/Parts/Command/mk3CockpitShuttle/mk3CockpitShuttle/mk3Cockpit_Shuttle
[LOG 19:14:30.288] Config(PART) Squad/Parts/Command/MpoProbe/MpoProbe/MpoProbe
[LOG 19:14:30.288] Config(PART) Squad/Parts/Command/MtmStage/MTM_Stage/MtmStage
[LOG 19:14:30.288] Config(PART) Squad/Parts/Command/probeCoreCube/probeCoreCube/probeCoreCube
[LOG 19:14:30.288] Config(PART) Squad/Parts/Command/probeCoreHex/probeCoreHex/probeCoreHex
[LOG 19:14:30.288] Config(PART) Squad/Parts/Command/probeCoreHex_v2/probeCoreHex_v2/probeCoreHex_v2
[LOG 19:14:30.288] Config(PART) Squad/Parts/Command/probeCoreOcto2_v2/probeCoreOcto2_v2/probeCoreOcto2_v2
[LOG 19:14:30.288] Config(PART) Squad/Parts/Command/probeCoreOcto_v2/probeCoreOcto_v2/probeCoreOcto_v2
[LOG 19:14:30.288] Config(PART) Squad/Parts/Command/probeRoverBody/probeRoverBody/roverBody
[LOG 19:14:30.288] Config(PART) Squad/Parts/Command/probeRoverBody_v2/probeRoverBody_v2/roverBody_v2
[LOG 19:14:30.288] Config(PART) Squad/Parts/Command/probeStackLarge/probeStackLarge/probeStackLarge
[LOG 19:14:30.289] Config(PART) Squad/Parts/Command/probeStackSmall/probeStackSmall/probeStackSmall
[LOG 19:14:30.289] Config(PART) Squad/Parts/Command/probeStackSphere_v2/probeStackSphere_v2/probeCoreSphere_v2
[LOG 19:14:30.289] Config(PART) Squad/Parts/CompoundParts/FuelLine/fuelLine/fuelLine
[LOG 19:14:30.289] Config(PART) Squad/Parts/CompoundParts/strutConnector/strutConnector/strutConnector
[LOG 19:14:30.289] Config(PART) Squad/Parts/Coupling/Decoupler_0/Decoupler_0
[LOG 19:14:30.289] Config(PART) Squad/Parts/Coupling/Decoupler_1/Decoupler_1
[LOG 19:14:30.289] Config(PART) Squad/Parts/Coupling/Decoupler_2/Decoupler_2
[LOG 19:14:30.289] Config(PART) Squad/Parts/Coupling/Decoupler_3/Decoupler_3
[LOG 19:14:30.289] Config(PART) Squad/Parts/Coupling/Separator_0/Separator_0
[LOG 19:14:30.289] Config(PART) Squad/Parts/Coupling/Separator_1/Separator_1
[LOG 19:14:30.289] Config(PART) Squad/Parts/Coupling/Separator_2/Separator_2
[LOG 19:14:30.289] Config(PART) Squad/Parts/Coupling/Separator_3/Separator_3
[LOG 19:14:30.289] Config(PART) Squad/Parts/Electrical/10CSolarPanels/OX-10C/solarPanelOX10C
[LOG 19:14:30.289] Config(PART) Squad/Parts/Electrical/10CSolarPanels/SP-10C/solarPanelSP10C
[LOG 19:14:30.290] Config(PART) Squad/Parts/Electrical/10LSolarPanels/OX-10L/solarPanelOX10L
[LOG 19:14:30.290] Config(PART) Squad/Parts/Electrical/10LSolarPanels/SP-10L/solarPanelSP10L
[LOG 19:14:30.290] Config(PART) Squad/Parts/Electrical/1x6ShroudSolarPanels/1x6ShroudSolarPanels/solarPanels2
[LOG 19:14:30.290] Config(PART) Squad/Parts/Electrical/1x6SolarPanels/1x6SolarPanels/solarPanels4
[LOG 19:14:30.290] Config(PART) Squad/Parts/Electrical/3x2ShroudSolarPanels/3x2ShroudSolarPanels/solarPanels1
[LOG 19:14:30.290] Config(PART) Squad/Parts/Electrical/3x2SolarPanels/3x2SolarPanels/solarPanels3
[LOG 19:14:30.290] Config(PART) Squad/Parts/Electrical/gigantorXlSolarArray/gigantorXlSolarArray/largeSolarPanel
[LOG 19:14:30.290] Config(PART) Squad/Parts/Electrical/radialFlatSolarPanel/radialFlatSolarPanel/solarPanels5
[LOG 19:14:30.290] Config(PART) Squad/Parts/Electrical/RTG/RTG/rtg
[LOG 19:14:30.290] Config(PART) Squad/Parts/Electrical/z-100Battery/z-100Battery/batteryPack
[LOG 19:14:30.290] Config(PART) Squad/Parts/Electrical/z-1kBattery/z-1kBattery/batteryBank
[LOG 19:14:30.290] Config(PART) Squad/Parts/Electrical/z-200Battery/z-200Battery/batteryBankMini
[LOG 19:14:30.290] Config(PART) Squad/Parts/Electrical/z-400Battery/z-400Battery/ksp_r_largeBatteryPack
[LOG 19:14:30.290] Config(PART) Squad/Parts/Electrical/z-4kBattery/z-4kBattery/batteryBankLarge
[LOG 19:14:30.290] Config(PART) Squad/Parts/Engine/ionEngine/ionEngine/ionEngine
[LOG 19:14:30.290] Config(PART) Squad/Parts/Engine/jetEngines/jetEngineAfterburning/turboJet
[LOG 19:14:30.290] Config(PART) Squad/Parts/Engine/jetEngines/jetEngineBasic/JetEngine
[LOG 19:14:30.290] Config(PART) Squad/Parts/Engine/jetEngines/jetEngineBig/turboFanSize2
[LOG 19:14:30.291] Config(PART) Squad/Parts/Engine/jetEngines/jetEngineTurbo/turboFanEngine
[LOG 19:14:30.291] Config(PART) Squad/Parts/Engine/liquidEngine24-77/liquidEngine24-77/smallRadialEngine
[LOG 19:14:30.291] Config(PART) Squad/Parts/Engine/liquidEngine24-77_v2/liquidEngine24-77_v2/smallRadialEngine_v2
[LOG 19:14:30.291] Config(PART) Squad/Parts/Engine/liquidEngine48-7S_v2/liquidEngine48-7S_v2/liquidEngineMini_v2
[LOG 19:14:30.291] Config(PART) Squad/Parts/Engine/liquidEngineAerospike/liquidEngineAerospike/toroidalAerospike
[LOG 19:14:30.291] Config(PART) Squad/Parts/Engine/liquidEngineLV-1_v2/liquidEngineLV-1R _v2/radialEngineMini_v2
[LOG 19:14:30.291] Config(PART) Squad/Parts/Engine/liquidEngineLV-1_v2/liquidEngineLV-1_v2/microEngine_v2
[LOG 19:14:30.291] Config(PART) Squad/Parts/Engine/liquidEngineLV-909_v2/liquidEngineLV-909_v2/liquidEngine3_v2
[LOG 19:14:30.291] Config(PART) Squad/Parts/Engine/liquidEngineLV-N/liquidEngineLV-N/nuclearEngine
[LOG 19:14:30.291] Config(PART) Squad/Parts/Engine/liquidEngineLV-T30/liquidEngineLV-T30/liquidEngine
[LOG 19:14:30.291] Config(PART) Squad/Parts/Engine/liquidEngineLV-T30_v2/liquidEngineLV-T30_v2/liquidEngine_v2
[LOG 19:14:30.291] Config(PART) Squad/Parts/Engine/liquidEngineLV-T45/liquidEngineLV-T45/liquidEngine2
[LOG 19:14:30.291] Config(PART) Squad/Parts/Engine/liquidEngineLV-T45_v2/liquidEngineLV-T45_v2/liquidEngine2_v2
[LOG 19:14:30.291] Config(PART) Squad/Parts/Engine/liquidEngineMainsail_v2/liquidEngineMainsail_v2/liquidEngineMainsail_v2
[LOG 19:14:30.291] Config(PART) Squad/Parts/Engine/liquidEngineMk55/liquidEngineMk55/radialLiquidEngine1-2
[LOG 19:14:30.291] Config(PART) Squad/Parts/Engine/liquidEnginePoodle_v2/liquidEnginePoodle_v2/liquidEngine2-2_v2
[LOG 19:14:30.291] Config(PART) Squad/Parts/Engine/liquidEngineSkipper_v2/skipperLiquidEngine_v2/engineLargeSkipper_v2
[LOG 19:14:30.292] Config(PART) Squad/Parts/Engine/liquidEngineSSME/SSME/SSME
[LOG 19:14:30.292] Config(PART) Squad/Parts/Engine/MassiveSRB/part/MassiveBooster
[LOG 19:14:30.292] Config(PART) Squad/Parts/Engine/miniJet/SmallJetEngine/miniJetEngine
[LOG 19:14:30.292] Config(PART) Squad/Parts/Engine/OMSEngine/omsEngine/omsEngine
[LOG 19:14:30.292] Config(PART) Squad/Parts/Engine/rapierEngine/rapierEngine/RAPIER
[LOG 19:14:30.292] Config(PART) Squad/Parts/Engine/Size1_SRBs/solidBoosterRT-10_v2/solidBooster_v2
[LOG 19:14:30.292] Config(PART) Squad/Parts/Engine/Size1_SRBs/solidBoosterRT-5_v2/solidBooster_sm_v2
[LOG 19:14:30.292] Config(PART) Squad/Parts/Engine/Size2LFB/part/Size2LFB
[LOG 19:14:30.292] Config(PART) Squad/Parts/Engine/Size2LFB_v2/part/Size2LFB_v2
[LOG 19:14:30.292] Config(PART) Squad/Parts/Engine/Size3AdvancedEngine/part/Size3AdvancedEngine
[LOG 19:14:30.292] Config(PART) Squad/Parts/Engine/Size3EngineCluster/part/Size3EngineCluster
[LOG 19:14:30.292] Config(PART) Squad/Parts/Engine/solidBoosterBACC/solidBoosterBACC/solidBooster1-1
[LOG 19:14:30.292] Config(PART) Squad/Parts/Engine/solidBoosterS2-17/solidBoosterS2-17/Thoroughbred
[LOG 19:14:30.293] Config(PART) Squad/Parts/Engine/solidBoosterS2-33/solidBoosterS2-33/Clydesdale
[LOG 19:14:30.293] Config(PART) Squad/Parts/Engine/solidBoosterSep/solidBoosterSep/sepMotor1
[LOG 19:14:30.293] Config(PART) Squad/Parts/Engine/SolidBoostersF/SolidBoosterF3S0/Shrimp
[LOG 19:14:30.293] Config(PART) Squad/Parts/Engine/SolidBoostersF/SolidBoosterFM1/Mite
[LOG 19:14:30.293] Config(PART) Squad/Parts/FuelTank/adapterTanks/Mk3-Mk2/adapterMk3-Mk2
[LOG 19:14:30.293] Config(PART) Squad/Parts/FuelTank/adapterTanks/Mk3-ShuttleAdapter/adapterEngines
[LOG 19:14:30.293] Config(PART) Squad/Parts/FuelTank/adapterTanks/Mk3-Size2/adapterMk3-Size2
[LOG 19:14:30.293] Config(PART) Squad/Parts/FuelTank/adapterTanks/Mk3-Size2Slant/adapterMk3-Size2Slant
[LOG 19:14:30.293] Config(PART) Squad/Parts/FuelTank/adapterTanks/Size2-Mk2/adapterSize2-Mk2
[LOG 19:14:30.293] Config(PART) Squad/Parts/FuelTank/adapterTanks/Size2-Size1/adapterSize2-Size1
[LOG 19:14:30.293] Config(PART) Squad/Parts/FuelTank/adapterTanks/Size2-Size1Slant/adapterSize2-Size1Slant
[LOG 19:14:30.293] Config(PART) Squad/Parts/FuelTank/adapterTanks/Size3-Mk3/adapterSize3-Mk3
[LOG 19:14:30.293] Config(PART) Squad/Parts/FuelTank/drainTankFTE-1/ReleaseValve/ReleaseValve
[LOG 19:14:30.293] Config(PART) Squad/Parts/FuelTank/FoilTanks/RadialTank_Capsule/externalTankCapsule
[LOG 19:14:30.294] Config(PART) Squad/Parts/FuelTank/FoilTanks/RadialTank_Round/externalTankRound
[LOG 19:14:30.294] Config(PART) Squad/Parts/FuelTank/FoilTanks/ToroidTank/externalTankToroid
[LOG 19:14:30.294] Config(PART) Squad/Parts/FuelTank/fuelTankOscarB/fuelTankOscarB/miniFuelTank
[LOG 19:14:30.294] Config(PART) Squad/Parts/FuelTank/miniFuselage/miniFuselage/miniFuselage
[LOG 19:14:30.294] Config(PART) Squad/Parts/FuelTank/mk2Adapters/bicoupler/mk2_1m_Bicoupler
[LOG 19:14:30.294] Config(PART) Squad/Parts/FuelTank/mk2Adapters/long/mk2_1m_AdapterLong
[LOG 19:14:30.294] Config(PART) Squad/Parts/FuelTank/mk2Adapters/standard/mk2SpacePlaneAdapter
[LOG 19:14:30.294] Config(PART) Squad/Parts/FuelTank/mk2FuselageLong/LFO_long/mk2FuselageLongLFO
[LOG 19:14:30.294] Config(PART) Squad/Parts/FuelTank/mk2FuselageLong/L_long/mk2Fuselage
[LOG 19:14:30.294] Config(PART) Squad/Parts/FuelTank/mk2FuselageShort/LFO_short/mk2FuselageShortLFO
[LOG 19:14:30.294] Config(PART) Squad/Parts/FuelTank/mk2FuselageShort/L_short/mk2FuselageShortLiquid
[LOG 19:14:30.294] Config(PART) Squad/Parts/FuelTank/mk2FuselageShort/Mono_short/mk2FuselageShortMono
[LOG 19:14:30.294] Config(PART) Squad/Parts/FuelTank/mk3Fuselage/CREW/mk3CrewCabin
[LOG 19:14:30.294] Config(PART) Squad/Parts/FuelTank/mk3Fuselage/LFO_100/mk3FuselageLFO_100
[LOG 19:14:30.294] Config(PART) Squad/Parts/FuelTank/mk3Fuselage/LFO_25/mk3FuselageLFO_25
[LOG 19:14:30.294] Config(PART) Squad/Parts/FuelTank/mk3Fuselage/LFO_50/mk3FuselageLFO_50
[LOG 19:14:30.294] Config(PART) Squad/Parts/FuelTank/mk3Fuselage/LF_100/mk3FuselageLF_100
[LOG 19:14:30.294] Config(PART) Squad/Parts/FuelTank/mk3Fuselage/LF_25/mk3FuselageLF_25
[LOG 19:14:30.294] Config(PART) Squad/Parts/FuelTank/mk3Fuselage/LF_50/mk3FuselageLF_50
[LOG 19:14:30.294] Config(PART) Squad/Parts/FuelTank/mk3Fuselage/MONO/mk3FuselageMONO
[LOG 19:14:30.295] Config(PART) Squad/Parts/FuelTank/RCSFuelTankR1/RCSFuelTankR1/RCSTank1-2
[LOG 19:14:30.295] Config(PART) Squad/Parts/FuelTank/RCSFuelTankR10/RCSFuelTankR10/rcsTankMini
[LOG 19:14:30.295] Config(PART) Squad/Parts/FuelTank/RCSFuelTankR25/RCSFuelTankR25/RCSFuelTank
[LOG 19:14:30.295] Config(PART) Squad/Parts/FuelTank/RCSTankRadial/radialRCSTank/radialRCSTank
[LOG 19:14:30.295] Config(PART) Squad/Parts/FuelTank/RCStankRadialLong/RCSTankRadialLong/rcsTankRadialLong
[LOG 19:14:30.295] Config(PART) Squad/Parts/FuelTank/RockomaxTanks/Rockomax16/Rockomax16_BW
[LOG 19:14:30.295] Config(PART) Squad/Parts/FuelTank/RockomaxTanks/Rockomax32/Rockomax32_BW
[LOG 19:14:30.295] Config(PART) Squad/Parts/FuelTank/RockomaxTanks/Rockomax64/Rockomax64_BW
[LOG 19:14:30.295] Config(PART) Squad/Parts/FuelTank/RockomaxTanks/Rockomax8/Rockomax8BW
[LOG 19:14:30.295] Config(PART) Squad/Parts/FuelTank/Size1_Tanks/fuelTankT100/fuelTankSmallFlat
[LOG 19:14:30.295] Config(PART) Squad/Parts/FuelTank/Size1_Tanks/fuelTankT200/fuelTankSmall
[LOG 19:14:30.295] Config(PART) Squad/Parts/FuelTank/Size1_Tanks/fuelTankT400/fuelTank
[LOG 19:14:30.295] Config(PART) Squad/Parts/FuelTank/Size1_Tanks/fuelTankT800/fuelTank_long
[LOG 19:14:30.295] Config(PART) Squad/Parts/FuelTank/Size3Tanks/large/Size3LargeTank
[LOG 19:14:30.295] Config(PART) Squad/Parts/FuelTank/Size3Tanks/medium/Size3MediumTank
[LOG 19:14:30.295] Config(PART) Squad/Parts/FuelTank/Size3Tanks/small/Size3SmallTank
[LOG 19:14:30.295] Config(PART) Squad/Parts/FuelTank/xenonTank/xenonTank/xenonTank
[LOG 19:14:30.295] Config(PART) Squad/Parts/FuelTank/xenonTankLarge/xenonTankLarge/xenonTankLarge
[LOG 19:14:30.295] Config(PART) Squad/Parts/FuelTank/xenonTankRadial/xenonTankRadial/xenonTankRadial
[LOG 19:14:30.295] Config(PART) Squad/Parts/Misc/AsteroidDay/CamSat/InfraredTelescope
[LOG 19:14:30.295] Config(PART) Squad/Parts/Misc/AsteroidDay/HECS2/HECS2_ProbeCore
[LOG 19:14:30.295] Config(PART) Squad/Parts/Misc/AsteroidDay/HighGainAntenna/HighGainAntenna
[LOG 19:14:30.295] Config(PART) Squad/Parts/Misc/AsteroidDay/LgRadialSolar/LgRadialSolarPanel
[LOG 19:14:30.295] Config(PART) Squad/Parts/Misc/PotatoComet/part/PotatoComet
[LOG 19:14:30.295] Config(PART) Squad/Parts/Misc/PotatoRoid/part/PotatoRoid
[LOG 19:14:30.296] Config(PART) Squad/Parts/Prebuilt/flag/flag
[LOG 19:14:30.296] Config(PART) Squad/Parts/Prebuilt/kerbalEVA/kerbalEVA
[LOG 19:14:30.296] Config(PART) Squad/Parts/Prebuilt/kerbalEVAfemale/kerbalEVAfemale
[LOG 19:14:30.296] Config(PART) Squad/Parts/Prebuilt/kerbalEVASlimSuit/kerbalEVASlimSuit
[LOG 19:14:30.296] Config(PART) Squad/Parts/Prebuilt/kerbalEVASlimSuitFemale/kerbalEVASlimSuitFemale
[LOG 19:14:30.296] Config(PART) Squad/Parts/Resources/FuelCell/FuelCell/FuelCell
[LOG 19:14:30.296] Config(PART) Squad/Parts/Resources/FuelCell/FuelCellArray/FuelCellArray
[LOG 19:14:30.296] Config(PART) Squad/Parts/Resources/ISRU/ISRU/ISRU
[LOG 19:14:30.296] Config(PART) Squad/Parts/Resources/LargeTank/LargeTank/LargeTank
[LOG 19:14:30.296] Config(PART) Squad/Parts/Resources/MiniDrill/MiniDrill/MiniDrill
[LOG 19:14:30.296] Config(PART) Squad/Parts/Resources/MiniISRU/MiniISRU/MiniISRU
[LOG 19:14:30.296] Config(PART) Squad/Parts/Resources/OrbitalScanner/OrbitalScanner/OrbitalScanner
[LOG 19:14:30.296] Config(PART) Squad/Parts/Resources/RadialDrill/RadialDrill/RadialDrill
[LOG 19:14:30.296] Config(PART) Squad/Parts/Resources/RadialTank/RadialTank/RadialOreTank
[LOG 19:14:30.296] Config(PART) Squad/Parts/Resources/SmallTank/SmallTank/SmallTank
[LOG 19:14:30.296] Config(PART) Squad/Parts/Resources/SurfaceScanner/SurfaceScanner/SurfaceScanner
[LOG 19:14:30.296] Config(PART) Squad/Parts/Resources/SurveyScanner/SurveyScanner/SurveyScanner
[LOG 19:14:30.296] Config(PART) Squad/Parts/Science/AtmosphereSensor/sensorAtmosphere/sensorAtmosphere
[LOG 19:14:30.296] Config(PART) Squad/Parts/Science/GooExperiment/gooExperiment/GooExperiment
[LOG 19:14:30.296] Config(PART) Squad/Parts/Science/LargeCrewedLab/largeCrewedLab/Large_Crewed_Lab
[LOG 19:14:30.296] Config(PART) Squad/Parts/Science/Magnetometer/Magnetometer/Magnetometer
[LOG 19:14:30.296] Config(PART) Squad/Parts/Science/MaterialBay/materialBay/science_module
[LOG 19:14:30.296] Config(PART) Squad/Parts/Science/ScienceBox/ScienceBox/ScienceBox
[LOG 19:14:30.296] Config(PART) Squad/Parts/Science/sensorAccelerometer/sensorAccelerometer/sensorAccelerometer
[LOG 19:14:30.296] Config(PART) Squad/Parts/Science/sensorBarometer/sensorBarometer/sensorBarometer
[LOG 19:14:30.297] Config(PART) Squad/Parts/Science/sensorGravimeter/sensorGravimeter/sensorGravimeter
[LOG 19:14:30.297] Config(PART) Squad/Parts/Science/sensorThermometer/sensorThermometer/sensorThermometer
[LOG 19:14:30.297] Config(PART) Squad/Parts/Structural/FLAdapters/adapterSmallMiniShort/adapterSmallMiniShort
[LOG 19:14:30.297] Config(PART) Squad/Parts/Structural/FLAdapters/adapterSmallMiniTall/adapterSmallMiniTall
[LOG 19:14:30.297] Config(PART) Squad/Parts/Structural/mk1Parts/engineBodyRadial/radialEngineBody
[LOG 19:14:30.297] Config(PART) Squad/Parts/Structural/mk1Parts/engineNacelle/nacelleBody
[LOG 19:14:30.297] Config(PART) Squad/Parts/Structural/mk1Parts/mk1Fuselage/MK1Fuselage
[LOG 19:14:30.297] Config(PART) Squad/Parts/Structural/mk1Parts/mk1FuselageIntake/MK1IntakeFuselage
[LOG 19:14:30.297] Config(PART) Squad/Parts/Structural/mk1Parts/mk1Structural/Mk1FuselageStructural
[LOG 19:14:30.297] Config(PART) Squad/Parts/Structural/Size3To2Adapter_v2/Size2to3_v2/Size3To2Adapter_v2
[LOG 19:14:30.297] Config(PART) Squad/Parts/Structural/stackAdapters/adapterLargeSmallBi/adapterLargeSmallBi
[LOG 19:14:30.297] Config(PART) Squad/Parts/Structural/stackAdapters/adapterLargeSmallQuad/adapterLargeSmallQuad
[LOG 19:14:30.297] Config(PART) Squad/Parts/Structural/stackAdapters/adapterLargeSmallTri/adapterLargeSmallTri
[LOG 19:14:30.297] Config(PART) Squad/Parts/Structural/stationHub/stationHub/stationHub
[LOG 19:14:30.297] Config(PART) Squad/Parts/Structural/structuralIBeam200/structuralIBeam200/structuralIBeam2
[LOG 19:14:30.297] Config(PART) Squad/Parts/Structural/structuralIBeam200Pocket/structuralIBeam200Pocket/structuralIBeam3
[LOG 19:14:30.297] Config(PART) Squad/Parts/Structural/structuralIBeam650/structuralIBeam650/structuralIBeam1
[LOG 19:14:30.297] Config(PART) Squad/Parts/Structural/structuralMicronode/structuralMicronode/structuralMiniNode
[LOG 19:14:30.297] Config(PART) Squad/Parts/Structural/structuralPanel1x1/structuralPanel1x1/structuralPanel1
[LOG 19:14:30.297] Config(PART) Squad/Parts/Structural/structuralPanel2x2/structuralPanel2x2/structuralPanel2
[LOG 19:14:30.297] Config(PART) Squad/Parts/Structural/structuralPylons/smallHardpoint/smallHardpoint
[LOG 19:14:30.297] Config(PART) Squad/Parts/Structural/structuralPylons/structuralPylon/structuralPylon
[LOG 19:14:30.297] Config(PART) Squad/Parts/Structural/strutCubicOcto/strutCubicOcto/strutCube
[LOG 19:14:30.297] Config(PART) Squad/Parts/Structural/strutOcto/strutOcto/strutOcto
[LOG 19:14:30.297] Config(PART) Squad/Parts/Structural/trussGirderAdapter/trussGirderAdapter/trussAdapter
[LOG 19:14:30.297] Config(PART) Squad/Parts/Structural/trussGirderL/trussGirderL/trussPiece1x
[LOG 19:14:30.298] Config(PART) Squad/Parts/Structural/trussGirderXL/trussGirderXL/trussPiece3x
[LOG 19:14:30.298] Config(PART) Squad/Parts/Thermal/FoldingRadiators/foldingRadLarge/foldingRadLarge
[LOG 19:14:30.298] Config(PART) Squad/Parts/Thermal/FoldingRadiators/foldingRadMed/foldingRadMed
[LOG 19:14:30.298] Config(PART) Squad/Parts/Thermal/FoldingRadiators/foldingRadSmall/foldingRadSmall
[LOG 19:14:30.298] Config(PART) Squad/Parts/Thermal/RadiatorPanels/radPanelEdge/radPanelEdge
[LOG 19:14:30.298] Config(PART) Squad/Parts/Thermal/RadiatorPanels/radPanelLg/radPanelLg
[LOG 19:14:30.298] Config(PART) Squad/Parts/Thermal/RadiatorPanels/radPanelSm/radPanelSm
[LOG 19:14:30.298] Config(PART) Squad/Parts/Utility/commDish88-88/commDish88-88/commDish
[LOG 19:14:30.298] Config(PART) Squad/Parts/Utility/commsAntennaDTS-M1/commsAntennaDTS-M1/mediumDishAntenna
[LOG 19:14:30.298] Config(PART) Squad/Parts/Utility/commsDish16/commsAntenna16/longAntenna
[LOG 19:14:30.298] Config(PART) Squad/Parts/Utility/decouplerRadialHDM/decouplerRadialHDM/radialDecoupler1-2
[LOG 19:14:30.298] Config(PART) Squad/Parts/Utility/decouplerRadialTT-38K/decouplerRadialTT-38K/radialDecoupler
[LOG 19:14:30.298] Config(PART) Squad/Parts/Utility/decouplerRadialTT-70/decouplerRadialTT-70/radialDecoupler2
[LOG 19:14:30.298] Config(PART) Squad/Parts/Utility/DirectAntennas/C16S/SurfAntenna
[LOG 19:14:30.298] Config(PART) Squad/Parts/Utility/DirectAntennas/HG-5/HighGainAntenna5
[LOG 19:14:30.298] Config(PART) Squad/Parts/Utility/DirectAntennas/HG-5_v2/HighGainAntenna5_v2
[LOG 19:14:30.298] Config(PART) Squad/Parts/Utility/dockingPort/dockingPort/dockingPort2
[LOG 19:14:30.298] Config(PART) Squad/Parts/Utility/dockingPortInline/dockingPortInline/dockingPortLateral
[LOG 19:14:30.298] Config(PART) Squad/Parts/Utility/dockingPortJr/dockingPortJr/dockingPort3
[LOG 19:14:30.298] Config(PART) Squad/Parts/Utility/dockingPortShielded/dockingPortShielded/dockingPort1
[LOG 19:14:30.298] Config(PART) Squad/Parts/Utility/dockingPortSr/dockingPortSr/dockingPortLarge
[LOG 19:14:30.298] Config(PART) Squad/Parts/Utility/Fireworks/fireworksLauncherBig/fireworksLauncherBig
[LOG 19:14:30.298] Config(PART) Squad/Parts/Utility/Fireworks/fireworksLauncherSmall/fireworksLauncherSmall
[LOG 19:14:30.299] Config(PART) Squad/Parts/Utility/flags/flagFlat/flagFlat/flagPartFlat
[LOG 19:14:30.299] Config(PART) Squad/Parts/Utility/flags/flagSize0/flagSize0/flagPartSize0
[LOG 19:14:30.299] Config(PART) Squad/Parts/Utility/flags/flagSize1/flagSize1/flagPartSize1
[LOG 19:14:30.299] Config(PART) Squad/Parts/Utility/flags/flagSize2/flagSize2/flagPartSize2
[LOG 19:14:30.299] Config(PART) Squad/Parts/Utility/flags/flagSize3/flagSize3/flagPartSize3
[LOG 19:14:30.299] Config(PART) Squad/Parts/Utility/GrapplingDevice/part/GrapplingDevice
[LOG 19:14:30.299] Config(PART) Squad/Parts/Utility/ladderRadial/ladderRadial/ladder1
[LOG 19:14:30.299] Config(PART) Squad/Parts/Utility/ladderTelescopic/ladderTelescopic/telescopicLadder
[LOG 19:14:30.299] Config(PART) Squad/Parts/Utility/ladderTelescopicBay/ladderTelescopicBay/telescopicLadderBay
[LOG 19:14:30.299] Config(PART) Squad/Parts/Utility/landingLegLT-1/landingLegLT-1/landingLeg1
[LOG 19:14:30.299] Config(PART) Squad/Parts/Utility/landingLegLT-2/landingLegLT-2/landingLeg1-2
[LOG 19:14:30.299] Config(PART) Squad/Parts/Utility/landingLegLT-5/landingLegLT-5/miniLandingLeg
[LOG 19:14:30.299] Config(PART) Squad/Parts/Utility/launchClamp1/launchClamp1/launchClamp1
[LOG 19:14:30.299] Config(PART) Squad/Parts/Utility/launchEscapeSystem/part/LaunchEscapeSystem
[LOG 19:14:30.299] Config(PART) Squad/Parts/Utility/Lights/domeLight1/domeLight1
[LOG 19:14:30.299] Config(PART) Squad/Parts/Utility/Lights/groundLight1/groundLight1
[LOG 19:14:30.299] Config(PART) Squad/Parts/Utility/Lights/groundLight2/groundLight2
[LOG 19:14:30.299] Config(PART) Squad/Parts/Utility/Lights/navLight1/navLight1
[LOG 19:14:30.299] Config(PART) Squad/Parts/Utility/Lights/spotLight1/spotLight3
[LOG 19:14:30.299] Config(PART) Squad/Parts/Utility/Lights/stripLight1/stripLight1
[LOG 19:14:30.299] Config(PART) Squad/Parts/Utility/linearVernorRCS/linearRCS/linearRcs
[LOG 19:14:30.299] Config(PART) Squad/Parts/Utility/linearVernorRCS/vernorEngine/vernierEngine
[LOG 19:14:30.299] Config(PART) Squad/Parts/Utility/mk2CargoBay/BayL/mk2CargoBayL
[LOG 19:14:30.300] Config(PART) Squad/Parts/Utility/mk2CargoBay/BayS/mk2CargoBayS
[LOG 19:14:30.300] Config(PART) Squad/Parts/Utility/mk2CrewCabin/mk2CrewCabin/mk2CrewCabin
[LOG 19:14:30.300] Config(PART) Squad/Parts/Utility/mk2DockingPort/mk2DockingPort/mk2DockingPort
[LOG 19:14:30.300] Config(PART) Squad/Parts/Utility/mk3CargoBay/long/mk3CargoBayL
[LOG 19:14:30.300] Config(PART) Squad/Parts/Utility/mk3CargoBay/medium/mk3CargoBayM
[LOG 19:14:30.300] Config(PART) Squad/Parts/Utility/mk3CargoBay/ramp/mk3CargoRamp
[LOG 19:14:30.300] Config(PART) Squad/Parts/Utility/mk3CargoBay/short/mk3CargoBayS
[LOG 19:14:30.300] Config(PART) Squad/Parts/Utility/parachuteMk1/parachuteMk1/parachuteSingle
[LOG 19:14:30.300] Config(PART) Squad/Parts/Utility/parachuteMk12-R/parachuteMk12-R/radialDrogue
[LOG 19:14:30.300] Config(PART) Squad/Parts/Utility/parachuteMk16-XL/parachuteMk16-XL/parachuteLarge
[LOG 19:14:30.300] Config(PART) Squad/Parts/Utility/parachuteMk2-R/parachuteMk2-R/parachuteRadial
[LOG 19:14:30.300] Config(PART) Squad/Parts/Utility/parachuteMk25/parachuteMk25/parachuteDrogue
[LOG 19:14:30.300] Config(PART) Squad/Parts/Utility/radialAttachmentPoint/radialAttachmentPoint/stackPoint1
[LOG 19:14:30.300] Config(PART) Squad/Parts/Utility/rcsBlockRV-105_v2/rcsBlockRV-105/RCSBlock_v2
[LOG 19:14:30.300] Config(PART) Squad/Parts/Utility/rcsBlockRV-105_v2/RCSblock_01_small/RCSblock_01_small
[LOG 19:14:30.300] Config(PART) Squad/Parts/Utility/rcsSmallLinear/RCSLinearSmall/RCSLinearSmall
[LOG 19:14:30.300] Config(PART) Squad/Parts/Utility/RelayAntennas/RA-100/RelayAntenna100
[LOG 19:14:30.300] Config(PART) Squad/Parts/Utility/RelayAntennas/RA-5/RelayAntenna5
[LOG 19:14:30.300] Config(PART) Squad/Parts/Utility/RelayAntennas/RA-50/RelayAntenna50
[LOG 19:14:30.300] Config(PART) Squad/Parts/Utility/rockomaxAdapters/largeAdapter/largeAdapter
[LOG 19:14:30.300] Config(PART) Squad/Parts/Utility/rockomaxAdapters/largeAdapterShort/largeAdapter2
[LOG 19:14:30.300] Config(PART) Squad/Parts/Utility/ServiceBay_v2/ServiceBay_125_v2/ServiceBay_125_v2
[LOG 19:14:30.300] Config(PART) Squad/Parts/Utility/ServiceBay_v2/ServiceBay_250_v2/ServiceBay_250_v2
[LOG 19:14:30.301] Config(PART) Squad/Parts/Utility/smallClaw/smallClaw/smallClaw
[LOG 19:14:30.301] Config(PART) Squad/Parts/Utility/spotLightMk1/spotLightMk1/spotLight1
[LOG 19:14:30.301] Config(PART) Squad/Parts/Utility/spotLightMk1_v2/spotLightMk1_v2/spotLight1_v2
[LOG 19:14:30.301] Config(PART) Squad/Parts/Utility/spotLightMk2/spotLightMk2/spotLight2
[LOG 19:14:30.301] Config(PART) Squad/Parts/Utility/spotLightMk2_v2/spotLightMk2_v2/spotLight2_v2
[LOG 19:14:30.301] Config(PART) Squad/Parts/Utility/stackCouplers/stackBiCoupler_v2/stackBiCoupler_v2
[LOG 19:14:30.301] Config(PART) Squad/Parts/Utility/stackCouplers/stackQuadCoupler/stackQuadCoupler
[LOG 19:14:30.301] Config(PART) Squad/Parts/Utility/stackCouplers/stackTriCoupler_v2/stackTriCoupler_v2
[LOG 19:14:30.301] Config(PART) Squad/Parts/Wheel/LandingGear/GearExtraLarge/GearLarge
[LOG 19:14:30.301] Config(PART) Squad/Parts/Wheel/LandingGear/GearFixed/GearFixed
[LOG 19:14:30.301] Config(PART) Squad/Parts/Wheel/LandingGear/GearFree/GearFree
[LOG 19:14:30.301] Config(PART) Squad/Parts/Wheel/LandingGear/GearLarge/GearMedium
[LOG 19:14:30.301] Config(PART) Squad/Parts/Wheel/LandingGear/GearMedium/GearSmall
[LOG 19:14:30.301] Config(PART) Squad/Parts/Wheel/LandingGear/GearSmall/SmallGearBay
[LOG 19:14:30.301] Config(PART) Squad/Parts/Wheel/roverWheelM1/roverWheelM1/roverWheel1
[LOG 19:14:30.301] Config(PART) Squad/Parts/Wheel/roverWheelS2/roverWheelS2/roverWheel2
[LOG 19:14:30.301] Config(PART) Squad/Parts/Wheel/roverWheelTR-2L/roverWheelTR-2L/wheelMed
[LOG 19:14:30.301] Config(PART) Squad/Parts/Wheel/roverWheelXL3/roverWheelXL3/roverWheel3
[LOG 19:14:30.301] Config(PROP) Squad/Props/AltimeterThreeHands/prop/AltimeterThreeHands
[LOG 19:14:30.301] Config(PROP) Squad/Props/AtmosphereDepth/prop/AtmosphereDepth
[LOG 19:14:30.301] Config(PROP) Squad/Props/AxisIndicator/pitchConfig/AxisIndicatorPitch
[LOG 19:14:30.301] Config(PROP) Squad/Props/AxisIndicator/rollConfig/AxisIndicatorRoll
[LOG 19:14:30.301] Config(PROP) Squad/Props/AxisIndicator/yawConfig/AxisIndicatorYaw
[LOG 19:14:30.301] Config(PROP) Squad/Props/buttonsGeneric/circularButton/genericCircularButton
[LOG 19:14:30.302] Config(PROP) Squad/Props/buttonsGeneric/clusterButtons/genericClusterButtons
[LOG 19:14:30.302] Config(PROP) Squad/Props/buttonsGeneric/clusterButtons2/genericClusterButtons2
[LOG 19:14:30.302] Config(PROP) Squad/Props/buttonsGeneric/clusterKnob/genericClusterKnobs
[LOG 19:14:30.302] Config(PROP) Squad/Props/buttonsGeneric/clusterKnob2/genericClusterKnobs2
[LOG 19:14:30.302] Config(PROP) Squad/Props/buttonsGeneric/clusterMixed/genericClusterMixed
[LOG 19:14:30.302] Config(PROP) Squad/Props/buttonsGeneric/clusterSwitches01/genericClusterSwitches01
[LOG 19:14:30.302] Config(PROP) Squad/Props/buttonsGeneric/clusterSwitches02/genericClusterSwitches02
[LOG 19:14:30.302] Config(PROP) Squad/Props/buttonsGeneric/clusterSwitches03/genericClusterSwitches03
[LOG 19:14:30.302] Config(PROP) Squad/Props/buttonsGeneric/clusterSwitches04/genericClusterSwitches04
[LOG 19:14:30.302] Config(PROP) Squad/Props/buttonsGeneric/clusterSwitches05/genericClusterSwitches05
[LOG 19:14:30.302] Config(PROP) Squad/Props/buttonsGeneric/clusterSwitches06/genericClusterSwitches06
[LOG 19:14:30.302] Config(PROP) Squad/Props/buttonsGeneric/clusterSwitches07/genericClusterSwitches07
[LOG 19:14:30.302] Config(PROP) Squad/Props/buttonsGeneric/directionalKnob/genericDirectionalKnob
[LOG 19:14:30.302] Config(PROP) Squad/Props/buttonsGeneric/directionalKnob2/genericDirectionalKnob2
[LOG 19:14:30.302] Config(PROP) Squad/Props/buttonsGeneric/pullSwitch/genericPullSwitch
[LOG 19:14:30.302] Config(PROP) Squad/Props/buttonsGeneric/squareButton/genericSquareButton
[LOG 19:14:30.302] Config(PROP) Squad/Props/buttonsGeneric/standingSwitch/genericStandingSwitch
[LOG 19:14:30.302] Config(PROP) Squad/Props/buttonsGeneric/switch/genericSwitch
[LOG 19:14:30.302] Config(PROP) Squad/Props/buttonsGeneric/switchWithGuards/genericSwitchWithGuards
[LOG 19:14:30.302] Config(PROP) Squad/Props/ButtonSquare/prop/ButtonSquare
[LOG 19:14:30.303] Config(PROP) Squad/Props/circularButton/prop/circularButton
[LOG 19:14:30.303] Config(PROP) Squad/Props/Compass/prop/Compass
[LOG 19:14:30.303] Config(PROP) Squad/Props/directionalKnob/prop/directionalKnob
[LOG 19:14:30.303] Config(PROP) Squad/Props/directionalKnob2/prop/directionalKnob2
[LOG 19:14:30.303] Config(PROP) Squad/Props/IndicatorPanel/prop/IndicatorPanel
[LOG 19:14:30.303] Config(PROP) Squad/Props/IVANavBall/prop/NavBall
[LOG 19:14:30.303] Config(PROP) Squad/Props/IVANavBallNoBase/prop/NavBallNoBase
[LOG 19:14:30.303] Config(PROP) Squad/Props/ledPanelSpeed/prop/ledPanelSpeed
[LOG 19:14:30.303] Config(PROP) Squad/Props/Monitor/DockingMode/MonitorDockingMode
[LOG 19:14:30.303] Config(PROP) Squad/Props/NavBall/prop/NavBall
[LOG 19:14:30.303] Config(PROP) Squad/Props/PropsGeneric/Button_DockingMode/Button_DockingMode
[LOG 19:14:30.303] Config(PROP) Squad/Props/PropsGeneric/CargoBagA/CargoBagA
[LOG 19:14:30.303] Config(PROP) Squad/Props/PropsGeneric/CargoBagB/CargoBagB
[LOG 19:14:30.303] Config(PROP) Squad/Props/PropsGeneric/CargoBagC/CargoBagC
[LOG 19:14:30.303] Config(PROP) Squad/Props/PropsGeneric/Hatch_Plane/Hatch_Plane
[LOG 19:14:30.303] Config(PROP) Squad/Props/PropsGeneric/Hatch_Plane_Curve90/Hatch_Plane_Curve90
[LOG 19:14:30.303] Config(PROP) Squad/Props/PropsGeneric/Hatch_Plane_Frame/Hatch_Plane_Frame
[LOG 19:14:30.303] Config(PROP) Squad/Props/PropsGeneric/Seat_Passenger/Seat_Passenger
[LOG 19:14:30.303] Config(PROP) Squad/Props/PropsGeneric/Seat_Pilot/Seat_Pilot
[LOG 19:14:30.303] Config(PROP) Squad/Props/PropsGeneric/Seat_Pilot_Helmet/Seat_Pilot_Helmet
[LOG 19:14:30.303] Config(PROP) Squad/Props/PropsGeneric/SideStick/SideStick
[LOG 19:14:30.303] Config(PROP) Squad/Props/pullSwitch/prop/pullSwitch
[LOG 19:14:30.303] Config(PROP) Squad/Props/radarAltitude/prop/RadarAltimeter
[LOG 19:14:30.303] Config(PROP) Squad/Props/squareButton/prop/squareButton
[LOG 19:14:30.304] Config(PROP) Squad/Props/standingSwitch/prop/standingSwitch
[LOG 19:14:30.304] Config(PROP) Squad/Props/switch/prop/switch
[LOG 19:14:30.304] Config(PROP) Squad/Props/switchGuard/prop/switchGuard
[LOG 19:14:30.304] Config(PROP) Squad/Props/switchWithGuards/prop/switchWithGuards
[LOG 19:14:30.304] Config(PROP) Squad/Props/throttle/prop/throttle
[LOG 19:14:30.304] Config(PROP) Squad/Props/VSI/prop/VSI
[LOG 19:14:30.304] Config(SPACEOBJECTS_LIMITS) Squad/Resources/CometDefs/SPACEOBJECTS_LIMITS
[LOG 19:14:30.304] Config(COMET_MANAGER) Squad/Resources/CometDefs/COMET_MANAGER
[LOG 19:14:30.304] Config(COMET_ORBIT_TYPE) Squad/Resources/CometDefs/short
[LOG 19:14:30.304] Config(COMET_ORBIT_TYPE) Squad/Resources/CometDefs/intermediate
[LOG 19:14:30.304] Config(COMET_ORBIT_TYPE) Squad/Resources/CometDefs/long
[LOG 19:14:30.304] Config(COMET_ORBIT_TYPE) Squad/Resources/CometDefs/interstellar
[LOG 19:14:30.304] Config(FIREWORKFX_DEFINITION) Squad/Resources/FireworkFXDefinitions/classicTrail
[LOG 19:14:30.304] Config(FIREWORKFX_DEFINITION) Squad/Resources/FireworkFXDefinitions/whirlyTrail
[LOG 19:14:30.304] Config(FIREWORKFX_DEFINITION) Squad/Resources/FireworkFXDefinitions/strobeTrail
[LOG 19:14:30.304] Config(FIREWORKFX_DEFINITION) Squad/Resources/FireworkFXDefinitions/bareTrail
[LOG 19:14:30.304] Config(FIREWORKFX_DEFINITION) Squad/Resources/FireworkFXDefinitions/classicBurst
[LOG 19:14:30.304] Config(FIREWORKFX_DEFINITION) Squad/Resources/FireworkFXDefinitions/chrysBurst
[LOG 19:14:30.304] Config(FIREWORKFX_DEFINITION) Squad/Resources/FireworkFXDefinitions/palmBurst
[LOG 19:14:30.304] Config(FIREWORKFX_DEFINITION) Squad/Resources/FireworkFXDefinitions/ringBurst
[LOG 19:14:30.304] Config(FIREWORKFX_DEFINITION) Squad/Resources/FireworkFXDefinitions/crosetteBurst
[LOG 19:14:30.304] Config(FIREWORKFX_DEFINITION) Squad/Resources/FireworkFXDefinitions/willowBurst
[LOG 19:14:30.304] Config(FIREWORKFX_DEFINITION) Squad/Resources/FireworkFXDefinitions/crackeBurst
[LOG 19:14:30.304] Config(FIREWORKFX_DEFINITION) Squad/Resources/FireworkFXDefinitions/palmCrackleBurst
[LOG 19:14:30.304] Config(FIREWORKFX_DEFINITION) Squad/Resources/FireworkFXDefinitions/dragonBurst
[LOG 19:14:30.304] Config(GLOBAL_RESOURCE) Squad/Resources/Ore/GLOBAL_RESOURCE
[LOG 19:14:30.304] Config(PLANETARY_RESOURCE) Squad/Resources/Ore/PLANETARY_RESOURCE
[LOG 19:14:30.304] Config(PLANETARY_RESOURCE) Squad/Resources/Ore/PLANETARY_RESOURCE
[LOG 19:14:30.305] Config(RESOURCE_OVERLAY_CONFIGURATION_SOLID) Squad/Resources/Overlay/RESOURCE_OVERLAY_CONFIGURATION_SOLID
[LOG 19:14:30.305] Config(RESOURCE_OVERLAY_CONFIGURATION_LINES) Squad/Resources/Overlay/RESOURCE_OVERLAY_CONFIGURATION_LINES
[LOG 19:14:30.305] Config(RESOURCE_OVERLAY_CONFIGURATION_DOTS) Squad/Resources/Overlay/RESOURCE_OVERLAY_CONFIGURATION_DOTS
[LOG 19:14:30.305] Config(RESOURCE_CONFIGURATION) Squad/Resources/ResourceDefaults/RESOURCE_CONFIGURATION
[LOG 19:14:30.305] Config(RESOURCE_DEFINITION) Squad/Resources/ResourcesGeneric/LiquidFuel
[LOG 19:14:30.305] Config(RESOURCE_DEFINITION) Squad/Resources/ResourcesGeneric/Oxidizer
[LOG 19:14:30.305] Config(RESOURCE_DEFINITION) Squad/Resources/ResourcesGeneric/SolidFuel
[LOG 19:14:30.305] Config(RESOURCE_DEFINITION) Squad/Resources/ResourcesGeneric/MonoPropellant
[LOG 19:14:30.305] Config(RESOURCE_DEFINITION) Squad/Resources/ResourcesGeneric/XenonGas
[LOG 19:14:30.305] Config(RESOURCE_DEFINITION) Squad/Resources/ResourcesGeneric/ElectricCharge
[LOG 19:14:30.305] Config(RESOURCE_DEFINITION) Squad/Resources/ResourcesGeneric/IntakeAir
[LOG 19:14:30.305] Config(RESOURCE_DEFINITION) Squad/Resources/ResourcesGeneric/EVA Propellant
[LOG 19:14:30.305] Config(RESOURCE_DEFINITION) Squad/Resources/ResourcesGeneric/Ore
[LOG 19:14:30.305] Config(RESOURCE_DEFINITION) Squad/Resources/ResourcesGeneric/Ablator
[LOG 19:14:30.305] Config(EXPERIMENT_DEFINITION) Squad/Resources/ScienceDefs/EXPERIMENT_DEFINITION
[LOG 19:14:30.305] Config(EXPERIMENT_DEFINITION) Squad/Resources/ScienceDefs/EXPERIMENT_DEFINITION
[LOG 19:14:30.305] Config(EXPERIMENT_DEFINITION) Squad/Resources/ScienceDefs/EXPERIMENT_DEFINITION
[LOG 19:14:30.305] Config(EXPERIMENT_DEFINITION) Squad/Resources/ScienceDefs/EXPERIMENT_DEFINITION
[LOG 19:14:30.305] Config(EXPERIMENT_DEFINITION) Squad/Resources/ScienceDefs/EXPERIMENT_DEFINITION
[LOG 19:14:30.305] Config(EXPERIMENT_DEFINITION) Squad/Resources/ScienceDefs/EXPERIMENT_DEFINITION
[LOG 19:14:30.305] Config(EXPERIMENT_DEFINITION) Squad/Resources/ScienceDefs/EXPERIMENT_DEFINITION
[LOG 19:14:30.305] Config(EXPERIMENT_DEFINITION) Squad/Resources/ScienceDefs/EXPERIMENT_DEFINITION
[LOG 19:14:30.306] Config(EXPERIMENT_DEFINITION) Squad/Resources/ScienceDefs/EXPERIMENT_DEFINITION
[LOG 19:14:30.306] Config(EXPERIMENT_DEFINITION) Squad/Resources/ScienceDefs/EXPERIMENT_DEFINITION
[LOG 19:14:30.306] Config(EXPERIMENT_DEFINITION) Squad/Resources/ScienceDefs/EXPERIMENT_DEFINITION
[LOG 19:14:30.306] Config(EXPERIMENT_DEFINITION) Squad/Resources/ScienceDefs/EXPERIMENT_DEFINITION
[LOG 19:14:30.306] Config(EXPERIMENT_DEFINITION) Squad/Resources/ScienceDefs/EXPERIMENT_DEFINITION
[LOG 19:14:30.306] Config(EXPERIMENT_DEFINITION) Squad/Resources/ScienceDefs/EXPERIMENT_DEFINITION
[LOG 19:14:30.306] Config(EXPERIMENT_DEFINITION) Squad/Resources/ScienceDefs/EXPERIMENT_DEFINITION
[LOG 19:14:30.306] Config(EXPERIMENT_DEFINITION) Squad/Resources/ScienceDefs/EXPERIMENT_DEFINITION
[LOG 19:14:30.306] Config(EXPERIMENT_DEFINITION) Squad/Resources/ScienceDefs/EXPERIMENT_DEFINITION
[LOG 19:14:30.306] Config(EXPERIMENT_DEFINITION) Squad/Resources/ScienceDefs/EXPERIMENT_DEFINITION
[LOG 19:14:30.306] Config(STORY_DEF) Squad/Resources/StoryDefs/STORY_DEF
[LOG 19:14:30.306] Config(TechTree) Squad/Resources/TechTree/TechTree
[LOG 19:14:30.306] Config(INTERNAL) Squad/Spaces/crewCabinInternals/internal/crewCabinInternals
[LOG 19:14:30.306] Config(INTERNAL) Squad/Spaces/cupolaInternal/internal/cupolaInternal
[LOG 19:14:30.306] Config(INTERNAL) Squad/Spaces/GenericSpace1/internal/GenericSpace1
[LOG 19:14:30.306] Config(INTERNAL) Squad/Spaces/GenericSpace3/internal/GenericSpace3
[LOG 19:14:30.306] Config(INTERNAL) Squad/Spaces/landerCabinInternals/internal/landerCabinInternals
[LOG 19:14:30.306] Config(INTERNAL) Squad/Spaces/landerCabinSmallInternal/internal/landerCabinSmallInternal
[LOG 19:14:30.306] Config(INTERNAL) Squad/Spaces/LargeCrewedLabInternals/internal/Mobile_Processing_Lab_Int
[LOG 19:14:30.306] Config(INTERNAL) Squad/Spaces/Mk1-3/internal/Mk1-3
[LOG 19:14:30.306] Config(INTERNAL) Squad/Spaces/mk1CabinInternal/internal/mk1CabinInternal
[LOG 19:14:30.307] Config(INTERNAL) Squad/Spaces/mk1CockpitInternal/internal/mk1CockpitInternal
[LOG 19:14:30.307] Config(INTERNAL) Squad/Spaces/mk1InlineInternal/internal/mk1InlineInternal
[LOG 19:14:30.307] Config(INTERNAL) Squad/Spaces/mk1PodCockpit/internal/mk1PodCockpit
[LOG 19:14:30.307] Config(INTERNAL) Squad/Spaces/mk1pod_IVA/mk1pod_Internal/mk1pod_IVA
[LOG 19:14:30.307] Config(INTERNAL) Squad/Spaces/mk2CockpitStandardInternal/internal/mk2CockpitStandardInternals
[LOG 19:14:30.307] Config(INTERNAL) Squad/Spaces/Mk2CrewCabinInternal/internal_MK2_CrewCab/MK2_CrewCab_Int
[LOG 19:14:30.307] Config(INTERNAL) Squad/Spaces/mk2InlineInternal/internal/mk2InlineInternal
[LOG 19:14:30.307] Config(INTERNAL) Squad/Spaces/mk2LanderCanInternal/internal/mk2LanderCanInternal
[LOG 19:14:30.307] Config(INTERNAL) Squad/Spaces/MK3CockpitInternal/internal_MK3/MK3_Cockpit_Int
[LOG 19:14:30.307] Config(INTERNAL) Squad/Spaces/MK3_CrewCab_Int/internal_MK3_CrewCab/MK3_CrewCab_Int
[LOG 19:14:30.307] Config(INTERNAL) Squad/Spaces/Placeholder/internal/Placeholder
[LOG 19:14:30.307] Config(INTERNAL) Squad/Spaces/PodCockpit/internal/PodCockpit
[LOG 19:14:30.307] Config(STRATEGY_DEPARTMENT) Squad/Strategies/Departments/Finances
[LOG 19:14:30.307] Config(STRATEGY_DEPARTMENT) Squad/Strategies/Departments/Science
[LOG 19:14:30.307] Config(STRATEGY_DEPARTMENT) Squad/Strategies/Departments/Public Relations
[LOG 19:14:30.307] Config(STRATEGY_DEPARTMENT) Squad/Strategies/Departments/Operations
[LOG 19:14:30.307] Config(STRATEGY) Squad/Strategies/Strategies/AppreciationCampaignCfg
[LOG 19:14:30.307] Config(STRATEGY) Squad/Strategies/Strategies/FundraisingCampaignCfg
[LOG 19:14:30.307] Config(STRATEGY) Squad/Strategies/Strategies/OpenSourceTechProgramCfg
[LOG 19:14:30.307] Config(STRATEGY) Squad/Strategies/Strategies/UnpaidResearchProgramCfg
[LOG 19:14:30.307] Config(STRATEGY) Squad/Strategies/Strategies/OutsourcedResearchCfg
[LOG 19:14:30.307] Config(STRATEGY) Squad/Strategies/Strategies/PatentsLicensingCfg
[LOG 19:14:30.307] Config(STRATEGY) Squad/Strategies/Strategies/AgressiveNegotiations
[LOG 19:14:30.307] Config(STRATEGY) Squad/Strategies/Strategies/RecoveryTransponders
[LOG 19:14:30.307] Config(STRATEGY) Squad/Strategies/Strategies/BailoutGrant
[LOG 19:14:30.308] Config(STRATEGY) Squad/Strategies/Strategies/researchIPsellout
[LOG 19:14:30.308] Config(STRATEGY) Squad/Strategies/Strategies/LeadershipInitiative
[LOG 19:14:30.308] Config(TUTORIAL) Squad/Tutorials/FlightSuborbital/FlightSuborbital
[LOG 19:14:30.308] Config(TUTORIAL) Squad/Tutorials/FromMun/FromMun
[LOG 19:14:30.308] Config(TUTORIAL) Squad/Tutorials/GoForOrbit/GoForOrbit
[LOG 19:14:30.308] Config(MISSIONPACK) SquadExpansion/MakingHistory/Missions/MissionPacks/squad_MakingHistory
[LOG 19:14:30.308] Config(MISSIONPACK) SquadExpansion/MakingHistory/Missions/MissionPacks/squad_MakingHistory_Other
[LOG 19:14:30.308] Config(MISSIONPACK) SquadExpansion/MakingHistory/Missions/MissionPacks/squad_MakingHistory_Tutorial
[LOG 19:14:30.308] Config(MEBASICNODE) SquadExpansion/MakingHistory/Nodes/AccuracyLogic/TestAccuracyLogic
[LOG 19:14:30.308] Config(MEBASICNODE) SquadExpansion/MakingHistory/Nodes/ActionChancePartResourceLevels/ActionPartResourceAmount
[LOG 19:14:30.308] Config(MEBASICNODE) SquadExpansion/MakingHistory/Nodes/ActionExplode/ActionVesselExplode
[LOG 19:14:30.308] Config(MEBASICNODE) SquadExpansion/MakingHistory/Nodes/ActionMissionScore/MissionScore
[LOG 19:14:30.308] Config(MEBASICNODE) SquadExpansion/MakingHistory/Nodes/ActionModifierFunds/ModifyFunds
[LOG 19:14:30.308] Config(MEBASICNODE) SquadExpansion/MakingHistory/Nodes/ActionModifierScore/MissionScore
[LOG 19:14:30.308] Config(MEBASICNODE) SquadExpansion/MakingHistory/Nodes/ActionPartExplode/ActionPartExplode
[LOG 19:14:30.308] Config(MEBASICNODE) SquadExpansion/MakingHistory/Nodes/ActionPartResourceDrain/ActionPartResourceDrain
[LOG 19:14:30.308] Config(MEBASICNODE) SquadExpansion/MakingHistory/Nodes/ActionVesselActionGroup/ActionVesselActionGroup
[LOG 19:14:30.308] Config(MEBASICNODE) SquadExpansion/MakingHistory/Nodes/ActionVesselStage/ActionVesselStage
[LOG 19:14:30.308] Config(MEBASICNODE) SquadExpansion/MakingHistory/Nodes/CreateAsteroid/CreateAsteroid
[LOG 19:14:30.308] Config(MEBASICNODE) SquadExpansion/MakingHistory/Nodes/CreateComet/CreateComet
[LOG 19:14:30.308] Config(MEBASICNODE) SquadExpansion/MakingHistory/Nodes/CreateFlag/CreateFlag
[LOG 19:14:30.308] Config(MEBASICNODE) SquadExpansion/MakingHistory/Nodes/CreateLaunchSite/CreateLaunchSite
[LOG 19:14:30.308] Config(MEBASICNODE) SquadExpansion/MakingHistory/Nodes/CreateVessel/CreateVessel
[LOG 19:14:30.308] Config(MEBASICNODE) SquadExpansion/MakingHistory/Nodes/CrewAssignment/TestCrewAssignment
[LOG 19:14:30.308] Config(MEBASICNODE) SquadExpansion/MakingHistory/Nodes/Destroyed/Crashed
[LOG 19:14:30.308] Config(MEBASICNODE) SquadExpansion/MakingHistory/Nodes/DialogMessage/DialogMessage
[LOG 19:14:30.309] Config(MEBASICNODE) SquadExpansion/MakingHistory/Nodes/Distance/Distance
[LOG 19:14:30.309] Config(MEBASICNODE) SquadExpansion/MakingHistory/Nodes/EmptyFalse/EmptyFalse
[LOG 19:14:30.309] Config(MEBASICNODE) SquadExpansion/MakingHistory/Nodes/EmptyTrue/EmptyTrue
[LOG 19:14:30.309] Config(MEBASICNODE) SquadExpansion/MakingHistory/Nodes/EscapeSOI/SOILeft
[LOG 19:14:30.309] Config(MEBASICNODE) SquadExpansion/MakingHistory/Nodes/EVA/EVA
[LOG 19:14:30.309] Config(MEBASICNODE) SquadExpansion/MakingHistory/Nodes/Flying/Flying
[LOG 19:14:30.309] Config(MEBASICNODE) SquadExpansion/MakingHistory/Nodes/FundsRecovery/FundsRecovery
[LOG 19:14:30.309] Config(MEBASICNODE) SquadExpansion/MakingHistory/Nodes/KerbalBoarded/TestKerbalBoarded
[LOG 19:14:30.309] Config(MEBASICNODE) SquadExpansion/MakingHistory/Nodes/KerbalKilled/EVA
[LOG 19:14:30.309] Config(MEBASICNODE) SquadExpansion/MakingHistory/Nodes/KerbalRecovery/KerbalRecovery
[LOG 19:14:30.309] Config(MEBASICNODE) SquadExpansion/MakingHistory/Nodes/KerbalRescue/KerbalRescue
[LOG 19:14:30.309] Config(MEBASICNODE) SquadExpansion/MakingHistory/Nodes/Landed/Landed
[LOG 19:14:30.309] Config(MEBASICNODE) SquadExpansion/MakingHistory/Nodes/Message/Message
[LOG 19:14:30.309] Config(MEBASICNODE) SquadExpansion/MakingHistory/Nodes/MissionFunds/MissionFunds
[LOG 19:14:30.309] Config(MEBASICNODE) SquadExpansion/MakingHistory/Nodes/MissionScore/MissionScore
[LOG 19:14:30.309] Config(MEBASICNODE) SquadExpansion/MakingHistory/Nodes/Orbit/Orbit
[LOG 19:14:30.309] Config(MEBASICNODE) SquadExpansion/MakingHistory/Nodes/OrbitParams/OrbitParams
[LOG 19:14:30.309] Config(MEBASICNODE) SquadExpansion/MakingHistory/Nodes/PartDocking/TestPartDocking
[LOG 19:14:30.309] Config(MEBASICNODE) SquadExpansion/MakingHistory/Nodes/PartFailure/PartFailure
[LOG 19:14:30.309] Config(MEBASICNODE) SquadExpansion/MakingHistory/Nodes/PartGrapple/TestGrapple
[LOG 19:14:30.309] Config(MEBASICNODE) SquadExpansion/MakingHistory/Nodes/PartRepair/PartRepair
[LOG 19:14:30.309] Config(MEBASICNODE) SquadExpansion/MakingHistory/Nodes/PlaceKerbal/CreateKerbal
[LOG 19:14:30.309] Config(MEBASICNODE) SquadExpansion/MakingHistory/Nodes/PlantFlag/PlantFlag
[LOG 19:14:30.309] Config(MEBASICNODE) SquadExpansion/MakingHistory/Nodes/ReachSOI/ReachSOI
[LOG 19:14:30.309] Config(MEBASICNODE) SquadExpansion/MakingHistory/Nodes/Resource/ResourceAmount
[LOG 19:14:30.309] Config(MEBASICNODE) SquadExpansion/MakingHistory/Nodes/ResourceRecovery/TestResourcesRecovery
[LOG 19:14:30.310] Config(MEBASICNODE) SquadExpansion/MakingHistory/Nodes/ScienceExperiment/ScienceExperiment
[LOG 19:14:30.310] Config(MEBASICNODE) SquadExpansion/MakingHistory/Nodes/SetCamera/SetCamera
[LOG 19:14:30.310] Config(MEBASICNODE) SquadExpansion/MakingHistory/Nodes/SplashDown/SplashDown
[LOG 19:14:30.310] Config(MEBASICNODE) SquadExpansion/MakingHistory/Nodes/StageActivated/TestVesselStageActivated
[LOG 19:14:30.310] Config(MEBASICNODE) SquadExpansion/MakingHistory/Nodes/TakeKerbal/TestTakeKerbal
[LOG 19:14:30.310] Config(MEBASICNODE) SquadExpansion/MakingHistory/Nodes/TestFlyThrough/TestFlyThrough
[LOG 19:14:30.310] Config(MEBASICNODE) SquadExpansion/MakingHistory/Nodes/TestGoTo/TestGoTo
[LOG 19:14:30.310] Config(MEBASICNODE) SquadExpansion/MakingHistory/Nodes/TimeMET/TimeMET
[LOG 19:14:30.310] Config(MEBASICNODE) SquadExpansion/MakingHistory/Nodes/TimeOfMission/TimeOfMission
[LOG 19:14:30.310] Config(MEBASICNODE) SquadExpansion/MakingHistory/Nodes/TimeSinceNode/TestTimeSinceNode
[LOG 19:14:30.310] Config(MEBASICNODE) SquadExpansion/MakingHistory/Nodes/VesselActiveCount/TestVesselActiveCount
[LOG 19:14:30.310] Config(MEBASICNODE) SquadExpansion/MakingHistory/Nodes/VesselAltitudeGoal/VesselAltitudeGoal
[LOG 19:14:30.310] Config(MEBASICNODE) SquadExpansion/MakingHistory/Nodes/VesselCrewCount/VeselCrewCount
[LOG 19:14:30.310] Config(MEBASICNODE) SquadExpansion/MakingHistory/Nodes/VesselMassLogic/VesselMass
[LOG 19:14:30.310] Config(MEBASICNODE) SquadExpansion/MakingHistory/Nodes/VesselPartCount/PartCount
[LOG 19:14:30.310] Config(MEBASICNODE) SquadExpansion/MakingHistory/Nodes/VesselRecovery/TestVesselRecovery
[LOG 19:14:30.310] Config(MEBASICNODE) SquadExpansion/MakingHistory/Nodes/VesselStage/TestVesselStage
[LOG 19:14:30.310] Config(MEBASICNODE) SquadExpansion/MakingHistory/Nodes/VesselVelocity/VesselVelocity
[LOG 19:14:30.310] Config(PART) SquadExpansion/MakingHistory/Parts/Aero/protectiveRocketNoseMk16/rocketNoseCone_size4/rocketNoseConeSize4
[LOG 19:14:30.310] Config(PART) SquadExpansion/MakingHistory/Parts/Aero/protectiveRocketNoseMk5A/Size_1_5_Cone/Size_1_5_Cone
[LOG 19:14:30.310] Config(PART) SquadExpansion/MakingHistory/Parts/Coupling/Decoupler_1p5/Decoupler_1p5
[LOG 19:14:30.310] Config(PART) SquadExpansion/MakingHistory/Parts/Coupling/Decoupler_4/Decoupler_4
[LOG 19:14:30.310] Config(PART) SquadExpansion/MakingHistory/Parts/Coupling/EnginePlate_1p5/EnginePlate1p5
[LOG 19:14:30.310] Config(PART) SquadExpansion/MakingHistory/Parts/Coupling/EnginePlate_2/EnginePlate2
[LOG 19:14:30.311] Config(PART) SquadExpansion/MakingHistory/Parts/Coupling/EnginePlate_3/EnginePlate3
[LOG 19:14:30.311] Config(PART) SquadExpansion/MakingHistory/Parts/Coupling/EnginePlate_4/EnginePlate4
[LOG 19:14:30.311] Config(PART) SquadExpansion/MakingHistory/Parts/Coupling/EnginePlate_5/EnginePlate5
[LOG 19:14:30.311] Config(PART) SquadExpansion/MakingHistory/Parts/Coupling/InflatableAirlock/InflatableAirlock
[LOG 19:14:30.311] Config(PART) SquadExpansion/MakingHistory/Parts/Coupling/Separator_1p5/Separator_1p5
[LOG 19:14:30.311] Config(PART) SquadExpansion/MakingHistory/Parts/Coupling/Separator_4/Separator_4
[LOG 19:14:30.311] Config(PART) SquadExpansion/MakingHistory/Parts/Coupling/Size1p5_Strut_Decoupler/Size1p5_Strut_Decoupler
[LOG 19:14:30.311] Config(PART) SquadExpansion/MakingHistory/Parts/Engine/LiquidEngineKE-1/LiquidEngineKE-1
[LOG 19:14:30.311] Config(PART) SquadExpansion/MakingHistory/Parts/Engine/LiquidEngineLV-T91/LiquidEngineLV-T91
[LOG 19:14:30.311] Config(PART) SquadExpansion/MakingHistory/Parts/Engine/LiquidEngineLV-TX87/LiquidEngineLV-TX87
[LOG 19:14:30.311] Config(PART) SquadExpansion/MakingHistory/Parts/Engine/LiquidEngineRE-I2/LiquidEngineRE-I2
[LOG 19:14:30.311] Config(PART) SquadExpansion/MakingHistory/Parts/Engine/LiquidEngineRE-J10/LiquidEngineRE-J10
[LOG 19:14:30.311] Config(PART) SquadExpansion/MakingHistory/Parts/Engine/LiquidEngineRK-7/LiquidEngineRK-7
[LOG 19:14:30.311] Config(PART) SquadExpansion/MakingHistory/Parts/Engine/LiquidEngineRV-1/LiquidEngineRV-1
[LOG 19:14:30.311] Config(PART) SquadExpansion/MakingHistory/Parts/Engine/solidBoosterTHK/solidBoosterTHK/Pollux
[LOG 19:14:30.311] Config(PART) SquadExpansion/MakingHistory/Parts/FuelTank/MonoPropMini/monopropMiniSphere
[LOG 19:14:30.311] Config(PART) SquadExpansion/MakingHistory/Parts/FuelTank/Size1p5_Monoprop/Size1p5_Monoprop
[LOG 19:14:30.311] Config(PART) SquadExpansion/MakingHistory/Parts/FuelTank/Size1p5_Size0_Adapter_01/Size1p5_Size0_Adapter_01
[LOG 19:14:30.311] Config(PART) SquadExpansion/MakingHistory/Parts/FuelTank/Size1p5_Size1_Adapter_01/Size1p5_Size1_Adapter_01
[LOG 19:14:30.311] Config(PART) SquadExpansion/MakingHistory/Parts/FuelTank/Size1p5_Size1_Adapter_02/Size1p5_Size1_Adapter_02
[LOG 19:14:30.311] Config(PART) SquadExpansion/MakingHistory/Parts/FuelTank/Size1p5_Size2_Adapter_01/Size1p5_Size2_Adapter_01
[LOG 19:14:30.311] Config(PART) SquadExpansion/MakingHistory/Parts/FuelTank/Size1p5_Tank_01/Size1p5_Tank_01
[LOG 19:14:30.312] Config(PART) SquadExpansion/MakingHistory/Parts/FuelTank/Size1p5_Tank_02/Size1p5_Tank_02
[LOG 19:14:30.312] Config(PART) SquadExpansion/MakingHistory/Parts/FuelTank/Size1p5_Tank_03/Size1p5_Tank_03
[LOG 19:14:30.312] Config(PART) SquadExpansion/MakingHistory/Parts/FuelTank/Size1p5_Tank_04/Size1p5_Tank_04
[LOG 19:14:30.312] Config(PART) SquadExpansion/MakingHistory/Parts/FuelTank/Size1p5_Tank_05/Size1p5_Tank_05
[LOG 19:14:30.312] Config(PART) SquadExpansion/MakingHistory/Parts/FuelTank/Size3_Size4_Adapter_01/Size3_Size4_Adapter_01
[LOG 19:14:30.312] Config(PART) SquadExpansion/MakingHistory/Parts/FuelTank/Size4_EngineAdapter_01/Size4_EngineAdapter_01
[LOG 19:14:30.312] Config(PART) SquadExpansion/MakingHistory/Parts/FuelTank/Size4_Tank_01/Size4_Tank_01
[LOG 19:14:30.312] Config(PART) SquadExpansion/MakingHistory/Parts/FuelTank/Size4_Tank_02/Size4_Tank_02
[LOG 19:14:30.312] Config(PART) SquadExpansion/MakingHistory/Parts/FuelTank/Size4_Tank_03/Size4_Tank_03
[LOG 19:14:30.312] Config(PART) SquadExpansion/MakingHistory/Parts/FuelTank/Size4_Tank_04/Size4_Tank_04
[LOG 19:14:30.312] Config(PART) SquadExpansion/MakingHistory/Parts/Ground/RoverWheel/roverWheelM1-F
[LOG 19:14:30.312] Config(PART) SquadExpansion/MakingHistory/Parts/Payload/fairingSize1p5/fairingSize1p5
[LOG 19:14:30.312] Config(PART) SquadExpansion/MakingHistory/Parts/Payload/fairingSize4/fairingSize4
[LOG 19:14:30.312] Config(PART) SquadExpansion/MakingHistory/Parts/Payload/Size1to0ServiceModule/Size1to0ServiceModule
[LOG 19:14:30.312] Config(PART) SquadExpansion/MakingHistory/Parts/Payload/SM18/ServiceModule18
[LOG 19:14:30.312] Config(PART) SquadExpansion/MakingHistory/Parts/Payload/SM25/ServiceModule25
[LOG 19:14:30.312] Config(PART) SquadExpansion/MakingHistory/Parts/Pods/KV1Pod/kv1Pod
[LOG 19:14:30.312] Config(PART) SquadExpansion/MakingHistory/Parts/Pods/KV2Pod/kv2Pod
[LOG 19:14:30.312] Config(PART) SquadExpansion/MakingHistory/Parts/Pods/KV3Pod/kv3Pod
[LOG 19:14:30.312] Config(PART) SquadExpansion/MakingHistory/Parts/Pods/Mk2Pod/Mk2Pod
[LOG 19:14:30.312] Config(PART) SquadExpansion/MakingHistory/Parts/Pods/Size1_5_Lander/MEMLander
[LOG 19:14:30.312] Config(PART) SquadExpansion/MakingHistory/Parts/Prebuilt/kerbalEVAfemaleVintage/kerbalEVAfemaleVintage
[LOG 19:14:30.312] Config(PART) SquadExpansion/MakingHistory/Parts/Prebuilt/kerbalEVAVintage/kerbalEVAVintage
[LOG 19:14:30.313] Config(PART) SquadExpansion/MakingHistory/Parts/Structural/EquiTriangle0/EquiTriangle0
[LOG 19:14:30.313] Config(PART) SquadExpansion/MakingHistory/Parts/Structural/EquiTriangle1/EquiTriangle1
[LOG 19:14:30.313] Config(PART) SquadExpansion/MakingHistory/Parts/Structural/EquiTriangle1p5/EquiTriangle1p5
[LOG 19:14:30.313] Config(PART) SquadExpansion/MakingHistory/Parts/Structural/EquiTriangle2/EquiTriangle2
[LOG 19:14:30.313] Config(PART) SquadExpansion/MakingHistory/Parts/Structural/Panel0/Panel0
[LOG 19:14:30.313] Config(PART) SquadExpansion/MakingHistory/Parts/Structural/Panel1/Panel1
[LOG 19:14:30.313] Config(PART) SquadExpansion/MakingHistory/Parts/Structural/Panel1p5/Panel1p5
[LOG 19:14:30.313] Config(PART) SquadExpansion/MakingHistory/Parts/Structural/Panel2/Panel2
[LOG 19:14:30.313] Config(PART) SquadExpansion/MakingHistory/Parts/Structural/Triangle0/Triangle0
[LOG 19:14:30.313] Config(PART) SquadExpansion/MakingHistory/Parts/Structural/Triangle1/Triangle1
[LOG 19:14:30.313] Config(PART) SquadExpansion/MakingHistory/Parts/Structural/Triangle1p5/Triangle1p5
[LOG 19:14:30.313] Config(PART) SquadExpansion/MakingHistory/Parts/Structural/Triangle2/Triangle2
[LOG 19:14:30.313] Config(PART) SquadExpansion/MakingHistory/Parts/Structural/Tube1/Tube1
[LOG 19:14:30.313] Config(PART) SquadExpansion/MakingHistory/Parts/Structural/Tube1p5/Tube1p5
[LOG 19:14:30.313] Config(PART) SquadExpansion/MakingHistory/Parts/Structural/Tube2/Tube2
[LOG 19:14:30.313] Config(PART) SquadExpansion/MakingHistory/Parts/Structural/Tube3/Tube3
[LOG 19:14:30.313] Config(PART) SquadExpansion/MakingHistory/Parts/Structural/Tube4/Tube4
[LOG 19:14:30.313] Config(PART) SquadExpansion/MakingHistory/Parts/Thermal/HeatShield1p5/HeatShield1p5
[LOG 19:14:30.314] Config(PART) SquadExpansion/MakingHistory/Parts/Utility/flags/flagSize1p5/flagSize1p5/flagPartSize1p5
[LOG 19:14:30.314] Config(PART) SquadExpansion/MakingHistory/Parts/Utility/flags/flagSize4/flagSize4/flagPartSize4
[LOG 19:14:30.314] Config(INTERNAL) SquadExpansion/MakingHistory/Spaces/KVPods/Airlock_Internal/Airlock_IVA
[LOG 19:14:30.314] Config(INTERNAL) SquadExpansion/MakingHistory/Spaces/KVPods/KV1_Internal/KV1_IVA
[LOG 19:14:30.314] Config(INTERNAL) SquadExpansion/MakingHistory/Spaces/KVPods/KV2_Internal/KV2_IVA
[LOG 19:14:30.314] Config(INTERNAL) SquadExpansion/MakingHistory/Spaces/KVPods/KV3_Internal/KV3_IVA
[LOG 19:14:30.314] Config(INTERNAL) SquadExpansion/MakingHistory/Spaces/MEM/MEM_IVA/MEM_IVA
[LOG 19:14:30.314] Config(INTERNAL) SquadExpansion/MakingHistory/Spaces/Mk2Pod/Mk2Pod_Internal/MK2POD_IVA
[LOG 19:14:30.314] Config(Contracts) SquadExpansion/Serenity/Contracts/contracts/Contracts
[LOG 19:14:30.314] Config(EXPERIENCE_TRAIT) SquadExpansion/Serenity/Experience/Traits/Engineer
[LOG 19:14:30.314] Config(EXPERIENCE_TRAIT) SquadExpansion/Serenity/Experience/Traits/Scientist
[LOG 19:14:30.314] Config(Localization) SquadExpansion/Serenity/Localization/dictionary/Localization
[LOG 19:14:30.314] Config(PART) SquadExpansion/Serenity/Parts/Aero/FanShroud_01/FanShroud_01
[LOG 19:14:30.314] Config(PART) SquadExpansion/Serenity/Parts/Aero/FanShroud_02/FanShroud_02
[LOG 19:14:30.314] Config(PART) SquadExpansion/Serenity/Parts/Aero/FanShroud_03/FanShroud_03
[LOG 19:14:30.314] Config(PART) SquadExpansion/Serenity/Parts/Aero/noseconeTiny/noseconeTiny
[LOG 19:14:30.314] Config(PART) SquadExpansion/Serenity/Parts/Aero/noseconeVS/noseconeVS
[LOG 19:14:30.314] Config(PART) SquadExpansion/Serenity/Parts/DeployedScience/centralStation/DeployedCentralStation
[LOG 19:14:30.314] Config(PART) SquadExpansion/Serenity/Parts/DeployedScience/gooObservation/DeployedGoExOb
[LOG 19:14:30.314] Config(PART) SquadExpansion/Serenity/Parts/DeployedScience/ionCollector/DeployedIONExp
[LOG 19:14:30.314] Config(PART) SquadExpansion/Serenity/Parts/DeployedScience/rtg/DeployedRTG
[LOG 19:14:30.315] Config(PART) SquadExpansion/Serenity/Parts/DeployedScience/satDish/DeployedSatDish
[LOG 19:14:30.315] Config(PART) SquadExpansion/Serenity/Parts/DeployedScience/seismicSensor/DeployedSeismicSensor
[LOG 19:14:30.315] Config(PART) SquadExpansion/Serenity/Parts/DeployedScience/solarPanel/DeployedSolarPanel
[LOG 19:14:30.315] Config(PART) SquadExpansion/Serenity/Parts/DeployedScience/weatherStation/DeployedWeatherStn
[LOG 19:14:30.315] Config(PART) SquadExpansion/Serenity/Parts/Prebuilt/kerbalEVA/kerbalEVA
[LOG 19:14:30.315] Config(PART) SquadExpansion/Serenity/Parts/Prebuilt/kerbalEVAfemale/kerbalEVAfemale
[LOG 19:14:30.315] Config(PART) SquadExpansion/Serenity/Parts/Prebuilt/kerbalEVAfemaleFuture/kerbalEVAfemaleFuture
[LOG 19:14:30.315] Config(PART) SquadExpansion/Serenity/Parts/Prebuilt/kerbalEVAfemaleVintage/kerbalEVAfemaleVintage
[LOG 19:14:30.315] Config(PART) SquadExpansion/Serenity/Parts/Prebuilt/kerbalEVAFuture/kerbalEVAFuture
[LOG 19:14:30.315] Config(PART) SquadExpansion/Serenity/Parts/Prebuilt/kerbalEVASlimSuit/kerbalEVASlimSuit
[LOG 19:14:30.315] Config(PART) SquadExpansion/Serenity/Parts/Prebuilt/kerbalEVASlimSuitFemale/kerbalEVASlimSuitFemale
[LOG 19:14:30.315] Config(PART) SquadExpansion/Serenity/Parts/Prebuilt/kerbalEVAVintage/kerbalEVAVintage
[LOG 19:14:30.315] Config(PART) SquadExpansion/Serenity/Parts/Propellers/largeFanBlade/largeFanBlade
[LOG 19:14:30.315] Config(PART) SquadExpansion/Serenity/Parts/Propellers/largeHeliBlade/largeHeliBlade
[LOG 19:14:30.315] Config(PART) SquadExpansion/Serenity/Parts/Propellers/largePropeller/largePropeller
[LOG 19:14:30.315] Config(PART) SquadExpansion/Serenity/Parts/Propellers/mediumFanBlade/mediumFanBlade
[LOG 19:14:30.315] Config(PART) SquadExpansion/Serenity/Parts/Propellers/mediumHeliBlade/mediumHeliBlade
[LOG 19:14:30.315] Config(PART) SquadExpansion/Serenity/Parts/Propellers/mediumPropeller/mediumPropeller
[LOG 19:14:30.315] Config(PART) SquadExpansion/Serenity/Parts/Propellers/smallFanBlade/smallFanBlade
[LOG 19:14:30.315] Config(PART) SquadExpansion/Serenity/Parts/Propellers/smallHeliBlade/smallHeliBlade
[LOG 19:14:30.315] Config(PART) SquadExpansion/Serenity/Parts/Propellers/smallPropeller/smallPropeller
[LOG 19:14:30.315] Config(PART) SquadExpansion/Serenity/Parts/Robotics/hinge_01/hinge_01
[LOG 19:14:30.315] Config(PART) SquadExpansion/Serenity/Parts/Robotics/hinge_01_s/hinge_01_s
[LOG 19:14:30.315] Config(PART) SquadExpansion/Serenity/Parts/Robotics/hinge_03/hinge_03
[LOG 19:14:30.316] Config(PART) SquadExpansion/Serenity/Parts/Robotics/hinge_03_s/hinge_03_s
[LOG 19:14:30.316] Config(PART) SquadExpansion/Serenity/Parts/Robotics/hinge_04/hinge_04
[LOG 19:14:30.316] Config(PART) SquadExpansion/Serenity/Parts/Robotics/piston_01/piston_01
[LOG 19:14:30.316] Config(PART) SquadExpansion/Serenity/Parts/Robotics/piston_02/piston_02
[LOG 19:14:30.316] Config(PART) SquadExpansion/Serenity/Parts/Robotics/piston_03/piston_03
[LOG 19:14:30.316] Config(PART) SquadExpansion/Serenity/Parts/Robotics/piston_04/piston_04
[LOG 19:14:30.316] Config(PART) SquadExpansion/Serenity/Parts/Robotics/RotorEngine_02/RotorEngine_02
[LOG 19:14:30.316] Config(PART) SquadExpansion/Serenity/Parts/Robotics/RotorEngine_03/RotorEngine_03
[LOG 19:14:30.316] Config(PART) SquadExpansion/Serenity/Parts/Robotics/rotor_01/rotor_01
[LOG 19:14:30.316] Config(PART) SquadExpansion/Serenity/Parts/Robotics/rotor_01s/rotor_01s
[LOG 19:14:30.316] Config(PART) SquadExpansion/Serenity/Parts/Robotics/rotor_02/rotor_02
[LOG 19:14:30.316] Config(PART) SquadExpansion/Serenity/Parts/Robotics/rotor_02s/rotor_02s
[LOG 19:14:30.316] Config(PART) SquadExpansion/Serenity/Parts/Robotics/rotor_03/rotor_03
[LOG 19:14:30.316] Config(PART) SquadExpansion/Serenity/Parts/Robotics/rotor_03s/rotor_03s
[LOG 19:14:30.317] Config(PART) SquadExpansion/Serenity/Parts/Robotics/rotoServo_00/rotoServo_00
[LOG 19:14:30.317] Config(PART) SquadExpansion/Serenity/Parts/Robotics/rotoServo_02/rotoServo_02
[LOG 19:14:30.317] Config(PART) SquadExpansion/Serenity/Parts/Robotics/rotoServo_03/rotoServo_03
[LOG 19:14:30.317] Config(PART) SquadExpansion/Serenity/Parts/Robotics/rotoServo_04/rotoServo_04
[LOG 19:14:30.317] Config(PART) SquadExpansion/Serenity/Parts/Robotics/Controllers/KAL1000/controller1000
[LOG 19:14:30.317] Config(PART) SquadExpansion/Serenity/Parts/Science/RobotArmScanner/RobotArmScanner_S1/RobotArmScanner_S1
[LOG 19:14:30.317] Config(PART) SquadExpansion/Serenity/Parts/Science/RobotArmScanner/RobotArmScanner_S2/RobotArmScanner_S2
[LOG 19:14:30.317] Config(PART) SquadExpansion/Serenity/Parts/Science/RobotArmScanner/RobotArmScanner_S3/RobotArmScanner_S3
[LOG 19:14:30.317] Config(PART) SquadExpansion/Serenity/Parts/Structural/gripPads/lGripPad/lGripPad
[LOG 19:14:30.317] Config(PART) SquadExpansion/Serenity/Parts/Structural/gripPads/lGripStrip/lGripStrip
[LOG 19:14:30.317] Config(PART) SquadExpansion/Serenity/Parts/Structural/gripPads/mGripPad/mGripPad
[LOG 19:14:30.317] Config(PART) SquadExpansion/Serenity/Parts/Structural/gripPads/sGripPad/sGripPad
[LOG 19:14:30.318] Config(PART) SquadExpansion/Serenity/Parts/Structural/gripPads/sGripStrip/sGripStrip
[LOG 19:14:30.318] Config(DEPLOYEDSCIENCE) SquadExpansion/Serenity/Resources/DeployedScience/DEPLOYEDSCIENCE
[LOG 19:14:30.318] Config(PHYSICMATERIAL_DEFINITION) SquadExpansion/Serenity/Resources/PhysicsMaterials/MediumGrip
[LOG 19:14:30.318] Config(PHYSICMATERIAL_DEFINITION) SquadExpansion/Serenity/Resources/PhysicsMaterials/HighGrip
[LOG 19:14:30.318] Config(PHYSICMATERIAL_DEFINITION) SquadExpansion/Serenity/Resources/PhysicsMaterials/ExtremeGrip
[LOG 19:14:30.318] Config(PHYSICMATERIAL_DEFINITION) SquadExpansion/Serenity/Resources/PhysicsMaterials/LowGrip
[LOG 19:14:30.318] Config(PHYSICMATERIAL_DEFINITION) SquadExpansion/Serenity/Resources/PhysicsMaterials/Default
[LOG 19:14:30.318] Config(ROC_DEFINITION) SquadExpansion/Serenity/Resources/rocsdef/ROC_DEFINITION
[LOG 19:14:30.318] Config(ROC_DEFINITION) SquadExpansion/Serenity/Resources/rocsdef/ROC_DEFINITION
[LOG 19:14:30.318] Config(ROC_DEFINITION) SquadExpansion/Serenity/Resources/rocsdef/ROC_DEFINITION
[LOG 19:14:30.318] Config(ROC_DEFINITION) SquadExpansion/Serenity/Resources/rocsdef/ROC_DEFINITION
[LOG 19:14:30.318] Config(ROC_DEFINITION) SquadExpansion/Serenity/Resources/rocsdef/ROC_DEFINITION
[LOG 19:14:30.318] Config(ROC_DEFINITION) SquadExpansion/Serenity/Resources/rocsdef/ROC_DEFINITION
[LOG 19:14:30.318] Config(ROC_DEFINITION) SquadExpansion/Serenity/Resources/rocsdef/ROC_DEFINITION
[LOG 19:14:30.318] Config(ROC_DEFINITION) SquadExpansion/Serenity/Resources/rocsdef/ROC_DEFINITION
[LOG 19:14:30.318] Config(ROC_DEFINITION) SquadExpansion/Serenity/Resources/rocsdef/ROC_DEFINITION
[LOG 19:14:30.318] Config(ROC_DEFINITION) SquadExpansion/Serenity/Resources/rocsdef/ROC_DEFINITION
[LOG 19:14:30.319] Config(ROC_DEFINITION) SquadExpansion/Serenity/Resources/rocsdef/ROC_DEFINITION
[LOG 19:14:30.319] Config(ROC_DEFINITION) SquadExpansion/Serenity/Resources/rocsdef/ROC_DEFINITION
[LOG 19:14:30.319] Config(ROC_DEFINITION) SquadExpansion/Serenity/Resources/rocsdef/ROC_DEFINITION
[LOG 19:14:30.319] Config(ROC_DEFINITION) SquadExpansion/Serenity/Resources/rocsdef/ROC_DEFINITION
[LOG 19:14:30.319] Config(ROC_DEFINITION) SquadExpansion/Serenity/Resources/rocsdef/ROC_DEFINITION
[LOG 19:14:30.319] Config(ROC_DEFINITION) SquadExpansion/Serenity/Resources/rocsdef/ROC_DEFINITION
[LOG 19:14:30.319] Config(ROC_DEFINITION) SquadExpansion/Serenity/Resources/rocsdef/ROC_DEFINITION
[LOG 19:14:30.319] Config(ROC_DEFINITION) SquadExpansion/Serenity/Resources/rocsdef/ROC_DEFINITION
[LOG 19:14:30.319] Config(ROC_DEFINITION) SquadExpansion/Serenity/Resources/rocsdef/ROC_DEFINITION
[LOG 19:14:30.319] Config(ROC_DEFINITION) SquadExpansion/Serenity/Resources/rocsdef/ROC_DEFINITION
[LOG 19:14:30.319] Config(ROC_DEFINITION) SquadExpansion/Serenity/Resources/rocsdef/ROC_DEFINITION
[LOG 19:14:30.319] Config(ROC_DEFINITION) SquadExpansion/Serenity/Resources/rocsdef/ROC_DEFINITION
[LOG 19:14:30.319] Config(ROC_DEFINITION) SquadExpansion/Serenity/Resources/rocsdef/ROC_DEFINITION
[LOG 19:14:30.319] Config(ROC_DEFINITION) SquadExpansion/Serenity/Resources/rocsdef/ROC_DEFINITION
[LOG 19:14:30.319] Config(ROC_DEFINITION) SquadExpansion/Serenity/Resources/rocsdef/ROC_DEFINITION
[LOG 19:14:30.319] Config(ROC_DEFINITION) SquadExpansion/Serenity/Resources/rocsdef/ROC_DEFINITION
[LOG 19:14:30.319] Config(ROC_DEFINITION) SquadExpansion/Serenity/Resources/rocsdef/ROC_DEFINITION
[LOG 19:14:30.319] Config(ROC_DEFINITION) SquadExpansion/Serenity/Resources/rocsdef/ROC_DEFINITION
[LOG 19:14:30.320] Config(ROC_DEFINITION) SquadExpansion/Serenity/Resources/rocsdef/ROC_DEFINITION
[LOG 19:14:30.320] Config(ROC_DEFINITION) SquadExpansion/Serenity/Resources/rocsdef/ROC_DEFINITION
[LOG 19:14:30.320] Config(ROC_DEFINITION) SquadExpansion/Serenity/Resources/rocsdef/ROC_DEFINITION
[LOG 19:14:30.320] Config(ROC_DEFINITION) SquadExpansion/Serenity/Resources/rocsdef/ROC_DEFINITION
[LOG 19:14:30.320] Config(ROC_DEFINITION) SquadExpansion/Serenity/Resources/rocsdef/ROC_DEFINITION
[LOG 19:14:30.320] Config(ROC_DEFINITION) SquadExpansion/Serenity/Resources/rocsdef/ROC_DEFINITION
[LOG 19:14:30.320] Config(EXPERIMENT_DEFINITION) SquadExpansion/Serenity/Resources/ScienceDefs/EXPERIMENT_DEFINITION
[LOG 19:14:30.320] Config(EXPERIMENT_DEFINITION) SquadExpansion/Serenity/Resources/ScienceDefs/EXPERIMENT_DEFINITION
[LOG 19:14:30.320] Config(EXPERIMENT_DEFINITION) SquadExpansion/Serenity/Resources/ScienceDefs/EXPERIMENT_DEFINITION
[LOG 19:14:30.320] Config(EXPERIMENT_DEFINITION) SquadExpansion/Serenity/Resources/ScienceDefs/EXPERIMENT_DEFINITION
[LOG 19:14:30.320] Config(EXPERIMENT_DEFINITION) SquadExpansion/Serenity/Resources/ScienceDefs/EXPERIMENT_DEFINITION
[LOG 19:14:30.320] Config(EXPERIMENT_DEFINITION) SquadExpansion/Serenity/Resources/ScienceDefs/EXPERIMENT_DEFINITION
[LOG 19:14:30.320] Config(EXPERIMENT_DEFINITION) SquadExpansion/Serenity/Resources/ScienceDefs/EXPERIMENT_DEFINITION
[LOG 19:14:30.320] Config(EXPERIMENT_DEFINITION) SquadExpansion/Serenity/Resources/ScienceDefs/EXPERIMENT_DEFINITION
[LOG 19:14:30.320] Config(EXPERIMENT_DEFINITION) SquadExpansion/Serenity/Resources/ScienceDefs/EXPERIMENT_DEFINITION
[LOG 19:14:30.320] Config(EXPERIMENT_DEFINITION) SquadExpansion/Serenity/Resources/ScienceDefs/EXPERIMENT_DEFINITION
[LOG 19:14:30.320] Config(EXPERIMENT_DEFINITION) SquadExpansion/Serenity/Resources/ScienceDefs/EXPERIMENT_DEFINITION
[LOG 19:14:30.320] Config(EXPERIMENT_DEFINITION) SquadExpansion/Serenity/Resources/ScienceDefs/EXPERIMENT_DEFINITION
[LOG 19:14:30.320] Config(EXPERIMENT_DEFINITION) SquadExpansion/Serenity/Resources/ScienceDefs/EXPERIMENT_DEFINITION
[LOG 19:14:30.320] Config(EXPERIMENT_DEFINITION) SquadExpansion/Serenity/Resources/ScienceDefs/EXPERIMENT_DEFINITION
[LOG 19:14:30.320] Config(EXPERIMENT_DEFINITION) SquadExpansion/Serenity/Resources/ScienceDefs/EXPERIMENT_DEFINITION
[LOG 19:14:30.320] Config(EXPERIMENT_DEFINITION) SquadExpansion/Serenity/Resources/ScienceDefs/EXPERIMENT_DEFINITION
[LOG 19:14:30.320] Config(EXPERIMENT_DEFINITION) SquadExpansion/Serenity/Resources/ScienceDefs/EXPERIMENT_DEFINITION
[LOG 19:14:30.320] Config(EXPERIMENT_DEFINITION) SquadExpansion/Serenity/Resources/ScienceDefs/EXPERIMENT_DEFINITION
[LOG 19:14:30.321] Config(EXPERIMENT_DEFINITION) SquadExpansion/Serenity/Resources/ScienceDefs/EXPERIMENT_DEFINITION
[LOG 19:14:30.321] Config(EXPERIMENT_DEFINITION) SquadExpansion/Serenity/Resources/ScienceDefs/EXPERIMENT_DEFINITION
[LOG 19:14:30.321] Config(EXPERIMENT_DEFINITION) SquadExpansion/Serenity/Resources/ScienceDefs/EXPERIMENT_DEFINITION
[LOG 19:14:30.321] Config(EXPERIMENT_DEFINITION) SquadExpansion/Serenity/Resources/ScienceDefs/EXPERIMENT_DEFINITION
[LOG 19:14:30.321] Config(EXPERIMENT_DEFINITION) SquadExpansion/Serenity/Resources/ScienceDefs/EXPERIMENT_DEFINITION
[LOG 19:14:30.321] Config(EXPERIMENT_DEFINITION) SquadExpansion/Serenity/Resources/ScienceDefs/EXPERIMENT_DEFINITION
[LOG 19:14:30.321] Config(EXPERIMENT_DEFINITION) SquadExpansion/Serenity/Resources/ScienceDefs/EXPERIMENT_DEFINITION
[LOG 19:14:30.321] Config(EXPERIMENT_DEFINITION) SquadExpansion/Serenity/Resources/ScienceDefs/EXPERIMENT_DEFINITION
[LOG 19:14:30.321] Config(EXPERIMENT_DEFINITION) SquadExpansion/Serenity/Resources/ScienceDefs/EXPERIMENT_DEFINITION
[LOG 19:14:30.321] Config(EXPERIMENT_DEFINITION) SquadExpansion/Serenity/Resources/ScienceDefs/EXPERIMENT_DEFINITION
[LOG 19:14:30.321] Config(EXPERIMENT_DEFINITION) SquadExpansion/Serenity/Resources/ScienceDefs/EXPERIMENT_DEFINITION
[LOG 19:14:30.321] Config(EXPERIMENT_DEFINITION) SquadExpansion/Serenity/Resources/ScienceDefs/EXPERIMENT_DEFINITION
[LOG 19:14:30.321] Config(EXPERIMENT_DEFINITION) SquadExpansion/Serenity/Resources/ScienceDefs/EXPERIMENT_DEFINITION
[LOG 19:14:30.321] Config(EXPERIMENT_DEFINITION) SquadExpansion/Serenity/Resources/ScienceDefs/EXPERIMENT_DEFINITION
[LOG 19:14:30.321] Config(EXPERIMENT_DEFINITION) SquadExpansion/Serenity/Resources/ScienceDefs/EXPERIMENT_DEFINITION
[LOG 19:14:30.321] Config(EXPERIMENT_DEFINITION) SquadExpansion/Serenity/Resources/ScienceDefs/EXPERIMENT_DEFINITION
[LOG 19:14:30.321] Config(EXPERIMENT_DEFINITION) SquadExpansion/Serenity/Resources/ScienceDefs/EXPERIMENT_DEFINITION
[LOG 19:14:30.321] Config(EXPERIMENT_DEFINITION) SquadExpansion/Serenity/Resources/ScienceDefs/EXPERIMENT_DEFINITION
[LOG 19:14:30.321] Config(EXPERIMENT_DEFINITION) SquadExpansion/Serenity/Resources/ScienceDefs/EXPERIMENT_DEFINITION
[LOG 19:14:30.321] Config(EXPERIMENT_DEFINITION) SquadExpansion/Serenity/Resources/ScienceDefs/EXPERIMENT_DEFINITION
[LOG 19:14:30.321] Config(STORY_DEF) SquadExpansion/Serenity/Resources/StoryDefs/STORY_DEF
[LOG 19:14:30.321] Compiling Configs Completed.
[LOG 19:14:30.324] Resource LiquidFuel added to database
[LOG 19:14:30.324] Resource Oxidizer added to database
[LOG 19:14:30.324] Resource SolidFuel added to database
[LOG 19:14:30.325] Resource MonoPropellant added to database
[LOG 19:14:30.325] Resource XenonGas added to database
[LOG 19:14:30.325] Resource ElectricCharge added to database
[LOG 19:14:30.325] Resource IntakeAir added to database
[LOG 19:14:30.325] Resource EVA Propellant added to database
[LOG 19:14:30.325] Resource Ore added to database
[LOG 19:14:30.325] Resource Ablator added to database
[LOG 19:14:30.327] Resource MediumGrip added to database
[LOG 19:14:30.327] Resource HighGrip added to database
[LOG 19:14:30.327] Resource ExtremeGrip added to database
[LOG 19:14:30.327] Resource LowGrip added to database
[LOG 19:14:30.327] Resource Default added to database
[LOG 19:14:30.327] CodeAssetLoader: Compiling all code assets
[LOG 19:14:30.332] ExperienceSystemConfig: Added Effect 'DeployedSciencePowerSkill' to Trait 'Ingénieur'
[LOG 19:14:30.332] ExperienceSystemConfig: Added Effect 'DeployedScienceExpSkill' to Trait 'Scientifique'
[LOG 19:14:30.338] ConfigNode[]
[LOG 19:14:30.339] GameDatabase: Assets loaded in 8.891s
[LOG 19:14:30.341] [ModuleManager] Waited 0.000s for patching to finish
[LOG 19:14:30.341] [ModuleManager] Applying patched game database
[LOG 19:14:30.343] [ModuleManager] Dumping ModuleManager log to main log
[LOG 19:14:30.344] [ModuleManager] 
#### BEGIN MODULEMANAGER LOG ####


[LOG 19:14:23.145] Log started at 2026-10-07 19:14:23.145
[LOG 19:14:25.851] Checking Cache
[LOG 19:14:26.197] SHA generated in 0.342s
[LOG 19:14:26.197]       SHA = A5-86-8E-56-EF-A3-60-BD-B3-07-5D-12-47-5C-3D-95-0D-A2-03-43-FA-8C-1B-91-02-8D-5E-9E-52-24-AA-14
[LOG 19:14:26.218] Cache SHA = 3A-98-4C-56-E0-3D-D0-7F-D9-8C-F7-4A-BE-27-9C-75-86-CF-0A-5F-4D-29-BE-69-7A-15-28-58-65-5B-F0-AE
[LOG 19:14:26.218] useCache = False
[LOG 19:14:26.219] Pre patch init
[LOG 19:14:26.524] compiling list of loaded mods...
Mod DLLs found:
  Name                                    Assembly Version         Assembly File Version    KSPAssembly Version      SHA256

  Assembly-CSharp                         0.0.0.0                  0.0.0.0                  1.12                     d9e42483f25ee80a9c11d6c1c0a0d29b4ec78c1e08d76c971b71580c9cce51e4
  ModuleManager                           4.2.3.0                  4.2.3.0                  2.5                      95847827ab293b9e82a19b7efb97ffea3e98cc03b181862536ac8eb572e30d7d
  0Harmony                                2.2.1.0                  2.2.1.0                                           19ce60ac3280f72ec1751d36a40cb7e2fece2934df8345969dc7feb83bd633e4
  HarmonyInstallChecker                   2.2.1.0                  2.2.1.0                  1.0                      f11e659e91a52c21c5bda78e52b82a7bdc246bcab6a999733af3c69a11a9dc0e
  0_MultipleModuleInPartAPI               1.0.0.0                  1.0.0.0                  1.0                      df4a22fb0535de7fa154ca234b50dd7c2fc6be879e4a877d9bad1f87bafafcbf
  KSPCommunityFixes                       1.41.0.0                 1.41.1.0                 1.41                     e08ebbec7ab34f4f7ff56d6e900051bb0d259a4bc092881d7db3ca2f9f2e9a11
  KSPDiagColliders                        1.0.9774.39745           1.0.9774.39745                                    101c69226e20a5389301c3635c44de6bc8dcc6cf19bf830573da4ed76d691283
  KSPMCPServer                            0.0.0.0                  0.0.0.0                                           24775670af8b42f374ef7e3f9b227746906ca17948a001d3fa891f8813d09cd9
Non-DLL mods added (:FOR[xxx]):
Mods by directory (sub directories of GameData):
  000_Harmony
  Squad
  SquadExpansion
Mods added by assemblies:

[LOG 19:14:26.526] Loading Physics.cfg
[LOG 19:14:26.528] Extracting patches
[LOG 19:14:26.538] Deleting root node in file KSPCommunityFixes/MMPatches/ModSupport/FixDockingNodes node: @PART[*]:HAS[@MODULE[ModuleDockingNodeFixed]]:NEEDS[FixDockingNodes]:FINAL as it can't satisfy its NEEDS
[LOG 19:14:26.539] Deleting root node in file KSPCommunityFixes/MMPatches/ModSupport/KSPRecall node: @KSP_COMMUNITY_FIXES:NEEDS[AttachedOnEditor] as it can't satisfy its NEEDS
[LOG 19:14:26.539] Deleting root node in file KSPCommunityFixes/MMPatches/ModSupport/UniversalStorage node: @KSP_COMMUNITY_FIXES:NEEDS[UniversalStorage2] as it can't satisfy its NEEDS
[LOG 19:14:26.631] Applying patches
[LOG 19:14:26.632] :INSERT (initial) pass
[LOG 19:14:26.679] :FIRST pass
[LOG 19:14:26.685] Applying update KSPCommunityFixes/MMPatches/StockTweaks/LadderToggleableLight/@PART[telescopicLadderBay]:FIRST to Squad/Parts/Utility/ladderTelescopicBay/ladderTelescopicBay.cfg/PART[telescopicLadderBay]
[LOG 19:14:26.704] Applying update KSPCommunityFixes/MMPatches/StockTweaks/LadderToggleableLight/@PART[telescopicLadderBay]:HAS[#LadderToggleableLight[?rue]]:FIRST to Squad/Parts/Utility/ladderTelescopicBay/ladderTelescopicBay.cfg/PART[telescopicLadderBay]
[LOG 19:14:26.705] Applying update KSPCommunityFixes/MMPatches/StockTweaks/LadderToggleableLight/@PART[telescopicLadderBay]:HAS[#LadderToggleableLight]:FIRST to Squad/Parts/Utility/ladderTelescopicBay/ladderTelescopicBay.cfg/PART[telescopicLadderBay]
[LOG 19:14:26.708] Applying update KSPCommunityFixes/MMPatches/StockTweaks/LandingGearLights/@PART[GearSmall]:FIRST to Squad/Parts/Wheel/LandingGear/GearMedium.cfg/PART[GearSmall]
[LOG 19:14:26.714] Applying update KSPCommunityFixes/MMPatches/StockTweaks/LandingGearLights/@PART[SmallGearBay]:FIRST to Squad/Parts/Wheel/LandingGear/GearSmall.cfg/PART[SmallGearBay]
[LOG 19:14:26.716] :LEGACY (default) pass
[LOG 19:14:26.720] :BEFORE[0_MULTIPLEMODULEINPARTAPI] pass
[LOG 19:14:26.720] :FOR[0_MULTIPLEMODULEINPARTAPI] pass
[LOG 19:14:26.720] :AFTER[0_MULTIPLEMODULEINPARTAPI] pass
[LOG 19:14:26.720] :BEFORE[000_HARMONY] pass
[LOG 19:14:26.720] :FOR[000_HARMONY] pass
[LOG 19:14:26.720] :AFTER[000_HARMONY] pass
[LOG 19:14:26.720] :BEFORE[0HARMONY] pass
[LOG 19:14:26.720] :FOR[0HARMONY] pass
[LOG 19:14:26.720] :AFTER[0HARMONY] pass
[LOG 19:14:26.720] :BEFORE[ASSEMBLY-CSHARP] pass
[LOG 19:14:26.720] :FOR[ASSEMBLY-CSHARP] pass
[LOG 19:14:26.720] :AFTER[ASSEMBLY-CSHARP] pass
[LOG 19:14:26.720] :BEFORE[HARMONYINSTALLCHECKER] pass
[LOG 19:14:26.720] :FOR[HARMONYINSTALLCHECKER] pass
[LOG 19:14:26.720] :AFTER[HARMONYINSTALLCHECKER] pass
[LOG 19:14:26.720] :BEFORE[KSPCOMMUNITYFIXES] pass
[LOG 19:14:26.720] :FOR[KSPCOMMUNITYFIXES] pass
[LOG 19:14:26.721] Applying update KSPCommunityFixes/MMPatches/StockTweaks/ManufacturerFixes/@PART[sasModule]:FOR[KSPCommunityFixes] to Squad/Parts/Command/inlineReactionWheel/inlineReactionWheel.cfg/PART[sasModule]
[LOG 19:14:26.726] Applying update KSPCommunityFixes/MMPatches/StockTweaks/ManufacturerFixes/@PART[xenonTankRadial]:FOR[KSPCommunityFixes] to Squad/Parts/FuelTank/xenonTankRadial/xenonTankRadial.cfg/PART[xenonTankRadial]
[LOG 19:14:26.727] Applying update KSPCommunityFixes/MMPatches/StockTweaks/ManufacturerFixes/@PART[winglet|fireworksLauncherSmall|fireworksLauncherBig]:FOR[KSPCommunityFixes] to Squad/Parts/Aero/wingletAV-T1/wingletAV-T1.cfg/PART[winglet]
[LOG 19:14:26.728] Applying update KSPCommunityFixes/MMPatches/StockTweaks/ManufacturerFixes/@PART[winglet|fireworksLauncherSmall|fireworksLauncherBig]:FOR[KSPCommunityFixes] to Squad/Parts/Utility/Fireworks/fireworksLauncherBig.cfg/PART[fireworksLauncherBig]
[LOG 19:14:26.728] Applying update KSPCommunityFixes/MMPatches/StockTweaks/ManufacturerFixes/@PART[winglet|fireworksLauncherSmall|fireworksLauncherBig]:FOR[KSPCommunityFixes] to Squad/Parts/Utility/Fireworks/fireworksLauncherSmall.cfg/PART[fireworksLauncherSmall]
[LOG 19:14:26.729] Applying update KSPCommunityFixes/MMPatches/StockTweaks/ManufacturerFixes/@PART[solidBooster_sm_v2|solidBooster_v2]:FOR[KSPCommunityFixes] to Squad/Parts/Engine/Size1_SRBs/solidBoosterRT-10_v2.cfg/PART[solidBooster_v2]
[LOG 19:14:26.729] Applying update KSPCommunityFixes/MMPatches/StockTweaks/ManufacturerFixes/@PART[solidBooster_sm_v2|solidBooster_v2]:FOR[KSPCommunityFixes] to Squad/Parts/Engine/Size1_SRBs/solidBoosterRT-5_v2.cfg/PART[solidBooster_sm_v2]
[LOG 19:14:26.731] Applying update KSPCommunityFixes/MMPatches/StockTweaks/ManufacturerFixes/@PART[ServiceBay_125_v2|ServiceBay_250_v2]:FOR[KSPCommunityFixes] to Squad/Parts/Utility/ServiceBay_v2/ServiceBay_125_v2.cfg/PART[ServiceBay_125_v2]
[LOG 19:14:26.731] Applying update KSPCommunityFixes/MMPatches/StockTweaks/ManufacturerFixes/@PART[ServiceBay_125_v2|ServiceBay_250_v2]:FOR[KSPCommunityFixes] to Squad/Parts/Utility/ServiceBay_v2/ServiceBay_250_v2.cfg/PART[ServiceBay_250_v2]
[LOG 19:14:26.731] Applying update KSPCommunityFixes/MMPatches/StockTweaks/ManufacturerFixes/@PART[externalTankCapsule]:FOR[KSPCommunityFixes] to Squad/Parts/FuelTank/FoilTanks/RadialTank_Capsule.cfg/PART[externalTankCapsule]
[LOG 19:14:26.732] Applying update KSPCommunityFixes/MMPatches/StockTweaks/ManufacturerFixes/@PART[RCSFuelTank|rcsTankMini|RCSTank1-2]:FOR[KSPCommunityFixes] to Squad/Parts/FuelTank/RCSFuelTankR1/RCSFuelTankR1.cfg/PART[RCSTank1-2]
[LOG 19:14:26.732] Applying update KSPCommunityFixes/MMPatches/StockTweaks/ManufacturerFixes/@PART[RCSFuelTank|rcsTankMini|RCSTank1-2]:FOR[KSPCommunityFixes] to Squad/Parts/FuelTank/RCSFuelTankR10/RCSFuelTankR10.cfg/PART[rcsTankMini]
[LOG 19:14:26.732] Applying update KSPCommunityFixes/MMPatches/StockTweaks/ManufacturerFixes/@PART[RCSFuelTank|rcsTankMini|RCSTank1-2]:FOR[KSPCommunityFixes] to Squad/Parts/FuelTank/RCSFuelTankR25/RCSFuelTankR25.cfg/PART[RCSFuelTank]
[LOG 19:14:26.733] Applying update KSPCommunityFixes/MMPatches/StockTweaks/ManufacturerFixes/@PART[landerCabinSmall]:FOR[KSPCommunityFixes] to Squad/Parts/Command/mk1LanderCan/mk1LanderCan.cfg/PART[landerCabinSmall]
[LOG 19:14:26.734] Applying update KSPCommunityFixes/MMPatches/StockTweaks/ManufacturerFixes/@PART[dockingPortLateral]:FOR[KSPCommunityFixes] to Squad/Parts/Utility/dockingPortInline/dockingPortInline.cfg/PART[dockingPortLateral]
[LOG 19:14:26.734] Applying update KSPCommunityFixes/MMPatches/StockTweaks/ManufacturerFixes/@PART[EnginePlate4]:FOR[KSPCommunityFixes]:NEEDS[SquadExpansion/MakingHistory] to SquadExpansion/MakingHistory/Parts/Coupling/EnginePlate_4.cfg/PART[EnginePlate4]
[LOG 19:14:26.735] Applying update KSPCommunityFixes/MMPatches/StockTweaks/ManufacturerFixes/@PART[Mk2Pod]:FOR[KSPCommunityFixes]:NEEDS[SquadExpansion/MakingHistory] to SquadExpansion/MakingHistory/Parts/Pods/Mk2Pod.cfg/PART[Mk2Pod]
[LOG 19:14:26.735] Applying update KSPCommunityFixes/MMPatches/StockTweaks/ManufacturerFixes/@PART[evaChute|parachuteSingle|parachuteRadial|radialDrogue|parachuteLarge|parachuteDrogue]:FOR[KSPCommunityFixes] to Squad/Parts/Cargo/Parachute/Parachute.cfg/PART[evaChute]
[LOG 19:14:26.736] Applying update KSPCommunityFixes/MMPatches/StockTweaks/ManufacturerFixes/@PART[evaChute|parachuteSingle|parachuteRadial|radialDrogue|parachuteLarge|parachuteDrogue]:FOR[KSPCommunityFixes] to Squad/Parts/Utility/parachuteMk1/parachuteMk1.cfg/PART[parachuteSingle]
[LOG 19:14:26.736] Applying update KSPCommunityFixes/MMPatches/StockTweaks/ManufacturerFixes/@PART[evaChute|parachuteSingle|parachuteRadial|radialDrogue|parachuteLarge|parachuteDrogue]:FOR[KSPCommunityFixes] to Squad/Parts/Utility/parachuteMk12-R/parachuteMk12-R.cfg/PART[radialDrogue]
[LOG 19:14:26.737] Applying update KSPCommunityFixes/MMPatches/StockTweaks/ManufacturerFixes/@PART[evaChute|parachuteSingle|parachuteRadial|radialDrogue|parachuteLarge|parachuteDrogue]:FOR[KSPCommunityFixes] to Squad/Parts/Utility/parachuteMk16-XL/parachuteMk16-XL.cfg/PART[parachuteLarge]
[LOG 19:14:26.737] Applying update KSPCommunityFixes/MMPatches/StockTweaks/ManufacturerFixes/@PART[evaChute|parachuteSingle|parachuteRadial|radialDrogue|parachuteLarge|parachuteDrogue]:FOR[KSPCommunityFixes] to Squad/Parts/Utility/parachuteMk2-R/parachuteMk2-R.cfg/PART[parachuteRadial]
[LOG 19:14:26.737] Applying update KSPCommunityFixes/MMPatches/StockTweaks/ManufacturerFixes/@PART[evaChute|parachuteSingle|parachuteRadial|radialDrogue|parachuteLarge|parachuteDrogue]:FOR[KSPCommunityFixes] to Squad/Parts/Utility/parachuteMk25/parachuteMk25.cfg/PART[parachuteDrogue]
[LOG 19:14:26.739] Applying update KSPCommunityFixes/MMPatches/StockTweaks/ManufacturerFixes/@PART[stackPoint1|dockingPort1|dockingPort2|dockingPort3|dockingPortLarge]:FOR[KSPCommunityFixes] to Squad/Parts/Utility/dockingPort/dockingPort.cfg/PART[dockingPort2]
[LOG 19:14:26.739] Applying update KSPCommunityFixes/MMPatches/StockTweaks/ManufacturerFixes/@PART[stackPoint1|dockingPort1|dockingPort2|dockingPort3|dockingPortLarge]:FOR[KSPCommunityFixes] to Squad/Parts/Utility/dockingPortJr/dockingPortJr.cfg/PART[dockingPort3]
[LOG 19:14:26.739] Applying update KSPCommunityFixes/MMPatches/StockTweaks/ManufacturerFixes/@PART[stackPoint1|dockingPort1|dockingPort2|dockingPort3|dockingPortLarge]:FOR[KSPCommunityFixes] to Squad/Parts/Utility/dockingPortShielded/dockingPortShielded.cfg/PART[dockingPort1]
[LOG 19:14:26.739] Applying update KSPCommunityFixes/MMPatches/StockTweaks/ManufacturerFixes/@PART[stackPoint1|dockingPort1|dockingPort2|dockingPort3|dockingPortLarge]:FOR[KSPCommunityFixes] to Squad/Parts/Utility/dockingPortSr/dockingPortSr.cfg/PART[dockingPortLarge]
[LOG 19:14:26.739] Applying update KSPCommunityFixes/MMPatches/StockTweaks/ManufacturerFixes/@PART[stackPoint1|dockingPort1|dockingPort2|dockingPort3|dockingPortLarge]:FOR[KSPCommunityFixes] to Squad/Parts/Utility/radialAttachmentPoint/radialAttachmentPoint.cfg/PART[stackPoint1]
[LOG 19:14:26.739] :AFTER[KSPCOMMUNITYFIXES] pass
[LOG 19:14:26.739] :BEFORE[KSPDIAGCOLLIDERS] pass
[LOG 19:14:26.739] :FOR[KSPDIAGCOLLIDERS] pass
[LOG 19:14:26.739] :AFTER[KSPDIAGCOLLIDERS] pass
[LOG 19:14:26.739] :BEFORE[KSPMCPSERVER] pass
[LOG 19:14:26.739] :FOR[KSPMCPSERVER] pass
[LOG 19:14:26.739] :AFTER[KSPMCPSERVER] pass
[LOG 19:14:26.739] :BEFORE[MODULEMANAGER] pass
[LOG 19:14:26.739] :FOR[MODULEMANAGER] pass
[LOG 19:14:26.739] :AFTER[MODULEMANAGER] pass
[LOG 19:14:26.739] :BEFORE[SQUAD] pass
[LOG 19:14:26.739] :FOR[SQUAD] pass
[LOG 19:14:26.739] :AFTER[SQUAD] pass
[LOG 19:14:26.739] :BEFORE[SQUADEXPANSION] pass
[LOG 19:14:26.739] :FOR[SQUADEXPANSION] pass
[LOG 19:14:26.739] :AFTER[SQUADEXPANSION] pass
[LOG 19:14:26.740] :LAST[999_KSP-RECALL] pass
[LOG 19:14:26.772] :FINAL pass
[LOG 19:14:26.772] Done patching
[LOG 19:14:26.773] Saving Cache
[LOG 19:14:26.875] Saving cache
[LOG 19:14:27.571] ModuleManager: 33 patches applied

[LOG 19:14:27.571] Ran in 1.719s
[LOG 19:14:27.601] Done!



#### END MODULEMANAGER LOG ####
[LOG 19:14:30.346] [ModuleManager] Running tests...
[LOG 19:14:30.347] [ModuleManager] tests complete.
[LOG 19:14:30.348] [ModuleManager] Reloading resources definitions
[LOG 19:14:30.349] Resource LiquidFuel added to database
[LOG 19:14:30.349] Resource Oxidizer added to database
[LOG 19:14:30.349] Resource SolidFuel added to database
[LOG 19:14:30.349] Resource MonoPropellant added to database
[LOG 19:14:30.350] Resource XenonGas added to database
[LOG 19:14:30.350] Resource ElectricCharge added to database
[LOG 19:14:30.350] Resource IntakeAir added to database
[LOG 19:14:30.350] Resource EVA Propellant added to database
[LOG 19:14:30.350] Resource Ore added to database
[LOG 19:14:30.350] Resource Ablator added to database
[LOG 19:14:30.350] [ModuleManager] Reloading Trait configs
[LOG 19:14:30.350] ExperienceSystemConfig: Added Effect 'DeployedSciencePowerSkill' to Trait 'Ingénieur'
[LOG 19:14:30.350] ExperienceSystemConfig: Added Effect 'DeployedScienceExpSkill' to Trait 'Scientifique'
[LOG 19:14:30.350] [ModuleManager] Reloading Part Upgrades
[LOG 19:14:30.351] [ModuleManager] Setting modded physics as the active one
[LOG 19:14:30.352] PhysicsGlobals: Loading database
[LOG 19:14:30.353] [ModuleManager] Running post patch callbacks
[LOG 19:14:30.366] [KSPCommunityFixes] Patch AutoStrutDrift applied.
[LOG 19:14:30.369] [KSPCommunityFixes] Patch EditorAnimatedPartsShipModified applied.
[LOG 19:14:30.378] [KSPCommunityFixes] Patch DragCubeLoadException applied.
[LOG 19:14:30.384] [KSPCommunityFixes] Patch DoubleCurvePreserveTangents applied.
[LOG 19:14:30.437] [KSPCommunityFixes] Patch DockingPortRotationDriftAndFixes applied.
[LOG 19:14:30.518] [KSPCommunityFixes] Patch DockingPortConserveMomentum applied.
[LOG 19:14:30.524] [KSPCommunityFixes] Patch DebugConsoleDontStealInput applied.
[LOG 19:14:30.533] [KSPCommunityFixes] Patch CorrectDragForFlags applied.
[LOG 19:14:30.536] [KSPCommunityFixes] Patch CometMiningNotRemovingMass applied.
[LOG 19:14:30.548] [KSPCommunityFixes] Patch ChutePhantomSymmetry applied.
[LOG 19:14:30.553] [KSPCommunityFixes] Patch CometSpawnerUniqueFlightId applied.
[LOG 19:14:30.554] [KSPCommunityFixes] Patch AsteroidSpawnerUniqueFlightId applied.
[LOG 19:14:30.556] [KSPCommunityFixes] Patch AsteroidInfiniteMining applied.
[LOG 19:14:30.592] [KSPCommunityFixes] Patch PersistentIConfigNode applied.
[LOG 19:14:30.592] [KSPCommunityFixes] Patch OnSymmetryFieldChanged not applied (not enabled in Settings.cfg)
[LOG 19:14:30.592] [KSPCommunityFixes] Patch ModUpgradePipeline not applied (not enabled in Settings.cfg)
[LOG 19:14:30.593] [KSPCommunityFixes] Patch KSPFieldEnumDesc not applied (not enabled in Settings.cfg)
[LOG 19:14:30.594] [KSPCommunityFixes] Patch EventProfilerMarkers not applied (not enabled in Settings.cfg)
[LOG 19:14:30.594] [KSPCommunityFixes] Patch DockingPortLockedEvents not applied (not enabled in Settings.cfg)
[LOG 19:14:30.598] [KSPCommunityFixes] Patch DepartmentHeadImage applied.
[LOG 19:14:30.618] [KSPCommunityFixes] Patch BaseFieldListUseFieldHost applied.
[LOG 19:14:30.687] [KSPCommunityFixes] Patch ResourceConverterPerf applied.
[LOG 19:14:30.703] [KSPCommunityFixes] Patch ProgressTrackingSpeedBoost applied.
[LOG 19:14:30.707] [KSPCommunityFixes] Patch PQSUpdateNoMemoryAlloc applied.
[LOG 19:14:30.707] [KSPCommunityFixes] Patch PQSOnlyStartOnce not applied (not enabled in Settings.cfg)
[LOG 19:14:30.720] [KSPCommunityFixes] Patch PQSCoroutineLeak applied.
[LOG 19:14:30.756] [KSPCommunityFixes] Patch PartSystemsFastUpdate applied.
[LOG 19:14:30.780] [KSPCommunityFixes] Patch PartParsingPerf applied.
[LOG 19:14:30.786] [KSPCommunityFixes] Patch EnginePlateAirstreamShieldedTopPart applied.
[LOG 19:14:30.795] [KSPCommunityFixes] Patch EVAConstructionMass applied.
[LOG 19:14:30.804] [KSPCommunityFixes] Patch EVAConstructionUninitializedInventory applied.
[LOG 19:14:30.812] [KSPCommunityFixes] Patch EVAKerbalRecovery applied.
[LOG 19:14:30.819] [KSPCommunityFixes] Patch TimeWarpOrbitShift applied.
[LOG 19:14:30.821] [KSPCommunityFixes] Patch TimeWarpBodyCollision applied.
[LOG 19:14:30.834] [KSPCommunityFixes] Patch ThumbnailSpotlight applied.
[LOG 19:14:30.840] [KSPCommunityFixes] Patch SymmetryReferenceOnDelete applied.
[LOG 19:14:30.840] [KSPCommunityFixes] Patch StrategyDuration not applied (not enabled in Settings.cfg)
[LOG 19:14:30.842] [KSPCommunityFixes] Patch StockAlarmDescPreserveLineBreak applied.
[LOG 19:14:30.873] [KSPCommunityFixes] Patch StickySplashedFixer applied.
[LOG 19:14:30.883] [KSPCommunityFixes] Patch ScatterDistribution applied.
[LOG 19:14:30.918] [KSPCommunityFixes] Patch RoboticsDrift applied.
[LOG 19:14:30.920] [KSPCommunityFixes] Patch RestoreMaxPhysicsDT applied.
[LOG 19:14:30.942] [KSPCommunityFixes] Patch RespawnDeadKerbals applied.
[LOG 19:14:30.946] [KSPCommunityFixes] Patch RescaledRoboticParts applied.
[LOG 19:14:30.953] [KSPCommunityFixes] Patch ReRootPreserveSurfaceAttach applied.
[LOG 19:14:30.980] [KSPCommunityFixes] Patch OptimizedModuleRaycasts applied.
[LOG 19:14:30.989] GetSubclassesOfParentClass: Found 1 types with ModuleInventoryPart parent in 8 assemblies.
[LOG 19:14:30.995] [KSPCommunityFixes] Patch RefundingOnRecovery applied.
[LOG 19:14:30.996] [KSPCommunityFixes] Patch PatchedConicEncounterFlickering applied.
[LOG 19:14:31.018] [KSPCommunityFixes] Patch PartListTooltipIconSpin applied.
[LOG 19:14:31.022] [KSPCommunityFixes] Patch PackedPartsRotation applied.
[LOG 19:14:31.036] [KSPCommunityFixes] Patch ModulePartVariantsNodePersistence applied.
[LOG 19:14:31.039] [KSPCommunityFixes] Patch ModuleAnimateGenericCrewModSpawnIVA applied.
[LOG 19:14:31.041] [KSPCommunityFixes] Patch ModuleActiveRadiatorNoParentException applied.
[LOG 19:14:31.044] [KSPCommunityFixes] Patch MapTargetBodyWithEncounter applied.
[LOG 19:14:31.047] [KSPCommunityFixes] Patch LostSoundAfterSceneSwitch applied.
[LOG 19:14:31.056] [KSPCommunityFixes] Patch LadderToggleableLight applied.
[LOG 19:14:31.071] [KSPCommunityFixes] Patch InventoryPartMass applied.
[LOG 19:14:31.079] [KSPCommunityFixes] Patch HarvesterECConsumption applied.
[LOG 19:14:31.080] [KSPCommunityFixes] Patch FixGetUnivseralTime applied.
[LOG 19:14:31.092] [KSPCommunityFixes] Patch ExtendedDeployableParts applied.
[LOG 19:14:31.094] [KSPCommunityFixes] Patch PropellantFlowDescription applied.
[LOG 19:14:31.120] [KSPCommunityFixes] Patch OptimisedVectorLines applied.
[LOG 19:14:31.129] [KSPCommunityFixes] Patch ModuleDockingNodeFindOtherNodesFaster applied.
[LOG 19:14:31.134] [KSPCommunityFixes] Patch ModuleColorChangerOptimization applied.
[LOG 19:14:31.175] [KSPCommunityFixes] Patch AutoSavedCraftNameAtLaunch applied.
[LOG 19:14:31.222] [KSPCommunityFixes] Patch PAWCollapsedInventories applied.
[LOG 19:14:31.227] [KSPCommunityFixes] Patch UIFloatEditNumericInput applied.
[LOG 19:14:31.262] [KSPCommunityFixes] Patch PAWStockGroups applied.
[LOG 19:14:31.278] [KSPCommunityFixes] Patch AltimeterHorizontalPosition applied.
[LOG 19:14:31.288] [KSPCommunityFixes] Patch SceneLoadSpeedBoost applied.
[LOG 19:14:31.353] [KSPCommunityFixes] Patch OnDemandPartBuoyancy applied.
[LOG 19:14:31.355] [KSPCommunityFixes] Patch ForceSyncSceneSwitch applied.
[LOG 19:14:31.356] [KSPCommunityFixes] Patch FewerSaves not applied (not enabled in Settings.cfg)
[LOG 19:14:31.361] [KSPCommunityFixes] Patch WheelInertiaLimit applied.
[LOG 19:14:31.361] [KSPCommunityFixes] Patch StockAlarmCustomFormatterDate isn't applicable to this KSP version.
[LOG 19:14:31.375] [KSPCommunityFixes] Patch ROCValidationOOR applied.
[LOG 19:14:31.382] [KSPCommunityFixes] Patch ZeroCostTechNodes applied.
[LOG 19:14:31.384] [KSPCommunityFixes] Patch ReactionWheelsPotentialTorque applied.
[LOG 19:14:31.399] [KSPCommunityFixes] Patch PAWGroupMemory applied.
[LOG 19:14:31.455] [KSPCommunityFixes] Patch PartStartStability applied.
[LOG 19:14:31.463] [KSPCommunityFixes] Patch PartBoundsIgnoreDisabledTransforms applied.
[LOG 19:14:31.520] [KSPCommunityFixes] Patch ModuleIndexingMismatch applied.
[LOG 19:14:31.529] [KSPCommunityFixes] Patch MapSOCorrectWrapping applied.
[LOG 19:14:31.529] [KSPCommunityFixes] Patch KerbalTooltipMaxSustainedG applied.
[LOG 19:14:31.533] [KSPCommunityFixes] Patch KerbalInventoryPersistence applied.
[LOG 19:14:31.533] [KSPCommunityFixes] Patch FlightSceneLoadKraken not applied (not enabled in Settings.cfg)
[LOG 19:14:31.537] [KSPCommunityFixes] Patch FIUpdateRadiation applied.
[LOG 19:14:31.540] [KSPCommunityFixes] Patch FastAndFixedEnumExtensions applied.
[LOG 19:14:31.596] [KSPCommunityFixes] Patch DeltaVHideWhenDisabled applied.
[LOG 19:14:31.601] [KSPCommunityFixes] Patch BlockMapViewPartClick applied.
[LOG 19:14:31.607] [KSPCommunityFixes] Patch PAWItemsOrder applied.
[LOG 19:14:31.681] [KSPCommunityFixes] Patch BetterEditorUndoRedo applied.
[LOG 19:14:31.700] [KSPCommunityFixes] Patch AutostrutActions applied.
[LOG 19:14:31.700] [KSPCommunityFixes] Patch DisableNewGameIntro not applied (not enabled in Settings.cfg)
[LOG 19:14:31.762] [KSPCommunityFixes] Patch MinorPerfTweaks applied.
[LOG 19:14:31.868] [KSPCommunityFixes] Patch MemoryLeaks applied.
[LOG 19:14:31.878] [KSPCommunityFixes] Patch LowerMinPhysicsDTPerFrame applied.
[LOG 19:14:31.885] [KSPCommunityFixes] Patch LocalizerPerf applied.
[LOG 19:14:31.888] [KSPCommunityFixes] Patch IMGUIOptimization applied.
[LOG 19:14:31.919] [KSPCommunityFixes] Patch FloatingOriginPerf applied.
[LOG 19:14:32.008] [KSPCommunityFixes] Patch FlightIntegratorPerf applied.
[LOG 19:14:32.014] [KSPCommunityFixes] Patch FasterPartFindTransform applied.
[LOG 19:14:32.033] [KSPCommunityFixes] Patch FasterEditorPartList applied.
[LOG 19:14:32.035] [KSPCommunityFixes] Patch ExpansionBundlePreload applied.
[LOG 19:14:32.056] [KSPCommunityFixes] Patch DragCubeGeneration applied.
[LOG 19:14:32.062] [KSPCommunityFixes] Patch DisableMapUpdateInFlight applied.
[LOG 19:14:32.064] [KSPCommunityFixes] Patch DisableHiddenPortraits applied.
[LOG 19:14:32.066] [KSPCommunityFixes] Patch DisableManeuverTool applied.
[LOG 19:14:32.106] [KSPCommunityFixes] Patch CraftBrowserOptimisations applied.
[LOG 19:14:32.110] [KSPCommunityFixes] Patch CommNetThrottling applied.
[LOG 19:14:32.124] [KSPCommunityFixes] Patch FairingMouseOverPersistence applied.
[LOG 19:14:32.147] [KSPCommunityFixes] Patch OptionalMakingHistoryDLCFeatures applied.
[LOG 19:14:32.151] [KSPCommunityFixes] Patch ResourceLockActions applied.
[LOG 19:14:32.162] [KSPCommunityFixes] Patch ShowContractFinishDates applied.
[LOG 19:14:32.174] [KSPCommunityFixes] Patch TargetParentBody applied.
[LOG 19:14:32.200] [KSPCommunityFixes] Patch ToolbarShowHide applied.
[LOG 19:14:32.203] [KSPCommunityFixes] Patch ContractProgressEnumCache applied.
[LOG 19:14:32.218] [KSPCommunityFixes] Patch ActiveRadiatorPerf applied.
[LOG 19:14:32.225] [KSPCommunityFixes] Patch CargoBayPerf applied.
[LOG 19:14:32.238] [KSPCommunityFixes] Patch CollisionEnhancerFastUpdate applied.
[LOG 19:14:32.245] [KSPCommunityFixes] Patch CollisionManagerFastUpdate applied.
[LOG 19:14:32.253] [KSPCommunityFixes] Patch AsteroidAndCometDrillCache applied.
[LOG 19:14:32.269] [KSPCommunityFixes] Patch TweakableWheelsAutostrut applied.
[LOG 19:14:32.318] [KSPCommunityFixes] Patch PatchSettings applied.
[LOG 19:14:32.434] [KSPCommunityFixes] Patch UpgradeBugs applied.
[LOG 19:14:32.434] [KSPCommunityFixes] Patch PartTooltipUpgradesApplyToSubstituteParts not applied (not enabled in Settings.cfg)
[LOG 19:14:32.514] [ModuleManager] Calling ConfigNodePerf.ModuleManagerPostLoad()
[LOG 19:14:32.515] [ModuleManager] Post patch ran in 2.174s
[LOG 19:14:32.539] PartLoader: Creating part database
[LOG 19:14:32.540] PartLoader: Compiling Part 'Squad/Parts/Aero/aerodynamicNoseCone/aerodynamicNoseCone/noseCone'
[LOG 19:14:32.564] EffectList: Created 15 effect types
[LOG 19:14:32.678] PartLoader: Part 'Squad/Parts/Aero/aerodynamicNoseCone/aerodynamicNoseCone/noseCone' has no database record. Creating.
[LOG 19:14:32.679] [DragCubeSystem]: Drag cubes not found or cannot be read for part Part. Generating New drag cubes.
[LOG 19:14:32.699] [KSPCF/DragCubeGeneration] Creating drag cubes for part 'noseCone'
[LOG 19:14:32.736] PartLoader: Compiling Part 'Squad/Parts/Aero/airbrake/Airbrake/airbrake1'
[LOG 19:14:32.769] PartLoader: Part 'Squad/Parts/Aero/airbrake/Airbrake/airbrake1' has no database record. Creating.
[LOG 19:14:32.769] [DragCubeSystem]: Drag cubes not found or cannot be read for part Part. Generating New drag cubes.
[LOG 19:14:32.769] [KSPCF/DragCubeGeneration] Creating drag cubes for part 'airbrake1'
[LOG 19:14:32.811] PartLoader: Compiling Part 'Squad/Parts/Aero/airIntakeRadialXM-G50/airIntakeRadialXM-G50/airScoop'
[LOG 19:14:32.831] PartLoader: Part 'Squad/Parts/Aero/airIntakeRadialXM-G50/airIntakeRadialXM-G50/airScoop' has no database record. Creating.
[LOG 19:14:32.831] [DragCubeSystem]: Drag cubes not found or cannot be read for part Part. Generating New drag cubes.
[LOG 19:14:32.836] [KSPCF/DragCubeGeneration] Creating drag cubes for part 'airScoop'
[LOG 19:14:32.845] PartLoader: Compiling Part 'Squad/Parts/Aero/airlinerWings/ControlSurface/airlinerCtrlSrf'
[LOG 19:14:32.863] PartLoader: Part 'Squad/Parts/Aero/airlinerWings/ControlSurface/airlinerCtrlSrf' has no database record. Creating.
[LOG 19:14:32.863] [DragCubeSystem]: Drag cubes not found or cannot be read for part Part. Generating New drag cubes.
[LOG 19:14:32.863] [KSPCF/DragCubeGeneration] Creating drag cubes for part 'airlinerCtrlSrf'
[LOG 19:14:32.890] PartLoader: Compiling Part 'Squad/Parts/Aero/airlinerWings/MainWing/airlinerMainWing'
[LOG 19:14:32.897] PartLoader: Part 'Squad/Parts/Aero/airlinerWings/MainWing/airlinerMainWing' has no database record. Creating.
[LOG 19:14:32.897] [DragCubeSystem]: Drag cubes not found or cannot be read for part Part. Generating New drag cubes.
[LOG 19:14:32.897] [KSPCF/DragCubeGeneration] Creating drag cubes for part 'airlinerMainWing'
[LOG 19:14:32.902] PartLoader: Compiling Part 'Squad/Parts/Aero/airlinerWings/TailFin/airlinerTailFin'
[LOG 19:14:32.914] PartLoader: Part 'Squad/Parts/Aero/airlinerWings/TailFin/airlinerTailFin' has no database record. Creating.
[LOG 19:14:32.914] [DragCubeSystem]: Drag cubes not found or cannot be read for part Part. Generating New drag cubes.
[LOG 19:14:32.915] [KSPCF/DragCubeGeneration] Creating drag cubes for part 'airlinerTailFin'
[LOG 19:14:32.944] PartLoader: Compiling Part 'Squad/Parts/Aero/airplaneFins/advancedCanard/AdvancedCanard'
[LOG 19:14:32.951] PartLoader: Part 'Squad/Parts/Aero/airplaneFins/advancedCanard/AdvancedCanard' has no database record. Creating.
[LOG 19:14:32.951] [DragCubeSystem]: Drag cubes not found or cannot be read for part Part. Generating New drag cubes.
[LOG 19:14:32.952] [KSPCF/DragCubeGeneration] Creating drag cubes for part 'AdvancedCanard'
[LOG 19:14:32.979] PartLoader: Compiling Part 'Squad/Parts/Aero/airplaneFins/standardCanard/CanardController'
[LOG 19:14:32.984] PartLoader: Part 'Squad/Parts/Aero/airplaneFins/standardCanard/CanardController' has no database record. Creating.
[LOG 19:14:32.984] [DragCubeSystem]: Drag cubes not found or cannot be read for part Part. Generating New drag cubes.
[LOG 19:14:32.984] [KSPCF/DragCubeGeneration] Creating drag cubes for part 'CanardController'
[LOG 19:14:33.025] PartLoader: Compiling Part 'Squad/Parts/Aero/airplaneFins/sweptWing/sweptWing'
[LOG 19:14:33.029] PartLoader: Part 'Squad/Parts/Aero/airplaneFins/sweptWing/sweptWing' has no database record. Creating.
[LOG 19:14:33.029] [DragCubeSystem]: Drag cubes not found or cannot be read for part Part. Generating New drag cubes.
[LOG 19:14:33.029] [KSPCF/DragCubeGeneration] Creating drag cubes for part 'sweptWing'
[LOG 19:14:33.034] PartLoader: Compiling Part 'Squad/Parts/Aero/airplaneFins/tailfin/tailfin'
[LOG 19:14:33.042] PartLoader: Part 'Squad/Parts/Aero/airplaneFins/tailfin/tailfin' has no database record. Creating.
[LOG 19:14:33.042] [DragCubeSystem]: Drag cubes not found or cannot be read for part Part. Generating New drag cubes.
[LOG 19:14:33.042] [KSPCF/DragCubeGeneration] Creating drag cubes for part 'tailfin'
[LOG 19:14:33.061] PartLoader: Compiling Part 'Squad/Parts/Aero/basicFin/basicFin/basicFin'
[LOG 19:14:33.065] PartLoader: Part 'Squad/Parts/Aero/basicFin/basicFin/basicFin' has no database record. Creating.
[LOG 19:14:33.065] [DragCubeSystem]: Drag cubes not found or cannot be read for part Part. Generating New drag cubes.
[LOG 19:14:33.065] [KSPCF/DragCubeGeneration] Creating drag cubes for part 'basicFin'
[LOG 19:14:33.070] PartLoader: Compiling Part 'Squad/Parts/Aero/circularIntake/circularIntake/CircularIntake'
[LOG 19:14:33.081] PartLoader: Part 'Squad/Parts/Aero/circularIntake/circularIntake/CircularIntake' has no database record. Creating.
[LOG 19:14:33.082] PartLoader: Compiling Part 'Squad/Parts/Aero/circularIntake/intakeShockCone/shockConeIntake'
[LOG 19:14:33.085] PartLoader: Part 'Squad/Parts/Aero/circularIntake/intakeShockCone/shockConeIntake' has no database record. Creating.
[LOG 19:14:33.086] PartLoader: Compiling Part 'Squad/Parts/Aero/cones/avionicsNoseCone/avionicsNoseCone'
[LOG 19:14:33.099] PartLoader: Part 'Squad/Parts/Aero/cones/avionicsNoseCone/avionicsNoseCone' has no database record. Creating.
[LOG 19:14:33.099] [DragCubeSystem]: Drag cubes not found or cannot be read for part Part. Generating New drag cubes.
[LOG 19:14:33.099] [KSPCF/DragCubeGeneration] Creating drag cubes for part 'avionicsNoseCone'
[LOG 19:14:33.109] PartLoader: Compiling Part 'Squad/Parts/Aero/cones/ConeA/pointyNoseConeA'
[LOG 19:14:33.114] PartLoader: Part 'Squad/Parts/Aero/cones/ConeA/pointyNoseConeA' has no database record. Creating.
[LOG 19:14:33.114] [DragCubeSystem]: Drag cubes not found or cannot be read for part Part. Generating New drag cubes.
[LOG 19:14:33.114] [KSPCF/DragCubeGeneration] Creating drag cubes for part 'pointyNoseConeA'
[LOG 19:14:33.119] PartLoader: Compiling Part 'Squad/Parts/Aero/cones/ConeB/pointyNoseConeB'
[LOG 19:14:33.124] PartLoader: Part 'Squad/Parts/Aero/cones/ConeB/pointyNoseConeB' has no database record. Creating.
[LOG 19:14:33.124] [DragCubeSystem]: Drag cubes not found or cannot be read for part Part. Generating New drag cubes.
[LOG 19:14:33.124] [KSPCF/DragCubeGeneration] Creating drag cubes for part 'pointyNoseConeB'
[LOG 19:14:33.130] PartLoader: Compiling Part 'Squad/Parts/Aero/cones/noseConeAdapter/noseConeAdapter'
[LOG 19:14:33.134] PartLoader: Part 'Squad/Parts/Aero/cones/noseConeAdapter/noseConeAdapter' has no database record. Creating.
[LOG 19:14:33.134] [DragCubeSystem]: Drag cubes not found or cannot be read for part Part. Generating New drag cubes.
[LOG 19:14:33.134] [KSPCF/DragCubeGeneration] Creating drag cubes for part 'noseConeAdapter'
[LOG 19:14:33.140] PartLoader: Compiling Part 'Squad/Parts/Aero/cones/protectiveRocketNoseMk7_v2/rocketNoseCone_v2'
[LOG 19:14:33.145] PartLoader: Part 'Squad/Parts/Aero/cones/protectiveRocketNoseMk7_v2/rocketNoseCone_v2' has no database record. Creating.
[LOG 19:14:33.145] [DragCubeSystem]: Drag cubes not found or cannot be read for part Part. Generating New drag cubes.
[LOG 19:14:33.145] [KSPCF/DragCubeGeneration] Creating drag cubes for part 'rocketNoseCone.v2'
[LOG 19:14:33.151] PartLoader: Compiling Part 'Squad/Parts/Aero/cones/protectiveRocketNoseMk7_v3/rocketNoseCone_v3'
[LOG 19:14:33.156] PartLoader: Part 'Squad/Parts/Aero/cones/protectiveRocketNoseMk7_v3/rocketNoseCone_v3' has no database record. Creating.
[LOG 19:14:33.156] [DragCubeSystem]: Drag cubes not found or cannot be read for part Part. Generating New drag cubes.
[LOG 19:14:33.156] [KSPCF/DragCubeGeneration] Creating drag cubes for part 'rocketNoseCone.v3'
[LOG 19:14:33.162] PartLoader: Compiling Part 'Squad/Parts/Aero/cones/rocketNoseCone_size3/rocketNoseConeSize3'
[LOG 19:14:33.166] PartLoader: Part 'Squad/Parts/Aero/cones/rocketNoseCone_size3/rocketNoseConeSize3' has no database record. Creating.
[LOG 19:14:33.166] [DragCubeSystem]: Drag cubes not found or cannot be read for part Part. Generating New drag cubes.
[LOG 19:14:33.168] [KSPCF/DragCubeGeneration] Creating drag cubes for part 'rocketNoseConeSize3'
[LOG 19:14:33.173] PartLoader: Compiling Part 'Squad/Parts/Aero/cones/smallNoseCone/standardNoseCone'
[LOG 19:14:33.178] PartLoader: Part 'Squad/Parts/Aero/cones/smallNoseCone/standardNoseCone' has no database record. Creating.
[LOG 19:14:33.178] [DragCubeSystem]: Drag cubes not found or cannot be read for part Part. Generating New drag cubes.
[LOG 19:14:33.178] [KSPCF/DragCubeGeneration] Creating drag cubes for part 'standardNoseCone'
[LOG 19:14:33.183] PartLoader: Compiling Part 'Squad/Parts/Aero/cones/tailConnectorA/airplaneTail'
[LOG 19:14:33.187] PartLoader: Part 'Squad/Parts/Aero/cones/tailConnectorA/airplaneTail' has no database record. Creating.
[LOG 19:14:33.187] [DragCubeSystem]: Drag cubes not found or cannot be read for part Part. Generating New drag cubes.
[LOG 19:14:33.187] [KSPCF/DragCubeGeneration] Creating drag cubes for part 'airplaneTail'
[LOG 19:14:33.192] PartLoader: Compiling Part 'Squad/Parts/Aero/cones/tailConnectorB/airplaneTailB'
[LOG 19:14:33.196] PartLoader: Part 'Squad/Parts/Aero/cones/tailConnectorB/airplaneTailB' has no database record. Creating.
[LOG 19:14:33.196] [DragCubeSystem]: Drag cubes not found or cannot be read for part Part. Generating New drag cubes.
[LOG 19:14:33.196] [KSPCF/DragCubeGeneration] Creating drag cubes for part 'airplaneTailB'
[LOG 19:14:33.203] PartLoader: Compiling Part 'Squad/Parts/Aero/fairings/fairingSize1/fairingSize1'
[LOG 19:14:33.248] PartLoader: Part 'Squad/Parts/Aero/fairings/fairingSize1/fairingSize1' has no database record. Creating.
[LOG 19:14:33.248] [DragCubeSystem]: Drag cubes not found or cannot be read for part Part. Generating New drag cubes.
[LOG 19:14:33.249] [KSPCF/DragCubeGeneration] Creating drag cubes for part 'fairingSize1'
[LOG 19:14:33.254] PartLoader: Compiling Part 'Squad/Parts/Aero/fairings/fairingSize2/fairingSize2'
[LOG 19:14:33.269] PartLoader: Part 'Squad/Parts/Aero/fairings/fairingSize2/fairingSize2' has no database record. Creating.
[LOG 19:14:33.269] [DragCubeSystem]: Drag cubes not found or cannot be read for part Part. Generating New drag cubes.
[LOG 19:14:33.269] [KSPCF/DragCubeGeneration] Creating drag cubes for part 'fairingSize2'
[LOG 19:14:33.274] PartLoader: Compiling Part 'Squad/Parts/Aero/fairings/fairingSize3/fairingSize3'
[LOG 19:14:33.288] PartLoader: Part 'Squad/Parts/Aero/fairings/fairingSize3/fairingSize3' has no database record. Creating.
[LOG 19:14:33.288] [DragCubeSystem]: Drag cubes not found or cannot be read for part Part. Generating New drag cubes.
[LOG 19:14:33.288] [KSPCF/DragCubeGeneration] Creating drag cubes for part 'fairingSize3'
[LOG 19:14:33.293] PartLoader: Compiling Part 'Squad/Parts/Aero/HeatShield/HeatShield0/HeatShield0'
[LOG 19:14:33.313] PartLoader: Part 'Squad/Parts/Aero/HeatShield/HeatShield0/HeatShield0' has no database record. Creating.
[LOG 19:14:33.313] [DragCubeSystem]: Drag cubes not found or cannot be read for part Part. Generating New drag cubes.
[LOG 19:14:33.313] [KSPCF/DragCubeGeneration] Creating drag cubes for part 'HeatShield0'
[LOG 19:14:33.321] PartLoader: Compiling Part 'Squad/Parts/Aero/HeatShield/HeatShield1/HeatShield1'
[LOG 19:14:33.331] PartLoader: Part 'Squad/Parts/Aero/HeatShield/HeatShield1/HeatShield1' has no database record. Creating.
[LOG 19:14:33.331] [DragCubeSystem]: Drag cubes not found or cannot be read for part Part. Generating New drag cubes.
[LOG 19:14:33.331] [KSPCF/DragCubeGeneration] Creating drag cubes for part 'HeatShield1'
[LOG 19:14:33.345] PartLoader: Compiling Part 'Squad/Parts/Aero/HeatShield/HeatShield2/HeatShield2'
[LOG 19:14:33.354] PartLoader: Part 'Squad/Parts/Aero/HeatShield/HeatShield2/HeatShield2' has no database record. Creating.
[LOG 19:14:33.354] [DragCubeSystem]: Drag cubes not found or cannot be read for part Part. Generating New drag cubes.
[LOG 19:14:33.354] [KSPCF/DragCubeGeneration] Creating drag cubes for part 'HeatShield2'
[LOG 19:14:33.367] PartLoader: Compiling Part 'Squad/Parts/Aero/HeatShield/HeatShield3/HeatShield3'
[LOG 19:14:33.375] PartLoader: Part 'Squad/Parts/Aero/HeatShield/HeatShield3/HeatShield3' has no database record. Creating.
[LOG 19:14:33.375] [DragCubeSystem]: Drag cubes not found or cannot be read for part Part. Generating New drag cubes.
[LOG 19:14:33.375] [KSPCF/DragCubeGeneration] Creating drag cubes for part 'HeatShield3'
[LOG 19:14:33.389] PartLoader: Compiling Part 'Squad/Parts/Aero/InflatableHeatShield/HeatShield/InflatableHeatShield'
[LOG 19:14:33.403] PartLoader: Part 'Squad/Parts/Aero/InflatableHeatShield/HeatShield/InflatableHeatShield' has no database record. Creating.
[LOG 19:14:33.403] [DragCubeSystem]: Drag cubes not found or cannot be read for part Part. Generating New drag cubes.
[LOG 19:14:33.403] [KSPCF/DragCubeGeneration] Creating drag cubes for part 'InflatableHeatShield'
[LOG 19:14:33.417] PartLoader: Compiling Part 'Squad/Parts/Aero/intakeRadialLong/intakeRadialLong/IntakeRadialLong'
[LOG 19:14:33.420] PartLoader: Part 'Squad/Parts/Aero/intakeRadialLong/intakeRadialLong/IntakeRadialLong' has no database record. Creating.
[LOG 19:14:33.420] [DragCubeSystem]: Drag cubes not found or cannot be read for part Part. Generating New drag cubes.
[LOG 19:14:33.421] [KSPCF/DragCubeGeneration] Creating drag cubes for part 'IntakeRadialLong'
[LOG 19:14:33.425] PartLoader: Compiling Part 'Squad/Parts/Aero/miniIntake/SmallIntake/miniIntake'
[LOG 19:14:33.430] PartLoader: Part 'Squad/Parts/Aero/miniIntake/SmallIntake/miniIntake' has no database record. Creating.
[LOG 19:14:33.431] PartLoader: Compiling Part 'Squad/Parts/Aero/ramAirIntake/ramAirIntake/ramAirIntake'
[LOG 19:14:33.435] PartLoader: Part 'Squad/Parts/Aero/ramAirIntake/ramAirIntake/ramAirIntake' has no database record. Creating.
[LOG 19:14:33.436] PartLoader: Compiling Part 'Squad/Parts/Aero/shuttleWings/delta/wingShuttleDelta'
[LOG 19:14:33.439] PartLoader: Part 'Squad/Parts/Aero/shuttleWings/delta/wingShuttleDelta' has no database record. Creating.
[LOG 19:14:33.439] [DragCubeSystem]: Drag cubes not found or cannot be read for part Part. Generating New drag cubes.
[LOG 19:14:33.440] [KSPCF/DragCubeGeneration] Creating drag cubes for part 'wingShuttleDelta'
[LOG 19:14:33.444] PartLoader: Compiling Part 'Squad/Parts/Aero/shuttleWings/elevon1/wingShuttleElevon1'
[LOG 19:14:33.451] PartLoader: Part 'Squad/Parts/Aero/shuttleWings/elevon1/wingShuttleElevon1' has no database record. Creating.
[LOG 19:14:33.451] [DragCubeSystem]: Drag cubes not found or cannot be read for part Part. Generating New drag cubes.
[LOG 19:14:33.451] [KSPCF/DragCubeGeneration] Creating drag cubes for part 'wingShuttleElevon1'
[LOG 19:14:33.467] PartLoader: Compiling Part 'Squad/Parts/Aero/shuttleWings/elevon2/wingShuttleElevon2'
[LOG 19:14:33.473] PartLoader: Part 'Squad/Parts/Aero/shuttleWings/elevon2/wingShuttleElevon2' has no database record. Creating.
[LOG 19:14:33.473] [DragCubeSystem]: Drag cubes not found or cannot be read for part Part. Generating New drag cubes.
[LOG 19:14:33.473] [KSPCF/DragCubeGeneration] Creating drag cubes for part 'wingShuttleElevon2'
[LOG 19:14:33.489] PartLoader: Compiling Part 'Squad/Parts/Aero/shuttleWings/rudder/wingShuttleRudder'
[LOG 19:14:33.495] PartLoader: Part 'Squad/Parts/Aero/shuttleWings/rudder/wingShuttleRudder' has no database record. Creating.
[LOG 19:14:33.495] [DragCubeSystem]: Drag cubes not found or cannot be read for part Part. Generating New drag cubes.
[LOG 19:14:33.495] [KSPCF/DragCubeGeneration] Creating drag cubes for part 'wingShuttleRudder'
[LOG 19:14:33.510] PartLoader: Compiling Part 'Squad/Parts/Aero/shuttleWings/strake/wingShuttleStrake'
[LOG 19:14:33.515] PartLoader: Part 'Squad/Parts/Aero/shuttleWings/strake/wingShuttleStrake' has no database record. Creating.
[LOG 19:14:33.515] [DragCubeSystem]: Drag cubes not found or cannot be read for part Part. Generating New drag cubes.
[LOG 19:14:33.515] [KSPCF/DragCubeGeneration] Creating drag cubes for part 'wingShuttleStrake'
[LOG 19:14:33.520] PartLoader: Compiling Part 'Squad/Parts/Aero/wingletAV-R8/wingletAV-R8/R8winglet'
[LOG 19:14:33.526] PartLoader: Part 'Squad/Parts/Aero/wingletAV-R8/wingletAV-R8/R8winglet' has no database record. Creating.
[LOG 19:14:33.526] [DragCubeSystem]: Drag cubes not found or cannot be read for part Part. Generating New drag cubes.
[LOG 19:14:33.526] [KSPCF/DragCubeGeneration] Creating drag cubes for part 'R8winglet'
[LOG 19:14:33.542] PartLoader: Compiling Part 'Squad/Parts/Aero/wingletAV-T1/wingletAV-T1/winglet'
[LOG 19:14:33.546] PartLoader: Part 'Squad/Parts/Aero/wingletAV-T1/wingletAV-T1/winglet' has no database record. Creating.
[LOG 19:14:33.546] [DragCubeSystem]: Drag cubes not found or cannot be read for part Part. Generating New drag cubes.
[LOG 19:14:33.546] [KSPCF/DragCubeGeneration] Creating drag cubes for part 'winglet'
[LOG 19:14:33.551] PartLoader: Compiling Part 'Squad/Parts/Aero/wingletDeltaDeluxe/wingletDeltaDeluxe/winglet3'
[LOG 19:14:33.558] PartLoader: Part 'Squad/Parts/Aero/wingletDeltaDeluxe/wingletDeltaDeluxe/winglet3' has no database record. Creating.
[LOG 19:14:33.558] [DragCubeSystem]: Drag cubes not found or cannot be read for part Part. Generating New drag cubes.
[LOG 19:14:33.558] [KSPCF/DragCubeGeneration] Creating drag cubes for part 'winglet3'
[LOG 19:14:33.574] PartLoader: Compiling Part 'Squad/Parts/Aero/wings/connector1/wingConnector'
[LOG 19:14:33.578] PartLoader: Part 'Squad/Parts/Aero/wings/connector1/wingConnector' has no database record. Creating.
[LOG 19:14:33.578] [DragCubeSystem]: Drag cubes not found or cannot be read for part Part. Generating New drag cubes.
[LOG 19:14:33.578] [KSPCF/DragCubeGeneration] Creating drag cubes for part 'wingConnector'
[LOG 19:14:33.582] PartLoader: Compiling Part 'Squad/Parts/Aero/wings/connector2/wingConnector2'
[LOG 19:14:33.587] PartLoader: Part 'Squad/Parts/Aero/wings/connector2/wingConnector2' has no database record. Creating.
[LOG 19:14:33.587] [DragCubeSystem]: Drag cubes not found or cannot be read for part Part. Generating New drag cubes.
[LOG 19:14:33.587] [KSPCF/DragCubeGeneration] Creating drag cubes for part 'wingConnector2'
[LOG 19:14:33.591] PartLoader: Compiling Part 'Squad/Parts/Aero/wings/connector3/wingConnector3'
[LOG 19:14:33.595] PartLoader: Part 'Squad/Parts/Aero/wings/connector3/wingConnector3' has no database record. Creating.
[LOG 19:14:33.595] [DragCubeSystem]: Drag cubes not found or cannot be read for part Part. Generating New drag cubes.
[LOG 19:14:33.595] [KSPCF/DragCubeGeneration] Creating drag cubes for part 'wingConnector3'
[LOG 19:14:33.599] PartLoader: Compiling Part 'Squad/Parts/Aero/wings/connector4/wingConnector4'
[LOG 19:14:33.605] PartLoader: Part 'Squad/Parts/Aero/wings/connector4/wingConnector4' has no database record. Creating.
[LOG 19:14:33.605] [DragCubeSystem]: Drag cubes not found or cannot be read for part Part. Generating New drag cubes.
[LOG 19:14:33.605] [KSPCF/DragCubeGeneration] Creating drag cubes for part 'wingConnector4'
[LOG 19:14:33.608] PartLoader: Compiling Part 'Squad/Parts/Aero/wings/connector5/wingConnector5'
[LOG 19:14:33.611] PartLoader: Part 'Squad/Parts/Aero/wings/connector5/wingConnector5' has no database record. Creating.
[LOG 19:14:33.612] [DragCubeSystem]: Drag cubes not found or cannot be read for part Part. Generating New drag cubes.
[LOG 19:14:33.612] [KSPCF/DragCubeGeneration] Creating drag cubes for part 'wingConnector5'
[LOG 19:14:33.616] PartLoader: Compiling Part 'Squad/Parts/Aero/wings/delta/deltaWing'
[LOG 19:14:33.619] PartLoader: Part 'Squad/Parts/Aero/wings/delta/deltaWing' has no database record. Creating.
[LOG 19:14:33.619] [DragCubeSystem]: Drag cubes not found or cannot be read for part Part. Generating New drag cubes.
[LOG 19:14:33.619] [KSPCF/DragCubeGeneration] Creating drag cubes for part 'deltaWing'
[LOG 19:14:33.623] PartLoader: Compiling Part 'Squad/Parts/Aero/wings/delta_small/delta_small'
[LOG 19:14:33.627] PartLoader: Part 'Squad/Parts/Aero/wings/delta_small/delta_small' has no database record. Creating.
[LOG 19:14:33.627] [DragCubeSystem]: Drag cubes not found or cannot be read for part Part. Generating New drag cubes.
[LOG 19:14:33.627] [KSPCF/DragCubeGeneration] Creating drag cubes for part 'delta.small'
[LOG 19:14:33.631] PartLoader: Compiling Part 'Squad/Parts/Aero/wings/elevon1/StandardCtrlSrf'
[LOG 19:14:33.636] PartLoader: Part 'Squad/Parts/Aero/wings/elevon1/StandardCtrlSrf' has no database record. Creating.
[LOG 19:14:33.636] [DragCubeSystem]: Drag cubes not found or cannot be read for part Part. Generating New drag cubes.
[LOG 19:14:33.636] [KSPCF/DragCubeGeneration] Creating drag cubes for part 'StandardCtrlSrf'
[LOG 19:14:33.652] PartLoader: Compiling Part 'Squad/Parts/Aero/wings/elevon2/elevon2'
[LOG 19:14:33.657] PartLoader: Part 'Squad/Parts/Aero/wings/elevon2/elevon2' has no database record. Creating.
[LOG 19:14:33.657] [DragCubeSystem]: Drag cubes not found or cannot be read for part Part. Generating New drag cubes.
[LOG 19:14:33.657] [KSPCF/DragCubeGeneration] Creating drag cubes for part 'elevon2'
[LOG 19:14:33.671] PartLoader: Compiling Part 'Squad/Parts/Aero/wings/elevon3/elevon3'
[LOG 19:14:33.675] PartLoader: Part 'Squad/Parts/Aero/wings/elevon3/elevon3' has no database record. Creating.
[LOG 19:14:33.675] [DragCubeSystem]: Drag cubes not found or cannot be read for part Part. Generating New drag cubes.
[LOG 19:14:33.676] [KSPCF/DragCubeGeneration] Creating drag cubes for part 'elevon3'
[LOG 19:14:33.691] PartLoader: Compiling Part 'Squad/Parts/Aero/wings/elevon4/smallCtrlSrf'
[LOG 19:14:33.697] PartLoader: Part 'Squad/Parts/Aero/wings/elevon4/smallCtrlSrf' has no database record. Creating.
[LOG 19:14:33.697] [DragCubeSystem]: Drag cubes not found or cannot be read for part Part. Generating New drag cubes.
[LOG 19:14:33.697] [KSPCF/DragCubeGeneration] Creating drag cubes for part 'smallCtrlSrf'
[LOG 19:14:33.715] PartLoader: Compiling Part 'Squad/Parts/Aero/wings/elevon5/elevon5'
[LOG 19:14:33.719] PartLoader: Part 'Squad/Parts/Aero/wings/elevon5/elevon5' has no database record. Creating.
[LOG 19:14:33.719] [DragCubeSystem]: Drag cubes not found or cannot be read for part Part. Generating New drag cubes.
[LOG 19:14:33.719] [KSPCF/DragCubeGeneration] Creating drag cubes for part 'elevon5'
[LOG 19:14:33.735] PartLoader: Compiling Part 'Squad/Parts/Aero/wings/strake/wingStrake'
[LOG 19:14:33.739] PartLoader: Part 'Squad/Parts/Aero/wings/strake/wingStrake' has no database record. Creating.
[LOG 19:14:33.739] [DragCubeSystem]: Drag cubes not found or cannot be read for part Part. Generating New drag cubes.
[LOG 19:14:33.739] [KSPCF/DragCubeGeneration] Creating drag cubes for part 'wingStrake'
[LOG 19:14:33.743] PartLoader: Compiling Part 'Squad/Parts/Aero/wings/structural1/structuralWing'
[LOG 19:14:33.746] PartLoader: Part 'Squad/Parts/Aero/wings/structural1/structuralWing' has no database record. Creating.
[LOG 19:14:33.746] [DragCubeSystem]: Drag cubes not found or cannot be read for part Part. Generating New drag cubes.
[LOG 19:14:33.746] [KSPCF/DragCubeGeneration] Creating drag cubes for part 'structuralWing'
[LOG 19:14:33.750] PartLoader: Compiling Part 'Squad/Parts/Aero/wings/structural2/structuralWing2'
[LOG 19:14:33.753] PartLoader: Part 'Squad/Parts/Aero/wings/structural2/structuralWing2' has no database record. Creating.
[LOG 19:14:33.753] [DragCubeSystem]: Drag cubes not found or cannot be read for part Part. Generating New drag cubes.
[LOG 19:14:33.753] [KSPCF/DragCubeGeneration] Creating drag cubes for part 'structuralWing2'
[LOG 19:14:33.757] PartLoader: Compiling Part 'Squad/Parts/Aero/wings/structural3/structuralWing3'
[LOG 19:14:33.761] PartLoader: Part 'Squad/Parts/Aero/wings/structural3/structuralWing3' has no database record. Creating.
[LOG 19:14:33.761] [DragCubeSystem]: Drag cubes not found or cannot be read for part Part. Generating New drag cubes.
[LOG 19:14:33.761] [KSPCF/DragCubeGeneration] Creating drag cubes for part 'structuralWing3'
[LOG 19:14:33.766] PartLoader: Compiling Part 'Squad/Parts/Aero/wings/structural4/structuralWing4'
[LOG 19:14:33.771] PartLoader: Part 'Squad/Parts/Aero/wings/structural4/structuralWing4' has no database record. Creating.
[LOG 19:14:33.771] [DragCubeSystem]: Drag cubes not found or cannot be read for part Part. Generating New drag cubes.
[LOG 19:14:33.771] [KSPCF/DragCubeGeneration] Creating drag cubes for part 'structuralWing4'
[LOG 19:14:33.775] PartLoader: Compiling Part 'Squad/Parts/Aero/wings/swept1/sweptWing1'
[LOG 19:14:33.779] PartLoader: Part 'Squad/Parts/Aero/wings/swept1/sweptWing1' has no database record. Creating.
[LOG 19:14:33.780] [DragCubeSystem]: Drag cubes not found or cannot be read for part Part. Generating New drag cubes.
[LOG 19:14:33.780] [KSPCF/DragCubeGeneration] Creating drag cubes for part 'sweptWing1'
[LOG 19:14:33.784] PartLoader: Compiling Part 'Squad/Parts/Aero/wings/swept2/sweptWing2'
[LOG 19:14:33.788] PartLoader: Part 'Squad/Parts/Aero/wings/swept2/sweptWing2' has no database record. Creating.
[LOG 19:14:33.788] [DragCubeSystem]: Drag cubes not found or cannot be read for part Part. Generating New drag cubes.
[LOG 19:14:33.788] [KSPCF/DragCubeGeneration] Creating drag cubes for part 'sweptWing2'
[LOG 19:14:33.792] PartLoader: Compiling Part 'Squad/Parts/Cargo/CargoContainers/cargoContainer/cargoContainer'
[WRN 19:14:33.793] [Part]: Cannot have ModuleCargoPart and ModuleInventoryPart on same Part [cargoContainer'. Removed ModuleCargoPart
[LOG 19:14:33.801] PartLoader: Part 'Squad/Parts/Cargo/CargoContainers/cargoContainer/cargoContainer' has no database record. Creating.
[LOG 19:14:33.802] [DragCubeSystem]: Drag cubes not found or cannot be read for part Part. Generating New drag cubes.
[LOG 19:14:33.802] [KSPCF/DragCubeGeneration] Creating drag cubes for part 'cargoContainer'
[LOG 19:14:33.807] PartLoader: Compiling Part 'Squad/Parts/Cargo/CargoContainers/smallCargoContainer/smallCargoContainer'
[WRN 19:14:33.810] [Part]: Cannot have ModuleCargoPart and ModuleInventoryPart on same Part [smallCargoContainer'. Removed ModuleCargoPart
[LOG 19:14:33.812] PartLoader: Part 'Squad/Parts/Cargo/CargoContainers/smallCargoContainer/smallCargoContainer' has no database record. Creating.
[LOG 19:14:33.812] [DragCubeSystem]: Drag cubes not found or cannot be read for part Part. Generating New drag cubes.
[LOG 19:14:33.812] [KSPCF/DragCubeGeneration] Creating drag cubes for part 'smallCargoContainer'
[LOG 19:14:33.817] PartLoader: Compiling Part 'Squad/Parts/Cargo/Cylinder/Cylinder/evaCylinder'
[LOG 19:14:33.820] PartLoader: Part 'Squad/Parts/Cargo/Cylinder/Cylinder/evaCylinder' has no database record. Creating.
[LOG 19:14:33.820] [DragCubeSystem]: Drag cubes not found or cannot be read for part Part. Generating New drag cubes.
[LOG 19:14:33.820] [KSPCF/DragCubeGeneration] Creating drag cubes for part 'evaCylinder'
[LOG 19:14:33.824] PartLoader: Compiling Part 'Squad/Parts/Cargo/GroundAnchor/groundAnchor/groundAnchor'
[LOG 19:14:33.843] PartLoader: Part 'Squad/Parts/Cargo/GroundAnchor/groundAnchor/groundAnchor' has no database record. Creating.
[LOG 19:14:33.843] [DragCubeSystem]: Drag cubes not found or cannot be read for part Part. Generating New drag cubes.
[LOG 19:14:33.844] [KSPCF/DragCubeGeneration] Creating drag cubes for part 'groundAnchor'
[LOG 19:14:33.856] PartLoader: Compiling Part 'Squad/Parts/Cargo/Jetpack/Jetpack/evaJetpack'
[LOG 19:14:33.859] PartLoader: Part 'Squad/Parts/Cargo/Jetpack/Jetpack/evaJetpack' has no database record. Creating.
[LOG 19:14:33.859] [DragCubeSystem]: Drag cubes not found or cannot be read for part Part. Generating New drag cubes.
[LOG 19:14:33.859] [KSPCF/DragCubeGeneration] Creating drag cubes for part 'evaJetpack'
[LOG 19:14:33.864] PartLoader: Compiling Part 'Squad/Parts/Cargo/Parachute/Parachute/evaChute'
[LOG 19:14:33.867] PartLoader: Part 'Squad/Parts/Cargo/Parachute/Parachute/evaChute' has no database record. Creating.
[LOG 19:14:33.867] [DragCubeSystem]: Drag cubes not found or cannot be read for part Part. Generating New drag cubes.
[LOG 19:14:33.867] [KSPCF/DragCubeGeneration] Creating drag cubes for part 'evaChute'
[LOG 19:14:33.871] PartLoader: Compiling Part 'Squad/Parts/Cargo/RepairKit/RepairKit/evaRepairKit'
[LOG 19:14:33.876] PartLoader: Part 'Squad/Parts/Cargo/RepairKit/RepairKit/evaRepairKit' has no database record. Creating.
[LOG 19:14:33.876] [DragCubeSystem]: Drag cubes not found or cannot be read for part Part. Generating New drag cubes.
[LOG 19:14:33.876] [KSPCF/DragCubeGeneration] Creating drag cubes for part 'evaRepairKit'
[LOG 19:14:33.881] PartLoader: Compiling Part 'Squad/Parts/Cargo/ScienceKit/evaScienceKit/evaScienceKit'
[LOG 19:14:33.886] PartLoader: Part 'Squad/Parts/Cargo/ScienceKit/evaScienceKit/evaScienceKit' has no database record. Creating.
[LOG 19:14:33.886] [DragCubeSystem]: Drag cubes not found or cannot be read for part Part. Generating New drag cubes.
[LOG 19:14:33.886] [KSPCF/DragCubeGeneration] Creating drag cubes for part 'evaScienceKit'
[LOG 19:14:33.890] PartLoader: Compiling Part 'Squad/Parts/Cargo/StorageUnits/CargoStorageUnit/CargoStorageUnit'
[WRN 19:14:33.893] [Part]: Cannot have ModuleCargoPart and ModuleInventoryPart on same Part [CargoStorageUnit'. Removed ModuleCargoPart
[LOG 19:14:33.899] PartLoader: Part 'Squad/Parts/Cargo/StorageUnits/CargoStorageUnit/CargoStorageUnit' has no database record. Creating.
[LOG 19:14:33.899] [DragCubeSystem]: Drag cubes not found or cannot be read for part Part. Generating New drag cubes.
[LOG 19:14:33.899] [KSPCF/DragCubeGeneration] Creating drag cubes for part 'CargoStorageUnit'
[LOG 19:14:33.904] PartLoader: Compiling Part 'Squad/Parts/Cargo/StorageUnits/ConformalStorageUnit/ConformalStorageUnit'
[WRN 19:14:33.905] [Part]: Cannot have ModuleCargoPart and ModuleInventoryPart on same Part [ConformalStorageUnit'. Removed ModuleCargoPart
[LOG 19:14:33.907] PartLoader: Part 'Squad/Parts/Cargo/StorageUnits/ConformalStorageUnit/ConformalStorageUnit' has no database record. Creating.
[LOG 19:14:33.907] [DragCubeSystem]: Drag cubes not found or cannot be read for part Part. Generating New drag cubes.
[LOG 19:14:33.907] [KSPCF/DragCubeGeneration] Creating drag cubes for part 'ConformalStorageUnit'
[LOG 19:14:33.911] PartLoader: Compiling Part 'Squad/Parts/Command/advancedSasModuleLarge/advSasModuleLarge/asasmodule1-2'
[LOG 19:14:33.918] PartLoader: Part 'Squad/Parts/Command/advancedSasModuleLarge/advSasModuleLarge/asasmodule1-2' has no database record. Creating.
[LOG 19:14:33.920] PartLoader: Compiling Part 'Squad/Parts/Command/cupola/cupola/cupola'
[LOG 19:14:33.954] PartLoader: Part 'Squad/Parts/Command/cupola/cupola/cupola' has no database record. Creating.
[LOG 19:14:33.954] [DragCubeSystem]: Drag cubes not found or cannot be read for part Part. Generating New drag cubes.
[LOG 19:14:33.954] [KSPCF/DragCubeGeneration] Creating drag cubes for part 'cupola'
[LOG 19:14:33.965] PartLoader: Compiling Part 'Squad/Parts/Command/externalCommandSeat/externalCommandSeat/seatExternalCmd'
[LOG 19:14:33.973] PartLoader: Part 'Squad/Parts/Command/externalCommandSeat/externalCommandSeat/seatExternalCmd' has no database record. Creating.
[LOG 19:14:33.973] [DragCubeSystem]: Drag cubes not found or cannot be read for part Part. Generating New drag cubes.
[LOG 19:14:33.973] [KSPCF/DragCubeGeneration] Creating drag cubes for part 'seatExternalCmd'
[LOG 19:14:33.979] PartLoader: Compiling Part 'Squad/Parts/Command/hitchhikerStorageContainer/hitchikerStorageContainer/crewCabin'
[LOG 19:14:33.986] PartLoader: Part 'Squad/Parts/Command/hitchhikerStorageContainer/hitchikerStorageContainer/crewCabin' has no database record. Creating.
[LOG 19:14:33.986] [DragCubeSystem]: Drag cubes not found or cannot be read for part Part. Generating New drag cubes.
[LOG 19:14:33.986] [KSPCF/DragCubeGeneration] Creating drag cubes for part 'crewCabin'
[LOG 19:14:33.994] PartLoader: Compiling Part 'Squad/Parts/Command/inlineAdvancedStabilizer/inlineAdvancedStabilizer/advSasModule'
[LOG 19:14:33.999] PartLoader: Part 'Squad/Parts/Command/inlineAdvancedStabilizer/inlineAdvancedStabilizer/advSasModule' has no database record. Creating.
[LOG 19:14:33.999] [DragCubeSystem]: Drag cubes not found or cannot be read for part Part. Generating New drag cubes.
[LOG 19:14:33.999] [KSPCF/DragCubeGeneration] Creating drag cubes for part 'advSasModule'
[LOG 19:14:34.004] PartLoader: Compiling Part 'Squad/Parts/Command/inlineReactionWheel/inlineReactionWheel/sasModule'
[LOG 19:14:34.007] PartLoader: Part 'Squad/Parts/Command/inlineReactionWheel/inlineReactionWheel/sasModule' has no database record. Creating.
[LOG 19:14:34.008] [DragCubeSystem]: Drag cubes not found or cannot be read for part Part. Generating New drag cubes.
[LOG 19:14:34.008] [KSPCF/DragCubeGeneration] Creating drag cubes for part 'sasModule'
[LOG 19:14:34.013] PartLoader: Compiling Part 'Squad/Parts/Command/Mk1-3Pod/mk1-3/mk1-3pod'
[LOG 19:14:34.039] PartLoader: Part 'Squad/Parts/Command/Mk1-3Pod/mk1-3/mk1-3pod' has no database record. Creating.
[LOG 19:14:34.039] [DragCubeSystem]: Drag cubes not found or cannot be read for part Part. Generating New drag cubes.
[LOG 19:14:34.039] [KSPCF/DragCubeGeneration] Creating drag cubes for part 'mk1-3pod'
[LOG 19:14:34.049] PartLoader: Compiling Part 'Squad/Parts/Command/mk1Cockpits/mk1Cockpit/Mark1Cockpit'
[WRN 19:14:34.053] [Part]: Cannot have ModuleCargoPart and ModuleInventoryPart on same Part [Mark1Cockpit'. Removed ModuleCargoPart
[LOG 19:14:34.058] PartLoader: Part 'Squad/Parts/Command/mk1Cockpits/mk1Cockpit/Mark1Cockpit' has no database record. Creating.
[LOG 19:14:34.059] [DragCubeSystem]: Drag cubes not found or cannot be read for part Part. Generating New drag cubes.
[LOG 19:14:34.059] [KSPCF/DragCubeGeneration] Creating drag cubes for part 'Mark1Cockpit'
[LOG 19:14:34.066] PartLoader: Compiling Part 'Squad/Parts/Command/mk1Cockpits/mk1CrewCabin/MK1CrewCabin'
[WRN 19:14:34.069] [Part]: Cannot have ModuleCargoPart and ModuleInventoryPart on same Part [MK1CrewCabin'. Removed ModuleCargoPart
[LOG 19:14:34.075] PartLoader: Part 'Squad/Parts/Command/mk1Cockpits/mk1CrewCabin/MK1CrewCabin' has no database record. Creating.
[LOG 19:14:34.075] [DragCubeSystem]: Drag cubes not found or cannot be read for part Part. Generating New drag cubes.
[LOG 19:14:34.075] [KSPCF/DragCubeGeneration] Creating drag cubes for part 'MK1CrewCabin'
[LOG 19:14:34.080] PartLoader: Compiling Part 'Squad/Parts/Command/mk1Cockpits/mk1InlineCockpit/Mark2Cockpit'
[WRN 19:14:34.084] [Part]: Cannot have ModuleCargoPart and ModuleInventoryPart on same Part [Mark2Cockpit'. Removed ModuleCargoPart
[LOG 19:14:34.087] PartLoader: Part 'Squad/Parts/Command/mk1Cockpits/mk1InlineCockpit/Mark2Cockpit' has no database record. Creating.
[LOG 19:14:34.087] [DragCubeSystem]: Drag cubes not found or cannot be read for part Part. Generating New drag cubes.
[LOG 19:14:34.087] [KSPCF/DragCubeGeneration] Creating drag cubes for part 'Mark2Cockpit'
[LOG 19:14:34.093] PartLoader: Compiling Part 'Squad/Parts/Command/mk1LanderCan/mk1LanderCan/landerCabinSmall'
[WRN 19:14:34.097] [Part]: Cannot have ModuleCargoPart and ModuleInventoryPart on same Part [landerCabinSmall'. Removed ModuleCargoPart
[LOG 19:14:34.100] PartLoader: Part 'Squad/Parts/Command/mk1LanderCan/mk1LanderCan/landerCabinSmall' has no database record. Creating.
[LOG 19:14:34.100] [DragCubeSystem]: Drag cubes not found or cannot be read for part Part. Generating New drag cubes.
[LOG 19:14:34.100] [KSPCF/DragCubeGeneration] Creating drag cubes for part 'landerCabinSmall'
[LOG 19:14:34.106] PartLoader: Compiling Part 'Squad/Parts/Command/mk1pod_v2/mk1Pod_v2/mk1pod_v2'
[WRN 19:14:34.110] [Part]: Cannot have ModuleCargoPart and ModuleInventoryPart on same Part [mk1pod.v2'. Removed ModuleCargoPart
[LOG 19:14:34.114] PartLoader: Part 'Squad/Parts/Command/mk1pod_v2/mk1Pod_v2/mk1pod_v2' has no database record. Creating.
[LOG 19:14:34.115] [DragCubeSystem]: Drag cubes not found or cannot be read for part Part. Generating New drag cubes.
[LOG 19:14:34.115] [KSPCF/DragCubeGeneration] Creating drag cubes for part 'mk1pod.v2'
[LOG 19:14:34.122] PartLoader: Compiling Part 'Squad/Parts/Command/mk2CockpitInline/mk2CockpitInline/mk2Cockpit_Inline'
[WRN 19:14:34.127] [Part]: Cannot have ModuleCargoPart and ModuleInventoryPart on same Part [mk2Cockpit.Inline'. Removed ModuleCargoPart
[LOG 19:14:34.131] PartLoader: Part 'Squad/Parts/Command/mk2CockpitInline/mk2CockpitInline/mk2Cockpit_Inline' has no database record. Creating.
[LOG 19:14:34.131] [DragCubeSystem]: Drag cubes not found or cannot be read for part Part. Generating New drag cubes.
[LOG 19:14:34.131] [KSPCF/DragCubeGeneration] Creating drag cubes for part 'mk2Cockpit.Inline'
[LOG 19:14:34.136] PartLoader: Compiling Part 'Squad/Parts/Command/mk2CockpitStandard/mk2CockpitStandard/mk2Cockpit_Standard'
[WRN 19:14:34.140] [Part]: Cannot have ModuleCargoPart and ModuleInventoryPart on same Part [mk2Cockpit.Standard'. Removed ModuleCargoPart
[LOG 19:14:34.146] PartLoader: Part 'Squad/Parts/Command/mk2CockpitStandard/mk2CockpitStandard/mk2Cockpit_Standard' has no database record. Creating.
[LOG 19:14:34.146] [DragCubeSystem]: Drag cubes not found or cannot be read for part Part. Generating New drag cubes.
[LOG 19:14:34.146] [KSPCF/DragCubeGeneration] Creating drag cubes for part 'mk2Cockpit.Standard'
[LOG 19:14:34.154] PartLoader: Compiling Part 'Squad/Parts/Command/mk2DroneCore/mk2Dronecore/mk2DroneCore'
[LOG 19:14:34.162] PartLoader: Part 'Squad/Parts/Command/mk2DroneCore/mk2Dronecore/mk2DroneCore' has no database record. Creating.
[LOG 19:14:34.164] PartLoader: Compiling Part 'Squad/Parts/Command/mk2LanderCan/mk2LanderCan/mk2LanderCabin'
[WRN 19:14:34.169] [Part]: Cannot have ModuleCargoPart and ModuleInventoryPart on same Part [mk2LanderCabin'. Removed ModuleCargoPart
[LOG 19:14:34.174] PartLoader: Part 'Squad/Parts/Command/mk2LanderCan/mk2LanderCan/mk2LanderCabin' has no database record. Creating.
[LOG 19:14:34.175] [DragCubeSystem]: Drag cubes not found or cannot be read for part Part. Generating New drag cubes.
[LOG 19:14:34.175] [KSPCF/DragCubeGeneration] Creating drag cubes for part 'mk2LanderCabin'
[LOG 19:14:34.181] PartLoader: Compiling Part 'Squad/Parts/Command/mk2LanderCan_v2/mk2LanderCan_v2/mk2LanderCabin_v2'
[WRN 19:14:34.187] [Part]: Cannot have ModuleCargoPart and ModuleInventoryPart on same Part [mk2LanderCabin.v2'. Removed ModuleCargoPart
[LOG 19:14:34.198] PartLoader: Part 'Squad/Parts/Command/mk2LanderCan_v2/mk2LanderCan_v2/mk2LanderCabin_v2' has no database record. Creating.
[LOG 19:14:34.198] [DragCubeSystem]: Drag cubes not found or cannot be read for part Part. Generating New drag cubes.
[LOG 19:14:34.198] [KSPCF/DragCubeGeneration] Creating drag cubes for part 'mk2LanderCabin.v2'
[LOG 19:14:34.206] PartLoader: Compiling Part 'Squad/Parts/Command/mk3CockpitShuttle/mk3CockpitShuttle/mk3Cockpit_Shuttle'
[LOG 19:14:34.216] PartLoader: Part 'Squad/Parts/Command/mk3CockpitShuttle/mk3CockpitShuttle/mk3Cockpit_Shuttle' has no database record. Creating.
[LOG 19:14:34.216] [DragCubeSystem]: Drag cubes not found or cannot be read for part Part. Generating New drag cubes.
[LOG 19:14:34.216] [KSPCF/DragCubeGeneration] Creating drag cubes for part 'mk3Cockpit.Shuttle'
[LOG 19:14:34.222] PartLoader: Compiling Part 'Squad/Parts/Command/MpoProbe/MpoProbe/MpoProbe'
[LOG 19:14:34.233] PartLoader: Part 'Squad/Parts/Command/MpoProbe/MpoProbe/MpoProbe' has no database record. Creating.
[LOG 19:14:34.233] [DragCubeSystem]: Drag cubes not found or cannot be read for part Part. Generating New drag cubes.
[LOG 19:14:34.233] [KSPCF/DragCubeGeneration] Creating drag cubes for part 'MpoProbe'
[LOG 19:14:34.240] PartLoader: Compiling Part 'Squad/Parts/Command/MtmStage/MTM_Stage/MtmStage'
[LOG 19:14:34.247] PartLoader: Part 'Squad/Parts/Command/MtmStage/MTM_Stage/MtmStage' has no database record. Creating.
[LOG 19:14:34.247] [DragCubeSystem]: Drag cubes not found or cannot be read for part Part. Generating New drag cubes.
[LOG 19:14:34.247] [KSPCF/DragCubeGeneration] Creating drag cubes for part 'MtmStage'
[LOG 19:14:34.254] PartLoader: Compiling Part 'Squad/Parts/Command/probeCoreCube/probeCoreCube/probeCoreCube'
[LOG 19:14:34.262] PartLoader: Part 'Squad/Parts/Command/probeCoreCube/probeCoreCube/probeCoreCube' has no database record. Creating.
[LOG 19:14:34.274] PartLoader: Compiling Part 'Squad/Parts/Command/probeCoreHex/probeCoreHex/probeCoreHex'
[LOG 19:14:34.279] PartLoader: Part 'Squad/Parts/Command/probeCoreHex/probeCoreHex/probeCoreHex' has no database record. Creating.
[LOG 19:14:34.279] [DragCubeSystem]: Drag cubes not found or cannot be read for part Part. Generating New drag cubes.
[LOG 19:14:34.279] [KSPCF/DragCubeGeneration] Creating drag cubes for part 'probeCoreHex'
[LOG 19:14:34.285] PartLoader: Compiling Part 'Squad/Parts/Command/probeCoreHex_v2/probeCoreHex_v2/probeCoreHex_v2'
[LOG 19:14:34.290] PartLoader: Part 'Squad/Parts/Command/probeCoreHex_v2/probeCoreHex_v2/probeCoreHex_v2' has no database record. Creating.
[LOG 19:14:34.290] [DragCubeSystem]: Drag cubes not found or cannot be read for part Part. Generating New drag cubes.
[LOG 19:14:34.290] [KSPCF/DragCubeGeneration] Creating drag cubes for part 'probeCoreHex.v2'
[LOG 19:14:34.295] PartLoader: Compiling Part 'Squad/Parts/Command/probeCoreOcto2_v2/probeCoreOcto2_v2/probeCoreOcto2_v2'
[LOG 19:14:34.302] PartLoader: Part 'Squad/Parts/Command/probeCoreOcto2_v2/probeCoreOcto2_v2/probeCoreOcto2_v2' has no database record. Creating.
[LOG 19:14:34.302] [DragCubeSystem]: Drag cubes not found or cannot be read for part Part. Generating New drag cubes.
[LOG 19:14:34.302] [KSPCF/DragCubeGeneration] Creating drag cubes for part 'probeCoreOcto2.v2'
[LOG 19:14:34.308] PartLoader: Compiling Part 'Squad/Parts/Command/probeCoreOcto_v2/probeCoreOcto_v2/probeCoreOcto_v2'
[LOG 19:14:34.315] PartLoader: Part 'Squad/Parts/Command/probeCoreOcto_v2/probeCoreOcto_v2/probeCoreOcto_v2' has no database record. Creating.
[LOG 19:14:34.315] [DragCubeSystem]: Drag cubes not found or cannot be read for part Part. Generating New drag cubes.
[LOG 19:14:34.315] [KSPCF/DragCubeGeneration] Creating drag cubes for part 'probeCoreOcto.v2'
[LOG 19:14:34.320] PartLoader: Compiling Part 'Squad/Parts/Command/probeRoverBody/probeRoverBody/roverBody'
[LOG 19:14:34.326] PartLoader: Part 'Squad/Parts/Command/probeRoverBody/probeRoverBody/roverBody' has no database record. Creating.
[LOG 19:14:34.327] [DragCubeSystem]: Drag cubes not found or cannot be read for part Part. Generating New drag cubes.
[LOG 19:14:34.327] [KSPCF/DragCubeGeneration] Creating drag cubes for part 'roverBody'
[LOG 19:14:34.332] PartLoader: Compiling Part 'Squad/Parts/Command/probeRoverBody_v2/probeRoverBody_v2/roverBody_v2'
[LOG 19:14:34.338] PartLoader: Part 'Squad/Parts/Command/probeRoverBody_v2/probeRoverBody_v2/roverBody_v2' has no database record. Creating.
[LOG 19:14:34.338] [DragCubeSystem]: Drag cubes not found or cannot be read for part Part. Generating New drag cubes.
[LOG 19:14:34.339] [KSPCF/DragCubeGeneration] Creating drag cubes for part 'roverBody.v2'
[LOG 19:14:34.358] PartLoader: Compiling Part 'Squad/Parts/Command/probeStackLarge/probeStackLarge/probeStackLarge'
[LOG 19:14:34.366] PartLoader: Part 'Squad/Parts/Command/probeStackLarge/probeStackLarge/probeStackLarge' has no database record. Creating.
[LOG 19:14:34.366] [DragCubeSystem]: Drag cubes not found or cannot be read for part Part. Generating New drag cubes.
[LOG 19:14:34.366] [KSPCF/DragCubeGeneration] Creating drag cubes for part 'probeStackLarge'
[LOG 19:14:34.371] PartLoader: Compiling Part 'Squad/Parts/Command/probeStackSmall/probeStackSmall/probeStackSmall'
[LOG 19:14:34.380] PartLoader: Part 'Squad/Parts/Command/probeStackSmall/probeStackSmall/probeStackSmall' has no database record. Creating.
[LOG 19:14:34.380] [DragCubeSystem]: Drag cubes not found or cannot be read for part Part. Generating New drag cubes.
[LOG 19:14:34.380] [KSPCF/DragCubeGeneration] Creating drag cubes for part 'probeStackSmall'
[LOG 19:14:34.388] PartLoader: Compiling Part 'Squad/Parts/Command/probeStackSphere_v2/probeStackSphere_v2/probeCoreSphere_v2'
[LOG 19:14:34.394] PartLoader: Part 'Squad/Parts/Command/probeStackSphere_v2/probeStackSphere_v2/probeCoreSphere_v2' has no database record. Creating.
[LOG 19:14:34.396] PartLoader: Compiling Part 'Squad/Parts/CompoundParts/FuelLine/fuelLine/fuelLine'
[LOG 19:14:34.429] PartLoader: Part 'Squad/Parts/CompoundParts/FuelLine/fuelLine/fuelLine' has no database record. Creating.
[LOG 19:14:34.429] [DragCubeSystem]: Drag cubes not found or cannot be read for part CompoundPart. Generating New drag cubes.
[LOG 19:14:34.429] [KSPCF/DragCubeGeneration] Creating drag cubes for part 'fuelLine'
[LOG 19:14:34.434] PartLoader: Compiling Part 'Squad/Parts/CompoundParts/strutConnector/strutConnector/strutConnector'
[LOG 19:14:34.444] PartLoader: Part 'Squad/Parts/CompoundParts/strutConnector/strutConnector/strutConnector' has no database record. Creating.
[LOG 19:14:34.444] [DragCubeSystem]: Drag cubes not found or cannot be read for part CompoundPart. Generating New drag cubes.
[LOG 19:14:34.444] [KSPCF/DragCubeGeneration] Creating drag cubes for part 'strutConnector'
[LOG 19:14:34.449] PartLoader: Compiling Part 'Squad/Parts/Coupling/Decoupler_0/Decoupler_0'
[LOG 19:14:34.461] PartLoader: Part 'Squad/Parts/Coupling/Decoupler_0/Decoupler_0' has no database record. Creating.
[LOG 19:14:34.463] PartLoader: Compiling Part 'Squad/Parts/Coupling/Decoupler_1/Decoupler_1'
[LOG 19:14:34.471] PartLoader: Part 'Squad/Parts/Coupling/Decoupler_1/Decoupler_1' has no database record. Creating.
[LOG 19:14:34.472] PartLoader: Compiling Part 'Squad/Parts/Coupling/Decoupler_2/Decoupler_2'
[LOG 19:14:34.476] PartLoader: Part 'Squad/Parts/Coupling/Decoupler_2/Decoupler_2' has no database record. Creating.
[LOG 19:14:34.476] PartLoader: Compiling Part 'Squad/Parts/Coupling/Decoupler_3/Decoupler_3'
[LOG 19:14:34.481] PartLoader: Part 'Squad/Parts/Coupling/Decoupler_3/Decoupler_3' has no database record. Creating.
[LOG 19:14:34.481] PartLoader: Compiling Part 'Squad/Parts/Coupling/Separator_0/Separator_0'
[LOG 19:14:34.486] PartLoader: Part 'Squad/Parts/Coupling/Separator_0/Separator_0' has no database record. Creating.
[LOG 19:14:34.487] PartLoader: Compiling Part 'Squad/Parts/Coupling/Separator_1/Separator_1'
[LOG 19:14:34.491] PartLoader: Part 'Squad/Parts/Coupling/Separator_1/Separator_1' has no database record. Creating.
[LOG 19:14:34.492] PartLoader: Compiling Part 'Squad/Parts/Coupling/Separator_2/Separator_2'
[LOG 19:14:34.496] PartLoader: Part 'Squad/Parts/Coupling/Separator_2/Separator_2' has no database record. Creating.
[LOG 19:14:34.498] PartLoader: Compiling Part 'Squad/Parts/Coupling/Separator_3/Separator_3'
[LOG 19:14:34.504] PartLoader: Part 'Squad/Parts/Coupling/Separator_3/Separator_3' has no database record. Creating.
[LOG 19:14:34.505] PartLoader: Compiling Part 'Squad/Parts/Electrical/10CSolarPanels/OX-10C/solarPanelOX10C'
[LOG 19:14:34.519] PartLoader: Part 'Squad/Parts/Electrical/10CSolarPanels/OX-10C/solarPanelOX10C' has no database record. Creating.
[LOG 19:14:34.519] [DragCubeSystem]: Drag cubes not found or cannot be read for part Part. Generating New drag cubes.
[LOG 19:14:34.519] [KSPCF/DragCubeGeneration] Creating drag cubes for part 'solarPanelOX10C'
[LOG 19:14:34.537] PartLoader: Compiling Part 'Squad/Parts/Electrical/10CSolarPanels/SP-10C/solarPanelSP10C'
[LOG 19:14:34.541] PartLoader: Part 'Squad/Parts/Electrical/10CSolarPanels/SP-10C/solarPanelSP10C' has no database record. Creating.
[LOG 19:14:34.541] [DragCubeSystem]: Drag cubes not found or cannot be read for part Part. Generating New drag cubes.
[LOG 19:14:34.541] [KSPCF/DragCubeGeneration] Creating drag cubes for part 'solarPanelSP10C'
[LOG 19:14:34.557] PartLoader: Compiling Part 'Squad/Parts/Electrical/10LSolarPanels/OX-10L/solarPanelOX10L'
[LOG 19:14:34.561] PartLoader: Part 'Squad/Parts/Electrical/10LSolarPanels/OX-10L/solarPanelOX10L' has no database record. Creating.
[LOG 19:14:34.561] [DragCubeSystem]: Drag cubes not found or cannot be read for part Part. Generating New drag cubes.
[LOG 19:14:34.561] [KSPCF/DragCubeGeneration] Creating drag cubes for part 'solarPanelOX10L'
[LOG 19:14:34.576] PartLoader: Compiling Part 'Squad/Parts/Electrical/10LSolarPanels/SP-10L/solarPanelSP10L'
[LOG 19:14:34.580] PartLoader: Part 'Squad/Parts/Electrical/10LSolarPanels/SP-10L/solarPanelSP10L' has no database record. Creating.
[LOG 19:14:34.580] [DragCubeSystem]: Drag cubes not found or cannot be read for part Part. Generating New drag cubes.
[LOG 19:14:34.580] [KSPCF/DragCubeGeneration] Creating drag cubes for part 'solarPanelSP10L'
[LOG 19:14:34.595] PartLoader: Compiling Part 'Squad/Parts/Electrical/1x6ShroudSolarPanels/1x6ShroudSolarPanels/solarPanels2'
[LOG 19:14:34.601] PartLoader: Part 'Squad/Parts/Electrical/1x6ShroudSolarPanels/1x6ShroudSolarPanels/solarPanels2' has no database record. Creating.
[LOG 19:14:34.601] [DragCubeSystem]: Drag cubes not found or cannot be read for part Part. Generating New drag cubes.
[LOG 19:14:34.601] [KSPCF/DragCubeGeneration] Creating drag cubes for part 'solarPanels2'
[LOG 19:14:34.618] PartLoader: Compiling Part 'Squad/Parts/Electrical/1x6SolarPanels/1x6SolarPanels/solarPanels4'
[LOG 19:14:34.622] PartLoader: Part 'Squad/Parts/Electrical/1x6SolarPanels/1x6SolarPanels/solarPanels4' has no database record. Creating.
[LOG 19:14:34.622] [DragCubeSystem]: Drag cubes not found or cannot be read for part Part. Generating New drag cubes.
[LOG 19:14:34.622] [KSPCF/DragCubeGeneration] Creating drag cubes for part 'solarPanels4'
[LOG 19:14:34.637] PartLoader: Compiling Part 'Squad/Parts/Electrical/3x2ShroudSolarPanels/3x2ShroudSolarPanels/solarPanels1'
[LOG 19:14:34.640] PartLoader: Part 'Squad/Parts/Electrical/3x2ShroudSolarPanels/3x2ShroudSolarPanels/solarPanels1' has no database record. Creating.
[LOG 19:14:34.640] [DragCubeSystem]: Drag cubes not found or cannot be read for part Part. Generating New drag cubes.
[LOG 19:14:34.640] [KSPCF/DragCubeGeneration] Creating drag cubes for part 'solarPanels1'
[LOG 19:14:34.655] PartLoader: Compiling Part 'Squad/Parts/Electrical/3x2SolarPanels/3x2SolarPanels/solarPanels3'
[LOG 19:14:34.659] PartLoader: Part 'Squad/Parts/Electrical/3x2SolarPanels/3x2SolarPanels/solarPanels3' has no database record. Creating.
[LOG 19:14:34.659] [DragCubeSystem]: Drag cubes not found or cannot be read for part Part. Generating New drag cubes.
[LOG 19:14:34.659] [KSPCF/DragCubeGeneration] Creating drag cubes for part 'solarPanels3'
[LOG 19:14:34.675] PartLoader: Compiling Part 'Squad/Parts/Electrical/gigantorXlSolarArray/gigantorXlSolarArray/largeSolarPanel'
[LOG 19:14:34.680] PartLoader: Part 'Squad/Parts/Electrical/gigantorXlSolarArray/gigantorXlSolarArray/largeSolarPanel' has no database record. Creating.
[LOG 19:14:34.680] [DragCubeSystem]: Drag cubes not found or cannot be read for part Part. Generating New drag cubes.
[LOG 19:14:34.680] [KSPCF/DragCubeGeneration] Creating drag cubes for part 'largeSolarPanel'
[LOG 19:14:34.695] PartLoader: Compiling Part 'Squad/Parts/Electrical/radialFlatSolarPanel/radialFlatSolarPanel/solarPanels5'
[LOG 19:14:34.699] PartLoader: Part 'Squad/Parts/Electrical/radialFlatSolarPanel/radialFlatSolarPanel/solarPanels5' has no database record. Creating.
[LOG 19:14:34.699] [DragCubeSystem]: Drag cubes not found or cannot be read for part Part. Generating New drag cubes.
[LOG 19:14:34.699] [KSPCF/DragCubeGeneration] Creating drag cubes for part 'solarPanels5'
[LOG 19:14:34.707] PartLoader: Compiling Part 'Squad/Parts/Electrical/RTG/RTG/rtg'
[LOG 19:14:34.724] PartLoader: Part 'Squad/Parts/Electrical/RTG/RTG/rtg' has no database record. Creating.
[LOG 19:14:34.724] [DragCubeSystem]: Drag cubes not found or cannot be read for part Part. Generating New drag cubes.
[LOG 19:14:34.724] [KSPCF/DragCubeGeneration] Creating drag cubes for part 'rtg'
[LOG 19:14:34.729] PartLoader: Compiling Part 'Squad/Parts/Electrical/z-100Battery/z-100Battery/batteryPack'
[LOG 19:14:34.733] PartLoader: Part 'Squad/Parts/Electrical/z-100Battery/z-100Battery/batteryPack' has no database record. Creating.
[LOG 19:14:34.733] [DragCubeSystem]: Drag cubes not found or cannot be read for part Part. Generating New drag cubes.
[LOG 19:14:34.733] [KSPCF/DragCubeGeneration] Creating drag cubes for part 'batteryPack'
[LOG 19:14:34.738] PartLoader: Compiling Part 'Squad/Parts/Electrical/z-1kBattery/z-1kBattery/batteryBank'
[LOG 19:14:34.742] PartLoader: Part 'Squad/Parts/Electrical/z-1kBattery/z-1kBattery/batteryBank' has no database record. Creating.
[LOG 19:14:34.742] [DragCubeSystem]: Drag cubes not found or cannot be read for part Part. Generating New drag cubes.
[LOG 19:14:34.742] [KSPCF/DragCubeGeneration] Creating drag cubes for part 'batteryBank'
[LOG 19:14:34.746] PartLoader: Compiling Part 'Squad/Parts/Electrical/z-200Battery/z-200Battery/batteryBankMini'
[LOG 19:14:34.749] PartLoader: Part 'Squad/Parts/Electrical/z-200Battery/z-200Battery/batteryBankMini' has no database record. Creating.
[LOG 19:14:34.749] [DragCubeSystem]: Drag cubes not found or cannot be read for part Part. Generating New drag cubes.
[LOG 19:14:34.749] [KSPCF/DragCubeGeneration] Creating drag cubes for part 'batteryBankMini'
[LOG 19:14:34.754] PartLoader: Compiling Part 'Squad/Parts/Electrical/z-400Battery/z-400Battery/ksp_r_largeBatteryPack'
[LOG 19:14:34.756] PartLoader: Part 'Squad/Parts/Electrical/z-400Battery/z-400Battery/ksp_r_largeBatteryPack' has no database record. Creating.
[LOG 19:14:34.756] [DragCubeSystem]: Drag cubes not found or cannot be read for part Part. Generating New drag cubes.
[LOG 19:14:34.756] [KSPCF/DragCubeGeneration] Creating drag cubes for part 'ksp.r.largeBatteryPack'
[LOG 19:14:34.760] PartLoader: Compiling Part 'Squad/Parts/Electrical/z-4kBattery/z-4kBattery/batteryBankLarge'
[LOG 19:14:34.763] PartLoader: Part 'Squad/Parts/Electrical/z-4kBattery/z-4kBattery/batteryBankLarge' has no database record. Creating.
[LOG 19:14:34.763] [DragCubeSystem]: Drag cubes not found or cannot be read for part Part. Generating New drag cubes.
[LOG 19:14:34.763] [KSPCF/DragCubeGeneration] Creating drag cubes for part 'batteryBankLarge'
[LOG 19:14:34.767] PartLoader: Compiling Part 'Squad/Parts/Engine/ionEngine/ionEngine/ionEngine'
[LOG 19:14:34.784] PartLoader: Part 'Squad/Parts/Engine/ionEngine/ionEngine/ionEngine' has no database record. Creating.
[LOG 19:14:34.784] [DragCubeSystem]: Drag cubes not found or cannot be read for part Part. Generating New drag cubes.
[LOG 19:14:34.784] [KSPCF/DragCubeGeneration] Creating drag cubes for part 'ionEngine'
[LOG 19:14:34.793] PartLoader: Compiling Part 'Squad/Parts/Engine/jetEngines/jetEngineAfterburning/turboJet'
[LOG 19:14:34.835] PartLoader: Part 'Squad/Parts/Engine/jetEngines/jetEngineAfterburning/turboJet' has no database record. Creating.
[LOG 19:14:34.835] [DragCubeSystem]: Drag cubes not found or cannot be read for part Part. Generating New drag cubes.
[LOG 19:14:34.835] [KSPCF/DragCubeGeneration] Creating drag cubes for part 'turboJet'
[LOG 19:14:34.848] PartLoader: Compiling Part 'Squad/Parts/Engine/jetEngines/jetEngineBasic/JetEngine'
[LOG 19:14:34.862] PartLoader: Part 'Squad/Parts/Engine/jetEngines/jetEngineBasic/JetEngine' has no database record. Creating.
[LOG 19:14:34.862] [DragCubeSystem]: Drag cubes not found or cannot be read for part Part. Generating New drag cubes.
[LOG 19:14:34.862] [KSPCF/DragCubeGeneration] Creating drag cubes for part 'JetEngine'
[LOG 19:14:34.878] PartLoader: Compiling Part 'Squad/Parts/Engine/jetEngines/jetEngineBig/turboFanSize2'
[LOG 19:14:34.891] PartLoader: Part 'Squad/Parts/Engine/jetEngines/jetEngineBig/turboFanSize2' has no database record. Creating.
[LOG 19:14:34.891] [DragCubeSystem]: Drag cubes not found or cannot be read for part Part. Generating New drag cubes.
[LOG 19:14:34.891] [KSPCF/DragCubeGeneration] Creating drag cubes for part 'turboFanSize2'
[LOG 19:14:34.908] PartLoader: Compiling Part 'Squad/Parts/Engine/jetEngines/jetEngineTurbo/turboFanEngine'
[LOG 19:14:34.919] PartLoader: Part 'Squad/Parts/Engine/jetEngines/jetEngineTurbo/turboFanEngine' has no database record. Creating.
[LOG 19:14:34.919] [DragCubeSystem]: Drag cubes not found or cannot be read for part Part. Generating New drag cubes.
[LOG 19:14:34.919] [KSPCF/DragCubeGeneration] Creating drag cubes for part 'turboFanEngine'
[LOG 19:14:34.925] PartLoader: Compiling Part 'Squad/Parts/Engine/liquidEngine24-77/liquidEngine24-77/smallRadialEngine'
[LOG 19:14:34.932] PartLoader: Part 'Squad/Parts/Engine/liquidEngine24-77/liquidEngine24-77/smallRadialEngine' has no database record. Creating.
[LOG 19:14:34.932] [DragCubeSystem]: Drag cubes not found or cannot be read for part Part. Generating New drag cubes.
[LOG 19:14:34.932] [KSPCF/DragCubeGeneration] Creating drag cubes for part 'smallRadialEngine'
[LOG 19:14:34.939] PartLoader: Compiling Part 'Squad/Parts/Engine/liquidEngine24-77_v2/liquidEngine24-77_v2/smallRadialEngine_v2'
[LOG 19:14:34.950] PartLoader: Part 'Squad/Parts/Engine/liquidEngine24-77_v2/liquidEngine24-77_v2/smallRadialEngine_v2' has no database record. Creating.
[LOG 19:14:34.950] [DragCubeSystem]: Drag cubes not found or cannot be read for part Part. Generating New drag cubes.
[LOG 19:14:34.950] [KSPCF/DragCubeGeneration] Creating drag cubes for part 'smallRadialEngine.v2'
[LOG 19:14:34.955] PartLoader: Compiling Part 'Squad/Parts/Engine/liquidEngine48-7S_v2/liquidEngine48-7S_v2/liquidEngineMini_v2'
[LOG 19:14:34.965] PartLoader: Part 'Squad/Parts/Engine/liquidEngine48-7S_v2/liquidEngine48-7S_v2/liquidEngineMini_v2' has no database record. Creating.
[LOG 19:14:34.965] [DragCubeSystem]: Drag cubes not found or cannot be read for part Part. Generating New drag cubes.
[LOG 19:14:34.965] [KSPCF/DragCubeGeneration] Creating drag cubes for part 'liquidEngineMini.v2'
[LOG 19:14:34.993] PartLoader: Compiling Part 'Squad/Parts/Engine/liquidEngineAerospike/liquidEngineAerospike/toroidalAerospike'
[LOG 19:14:35.009] PartLoader: Part 'Squad/Parts/Engine/liquidEngineAerospike/liquidEngineAerospike/toroidalAerospike' has no database record. Creating.
[LOG 19:14:35.009] [DragCubeSystem]: Drag cubes not found or cannot be read for part Part. Generating New drag cubes.
[LOG 19:14:35.009] [KSPCF/DragCubeGeneration] Creating drag cubes for part 'toroidalAerospike'
[LOG 19:14:35.023] PartLoader: Compiling Part 'Squad/Parts/Engine/liquidEngineLV-1_v2/liquidEngineLV-1R _v2/radialEngineMini_v2'
[LOG 19:14:35.030] PartLoader: Part 'Squad/Parts/Engine/liquidEngineLV-1_v2/liquidEngineLV-1R _v2/radialEngineMini_v2' has no database record. Creating.
[LOG 19:14:35.030] [DragCubeSystem]: Drag cubes not found or cannot be read for part Part. Generating New drag cubes.
[LOG 19:14:35.031] [KSPCF/DragCubeGeneration] Creating drag cubes for part 'radialEngineMini.v2'
[LOG 19:14:35.046] PartLoader: Compiling Part 'Squad/Parts/Engine/liquidEngineLV-1_v2/liquidEngineLV-1_v2/microEngine_v2'
[LOG 19:14:35.053] PartLoader: Part 'Squad/Parts/Engine/liquidEngineLV-1_v2/liquidEngineLV-1_v2/microEngine_v2' has no database record. Creating.
[LOG 19:14:35.053] [DragCubeSystem]: Drag cubes not found or cannot be read for part Part. Generating New drag cubes.
[LOG 19:14:35.053] [KSPCF/DragCubeGeneration] Creating drag cubes for part 'microEngine.v2'
[LOG 19:14:35.066] PartLoader: Compiling Part 'Squad/Parts/Engine/liquidEngineLV-909_v2/liquidEngineLV-909_v2/liquidEngine3_v2'
[LOG 19:14:35.076] PartLoader: Part 'Squad/Parts/Engine/liquidEngineLV-909_v2/liquidEngineLV-909_v2/liquidEngine3_v2' has no database record. Creating.
[LOG 19:14:35.076] [DragCubeSystem]: Drag cubes not found or cannot be read for part Part. Generating New drag cubes.
[LOG 19:14:35.076] [KSPCF/DragCubeGeneration] Creating drag cubes for part 'liquidEngine3.v2'
[LOG 19:14:35.101] PartLoader: Compiling Part 'Squad/Parts/Engine/liquidEngineLV-N/liquidEngineLV-N/nuclearEngine'
[LOG 19:14:35.107] PartLoader: Part 'Squad/Parts/Engine/liquidEngineLV-N/liquidEngineLV-N/nuclearEngine' has no database record. Creating.
[LOG 19:14:35.107] [DragCubeSystem]: Drag cubes not found or cannot be read for part Part. Generating New drag cubes.
[LOG 19:14:35.107] [KSPCF/DragCubeGeneration] Part 'nuclearEngine' has defined a procedural drag cube setup
[LOG 19:14:35.108] PartLoader: Compiling Part 'Squad/Parts/Engine/liquidEngineLV-T30/liquidEngineLV-T30/liquidEngine'
[LOG 19:14:35.114] PartLoader: Part 'Squad/Parts/Engine/liquidEngineLV-T30/liquidEngineLV-T30/liquidEngine' has no database record. Creating.
[LOG 19:14:35.114] [DragCubeSystem]: Drag cubes not found or cannot be read for part Part. Generating New drag cubes.
[LOG 19:14:35.114] [KSPCF/DragCubeGeneration] Creating drag cubes for part 'liquidEngine'
[LOG 19:14:35.129] PartLoader: Compiling Part 'Squad/Parts/Engine/liquidEngineLV-T30_v2/liquidEngineLV-T30_v2/liquidEngine_v2'
[LOG 19:14:35.137] PartLoader: Part 'Squad/Parts/Engine/liquidEngineLV-T30_v2/liquidEngineLV-T30_v2/liquidEngine_v2' has no database record. Creating.
[LOG 19:14:35.138] PartLoader: Compiling Part 'Squad/Parts/Engine/liquidEngineLV-T45/liquidEngineLV-T45/liquidEngine2'
[LOG 19:14:35.145] PartLoader: Part 'Squad/Parts/Engine/liquidEngineLV-T45/liquidEngineLV-T45/liquidEngine2' has no database record. Creating.
[LOG 19:14:35.145] [DragCubeSystem]: Drag cubes not found or cannot be read for part Part. Generating New drag cubes.
[LOG 19:14:35.146] [KSPCF/DragCubeGeneration] Creating drag cubes for part 'liquidEngine2'
[LOG 19:14:35.159] PartLoader: Compiling Part 'Squad/Parts/Engine/liquidEngineLV-T45_v2/liquidEngineLV-T45_v2/liquidEngine2_v2'
[LOG 19:14:35.168] PartLoader: Part 'Squad/Parts/Engine/liquidEngineLV-T45_v2/liquidEngineLV-T45_v2/liquidEngine2_v2' has no database record. Creating.
[LOG 19:14:35.170] PartLoader: Compiling Part 'Squad/Parts/Engine/liquidEngineMainsail_v2/liquidEngineMainsail_v2/liquidEngineMainsail_v2'
[LOG 19:14:35.180] PartLoader: Part 'Squad/Parts/Engine/liquidEngineMainsail_v2/liquidEngineMainsail_v2/liquidEngineMainsail_v2' has no database record. Creating.
[LOG 19:14:35.180] [DragCubeSystem]: Drag cubes not found or cannot be read for part Part. Generating New drag cubes.
[LOG 19:14:35.180] [KSPCF/DragCubeGeneration] Creating drag cubes for part 'liquidEngineMainsail.v2'
[LOG 19:14:35.212] PartLoader: Compiling Part 'Squad/Parts/Engine/liquidEngineMk55/liquidEngineMk55/radialLiquidEngine1-2'
[LOG 19:14:35.218] PartLoader: Part 'Squad/Parts/Engine/liquidEngineMk55/liquidEngineMk55/radialLiquidEngine1-2' has no database record. Creating.
[LOG 19:14:35.219] [DragCubeSystem]: Drag cubes not found or cannot be read for part Part. Generating New drag cubes.
[LOG 19:14:35.219] [KSPCF/DragCubeGeneration] Creating drag cubes for part 'radialLiquidEngine1-2'
[LOG 19:14:35.223] PartLoader: Compiling Part 'Squad/Parts/Engine/liquidEnginePoodle_v2/liquidEnginePoodle_v2/liquidEngine2-2_v2'
[LOG 19:14:35.235] PartLoader: Part 'Squad/Parts/Engine/liquidEnginePoodle_v2/liquidEnginePoodle_v2/liquidEngine2-2_v2' has no database record. Creating.
[LOG 19:14:35.238] PartLoader: Compiling Part 'Squad/Parts/Engine/liquidEngineSkipper_v2/skipperLiquidEngine_v2/engineLargeSkipper_v2'
[LOG 19:14:35.248] PartLoader: Part 'Squad/Parts/Engine/liquidEngineSkipper_v2/skipperLiquidEngine_v2/engineLargeSkipper_v2' has no database record. Creating.
[LOG 19:14:35.248] [DragCubeSystem]: Drag cubes not found or cannot be read for part Part. Generating New drag cubes.
[LOG 19:14:35.248] [KSPCF/DragCubeGeneration] Creating drag cubes for part 'engineLargeSkipper.v2'
[LOG 19:14:35.276] PartLoader: Compiling Part 'Squad/Parts/Engine/liquidEngineSSME/SSME/SSME'
[LOG 19:14:35.285] PartLoader: Part 'Squad/Parts/Engine/liquidEngineSSME/SSME/SSME' has no database record. Creating.
[LOG 19:14:35.285] [DragCubeSystem]: Drag cubes not found or cannot be read for part Part. Generating New drag cubes.
[LOG 19:14:35.285] [KSPCF/DragCubeGeneration] Creating drag cubes for part 'SSME'
[LOG 19:14:35.298] PartLoader: Compiling Part 'Squad/Parts/Engine/MassiveSRB/part/MassiveBooster'
[LOG 19:14:35.309] PartLoader: Part 'Squad/Parts/Engine/MassiveSRB/part/MassiveBooster' has no database record. Creating.
[LOG 19:14:35.309] [DragCubeSystem]: Drag cubes not found or cannot be read for part Part. Generating New drag cubes.
[LOG 19:14:35.309] [KSPCF/DragCubeGeneration] Creating drag cubes for part 'MassiveBooster'
[LOG 19:14:35.314] PartLoader: Compiling Part 'Squad/Parts/Engine/miniJet/SmallJetEngine/miniJetEngine'
[LOG 19:14:35.321] PartLoader: Part 'Squad/Parts/Engine/miniJet/SmallJetEngine/miniJetEngine' has no database record. Creating.
[LOG 19:14:35.321] [DragCubeSystem]: Drag cubes not found or cannot be read for part Part. Generating New drag cubes.
[LOG 19:14:35.321] [KSPCF/DragCubeGeneration] Creating drag cubes for part 'miniJetEngine'
[LOG 19:14:35.326] PartLoader: Compiling Part 'Squad/Parts/Engine/OMSEngine/omsEngine/omsEngine'
[LOG 19:14:35.333] PartLoader: Part 'Squad/Parts/Engine/OMSEngine/omsEngine/omsEngine' has no database record. Creating.
[LOG 19:14:35.333] [DragCubeSystem]: Drag cubes not found or cannot be read for part Part. Generating New drag cubes.
[LOG 19:14:35.333] [KSPCF/DragCubeGeneration] Creating drag cubes for part 'omsEngine'
[LOG 19:14:35.340] PartLoader: Compiling Part 'Squad/Parts/Engine/rapierEngine/rapierEngine/RAPIER'
[LOG 19:14:35.357] PartLoader: Part 'Squad/Parts/Engine/rapierEngine/rapierEngine/RAPIER' has no database record. Creating.
[LOG 19:14:35.357] [DragCubeSystem]: Drag cubes not found or cannot be read for part Part. Generating New drag cubes.
[LOG 19:14:35.357] [KSPCF/DragCubeGeneration] Creating drag cubes for part 'RAPIER'
[LOG 19:14:35.364] PartLoader: Compiling Part 'Squad/Parts/Engine/Size1_SRBs/solidBoosterRT-10_v2/solidBooster_v2'
[LOG 19:14:35.375] PartLoader: Part 'Squad/Parts/Engine/Size1_SRBs/solidBoosterRT-10_v2/solidBooster_v2' has no database record. Creating.
[LOG 19:14:35.375] [DragCubeSystem]: Drag cubes not found or cannot be read for part Part. Generating New drag cubes.
[LOG 19:14:35.375] [KSPCF/DragCubeGeneration] Creating drag cubes for part 'solidBooster.v2'
[LOG 19:14:35.401] PartLoader: Compiling Part 'Squad/Parts/Engine/Size1_SRBs/solidBoosterRT-5_v2/solidBooster_sm_v2'
[LOG 19:14:35.414] PartLoader: Part 'Squad/Parts/Engine/Size1_SRBs/solidBoosterRT-5_v2/solidBooster_sm_v2' has no database record. Creating.
[LOG 19:14:35.414] [DragCubeSystem]: Drag cubes not found or cannot be read for part Part. Generating New drag cubes.
[LOG 19:14:35.414] [KSPCF/DragCubeGeneration] Creating drag cubes for part 'solidBooster.sm.v2'
[LOG 19:14:35.442] PartLoader: Compiling Part 'Squad/Parts/Engine/Size2LFB/part/Size2LFB'
[LOG 19:14:35.449] PartLoader: Part 'Squad/Parts/Engine/Size2LFB/part/Size2LFB' has no database record. Creating.
[LOG 19:14:35.449] [DragCubeSystem]: Drag cubes not found or cannot be read for part Part. Generating New drag cubes.
[LOG 19:14:35.449] [KSPCF/DragCubeGeneration] Creating drag cubes for part 'Size2LFB'
[LOG 19:14:35.454] PartLoader: Compiling Part 'Squad/Parts/Engine/Size2LFB_v2/part/Size2LFB_v2'
[LOG 19:14:35.462] PartLoader: Part 'Squad/Parts/Engine/Size2LFB_v2/part/Size2LFB_v2' has no database record. Creating.
[LOG 19:14:35.463] [DragCubeSystem]: Drag cubes not found or cannot be read for part Part. Generating New drag cubes.
[LOG 19:14:35.463] [KSPCF/DragCubeGeneration] Creating drag cubes for part 'Size2LFB.v2'
[LOG 19:14:35.469] PartLoader: Compiling Part 'Squad/Parts/Engine/Size3AdvancedEngine/part/Size3AdvancedEngine'
[LOG 19:14:35.478] PartLoader: Part 'Squad/Parts/Engine/Size3AdvancedEngine/part/Size3AdvancedEngine' has no database record. Creating.
[LOG 19:14:35.478] [DragCubeSystem]: Drag cubes not found or cannot be read for part Part. Generating New drag cubes.
[LOG 19:14:35.478] [KSPCF/DragCubeGeneration] Creating drag cubes for part 'Size3AdvancedEngine'
[LOG 19:14:35.494] PartLoader: Compiling Part 'Squad/Parts/Engine/Size3EngineCluster/part/Size3EngineCluster'
[LOG 19:14:35.501] PartLoader: Part 'Squad/Parts/Engine/Size3EngineCluster/part/Size3EngineCluster' has no database record. Creating.
[LOG 19:14:35.501] [DragCubeSystem]: Drag cubes not found or cannot be read for part Part. Generating New drag cubes.
[LOG 19:14:35.501] [KSPCF/DragCubeGeneration] Creating drag cubes for part 'Size3EngineCluster'
[LOG 19:14:35.507] PartLoader: Compiling Part 'Squad/Parts/Engine/solidBoosterBACC/solidBoosterBACC/solidBooster1-1'
[LOG 19:14:35.512] PartLoader: Part 'Squad/Parts/Engine/solidBoosterBACC/solidBoosterBACC/solidBooster1-1' has no database record. Creating.
[LOG 19:14:35.512] [DragCubeSystem]: Drag cubes not found or cannot be read for part Part. Generating New drag cubes.
[LOG 19:14:35.512] [KSPCF/DragCubeGeneration] Creating drag cubes for part 'solidBooster1-1'
[LOG 19:14:35.517] PartLoader: Compiling Part 'Squad/Parts/Engine/solidBoosterS2-17/solidBoosterS2-17/Thoroughbred'
[LOG 19:14:35.529] PartLoader: Part 'Squad/Parts/Engine/solidBoosterS2-17/solidBoosterS2-17/Thoroughbred' has no database record. Creating.
[LOG 19:14:35.529] [DragCubeSystem]: Drag cubes not found or cannot be read for part Part. Generating New drag cubes.
[LOG 19:14:35.529] [KSPCF/DragCubeGeneration] Creating drag cubes for part 'Thoroughbred'
[LOG 19:14:35.535] PartLoader: Compiling Part 'Squad/Parts/Engine/solidBoosterS2-33/solidBoosterS2-33/Clydesdale'
[LOG 19:14:35.541] PartLoader: Part 'Squad/Parts/Engine/solidBoosterS2-33/solidBoosterS2-33/Clydesdale' has no database record. Creating.
[LOG 19:14:35.541] [DragCubeSystem]: Drag cubes not found or cannot be read for part Part. Generating New drag cubes.
[LOG 19:14:35.541] [KSPCF/DragCubeGeneration] Creating drag cubes for part 'Clydesdale'
[LOG 19:14:35.546] PartLoader: Compiling Part 'Squad/Parts/Engine/solidBoosterSep/solidBoosterSep/sepMotor1'
[LOG 19:14:35.549] [ModuleCargoPart]: Setting stackableQuantity to 1 as sepMotor1 contains resources
[LOG 19:14:35.551] PartLoader: Part 'Squad/Parts/Engine/solidBoosterSep/solidBoosterSep/sepMotor1' has no database record. Creating.
[LOG 19:14:35.551] [DragCubeSystem]: Drag cubes not found or cannot be read for part Part. Generating New drag cubes.
[LOG 19:14:35.551] [KSPCF/DragCubeGeneration] Creating drag cubes for part 'sepMotor1'
[LOG 19:14:35.557] PartLoader: Compiling Part 'Squad/Parts/Engine/SolidBoostersF/SolidBoosterF3S0/Shrimp'
[LOG 19:14:35.568] PartLoader: Part 'Squad/Parts/Engine/SolidBoostersF/SolidBoosterF3S0/Shrimp' has no database record. Creating.
[LOG 19:14:35.568] [DragCubeSystem]: Drag cubes not found or cannot be read for part Part. Generating New drag cubes.
[LOG 19:14:35.568] [KSPCF/DragCubeGeneration] Creating drag cubes for part 'Shrimp'
[LOG 19:14:35.573] PartLoader: Compiling Part 'Squad/Parts/Engine/SolidBoostersF/SolidBoosterFM1/Mite'
[LOG 19:14:35.579] PartLoader: Part 'Squad/Parts/Engine/SolidBoostersF/SolidBoosterFM1/Mite' has no database record. Creating.
[LOG 19:14:35.579] [DragCubeSystem]: Drag cubes not found or cannot be read for part Part. Generating New drag cubes.
[LOG 19:14:35.579] [KSPCF/DragCubeGeneration] Creating drag cubes for part 'Mite'
[LOG 19:14:35.584] PartLoader: Compiling Part 'Squad/Parts/FuelTank/adapterTanks/Mk3-Mk2/adapterMk3-Mk2'
[LOG 19:14:35.586] PartLoader: Part 'Squad/Parts/FuelTank/adapterTanks/Mk3-Mk2/adapterMk3-Mk2' has no database record. Creating.
[LOG 19:14:35.587] [DragCubeSystem]: Drag cubes not found or cannot be read for part Part. Generating New drag cubes.
[LOG 19:14:35.587] [KSPCF/DragCubeGeneration] Creating drag cubes for part 'adapterMk3-Mk2'
[LOG 19:14:35.591] PartLoader: Compiling Part 'Squad/Parts/FuelTank/adapterTanks/Mk3-ShuttleAdapter/adapterEngines'
[LOG 19:14:35.593] PartLoader: Part 'Squad/Parts/FuelTank/adapterTanks/Mk3-ShuttleAdapter/adapterEngines' has no database record. Creating.
[LOG 19:14:35.593] [DragCubeSystem]: Drag cubes not found or cannot be read for part Part. Generating New drag cubes.
[LOG 19:14:35.593] [KSPCF/DragCubeGeneration] Creating drag cubes for part 'adapterEngines'
[LOG 19:14:35.597] PartLoader: Compiling Part 'Squad/Parts/FuelTank/adapterTanks/Mk3-Size2/adapterMk3-Size2'
[LOG 19:14:35.599] PartLoader: Part 'Squad/Parts/FuelTank/adapterTanks/Mk3-Size2/adapterMk3-Size2' has no database record. Creating.
[LOG 19:14:35.599] [DragCubeSystem]: Drag cubes not found or cannot be read for part Part. Generating New drag cubes.
[LOG 19:14:35.599] [KSPCF/DragCubeGeneration] Creating drag cubes for part 'adapterMk3-Size2'
[LOG 19:14:35.604] PartLoader: Compiling Part 'Squad/Parts/FuelTank/adapterTanks/Mk3-Size2Slant/adapterMk3-Size2Slant'
[LOG 19:14:35.606] PartLoader: Part 'Squad/Parts/FuelTank/adapterTanks/Mk3-Size2Slant/adapterMk3-Size2Slant' has no database record. Creating.
[LOG 19:14:35.606] [DragCubeSystem]: Drag cubes not found or cannot be read for part Part. Generating New drag cubes.
[LOG 19:14:35.606] [KSPCF/DragCubeGeneration] Creating drag cubes for part 'adapterMk3-Size2Slant'
[LOG 19:14:35.610] PartLoader: Compiling Part 'Squad/Parts/FuelTank/adapterTanks/Size2-Mk2/adapterSize2-Mk2'
[LOG 19:14:35.613] PartLoader: Part 'Squad/Parts/FuelTank/adapterTanks/Size2-Mk2/adapterSize2-Mk2' has no database record. Creating.
[LOG 19:14:35.613] [DragCubeSystem]: Drag cubes not found or cannot be read for part Part. Generating New drag cubes.
[LOG 19:14:35.613] [KSPCF/DragCubeGeneration] Creating drag cubes for part 'adapterSize2-Mk2'
[LOG 19:14:35.618] PartLoader: Compiling Part 'Squad/Parts/FuelTank/adapterTanks/Size2-Size1/adapterSize2-Size1'
[LOG 19:14:35.622] PartLoader: Part 'Squad/Parts/FuelTank/adapterTanks/Size2-Size1/adapterSize2-Size1' has no database record. Creating.
[LOG 19:14:35.622] [DragCubeSystem]: Drag cubes not found or cannot be read for part Part. Generating New drag cubes.
[LOG 19:14:35.622] [KSPCF/DragCubeGeneration] Creating drag cubes for part 'adapterSize2-Size1'
[LOG 19:14:35.627] PartLoader: Compiling Part 'Squad/Parts/FuelTank/adapterTanks/Size2-Size1Slant/adapterSize2-Size1Slant'
[LOG 19:14:35.630] PartLoader: Part 'Squad/Parts/FuelTank/adapterTanks/Size2-Size1Slant/adapterSize2-Size1Slant' has no database record. Creating.
[LOG 19:14:35.630] [DragCubeSystem]: Drag cubes not found or cannot be read for part Part. Generating New drag cubes.
[LOG 19:14:35.630] [KSPCF/DragCubeGeneration] Creating drag cubes for part 'adapterSize2-Size1Slant'
[LOG 19:14:35.634] PartLoader: Compiling Part 'Squad/Parts/FuelTank/adapterTanks/Size3-Mk3/adapterSize3-Mk3'
[LOG 19:14:35.638] PartLoader: Part 'Squad/Parts/FuelTank/adapterTanks/Size3-Mk3/adapterSize3-Mk3' has no database record. Creating.
[LOG 19:14:35.638] [DragCubeSystem]: Drag cubes not found or cannot be read for part Part. Generating New drag cubes.
[LOG 19:14:35.638] [KSPCF/DragCubeGeneration] Creating drag cubes for part 'adapterSize3-Mk3'
[LOG 19:14:35.642] PartLoader: Compiling Part 'Squad/Parts/FuelTank/drainTankFTE-1/ReleaseValve/ReleaseValve'
[LOG 19:14:35.653] PartLoader: Part 'Squad/Parts/FuelTank/drainTankFTE-1/ReleaseValve/ReleaseValve' has no database record. Creating.
[LOG 19:14:35.653] [DragCubeSystem]: Drag cubes not found or cannot be read for part Part. Generating New drag cubes.
[LOG 19:14:35.653] [KSPCF/DragCubeGeneration] Creating drag cubes for part 'ReleaseValve'
[LOG 19:14:35.658] PartLoader: Compiling Part 'Squad/Parts/FuelTank/FoilTanks/RadialTank_Capsule/externalTankCapsule'
[LOG 19:14:35.661] PartLoader: Part 'Squad/Parts/FuelTank/FoilTanks/RadialTank_Capsule/externalTankCapsule' has no database record. Creating.
[LOG 19:14:35.661] [DragCubeSystem]: Drag cubes not found or cannot be read for part Part. Generating New drag cubes.
[LOG 19:14:35.661] [KSPCF/DragCubeGeneration] Creating drag cubes for part 'externalTankCapsule'
[LOG 19:14:35.665] PartLoader: Compiling Part 'Squad/Parts/FuelTank/FoilTanks/RadialTank_Round/externalTankRound'
[LOG 19:14:35.668] PartLoader: Part 'Squad/Parts/FuelTank/FoilTanks/RadialTank_Round/externalTankRound' has no database record. Creating.
[LOG 19:14:35.668] [DragCubeSystem]: Drag cubes not found or cannot be read for part Part. Generating New drag cubes.
[LOG 19:14:35.668] [KSPCF/DragCubeGeneration] Creating drag cubes for part 'externalTankRound'
[LOG 19:14:35.674] PartLoader: Compiling Part 'Squad/Parts/FuelTank/FoilTanks/ToroidTank/externalTankToroid'
[LOG 19:14:35.677] PartLoader: Part 'Squad/Parts/FuelTank/FoilTanks/ToroidTank/externalTankToroid' has no database record. Creating.
[LOG 19:14:35.677] [DragCubeSystem]: Drag cubes not found or cannot be read for part Part. Generating New drag cubes.
[LOG 19:14:35.677] [KSPCF/DragCubeGeneration] Creating drag cubes for part 'externalTankToroid'
[LOG 19:14:35.682] PartLoader: Compiling Part 'Squad/Parts/FuelTank/fuelTankOscarB/fuelTankOscarB/miniFuelTank'
[LOG 19:14:35.687] PartLoader: Part 'Squad/Parts/FuelTank/fuelTankOscarB/fuelTankOscarB/miniFuelTank' has no database record. Creating.
[LOG 19:14:35.687] [DragCubeSystem]: Drag cubes not found or cannot be read for part Part. Generating New drag cubes.
[LOG 19:14:35.687] [KSPCF/DragCubeGeneration] Creating drag cubes for part 'miniFuelTank'
[LOG 19:14:35.692] PartLoader: Compiling Part 'Squad/Parts/FuelTank/miniFuselage/miniFuselage/miniFuselage'
[LOG 19:14:35.695] PartLoader: Part 'Squad/Parts/FuelTank/miniFuselage/miniFuselage/miniFuselage' has no database record. Creating.
[LOG 19:14:35.695] [DragCubeSystem]: Drag cubes not found or cannot be read for part Part. Generating New drag cubes.
[LOG 19:14:35.695] [KSPCF/DragCubeGeneration] Creating drag cubes for part 'miniFuselage'
[LOG 19:14:35.700] PartLoader: Compiling Part 'Squad/Parts/FuelTank/mk2Adapters/bicoupler/mk2_1m_Bicoupler'
[LOG 19:14:35.703] PartLoader: Part 'Squad/Parts/FuelTank/mk2Adapters/bicoupler/mk2_1m_Bicoupler' has no database record. Creating.
[LOG 19:14:35.703] [DragCubeSystem]: Drag cubes not found or cannot be read for part Part. Generating New drag cubes.
[LOG 19:14:35.703] [KSPCF/DragCubeGeneration] Creating drag cubes for part 'mk2.1m.Bicoupler'
[LOG 19:14:35.709] PartLoader: Compiling Part 'Squad/Parts/FuelTank/mk2Adapters/long/mk2_1m_AdapterLong'
[LOG 19:14:35.712] PartLoader: Part 'Squad/Parts/FuelTank/mk2Adapters/long/mk2_1m_AdapterLong' has no database record. Creating.
[LOG 19:14:35.712] [DragCubeSystem]: Drag cubes not found or cannot be read for part Part. Generating New drag cubes.
[LOG 19:14:35.712] [KSPCF/DragCubeGeneration] Creating drag cubes for part 'mk2.1m.AdapterLong'
[LOG 19:14:35.717] PartLoader: Compiling Part 'Squad/Parts/FuelTank/mk2Adapters/standard/mk2SpacePlaneAdapter'
[LOG 19:14:35.719] PartLoader: Part 'Squad/Parts/FuelTank/mk2Adapters/standard/mk2SpacePlaneAdapter' has no database record. Creating.
[LOG 19:14:35.719] [DragCubeSystem]: Drag cubes not found or cannot be read for part Part. Generating New drag cubes.
[LOG 19:14:35.720] [KSPCF/DragCubeGeneration] Creating drag cubes for part 'mk2SpacePlaneAdapter'
[LOG 19:14:35.724] PartLoader: Compiling Part 'Squad/Parts/FuelTank/mk2FuselageLong/LFO_long/mk2FuselageLongLFO'
[LOG 19:14:35.727] PartLoader: Part 'Squad/Parts/FuelTank/mk2FuselageLong/LFO_long/mk2FuselageLongLFO' has no database record. Creating.
[LOG 19:14:35.727] [DragCubeSystem]: Drag cubes not found or cannot be read for part Part. Generating New drag cubes.
[LOG 19:14:35.727] [KSPCF/DragCubeGeneration] Creating drag cubes for part 'mk2FuselageLongLFO'
[LOG 19:14:35.731] PartLoader: Compiling Part 'Squad/Parts/FuelTank/mk2FuselageLong/L_long/mk2Fuselage'
[LOG 19:14:35.735] PartLoader: Part 'Squad/Parts/FuelTank/mk2FuselageLong/L_long/mk2Fuselage' has no database record. Creating.
[LOG 19:14:35.735] [DragCubeSystem]: Drag cubes not found or cannot be read for part Part. Generating New drag cubes.
[LOG 19:14:35.735] [KSPCF/DragCubeGeneration] Creating drag cubes for part 'mk2Fuselage'
[LOG 19:14:35.739] PartLoader: Compiling Part 'Squad/Parts/FuelTank/mk2FuselageShort/LFO_short/mk2FuselageShortLFO'
[LOG 19:14:35.743] PartLoader: Part 'Squad/Parts/FuelTank/mk2FuselageShort/LFO_short/mk2FuselageShortLFO' has no database record. Creating.
[LOG 19:14:35.743] [DragCubeSystem]: Drag cubes not found or cannot be read for part Part. Generating New drag cubes.
[LOG 19:14:35.744] [KSPCF/DragCubeGeneration] Creating drag cubes for part 'mk2FuselageShortLFO'
[LOG 19:14:35.748] PartLoader: Compiling Part 'Squad/Parts/FuelTank/mk2FuselageShort/L_short/mk2FuselageShortLiquid'
[LOG 19:14:35.752] PartLoader: Part 'Squad/Parts/FuelTank/mk2FuselageShort/L_short/mk2FuselageShortLiquid' has no database record. Creating.
[LOG 19:14:35.752] [DragCubeSystem]: Drag cubes not found or cannot be read for part Part. Generating New drag cubes.
[LOG 19:14:35.752] [KSPCF/DragCubeGeneration] Creating drag cubes for part 'mk2FuselageShortLiquid'
[LOG 19:14:35.756] PartLoader: Compiling Part 'Squad/Parts/FuelTank/mk2FuselageShort/Mono_short/mk2FuselageShortMono'
[LOG 19:14:35.759] PartLoader: Part 'Squad/Parts/FuelTank/mk2FuselageShort/Mono_short/mk2FuselageShortMono' has no database record. Creating.
[LOG 19:14:35.759] [DragCubeSystem]: Drag cubes not found or cannot be read for part Part. Generating New drag cubes.
[LOG 19:14:35.759] [KSPCF/DragCubeGeneration] Creating drag cubes for part 'mk2FuselageShortMono'
[LOG 19:14:35.763] PartLoader: Compiling Part 'Squad/Parts/FuelTank/mk3Fuselage/CREW/mk3CrewCabin'
[LOG 19:14:35.767] PartLoader: Part 'Squad/Parts/FuelTank/mk3Fuselage/CREW/mk3CrewCabin' has no database record. Creating.
[LOG 19:14:35.767] [DragCubeSystem]: Drag cubes not found or cannot be read for part Part. Generating New drag cubes.
[LOG 19:14:35.767] [KSPCF/DragCubeGeneration] Creating drag cubes for part 'mk3CrewCabin'
[LOG 19:14:35.772] PartLoader: Compiling Part 'Squad/Parts/FuelTank/mk3Fuselage/LFO_100/mk3FuselageLFO_100'
[LOG 19:14:35.775] PartLoader: Part 'Squad/Parts/FuelTank/mk3Fuselage/LFO_100/mk3FuselageLFO_100' has no database record. Creating.
[LOG 19:14:35.775] [DragCubeSystem]: Drag cubes not found or cannot be read for part Part. Generating New drag cubes.
[LOG 19:14:35.775] [KSPCF/DragCubeGeneration] Creating drag cubes for part 'mk3FuselageLFO.100'
[LOG 19:14:35.780] PartLoader: Compiling Part 'Squad/Parts/FuelTank/mk3Fuselage/LFO_25/mk3FuselageLFO_25'
[LOG 19:14:35.784] PartLoader: Part 'Squad/Parts/FuelTank/mk3Fuselage/LFO_25/mk3FuselageLFO_25' has no database record. Creating.
[LOG 19:14:35.784] [DragCubeSystem]: Drag cubes not found or cannot be read for part Part. Generating New drag cubes.
[LOG 19:14:35.784] [KSPCF/DragCubeGeneration] Creating drag cubes for part 'mk3FuselageLFO.25'
[LOG 19:14:35.788] PartLoader: Compiling Part 'Squad/Parts/FuelTank/mk3Fuselage/LFO_50/mk3FuselageLFO_50'
[LOG 19:14:35.790] PartLoader: Part 'Squad/Parts/FuelTank/mk3Fuselage/LFO_50/mk3FuselageLFO_50' has no database record. Creating.
[LOG 19:14:35.791] [DragCubeSystem]: Drag cubes not found or cannot be read for part Part. Generating New drag cubes.
[LOG 19:14:35.791] [KSPCF/DragCubeGeneration] Creating drag cubes for part 'mk3FuselageLFO.50'
[LOG 19:14:35.796] PartLoader: Compiling Part 'Squad/Parts/FuelTank/mk3Fuselage/LF_100/mk3FuselageLF_100'
[LOG 19:14:35.798] PartLoader: Part 'Squad/Parts/FuelTank/mk3Fuselage/LF_100/mk3FuselageLF_100' has no database record. Creating.
[LOG 19:14:35.798] [DragCubeSystem]: Drag cubes not found or cannot be read for part Part. Generating New drag cubes.
[LOG 19:14:35.798] [KSPCF/DragCubeGeneration] Creating drag cubes for part 'mk3FuselageLF.100'
[LOG 19:14:35.802] PartLoader: Compiling Part 'Squad/Parts/FuelTank/mk3Fuselage/LF_25/mk3FuselageLF_25'
[LOG 19:14:35.805] PartLoader: Part 'Squad/Parts/FuelTank/mk3Fuselage/LF_25/mk3FuselageLF_25' has no database record. Creating.
[LOG 19:14:35.805] [DragCubeSystem]: Drag cubes not found or cannot be read for part Part. Generating New drag cubes.
[LOG 19:14:35.805] [KSPCF/DragCubeGeneration] Creating drag cubes for part 'mk3FuselageLF.25'
[LOG 19:14:35.809] PartLoader: Compiling Part 'Squad/Parts/FuelTank/mk3Fuselage/LF_50/mk3FuselageLF_50'
[LOG 19:14:35.811] PartLoader: Part 'Squad/Parts/FuelTank/mk3Fuselage/LF_50/mk3FuselageLF_50' has no database record. Creating.
[LOG 19:14:35.811] [DragCubeSystem]: Drag cubes not found or cannot be read for part Part. Generating New drag cubes.
[LOG 19:14:35.811] [KSPCF/DragCubeGeneration] Creating drag cubes for part 'mk3FuselageLF.50'
[LOG 19:14:35.816] PartLoader: Compiling Part 'Squad/Parts/FuelTank/mk3Fuselage/MONO/mk3FuselageMONO'
[LOG 19:14:35.818] PartLoader: Part 'Squad/Parts/FuelTank/mk3Fuselage/MONO/mk3FuselageMONO' has no database record. Creating.
[LOG 19:14:35.818] [DragCubeSystem]: Drag cubes not found or cannot be read for part Part. Generating New drag cubes.
[LOG 19:14:35.818] [KSPCF/DragCubeGeneration] Creating drag cubes for part 'mk3FuselageMONO'
[LOG 19:14:35.822] PartLoader: Compiling Part 'Squad/Parts/FuelTank/RCSFuelTankR1/RCSFuelTankR1/RCSTank1-2'
[LOG 19:14:35.825] PartLoader: Part 'Squad/Parts/FuelTank/RCSFuelTankR1/RCSFuelTankR1/RCSTank1-2' has no database record. Creating.
[LOG 19:14:35.825] [DragCubeSystem]: Drag cubes not found or cannot be read for part Part. Generating New drag cubes.
[LOG 19:14:35.825] [KSPCF/DragCubeGeneration] Creating drag cubes for part 'RCSTank1-2'
[LOG 19:14:35.829] PartLoader: Compiling Part 'Squad/Parts/FuelTank/RCSFuelTankR10/RCSFuelTankR10/rcsTankMini'
[LOG 19:14:35.832] PartLoader: Part 'Squad/Parts/FuelTank/RCSFuelTankR10/RCSFuelTankR10/rcsTankMini' has no database record. Creating.
[LOG 19:14:35.832] [DragCubeSystem]: Drag cubes not found or cannot be read for part Part. Generating New drag cubes.
[LOG 19:14:35.832] [KSPCF/DragCubeGeneration] Creating drag cubes for part 'rcsTankMini'
[LOG 19:14:35.836] PartLoader: Compiling Part 'Squad/Parts/FuelTank/RCSFuelTankR25/RCSFuelTankR25/RCSFuelTank'
[LOG 19:14:35.839] PartLoader: Part 'Squad/Parts/FuelTank/RCSFuelTankR25/RCSFuelTankR25/RCSFuelTank' has no database record. Creating.
[LOG 19:14:35.839] [DragCubeSystem]: Drag cubes not found or cannot be read for part Part. Generating New drag cubes.
[LOG 19:14:35.839] [KSPCF/DragCubeGeneration] Creating drag cubes for part 'RCSFuelTank'
[LOG 19:14:35.843] PartLoader: Compiling Part 'Squad/Parts/FuelTank/RCSTankRadial/radialRCSTank/radialRCSTank'
[LOG 19:14:35.846] PartLoader: Part 'Squad/Parts/FuelTank/RCSTankRadial/radialRCSTank/radialRCSTank' has no database record. Creating.
[LOG 19:14:35.846] [DragCubeSystem]: Drag cubes not found or cannot be read for part Part. Generating New drag cubes.
[LOG 19:14:35.846] [KSPCF/DragCubeGeneration] Creating drag cubes for part 'radialRCSTank'
[LOG 19:14:35.851] PartLoader: Compiling Part 'Squad/Parts/FuelTank/RCStankRadialLong/RCSTankRadialLong/rcsTankRadialLong'
[LOG 19:14:35.855] PartLoader: Part 'Squad/Parts/FuelTank/RCStankRadialLong/RCSTankRadialLong/rcsTankRadialLong' has no database record. Creating.
[LOG 19:14:35.855] [DragCubeSystem]: Drag cubes not found or cannot be read for part Part. Generating New drag cubes.
[LOG 19:14:35.855] [KSPCF/DragCubeGeneration] Creating drag cubes for part 'rcsTankRadialLong'
[LOG 19:14:35.859] PartLoader: Compiling Part 'Squad/Parts/FuelTank/RockomaxTanks/Rockomax16/Rockomax16_BW'
[LOG 19:14:35.861] PartLoader: Part 'Squad/Parts/FuelTank/RockomaxTanks/Rockomax16/Rockomax16_BW' has no database record. Creating.
[LOG 19:14:35.861] [DragCubeSystem]: Drag cubes not found or cannot be read for part Part. Generating New drag cubes.
[LOG 19:14:35.861] [KSPCF/DragCubeGeneration] Creating drag cubes for part 'Rockomax16.BW'
[LOG 19:14:35.866] PartLoader: Compiling Part 'Squad/Parts/FuelTank/RockomaxTanks/Rockomax32/Rockomax32_BW'
[LOG 19:14:35.869] PartLoader: Part 'Squad/Parts/FuelTank/RockomaxTanks/Rockomax32/Rockomax32_BW' has no database record. Creating.
[LOG 19:14:35.869] [DragCubeSystem]: Drag cubes not found or cannot be read for part Part. Generating New drag cubes.
[LOG 19:14:35.869] [KSPCF/DragCubeGeneration] Creating drag cubes for part 'Rockomax32.BW'
[LOG 19:14:35.884] PartLoader: Compiling Part 'Squad/Parts/FuelTank/RockomaxTanks/Rockomax64/Rockomax64_BW'
[LOG 19:14:35.888] PartLoader: Part 'Squad/Parts/FuelTank/RockomaxTanks/Rockomax64/Rockomax64_BW' has no database record. Creating.
[LOG 19:14:35.888] [DragCubeSystem]: Drag cubes not found or cannot be read for part Part. Generating New drag cubes.
[LOG 19:14:35.888] [KSPCF/DragCubeGeneration] Creating drag cubes for part 'Rockomax64.BW'
[LOG 19:14:35.900] PartLoader: Compiling Part 'Squad/Parts/FuelTank/RockomaxTanks/Rockomax8/Rockomax8BW'
[LOG 19:14:35.903] PartLoader: Part 'Squad/Parts/FuelTank/RockomaxTanks/Rockomax8/Rockomax8BW' has no database record. Creating.
[LOG 19:14:35.903] [DragCubeSystem]: Drag cubes not found or cannot be read for part Part. Generating New drag cubes.
[LOG 19:14:35.903] [KSPCF/DragCubeGeneration] Creating drag cubes for part 'Rockomax8BW'
[LOG 19:14:35.912] PartLoader: Compiling Part 'Squad/Parts/FuelTank/Size1_Tanks/fuelTankT100/fuelTankSmallFlat'
[LOG 19:14:35.916] PartLoader: Part 'Squad/Parts/FuelTank/Size1_Tanks/fuelTankT100/fuelTankSmallFlat' has no database record. Creating.
[LOG 19:14:35.916] [DragCubeSystem]: Drag cubes not found or cannot be read for part Part. Generating New drag cubes.
[LOG 19:14:35.916] [KSPCF/DragCubeGeneration] Creating drag cubes for part 'fuelTankSmallFlat'
[LOG 19:14:35.921] PartLoader: Compiling Part 'Squad/Parts/FuelTank/Size1_Tanks/fuelTankT200/fuelTankSmall'
[LOG 19:14:35.924] PartLoader: Part 'Squad/Parts/FuelTank/Size1_Tanks/fuelTankT200/fuelTankSmall' has no database record. Creating.
[LOG 19:14:35.924] [DragCubeSystem]: Drag cubes not found or cannot be read for part Part. Generating New drag cubes.
[LOG 19:14:35.924] [KSPCF/DragCubeGeneration] Creating drag cubes for part 'fuelTankSmall'
[LOG 19:14:35.928] PartLoader: Compiling Part 'Squad/Parts/FuelTank/Size1_Tanks/fuelTankT400/fuelTank'
[LOG 19:14:35.932] PartLoader: Part 'Squad/Parts/FuelTank/Size1_Tanks/fuelTankT400/fuelTank' has no database record. Creating.
[LOG 19:14:35.932] [DragCubeSystem]: Drag cubes not found or cannot be read for part Part. Generating New drag cubes.
[LOG 19:14:35.932] [KSPCF/DragCubeGeneration] Creating drag cubes for part 'fuelTank'
[LOG 19:14:35.937] PartLoader: Compiling Part 'Squad/Parts/FuelTank/Size1_Tanks/fuelTankT800/fuelTank_long'
[LOG 19:14:35.941] PartLoader: Part 'Squad/Parts/FuelTank/Size1_Tanks/fuelTankT800/fuelTank_long' has no database record. Creating.
[LOG 19:14:35.941] [DragCubeSystem]: Drag cubes not found or cannot be read for part Part. Generating New drag cubes.
[LOG 19:14:35.942] [KSPCF/DragCubeGeneration] Creating drag cubes for part 'fuelTank.long'
[LOG 19:14:35.946] PartLoader: Compiling Part 'Squad/Parts/FuelTank/Size3Tanks/large/Size3LargeTank'
[LOG 19:14:35.949] PartLoader: Part 'Squad/Parts/FuelTank/Size3Tanks/large/Size3LargeTank' has no database record. Creating.
[LOG 19:14:35.949] [DragCubeSystem]: Drag cubes not found or cannot be read for part Part. Generating New drag cubes.
[LOG 19:14:35.949] [KSPCF/DragCubeGeneration] Creating drag cubes for part 'Size3LargeTank'
[LOG 19:14:35.953] PartLoader: Compiling Part 'Squad/Parts/FuelTank/Size3Tanks/medium/Size3MediumTank'
[LOG 19:14:35.955] PartLoader: Part 'Squad/Parts/FuelTank/Size3Tanks/medium/Size3MediumTank' has no database record. Creating.
[LOG 19:14:35.955] [DragCubeSystem]: Drag cubes not found or cannot be read for part Part. Generating New drag cubes.
[LOG 19:14:35.956] [KSPCF/DragCubeGeneration] Creating drag cubes for part 'Size3MediumTank'
[LOG 19:14:35.959] PartLoader: Compiling Part 'Squad/Parts/FuelTank/Size3Tanks/small/Size3SmallTank'
[LOG 19:14:35.962] PartLoader: Part 'Squad/Parts/FuelTank/Size3Tanks/small/Size3SmallTank' has no database record. Creating.
[LOG 19:14:35.962] [DragCubeSystem]: Drag cubes not found or cannot be read for part Part. Generating New drag cubes.
[LOG 19:14:35.962] [KSPCF/DragCubeGeneration] Creating drag cubes for part 'Size3SmallTank'
[LOG 19:14:35.966] PartLoader: Compiling Part 'Squad/Parts/FuelTank/xenonTank/xenonTank/xenonTank'
[LOG 19:14:35.969] PartLoader: Part 'Squad/Parts/FuelTank/xenonTank/xenonTank/xenonTank' has no database record. Creating.
[LOG 19:14:35.969] [DragCubeSystem]: Drag cubes not found or cannot be read for part Part. Generating New drag cubes.
[LOG 19:14:35.969] [KSPCF/DragCubeGeneration] Creating drag cubes for part 'xenonTank'
[LOG 19:14:35.972] PartLoader: Compiling Part 'Squad/Parts/FuelTank/xenonTankLarge/xenonTankLarge/xenonTankLarge'
[LOG 19:14:35.976] PartLoader: Part 'Squad/Parts/FuelTank/xenonTankLarge/xenonTankLarge/xenonTankLarge' has no database record. Creating.
[LOG 19:14:35.976] [DragCubeSystem]: Drag cubes not found or cannot be read for part Part. Generating New drag cubes.
[LOG 19:14:35.976] [KSPCF/DragCubeGeneration] Creating drag cubes for part 'xenonTankLarge'
[LOG 19:14:35.980] PartLoader: Compiling Part 'Squad/Parts/FuelTank/xenonTankRadial/xenonTankRadial/xenonTankRadial'
[LOG 19:14:35.983] PartLoader: Part 'Squad/Parts/FuelTank/xenonTankRadial/xenonTankRadial/xenonTankRadial' has no database record. Creating.
[LOG 19:14:35.983] [DragCubeSystem]: Drag cubes not found or cannot be read for part Part. Generating New drag cubes.
[LOG 19:14:35.983] [KSPCF/DragCubeGeneration] Creating drag cubes for part 'xenonTankRadial'
[LOG 19:14:35.987] PartLoader: Compiling Part 'Squad/Parts/Misc/AsteroidDay/CamSat/InfraredTelescope'
[LOG 19:14:35.993] PartLoader: Part 'Squad/Parts/Misc/AsteroidDay/CamSat/InfraredTelescope' has no database record. Creating.
[LOG 19:14:35.993] [DragCubeSystem]: Drag cubes not found or cannot be read for part Part. Generating New drag cubes.
[LOG 19:14:35.993] [KSPCF/DragCubeGeneration] Creating drag cubes for part 'InfraredTelescope'
[LOG 19:14:35.997] PartLoader: Compiling Part 'Squad/Parts/Misc/AsteroidDay/HECS2/HECS2_ProbeCore'
[LOG 19:14:36.002] PartLoader: Part 'Squad/Parts/Misc/AsteroidDay/HECS2/HECS2_ProbeCore' has no database record. Creating.
[LOG 19:14:36.003] [DragCubeSystem]: Drag cubes not found or cannot be read for part Part. Generating New drag cubes.
[LOG 19:14:36.003] [KSPCF/DragCubeGeneration] Creating drag cubes for part 'HECS2.ProbeCore'
[LOG 19:14:36.007] PartLoader: Compiling Part 'Squad/Parts/Misc/AsteroidDay/HighGainAntenna/HighGainAntenna'
[LOG 19:14:36.016] PartLoader: Part 'Squad/Parts/Misc/AsteroidDay/HighGainAntenna/HighGainAntenna' has no database record. Creating.
[LOG 19:14:36.016] [DragCubeSystem]: Drag cubes not found or cannot be read for part Part. Generating New drag cubes.
[LOG 19:14:36.016] [KSPCF/DragCubeGeneration] Creating drag cubes for part 'HighGainAntenna'
[LOG 19:14:36.026] PartLoader: Compiling Part 'Squad/Parts/Misc/AsteroidDay/LgRadialSolar/LgRadialSolarPanel'
[LOG 19:14:36.030] PartLoader: Part 'Squad/Parts/Misc/AsteroidDay/LgRadialSolar/LgRadialSolarPanel' has no database record. Creating.
[LOG 19:14:36.030] [DragCubeSystem]: Drag cubes not found or cannot be read for part Part. Generating New drag cubes.
[LOG 19:14:36.030] [KSPCF/DragCubeGeneration] Creating drag cubes for part 'LgRadialSolarPanel'
[LOG 19:14:36.037] PartLoader: Compiling Part 'Squad/Parts/Misc/PotatoComet/part/PotatoComet'
[LOG 19:14:36.050] PartLoader: Part 'Squad/Parts/Misc/PotatoComet/part/PotatoComet' has no database record. Creating.
[LOG 19:14:36.050] PartLoader: Compiling Part 'Squad/Parts/Misc/PotatoRoid/part/PotatoRoid'
[LOG 19:14:36.061] PartLoader: Part 'Squad/Parts/Misc/PotatoRoid/part/PotatoRoid' has no database record. Creating.
[LOG 19:14:36.061] PartLoader: Compiling Part 'Squad/Parts/Prebuilt/flag/flag'
[LOG 19:14:36.064] PartLoader: Compiling Part 'Squad/Parts/Prebuilt/kerbalEVA/kerbalEVA'
[LOG 19:14:36.091] PartLoader: Compiling Part 'Squad/Parts/Prebuilt/kerbalEVAfemale/kerbalEVAfemale'
[LOG 19:14:36.098] PartLoader: Compiling Part 'Squad/Parts/Prebuilt/kerbalEVASlimSuit/kerbalEVASlimSuit'
[LOG 19:14:36.104] PartLoader: Compiling Part 'Squad/Parts/Prebuilt/kerbalEVASlimSuitFemale/kerbalEVASlimSuitFemale'
[LOG 19:14:36.110] PartLoader: Compiling Part 'Squad/Parts/Resources/FuelCell/FuelCell/FuelCell'
[LOG 19:14:36.119] PartLoader: Part 'Squad/Parts/Resources/FuelCell/FuelCell/FuelCell' has no database record. Creating.
[LOG 19:14:36.119] [DragCubeSystem]: Drag cubes not found or cannot be read for part Part. Generating New drag cubes.
[LOG 19:14:36.119] [KSPCF/DragCubeGeneration] Creating drag cubes for part 'FuelCell'
[LOG 19:14:36.126] PartLoader: Compiling Part 'Squad/Parts/Resources/FuelCell/FuelCellArray/FuelCellArray'
[LOG 19:14:36.129] PartLoader: Part 'Squad/Parts/Resources/FuelCell/FuelCellArray/FuelCellArray' has no database record. Creating.
[LOG 19:14:36.129] [DragCubeSystem]: Drag cubes not found or cannot be read for part Part. Generating New drag cubes.
[LOG 19:14:36.129] [KSPCF/DragCubeGeneration] Creating drag cubes for part 'FuelCellArray'
[LOG 19:14:36.135] PartLoader: Compiling Part 'Squad/Parts/Resources/ISRU/ISRU/ISRU'
[LOG 19:14:36.145] PartLoader: Part 'Squad/Parts/Resources/ISRU/ISRU/ISRU' has no database record. Creating.
[LOG 19:14:36.145] [DragCubeSystem]: Drag cubes not found or cannot be read for part Part. Generating New drag cubes.
[LOG 19:14:36.145] [KSPCF/DragCubeGeneration] Creating drag cubes for part 'ISRU'
[LOG 19:14:36.160] PartLoader: Compiling Part 'Squad/Parts/Resources/LargeTank/LargeTank/LargeTank'
[LOG 19:14:36.166] PartLoader: Part 'Squad/Parts/Resources/LargeTank/LargeTank/LargeTank' has no database record. Creating.
[LOG 19:14:36.166] [DragCubeSystem]: Drag cubes not found or cannot be read for part Part. Generating New drag cubes.
[LOG 19:14:36.166] [KSPCF/DragCubeGeneration] Creating drag cubes for part 'LargeTank'
[LOG 19:14:36.170] PartLoader: Compiling Part 'Squad/Parts/Resources/MiniDrill/MiniDrill/MiniDrill'
[LOG 19:14:36.195] PartLoader: Part 'Squad/Parts/Resources/MiniDrill/MiniDrill/MiniDrill' has no database record. Creating.
[LOG 19:14:36.195] [DragCubeSystem]: Drag cubes not found or cannot be read for part Part. Generating New drag cubes.
[LOG 19:14:36.195] [KSPCF/DragCubeGeneration] Creating drag cubes for part 'MiniDrill'
[LOG 19:14:36.217] PartLoader: Compiling Part 'Squad/Parts/Resources/MiniISRU/MiniISRU/MiniISRU'
[LOG 19:14:36.223] PartLoader: Part 'Squad/Parts/Resources/MiniISRU/MiniISRU/MiniISRU' has no database record. Creating.
[LOG 19:14:36.223] [DragCubeSystem]: Drag cubes not found or cannot be read for part Part. Generating New drag cubes.
[LOG 19:14:36.223] [KSPCF/DragCubeGeneration] Creating drag cubes for part 'MiniISRU'
[LOG 19:14:36.228] PartLoader: Compiling Part 'Squad/Parts/Resources/OrbitalScanner/OrbitalScanner/OrbitalScanner'
[LOG 19:14:36.237] PartLoader: Part 'Squad/Parts/Resources/OrbitalScanner/OrbitalScanner/OrbitalScanner' has no database record. Creating.
[LOG 19:14:36.237] [DragCubeSystem]: Drag cubes not found or cannot be read for part Part. Generating New drag cubes.
[LOG 19:14:36.237] [KSPCF/DragCubeGeneration] Creating drag cubes for part 'OrbitalScanner'
[LOG 19:14:36.248] PartLoader: Compiling Part 'Squad/Parts/Resources/RadialDrill/RadialDrill/RadialDrill'
[LOG 19:14:36.254] PartLoader: Part 'Squad/Parts/Resources/RadialDrill/RadialDrill/RadialDrill' has no database record. Creating.
[LOG 19:14:36.254] [DragCubeSystem]: Drag cubes not found or cannot be read for part Part. Generating New drag cubes.
[LOG 19:14:36.254] [KSPCF/DragCubeGeneration] Creating drag cubes for part 'RadialDrill'
[LOG 19:14:36.279] PartLoader: Compiling Part 'Squad/Parts/Resources/RadialTank/RadialTank/RadialOreTank'
[LOG 19:14:36.283] PartLoader: Part 'Squad/Parts/Resources/RadialTank/RadialTank/RadialOreTank' has no database record. Creating.
[LOG 19:14:36.283] [DragCubeSystem]: Drag cubes not found or cannot be read for part Part. Generating New drag cubes.
[LOG 19:14:36.283] [KSPCF/DragCubeGeneration] Creating drag cubes for part 'RadialOreTank'
[LOG 19:14:36.287] PartLoader: Compiling Part 'Squad/Parts/Resources/SmallTank/SmallTank/SmallTank'
[LOG 19:14:36.289] PartLoader: Part 'Squad/Parts/Resources/SmallTank/SmallTank/SmallTank' has no database record. Creating.
[LOG 19:14:36.289] [DragCubeSystem]: Drag cubes not found or cannot be read for part Part. Generating New drag cubes.
[LOG 19:14:36.289] [KSPCF/DragCubeGeneration] Creating drag cubes for part 'SmallTank'
[LOG 19:14:36.293] PartLoader: Compiling Part 'Squad/Parts/Resources/SurfaceScanner/SurfaceScanner/SurfaceScanner'
[LOG 19:14:36.321] PartLoader: Part 'Squad/Parts/Resources/SurfaceScanner/SurfaceScanner/SurfaceScanner' has no database record. Creating.
[LOG 19:14:36.321] [DragCubeSystem]: Drag cubes not found or cannot be read for part Part. Generating New drag cubes.
[LOG 19:14:36.321] [KSPCF/DragCubeGeneration] Creating drag cubes for part 'SurfaceScanner'
[LOG 19:14:36.325] PartLoader: Compiling Part 'Squad/Parts/Resources/SurveyScanner/SurveyScanner/SurveyScanner'
[LOG 19:14:36.334] PartLoader: Part 'Squad/Parts/Resources/SurveyScanner/SurveyScanner/SurveyScanner' has no database record. Creating.
[LOG 19:14:36.334] [DragCubeSystem]: Drag cubes not found or cannot be read for part Part. Generating New drag cubes.
[LOG 19:14:36.334] [KSPCF/DragCubeGeneration] Creating drag cubes for part 'SurveyScanner'
[LOG 19:14:36.346] PartLoader: Compiling Part 'Squad/Parts/Science/AtmosphereSensor/sensorAtmosphere/sensorAtmosphere'
[LOG 19:14:36.349] PartLoader: Part 'Squad/Parts/Science/AtmosphereSensor/sensorAtmosphere/sensorAtmosphere' has no database record. Creating.
[LOG 19:14:36.349] [DragCubeSystem]: Drag cubes not found or cannot be read for part Part. Generating New drag cubes.
[LOG 19:14:36.349] [KSPCF/DragCubeGeneration] Creating drag cubes for part 'sensorAtmosphere'
[LOG 19:14:36.355] PartLoader: Compiling Part 'Squad/Parts/Science/GooExperiment/gooExperiment/GooExperiment'
[LOG 19:14:36.358] PartLoader: Part 'Squad/Parts/Science/GooExperiment/gooExperiment/GooExperiment' has no database record. Creating.
[LOG 19:14:36.358] [DragCubeSystem]: Drag cubes not found or cannot be read for part Part. Generating New drag cubes.
[LOG 19:14:36.359] [KSPCF/DragCubeGeneration] Creating drag cubes for part 'GooExperiment'
[LOG 19:14:36.371] PartLoader: Compiling Part 'Squad/Parts/Science/LargeCrewedLab/largeCrewedLab/Large_Crewed_Lab'
[LOG 19:14:36.389] PartLoader: Part 'Squad/Parts/Science/LargeCrewedLab/largeCrewedLab/Large_Crewed_Lab' has no database record. Creating.
[LOG 19:14:36.389] [DragCubeSystem]: Drag cubes not found or cannot be read for part Part. Generating New drag cubes.
[LOG 19:14:36.389] [KSPCF/DragCubeGeneration] Creating drag cubes for part 'Large.Crewed.Lab'
[LOG 19:14:36.396] PartLoader: Compiling Part 'Squad/Parts/Science/Magnetometer/Magnetometer/Magnetometer'
[LOG 19:14:36.409] PartLoader: Part 'Squad/Parts/Science/Magnetometer/Magnetometer/Magnetometer' has no database record. Creating.
[LOG 19:14:36.409] [DragCubeSystem]: Drag cubes not found or cannot be read for part Part. Generating New drag cubes.
[LOG 19:14:36.409] [KSPCF/DragCubeGeneration] Creating drag cubes for part 'Magnetometer'
[LOG 19:14:36.426] PartLoader: Compiling Part 'Squad/Parts/Science/MaterialBay/materialBay/science_module'
[LOG 19:14:36.430] PartLoader: Part 'Squad/Parts/Science/MaterialBay/materialBay/science_module' has no database record. Creating.
[LOG 19:14:36.430] [DragCubeSystem]: Drag cubes not found or cannot be read for part Part. Generating New drag cubes.
[LOG 19:14:36.430] [KSPCF/DragCubeGeneration] Creating drag cubes for part 'science.module'
[LOG 19:14:36.442] PartLoader: Compiling Part 'Squad/Parts/Science/ScienceBox/ScienceBox/ScienceBox'
[LOG 19:14:36.445] PartLoader: Part 'Squad/Parts/Science/ScienceBox/ScienceBox/ScienceBox' has no database record. Creating.
[LOG 19:14:36.445] [DragCubeSystem]: Drag cubes not found or cannot be read for part Part. Generating New drag cubes.
[LOG 19:14:36.445] [KSPCF/DragCubeGeneration] Creating drag cubes for part 'ScienceBox'
[LOG 19:14:36.450] PartLoader: Compiling Part 'Squad/Parts/Science/sensorAccelerometer/sensorAccelerometer/sensorAccelerometer'
[LOG 19:14:36.458] PartLoader: Part 'Squad/Parts/Science/sensorAccelerometer/sensorAccelerometer/sensorAccelerometer' has no database record. Creating.
[LOG 19:14:36.458] [DragCubeSystem]: Drag cubes not found or cannot be read for part Part. Generating New drag cubes.
[LOG 19:14:36.458] [KSPCF/DragCubeGeneration] Creating drag cubes for part 'sensorAccelerometer'
[LOG 19:14:36.463] PartLoader: Compiling Part 'Squad/Parts/Science/sensorBarometer/sensorBarometer/sensorBarometer'
[LOG 19:14:36.467] PartLoader: Part 'Squad/Parts/Science/sensorBarometer/sensorBarometer/sensorBarometer' has no database record. Creating.
[LOG 19:14:36.467] [DragCubeSystem]: Drag cubes not found or cannot be read for part Part. Generating New drag cubes.
[LOG 19:14:36.467] [KSPCF/DragCubeGeneration] Creating drag cubes for part 'sensorBarometer'
[LOG 19:14:36.474] PartLoader: Compiling Part 'Squad/Parts/Science/sensorGravimeter/sensorGravimeter/sensorGravimeter'
[LOG 19:14:36.478] PartLoader: Part 'Squad/Parts/Science/sensorGravimeter/sensorGravimeter/sensorGravimeter' has no database record. Creating.
[LOG 19:14:36.479] [DragCubeSystem]: Drag cubes not found or cannot be read for part Part. Generating New drag cubes.
[LOG 19:14:36.479] [KSPCF/DragCubeGeneration] Creating drag cubes for part 'sensorGravimeter'
[LOG 19:14:36.483] PartLoader: Compiling Part 'Squad/Parts/Science/sensorThermometer/sensorThermometer/sensorThermometer'
[LOG 19:14:36.487] PartLoader: Part 'Squad/Parts/Science/sensorThermometer/sensorThermometer/sensorThermometer' has no database record. Creating.
[LOG 19:14:36.487] [DragCubeSystem]: Drag cubes not found or cannot be read for part Part. Generating New drag cubes.
[LOG 19:14:36.487] [KSPCF/DragCubeGeneration] Creating drag cubes for part 'sensorThermometer'
[LOG 19:14:36.491] PartLoader: Compiling Part 'Squad/Parts/Structural/FLAdapters/adapterSmallMiniShort/adapterSmallMiniShort'
[LOG 19:14:36.494] PartLoader: Part 'Squad/Parts/Structural/FLAdapters/adapterSmallMiniShort/adapterSmallMiniShort' has no database record. Creating.
[LOG 19:14:36.495] [DragCubeSystem]: Drag cubes not found or cannot be read for part Part. Generating New drag cubes.
[LOG 19:14:36.495] [KSPCF/DragCubeGeneration] Creating drag cubes for part 'adapterSmallMiniShort'
[LOG 19:14:36.499] PartLoader: Compiling Part 'Squad/Parts/Structural/FLAdapters/adapterSmallMiniTall/adapterSmallMiniTall'
[LOG 19:14:36.502] PartLoader: Part 'Squad/Parts/Structural/FLAdapters/adapterSmallMiniTall/adapterSmallMiniTall' has no database record. Creating.
[LOG 19:14:36.502] [DragCubeSystem]: Drag cubes not found or cannot be read for part Part. Generating New drag cubes.
[LOG 19:14:36.502] [KSPCF/DragCubeGeneration] Creating drag cubes for part 'adapterSmallMiniTall'
[LOG 19:14:36.506] PartLoader: Compiling Part 'Squad/Parts/Structural/mk1Parts/engineBodyRadial/radialEngineBody'
[LOG 19:14:36.509] PartLoader: Part 'Squad/Parts/Structural/mk1Parts/engineBodyRadial/radialEngineBody' has no database record. Creating.
[LOG 19:14:36.509] [DragCubeSystem]: Drag cubes not found or cannot be read for part Part. Generating New drag cubes.
[LOG 19:14:36.509] [KSPCF/DragCubeGeneration] Creating drag cubes for part 'radialEngineBody'
[LOG 19:14:36.515] PartLoader: Compiling Part 'Squad/Parts/Structural/mk1Parts/engineNacelle/nacelleBody'
[LOG 19:14:36.520] PartLoader: Part 'Squad/Parts/Structural/mk1Parts/engineNacelle/nacelleBody' has no database record. Creating.
[LOG 19:14:36.520] [DragCubeSystem]: Drag cubes not found or cannot be read for part Part. Generating New drag cubes.
[LOG 19:14:36.520] [KSPCF/DragCubeGeneration] Creating drag cubes for part 'nacelleBody'
[LOG 19:14:36.524] PartLoader: Compiling Part 'Squad/Parts/Structural/mk1Parts/mk1Fuselage/MK1Fuselage'
[LOG 19:14:36.527] PartLoader: Part 'Squad/Parts/Structural/mk1Parts/mk1Fuselage/MK1Fuselage' has no database record. Creating.
[LOG 19:14:36.527] [DragCubeSystem]: Drag cubes not found or cannot be read for part Part. Generating New drag cubes.
[LOG 19:14:36.527] [KSPCF/DragCubeGeneration] Creating drag cubes for part 'MK1Fuselage'
[LOG 19:14:36.532] PartLoader: Compiling Part 'Squad/Parts/Structural/mk1Parts/mk1FuselageIntake/MK1IntakeFuselage'
[LOG 19:14:36.535] PartLoader: Part 'Squad/Parts/Structural/mk1Parts/mk1FuselageIntake/MK1IntakeFuselage' has no database record. Creating.
[LOG 19:14:36.535] [DragCubeSystem]: Drag cubes not found or cannot be read for part Part. Generating New drag cubes.
[LOG 19:14:36.535] [KSPCF/DragCubeGeneration] Creating drag cubes for part 'MK1IntakeFuselage'
[LOG 19:14:36.541] PartLoader: Compiling Part 'Squad/Parts/Structural/mk1Parts/mk1Structural/Mk1FuselageStructural'
[LOG 19:14:36.543] PartLoader: Part 'Squad/Parts/Structural/mk1Parts/mk1Structural/Mk1FuselageStructural' has no database record. Creating.
[LOG 19:14:36.544] PartLoader: Compiling Part 'Squad/Parts/Structural/Size3To2Adapter_v2/Size2to3_v2/Size3To2Adapter_v2'
[LOG 19:14:36.546] PartLoader: Part 'Squad/Parts/Structural/Size3To2Adapter_v2/Size2to3_v2/Size3To2Adapter_v2' has no database record. Creating.
[LOG 19:14:36.546] PartLoader: Compiling Part 'Squad/Parts/Structural/stackAdapters/adapterLargeSmallBi/adapterLargeSmallBi'
[LOG 19:14:36.549] PartLoader: Part 'Squad/Parts/Structural/stackAdapters/adapterLargeSmallBi/adapterLargeSmallBi' has no database record. Creating.
[LOG 19:14:36.549] [DragCubeSystem]: Drag cubes not found or cannot be read for part Part. Generating New drag cubes.
[LOG 19:14:36.549] [KSPCF/DragCubeGeneration] Creating drag cubes for part 'adapterLargeSmallBi'
[LOG 19:14:36.553] PartLoader: Compiling Part 'Squad/Parts/Structural/stackAdapters/adapterLargeSmallQuad/adapterLargeSmallQuad'
[LOG 19:14:36.559] PartLoader: Part 'Squad/Parts/Structural/stackAdapters/adapterLargeSmallQuad/adapterLargeSmallQuad' has no database record. Creating.
[LOG 19:14:36.560] [DragCubeSystem]: Drag cubes not found or cannot be read for part Part. Generating New drag cubes.
[LOG 19:14:36.560] [KSPCF/DragCubeGeneration] Creating drag cubes for part 'adapterLargeSmallQuad'
[LOG 19:14:36.564] PartLoader: Compiling Part 'Squad/Parts/Structural/stackAdapters/adapterLargeSmallTri/adapterLargeSmallTri'
[LOG 19:14:36.567] PartLoader: Part 'Squad/Parts/Structural/stackAdapters/adapterLargeSmallTri/adapterLargeSmallTri' has no database record. Creating.
[LOG 19:14:36.567] [DragCubeSystem]: Drag cubes not found or cannot be read for part Part. Generating New drag cubes.
[LOG 19:14:36.567] [KSPCF/DragCubeGeneration] Creating drag cubes for part 'adapterLargeSmallTri'
[LOG 19:14:36.571] PartLoader: Compiling Part 'Squad/Parts/Structural/stationHub/stationHub/stationHub'
[LOG 19:14:36.575] PartLoader: Part 'Squad/Parts/Structural/stationHub/stationHub/stationHub' has no database record. Creating.
[LOG 19:14:36.575] [DragCubeSystem]: Drag cubes not found or cannot be read for part Part. Generating New drag cubes.
[LOG 19:14:36.575] [KSPCF/DragCubeGeneration] Creating drag cubes for part 'stationHub'
[LOG 19:14:36.579] PartLoader: Compiling Part 'Squad/Parts/Structural/structuralIBeam200/structuralIBeam200/structuralIBeam2'
[LOG 19:14:36.582] PartLoader: Part 'Squad/Parts/Structural/structuralIBeam200/structuralIBeam200/structuralIBeam2' has no database record. Creating.
[LOG 19:14:36.582] [DragCubeSystem]: Drag cubes not found or cannot be read for part Part. Generating New drag cubes.
[LOG 19:14:36.582] [KSPCF/DragCubeGeneration] Creating drag cubes for part 'structuralIBeam2'
[LOG 19:14:36.585] PartLoader: Compiling Part 'Squad/Parts/Structural/structuralIBeam200Pocket/structuralIBeam200Pocket/structuralIBeam3'
[LOG 19:14:36.589] PartLoader: Part 'Squad/Parts/Structural/structuralIBeam200Pocket/structuralIBeam200Pocket/structuralIBeam3' has no database record. Creating.
[LOG 19:14:36.589] [DragCubeSystem]: Drag cubes not found or cannot be read for part Part. Generating New drag cubes.
[LOG 19:14:36.589] [KSPCF/DragCubeGeneration] Creating drag cubes for part 'structuralIBeam3'
[LOG 19:14:36.593] PartLoader: Compiling Part 'Squad/Parts/Structural/structuralIBeam650/structuralIBeam650/structuralIBeam1'
[LOG 19:14:36.596] PartLoader: Part 'Squad/Parts/Structural/structuralIBeam650/structuralIBeam650/structuralIBeam1' has no database record. Creating.
[LOG 19:14:36.596] [DragCubeSystem]: Drag cubes not found or cannot be read for part Part. Generating New drag cubes.
[LOG 19:14:36.596] [KSPCF/DragCubeGeneration] Creating drag cubes for part 'structuralIBeam1'
[LOG 19:14:36.600] PartLoader: Compiling Part 'Squad/Parts/Structural/structuralMicronode/structuralMicronode/structuralMiniNode'
[LOG 19:14:36.603] PartLoader: Part 'Squad/Parts/Structural/structuralMicronode/structuralMicronode/structuralMiniNode' has no database record. Creating.
[LOG 19:14:36.603] [DragCubeSystem]: Drag cubes not found or cannot be read for part Part. Generating New drag cubes.
[LOG 19:14:36.603] [KSPCF/DragCubeGeneration] Creating drag cubes for part 'structuralMiniNode'
[LOG 19:14:36.607] PartLoader: Compiling Part 'Squad/Parts/Structural/structuralPanel1x1/structuralPanel1x1/structuralPanel1'
[LOG 19:14:36.614] PartLoader: Part 'Squad/Parts/Structural/structuralPanel1x1/structuralPanel1x1/structuralPanel1' has no database record. Creating.
[LOG 19:14:36.614] [DragCubeSystem]: Drag cubes not found or cannot be read for part Part. Generating New drag cubes.
[LOG 19:14:36.614] [KSPCF/DragCubeGeneration] Creating drag cubes for part 'structuralPanel1'
[LOG 19:14:36.618] PartLoader: Compiling Part 'Squad/Parts/Structural/structuralPanel2x2/structuralPanel2x2/structuralPanel2'
[LOG 19:14:36.622] PartLoader: Part 'Squad/Parts/Structural/structuralPanel2x2/structuralPanel2x2/structuralPanel2' has no database record. Creating.
[LOG 19:14:36.622] [DragCubeSystem]: Drag cubes not found or cannot be read for part Part. Generating New drag cubes.
[LOG 19:14:36.622] [KSPCF/DragCubeGeneration] Creating drag cubes for part 'structuralPanel2'
[LOG 19:14:36.626] PartLoader: Compiling Part 'Squad/Parts/Structural/structuralPylons/smallHardpoint/smallHardpoint'
[LOG 19:14:36.632] PartLoader: Part 'Squad/Parts/Structural/structuralPylons/smallHardpoint/smallHardpoint' has no database record. Creating.
[LOG 19:14:36.632] [DragCubeSystem]: Drag cubes not found or cannot be read for part Part. Generating New drag cubes.
[LOG 19:14:36.632] [KSPCF/DragCubeGeneration] Creating drag cubes for part 'smallHardpoint'
[LOG 19:14:36.636] PartLoader: Compiling Part 'Squad/Parts/Structural/structuralPylons/structuralPylon/structuralPylon'
[LOG 19:14:36.643] PartLoader: Part 'Squad/Parts/Structural/structuralPylons/structuralPylon/structuralPylon' has no database record. Creating.
[LOG 19:14:36.643] [DragCubeSystem]: Drag cubes not found or cannot be read for part Part. Generating New drag cubes.
[LOG 19:14:36.647] [KSPCF/DragCubeGeneration] Creating drag cubes for part 'structuralPylon'
[LOG 19:14:36.651] PartLoader: Compiling Part 'Squad/Parts/Structural/strutCubicOcto/strutCubicOcto/strutCube'
[LOG 19:14:36.654] PartLoader: Part 'Squad/Parts/Structural/strutCubicOcto/strutCubicOcto/strutCube' has no database record. Creating.
[LOG 19:14:36.654] [DragCubeSystem]: Drag cubes not found or cannot be read for part Part. Generating New drag cubes.
[LOG 19:14:36.654] [KSPCF/DragCubeGeneration] Creating drag cubes for part 'strutCube'
[LOG 19:14:36.658] PartLoader: Compiling Part 'Squad/Parts/Structural/strutOcto/strutOcto/strutOcto'
[LOG 19:14:36.661] PartLoader: Part 'Squad/Parts/Structural/strutOcto/strutOcto/strutOcto' has no database record. Creating.
[LOG 19:14:36.661] [DragCubeSystem]: Drag cubes not found or cannot be read for part Part. Generating New drag cubes.
[LOG 19:14:36.661] [KSPCF/DragCubeGeneration] Creating drag cubes for part 'strutOcto'
[LOG 19:14:36.665] PartLoader: Compiling Part 'Squad/Parts/Structural/trussGirderAdapter/trussGirderAdapter/trussAdapter'
[LOG 19:14:36.669] PartLoader: Part 'Squad/Parts/Structural/trussGirderAdapter/trussGirderAdapter/trussAdapter' has no database record. Creating.
[LOG 19:14:36.669] [DragCubeSystem]: Drag cubes not found or cannot be read for part Part. Generating New drag cubes.
[LOG 19:14:36.669] [KSPCF/DragCubeGeneration] Creating drag cubes for part 'trussAdapter'
[LOG 19:14:36.673] PartLoader: Compiling Part 'Squad/Parts/Structural/trussGirderL/trussGirderL/trussPiece1x'
[LOG 19:14:36.681] PartLoader: Part 'Squad/Parts/Structural/trussGirderL/trussGirderL/trussPiece1x' has no database record. Creating.
[LOG 19:14:36.681] [DragCubeSystem]: Drag cubes not found or cannot be read for part Part. Generating New drag cubes.
[LOG 19:14:36.681] [KSPCF/DragCubeGeneration] Creating drag cubes for part 'trussPiece1x'
[LOG 19:14:36.685] PartLoader: Compiling Part 'Squad/Parts/Structural/trussGirderXL/trussGirderXL/trussPiece3x'
[LOG 19:14:36.688] PartLoader: Part 'Squad/Parts/Structural/trussGirderXL/trussGirderXL/trussPiece3x' has no database record. Creating.
[LOG 19:14:36.688] [DragCubeSystem]: Drag cubes not found or cannot be read for part Part. Generating New drag cubes.
[LOG 19:14:36.688] [KSPCF/DragCubeGeneration] Creating drag cubes for part 'trussPiece3x'
[LOG 19:14:36.692] PartLoader: Compiling Part 'Squad/Parts/Thermal/FoldingRadiators/foldingRadLarge/foldingRadLarge'
[LOG 19:14:36.714] PartLoader: Part 'Squad/Parts/Thermal/FoldingRadiators/foldingRadLarge/foldingRadLarge' has no database record. Creating.
[LOG 19:14:36.716] PartLoader: Compiling Part 'Squad/Parts/Thermal/FoldingRadiators/foldingRadMed/foldingRadMed'
[LOG 19:14:36.720] PartLoader: Part 'Squad/Parts/Thermal/FoldingRadiators/foldingRadMed/foldingRadMed' has no database record. Creating.
[LOG 19:14:36.721] PartLoader: Compiling Part 'Squad/Parts/Thermal/FoldingRadiators/foldingRadSmall/foldingRadSmall'
[LOG 19:14:36.725] PartLoader: Part 'Squad/Parts/Thermal/FoldingRadiators/foldingRadSmall/foldingRadSmall' has no database record. Creating.
[LOG 19:14:36.726] PartLoader: Compiling Part 'Squad/Parts/Thermal/RadiatorPanels/radPanelEdge/radPanelEdge'
[LOG 19:14:36.730] PartLoader: Part 'Squad/Parts/Thermal/RadiatorPanels/radPanelEdge/radPanelEdge' has no database record. Creating.
[LOG 19:14:36.730] [DragCubeSystem]: Drag cubes not found or cannot be read for part Part. Generating New drag cubes.
[LOG 19:14:36.730] [KSPCF/DragCubeGeneration] Creating drag cubes for part 'radPanelEdge'
[LOG 19:14:36.734] PartLoader: Compiling Part 'Squad/Parts/Thermal/RadiatorPanels/radPanelLg/radPanelLg'
[LOG 19:14:36.738] PartLoader: Part 'Squad/Parts/Thermal/RadiatorPanels/radPanelLg/radPanelLg' has no database record. Creating.
[LOG 19:14:36.738] [DragCubeSystem]: Drag cubes not found or cannot be read for part Part. Generating New drag cubes.
[LOG 19:14:36.738] [KSPCF/DragCubeGeneration] Creating drag cubes for part 'radPanelLg'
[LOG 19:14:36.742] PartLoader: Compiling Part 'Squad/Parts/Thermal/RadiatorPanels/radPanelSm/radPanelSm'
[LOG 19:14:36.745] PartLoader: Part 'Squad/Parts/Thermal/RadiatorPanels/radPanelSm/radPanelSm' has no database record. Creating.
[LOG 19:14:36.746] [DragCubeSystem]: Drag cubes not found or cannot be read for part Part. Generating New drag cubes.
[LOG 19:14:36.746] [KSPCF/DragCubeGeneration] Creating drag cubes for part 'radPanelSm'
[LOG 19:14:36.752] PartLoader: Compiling Part 'Squad/Parts/Utility/commDish88-88/commDish88-88/commDish'
[LOG 19:14:36.757] PartLoader: Part 'Squad/Parts/Utility/commDish88-88/commDish88-88/commDish' has no database record. Creating.
[LOG 19:14:36.757] [DragCubeSystem]: Drag cubes not found or cannot be read for part Part. Generating New drag cubes.
[LOG 19:14:36.757] [KSPCF/DragCubeGeneration] Creating drag cubes for part 'commDish'
[LOG 19:14:36.774] PartLoader: Compiling Part 'Squad/Parts/Utility/commsAntennaDTS-M1/commsAntennaDTS-M1/mediumDishAntenna'
[LOG 19:14:36.778] PartLoader: Part 'Squad/Parts/Utility/commsAntennaDTS-M1/commsAntennaDTS-M1/mediumDishAntenna' has no database record. Creating.
[LOG 19:14:36.778] [DragCubeSystem]: Drag cubes not found or cannot be read for part Part. Generating New drag cubes.
[LOG 19:14:36.778] [KSPCF/DragCubeGeneration] Creating drag cubes for part 'mediumDishAntenna'
[LOG 19:14:36.791] PartLoader: Compiling Part 'Squad/Parts/Utility/commsDish16/commsAntenna16/longAntenna'
[LOG 19:14:36.794] PartLoader: Part 'Squad/Parts/Utility/commsDish16/commsAntenna16/longAntenna' has no database record. Creating.
[LOG 19:14:36.794] [DragCubeSystem]: Drag cubes not found or cannot be read for part Part. Generating New drag cubes.
[LOG 19:14:36.794] [KSPCF/DragCubeGeneration] Creating drag cubes for part 'longAntenna'
[LOG 19:14:36.805] PartLoader: Compiling Part 'Squad/Parts/Utility/decouplerRadialHDM/decouplerRadialHDM/radialDecoupler1-2'
[LOG 19:14:36.811] PartLoader: Part 'Squad/Parts/Utility/decouplerRadialHDM/decouplerRadialHDM/radialDecoupler1-2' has no database record. Creating.
[LOG 19:14:36.811] [DragCubeSystem]: Drag cubes not found or cannot be read for part Part. Generating New drag cubes.
[LOG 19:14:36.811] [KSPCF/DragCubeGeneration] Creating drag cubes for part 'radialDecoupler1-2'
[LOG 19:14:36.816] PartLoader: Compiling Part 'Squad/Parts/Utility/decouplerRadialTT-38K/decouplerRadialTT-38K/radialDecoupler'
[LOG 19:14:36.821] PartLoader: Part 'Squad/Parts/Utility/decouplerRadialTT-38K/decouplerRadialTT-38K/radialDecoupler' has no database record. Creating.
[LOG 19:14:36.821] [DragCubeSystem]: Drag cubes not found or cannot be read for part Part. Generating New drag cubes.
[LOG 19:14:36.821] [KSPCF/DragCubeGeneration] Creating drag cubes for part 'radialDecoupler'
[LOG 19:14:36.826] PartLoader: Compiling Part 'Squad/Parts/Utility/decouplerRadialTT-70/decouplerRadialTT-70/radialDecoupler2'
[LOG 19:14:36.830] PartLoader: Part 'Squad/Parts/Utility/decouplerRadialTT-70/decouplerRadialTT-70/radialDecoupler2' has no database record. Creating.
[LOG 19:14:36.830] [DragCubeSystem]: Drag cubes not found or cannot be read for part Part. Generating New drag cubes.
[LOG 19:14:36.830] [KSPCF/DragCubeGeneration] Creating drag cubes for part 'radialDecoupler2'
[LOG 19:14:36.836] PartLoader: Compiling Part 'Squad/Parts/Utility/DirectAntennas/C16S/SurfAntenna'
[LOG 19:14:36.841] PartLoader: Part 'Squad/Parts/Utility/DirectAntennas/C16S/SurfAntenna' has no database record. Creating.
[LOG 19:14:36.841] [DragCubeSystem]: Drag cubes not found or cannot be read for part Part. Generating New drag cubes.
[LOG 19:14:36.841] [KSPCF/DragCubeGeneration] Creating drag cubes for part 'SurfAntenna'
[LOG 19:14:36.846] PartLoader: Compiling Part 'Squad/Parts/Utility/DirectAntennas/HG-5/HighGainAntenna5'
[LOG 19:14:36.851] PartLoader: Part 'Squad/Parts/Utility/DirectAntennas/HG-5/HighGainAntenna5' has no database record. Creating.
[LOG 19:14:36.851] [DragCubeSystem]: Drag cubes not found or cannot be read for part Part. Generating New drag cubes.
[LOG 19:14:36.851] [KSPCF/DragCubeGeneration] Creating drag cubes for part 'HighGainAntenna5'
[LOG 19:14:36.861] PartLoader: Compiling Part 'Squad/Parts/Utility/DirectAntennas/HG-5_v2/HighGainAntenna5_v2'
[LOG 19:14:36.865] PartLoader: Part 'Squad/Parts/Utility/DirectAntennas/HG-5_v2/HighGainAntenna5_v2' has no database record. Creating.
[LOG 19:14:36.865] [DragCubeSystem]: Drag cubes not found or cannot be read for part Part. Generating New drag cubes.
[LOG 19:14:36.865] [KSPCF/DragCubeGeneration] Creating drag cubes for part 'HighGainAntenna5.v2'
[LOG 19:14:36.877] PartLoader: Compiling Part 'Squad/Parts/Utility/dockingPort/dockingPort/dockingPort2'
[LOG 19:14:36.890] PartLoader: Part 'Squad/Parts/Utility/dockingPort/dockingPort/dockingPort2' has no database record. Creating.
[LOG 19:14:36.890] [DragCubeSystem]: Drag cubes not found or cannot be read for part Part. Generating New drag cubes.
[LOG 19:14:36.890] [KSPCF/DragCubeGeneration] Creating drag cubes for part 'dockingPort2'
[LOG 19:14:36.896] PartLoader: Compiling Part 'Squad/Parts/Utility/dockingPortInline/dockingPortInline/dockingPortLateral'
[LOG 19:14:36.901] PartLoader: Part 'Squad/Parts/Utility/dockingPortInline/dockingPortInline/dockingPortLateral' has no database record. Creating.
[LOG 19:14:36.901] [DragCubeSystem]: Drag cubes not found or cannot be read for part Part. Generating New drag cubes.
[LOG 19:14:36.901] [KSPCF/DragCubeGeneration] Creating drag cubes for part 'dockingPortLateral'
[LOG 19:14:36.914] PartLoader: Compiling Part 'Squad/Parts/Utility/dockingPortJr/dockingPortJr/dockingPort3'
[LOG 19:14:36.918] PartLoader: Part 'Squad/Parts/Utility/dockingPortJr/dockingPortJr/dockingPort3' has no database record. Creating.
[LOG 19:14:36.918] [DragCubeSystem]: Drag cubes not found or cannot be read for part Part. Generating New drag cubes.
[LOG 19:14:36.918] [KSPCF/DragCubeGeneration] Creating drag cubes for part 'dockingPort3'
[LOG 19:14:36.922] PartLoader: Compiling Part 'Squad/Parts/Utility/dockingPortShielded/dockingPortShielded/dockingPort1'
[LOG 19:14:36.928] PartLoader: Part 'Squad/Parts/Utility/dockingPortShielded/dockingPortShielded/dockingPort1' has no database record. Creating.
[LOG 19:14:36.928] [DragCubeSystem]: Drag cubes not found or cannot be read for part Part. Generating New drag cubes.
[LOG 19:14:36.928] [KSPCF/DragCubeGeneration] Creating drag cubes for part 'dockingPort1'
[LOG 19:14:36.941] PartLoader: Compiling Part 'Squad/Parts/Utility/dockingPortSr/dockingPortSr/dockingPortLarge'
[LOG 19:14:36.945] PartLoader: Part 'Squad/Parts/Utility/dockingPortSr/dockingPortSr/dockingPortLarge' has no database record. Creating.
[LOG 19:14:36.945] [DragCubeSystem]: Drag cubes not found or cannot be read for part Part. Generating New drag cubes.
[LOG 19:14:36.946] [KSPCF/DragCubeGeneration] Creating drag cubes for part 'dockingPortLarge'
[LOG 19:14:36.951] PartLoader: Compiling Part 'Squad/Parts/Utility/Fireworks/fireworksLauncherBig/fireworksLauncherBig'
[LOG 19:14:36.963] PartLoader: Part 'Squad/Parts/Utility/Fireworks/fireworksLauncherBig/fireworksLauncherBig' has no database record. Creating.
[LOG 19:14:36.963] [DragCubeSystem]: Drag cubes not found or cannot be read for part Part. Generating New drag cubes.
[LOG 19:14:36.963] [KSPCF/DragCubeGeneration] Creating drag cubes for part 'fireworksLauncherBig'
[LOG 19:14:36.968] PartLoader: Compiling Part 'Squad/Parts/Utility/Fireworks/fireworksLauncherSmall/fireworksLauncherSmall'
[LOG 19:14:36.976] PartLoader: Part 'Squad/Parts/Utility/Fireworks/fireworksLauncherSmall/fireworksLauncherSmall' has no database record. Creating.
[LOG 19:14:36.976] [DragCubeSystem]: Drag cubes not found or cannot be read for part Part. Generating New drag cubes.
[LOG 19:14:36.976] [KSPCF/DragCubeGeneration] Creating drag cubes for part 'fireworksLauncherSmall'
[LOG 19:14:36.980] PartLoader: Compiling Part 'Squad/Parts/Utility/flags/flagFlat/flagFlat/flagPartFlat'
[LOG 19:14:36.992] PartLoader: Part 'Squad/Parts/Utility/flags/flagFlat/flagFlat/flagPartFlat' has no database record. Creating.
[LOG 19:14:36.992] [DragCubeSystem]: Drag cubes not found or cannot be read for part Part. Generating New drag cubes.
[LOG 19:14:36.992] [KSPCF/DragCubeGeneration] Creating drag cubes for part 'flagPartFlat'
[LOG 19:14:36.997] PartLoader: Compiling Part 'Squad/Parts/Utility/flags/flagSize0/flagSize0/flagPartSize0'
[LOG 19:14:37.002] PartLoader: Part 'Squad/Parts/Utility/flags/flagSize0/flagSize0/flagPartSize0' has no database record. Creating.
[LOG 19:14:37.002] [DragCubeSystem]: Drag cubes not found or cannot be read for part Part. Generating New drag cubes.
[LOG 19:14:37.002] [KSPCF/DragCubeGeneration] Creating drag cubes for part 'flagPartSize0'
[LOG 19:14:37.006] PartLoader: Compiling Part 'Squad/Parts/Utility/flags/flagSize1/flagSize1/flagPartSize1'
[LOG 19:14:37.012] PartLoader: Part 'Squad/Parts/Utility/flags/flagSize1/flagSize1/flagPartSize1' has no database record. Creating.
[LOG 19:14:37.012] [DragCubeSystem]: Drag cubes not found or cannot be read for part Part. Generating New drag cubes.
[LOG 19:14:37.012] [KSPCF/DragCubeGeneration] Creating drag cubes for part 'flagPartSize1'
[LOG 19:14:37.016] PartLoader: Compiling Part 'Squad/Parts/Utility/flags/flagSize2/flagSize2/flagPartSize2'
[LOG 19:14:37.021] PartLoader: Part 'Squad/Parts/Utility/flags/flagSize2/flagSize2/flagPartSize2' has no database record. Creating.
[LOG 19:14:37.021] [DragCubeSystem]: Drag cubes not found or cannot be read for part Part. Generating New drag cubes.
[LOG 19:14:37.021] [KSPCF/DragCubeGeneration] Creating drag cubes for part 'flagPartSize2'
[LOG 19:14:37.025] PartLoader: Compiling Part 'Squad/Parts/Utility/flags/flagSize3/flagSize3/flagPartSize3'
[LOG 19:14:37.029] PartLoader: Part 'Squad/Parts/Utility/flags/flagSize3/flagSize3/flagPartSize3' has no database record. Creating.
[LOG 19:14:37.030] [DragCubeSystem]: Drag cubes not found or cannot be read for part Part. Generating New drag cubes.
[LOG 19:14:37.030] [KSPCF/DragCubeGeneration] Creating drag cubes for part 'flagPartSize3'
[LOG 19:14:37.034] PartLoader: Compiling Part 'Squad/Parts/Utility/GrapplingDevice/part/GrapplingDevice'
[LOG 19:14:37.047] PartLoader: Part 'Squad/Parts/Utility/GrapplingDevice/part/GrapplingDevice' has no database record. Creating.
[LOG 19:14:37.047] [DragCubeSystem]: Drag cubes not found or cannot be read for part Part. Generating New drag cubes.
[LOG 19:14:37.047] [KSPCF/DragCubeGeneration] Creating drag cubes for part 'GrapplingDevice'
[LOG 19:14:37.064] PartLoader: Compiling Part 'Squad/Parts/Utility/ladderRadial/ladderRadial/ladder1'
[LOG 19:14:37.067] PartLoader: Part 'Squad/Parts/Utility/ladderRadial/ladderRadial/ladder1' has no database record. Creating.
[LOG 19:14:37.067] [DragCubeSystem]: Drag cubes not found or cannot be read for part Part. Generating New drag cubes.
[LOG 19:14:37.067] [KSPCF/DragCubeGeneration] Creating drag cubes for part 'ladder1'
[LOG 19:14:37.071] PartLoader: Compiling Part 'Squad/Parts/Utility/ladderTelescopic/ladderTelescopic/telescopicLadder'
[LOG 19:14:37.077] PartLoader: Part 'Squad/Parts/Utility/ladderTelescopic/ladderTelescopic/telescopicLadder' has no database record. Creating.
[LOG 19:14:37.077] [DragCubeSystem]: Drag cubes not found or cannot be read for part Part. Generating New drag cubes.
[LOG 19:14:37.077] [KSPCF/DragCubeGeneration] Creating drag cubes for part 'telescopicLadder'
[LOG 19:14:37.088] PartLoader: Compiling Part 'Squad/Parts/Utility/ladderTelescopicBay/ladderTelescopicBay/telescopicLadderBay'
[LOG 19:14:37.106] PartLoader: Part 'Squad/Parts/Utility/ladderTelescopicBay/ladderTelescopicBay/telescopicLadderBay' has no database record. Creating.
[LOG 19:14:37.106] [DragCubeSystem]: Drag cubes not found or cannot be read for part Part. Generating New drag cubes.
[LOG 19:14:37.106] [KSPCF/DragCubeGeneration] Creating drag cubes for part 'telescopicLadderBay'
[LOG 19:14:37.118] PartLoader: Compiling Part 'Squad/Parts/Utility/landingLegLT-1/landingLegLT-1/landingLeg1'
[LOG 19:14:37.149] PartLoader: Part 'Squad/Parts/Utility/landingLegLT-1/landingLegLT-1/landingLeg1' has no database record. Creating.
[LOG 19:14:37.150] [DragCubeSystem]: Drag cubes not found or cannot be read for part Part. Generating New drag cubes.
[LOG 19:14:37.150] [KSPCF/DragCubeGeneration] Creating drag cubes for part 'landingLeg1'
[LOG 19:14:37.162] PartLoader: Compiling Part 'Squad/Parts/Utility/landingLegLT-2/landingLegLT-2/landingLeg1-2'
[LOG 19:14:37.169] PartLoader: Part 'Squad/Parts/Utility/landingLegLT-2/landingLegLT-2/landingLeg1-2' has no database record. Creating.
[LOG 19:14:37.169] [DragCubeSystem]: Drag cubes not found or cannot be read for part Part. Generating New drag cubes.
[LOG 19:14:37.169] [KSPCF/DragCubeGeneration] Creating drag cubes for part 'landingLeg1-2'
[LOG 19:14:37.179] PartLoader: Compiling Part 'Squad/Parts/Utility/landingLegLT-5/landingLegLT-5/miniLandingLeg'
[LOG 19:14:37.186] PartLoader: Part 'Squad/Parts/Utility/landingLegLT-5/landingLegLT-5/miniLandingLeg' has no database record. Creating.
[LOG 19:14:37.186] [DragCubeSystem]: Drag cubes not found or cannot be read for part Part. Generating New drag cubes.
[LOG 19:14:37.186] [KSPCF/DragCubeGeneration] Creating drag cubes for part 'miniLandingLeg'
[LOG 19:14:37.198] PartLoader: Compiling Part 'Squad/Parts/Utility/launchClamp1/launchClamp1/launchClamp1'
[LOG 19:14:37.204] PartLoader: Part 'Squad/Parts/Utility/launchClamp1/launchClamp1/launchClamp1' has no database record. Creating.
[LOG 19:14:37.205] [DragCubeSystem]: Drag cubes not found or cannot be read for part Part. Generating New drag cubes.
[LOG 19:14:37.205] [KSPCF/DragCubeGeneration] Creating drag cubes for part 'launchClamp1'
[LOG 19:14:37.209] PartLoader: Compiling Part 'Squad/Parts/Utility/launchEscapeSystem/part/LaunchEscapeSystem'
[LOG 19:14:37.214] PartLoader: Part 'Squad/Parts/Utility/launchEscapeSystem/part/LaunchEscapeSystem' has no database record. Creating.
[LOG 19:14:37.214] [DragCubeSystem]: Drag cubes not found or cannot be read for part Part. Generating New drag cubes.
[LOG 19:14:37.214] [KSPCF/DragCubeGeneration] Creating drag cubes for part 'LaunchEscapeSystem'
[LOG 19:14:37.219] PartLoader: Compiling Part 'Squad/Parts/Utility/Lights/domeLight1/domeLight1'
[LOG 19:14:37.224] PartLoader: Part 'Squad/Parts/Utility/Lights/domeLight1/domeLight1' has no database record. Creating.
[LOG 19:14:37.224] [DragCubeSystem]: Drag cubes not found or cannot be read for part Part. Generating New drag cubes.
[LOG 19:14:37.224] [KSPCF/DragCubeGeneration] Creating drag cubes for part 'domeLight1'
[LOG 19:14:37.230] PartLoader: Compiling Part 'Squad/Parts/Utility/Lights/groundLight1/groundLight1'
[LOG 19:14:37.235] PartLoader: Part 'Squad/Parts/Utility/Lights/groundLight1/groundLight1' has no database record. Creating.
[LOG 19:14:37.235] [DragCubeSystem]: Drag cubes not found or cannot be read for part Part. Generating New drag cubes.
[LOG 19:14:37.235] [KSPCF/DragCubeGeneration] Creating drag cubes for part 'groundLight1'
[LOG 19:14:37.240] PartLoader: Compiling Part 'Squad/Parts/Utility/Lights/groundLight2/groundLight2'
[LOG 19:14:37.244] PartLoader: Part 'Squad/Parts/Utility/Lights/groundLight2/groundLight2' has no database record. Creating.
[LOG 19:14:37.244] [DragCubeSystem]: Drag cubes not found or cannot be read for part Part. Generating New drag cubes.
[LOG 19:14:37.244] [KSPCF/DragCubeGeneration] Creating drag cubes for part 'groundLight2'
[LOG 19:14:37.248] PartLoader: Compiling Part 'Squad/Parts/Utility/Lights/navLight1/navLight1'
[LOG 19:14:37.253] PartLoader: Part 'Squad/Parts/Utility/Lights/navLight1/navLight1' has no database record. Creating.
[LOG 19:14:37.253] [DragCubeSystem]: Drag cubes not found or cannot be read for part Part. Generating New drag cubes.
[LOG 19:14:37.253] [KSPCF/DragCubeGeneration] Creating drag cubes for part 'navLight1'
[LOG 19:14:37.257] PartLoader: Compiling Part 'Squad/Parts/Utility/Lights/spotLight1/spotLight3'
[LOG 19:14:37.261] PartLoader: Part 'Squad/Parts/Utility/Lights/spotLight1/spotLight3' has no database record. Creating.
[LOG 19:14:37.261] [DragCubeSystem]: Drag cubes not found or cannot be read for part Part. Generating New drag cubes.
[LOG 19:14:37.261] [KSPCF/DragCubeGeneration] Creating drag cubes for part 'spotLight3'
[LOG 19:14:37.267] PartLoader: Compiling Part 'Squad/Parts/Utility/Lights/stripLight1/stripLight1'
[LOG 19:14:37.274] PartLoader: Part 'Squad/Parts/Utility/Lights/stripLight1/stripLight1' has no database record. Creating.
[LOG 19:14:37.274] [DragCubeSystem]: Drag cubes not found or cannot be read for part Part. Generating New drag cubes.
[LOG 19:14:37.274] [KSPCF/DragCubeGeneration] Creating drag cubes for part 'stripLight1'
[LOG 19:14:37.278] PartLoader: Compiling Part 'Squad/Parts/Utility/linearVernorRCS/linearRCS/linearRcs'
[LOG 19:14:37.285] PartLoader: Part 'Squad/Parts/Utility/linearVernorRCS/linearRCS/linearRcs' has no database record. Creating.
[LOG 19:14:37.285] [DragCubeSystem]: Drag cubes not found or cannot be read for part Part. Generating New drag cubes.
[LOG 19:14:37.285] [KSPCF/DragCubeGeneration] Creating drag cubes for part 'linearRcs'
[LOG 19:14:37.290] PartLoader: Compiling Part 'Squad/Parts/Utility/linearVernorRCS/vernorEngine/vernierEngine'
[LOG 19:14:37.294] PartLoader: Part 'Squad/Parts/Utility/linearVernorRCS/vernorEngine/vernierEngine' has no database record. Creating.
[LOG 19:14:37.294] [DragCubeSystem]: Drag cubes not found or cannot be read for part Part. Generating New drag cubes.
[LOG 19:14:37.294] [KSPCF/DragCubeGeneration] Creating drag cubes for part 'vernierEngine'
[LOG 19:14:37.298] PartLoader: Compiling Part 'Squad/Parts/Utility/mk2CargoBay/BayL/mk2CargoBayL'
[LOG 19:14:37.303] PartLoader: Part 'Squad/Parts/Utility/mk2CargoBay/BayL/mk2CargoBayL' has no database record. Creating.
[LOG 19:14:37.303] PartLoader: Compiling Part 'Squad/Parts/Utility/mk2CargoBay/BayS/mk2CargoBayS'
[LOG 19:14:37.309] PartLoader: Part 'Squad/Parts/Utility/mk2CargoBay/BayS/mk2CargoBayS' has no database record. Creating.
[LOG 19:14:37.309] PartLoader: Compiling Part 'Squad/Parts/Utility/mk2CrewCabin/mk2CrewCabin/mk2CrewCabin'
[WRN 19:14:37.313] [Part]: Cannot have ModuleCargoPart and ModuleInventoryPart on same Part [mk2CrewCabin'. Removed ModuleCargoPart
[LOG 19:14:37.318] PartLoader: Part 'Squad/Parts/Utility/mk2CrewCabin/mk2CrewCabin/mk2CrewCabin' has no database record. Creating.
[LOG 19:14:37.318] [DragCubeSystem]: Drag cubes not found or cannot be read for part Part. Generating New drag cubes.
[LOG 19:14:37.318] [KSPCF/DragCubeGeneration] Creating drag cubes for part 'mk2CrewCabin'
[LOG 19:14:37.322] PartLoader: Compiling Part 'Squad/Parts/Utility/mk2DockingPort/mk2DockingPort/mk2DockingPort'
[LOG 19:14:37.328] PartLoader: Part 'Squad/Parts/Utility/mk2DockingPort/mk2DockingPort/mk2DockingPort' has no database record. Creating.
[LOG 19:14:37.328] PartLoader: Compiling Part 'Squad/Parts/Utility/mk3CargoBay/long/mk3CargoBayL'
[LOG 19:14:37.332] PartLoader: Part 'Squad/Parts/Utility/mk3CargoBay/long/mk3CargoBayL' has no database record. Creating.
[LOG 19:14:37.332] PartLoader: Compiling Part 'Squad/Parts/Utility/mk3CargoBay/medium/mk3CargoBayM'
[LOG 19:14:37.338] PartLoader: Part 'Squad/Parts/Utility/mk3CargoBay/medium/mk3CargoBayM' has no database record. Creating.
[LOG 19:14:37.338] PartLoader: Compiling Part 'Squad/Parts/Utility/mk3CargoBay/ramp/mk3CargoRamp'
[LOG 19:14:37.345] PartLoader: Part 'Squad/Parts/Utility/mk3CargoBay/ramp/mk3CargoRamp' has no database record. Creating.
[LOG 19:14:37.346] PartLoader: Compiling Part 'Squad/Parts/Utility/mk3CargoBay/short/mk3CargoBayS'
[LOG 19:14:37.352] PartLoader: Part 'Squad/Parts/Utility/mk3CargoBay/short/mk3CargoBayS' has no database record. Creating.
[LOG 19:14:37.352] PartLoader: Compiling Part 'Squad/Parts/Utility/parachuteMk1/parachuteMk1/parachuteSingle'
[LOG 19:14:37.394] PartLoader: Part 'Squad/Parts/Utility/parachuteMk1/parachuteMk1/parachuteSingle' has no database record. Creating.
[LOG 19:14:37.394] [DragCubeSystem]: Drag cubes not found or cannot be read for part Part. Generating New drag cubes.
[LOG 19:14:37.395] [KSPCF/DragCubeGeneration] Creating drag cubes for part 'parachuteSingle'
[LOG 19:14:37.423] PartLoader: Compiling Part 'Squad/Parts/Utility/parachuteMk12-R/parachuteMk12-R/radialDrogue'
[LOG 19:14:37.427] PartLoader: Part 'Squad/Parts/Utility/parachuteMk12-R/parachuteMk12-R/radialDrogue' has no database record. Creating.
[LOG 19:14:37.427] [DragCubeSystem]: Drag cubes not found or cannot be read for part Part. Generating New drag cubes.
[LOG 19:14:37.427] [KSPCF/DragCubeGeneration] Creating drag cubes for part 'radialDrogue'
[LOG 19:14:37.445] PartLoader: Compiling Part 'Squad/Parts/Utility/parachuteMk16-XL/parachuteMk16-XL/parachuteLarge'
[LOG 19:14:37.449] PartLoader: Part 'Squad/Parts/Utility/parachuteMk16-XL/parachuteMk16-XL/parachuteLarge' has no database record. Creating.
[LOG 19:14:37.449] [DragCubeSystem]: Drag cubes not found or cannot be read for part Part. Generating New drag cubes.
[LOG 19:14:37.449] [KSPCF/DragCubeGeneration] Creating drag cubes for part 'parachuteLarge'
[LOG 19:14:37.466] PartLoader: Compiling Part 'Squad/Parts/Utility/parachuteMk2-R/parachuteMk2-R/parachuteRadial'
[LOG 19:14:37.472] PartLoader: Part 'Squad/Parts/Utility/parachuteMk2-R/parachuteMk2-R/parachuteRadial' has no database record. Creating.
[LOG 19:14:37.472] [DragCubeSystem]: Drag cubes not found or cannot be read for part Part. Generating New drag cubes.
[LOG 19:14:37.473] [KSPCF/DragCubeGeneration] Creating drag cubes for part 'parachuteRadial'
[LOG 19:14:37.490] PartLoader: Compiling Part 'Squad/Parts/Utility/parachuteMk25/parachuteMk25/parachuteDrogue'
[LOG 19:14:37.494] PartLoader: Part 'Squad/Parts/Utility/parachuteMk25/parachuteMk25/parachuteDrogue' has no database record. Creating.
[LOG 19:14:37.494] [DragCubeSystem]: Drag cubes not found or cannot be read for part Part. Generating New drag cubes.
[LOG 19:14:37.494] [KSPCF/DragCubeGeneration] Creating drag cubes for part 'parachuteDrogue'
[LOG 19:14:37.509] PartLoader: Compiling Part 'Squad/Parts/Utility/radialAttachmentPoint/radialAttachmentPoint/stackPoint1'
[LOG 19:14:37.513] PartLoader: Part 'Squad/Parts/Utility/radialAttachmentPoint/radialAttachmentPoint/stackPoint1' has no database record. Creating.
[LOG 19:14:37.513] [DragCubeSystem]: Drag cubes not found or cannot be read for part Part. Generating New drag cubes.
[LOG 19:14:37.513] [KSPCF/DragCubeGeneration] Creating drag cubes for part 'stackPoint1'
[LOG 19:14:37.518] PartLoader: Compiling Part 'Squad/Parts/Utility/rcsBlockRV-105_v2/rcsBlockRV-105/RCSBlock_v2'
[LOG 19:14:37.525] PartLoader: Part 'Squad/Parts/Utility/rcsBlockRV-105_v2/rcsBlockRV-105/RCSBlock_v2' has no database record. Creating.
[LOG 19:14:37.526] [DragCubeSystem]: Drag cubes not found or cannot be read for part Part. Generating New drag cubes.
[LOG 19:14:37.526] [KSPCF/DragCubeGeneration] Creating drag cubes for part 'RCSBlock.v2'
[LOG 19:14:37.550] PartLoader: Compiling Part 'Squad/Parts/Utility/rcsBlockRV-105_v2/RCSblock_01_small/RCSblock_01_small'
[LOG 19:14:37.557] PartLoader: Part 'Squad/Parts/Utility/rcsBlockRV-105_v2/RCSblock_01_small/RCSblock_01_small' has no database record. Creating.
[LOG 19:14:37.557] [DragCubeSystem]: Drag cubes not found or cannot be read for part Part. Generating New drag cubes.
[LOG 19:14:37.557] [KSPCF/DragCubeGeneration] Creating drag cubes for part 'RCSblock.01.small'
[LOG 19:14:37.579] PartLoader: Compiling Part 'Squad/Parts/Utility/rcsSmallLinear/RCSLinearSmall/RCSLinearSmall'
[LOG 19:14:37.585] PartLoader: Part 'Squad/Parts/Utility/rcsSmallLinear/RCSLinearSmall/RCSLinearSmall' has no database record. Creating.
[LOG 19:14:37.585] [DragCubeSystem]: Drag cubes not found or cannot be read for part Part. Generating New drag cubes.
[LOG 19:14:37.585] [KSPCF/DragCubeGeneration] Creating drag cubes for part 'RCSLinearSmall'
[LOG 19:14:37.596] PartLoader: Compiling Part 'Squad/Parts/Utility/RelayAntennas/RA-100/RelayAntenna100'
[LOG 19:14:37.600] PartLoader: Part 'Squad/Parts/Utility/RelayAntennas/RA-100/RelayAntenna100' has no database record. Creating.
[LOG 19:14:37.601] [DragCubeSystem]: Drag cubes not found or cannot be read for part Part. Generating New drag cubes.
[LOG 19:14:37.601] [KSPCF/DragCubeGeneration] Creating drag cubes for part 'RelayAntenna100'
[LOG 19:14:37.605] PartLoader: Compiling Part 'Squad/Parts/Utility/RelayAntennas/RA-5/RelayAntenna5'
[LOG 19:14:37.608] PartLoader: Part 'Squad/Parts/Utility/RelayAntennas/RA-5/RelayAntenna5' has no database record. Creating.
[LOG 19:14:37.608] [DragCubeSystem]: Drag cubes not found or cannot be read for part Part. Generating New drag cubes.
[LOG 19:14:37.608] [KSPCF/DragCubeGeneration] Creating drag cubes for part 'RelayAntenna5'
[LOG 19:14:37.612] PartLoader: Compiling Part 'Squad/Parts/Utility/RelayAntennas/RA-50/RelayAntenna50'
[LOG 19:14:37.616] PartLoader: Part 'Squad/Parts/Utility/RelayAntennas/RA-50/RelayAntenna50' has no database record. Creating.
[LOG 19:14:37.616] [DragCubeSystem]: Drag cubes not found or cannot be read for part Part. Generating New drag cubes.
[LOG 19:14:37.616] [KSPCF/DragCubeGeneration] Creating drag cubes for part 'RelayAntenna50'
[LOG 19:14:37.620] PartLoader: Compiling Part 'Squad/Parts/Utility/rockomaxAdapters/largeAdapter/largeAdapter'
[LOG 19:14:37.623] PartLoader: Part 'Squad/Parts/Utility/rockomaxAdapters/largeAdapter/largeAdapter' has no database record. Creating.
[LOG 19:14:37.623] [DragCubeSystem]: Drag cubes not found or cannot be read for part Part. Generating New drag cubes.
[LOG 19:14:37.623] [KSPCF/DragCubeGeneration] Creating drag cubes for part 'largeAdapter'
[LOG 19:14:37.628] PartLoader: Compiling Part 'Squad/Parts/Utility/rockomaxAdapters/largeAdapterShort/largeAdapter2'
[LOG 19:14:37.632] PartLoader: Part 'Squad/Parts/Utility/rockomaxAdapters/largeAdapterShort/largeAdapter2' has no database record. Creating.
[LOG 19:14:37.632] [DragCubeSystem]: Drag cubes not found or cannot be read for part Part. Generating New drag cubes.
[LOG 19:14:37.632] [KSPCF/DragCubeGeneration] Creating drag cubes for part 'largeAdapter2'
[LOG 19:14:37.635] PartLoader: Compiling Part 'Squad/Parts/Utility/ServiceBay_v2/ServiceBay_125_v2/ServiceBay_125_v2'
[LOG 19:14:37.640] PartLoader: Part 'Squad/Parts/Utility/ServiceBay_v2/ServiceBay_125_v2/ServiceBay_125_v2' has no database record. Creating.
[LOG 19:14:37.640] [DragCubeSystem]: Drag cubes not found or cannot be read for part Part. Generating New drag cubes.
[LOG 19:14:37.640] [KSPCF/DragCubeGeneration] Creating drag cubes for part 'ServiceBay.125.v2'
[LOG 19:14:37.650] PartLoader: Compiling Part 'Squad/Parts/Utility/ServiceBay_v2/ServiceBay_250_v2/ServiceBay_250_v2'
[LOG 19:14:37.654] PartLoader: Part 'Squad/Parts/Utility/ServiceBay_v2/ServiceBay_250_v2/ServiceBay_250_v2' has no database record. Creating.
[LOG 19:14:37.654] [DragCubeSystem]: Drag cubes not found or cannot be read for part Part. Generating New drag cubes.
[LOG 19:14:37.654] [KSPCF/DragCubeGeneration] Creating drag cubes for part 'ServiceBay.250.v2'
[LOG 19:14:37.665] PartLoader: Compiling Part 'Squad/Parts/Utility/smallClaw/smallClaw/smallClaw'
[LOG 19:14:37.673] PartLoader: Part 'Squad/Parts/Utility/smallClaw/smallClaw/smallClaw' has no database record. Creating.
[LOG 19:14:37.673] [DragCubeSystem]: Drag cubes not found or cannot be read for part Part. Generating New drag cubes.
[LOG 19:14:37.673] [KSPCF/DragCubeGeneration] Creating drag cubes for part 'smallClaw'
[LOG 19:14:37.689] PartLoader: Compiling Part 'Squad/Parts/Utility/spotLightMk1/spotLightMk1/spotLight1'
[LOG 19:14:37.693] PartLoader: Part 'Squad/Parts/Utility/spotLightMk1/spotLightMk1/spotLight1' has no database record. Creating.
[LOG 19:14:37.693] [DragCubeSystem]: Drag cubes not found or cannot be read for part Part. Generating New drag cubes.
[LOG 19:14:37.693] [KSPCF/DragCubeGeneration] Creating drag cubes for part 'spotLight1'
[LOG 19:14:37.696] PartLoader: Compiling Part 'Squad/Parts/Utility/spotLightMk1_v2/spotLightMk1_v2/spotLight1_v2'
[LOG 19:14:37.701] PartLoader: Part 'Squad/Parts/Utility/spotLightMk1_v2/spotLightMk1_v2/spotLight1_v2' has no database record. Creating.
[LOG 19:14:37.701] [DragCubeSystem]: Drag cubes not found or cannot be read for part Part. Generating New drag cubes.
[LOG 19:14:37.701] [KSPCF/DragCubeGeneration] Creating drag cubes for part 'spotLight1.v2'
[LOG 19:14:37.705] PartLoader: Compiling Part 'Squad/Parts/Utility/spotLightMk2/spotLightMk2/spotLight2'
[LOG 19:14:37.709] PartLoader: Part 'Squad/Parts/Utility/spotLightMk2/spotLightMk2/spotLight2' has no database record. Creating.
[LOG 19:14:37.709] [DragCubeSystem]: Drag cubes not found or cannot be read for part Part. Generating New drag cubes.
[LOG 19:14:37.709] [KSPCF/DragCubeGeneration] Creating drag cubes for part 'spotLight2'
[LOG 19:14:37.714] PartLoader: Compiling Part 'Squad/Parts/Utility/spotLightMk2_v2/spotLightMk2_v2/spotLight2_v2'
[LOG 19:14:37.719] PartLoader: Part 'Squad/Parts/Utility/spotLightMk2_v2/spotLightMk2_v2/spotLight2_v2' has no database record. Creating.
[LOG 19:14:37.719] [DragCubeSystem]: Drag cubes not found or cannot be read for part Part. Generating New drag cubes.
[LOG 19:14:37.719] [KSPCF/DragCubeGeneration] Creating drag cubes for part 'spotLight2.v2'
[LOG 19:14:37.723] PartLoader: Compiling Part 'Squad/Parts/Utility/stackCouplers/stackBiCoupler_v2/stackBiCoupler_v2'
[LOG 19:14:37.726] PartLoader: Part 'Squad/Parts/Utility/stackCouplers/stackBiCoupler_v2/stackBiCoupler_v2' has no database record. Creating.
[LOG 19:14:37.726] [DragCubeSystem]: Drag cubes not found or cannot be read for part Part. Generating New drag cubes.
[LOG 19:14:37.727] [KSPCF/DragCubeGeneration] Creating drag cubes for part 'stackBiCoupler.v2'
[LOG 19:14:37.730] PartLoader: Compiling Part 'Squad/Parts/Utility/stackCouplers/stackQuadCoupler/stackQuadCoupler'
[LOG 19:14:37.733] PartLoader: Part 'Squad/Parts/Utility/stackCouplers/stackQuadCoupler/stackQuadCoupler' has no database record. Creating.
[LOG 19:14:37.733] [DragCubeSystem]: Drag cubes not found or cannot be read for part Part. Generating New drag cubes.
[LOG 19:14:37.733] [KSPCF/DragCubeGeneration] Creating drag cubes for part 'stackQuadCoupler'
[LOG 19:14:37.737] PartLoader: Compiling Part 'Squad/Parts/Utility/stackCouplers/stackTriCoupler_v2/stackTriCoupler_v2'
[LOG 19:14:37.741] PartLoader: Part 'Squad/Parts/Utility/stackCouplers/stackTriCoupler_v2/stackTriCoupler_v2' has no database record. Creating.
[LOG 19:14:37.742] [DragCubeSystem]: Drag cubes not found or cannot be read for part Part. Generating New drag cubes.
[LOG 19:14:37.742] [KSPCF/DragCubeGeneration] Creating drag cubes for part 'stackTriCoupler.v2'
[LOG 19:14:37.746] PartLoader: Compiling Part 'Squad/Parts/Wheel/LandingGear/GearExtraLarge/GearLarge'
[LOG 19:14:37.762] PartLoader: Part 'Squad/Parts/Wheel/LandingGear/GearExtraLarge/GearLarge' has no database record. Creating.
[LOG 19:14:37.763] [DragCubeSystem]: Drag cubes not found or cannot be read for part Part. Generating New drag cubes.
[LOG 19:14:37.763] [KSPCF/DragCubeGeneration] Creating drag cubes for part 'GearLarge'
[LOG 19:14:37.776] PartLoader: Compiling Part 'Squad/Parts/Wheel/LandingGear/GearFixed/GearFixed'
[LOG 19:14:37.781] PartLoader: Part 'Squad/Parts/Wheel/LandingGear/GearFixed/GearFixed' has no database record. Creating.
[LOG 19:14:37.781] [DragCubeSystem]: Drag cubes not found or cannot be read for part Part. Generating New drag cubes.
[LOG 19:14:37.781] [KSPCF/DragCubeGeneration] Creating drag cubes for part 'GearFixed'
[LOG 19:14:37.785] PartLoader: Compiling Part 'Squad/Parts/Wheel/LandingGear/GearFree/GearFree'
[LOG 19:14:37.793] PartLoader: Part 'Squad/Parts/Wheel/LandingGear/GearFree/GearFree' has no database record. Creating.
[LOG 19:14:37.793] [DragCubeSystem]: Drag cubes not found or cannot be read for part Part. Generating New drag cubes.
[LOG 19:14:37.793] [KSPCF/DragCubeGeneration] Creating drag cubes for part 'GearFree'
[LOG 19:14:37.798] PartLoader: Compiling Part 'Squad/Parts/Wheel/LandingGear/GearLarge/GearMedium'
[LOG 19:14:37.813] PartLoader: Part 'Squad/Parts/Wheel/LandingGear/GearLarge/GearMedium' has no database record. Creating.
[LOG 19:14:37.813] [DragCubeSystem]: Drag cubes not found or cannot be read for part Part. Generating New drag cubes.
[LOG 19:14:37.813] [KSPCF/DragCubeGeneration] Creating drag cubes for part 'GearMedium'
[LOG 19:14:37.826] PartLoader: Compiling Part 'Squad/Parts/Wheel/LandingGear/GearMedium/GearSmall'
[LOG 19:14:37.840] PartLoader: Part 'Squad/Parts/Wheel/LandingGear/GearMedium/GearSmall' has no database record. Creating.
[LOG 19:14:37.840] [DragCubeSystem]: Drag cubes not found or cannot be read for part Part. Generating New drag cubes.
[LOG 19:14:37.840] [KSPCF/DragCubeGeneration] Creating drag cubes for part 'GearSmall'
[LOG 19:14:37.859] PartLoader: Compiling Part 'Squad/Parts/Wheel/LandingGear/GearSmall/SmallGearBay'
[LOG 19:14:37.876] PartLoader: Part 'Squad/Parts/Wheel/LandingGear/GearSmall/SmallGearBay' has no database record. Creating.
[LOG 19:14:37.876] [DragCubeSystem]: Drag cubes not found or cannot be read for part Part. Generating New drag cubes.
[LOG 19:14:37.876] [KSPCF/DragCubeGeneration] Creating drag cubes for part 'SmallGearBay'
[LOG 19:14:37.892] PartLoader: Compiling Part 'Squad/Parts/Wheel/roverWheelM1/roverWheelM1/roverWheel1'
[LOG 19:14:37.910] PartLoader: Part 'Squad/Parts/Wheel/roverWheelM1/roverWheelM1/roverWheel1' has no database record. Creating.
[LOG 19:14:37.910] [DragCubeSystem]: Drag cubes not found or cannot be read for part Part. Generating New drag cubes.
[LOG 19:14:37.910] [KSPCF/DragCubeGeneration] Creating drag cubes for part 'roverWheel1'
[LOG 19:14:37.917] PartLoader: Compiling Part 'Squad/Parts/Wheel/roverWheelS2/roverWheelS2/roverWheel2'
[LOG 19:14:37.926] PartLoader: Part 'Squad/Parts/Wheel/roverWheelS2/roverWheelS2/roverWheel2' has no database record. Creating.
[LOG 19:14:37.926] [DragCubeSystem]: Drag cubes not found or cannot be read for part Part. Generating New drag cubes.
[LOG 19:14:37.926] [KSPCF/DragCubeGeneration] Creating drag cubes for part 'roverWheel2'
[LOG 19:14:37.933] PartLoader: Compiling Part 'Squad/Parts/Wheel/roverWheelTR-2L/roverWheelTR-2L/wheelMed'
[LOG 19:14:37.944] PartLoader: Part 'Squad/Parts/Wheel/roverWheelTR-2L/roverWheelTR-2L/wheelMed' has no database record. Creating.
[LOG 19:14:37.944] [DragCubeSystem]: Drag cubes not found or cannot be read for part Part. Generating New drag cubes.
[LOG 19:14:37.944] [KSPCF/DragCubeGeneration] Creating drag cubes for part 'wheelMed'
[LOG 19:14:37.951] PartLoader: Compiling Part 'Squad/Parts/Wheel/roverWheelXL3/roverWheelXL3/roverWheel3'
[LOG 19:14:37.970] PartLoader: Part 'Squad/Parts/Wheel/roverWheelXL3/roverWheelXL3/roverWheel3' has no database record. Creating.
[LOG 19:14:37.970] [DragCubeSystem]: Drag cubes not found or cannot be read for part Part. Generating New drag cubes.
[LOG 19:14:37.970] [KSPCF/DragCubeGeneration] Creating drag cubes for part 'roverWheel3'
[LOG 19:14:37.977] PartLoader: Compiling Part 'SquadExpansion/MakingHistory/Parts/Aero/protectiveRocketNoseMk16/rocketNoseCone_size4/rocketNoseConeSize4'
[LOG 19:14:37.983] PartLoader: Part 'SquadExpansion/MakingHistory/Parts/Aero/protectiveRocketNoseMk16/rocketNoseCone_size4/rocketNoseConeSize4' has no database record. Creating.
[LOG 19:14:37.983] [DragCubeSystem]: Drag cubes not found or cannot be read for part Part. Generating New drag cubes.
[LOG 19:14:37.983] [KSPCF/DragCubeGeneration] Creating drag cubes for part 'rocketNoseConeSize4'
[LOG 19:14:37.987] PartLoader: Compiling Part 'SquadExpansion/MakingHistory/Parts/Aero/protectiveRocketNoseMk5A/Size_1_5_Cone/Size_1_5_Cone'
[LOG 19:14:37.992] PartLoader: Part 'SquadExpansion/MakingHistory/Parts/Aero/protectiveRocketNoseMk5A/Size_1_5_Cone/Size_1_5_Cone' has no database record. Creating.
[LOG 19:14:37.992] [DragCubeSystem]: Drag cubes not found or cannot be read for part Part. Generating New drag cubes.
[LOG 19:14:37.992] [KSPCF/DragCubeGeneration] Creating drag cubes for part 'Size.1.5.Cone'
[LOG 19:14:38.004] PartLoader: Compiling Part 'SquadExpansion/MakingHistory/Parts/Coupling/Decoupler_1p5/Decoupler_1p5'
[LOG 19:14:38.011] PartLoader: Part 'SquadExpansion/MakingHistory/Parts/Coupling/Decoupler_1p5/Decoupler_1p5' has no database record. Creating.
[LOG 19:14:38.012] PartLoader: Compiling Part 'SquadExpansion/MakingHistory/Parts/Coupling/Decoupler_4/Decoupler_4'
[LOG 19:14:38.021] PartLoader: Part 'SquadExpansion/MakingHistory/Parts/Coupling/Decoupler_4/Decoupler_4' has no database record. Creating.
[LOG 19:14:38.021] PartLoader: Compiling Part 'SquadExpansion/MakingHistory/Parts/Coupling/EnginePlate_1p5/EnginePlate1p5'
[LOG 19:14:38.043] PartLoader: Part 'SquadExpansion/MakingHistory/Parts/Coupling/EnginePlate_1p5/EnginePlate1p5' has no database record. Creating.
[LOG 19:14:38.043] [DragCubeSystem]: Drag cubes not found or cannot be read for part Part. Generating New drag cubes.
[LOG 19:14:38.043] [KSPCF/DragCubeGeneration] Part 'EnginePlate1p5' has defined a procedural drag cube setup
[LOG 19:14:38.044] PartLoader: Compiling Part 'SquadExpansion/MakingHistory/Parts/Coupling/EnginePlate_2/EnginePlate2'
[LOG 19:14:38.057] PartLoader: Part 'SquadExpansion/MakingHistory/Parts/Coupling/EnginePlate_2/EnginePlate2' has no database record. Creating.
[LOG 19:14:38.057] [DragCubeSystem]: Drag cubes not found or cannot be read for part Part. Generating New drag cubes.
[LOG 19:14:38.057] [KSPCF/DragCubeGeneration] Part 'EnginePlate2' has defined a procedural drag cube setup
[LOG 19:14:38.058] PartLoader: Compiling Part 'SquadExpansion/MakingHistory/Parts/Coupling/EnginePlate_3/EnginePlate3'
[LOG 19:14:38.066] PartLoader: Part 'SquadExpansion/MakingHistory/Parts/Coupling/EnginePlate_3/EnginePlate3' has no database record. Creating.
[LOG 19:14:38.066] [DragCubeSystem]: Drag cubes not found or cannot be read for part Part. Generating New drag cubes.
[LOG 19:14:38.067] [KSPCF/DragCubeGeneration] Part 'EnginePlate3' has defined a procedural drag cube setup
[LOG 19:14:38.067] PartLoader: Compiling Part 'SquadExpansion/MakingHistory/Parts/Coupling/EnginePlate_4/EnginePlate4'
[LOG 19:14:38.091] PartLoader: Part 'SquadExpansion/MakingHistory/Parts/Coupling/EnginePlate_4/EnginePlate4' has no database record. Creating.
[LOG 19:14:38.091] [DragCubeSystem]: Drag cubes not found or cannot be read for part Part. Generating New drag cubes.
[LOG 19:14:38.091] [KSPCF/DragCubeGeneration] Part 'EnginePlate4' has defined a procedural drag cube setup
[LOG 19:14:38.091] PartLoader: Compiling Part 'SquadExpansion/MakingHistory/Parts/Coupling/EnginePlate_5/EnginePlate5'
[LOG 19:14:38.097] PartLoader: Part 'SquadExpansion/MakingHistory/Parts/Coupling/EnginePlate_5/EnginePlate5' has no database record. Creating.
[LOG 19:14:38.097] [DragCubeSystem]: Drag cubes not found or cannot be read for part Part. Generating New drag cubes.
[LOG 19:14:38.097] [KSPCF/DragCubeGeneration] Part 'EnginePlate5' has defined a procedural drag cube setup
[LOG 19:14:38.098] PartLoader: Compiling Part 'SquadExpansion/MakingHistory/Parts/Coupling/InflatableAirlock/InflatableAirlock'
[LOG 19:14:38.107] PartLoader: Part 'SquadExpansion/MakingHistory/Parts/Coupling/InflatableAirlock/InflatableAirlock' has no database record. Creating.
[LOG 19:14:38.107] [DragCubeSystem]: Drag cubes not found or cannot be read for part Part. Generating New drag cubes.
[LOG 19:14:38.107] [KSPCF/DragCubeGeneration] Creating drag cubes for part 'InflatableAirlock'
[LOG 19:14:38.124] PartLoader: Compiling Part 'SquadExpansion/MakingHistory/Parts/Coupling/Separator_1p5/Separator_1p5'
[LOG 19:14:38.131] PartLoader: Part 'SquadExpansion/MakingHistory/Parts/Coupling/Separator_1p5/Separator_1p5' has no database record. Creating.
[LOG 19:14:38.132] PartLoader: Compiling Part 'SquadExpansion/MakingHistory/Parts/Coupling/Separator_4/Separator_4'
[LOG 19:14:38.137] PartLoader: Part 'SquadExpansion/MakingHistory/Parts/Coupling/Separator_4/Separator_4' has no database record. Creating.
[LOG 19:14:38.138] PartLoader: Compiling Part 'SquadExpansion/MakingHistory/Parts/Coupling/Size1p5_Strut_Decoupler/Size1p5_Strut_Decoupler'
[LOG 19:14:38.143] PartLoader: Part 'SquadExpansion/MakingHistory/Parts/Coupling/Size1p5_Strut_Decoupler/Size1p5_Strut_Decoupler' has no database record. Creating.
[LOG 19:14:38.144] PartLoader: Compiling Part 'SquadExpansion/MakingHistory/Parts/Engine/LiquidEngineKE-1/LiquidEngineKE-1'
[LOG 19:14:38.160] PartLoader: Part 'SquadExpansion/MakingHistory/Parts/Engine/LiquidEngineKE-1/LiquidEngineKE-1' has no database record. Creating.
[LOG 19:14:38.161] [DragCubeSystem]: Drag cubes not found or cannot be read for part Part. Generating New drag cubes.
[LOG 19:14:38.161] [KSPCF/DragCubeGeneration] Creating drag cubes for part 'LiquidEngineKE-1'
[LOG 19:14:38.195] PartLoader: Compiling Part 'SquadExpansion/MakingHistory/Parts/Engine/LiquidEngineLV-T91/LiquidEngineLV-T91'
[LOG 19:14:38.204] PartLoader: Part 'SquadExpansion/MakingHistory/Parts/Engine/LiquidEngineLV-T91/LiquidEngineLV-T91' has no database record. Creating.
[LOG 19:14:38.205] [DragCubeSystem]: Drag cubes not found or cannot be read for part Part. Generating New drag cubes.
[LOG 19:14:38.205] [KSPCF/DragCubeGeneration] Creating drag cubes for part 'LiquidEngineLV-T91'
[LOG 19:14:38.230] PartLoader: Compiling Part 'SquadExpansion/MakingHistory/Parts/Engine/LiquidEngineLV-TX87/LiquidEngineLV-TX87'
[LOG 19:14:38.240] PartLoader: Part 'SquadExpansion/MakingHistory/Parts/Engine/LiquidEngineLV-TX87/LiquidEngineLV-TX87' has no database record. Creating.
[LOG 19:14:38.240] [DragCubeSystem]: Drag cubes not found or cannot be read for part Part. Generating New drag cubes.
[LOG 19:14:38.241] [KSPCF/DragCubeGeneration] Creating drag cubes for part 'LiquidEngineLV-TX87'
[LOG 19:14:38.274] PartLoader: Compiling Part 'SquadExpansion/MakingHistory/Parts/Engine/LiquidEngineRE-I2/LiquidEngineRE-I2'
[LOG 19:14:38.284] PartLoader: Part 'SquadExpansion/MakingHistory/Parts/Engine/LiquidEngineRE-I2/LiquidEngineRE-I2' has no database record. Creating.
[LOG 19:14:38.284] [DragCubeSystem]: Drag cubes not found or cannot be read for part Part. Generating New drag cubes.
[LOG 19:14:38.284] [KSPCF/DragCubeGeneration] Creating drag cubes for part 'LiquidEngineRE-I2'
[LOG 19:14:38.314] PartLoader: Compiling Part 'SquadExpansion/MakingHistory/Parts/Engine/LiquidEngineRE-J10/LiquidEngineRE-J10'
[LOG 19:14:38.327] PartLoader: Part 'SquadExpansion/MakingHistory/Parts/Engine/LiquidEngineRE-J10/LiquidEngineRE-J10' has no database record. Creating.
[LOG 19:14:38.327] [DragCubeSystem]: Drag cubes not found or cannot be read for part Part. Generating New drag cubes.
[LOG 19:14:38.327] [KSPCF/DragCubeGeneration] Creating drag cubes for part 'LiquidEngineRE-J10'
[LOG 19:14:38.357] PartLoader: Compiling Part 'SquadExpansion/MakingHistory/Parts/Engine/LiquidEngineRK-7/LiquidEngineRK-7'
[LOG 19:14:38.368] PartLoader: Part 'SquadExpansion/MakingHistory/Parts/Engine/LiquidEngineRK-7/LiquidEngineRK-7' has no database record. Creating.
[LOG 19:14:38.368] [DragCubeSystem]: Drag cubes not found or cannot be read for part Part. Generating New drag cubes.
[LOG 19:14:38.368] [KSPCF/DragCubeGeneration] Creating drag cubes for part 'LiquidEngineRK-7'
[LOG 19:14:38.404] PartLoader: Compiling Part 'SquadExpansion/MakingHistory/Parts/Engine/LiquidEngineRV-1/LiquidEngineRV-1'
[LOG 19:14:38.414] PartLoader: Part 'SquadExpansion/MakingHistory/Parts/Engine/LiquidEngineRV-1/LiquidEngineRV-1' has no database record. Creating.
[LOG 19:14:38.414] [DragCubeSystem]: Drag cubes not found or cannot be read for part Part. Generating New drag cubes.
[LOG 19:14:38.414] [KSPCF/DragCubeGeneration] Creating drag cubes for part 'LiquidEngineRV-1'
[LOG 19:14:38.419] PartLoader: Compiling Part 'SquadExpansion/MakingHistory/Parts/Engine/solidBoosterTHK/solidBoosterTHK/Pollux'
[LOG 19:14:38.425] PartLoader: Part 'SquadExpansion/MakingHistory/Parts/Engine/solidBoosterTHK/solidBoosterTHK/Pollux' has no database record. Creating.
[LOG 19:14:38.425] [DragCubeSystem]: Drag cubes not found or cannot be read for part Part. Generating New drag cubes.
[LOG 19:14:38.425] [KSPCF/DragCubeGeneration] Creating drag cubes for part 'Pollux'
[LOG 19:14:38.436] PartLoader: Compiling Part 'SquadExpansion/MakingHistory/Parts/FuelTank/MonoPropMini/monopropMiniSphere'
[LOG 19:14:38.440] PartLoader: Part 'SquadExpansion/MakingHistory/Parts/FuelTank/MonoPropMini/monopropMiniSphere' has no database record. Creating.
[LOG 19:14:38.440] [DragCubeSystem]: Drag cubes not found or cannot be read for part Part. Generating New drag cubes.
[LOG 19:14:38.440] [KSPCF/DragCubeGeneration] Creating drag cubes for part 'monopropMiniSphere'
[LOG 19:14:38.445] PartLoader: Compiling Part 'SquadExpansion/MakingHistory/Parts/FuelTank/Size1p5_Monoprop/Size1p5_Monoprop'
[LOG 19:14:38.449] PartLoader: Part 'SquadExpansion/MakingHistory/Parts/FuelTank/Size1p5_Monoprop/Size1p5_Monoprop' has no database record. Creating.
[LOG 19:14:38.449] [DragCubeSystem]: Drag cubes not found or cannot be read for part Part. Generating New drag cubes.
[LOG 19:14:38.450] [KSPCF/DragCubeGeneration] Creating drag cubes for part 'Size1p5.Monoprop'
[LOG 19:14:38.456] PartLoader: Compiling Part 'SquadExpansion/MakingHistory/Parts/FuelTank/Size1p5_Size0_Adapter_01/Size1p5_Size0_Adapter_01'
[LOG 19:14:38.459] PartLoader: Part 'SquadExpansion/MakingHistory/Parts/FuelTank/Size1p5_Size0_Adapter_01/Size1p5_Size0_Adapter_01' has no database record. Creating.
[LOG 19:14:38.459] [DragCubeSystem]: Drag cubes not found or cannot be read for part Part. Generating New drag cubes.
[LOG 19:14:38.459] [KSPCF/DragCubeGeneration] Creating drag cubes for part 'Size1p5.Size0.Adapter.01'
[LOG 19:14:38.464] PartLoader: Compiling Part 'SquadExpansion/MakingHistory/Parts/FuelTank/Size1p5_Size1_Adapter_01/Size1p5_Size1_Adapter_01'
[LOG 19:14:38.469] PartLoader: Part 'SquadExpansion/MakingHistory/Parts/FuelTank/Size1p5_Size1_Adapter_01/Size1p5_Size1_Adapter_01' has no database record. Creating.
[LOG 19:14:38.469] [DragCubeSystem]: Drag cubes not found or cannot be read for part Part. Generating New drag cubes.
[LOG 19:14:38.469] [KSPCF/DragCubeGeneration] Creating drag cubes for part 'Size1p5.Size1.Adapter.01'
[LOG 19:14:38.474] PartLoader: Compiling Part 'SquadExpansion/MakingHistory/Parts/FuelTank/Size1p5_Size1_Adapter_02/Size1p5_Size1_Adapter_02'
[LOG 19:14:38.479] PartLoader: Part 'SquadExpansion/MakingHistory/Parts/FuelTank/Size1p5_Size1_Adapter_02/Size1p5_Size1_Adapter_02' has no database record. Creating.
[LOG 19:14:38.479] [DragCubeSystem]: Drag cubes not found or cannot be read for part Part. Generating New drag cubes.
[LOG 19:14:38.479] [KSPCF/DragCubeGeneration] Creating drag cubes for part 'Size1p5.Size1.Adapter.02'
[LOG 19:14:38.485] PartLoader: Compiling Part 'SquadExpansion/MakingHistory/Parts/FuelTank/Size1p5_Size2_Adapter_01/Size1p5_Size2_Adapter_01'
[LOG 19:14:38.488] PartLoader: Part 'SquadExpansion/MakingHistory/Parts/FuelTank/Size1p5_Size2_Adapter_01/Size1p5_Size2_Adapter_01' has no database record. Creating.
[LOG 19:14:38.488] [DragCubeSystem]: Drag cubes not found or cannot be read for part Part. Generating New drag cubes.
[LOG 19:14:38.488] [KSPCF/DragCubeGeneration] Creating drag cubes for part 'Size1p5.Size2.Adapter.01'
[LOG 19:14:38.494] PartLoader: Compiling Part 'SquadExpansion/MakingHistory/Parts/FuelTank/Size1p5_Tank_01/Size1p5_Tank_01'
[LOG 19:14:38.498] PartLoader: Part 'SquadExpansion/MakingHistory/Parts/FuelTank/Size1p5_Tank_01/Size1p5_Tank_01' has no database record. Creating.
[LOG 19:14:38.498] [DragCubeSystem]: Drag cubes not found or cannot be read for part Part. Generating New drag cubes.
[LOG 19:14:38.498] [KSPCF/DragCubeGeneration] Creating drag cubes for part 'Size1p5.Tank.01'
[LOG 19:14:38.505] PartLoader: Compiling Part 'SquadExpansion/MakingHistory/Parts/FuelTank/Size1p5_Tank_02/Size1p5_Tank_02'
[LOG 19:14:38.510] PartLoader: Part 'SquadExpansion/MakingHistory/Parts/FuelTank/Size1p5_Tank_02/Size1p5_Tank_02' has no database record. Creating.
[LOG 19:14:38.510] [DragCubeSystem]: Drag cubes not found or cannot be read for part Part. Generating New drag cubes.
[LOG 19:14:38.510] [KSPCF/DragCubeGeneration] Creating drag cubes for part 'Size1p5.Tank.02'
[LOG 19:14:38.515] PartLoader: Compiling Part 'SquadExpansion/MakingHistory/Parts/FuelTank/Size1p5_Tank_03/Size1p5_Tank_03'
[LOG 19:14:38.518] PartLoader: Part 'SquadExpansion/MakingHistory/Parts/FuelTank/Size1p5_Tank_03/Size1p5_Tank_03' has no database record. Creating.
[LOG 19:14:38.518] [DragCubeSystem]: Drag cubes not found or cannot be read for part Part. Generating New drag cubes.
[LOG 19:14:38.518] [KSPCF/DragCubeGeneration] Creating drag cubes for part 'Size1p5.Tank.03'
[LOG 19:14:38.524] PartLoader: Compiling Part 'SquadExpansion/MakingHistory/Parts/FuelTank/Size1p5_Tank_04/Size1p5_Tank_04'
[LOG 19:14:38.527] PartLoader: Part 'SquadExpansion/MakingHistory/Parts/FuelTank/Size1p5_Tank_04/Size1p5_Tank_04' has no database record. Creating.
[LOG 19:14:38.527] [DragCubeSystem]: Drag cubes not found or cannot be read for part Part. Generating New drag cubes.
[LOG 19:14:38.527] [KSPCF/DragCubeGeneration] Creating drag cubes for part 'Size1p5.Tank.04'
[LOG 19:14:38.534] PartLoader: Compiling Part 'SquadExpansion/MakingHistory/Parts/FuelTank/Size1p5_Tank_05/Size1p5_Tank_05'
[LOG 19:14:38.542] PartLoader: Part 'SquadExpansion/MakingHistory/Parts/FuelTank/Size1p5_Tank_05/Size1p5_Tank_05' has no database record. Creating.
[LOG 19:14:38.542] [DragCubeSystem]: Drag cubes not found or cannot be read for part Part. Generating New drag cubes.
[LOG 19:14:38.542] [KSPCF/DragCubeGeneration] Creating drag cubes for part 'Size1p5.Tank.05'
[LOG 19:14:38.549] PartLoader: Compiling Part 'SquadExpansion/MakingHistory/Parts/FuelTank/Size3_Size4_Adapter_01/Size3_Size4_Adapter_01'
[LOG 19:14:38.553] PartLoader: Part 'SquadExpansion/MakingHistory/Parts/FuelTank/Size3_Size4_Adapter_01/Size3_Size4_Adapter_01' has no database record. Creating.
[LOG 19:14:38.553] [DragCubeSystem]: Drag cubes not found or cannot be read for part Part. Generating New drag cubes.
[LOG 19:14:38.553] [KSPCF/DragCubeGeneration] Creating drag cubes for part 'Size3.Size4.Adapter.01'
[LOG 19:14:38.559] PartLoader: Compiling Part 'SquadExpansion/MakingHistory/Parts/FuelTank/Size4_EngineAdapter_01/Size4_EngineAdapter_01'
[LOG 19:14:38.563] PartLoader: Part 'SquadExpansion/MakingHistory/Parts/FuelTank/Size4_EngineAdapter_01/Size4_EngineAdapter_01' has no database record. Creating.
[LOG 19:14:38.563] [DragCubeSystem]: Drag cubes not found or cannot be read for part Part. Generating New drag cubes.
[LOG 19:14:38.563] [KSPCF/DragCubeGeneration] Creating drag cubes for part 'Size4.EngineAdapter.01'
[LOG 19:14:38.568] PartLoader: Compiling Part 'SquadExpansion/MakingHistory/Parts/FuelTank/Size4_Tank_01/Size4_Tank_01'
[LOG 19:14:38.571] PartLoader: Part 'SquadExpansion/MakingHistory/Parts/FuelTank/Size4_Tank_01/Size4_Tank_01' has no database record. Creating.
[LOG 19:14:38.571] [DragCubeSystem]: Drag cubes not found or cannot be read for part Part. Generating New drag cubes.
[LOG 19:14:38.571] [KSPCF/DragCubeGeneration] Creating drag cubes for part 'Size4.Tank.01'
[LOG 19:14:38.577] PartLoader: Compiling Part 'SquadExpansion/MakingHistory/Parts/FuelTank/Size4_Tank_02/Size4_Tank_02'
[LOG 19:14:38.580] PartLoader: Part 'SquadExpansion/MakingHistory/Parts/FuelTank/Size4_Tank_02/Size4_Tank_02' has no database record. Creating.
[LOG 19:14:38.580] [DragCubeSystem]: Drag cubes not found or cannot be read for part Part. Generating New drag cubes.
[LOG 19:14:38.580] [KSPCF/DragCubeGeneration] Creating drag cubes for part 'Size4.Tank.02'
[LOG 19:14:38.586] PartLoader: Compiling Part 'SquadExpansion/MakingHistory/Parts/FuelTank/Size4_Tank_03/Size4_Tank_03'
[LOG 19:14:38.589] PartLoader: Part 'SquadExpansion/MakingHistory/Parts/FuelTank/Size4_Tank_03/Size4_Tank_03' has no database record. Creating.
[LOG 19:14:38.589] [DragCubeSystem]: Drag cubes not found or cannot be read for part Part. Generating New drag cubes.
[LOG 19:14:38.589] [KSPCF/DragCubeGeneration] Creating drag cubes for part 'Size4.Tank.03'
[LOG 19:14:38.593] PartLoader: Compiling Part 'SquadExpansion/MakingHistory/Parts/FuelTank/Size4_Tank_04/Size4_Tank_04'
[LOG 19:14:38.596] PartLoader: Part 'SquadExpansion/MakingHistory/Parts/FuelTank/Size4_Tank_04/Size4_Tank_04' has no database record. Creating.
[LOG 19:14:38.596] [DragCubeSystem]: Drag cubes not found or cannot be read for part Part. Generating New drag cubes.
[LOG 19:14:38.596] [KSPCF/DragCubeGeneration] Creating drag cubes for part 'Size4.Tank.04'
[LOG 19:14:38.602] PartLoader: Compiling Part 'SquadExpansion/MakingHistory/Parts/Ground/RoverWheel/roverWheelM1-F'
[LOG 19:14:38.612] PartLoader: Part 'SquadExpansion/MakingHistory/Parts/Ground/RoverWheel/roverWheelM1-F' has no database record. Creating.
[LOG 19:14:38.612] [DragCubeSystem]: Drag cubes not found or cannot be read for part Part. Generating New drag cubes.
[LOG 19:14:38.612] [KSPCF/DragCubeGeneration] Creating drag cubes for part 'roverWheelM1-F'
[LOG 19:14:38.629] PartLoader: Compiling Part 'SquadExpansion/MakingHistory/Parts/Payload/fairingSize1p5/fairingSize1p5'
[LOG 19:14:38.644] PartLoader: Part 'SquadExpansion/MakingHistory/Parts/Payload/fairingSize1p5/fairingSize1p5' has no database record. Creating.
[LOG 19:14:38.644] [DragCubeSystem]: Drag cubes not found or cannot be read for part Part. Generating New drag cubes.
[LOG 19:14:38.644] [KSPCF/DragCubeGeneration] Creating drag cubes for part 'fairingSize1p5'
[LOG 19:14:38.650] PartLoader: Compiling Part 'SquadExpansion/MakingHistory/Parts/Payload/fairingSize4/fairingSize4'
[LOG 19:14:38.662] PartLoader: Part 'SquadExpansion/MakingHistory/Parts/Payload/fairingSize4/fairingSize4' has no database record. Creating.
[LOG 19:14:38.662] [DragCubeSystem]: Drag cubes not found or cannot be read for part Part. Generating New drag cubes.
[LOG 19:14:38.662] [KSPCF/DragCubeGeneration] Creating drag cubes for part 'fairingSize4'
[LOG 19:14:38.668] PartLoader: Compiling Part 'SquadExpansion/MakingHistory/Parts/Payload/Size1to0ServiceModule/Size1to0ServiceModule'
[LOG 19:14:38.678] PartLoader: Part 'SquadExpansion/MakingHistory/Parts/Payload/Size1to0ServiceModule/Size1to0ServiceModule' has no database record. Creating.
[LOG 19:14:38.678] [DragCubeSystem]: Drag cubes not found or cannot be read for part Part. Generating New drag cubes.
[LOG 19:14:38.678] [KSPCF/DragCubeGeneration] Part 'Size1to0ServiceModule' has defined a procedural drag cube setup
[LOG 19:14:38.679] PartLoader: Compiling Part 'SquadExpansion/MakingHistory/Parts/Payload/SM18/ServiceModule18'
[LOG 19:14:38.687] PartLoader: Part 'SquadExpansion/MakingHistory/Parts/Payload/SM18/ServiceModule18' has no database record. Creating.
[LOG 19:14:38.688] [DragCubeSystem]: Drag cubes not found or cannot be read for part Part. Generating New drag cubes.
[LOG 19:14:38.688] [KSPCF/DragCubeGeneration] Part 'ServiceModule18' has defined a procedural drag cube setup
[LOG 19:14:38.688] PartLoader: Compiling Part 'SquadExpansion/MakingHistory/Parts/Payload/SM25/ServiceModule25'
[LOG 19:14:38.694] PartLoader: Part 'SquadExpansion/MakingHistory/Parts/Payload/SM25/ServiceModule25' has no database record. Creating.
[LOG 19:14:38.694] [DragCubeSystem]: Drag cubes not found or cannot be read for part Part. Generating New drag cubes.
[LOG 19:14:38.695] [KSPCF/DragCubeGeneration] Part 'ServiceModule25' has defined a procedural drag cube setup
[LOG 19:14:38.696] PartLoader: Compiling Part 'SquadExpansion/MakingHistory/Parts/Pods/KV1Pod/kv1Pod'
[WRN 19:14:38.704] [Part]: Cannot have ModuleCargoPart and ModuleInventoryPart on same Part [kv1Pod'. Removed ModuleCargoPart
[LOG 19:14:38.710] PartLoader: Part 'SquadExpansion/MakingHistory/Parts/Pods/KV1Pod/kv1Pod' has no database record. Creating.
[LOG 19:14:38.713] PartLoader: Compiling Part 'SquadExpansion/MakingHistory/Parts/Pods/KV2Pod/kv2Pod'
[WRN 19:14:38.719] [Part]: Cannot have ModuleCargoPart and ModuleInventoryPart on same Part [kv2Pod'. Removed ModuleCargoPart
[LOG 19:14:38.726] PartLoader: Part 'SquadExpansion/MakingHistory/Parts/Pods/KV2Pod/kv2Pod' has no database record. Creating.
[LOG 19:14:38.728] PartLoader: Compiling Part 'SquadExpansion/MakingHistory/Parts/Pods/KV3Pod/kv3Pod'
[WRN 19:14:38.733] [Part]: Cannot have ModuleCargoPart and ModuleInventoryPart on same Part [kv3Pod'. Removed ModuleCargoPart
[LOG 19:14:38.737] PartLoader: Part 'SquadExpansion/MakingHistory/Parts/Pods/KV3Pod/kv3Pod' has no database record. Creating.
[LOG 19:14:38.741] PartLoader: Compiling Part 'SquadExpansion/MakingHistory/Parts/Pods/Mk2Pod/Mk2Pod'
[WRN 19:14:38.744] [Part]: Cannot have ModuleCargoPart and ModuleInventoryPart on same Part [Mk2Pod'. Removed ModuleCargoPart
[LOG 19:14:38.752] PartLoader: Part 'SquadExpansion/MakingHistory/Parts/Pods/Mk2Pod/Mk2Pod' has no database record. Creating.
[LOG 19:14:38.752] [DragCubeSystem]: Drag cubes not found or cannot be read for part Part. Generating New drag cubes.
[LOG 19:14:38.752] [KSPCF/DragCubeGeneration] Creating drag cubes for part 'Mk2Pod'
[LOG 19:14:38.758] PartLoader: Compiling Part 'SquadExpansion/MakingHistory/Parts/Pods/Size1_5_Lander/MEMLander'
[WRN 19:14:38.763] [Part]: Cannot add ModuleCargoPart as this Part 'MEMLander' already has a ModuleInventoryPart PartModule and they are mutually exclusive.
[LOG 19:14:38.769] PartLoader: Part 'SquadExpansion/MakingHistory/Parts/Pods/Size1_5_Lander/MEMLander' has no database record. Creating.
[LOG 19:14:38.769] [DragCubeSystem]: Drag cubes not found or cannot be read for part Part. Generating New drag cubes.
[LOG 19:14:38.769] [KSPCF/DragCubeGeneration] Creating drag cubes for part 'MEMLander'
[LOG 19:14:38.777] PartLoader: Compiling Part 'SquadExpansion/MakingHistory/Parts/Prebuilt/kerbalEVAfemaleVintage/kerbalEVAfemaleVintage'
[LOG 19:14:38.786] PartLoader: Compiling Part 'SquadExpansion/MakingHistory/Parts/Prebuilt/kerbalEVAVintage/kerbalEVAVintage'
[LOG 19:14:38.797] PartLoader: Compiling Part 'SquadExpansion/MakingHistory/Parts/Structural/EquiTriangle0/EquiTriangle0'
[LOG 19:14:38.808] PartLoader: Part 'SquadExpansion/MakingHistory/Parts/Structural/EquiTriangle0/EquiTriangle0' has no database record. Creating.
[LOG 19:14:38.808] [DragCubeSystem]: Drag cubes not found or cannot be read for part Part. Generating New drag cubes.
[LOG 19:14:38.808] [KSPCF/DragCubeGeneration] Creating drag cubes for part 'EquiTriangle0'
[LOG 19:14:38.812] PartLoader: Compiling Part 'SquadExpansion/MakingHistory/Parts/Structural/EquiTriangle1/EquiTriangle1'
[LOG 19:14:38.818] PartLoader: Part 'SquadExpansion/MakingHistory/Parts/Structural/EquiTriangle1/EquiTriangle1' has no database record. Creating.
[LOG 19:14:38.819] [DragCubeSystem]: Drag cubes not found or cannot be read for part Part. Generating New drag cubes.
[LOG 19:14:38.819] [KSPCF/DragCubeGeneration] Creating drag cubes for part 'EquiTriangle1'
[LOG 19:14:38.824] PartLoader: Compiling Part 'SquadExpansion/MakingHistory/Parts/Structural/EquiTriangle1p5/EquiTriangle1p5'
[LOG 19:14:38.831] PartLoader: Part 'SquadExpansion/MakingHistory/Parts/Structural/EquiTriangle1p5/EquiTriangle1p5' has no database record. Creating.
[LOG 19:14:38.831] [DragCubeSystem]: Drag cubes not found or cannot be read for part Part. Generating New drag cubes.
[LOG 19:14:38.831] [KSPCF/DragCubeGeneration] Creating drag cubes for part 'EquiTriangle1p5'
[LOG 19:14:38.839] PartLoader: Compiling Part 'SquadExpansion/MakingHistory/Parts/Structural/EquiTriangle2/EquiTriangle2'
[LOG 19:14:38.853] PartLoader: Part 'SquadExpansion/MakingHistory/Parts/Structural/EquiTriangle2/EquiTriangle2' has no database record. Creating.
[LOG 19:14:38.854] [DragCubeSystem]: Drag cubes not found or cannot be read for part Part. Generating New drag cubes.
[LOG 19:14:38.854] [KSPCF/DragCubeGeneration] Creating drag cubes for part 'EquiTriangle2'
[LOG 19:14:38.858] PartLoader: Compiling Part 'SquadExpansion/MakingHistory/Parts/Structural/Panel0/Panel0'
[LOG 19:14:38.865] PartLoader: Part 'SquadExpansion/MakingHistory/Parts/Structural/Panel0/Panel0' has no database record. Creating.
[LOG 19:14:38.865] [DragCubeSystem]: Drag cubes not found or cannot be read for part Part. Generating New drag cubes.
[LOG 19:14:38.865] [KSPCF/DragCubeGeneration] Creating drag cubes for part 'Panel0'
[LOG 19:14:38.871] PartLoader: Compiling Part 'SquadExpansion/MakingHistory/Parts/Structural/Panel1/Panel1'
[LOG 19:14:38.878] PartLoader: Part 'SquadExpansion/MakingHistory/Parts/Structural/Panel1/Panel1' has no database record. Creating.
[LOG 19:14:38.878] [DragCubeSystem]: Drag cubes not found or cannot be read for part Part. Generating New drag cubes.
[LOG 19:14:38.878] [KSPCF/DragCubeGeneration] Creating drag cubes for part 'Panel1'
[LOG 19:14:38.885] PartLoader: Compiling Part 'SquadExpansion/MakingHistory/Parts/Structural/Panel1p5/Panel1p5'
[LOG 19:14:38.898] PartLoader: Part 'SquadExpansion/MakingHistory/Parts/Structural/Panel1p5/Panel1p5' has no database record. Creating.
[LOG 19:14:38.898] [DragCubeSystem]: Drag cubes not found or cannot be read for part Part. Generating New drag cubes.
[LOG 19:14:38.898] [KSPCF/DragCubeGeneration] Creating drag cubes for part 'Panel1p5'
[LOG 19:14:38.910] PartLoader: Compiling Part 'SquadExpansion/MakingHistory/Parts/Structural/Panel2/Panel2'
[LOG 19:14:38.918] PartLoader: Part 'SquadExpansion/MakingHistory/Parts/Structural/Panel2/Panel2' has no database record. Creating.
[LOG 19:14:38.918] [DragCubeSystem]: Drag cubes not found or cannot be read for part Part. Generating New drag cubes.
[LOG 19:14:38.918] [KSPCF/DragCubeGeneration] Creating drag cubes for part 'Panel2'
[LOG 19:14:38.925] PartLoader: Compiling Part 'SquadExpansion/MakingHistory/Parts/Structural/Triangle0/Triangle0'
[LOG 19:14:38.933] PartLoader: Part 'SquadExpansion/MakingHistory/Parts/Structural/Triangle0/Triangle0' has no database record. Creating.
[LOG 19:14:38.933] [DragCubeSystem]: Drag cubes not found or cannot be read for part Part. Generating New drag cubes.
[LOG 19:14:38.933] [KSPCF/DragCubeGeneration] Creating drag cubes for part 'Triangle0'
[LOG 19:14:38.942] PartLoader: Compiling Part 'SquadExpansion/MakingHistory/Parts/Structural/Triangle1/Triangle1'
[LOG 19:14:38.946] PartLoader: Part 'SquadExpansion/MakingHistory/Parts/Structural/Triangle1/Triangle1' has no database record. Creating.
[LOG 19:14:38.946] [DragCubeSystem]: Drag cubes not found or cannot be read for part Part. Generating New drag cubes.
[LOG 19:14:38.946] [KSPCF/DragCubeGeneration] Creating drag cubes for part 'Triangle1'
[LOG 19:14:38.950] PartLoader: Compiling Part 'SquadExpansion/MakingHistory/Parts/Structural/Triangle1p5/Triangle1p5'
[LOG 19:14:38.956] PartLoader: Part 'SquadExpansion/MakingHistory/Parts/Structural/Triangle1p5/Triangle1p5' has no database record. Creating.
[LOG 19:14:38.956] [DragCubeSystem]: Drag cubes not found or cannot be read for part Part. Generating New drag cubes.
[LOG 19:14:38.956] [KSPCF/DragCubeGeneration] Creating drag cubes for part 'Triangle1p5'
[LOG 19:14:38.960] PartLoader: Compiling Part 'SquadExpansion/MakingHistory/Parts/Structural/Triangle2/Triangle2'
[LOG 19:14:38.963] PartLoader: Part 'SquadExpansion/MakingHistory/Parts/Structural/Triangle2/Triangle2' has no database record. Creating.
[LOG 19:14:38.963] [DragCubeSystem]: Drag cubes not found or cannot be read for part Part. Generating New drag cubes.
[LOG 19:14:38.963] [KSPCF/DragCubeGeneration] Creating drag cubes for part 'Triangle2'
[LOG 19:14:38.968] PartLoader: Compiling Part 'SquadExpansion/MakingHistory/Parts/Structural/Tube1/Tube1'
[LOG 19:14:38.975] PartLoader: Part 'SquadExpansion/MakingHistory/Parts/Structural/Tube1/Tube1' has no database record. Creating.
[LOG 19:14:38.975] PartLoader: Compiling Part 'SquadExpansion/MakingHistory/Parts/Structural/Tube1p5/Tube1p5'
[LOG 19:14:38.980] PartLoader: Part 'SquadExpansion/MakingHistory/Parts/Structural/Tube1p5/Tube1p5' has no database record. Creating.
[LOG 19:14:38.980] PartLoader: Compiling Part 'SquadExpansion/MakingHistory/Parts/Structural/Tube2/Tube2'
[LOG 19:14:38.985] PartLoader: Part 'SquadExpansion/MakingHistory/Parts/Structural/Tube2/Tube2' has no database record. Creating.
[LOG 19:14:38.985] PartLoader: Compiling Part 'SquadExpansion/MakingHistory/Parts/Structural/Tube3/Tube3'
[LOG 19:14:38.989] PartLoader: Part 'SquadExpansion/MakingHistory/Parts/Structural/Tube3/Tube3' has no database record. Creating.
[LOG 19:14:38.989] PartLoader: Compiling Part 'SquadExpansion/MakingHistory/Parts/Structural/Tube4/Tube4'
[LOG 19:14:38.993] PartLoader: Part 'SquadExpansion/MakingHistory/Parts/Structural/Tube4/Tube4' has no database record. Creating.
[LOG 19:14:38.994] PartLoader: Compiling Part 'SquadExpansion/MakingHistory/Parts/Thermal/HeatShield1p5/HeatShield1p5'
[LOG 19:14:39.000] PartLoader: Part 'SquadExpansion/MakingHistory/Parts/Thermal/HeatShield1p5/HeatShield1p5' has no database record. Creating.
[LOG 19:14:39.000] [DragCubeSystem]: Drag cubes not found or cannot be read for part Part. Generating New drag cubes.
[LOG 19:14:39.000] [KSPCF/DragCubeGeneration] Creating drag cubes for part 'HeatShield1p5'
[LOG 19:14:39.012] PartLoader: Compiling Part 'SquadExpansion/MakingHistory/Parts/Utility/flags/flagSize1p5/flagSize1p5/flagPartSize1p5'
[LOG 19:14:39.017] PartLoader: Part 'SquadExpansion/MakingHistory/Parts/Utility/flags/flagSize1p5/flagSize1p5/flagPartSize1p5' has no database record. Creating.
[LOG 19:14:39.017] [DragCubeSystem]: Drag cubes not found or cannot be read for part Part. Generating New drag cubes.
[LOG 19:14:39.017] [KSPCF/DragCubeGeneration] Creating drag cubes for part 'flagPartSize1p5'
[LOG 19:14:39.022] PartLoader: Compiling Part 'SquadExpansion/MakingHistory/Parts/Utility/flags/flagSize4/flagSize4/flagPartSize4'
[LOG 19:14:39.026] PartLoader: Part 'SquadExpansion/MakingHistory/Parts/Utility/flags/flagSize4/flagSize4/flagPartSize4' has no database record. Creating.
[LOG 19:14:39.026] [DragCubeSystem]: Drag cubes not found or cannot be read for part Part. Generating New drag cubes.
[LOG 19:14:39.026] [KSPCF/DragCubeGeneration] Creating drag cubes for part 'flagPartSize4'
[LOG 19:14:39.030] PartLoader: Compiling Part 'SquadExpansion/Serenity/Parts/Aero/FanShroud_01/FanShroud_01'
[LOG 19:14:39.033] PartLoader: Part 'SquadExpansion/Serenity/Parts/Aero/FanShroud_01/FanShroud_01' has no database record. Creating.
[LOG 19:14:39.033] [DragCubeSystem]: Drag cubes not found or cannot be read for part Part. Generating New drag cubes.
[LOG 19:14:39.034] [KSPCF/DragCubeGeneration] Creating drag cubes for part 'FanShroud.01'
[LOG 19:14:39.038] PartLoader: Compiling Part 'SquadExpansion/Serenity/Parts/Aero/FanShroud_02/FanShroud_02'
[LOG 19:14:39.042] PartLoader: Part 'SquadExpansion/Serenity/Parts/Aero/FanShroud_02/FanShroud_02' has no database record. Creating.
[LOG 19:14:39.042] [DragCubeSystem]: Drag cubes not found or cannot be read for part Part. Generating New drag cubes.
[LOG 19:14:39.042] [KSPCF/DragCubeGeneration] Creating drag cubes for part 'FanShroud.02'
[LOG 19:14:39.045] PartLoader: Compiling Part 'SquadExpansion/Serenity/Parts/Aero/FanShroud_03/FanShroud_03'
[LOG 19:14:39.049] PartLoader: Part 'SquadExpansion/Serenity/Parts/Aero/FanShroud_03/FanShroud_03' has no database record. Creating.
[LOG 19:14:39.049] [DragCubeSystem]: Drag cubes not found or cannot be read for part Part. Generating New drag cubes.
[LOG 19:14:39.049] [KSPCF/DragCubeGeneration] Creating drag cubes for part 'FanShroud.03'
[LOG 19:14:39.054] PartLoader: Compiling Part 'SquadExpansion/Serenity/Parts/Aero/noseconeTiny/noseconeTiny'
[LOG 19:14:39.058] PartLoader: Part 'SquadExpansion/Serenity/Parts/Aero/noseconeTiny/noseconeTiny' has no database record. Creating.
[LOG 19:14:39.058] [DragCubeSystem]: Drag cubes not found or cannot be read for part Part. Generating New drag cubes.
[LOG 19:14:39.058] [KSPCF/DragCubeGeneration] Creating drag cubes for part 'noseconeTiny'
[LOG 19:14:39.062] PartLoader: Compiling Part 'SquadExpansion/Serenity/Parts/Aero/noseconeVS/noseconeVS'
[LOG 19:14:39.064] PartLoader: Part 'SquadExpansion/Serenity/Parts/Aero/noseconeVS/noseconeVS' has no database record. Creating.
[LOG 19:14:39.065] [DragCubeSystem]: Drag cubes not found or cannot be read for part Part. Generating New drag cubes.
[LOG 19:14:39.065] [KSPCF/DragCubeGeneration] Creating drag cubes for part 'noseconeVS'
[LOG 19:14:39.069] PartLoader: Compiling Part 'SquadExpansion/Serenity/Parts/DeployedScience/centralStation/DeployedCentralStation'
[LOG 19:14:39.079] PartLoader: Part 'SquadExpansion/Serenity/Parts/DeployedScience/centralStation/DeployedCentralStation' has no database record. Creating.
[LOG 19:14:39.079] [DragCubeSystem]: Drag cubes not found or cannot be read for part Part. Generating New drag cubes.
[LOG 19:14:39.079] [KSPCF/DragCubeGeneration] Creating drag cubes for part 'DeployedCentralStation'
[LOG 19:14:39.101] PartLoader: Compiling Part 'SquadExpansion/Serenity/Parts/DeployedScience/gooObservation/DeployedGoExOb'
[LOG 19:14:39.116] PartLoader: Part 'SquadExpansion/Serenity/Parts/DeployedScience/gooObservation/DeployedGoExOb' has no database record. Creating.
[LOG 19:14:39.116] [DragCubeSystem]: Drag cubes not found or cannot be read for part Part. Generating New drag cubes.
[LOG 19:14:39.116] [KSPCF/DragCubeGeneration] Creating drag cubes for part 'DeployedGoExOb'
[LOG 19:14:39.137] PartLoader: Compiling Part 'SquadExpansion/Serenity/Parts/DeployedScience/ionCollector/DeployedIONExp'
[LOG 19:14:39.141] PartLoader: Part 'SquadExpansion/Serenity/Parts/DeployedScience/ionCollector/DeployedIONExp' has no database record. Creating.
[LOG 19:14:39.141] [DragCubeSystem]: Drag cubes not found or cannot be read for part Part. Generating New drag cubes.
[LOG 19:14:39.141] [KSPCF/DragCubeGeneration] Creating drag cubes for part 'DeployedIONExp'
[LOG 19:14:39.154] PartLoader: Compiling Part 'SquadExpansion/Serenity/Parts/DeployedScience/rtg/DeployedRTG'
[LOG 19:14:39.163] PartLoader: Part 'SquadExpansion/Serenity/Parts/DeployedScience/rtg/DeployedRTG' has no database record. Creating.
[LOG 19:14:39.163] [DragCubeSystem]: Drag cubes not found or cannot be read for part Part. Generating New drag cubes.
[LOG 19:14:39.163] [KSPCF/DragCubeGeneration] Creating drag cubes for part 'DeployedRTG'
[LOG 19:14:39.177] PartLoader: Compiling Part 'SquadExpansion/Serenity/Parts/DeployedScience/satDish/DeployedSatDish'
[LOG 19:14:39.185] PartLoader: Part 'SquadExpansion/Serenity/Parts/DeployedScience/satDish/DeployedSatDish' has no database record. Creating.
[LOG 19:14:39.185] [DragCubeSystem]: Drag cubes not found or cannot be read for part Part. Generating New drag cubes.
[LOG 19:14:39.185] [KSPCF/DragCubeGeneration] Creating drag cubes for part 'DeployedSatDish'
[LOG 19:14:39.198] PartLoader: Compiling Part 'SquadExpansion/Serenity/Parts/DeployedScience/seismicSensor/DeployedSeismicSensor'
[LOG 19:14:39.203] PartLoader: Part 'SquadExpansion/Serenity/Parts/DeployedScience/seismicSensor/DeployedSeismicSensor' has no database record. Creating.
[LOG 19:14:39.203] [DragCubeSystem]: Drag cubes not found or cannot be read for part Part. Generating New drag cubes.
[LOG 19:14:39.203] [KSPCF/DragCubeGeneration] Creating drag cubes for part 'DeployedSeismicSensor'
[LOG 19:14:39.215] PartLoader: Compiling Part 'SquadExpansion/Serenity/Parts/DeployedScience/solarPanel/DeployedSolarPanel'
[LOG 19:14:39.220] PartLoader: Part 'SquadExpansion/Serenity/Parts/DeployedScience/solarPanel/DeployedSolarPanel' has no database record. Creating.
[LOG 19:14:39.220] [DragCubeSystem]: Drag cubes not found or cannot be read for part Part. Generating New drag cubes.
[LOG 19:14:39.220] [KSPCF/DragCubeGeneration] Creating drag cubes for part 'DeployedSolarPanel'
[LOG 19:14:39.234] PartLoader: Compiling Part 'SquadExpansion/Serenity/Parts/DeployedScience/weatherStation/DeployedWeatherStn'
[LOG 19:14:39.239] PartLoader: Part 'SquadExpansion/Serenity/Parts/DeployedScience/weatherStation/DeployedWeatherStn' has no database record. Creating.
[LOG 19:14:39.239] [DragCubeSystem]: Drag cubes not found or cannot be read for part Part. Generating New drag cubes.
[LOG 19:14:39.239] [KSPCF/DragCubeGeneration] Creating drag cubes for part 'DeployedWeatherStn'
[LOG 19:14:39.260] PartLoader: Compiling Part 'SquadExpansion/Serenity/Parts/Prebuilt/kerbalEVA/kerbalEVA'
[LOG 19:14:39.262] PartLoader: Compiling Part 'SquadExpansion/Serenity/Parts/Prebuilt/kerbalEVAfemale/kerbalEVAfemale'
[LOG 19:14:39.264] PartLoader: Compiling Part 'SquadExpansion/Serenity/Parts/Prebuilt/kerbalEVAfemaleFuture/kerbalEVAfemaleFuture'
[LOG 19:14:39.271] PartLoader: Compiling Part 'SquadExpansion/Serenity/Parts/Prebuilt/kerbalEVAfemaleVintage/kerbalEVAfemaleVintage'
[LOG 19:14:39.273] PartLoader: Compiling Part 'SquadExpansion/Serenity/Parts/Prebuilt/kerbalEVAFuture/kerbalEVAFuture'
[LOG 19:14:39.280] PartLoader: Compiling Part 'SquadExpansion/Serenity/Parts/Prebuilt/kerbalEVASlimSuit/kerbalEVASlimSuit'
[LOG 19:14:39.282] PartLoader: Compiling Part 'SquadExpansion/Serenity/Parts/Prebuilt/kerbalEVASlimSuitFemale/kerbalEVASlimSuitFemale'
[LOG 19:14:39.284] PartLoader: Compiling Part 'SquadExpansion/Serenity/Parts/Prebuilt/kerbalEVAVintage/kerbalEVAVintage'
[LOG 19:14:39.286] PartLoader: Compiling Part 'SquadExpansion/Serenity/Parts/Propellers/largeFanBlade/largeFanBlade'
[LOG 19:14:39.291] PartLoader: Part 'SquadExpansion/Serenity/Parts/Propellers/largeFanBlade/largeFanBlade' has no database record. Creating.
[LOG 19:14:39.291] [DragCubeSystem]: Drag cubes not found or cannot be read for part Part. Generating New drag cubes.
[LOG 19:14:39.292] [KSPCF/DragCubeGeneration] Creating drag cubes for part 'largeFanBlade'
[LOG 19:14:39.307] PartLoader: Compiling Part 'SquadExpansion/Serenity/Parts/Propellers/largeHeliBlade/largeHeliBlade'
[LOG 19:14:39.311] PartLoader: Part 'SquadExpansion/Serenity/Parts/Propellers/largeHeliBlade/largeHeliBlade' has no database record. Creating.
[LOG 19:14:39.311] [DragCubeSystem]: Drag cubes not found or cannot be read for part Part. Generating New drag cubes.
[LOG 19:14:39.311] [KSPCF/DragCubeGeneration] Creating drag cubes for part 'largeHeliBlade'
[LOG 19:14:39.325] PartLoader: Compiling Part 'SquadExpansion/Serenity/Parts/Propellers/largePropeller/largePropeller'
[LOG 19:14:39.330] PartLoader: Part 'SquadExpansion/Serenity/Parts/Propellers/largePropeller/largePropeller' has no database record. Creating.
[LOG 19:14:39.330] [DragCubeSystem]: Drag cubes not found or cannot be read for part Part. Generating New drag cubes.
[LOG 19:14:39.330] [KSPCF/DragCubeGeneration] Creating drag cubes for part 'largePropeller'
[LOG 19:14:39.344] PartLoader: Compiling Part 'SquadExpansion/Serenity/Parts/Propellers/mediumFanBlade/mediumFanBlade'
[LOG 19:14:39.349] PartLoader: Part 'SquadExpansion/Serenity/Parts/Propellers/mediumFanBlade/mediumFanBlade' has no database record. Creating.
[LOG 19:14:39.349] [DragCubeSystem]: Drag cubes not found or cannot be read for part Part. Generating New drag cubes.
[LOG 19:14:39.349] [KSPCF/DragCubeGeneration] Creating drag cubes for part 'mediumFanBlade'
[LOG 19:14:39.363] PartLoader: Compiling Part 'SquadExpansion/Serenity/Parts/Propellers/mediumHeliBlade/mediumHeliBlade'
[LOG 19:14:39.368] PartLoader: Part 'SquadExpansion/Serenity/Parts/Propellers/mediumHeliBlade/mediumHeliBlade' has no database record. Creating.
[LOG 19:14:39.368] [DragCubeSystem]: Drag cubes not found or cannot be read for part Part. Generating New drag cubes.
[LOG 19:14:39.368] [KSPCF/DragCubeGeneration] Creating drag cubes for part 'mediumHeliBlade'
[LOG 19:14:39.382] PartLoader: Compiling Part 'SquadExpansion/Serenity/Parts/Propellers/mediumPropeller/mediumPropeller'
[LOG 19:14:39.390] PartLoader: Part 'SquadExpansion/Serenity/Parts/Propellers/mediumPropeller/mediumPropeller' has no database record. Creating.
[LOG 19:14:39.390] [DragCubeSystem]: Drag cubes not found or cannot be read for part Part. Generating New drag cubes.
[LOG 19:14:39.390] [KSPCF/DragCubeGeneration] Creating drag cubes for part 'mediumPropeller'
[LOG 19:14:39.407] PartLoader: Compiling Part 'SquadExpansion/Serenity/Parts/Propellers/smallFanBlade/smallFanBlade'
[LOG 19:14:39.412] PartLoader: Part 'SquadExpansion/Serenity/Parts/Propellers/smallFanBlade/smallFanBlade' has no database record. Creating.
[LOG 19:14:39.413] [DragCubeSystem]: Drag cubes not found or cannot be read for part Part. Generating New drag cubes.
[LOG 19:14:39.413] [KSPCF/DragCubeGeneration] Creating drag cubes for part 'smallFanBlade'
[LOG 19:14:39.429] PartLoader: Compiling Part 'SquadExpansion/Serenity/Parts/Propellers/smallHeliBlade/smallHeliBlade'
[LOG 19:14:39.437] PartLoader: Part 'SquadExpansion/Serenity/Parts/Propellers/smallHeliBlade/smallHeliBlade' has no database record. Creating.
[LOG 19:14:39.437] [DragCubeSystem]: Drag cubes not found or cannot be read for part Part. Generating New drag cubes.
[LOG 19:14:39.437] [KSPCF/DragCubeGeneration] Creating drag cubes for part 'smallHeliBlade'
[LOG 19:14:39.452] PartLoader: Compiling Part 'SquadExpansion/Serenity/Parts/Propellers/smallPropeller/smallPropeller'
[LOG 19:14:39.457] PartLoader: Part 'SquadExpansion/Serenity/Parts/Propellers/smallPropeller/smallPropeller' has no database record. Creating.
[LOG 19:14:39.457] [DragCubeSystem]: Drag cubes not found or cannot be read for part Part. Generating New drag cubes.
[LOG 19:14:39.457] [KSPCF/DragCubeGeneration] Creating drag cubes for part 'smallPropeller'
[LOG 19:14:39.473] PartLoader: Compiling Part 'SquadExpansion/Serenity/Parts/Robotics/hinge_01/hinge_01'
[LOG 19:14:39.488] PartLoader: Part 'SquadExpansion/Serenity/Parts/Robotics/hinge_01/hinge_01' has no database record. Creating.
[LOG 19:14:39.488] [DragCubeSystem]: Drag cubes not found or cannot be read for part Part. Generating New drag cubes.
[LOG 19:14:39.488] [KSPCF/DragCubeGeneration] Creating drag cubes for part 'hinge.01'
[LOG 19:14:39.494] PartLoader: Compiling Part 'SquadExpansion/Serenity/Parts/Robotics/hinge_01_s/hinge_01_s'
[LOG 19:14:39.504] PartLoader: Part 'SquadExpansion/Serenity/Parts/Robotics/hinge_01_s/hinge_01_s' has no database record. Creating.
[LOG 19:14:39.504] [DragCubeSystem]: Drag cubes not found or cannot be read for part Part. Generating New drag cubes.
[LOG 19:14:39.504] [KSPCF/DragCubeGeneration] Creating drag cubes for part 'hinge.01.s'
[LOG 19:14:39.510] PartLoader: Compiling Part 'SquadExpansion/Serenity/Parts/Robotics/hinge_03/hinge_03'
[LOG 19:14:39.516] PartLoader: Part 'SquadExpansion/Serenity/Parts/Robotics/hinge_03/hinge_03' has no database record. Creating.
[LOG 19:14:39.517] PartLoader: Compiling Part 'SquadExpansion/Serenity/Parts/Robotics/hinge_03_s/hinge_03_s'
[LOG 19:14:39.522] PartLoader: Part 'SquadExpansion/Serenity/Parts/Robotics/hinge_03_s/hinge_03_s' has no database record. Creating.
[LOG 19:14:39.523] PartLoader: Compiling Part 'SquadExpansion/Serenity/Parts/Robotics/hinge_04/hinge_04'
[LOG 19:14:39.529] PartLoader: Part 'SquadExpansion/Serenity/Parts/Robotics/hinge_04/hinge_04' has no database record. Creating.
[LOG 19:14:39.529] PartLoader: Compiling Part 'SquadExpansion/Serenity/Parts/Robotics/piston_01/piston_01'
[LOG 19:14:39.541] PartLoader: Part 'SquadExpansion/Serenity/Parts/Robotics/piston_01/piston_01' has no database record. Creating.
[LOG 19:14:39.541] PartLoader: Compiling Part 'SquadExpansion/Serenity/Parts/Robotics/piston_02/piston_02'
[LOG 19:14:39.547] PartLoader: Part 'SquadExpansion/Serenity/Parts/Robotics/piston_02/piston_02' has no database record. Creating.
[LOG 19:14:39.547] PartLoader: Compiling Part 'SquadExpansion/Serenity/Parts/Robotics/piston_03/piston_03'
[LOG 19:14:39.553] PartLoader: Part 'SquadExpansion/Serenity/Parts/Robotics/piston_03/piston_03' has no database record. Creating.
[LOG 19:14:39.553] PartLoader: Compiling Part 'SquadExpansion/Serenity/Parts/Robotics/piston_04/piston_04'
[LOG 19:14:39.558] PartLoader: Part 'SquadExpansion/Serenity/Parts/Robotics/piston_04/piston_04' has no database record. Creating.
[LOG 19:14:39.559] PartLoader: Compiling Part 'SquadExpansion/Serenity/Parts/Robotics/RotorEngine_02/RotorEngine_02'
[LOG 19:14:39.574] PartLoader: Part 'SquadExpansion/Serenity/Parts/Robotics/RotorEngine_02/RotorEngine_02' has no database record. Creating.
[LOG 19:14:39.574] [DragCubeSystem]: Drag cubes not found or cannot be read for part Part. Generating New drag cubes.
[LOG 19:14:39.574] [KSPCF/DragCubeGeneration] Creating drag cubes for part 'RotorEngine.02'
[LOG 19:14:39.578] PartLoader: Compiling Part 'SquadExpansion/Serenity/Parts/Robotics/RotorEngine_03/RotorEngine_03'
[LOG 19:14:39.584] PartLoader: Part 'SquadExpansion/Serenity/Parts/Robotics/RotorEngine_03/RotorEngine_03' has no database record. Creating.
[LOG 19:14:39.584] [DragCubeSystem]: Drag cubes not found or cannot be read for part Part. Generating New drag cubes.
[LOG 19:14:39.584] [KSPCF/DragCubeGeneration] Creating drag cubes for part 'RotorEngine.03'
[LOG 19:14:39.589] PartLoader: Compiling Part 'SquadExpansion/Serenity/Parts/Robotics/rotor_01/rotor_01'
[LOG 19:14:39.595] PartLoader: Part 'SquadExpansion/Serenity/Parts/Robotics/rotor_01/rotor_01' has no database record. Creating.
[LOG 19:14:39.595] [DragCubeSystem]: Drag cubes not found or cannot be read for part Part. Generating New drag cubes.
[LOG 19:14:39.596] [KSPCF/DragCubeGeneration] Creating drag cubes for part 'rotor.01'
[LOG 19:14:39.601] PartLoader: Compiling Part 'SquadExpansion/Serenity/Parts/Robotics/rotor_01s/rotor_01s'
[LOG 19:14:39.611] PartLoader: Part 'SquadExpansion/Serenity/Parts/Robotics/rotor_01s/rotor_01s' has no database record. Creating.
[LOG 19:14:39.611] [DragCubeSystem]: Drag cubes not found or cannot be read for part Part. Generating New drag cubes.
[LOG 19:14:39.611] [KSPCF/DragCubeGeneration] Creating drag cubes for part 'rotor.01s'
[LOG 19:14:39.617] PartLoader: Compiling Part 'SquadExpansion/Serenity/Parts/Robotics/rotor_02/rotor_02'
[LOG 19:14:39.626] PartLoader: Part 'SquadExpansion/Serenity/Parts/Robotics/rotor_02/rotor_02' has no database record. Creating.
[LOG 19:14:39.626] [DragCubeSystem]: Drag cubes not found or cannot be read for part Part. Generating New drag cubes.
[LOG 19:14:39.626] [KSPCF/DragCubeGeneration] Creating drag cubes for part 'rotor.02'
[LOG 19:14:39.632] PartLoader: Compiling Part 'SquadExpansion/Serenity/Parts/Robotics/rotor_02s/rotor_02s'
[LOG 19:14:39.646] PartLoader: Part 'SquadExpansion/Serenity/Parts/Robotics/rotor_02s/rotor_02s' has no database record. Creating.
[LOG 19:14:39.646] [DragCubeSystem]: Drag cubes not found or cannot be read for part Part. Generating New drag cubes.
[LOG 19:14:39.646] [KSPCF/DragCubeGeneration] Creating drag cubes for part 'rotor.02s'
[LOG 19:14:39.651] PartLoader: Compiling Part 'SquadExpansion/Serenity/Parts/Robotics/rotor_03/rotor_03'
[LOG 19:14:39.659] PartLoader: Part 'SquadExpansion/Serenity/Parts/Robotics/rotor_03/rotor_03' has no database record. Creating.
[LOG 19:14:39.659] [DragCubeSystem]: Drag cubes not found or cannot be read for part Part. Generating New drag cubes.
[LOG 19:14:39.659] [KSPCF/DragCubeGeneration] Creating drag cubes for part 'rotor.03'
[LOG 19:14:39.664] PartLoader: Compiling Part 'SquadExpansion/Serenity/Parts/Robotics/rotor_03s/rotor_03s'
[LOG 19:14:39.672] PartLoader: Part 'SquadExpansion/Serenity/Parts/Robotics/rotor_03s/rotor_03s' has no database record. Creating.
[LOG 19:14:39.672] [DragCubeSystem]: Drag cubes not found or cannot be read for part Part. Generating New drag cubes.
[LOG 19:14:39.672] [KSPCF/DragCubeGeneration] Creating drag cubes for part 'rotor.03s'
[LOG 19:14:39.681] PartLoader: Compiling Part 'SquadExpansion/Serenity/Parts/Robotics/rotoServo_00/rotoServo_00'
[LOG 19:14:39.708] PartLoader: Part 'SquadExpansion/Serenity/Parts/Robotics/rotoServo_00/rotoServo_00' has no database record. Creating.
[LOG 19:14:39.708] [DragCubeSystem]: Drag cubes not found or cannot be read for part Part. Generating New drag cubes.
[LOG 19:14:39.708] [KSPCF/DragCubeGeneration] Creating drag cubes for part 'rotoServo.00'
[LOG 19:14:39.714] PartLoader: Compiling Part 'SquadExpansion/Serenity/Parts/Robotics/rotoServo_02/rotoServo_02'
[LOG 19:14:39.719] PartLoader: Part 'SquadExpansion/Serenity/Parts/Robotics/rotoServo_02/rotoServo_02' has no database record. Creating.
[LOG 19:14:39.719] [DragCubeSystem]: Drag cubes not found or cannot be read for part Part. Generating New drag cubes.
[LOG 19:14:39.719] [KSPCF/DragCubeGeneration] Creating drag cubes for part 'rotoServo.02'
[LOG 19:14:39.724] PartLoader: Compiling Part 'SquadExpansion/Serenity/Parts/Robotics/rotoServo_03/rotoServo_03'
[LOG 19:14:39.730] PartLoader: Part 'SquadExpansion/Serenity/Parts/Robotics/rotoServo_03/rotoServo_03' has no database record. Creating.
[LOG 19:14:39.730] [DragCubeSystem]: Drag cubes not found or cannot be read for part Part. Generating New drag cubes.
[LOG 19:14:39.730] [KSPCF/DragCubeGeneration] Creating drag cubes for part 'rotoServo.03'
[LOG 19:14:39.735] PartLoader: Compiling Part 'SquadExpansion/Serenity/Parts/Robotics/rotoServo_04/rotoServo_04'
[LOG 19:14:39.741] PartLoader: Part 'SquadExpansion/Serenity/Parts/Robotics/rotoServo_04/rotoServo_04' has no database record. Creating.
[LOG 19:14:39.742] [DragCubeSystem]: Drag cubes not found or cannot be read for part Part. Generating New drag cubes.
[LOG 19:14:39.742] [KSPCF/DragCubeGeneration] Creating drag cubes for part 'rotoServo.04'
[LOG 19:14:39.747] PartLoader: Compiling Part 'SquadExpansion/Serenity/Parts/Robotics/Controllers/KAL1000/controller1000'
[LOG 19:14:39.759] PartLoader: Part 'SquadExpansion/Serenity/Parts/Robotics/Controllers/KAL1000/controller1000' has no database record. Creating.
[LOG 19:14:39.759] [DragCubeSystem]: Drag cubes not found or cannot be read for part Part. Generating New drag cubes.
[LOG 19:14:39.759] [KSPCF/DragCubeGeneration] Creating drag cubes for part 'controller1000'
[LOG 19:14:39.763] PartLoader: Compiling Part 'SquadExpansion/Serenity/Parts/Science/RobotArmScanner/RobotArmScanner_S1/RobotArmScanner_S1'
[LOG 19:14:39.775] PartLoader: Part 'SquadExpansion/Serenity/Parts/Science/RobotArmScanner/RobotArmScanner_S1/RobotArmScanner_S1' has no database record. Creating.
[LOG 19:14:39.775] [DragCubeSystem]: Drag cubes not found or cannot be read for part Part. Generating New drag cubes.
[LOG 19:14:39.775] [KSPCF/DragCubeGeneration] Creating drag cubes for part 'RobotArmScanner.S1'
[LOG 19:14:39.792] PartLoader: Compiling Part 'SquadExpansion/Serenity/Parts/Science/RobotArmScanner/RobotArmScanner_S2/RobotArmScanner_S2'
[LOG 19:14:39.798] PartLoader: Part 'SquadExpansion/Serenity/Parts/Science/RobotArmScanner/RobotArmScanner_S2/RobotArmScanner_S2' has no database record. Creating.
[LOG 19:14:39.798] [DragCubeSystem]: Drag cubes not found or cannot be read for part Part. Generating New drag cubes.
[LOG 19:14:39.798] [KSPCF/DragCubeGeneration] Creating drag cubes for part 'RobotArmScanner.S2'
[LOG 19:14:39.813] PartLoader: Compiling Part 'SquadExpansion/Serenity/Parts/Science/RobotArmScanner/RobotArmScanner_S3/RobotArmScanner_S3'
[LOG 19:14:39.820] PartLoader: Part 'SquadExpansion/Serenity/Parts/Science/RobotArmScanner/RobotArmScanner_S3/RobotArmScanner_S3' has no database record. Creating.
[LOG 19:14:39.820] [DragCubeSystem]: Drag cubes not found or cannot be read for part Part. Generating New drag cubes.
[LOG 19:14:39.820] [KSPCF/DragCubeGeneration] Creating drag cubes for part 'RobotArmScanner.S3'
[LOG 19:14:39.837] PartLoader: Compiling Part 'SquadExpansion/Serenity/Parts/Structural/gripPads/lGripPad/lGripPad'
[LOG 19:14:39.845] PartLoader: Part 'SquadExpansion/Serenity/Parts/Structural/gripPads/lGripPad/lGripPad' has no database record. Creating.
[LOG 19:14:39.845] [DragCubeSystem]: Drag cubes not found or cannot be read for part Part. Generating New drag cubes.
[LOG 19:14:39.845] [KSPCF/DragCubeGeneration] Creating drag cubes for part 'lGripPad'
[LOG 19:14:39.855] PartLoader: Compiling Part 'SquadExpansion/Serenity/Parts/Structural/gripPads/lGripStrip/lGripStrip'
[LOG 19:14:39.857] PartLoader: Part 'SquadExpansion/Serenity/Parts/Structural/gripPads/lGripStrip/lGripStrip' has no database record. Creating.
[LOG 19:14:39.858] [DragCubeSystem]: Drag cubes not found or cannot be read for part Part. Generating New drag cubes.
[LOG 19:14:39.858] [KSPCF/DragCubeGeneration] Creating drag cubes for part 'lGripStrip'
[LOG 19:14:39.861] PartLoader: Compiling Part 'SquadExpansion/Serenity/Parts/Structural/gripPads/mGripPad/mGripPad'
[LOG 19:14:39.866] PartLoader: Part 'SquadExpansion/Serenity/Parts/Structural/gripPads/mGripPad/mGripPad' has no database record. Creating.
[LOG 19:14:39.866] [DragCubeSystem]: Drag cubes not found or cannot be read for part Part. Generating New drag cubes.
[LOG 19:14:39.866] [KSPCF/DragCubeGeneration] Creating drag cubes for part 'mGripPad'
[LOG 19:14:39.876] PartLoader: Compiling Part 'SquadExpansion/Serenity/Parts/Structural/gripPads/sGripPad/sGripPad'
[LOG 19:14:39.879] PartLoader: Part 'SquadExpansion/Serenity/Parts/Structural/gripPads/sGripPad/sGripPad' has no database record. Creating.
[LOG 19:14:39.879] [DragCubeSystem]: Drag cubes not found or cannot be read for part Part. Generating New drag cubes.
[LOG 19:14:39.879] [KSPCF/DragCubeGeneration] Creating drag cubes for part 'sGripPad'
[LOG 19:14:39.889] PartLoader: Compiling Part 'SquadExpansion/Serenity/Parts/Structural/gripPads/sGripStrip/sGripStrip'
[LOG 19:14:39.892] PartLoader: Part 'SquadExpansion/Serenity/Parts/Structural/gripPads/sGripStrip/sGripStrip' has no database record. Creating.
[LOG 19:14:39.892] [DragCubeSystem]: Drag cubes not found or cannot be read for part Part. Generating New drag cubes.
[LOG 19:14:39.892] [KSPCF/DragCubeGeneration] Creating drag cubes for part 'sGripStrip'
[LOG 19:14:39.897] PartLoader: Compiling Internal Prop 'Squad/Props/AltimeterThreeHands/prop/AltimeterThreeHands'
[LOG 19:14:39.902] PartLoader: Compiling Internal Prop 'Squad/Props/AtmosphereDepth/prop/AtmosphereDepth'
[LOG 19:14:39.904] PartLoader: Compiling Internal Prop 'Squad/Props/AxisIndicator/pitchConfig/AxisIndicatorPitch'
[LOG 19:14:39.905] PartLoader: Compiling Internal Prop 'Squad/Props/AxisIndicator/rollConfig/AxisIndicatorRoll'
[LOG 19:14:39.907] PartLoader: Compiling Internal Prop 'Squad/Props/AxisIndicator/yawConfig/AxisIndicatorYaw'
[LOG 19:14:39.908] PartLoader: Compiling Internal Prop 'Squad/Props/buttonsGeneric/circularButton/genericCircularButton'
[LOG 19:14:39.910] PartLoader: Compiling Internal Prop 'Squad/Props/buttonsGeneric/clusterButtons/genericClusterButtons'
[LOG 19:14:39.911] PartLoader: Compiling Internal Prop 'Squad/Props/buttonsGeneric/clusterButtons2/genericClusterButtons2'
[LOG 19:14:39.912] PartLoader: Compiling Internal Prop 'Squad/Props/buttonsGeneric/clusterKnob/genericClusterKnobs'
[LOG 19:14:39.912] PartLoader: Compiling Internal Prop 'Squad/Props/buttonsGeneric/clusterKnob2/genericClusterKnobs2'
[LOG 19:14:39.913] PartLoader: Compiling Internal Prop 'Squad/Props/buttonsGeneric/clusterMixed/genericClusterMixed'
[LOG 19:14:39.914] PartLoader: Compiling Internal Prop 'Squad/Props/buttonsGeneric/clusterSwitches01/genericClusterSwitches01'
[LOG 19:14:39.915] PartLoader: Compiling Internal Prop 'Squad/Props/buttonsGeneric/clusterSwitches02/genericClusterSwitches02'
[LOG 19:14:39.916] PartLoader: Compiling Internal Prop 'Squad/Props/buttonsGeneric/clusterSwitches03/genericClusterSwitches03'
[LOG 19:14:39.916] PartLoader: Compiling Internal Prop 'Squad/Props/buttonsGeneric/clusterSwitches04/genericClusterSwitches04'
[LOG 19:14:39.917] PartLoader: Compiling Internal Prop 'Squad/Props/buttonsGeneric/clusterSwitches05/genericClusterSwitches05'
[LOG 19:14:39.917] PartLoader: Compiling Internal Prop 'Squad/Props/buttonsGeneric/clusterSwitches06/genericClusterSwitches06'
[LOG 19:14:39.918] PartLoader: Compiling Internal Prop 'Squad/Props/buttonsGeneric/clusterSwitches07/genericClusterSwitches07'
[LOG 19:14:39.918] PartLoader: Compiling Internal Prop 'Squad/Props/buttonsGeneric/directionalKnob/genericDirectionalKnob'
[LOG 19:14:39.919] PartLoader: Compiling Internal Prop 'Squad/Props/buttonsGeneric/directionalKnob2/genericDirectionalKnob2'
[LOG 19:14:39.919] PartLoader: Compiling Internal Prop 'Squad/Props/buttonsGeneric/pullSwitch/genericPullSwitch'
[LOG 19:14:39.920] PartLoader: Compiling Internal Prop 'Squad/Props/buttonsGeneric/squareButton/genericSquareButton'
[LOG 19:14:39.920] PartLoader: Compiling Internal Prop 'Squad/Props/buttonsGeneric/standingSwitch/genericStandingSwitch'
[LOG 19:14:39.921] PartLoader: Compiling Internal Prop 'Squad/Props/buttonsGeneric/switch/genericSwitch'
[LOG 19:14:39.922] PartLoader: Compiling Internal Prop 'Squad/Props/buttonsGeneric/switchWithGuards/genericSwitchWithGuards'
[LOG 19:14:39.922] PartLoader: Compiling Internal Prop 'Squad/Props/ButtonSquare/prop/ButtonSquare'
[LOG 19:14:39.924] PartLoader: Compiling Internal Prop 'Squad/Props/circularButton/prop/circularButton'
[LOG 19:14:39.925] PartLoader: Compiling Internal Prop 'Squad/Props/Compass/prop/Compass'
[LOG 19:14:39.926] PartLoader: Compiling Internal Prop 'Squad/Props/directionalKnob/prop/directionalKnob'
[LOG 19:14:39.927] PartLoader: Compiling Internal Prop 'Squad/Props/directionalKnob2/prop/directionalKnob2'
[LOG 19:14:39.927] PartLoader: Compiling Internal Prop 'Squad/Props/IndicatorPanel/prop/IndicatorPanel'
[LOG 19:14:39.931] PartLoader: Compiling Internal Prop 'Squad/Props/IVANavBall/prop/NavBall'
[LOG 19:14:39.933] PartLoader: Compiling Internal Prop 'Squad/Props/IVANavBallNoBase/prop/NavBallNoBase'
[LOG 19:14:39.934] PartLoader: Compiling Internal Prop 'Squad/Props/ledPanelSpeed/prop/ledPanelSpeed'
[LOG 19:14:39.936] PartLoader: Compiling Internal Prop 'Squad/Props/Monitor/DockingMode/MonitorDockingMode'
[LOG 19:14:39.936] PartLoader: Compiling Internal Prop 'Squad/Props/NavBall/prop/NavBall'
[LOG 19:14:39.937] PartLoader: Compiling Internal Prop 'Squad/Props/PropsGeneric/Button_DockingMode/Button_DockingMode'
[LOG 19:14:39.937] PartLoader: Compiling Internal Prop 'Squad/Props/PropsGeneric/CargoBagA/CargoBagA'
[LOG 19:14:39.938] PartLoader: Compiling Internal Prop 'Squad/Props/PropsGeneric/CargoBagB/CargoBagB'
[LOG 19:14:39.938] PartLoader: Compiling Internal Prop 'Squad/Props/PropsGeneric/CargoBagC/CargoBagC'
[LOG 19:14:39.939] PartLoader: Compiling Internal Prop 'Squad/Props/PropsGeneric/Hatch_Plane/Hatch_Plane'
[LOG 19:14:39.939] PartLoader: Compiling Internal Prop 'Squad/Props/PropsGeneric/Hatch_Plane_Curve90/Hatch_Plane_Curve90'
[LOG 19:14:39.940] PartLoader: Compiling Internal Prop 'Squad/Props/PropsGeneric/Hatch_Plane_Frame/Hatch_Plane_Frame'
[LOG 19:14:39.940] PartLoader: Compiling Internal Prop 'Squad/Props/PropsGeneric/Seat_Passenger/Seat_Passenger'
[LOG 19:14:39.941] PartLoader: Compiling Internal Prop 'Squad/Props/PropsGeneric/Seat_Pilot/Seat_Pilot'
[LOG 19:14:39.941] PartLoader: Compiling Internal Prop 'Squad/Props/PropsGeneric/Seat_Pilot_Helmet/Seat_Pilot_Helmet'
[LOG 19:14:39.942] PartLoader: Compiling Internal Prop 'Squad/Props/PropsGeneric/SideStick/SideStick'
[LOG 19:14:39.942] PartLoader: Compiling Internal Prop 'Squad/Props/pullSwitch/prop/pullSwitch'
[LOG 19:14:39.943] PartLoader: Compiling Internal Prop 'Squad/Props/radarAltitude/prop/RadarAltimeter'
[LOG 19:14:39.945] PartLoader: Compiling Internal Prop 'Squad/Props/squareButton/prop/squareButton'
[LOG 19:14:39.945] PartLoader: Compiling Internal Prop 'Squad/Props/standingSwitch/prop/standingSwitch'
[LOG 19:14:39.946] PartLoader: Compiling Internal Prop 'Squad/Props/switch/prop/switch'
[LOG 19:14:39.946] PartLoader: Compiling Internal Prop 'Squad/Props/switchGuard/prop/switchGuard'
[LOG 19:14:39.947] PartLoader: Compiling Internal Prop 'Squad/Props/switchWithGuards/prop/switchWithGuards'
[LOG 19:14:39.947] PartLoader: Compiling Internal Prop 'Squad/Props/throttle/prop/throttle'
[LOG 19:14:39.949] PartLoader: Compiling Internal Prop 'Squad/Props/VSI/prop/VSI'
[LOG 19:14:39.950] PartLoader: Compiling Internal Space 'Squad/Spaces/crewCabinInternals/internal/crewCabinInternals'
[LOG 19:14:39.958] PartLoader: Compiling Internal Space 'Squad/Spaces/cupolaInternal/internal/cupolaInternal'
[LOG 19:14:39.970] PartLoader: Compiling Internal Space 'Squad/Spaces/GenericSpace1/internal/GenericSpace1'
[LOG 19:14:39.971] PartLoader: Compiling Internal Space 'Squad/Spaces/GenericSpace3/internal/GenericSpace3'
[LOG 19:14:39.973] PartLoader: Compiling Internal Space 'Squad/Spaces/landerCabinInternals/internal/landerCabinInternals'
[LOG 19:14:39.977] PartLoader: Compiling Internal Space 'Squad/Spaces/landerCabinSmallInternal/internal/landerCabinSmallInternal'
[LOG 19:14:39.981] PartLoader: Compiling Internal Space 'Squad/Spaces/LargeCrewedLabInternals/internal/Mobile_Processing_Lab_Int'
[LOG 19:14:39.983] PartLoader: Compiling Internal Space 'Squad/Spaces/Mk1-3/internal/Mk1-3'
[LOG 19:14:39.991] PartLoader: Compiling Internal Space 'Squad/Spaces/mk1CabinInternal/internal/mk1CabinInternal'
[LOG 19:14:39.997] PartLoader: Compiling Internal Space 'Squad/Spaces/mk1CockpitInternal/internal/mk1CockpitInternal'
[LOG 19:14:40.005] PartLoader: Compiling Internal Space 'Squad/Spaces/mk1InlineInternal/internal/mk1InlineInternal'
[LOG 19:14:40.013] PartLoader: Compiling Internal Space 'Squad/Spaces/mk1PodCockpit/internal/mk1PodCockpit'
[LOG 19:14:40.017] PartLoader: Compiling Internal Space 'Squad/Spaces/mk1pod_IVA/mk1pod_Internal/mk1pod_IVA'
[LOG 19:14:40.025] PartLoader: Compiling Internal Space 'Squad/Spaces/mk2CockpitStandardInternal/internal/mk2CockpitStandardInternals'
[LOG 19:14:40.033] PartLoader: Compiling Internal Space 'Squad/Spaces/Mk2CrewCabinInternal/internal_MK2_CrewCab/MK2_CrewCab_Int'
[LOG 19:14:40.038] PartLoader: Compiling Internal Space 'Squad/Spaces/mk2InlineInternal/internal/mk2InlineInternal'
[LOG 19:14:40.048] PartLoader: Compiling Internal Space 'Squad/Spaces/mk2LanderCanInternal/internal/mk2LanderCanInternal'
[LOG 19:14:40.055] PartLoader: Compiling Internal Space 'Squad/Spaces/MK3CockpitInternal/internal_MK3/MK3_Cockpit_Int'
[LOG 19:14:40.068] PartLoader: Compiling Internal Space 'Squad/Spaces/MK3_CrewCab_Int/internal_MK3_CrewCab/MK3_CrewCab_Int'
[LOG 19:14:40.072] InternalSeat: Cannot find portraitCamera of name 'Camera_Left003'
[LOG 19:14:40.081] PartLoader: Compiling Internal Space 'Squad/Spaces/Placeholder/internal/Placeholder'
[LOG 19:14:40.089] PartLoader: Compiling Internal Space 'Squad/Spaces/PodCockpit/internal/PodCockpit'
[LOG 19:14:40.097] PartLoader: Compiling Internal Space 'SquadExpansion/MakingHistory/Spaces/KVPods/Airlock_Internal/Airlock_IVA'
[LOG 19:14:40.098] PartLoader: Compiling Internal Space 'SquadExpansion/MakingHistory/Spaces/KVPods/KV1_Internal/KV1_IVA'
[LOG 19:14:40.102] PartLoader: Compiling Internal Space 'SquadExpansion/MakingHistory/Spaces/KVPods/KV2_Internal/KV2_IVA'
[LOG 19:14:40.110] PartLoader: Compiling Internal Space 'SquadExpansion/MakingHistory/Spaces/KVPods/KV3_Internal/KV3_IVA'
[LOG 19:14:40.118] PartLoader: Compiling Internal Space 'SquadExpansion/MakingHistory/Spaces/MEM/MEM_IVA/MEM_IVA'
[LOG 19:14:40.126] PartLoader: Compiling Internal Space 'SquadExpansion/MakingHistory/Spaces/Mk2Pod/Mk2Pod_Internal/MK2POD_IVA'
[LOG 19:14:40.955] Assets:
[LOG 19:14:40.955] anim_missionsapp_idle.anim
[LOG 19:14:40.955] anim_missionsapp_idle_warning.anim
[LOG 19:14:40.955] anim_missionsapp_warning.anim
[LOG 19:14:40.955] anim_missionssapp.anim
[LOG 19:14:40.955] animcontroller_missionsappmaster.controller
[LOG 19:14:40.955] app_bg.tif
[LOG 19:14:40.955] app_bottom_gray.tif
[LOG 19:14:40.955] app_divider_pulldown_body.tif
[LOG 19:14:40.955] app_divider_pulldown_footer.tif
[LOG 19:14:40.955] app_divider_pulldown_header.tif
[LOG 19:14:40.955] app_divider_pulldown_header_over.tif
[LOG 19:14:40.955] app_header_gray.tif
[LOG 19:14:40.956] app_missions_icon_active.tif
[LOG 19:14:40.956] app_missions_icon_complete.tif
[LOG 19:14:40.956] app_missions_icon_failed.tif
[LOG 19:14:40.956] app_missions_icon_inactive.tif
[LOG 19:14:40.956] spritesheet_missionsapp.tif
[LOG 19:14:40.956] spritesheet_missionsappwarning.tif
[LOG 19:14:40.956] missionbriefingdialog.prefab
[LOG 19:14:40.956] missionbriefingtag.prefab
[LOG 19:14:40.956] awardwidget.prefab
[LOG 19:14:40.956] missionenddialog.prefab
[LOG 19:14:40.956] missionitemwidget.prefab
[LOG 19:14:40.956] missionplaybutton.prefab
[LOG 19:14:40.956] missionplaydialog.prefab
[LOG 19:14:40.956] missionsteamitemwidget.prefab
[LOG 19:14:40.956] missionvalidationdialog.prefab
[LOG 19:14:40.956] validationentry.prefab
[LOG 19:14:40.956] comettoken.fbx
[LOG 19:14:40.956] comettoken.jpg
[LOG 19:14:40.956] placementegizmo_comet.mat
[LOG 19:14:40.956] placementegizmo_comet_tail.mat
[LOG 19:14:40.956] femalevintagepreview.prefab
[LOG 19:14:40.956] malevintagepreview.prefab
[LOG 19:14:40.956] checkpointentrywidget.prefab
[LOG 19:14:40.956] crewmanagementdialog.prefab
[LOG 19:14:40.956] listitem_vesseltitle.prefab
[LOG 19:14:40.956] missionbrowser.prefab
[LOG 19:14:40.957] missioncheckpointbrowser.prefab
[LOG 19:14:40.957] missioncrewlistitem.prefab
[LOG 19:14:40.957] missionentrywidget.prefab
[LOG 19:14:40.957] missiontemplateentrywidget.prefab
[LOG 19:14:40.957] partcategorizerbutton.prefab
[LOG 19:14:40.957] partselectorbrowser.prefab
[LOG 19:14:40.957] partselectorentry.prefab
[LOG 19:14:40.957] gaputil_vesselframe.prefab
[LOG 19:14:40.957] meguiconnector.prefab
[LOG 19:14:40.957] meguinode.prefab
[LOG 19:14:40.957] meguinodecategorybutton.prefab
[LOG 19:14:40.957] meguinodeicon.prefab
[LOG 19:14:40.957] meguinodeicongroup.prefab
[LOG 19:14:40.957] meguiscrollviewitem.prefab
[LOG 19:14:40.957] meiconloaderbasicnode.prefab
[LOG 19:14:40.957] meiconloadergap.prefab
[LOG 19:14:40.957] meiconloadernodecategorizer.prefab
[LOG 19:14:40.957] menodecanvas.prefab
[LOG 19:14:40.957] missioneditorscreen.prefab
[LOG 19:14:40.957] nodelisttooltip.prefab
[LOG 19:14:40.957] nodelisttooltipextinfolistspacer.prefab
[LOG 19:14:40.958] orbitgizmo.prefab
[LOG 19:14:40.958] biomeshighlight.shader
[LOG 19:14:40.958] projector-surfacegizmo.shader
[LOG 19:14:40.958] scaledplanetbiomeshighlight.shader
[LOG 19:14:40.958] sprites-alwaysover.shader
[LOG 19:14:40.958] ui-unlit-infinite.shader
[LOG 19:14:40.958] ui-unlit-solid.shader
[LOG 19:14:40.958] assetgraph_connectionpoint_inputmark.png
[LOG 19:14:40.958] assetgraph_inputbg.png
[LOG 19:14:40.958] boldly.png
[LOG 19:14:40.958] carpool.png
[LOG 19:14:40.958] frugal.png
[LOG 19:14:40.958] homesick.png
[LOG 19:14:40.958] keys.png
[LOG 19:14:40.958] saint.png
[LOG 19:14:40.958] sinner.png
[LOG 19:14:40.958] thespot.png
[LOG 19:14:40.958] timekeeper.png
[LOG 19:14:40.958] helmetbronze.png
[LOG 19:14:40.958] helmetgold.png
[LOG 19:14:40.958] helmetsilver.png
[LOG 19:14:40.958] action-part-resource-drain.png
[LOG 19:14:40.958] change-part-resource-levels.png
[LOG 19:14:40.958] create-asteroid.png
[LOG 19:14:40.958] create-kerbal.png
[LOG 19:14:40.958] create-vessel.png
[LOG 19:14:40.958] crew-assignment.png
[LOG 19:14:40.958] dialog-message.png
[LOG 19:14:40.959] display-message.png
[LOG 19:14:40.959] fail-part.png
[LOG 19:14:40.959] fly-through.png
[LOG 19:14:40.959] funds-recovery.png
[LOG 19:14:40.959] generic-node.png
[LOG 19:14:40.959] go-to.png
[LOG 19:14:40.959] kerbal-boarded.png
[LOG 19:14:40.959] kerbal-recovery.png
[LOG 19:14:40.959] kerbal-rescue.png
[LOG 19:14:40.959] launch-site.png
[LOG 19:14:40.959] leave-soi.png
[LOG 19:14:40.959] orbit.png
[LOG 19:14:40.959] part-explode.png
[LOG 19:14:40.959] plant-flag.png
[LOG 19:14:40.959] reach-soi.png
[LOG 19:14:40.959] repair-part.png
[LOG 19:14:40.959] resource-amount.png
[LOG 19:14:40.959] resource-recovery.png
[LOG 19:14:40.959] science-experiment.png
[LOG 19:14:40.959] score.png
[LOG 19:14:40.959] take-tourist.png
[LOG 19:14:40.959] test-altitude.png
[LOG 19:14:40.959] test-eva.png
[LOG 19:14:40.959] test-grapple.png
[LOG 19:14:40.960] time-of-flight.png
[LOG 19:14:40.960] time-of-mission.png
[LOG 19:14:40.960] time-since-node.png
[LOG 19:14:40.960] vessel-crashed.png
[LOG 19:14:40.960] vessel-crew-count.png
[LOG 19:14:40.960] vessel-explode.png
[LOG 19:14:40.960] vessel-flying.png
[LOG 19:14:40.960] vessel-landed.png
[LOG 19:14:40.960] vessel-mass.png
[LOG 19:14:40.960] vessel-splashed.png
[LOG 19:14:40.960] vessel-stage-activated.png
[LOG 19:14:40.960] vessel-stage.png
[LOG 19:14:40.960] arrange-graph.png
[LOG 19:14:40.960] builderbuttons_briefing.png
[LOG 19:14:40.960] builderbuttons_reset.png
[LOG 19:14:40.960] builderbuttons_trackingstation.png
[LOG 19:14:40.960] frame-graph.png
[LOG 19:14:40.960] lock.png
[LOG 19:14:40.960] maximize.png
[LOG 19:14:40.960] minimize.png
[LOG 19:14:40.960] pin.png
[LOG 19:14:40.960] pin_down.png
[LOG 19:14:40.960] redo.png
[LOG 19:14:40.961] reset.png
[LOG 19:14:40.961] tracking-station.png
[LOG 19:14:40.961] undo.png
[LOG 19:14:40.961] visible-in-gap.png
[LOG 19:14:40.961] location.png
[LOG 19:14:40.961] logic.png
[LOG 19:14:40.961] science.png
[LOG 19:14:40.961] utility.png
[LOG 19:14:40.961] vessel.png
[LOG 19:14:40.961] eye.png
[LOG 19:14:40.961] iconmb.png
[LOG 19:14:40.961] me_btn_generic_normal.tif
[LOG 19:14:40.961] me_button_generic_normal.tif
[LOG 19:14:40.961] nodecat_bg.png
[LOG 19:14:40.961] nodecat_divider.tif
[LOG 19:14:40.961] nodecat_divider_bottom.tif
[LOG 19:14:40.961] pholderwarningicon.png
[LOG 19:14:40.961] reseticon.png
[LOG 19:14:40.961] validityindicator.controller
[LOG 19:14:40.961] validtyinidicatorpulse.anim
[LOG 19:14:40.961] broadorbittoggle button.png
[LOG 19:14:40.961] maneuvertoggle button.png
[LOG 19:14:40.961] orbitalgizmoicons.png
[LOG 19:14:40.961] reset orbit button.png
[LOG 19:14:40.961] nodelabel.prefab
[LOG 19:14:40.961] kerbaleva_female_exp.prefab
[LOG 19:14:40.961] kerbaleva_rd_exp.prefab
[LOG 19:14:40.961] missioneditorevabody.mat
[LOG 19:14:40.961] missioneditorevabodyalternate.mat
[LOG 19:14:40.961] missioneditorevabodybrown.mat
[LOG 19:14:40.962] missioneditorevaeyeballs.mat
[LOG 19:14:40.962] missioneditorevaeyes.mat
[LOG 19:14:40.962] missioneditorevahead.mat
[LOG 19:14:40.962] missioneditorevahelmet.mat
[LOG 19:14:40.962] missioneditorevahelmetred.mat
[LOG 19:14:40.962] missioneditorevajetpack.mat
[LOG 19:14:40.962] missioneditorevalight.mat
[LOG 19:14:40.962] kbevafemalevintage.prefab
[LOG 19:14:40.962] kbevavintage.prefab
[LOG 19:14:40.962] evalight.fbx
[LOG 19:14:40.962] kbeva@new.fbx
[LOG 19:14:40.962] kbeva@newfem.fbx
[LOG 19:14:40.962] mevahelmetlight.fbx
[LOG 19:14:40.962] evajetpackscondary.dds
[LOG 19:14:40.962] evajetpacksecondary_n.dds
[LOG 19:14:40.962] evalight.png
[LOG 19:14:40.962] kerbalmainnrm.dds
[LOG 19:14:40.962] me_suit_difuse_blue.dds
[LOG 19:14:40.962] me_suit_difuse_low_polybrown.dds
[LOG 19:14:40.962] me_suit_difuse_orange.dds
[LOG 19:14:40.962] kerbalfemalevintage.prefab
[LOG 19:14:40.962] kerbalmalevintage.prefab
[LOG 19:14:40.962] evahelmet.mat
[LOG 19:14:40.962] evatexture.mat
[LOG 19:14:40.962] kerbalgirl_06_basecolor.mat
[LOG 19:14:40.962] kerbalhead.mat
[LOG 19:14:40.962] lambert6.mat
[LOG 19:14:40.962] mat_eyeballs.mat
[LOG 19:14:40.962] mat_eyes01.mat
[LOG 19:14:40.962] material #4.mat
[LOG 19:14:40.963] mesh_female_kerbalastronaut01_kerbalgirl_export_15_lambert20.mat
[LOG 19:14:40.963] mesh_female_kerbalastronaut01_kerbalgirl_export_15_lambert21.mat
[LOG 19:14:40.963] kbfemale_iva_mecanim.fbx
[LOG 19:14:40.963] kbiva_mecanim.fbx
[LOG 19:14:40.963] kerbalicon_eva_female_vintage.tif
[LOG 19:14:40.963] kerbalicon_eva_vintage.tif
[LOG 19:14:40.963] kerbalicon_suit_female_vintage.tif
[LOG 19:14:40.963] kerbalicon_suit_orange_female_vintage.tif
[LOG 19:14:40.963] kerbalicon_suit_orange_vintage.tif
[LOG 19:14:40.963] kerbalicon_suit_vintage.tif
[LOG 19:14:40.963] gap_celestialbody_camerasetup.prefab
[LOG 19:14:40.963] gap_celestialbody_collisionsphere.prefab
[LOG 19:14:40.963] gap_celestialbody_surfacegizmo_area.prefab
[LOG 19:14:40.963] gap_celestialbody_surfacegizmo_basic.prefab
[LOG 19:14:40.963] gap_celestialbody_surfacegizmo_icon.prefab
[LOG 19:14:40.963] gap_celestialbody_surfacegizmo_vessel.prefab
[LOG 19:14:40.963] gap_celestialbody_surfacegizmo_volume.prefab
[LOG 19:14:40.963] gap_proceduralasteroid.prefab
[LOG 19:14:40.963] gap_proceduralcomet.prefab
[LOG 19:14:40.963] gapbuttonprefab.prefab
[LOG 19:14:40.963] gapkerbal_femaleveteran.prefab
[LOG 19:14:40.963] gapkerbal_femaleveteran_vintage.prefab
[LOG 19:14:40.963] gapkerbal_male_slimsuit.prefab
[LOG 19:14:40.963] gapkerbal_maleveteran.prefab
[LOG 19:14:40.963] gapkerbal_maleveteran_vintage.prefab
[LOG 19:14:40.963] gapscrollablesidebarbutton.prefab
[LOG 19:14:40.963] gapsidebarbutton.prefab
[LOG 19:14:40.964] gaptoggleprefab.prefab
[LOG 19:14:40.964] gaputil_biselector.prefab
[LOG 19:14:40.964] gaputil_celestialbody.prefab
[LOG 19:14:40.964] vesseldisplay_camerasetup.prefab
[LOG 19:14:40.964] desert_airfield.prefab
[LOG 19:14:40.964] desert_groundobjects.prefab
[LOG 19:14:40.964] desert_launch_site.prefab
[LOG 19:14:40.964] larkes.prefab
[LOG 19:14:40.964] floor bottom.mat
[LOG 19:14:40.964] floor top.mat
[LOG 19:14:40.964] legs.mat
[LOG 19:14:40.964] ramp.mat
[LOG 19:14:40.964] stairs grid lights pivot.mat
[LOG 19:14:40.964] supports 1.mat
[LOG 19:14:40.964] supports 2.mat
[LOG 19:14:40.964] tunnels.mat
[LOG 19:14:40.964] floor bottom.dds
[LOG 19:14:40.964] floor top.dds
[LOG 19:14:40.964] floor top_normal.dds
[LOG 19:14:40.964] legs.dds
[LOG 19:14:40.964] ramp.dds
[LOG 19:14:40.964] stairs grid lights pivot.dds
[LOG 19:14:40.964] supports 1.dds
[LOG 19:14:40.964] supports 2.dds
[LOG 19:14:40.964] tunnels.dds
[LOG 19:14:40.964] diffuse.mat
[LOG 19:14:40.964] floor bottom_base_color.mat
[LOG 19:14:40.964] floor top_base_color.mat
[LOG 19:14:40.964] legs_base_color.mat
[LOG 19:14:40.965] ramp_base_color.mat
[LOG 19:14:40.965] stairs grid lights pivot_base_colormodpsd.mat
[LOG 19:14:40.965] stairs_grid_lights_pivot_base_color.mat
[LOG 19:14:40.965] supports 1_base_color.mat
[LOG 19:14:40.965] supports 2_base_color.mat
[LOG 19:14:40.965] tunnels_base_color.mat
[LOG 19:14:40.965] mobilelaunchpad_19.fbx
[LOG 19:14:40.965] pontoons.fbx
[LOG 19:14:40.965] pontoons_diffuse.dds
[LOG 19:14:40.965] ramp_normal.png
[LOG 19:14:40.965] 1001_base_color.mat
[LOG 19:14:40.965] desert groundtransition.mat
[LOG 19:14:40.965] desert groundtransition_highquality.mat
[LOG 19:14:40.965] desert groundtransition_lowquality.mat
[LOG 19:14:40.965] desert groundtransition_mediumquality.mat
[LOG 19:14:40.965] desert groundtransition_ultraquality.mat
[LOG 19:14:40.965] desert runway sand.mat
[LOG 19:14:40.965] desert runway stone.mat
[LOG 19:14:40.965] mobilelaunchpad.prefab
[LOG 19:14:40.965] woomerang_groundobjects.prefab
[LOG 19:14:40.965] woomerang_launch_site.prefab
[LOG 19:14:40.966] Scenes:
[LOG 19:14:40.966] kspMissionEditor.unity
[LOG 19:14:50.116] Assets:
[LOG 19:14:50.116] appanim_missionsapp.prefab
[LOG 19:14:50.117] cascading_body_missionheader.prefab
[LOG 19:14:50.117] cascading_body_missioninfo.prefab
[LOG 19:14:50.117] cascading_body_missionobjective.prefab
[LOG 19:14:50.117] cascading_body_missionsvesselheader.prefab
[LOG 19:14:50.117] cascading_body_missionsvesselitem.prefab
[LOG 19:14:50.117] cascading_body_settingsbutton.prefab
[LOG 19:14:50.117] cascading_body_settingstoggle.prefab
[LOG 19:14:50.117] missionsapp.prefab
[LOG 19:14:50.117] axislimitline.prefab
[LOG 19:14:50.117] controlleraction.prefab
[LOG 19:14:50.117] controlleraxis.prefab
[LOG 19:14:50.117] controllerwindow.prefab
[LOG 19:14:50.117] curvepanelpoint.prefab
[LOG 19:14:50.117] curvepanelpointaction.prefab
[LOG 19:14:50.117] axis_align_ends.png
[LOG 19:14:50.117] axis_clamp_values.png
[LOG 19:14:50.117] axis_copy.png
[LOG 19:14:50.117] axis_flip_horizontal.png
[LOG 19:14:50.117] axis_flip_vertical.png
[LOG 19:14:50.117] axis_move_down-trackrow.png
[LOG 19:14:50.117] axis_move_down.png
[LOG 19:14:50.117] axis_move_up-trackrow.png
[LOG 19:14:50.117] axis_move_up.png
[LOG 19:14:50.117] axis_paste.png
[LOG 19:14:50.117] axis_preset_flat.png
[LOG 19:14:50.117] axis_preset_sawtooth.png
[LOG 19:14:50.117] axis_preset_sine.png
[LOG 19:14:50.117] axis_preset_square.png
[LOG 19:14:50.118] axis_preset_triangle.png
[LOG 19:14:50.118] axis_select_all.png
[LOG 19:14:50.118] background_squared_inset.png
[LOG 19:14:50.118] close.png
[LOG 19:14:50.118] direction_forward.png
[LOG 19:14:50.118] direction_reverse.png
[LOG 19:14:50.118] edit.png
[LOG 19:14:50.118] fieldlimitline.png
[LOG 19:14:50.118] keyframe_add.png
[LOG 19:14:50.118] keyframe_clamp_value.png
[LOG 19:14:50.118] keyframe_delete.png
[LOG 19:14:50.118] keyframe_linear.png
[LOG 19:14:50.118] keyframe_smooth.png
[LOG 19:14:50.118] keyframe_step_backward.png
[LOG 19:14:50.118] keyframe_step_forward.png
[LOG 19:14:50.118] line.png
[LOG 19:14:50.118] line_dashed.png
[LOG 19:14:50.118] loop_pingpong.png
[LOG 19:14:50.118] loop_playonce.png
[LOG 19:14:50.118] loop_repeat.png
[LOG 19:14:50.118] node.png
[LOG 19:14:50.118] node_circle.png
[LOG 19:14:50.118] node_square.png
[LOG 19:14:50.118] pause.png
[LOG 19:14:50.118] play.png
[LOG 19:14:50.118] pointer.png
[LOG 19:14:50.118] remove-axis.png
[LOG 19:14:50.118] remove_key.png
[LOG 19:14:50.118] resize_icon.png
[LOG 19:14:50.118] sequence_resize_button_states.png
[LOG 19:14:50.119] sequence_resize_maintain.png
[LOG 19:14:50.119] sequence_resize_scale.png
[LOG 19:14:50.119] sequence_speed.png
[LOG 19:14:50.119] tracking_editor_button_states.png
[LOG 19:14:50.119] femalefuturepreview.prefab
[LOG 19:14:50.119] malefuturepreview.prefab
[LOG 19:14:50.119] kbfemale@controlpanel_a.fbx
[LOG 19:14:50.119] kbfemale@controlpanel_b.fbx
[LOG 19:14:50.119] kbfemale@controlpanel_c.fbx
[LOG 19:14:50.119] kbfemale@rocksample.fbx
[LOG 19:14:50.119] hammerfemale.fbx
[LOG 19:14:50.119] hammermale.fbx
[LOG 19:14:50.119] kbeva@controlpanel_a.fbx
[LOG 19:14:50.119] kbeva@controlpanel_b.fbx
[LOG 19:14:50.119] kbeva@controlpanel_c.fbx
[LOG 19:14:50.119] kbeva@rocksample.fbx
[LOG 19:14:50.119] kerbaleva_female_future.prefab
[LOG 19:14:50.119] kerbaleva_rd_future.prefab
[LOG 19:14:50.119] futureevabody.mat
[LOG 19:14:50.119] futureevabodyalternate.mat
[LOG 19:14:50.119] futureevajetpack.mat
[LOG 19:14:50.119] futureevalight.mat
[LOG 19:14:50.119] futurehelmet.mat
[LOG 19:14:50.119] kbevafemalefuture.prefab
[LOG 19:14:50.119] kbevafuture.prefab
[LOG 19:14:50.119] kbeva@new.fbx
[LOG 19:14:50.119] kbeva@newfem.fbx
[LOG 19:14:50.119] mevahelmetlight.fbx
[LOG 19:14:50.119] serenityfemaleeva.fbx
[LOG 19:14:50.120] serenityflares.fbx
[LOG 19:14:50.120] serenitymaleeva.fbx
[LOG 19:14:50.120] evajetpacknrm.dds
[LOG 19:14:50.120] futuresuit_diffuse_orange.dds
[LOG 19:14:50.120] futuresuit_diffuse_whiteblue.dds
[LOG 19:14:50.120] futuresuit_diffuse_whiteorange.dds
[LOG 19:14:50.120] futuresuit_emissive.dds
[LOG 19:14:50.120] futuresuit_evalight.png
[LOG 19:14:50.120] futuresuitmainnrm.dds
[LOG 19:14:50.120] ksp_ig_jetpack_diffuse.jpg
[LOG 19:14:50.120] kerbalfemalefuture.prefab
[LOG 19:14:50.120] kerbalmalefuture.prefab
[LOG 19:14:50.120] futuresuit_diffuse.mat
[LOG 19:14:50.120] serenityfemaleiva.fbx
[LOG 19:14:50.120] serenitymaleiva.fbx
[LOG 19:14:50.120] kerbalicon_eva_female_future.tif
[LOG 19:14:50.120] kerbalicon_eva_future.tif
[LOG 19:14:50.120] kerbalicon_suit_female_future.tif
[LOG 19:14:50.120] kerbalicon_suit_future.tif
[LOG 19:14:50.120] kerbalicon_suit_orange_female_future.tif
[LOG 19:14:50.120] kerbalicon_suit_orange_future.tif
[LOG 19:14:50.120] bottom_emissor.mat
[LOG 19:14:50.120] burst_emissor.mat
[LOG 19:14:50.120] burstprojectiles_emissor.mat
[LOG 19:14:50.120] constantburst_emissor.mat
[LOG 19:14:50.120] snowflakes_emissor.mat
[LOG 19:14:50.120] vapor_emissor.mat
[LOG 19:14:50.120] base_0.mat
[LOG 19:14:50.121] base_1.mat
[LOG 19:14:50.121] base_2.mat
[LOG 19:14:50.121] base_3_1.mat
[LOG 19:14:50.121] base_3_2.mat
[LOG 19:14:50.121] vapor.mat
[LOG 19:14:50.121] burst.png
[LOG 19:14:50.121] cloud2.png
[LOG 19:14:50.121] v1.png
[LOG 19:14:50.121] v2.png
[LOG 19:14:50.121] v3.png
[LOG 19:14:50.121] v5.png
[LOG 19:14:50.121] gapkerbal_female_future.prefab
[LOG 19:14:50.121] gapkerbal_male_future.prefab
[LOG 19:14:50.121] hammerfemale.prefab
[LOG 19:14:50.121] hammermale.prefab
[LOG 19:14:50.121] bopgravelpile.prefab
[LOG 19:14:50.121] bopgravelpile.fbx
[LOG 19:14:50.121] bop_gravel pile_d.mat
[LOG 19:14:50.121] lambert1.mat
[LOG 19:14:50.121] bop_gravel pile_d.png
[LOG 19:14:50.121] bop_gravel pile_d.tga
[LOG 19:14:50.121] bop_gravel pile_n.png
[LOG 19:14:50.121] bop_gravel pile_s.png
[LOG 19:14:50.121] drescrater.prefab
[LOG 19:14:50.121] dresmeteorite.prefab
[LOG 19:14:50.121] drescrater.fbx
[LOG 19:14:50.121] dresmeteorite.fbx
[LOG 19:14:50.121] dres_crater_d.mat
[LOG 19:14:50.121] dres_meteorite_d.mat
[LOG 19:14:50.121] lambert1.mat
[LOG 19:14:50.122] dres_crater_d.tga
[LOG 19:14:50.122] dres_crater_n.png
[LOG 19:14:50.122] dres_meteorite_d.tga
[LOG 19:14:50.122] dres_meteorite_n.png
[LOG 19:14:50.122] dunablueberries.prefab
[LOG 19:14:50.122] dunadune.prefab
[LOG 19:14:50.122] dunameteorite.prefab
[LOG 19:14:50.122] dunastone.prefab
[LOG 19:14:50.122] dunaasteroid.fbx
[LOG 19:14:50.122] dunablueberries.fbx
[LOG 19:14:50.122] dunadune.fbx
[LOG 19:14:50.122] dunastone.fbx
[LOG 19:14:50.122] duna_asteroid_d.mat
[LOG 19:14:50.122] duna_dune_d.mat
[LOG 19:14:50.122] duna_stone_d.mat
[LOG 19:14:50.122] dune_blueberries_d.mat
[LOG 19:14:50.122] lambert1.mat
[LOG 19:14:50.122] duna_asteroid_d.tga
[LOG 19:14:50.122] duna_asteroid_n.png
[LOG 19:14:50.122] duna_dune_d.tga
[LOG 19:14:50.122] duna_dune_n.tga
[LOG 19:14:50.122] duna_stone_d.tga
[LOG 19:14:50.122] duna_stone_n.png
[LOG 19:14:50.122] dune_blueberries_d.tga
[LOG 19:14:50.122] dune_blueberries_n.png
[LOG 19:14:50.122] eelooberg.prefab
[LOG 19:14:50.122] eeloobrownboulder.prefab
[LOG 19:14:50.122] eelooicechunk.prefab
[LOG 19:14:50.122] eelooberg.fbx
[LOG 19:14:50.122] eelooboulder.fbx
[LOG 19:14:50.123] eelooicechunk.fbx
[LOG 19:14:50.123] eeloo_alien_glacier_d.mat
[LOG 19:14:50.123] eeloo_brown_ boulder_d.mat
[LOG 19:14:50.123] eeloo_ice chunk_d.mat
[LOG 19:14:50.123] lambert1.mat
[LOG 19:14:50.123] eeloo_alien_glacier_d.tga
[LOG 19:14:50.123] eeloo_alien_glacier_e.tga
[LOG 19:14:50.123] eeloo_alien_glacier_n.png
[LOG 19:14:50.123] eeloo_brown_ boulder_d.tga
[LOG 19:14:50.123] eeloo_brown_ boulder_n.png
[LOG 19:14:50.123] eeloo_ice chunk_d.tga
[LOG 19:14:50.123] eeloo_ice chunk_e.tga
[LOG 19:14:50.123] eeloo_ice chunk_n.png
[LOG 19:14:50.123] eeloo_ice chunk_s.tga
[LOG 19:14:50.123] evebasaltformation.prefab
[LOG 19:14:50.123] evepancakedome.prefab
[LOG 19:14:50.123] evevolcanicrock.prefab
[LOG 19:14:50.123] evebasaltformation.fbx
[LOG 19:14:50.123] evepancakeformation.fbx
[LOG 19:14:50.123] evevolcanicrock.fbx
[LOG 19:14:50.123] eve basalt formation_d.mat
[LOG 19:14:50.123] eve pancake formation_d.mat
[LOG 19:14:50.123] eve volcanic rock_d.mat
[LOG 19:14:50.123] lambert1.mat
[LOG 19:14:50.123] eve basalt formation_d.tga
[LOG 19:14:50.123] eve basalt formation_n.tga
[LOG 19:14:50.123] eve pancake formation_d.tga
[LOG 19:14:50.123] eve pancake formation_e.png
[LOG 19:14:50.124] eve pancake formation_n.png
[LOG 19:14:50.124] eve volcanic rock_d.tga
[LOG 19:14:50.124] eve volcanic rock_n.png
[LOG 19:14:50.124] gillyridgeline.fbx
[LOG 19:14:50.124] gilly ridegeline_d.mat
[LOG 19:14:50.124] lambert1.mat
[LOG 19:14:50.124] gillyridgeline.prefab
[LOG 19:14:50.124] gilly ridegeline_d.tga
[LOG 19:14:50.124] gilly ridegeline_n.png
[LOG 19:14:50.124] dunaejecta.prefab
[LOG 19:14:50.124] ikedunaejecta.fbx
[LOG 19:14:50.124] ike_duna_ejecta_mat.mat
[LOG 19:14:50.124] ike duna ejecta_d.tga
[LOG 19:14:50.124] ike duna ejecta_n.png
[LOG 19:14:50.124] kerbinbaobabtree.fbx
[LOG 19:14:50.124] kerbinquartz.fbx
[LOG 19:14:50.124] baobaptree.mat
[LOG 19:14:50.124] kerbin_baobab_tree_d.mat
[LOG 19:14:50.124] kerbin_boabob_tree_d.mat
[LOG 19:14:50.124] kerbin_giant_quartz_d.mat
[LOG 19:14:50.124] lambert1.mat
[LOG 19:14:50.124] lambert2.mat
[LOG 19:14:50.124] kerbinbaobabtree.prefab
[LOG 19:14:50.124] kerbinquartz.prefab
[LOG 19:14:50.124] kerbin_baobab_tree_alpha.png
[LOG 19:14:50.124] kerbin_baobab_tree_d.tga
[LOG 19:14:50.124] kerbin_baobab_tree_n.png
[LOG 19:14:50.124] kerbin_giant_quartz_d.tga
[LOG 19:14:50.124] kerbin_giant_quartz_e.tga
[LOG 19:14:50.124] kerbin_giant_quartz_n.tga
[LOG 19:14:50.125] kerbin_giant_quartz_s.tga
[LOG 19:14:50.125] laytheboulder.fbx
[LOG 19:14:50.125] laythegeyser.fbx
[LOG 19:14:50.125] laythestone.fbx
[LOG 19:14:50.125] lambert1.mat
[LOG 19:14:50.125] laythe_boulder_d.mat
[LOG 19:14:50.125] laythe_geyser_d.mat
[LOG 19:14:50.125] laythe_stone_d.mat
[LOG 19:14:50.125] laytheboulder.prefab
[LOG 19:14:50.125] laythegeyser.prefab
[LOG 19:14:50.125] laythestone.prefab
[LOG 19:14:50.125] laythe_boulder_d.tga
[LOG 19:14:50.125] laythe_boulder_n.png
[LOG 19:14:50.125] laythe_geyser_d.tga
[LOG 19:14:50.125] laythe_geyser_n.png
[LOG 19:14:50.125] laythe_stone_d.tga
[LOG 19:14:50.125] laythe_stone_n.png
[LOG 19:14:50.125] greensandstone.fbx
[LOG 19:14:50.125] lambert1.mat
[LOG 19:14:50.125] minmus_green_sandstone_d.mat
[LOG 19:14:50.125] minmus_olivine_formation_d.mat
[LOG 19:14:50.125] minmusolivineformation.fbx
[LOG 19:14:50.125] minmus_greensandstone.prefab
[LOG 19:14:50.125] minmus_olivineformation.prefab
[LOG 19:14:50.125] minmus_green_sandstone_d.tga
[LOG 19:14:50.125] minmus_green_sandstone_n.png
[LOG 19:14:50.125] minmus_olivine_formation_d.tga
[LOG 19:14:50.125] minmus_olivine_formation_n.png
[LOG 19:14:50.125] lambert1.mat
[LOG 19:14:50.126] moho wrinkleridge_d.mat
[LOG 19:14:50.126] moho_stone_d.mat
[LOG 19:14:50.126] mohostone.fbx
[LOG 19:14:50.126] mohowrinkleridge.fbx
[LOG 19:14:50.126] mohostone.prefab
[LOG 19:14:50.126] mohowrinkleridge.prefab
[LOG 19:14:50.126] moho wrinkleridge_d.tga
[LOG 19:14:50.126] moho wrinkleridge_e.png
[LOG 19:14:50.126] moho wrinkleridge_n.png
[LOG 19:14:50.126] moho_stone_d.tga
[LOG 19:14:50.126] moho_stone_n.png
[LOG 19:14:50.126] lambert1.mat
[LOG 19:14:50.126] mun_crater_d.mat
[LOG 19:14:50.126] mun_large_crater_d.mat
[LOG 19:14:50.126] mun_stone_d.mat
[LOG 19:14:50.126] muncrater.fbx
[LOG 19:14:50.126] munlargecrater.fbx
[LOG 19:14:50.126] munstone.fbx
[LOG 19:14:50.126] muncrater.prefab
[LOG 19:14:50.126] munlargecrater.prefab
[LOG 19:14:50.126] munstone.prefab
[LOG 19:14:50.126] mun_crater_d.tga
[LOG 19:14:50.126] mun_crater_n.png
[LOG 19:14:50.126] mun_large_crater_d.tga
[LOG 19:14:50.126] mun_large_crater_n.png
[LOG 19:14:50.126] mun_stone_d.tga
[LOG 19:14:50.126] mun_stone_n.png
[LOG 19:14:50.126] lambert1.mat
[LOG 19:14:50.126] pol_yellowstone_d.mat
[LOG 19:14:50.126] polyellowstone.fbx
[LOG 19:14:50.127] pol_yellowstones.prefab
[LOG 19:14:50.127] pol_yellowstone_d.png
[LOG 19:14:50.127] pol_yellowstone_n.png
[LOG 19:14:50.127] lambert1.mat
[LOG 19:14:50.127] tylo_checkerboard_d.mat
[LOG 19:14:50.127] tylo_dark boulder_d.mat
[LOG 19:14:50.127] tylo_light_d.mat
[LOG 19:14:50.127] tyloboulder.fbx
[LOG 19:14:50.127] tylocheckerboard.fbx
[LOG 19:14:50.127] tylolightstone.fbx
[LOG 19:14:50.127] tylo_ checkerboard_n.png
[LOG 19:14:50.127] tylo_checkerboard_d.png
[LOG 19:14:50.127] tylo_dark boulder_d.tga
[LOG 19:14:50.127] tylo_dark boulder_n.png
[LOG 19:14:50.127] tylo_light_d.tga
[LOG 19:14:50.127] tylo_light_n.png
[LOG 19:14:50.127] tylocheckerboard.prefab
[LOG 19:14:50.127] tylodarkboulder.prefab
[LOG 19:14:50.127] tylolightstone.prefab
[LOG 19:14:50.127] cryovolcano_d.mat
[LOG 19:14:50.127] lambert1.mat
[LOG 19:14:50.127] vallicechunk_d.mat
[LOG 19:14:50.127] vallstone_d.mat
[LOG 19:14:50.127] vall_cryovolcano.fbx
[LOG 19:14:50.127] vall_icechunk.fbx
[LOG 19:14:50.127] vall_stone.fbx
[LOG 19:14:50.127] cryovolcano_d.tga
[LOG 19:14:50.127] cryovolcano_e.png
[LOG 19:14:50.127] cryovolcano_n.jpg
[LOG 19:14:50.127] cryovolcano_s.jpg
[LOG 19:14:50.128] vallicechunk_d.jpg
[LOG 19:14:50.128] vallicechunk_e.jpg
[LOG 19:14:50.128] vallicechunk_n.jpg
[LOG 19:14:50.128] vallicechunk_s.jpg
[LOG 19:14:50.128] vallstone_d.jpg
[LOG 19:14:50.128] vallstone_e.jpg
[LOG 19:14:50.128] vallstone_n.jpg
[LOG 19:14:50.128] vallstone_s.jpg
[LOG 19:14:50.128] vallcryovolcano.prefab
[LOG 19:14:50.128] vallicechunk.prefab
[LOG 19:14:50.128] vallstone.prefab
[LOG 19:14:50.128] vfx_spark.mat
[LOG 19:14:50.128] vfx_welding_flare.mat
[LOG 19:14:50.128] cometdustmaterial.mat
[LOG 19:14:50.128] cometgeysermat.mat
[LOG 19:14:50.137] GetTypesOfModulesImplementingInterface2: Found 69 types with IPartModuleAdjuster interface in 8 assemblies.
[LOG 19:14:50.145] GetSubclassesOfParentClass: Found 0 types with ModuleActiveRadiator parent in 8 assemblies.
[LOG 19:14:50.153] GetSubclassesOfParentClass: Found 0 types with ModuleAlternator parent in 8 assemblies.
[LOG 19:14:50.160] GetSubclassesOfParentClass: Found 1 types with ModuleControlSurface parent in 8 assemblies.
[LOG 19:14:50.168] GetSubclassesOfParentClass: Found 0 types with ModuleDataTransmitter parent in 8 assemblies.
[LOG 19:14:50.174] GetSubclassesOfParentClass: Found 0 types with ModuleDeployableSolarPanel parent in 8 assemblies.
[LOG 19:14:50.181] GetSubclassesOfParentClass: Found 1 types with ModuleEngines parent in 8 assemblies.
[LOG 19:14:50.187] GetSubclassesOfParentClass: Found 0 types with ModuleGenerator parent in 8 assemblies.
[LOG 19:14:50.195] GetSubclassesOfParentClass: Found 0 types with ModuleGimbal parent in 8 assemblies.
[LOG 19:14:50.203] GetSubclassesOfParentClass: Found 2 types with ModuleLiftingSurface parent in 8 assemblies.
[LOG 19:14:50.210] GetSubclassesOfParentClass: Found 0 types with ModuleLight parent in 8 assemblies.
[LOG 19:14:50.217] GetSubclassesOfParentClass: Found 0 types with ModuleReactionWheel parent in 8 assemblies.
[LOG 19:14:50.224] GetSubclassesOfParentClass: Found 0 types with ModuleSAS parent in 8 assemblies.
[LOG 19:14:50.231] GetSubclassesOfParentClass: Found 0 types with ModuleWheelBrakes parent in 8 assemblies.
[LOG 19:14:50.237] GetSubclassesOfParentClass: Found 1 types with ModuleWheelMotor parent in 8 assemblies.
[LOG 19:14:50.238] GetSubclassesOfParentClass: Using cached results for ModuleActiveRadiator
[LOG 19:14:50.244] GetSubclassesOfParentClass: Found 0 types with ModuleAnchoredDecoupler parent in 8 assemblies.
[LOG 19:14:50.251] GetSubclassesOfParentClass: Found 0 types with ModuleCargoBay parent in 8 assemblies.
[LOG 19:14:50.251] GetSubclassesOfParentClass: Using cached results for ModuleControlSurface
[LOG 19:14:50.251] GetSubclassesOfParentClass: Using cached results for ModuleDataTransmitter
[LOG 19:14:50.258] GetSubclassesOfParentClass: Found 0 types with ModuleDecouple parent in 8 assemblies.
[LOG 19:14:50.266] GetSubclassesOfParentClass: Found 4 types with ModuleDeployablePart parent in 8 assemblies.
[LOG 19:14:50.273] GetSubclassesOfParentClass: Found 0 types with ModuleDockingNode parent in 8 assemblies.
[LOG 19:14:50.274] GetSubclassesOfParentClass: Using cached results for ModuleEngines
[LOG 19:14:50.282] GetSubclassesOfParentClass: Found 0 types with CModuleFuelLine parent in 8 assemblies.
[LOG 19:14:50.290] GetSubclassesOfParentClass: Found 0 types with ModuleGPS parent in 8 assemblies.
[LOG 19:14:50.298] GetSubclassesOfParentClass: Found 0 types with ModuleGrappleNode parent in 8 assemblies.
[LOG 19:14:50.298] GetSubclassesOfParentClass: Using cached results for ModuleGrappleNode
[LOG 19:14:50.306] GetSubclassesOfParentClass: Found 0 types with ModuleKerbNetAccess parent in 8 assemblies.
[LOG 19:14:50.306] GetSubclassesOfParentClass: Using cached results for ModuleLight
[LOG 19:14:50.306] GetSubclassesOfParentClass: Using cached results for ModuleLight
[LOG 19:14:50.314] GetSubclassesOfParentClass: Found 0 types with ModuleProbeControlPoint parent in 8 assemblies.
[LOG 19:14:50.321] GetSubclassesOfParentClass: Found 1 types with ModuleRCS parent in 8 assemblies.
[LOG 19:14:50.321] GetSubclassesOfParentClass: Using cached results for ModuleRCS
[LOG 19:14:50.321] GetSubclassesOfParentClass: Using cached results for ModuleReactionWheel
[LOG 19:14:50.322] GetSubclassesOfParentClass: Using cached results for ModuleReactionWheel
[LOG 19:14:50.328] GetSubclassesOfParentClass: Found 0 types with ModuleResourceIntake parent in 8 assemblies.
[LOG 19:14:50.334] GetSubclassesOfParentClass: Found 0 types with ModuleScienceExperiment parent in 8 assemblies.
[LOG 19:14:50.341] GetSubclassesOfParentClass: Found 0 types with ModuleToggleCrossfeed parent in 8 assemblies.
[LOG 19:14:50.347] GetSubclassesOfParentClass: Found 0 types with ModuleWheelDeployment parent in 8 assemblies.
[LOG 19:14:50.366] ExpansionsLoader: Expansions loaded in 10.150s
[LOG 19:14:50.366] Loading Systems: Elapsed time is 29.16719s
[LOG 19:14:53.791] [AddonLoader]: Instantiating addon 'KSPCFFastLoaderPSystemSetup' from assembly 'KSPCommunityFixes'
[LOG 19:14:54.120] [Agent]: Found 19 agent mentality types
[LOG 19:14:54.122] [AgentList]: 31 agents parsed and loaded.
[LOG 19:14:54.159] [UIMasterController]: HideUI
[LOG 19:14:54.249] [CelestialBody]: Kerbin's solar day length is 6h, 0m, 0s long. sidereal day length is 5h, 59m, 9s long
[LOG 19:15:00.024] [UIMasterController]: HideUI
[LOG 19:15:00.033] [HighLogic]: =========================== Scene Change : From LOADING to MAINMENU =====================
[LOG 19:15:00.618] [AddonLoader]: Instantiating addon 'ContractDefs' from assembly 'KSP'
[LOG 19:15:00.647] [AddonLoader]: Instantiating addon 'KSPCFFastLoaderReport' from assembly 'KSPCommunityFixes'
[LOG 19:15:00.675] [UIMasterController]: ShowUI
[LOG 19:15:00.944] [GameParameters]: Loaded custom parameter class CommNetParams.
[LOG 19:15:00.945] [GameParameters]: Loaded custom parameter class MissionParamsGeneral.
[LOG 19:15:00.945] [GameParameters]: Loaded custom parameter class MissionParamsFacilities.
[LOG 19:15:00.945] [GameParameters]: Loaded custom parameter class MissionParamsExtras.
[LOG 19:15:00.946] [GameParameters]: Loaded custom parameter class AdvancedParams.
[LOG 19:15:00.972] [ReflectionUtil]: Found 40 types with UpgradeModule attribute in 8 assemblies.
[LOG 19:15:00.992] [KSPCF:FastLoader] Intel(R) Core(TM) i7-4790K CPU @ 4.00GHz | 32687 MB | NVIDIA GeForce GTX 1060 6GB (6029 MB)
Total loading time to main menu : 43.362s
- Configs and assemblies loaded in 5.784s
- Configs reload done in 1.421s
- Configs translated in 0.019s
- 2338 assets loaded in 4.056s :
  - 86 audio assets (79.689 MiB) in 0.807s, 98.693 MiB/s
  - 1625 texture assets (1.293 GiB) in 2.610s, 507.481 MiB/s
  - 626 model assets (64.41 MiB) in 0.628s, 102.548 MiB/s
- Asset bundles loaded in 0.514s
- GameDatabase (configs, resources, traits, upgrades...) loaded in 0.079s
- Built-in parts copied in 0.021s
- Part and internal configs extracted in 0.001s
- 483 parts and 1927 modules compiled in 7.356s
  - 4.0 modules/part, 15.231 ms/part, 3.818 ms/module
  - PartIcon compilation : 1.238s
- 27 internal spaces and 56 props compiled in 0.238s
- 2 DLC (Making History, Breaking Ground) loaded in 10.208s
- Planetary system loaded in 7.624s
[LOG 19:15:00.992] Texture queries : 1709, slow path : 1 (0.06 %)
[LOG 19:15:00.994] [ModuleManager] Total loading Time = 37.856s
[LOG 19:15:01.039] [ScenarioTypes]: List Created 23 scenario types loaded from 8 loaded assemblies.
[LOG 19:15:01.053] [ApplicationLauncher] Awake False
[LOG 19:15:01.053] [ApplicationLauncher] SpawnSimpleLayout: VerticalTopDown
[LOG 19:15:01.068] [UiApp] Awake: 
[LOG 19:15:01.068] [ApplicationLauncher] OnSceneLoadedGUIReady: scene MAINMENU ShouldBeVisible() True ShouldBeOnTop() True iIsPositionedAtTop True
[LOG 19:15:01.090] [UIApp] Adding  to Application Launcher
[LOG 19:15:01.093] [ApplicationLauncher] SetHidden: 
[LOG 19:15:01.098] [MessageSystem] OnAppInitialized
[LOG 19:15:01.098] [MessageSystem] Reposition 0.0407742 28486
[LOG 19:15:04.833] [ExperienceSystem]: Found 0 trait types
[LOG 19:15:04.841] [ExperienceSystem]: Found 20 effect types
[LOG 19:15:04.841] Game State Created.
[LOG 19:15:04.870] [ScenarioTypes]: List Created 23 scenario types loaded from 8 loaded assemblies.
[LOG 19:15:04.878] Game State Saved to saves/claude-carriere/persistent
[LOG 19:15:04.885] [UIMasterController]: HideUI
[LOG 19:15:04.887] [HighLogic]: =========================== Scene Change : From MAINMENU to SPACECENTER =====================
[LOG 19:15:05.230] [AddonLoader]: Instantiating addon 'CustomConfigsManager' from assembly 'ModuleManager'
[LOG 19:15:08.349] [UIMasterController]: ShowUI
[LOG 19:15:08.652] [SceneLoadSpeedBoost] Save loaded from cache in 0ms
[LOG 19:15:08.668] GetSubclassesOfParentClass: Found 7 types with AlarmTypeBase parent in 8 assemblies.
[LOG 19:15:08.688] [R&D]: No tech nodes defined. Assuming initial state
[WRN 19:15:08.689] [R&D Tech start]: Tech Node did not contain cost data. Looking for node in TechTree.cfg. This message should not appear again for this node.
[LOG 19:15:08.697] [ScenarioDestructibles]: Loading... 0 objects registered
[LOG 19:15:08.701] [ScenarioUpgradeableFacilities]: Loading in initial state... 
[LOG 19:15:08.701] [ScenarioUpgradeableFacilities]: Loading... 0 objects registered
[LOG 19:15:08.710] [StrategySystem]: Found 0 strategy types
[LOG 19:15:08.716] [StrategySystem]: Found 4 effect types
[LOG 19:15:08.876] [ContractSystem]: Found 22 contract types
[LOG 19:15:08.886] [ContractSystem]: Found 49 parameter types
[LOG 19:15:08.894] [ContractSystem]: Found 5 predicate types
[LOG 19:15:08.926] [CustomConfigsManager] Setting modded tech tree as the active one
[LOG 19:15:09.015] [UiApp] Awake: Contracts
[LOG 19:15:09.015] [UiApp] Awake: KSPedia
[LOG 19:15:09.015] [UiApp] Awake: Missions App
[LOG 19:15:09.015] [UiApp] Awake: AlarmClock
[LOG 19:15:09.016] [GenericAppFrame] Reposition 0 29762
[LOG 19:15:09.016] [ApplicationLauncher] OnSceneLoadedGUIReady: scene SPACECENTER ShouldBeVisible() True ShouldBeOnTop() False iIsPositionedAtTop True
[LOG 19:15:09.017] [ApplicationLauncher] SpawnSimpleLayout: HorizontalRightLeft
[LOG 19:15:09.019] [ApplicationLauncher] SetVisible: 
[LOG 19:15:09.127] Flight State Captured
[LOG 19:15:09.131] Saving Achievements Tree...
[LOG 19:15:09.135] [MessageSystem] Save Messages
[LOG 19:15:09.145] Game State Saved to saves/claude-carriere/persistent
[LOG 19:15:09.154] [MessageSystem] Reposition 0.02 29763
[LOG 19:15:09.155] [GenericAppFrame] Reposition 0.02 29763
[LOG 19:15:09.155] [GenericAppFrame] Reposition 0.02 29763
[LOG 19:15:09.263] [UIApp] Adding AlarmClock to Application Launcher
[LOG 19:15:09.264] [UIApp] Adding Missions App to Application Launcher
[LOG 19:15:09.265] [UIApp] Adding Contracts to Application Launcher
[LOG 19:15:09.300] [GenericAppFrame] Reposition 0.09221449 29769
[LOG 19:15:09.306] [MissionsApp] OnAppStarted(): id: -385322
[LOG 19:15:09.306] MissionsApp does not execute in this game mode, destroying this instance
[LOG 19:15:09.306] [UIApp] OnDestroy: Missions App
[LOG 19:15:09.309] [GenericAppFrame] Reposition 0.09221449 29769
[LOG 19:15:09.320] [UIApp] Adding KSPedia to Application Launcher
[LOG 19:15:09.322] Flight State Captured
[LOG 19:15:09.322] Saving Achievements Tree...
[LOG 19:15:09.324] [MessageSystem] Save Messages
[LOG 19:15:09.334] Game State Saved to saves/claude-carriere/persistent
[LOG 19:15:11.815] Flight State Captured
[LOG 19:15:11.815] Saving Achievements Tree...
[LOG 19:15:11.815] [MessageSystem] Save Messages
[LOG 19:15:11.826] Game State Saved to saves/claude-carriere/persistent
[LOG 19:15:13.952] Flight State Captured
[LOG 19:15:13.952] Saving Achievements Tree...
[LOG 19:15:13.953] [MessageSystem] Save Messages
[LOG 19:15:13.964] Game State Saved to saves/claude-carriere/persistent
[LOG 19:15:15.537] Game Paused!
[LOG 19:15:15.537] [UIMasterController]: ShowUI
[LOG 19:15:20.784] Game Unpaused!
[LOG 19:15:20.787] Flight State Captured
[LOG 19:15:20.787] Saving Achievements Tree...
[LOG 19:15:20.787] [MessageSystem] Save Messages
[LOG 19:15:20.797] Game State Saved to saves/claude-carriere/persistent
[LOG 19:15:20.806] [UIMasterController] RemoveCanvas:ResearchAndDevelopment
[LOG 19:15:22.879] Launching vessel from LaunchPad. Craft file: D:\ksp-dev\saves\claude-carriere\Ships\VAB\Diag3-Rocket.craft
[LOG 19:15:22.880] Flight State Captured
[LOG 19:15:22.880] Saving Achievements Tree...
[LOG 19:15:22.880] [MessageSystem] Save Messages
[LOG 19:15:22.890] Game State Saved to saves/claude-carriere/persistent
[LOG 19:15:22.902] [UIMasterController]: HideUI
[LOG 19:15:22.912] [HighLogic]: =========================== Scene Change : From SPACECENTER to FLIGHT =====================
[LOG 19:15:23.232] [UIApp] OnDestroy: AlarmClock
[LOG 19:15:23.233] [UIApp] OnDestroy: KSPedia
[LOG 19:15:23.233] [UIApp] OnDestroy: Contracts
[LOG 19:15:23.238] [KSPCF:MemoryLeaks] Removed a onPlanetariumTargetChange callback owned by a destroyed Assembly-CSharp:CommNetVessel instance
[LOG 19:15:23.245] [KSPCF:MemoryLeaks] Removed a OnDestructibleLoaded callback owned by a destroyed Assembly-CSharp:RunwayCollisionHandler instance
[LOG 19:15:23.246] [KSPCF:MemoryLeaks] Removed a OnInViewChange callback owned by a destroyed Assembly-CSharp:BuildingPickerItem instance
[LOG 19:15:23.249] [KSPCF:MemoryLeaks] Leaving scene "SpaceCenter", cleaned 7 memory leaks in 0.015s. GameEvents callbacks : 404. Allocated memory : 1.156 GiB (managed heap), 2.188 GiB (unmanaged)
[LOG 19:15:23.260] UICanvasPrefabSpawner FlightUI spawning Flight
[LOG 19:15:23.300] UICanvasPrefabSpawner FlightUI spawning VesselLabels
[LOG 19:15:23.300] [UiApp] Awake: ResourceDisplay
[LOG 19:15:23.404] [AddonLoader]: Instantiating addon 'AeroGUI' from assembly 'KSP'
[LOG 19:15:23.417] [AddonLoader]: Instantiating addon 'KSPDiagColliders' from assembly 'KSPDiagColliders'
[LOG 19:15:23.420] [KSPDiagColliders] shader Hidden/Internal-Colored, depth test settable: True; display: colliders, hidden by what stands in front
[LOG 19:15:23.421] [PlanetariumCamera]: Focus: Kerbin
[LOG 19:15:23.422] [UIMasterController]: HideUI
[LOG 19:15:23.764] [UIMasterController]: HideUI
[LOG 19:15:23.764] ------------------- initializing flight mode... ------------------
[LOG 19:15:23.764] [SceneLoadSpeedBoost] Save loaded from cache in 0ms
[LOG 19:15:23.767] [MessageSystem] Save Messages
[LOG 19:15:23.769] GetSubclassesOfParentClass: Using cached results for AlarmTypeBase
[LOG 19:15:23.770] Loading Depletion Nodes
[LOG 19:15:23.770] DepNodeCount:  0
[LOG 19:15:23.770] Loading Biome Nodes
[LOG 19:15:23.770] BiomeNodeCount:  0
[LOG 19:15:23.771] Loading Planet Nodes
[LOG 19:15:23.771] PlanetNodeCount:  0
[LOG 19:15:23.774] [ScenarioDestructibles]: Loading... 0 objects registered
[LOG 19:15:23.775] [ScenarioUpgradeableFacilities]: Loading... 0 objects registered
[LOG 19:15:23.794] Loading ship from file: D:\ksp-dev\saves\claude-carriere\Ships\VAB\Diag3-Rocket.craft
[LOG 19:15:23.795] [UIMasterController]: HideUI
[LOG 19:15:23.824] Diag3-Rocket loaded!
[LOG 19:15:25.970] putting ship to ground: 11.36977
[LOG 19:15:25.987] [Diag3-Rocket]: Ready to Launch - waiting to start physics...
[LOG 19:15:26.005] Crewmember Jebediah Kerman assigned to Capsule de commande Mk1, seat # 0 (crew seat index: 0)
[LOG 19:15:26.006] [FLIGHT GLOBALS]: Switching To Vessel Diag3-Rocket ---------------------- 
[LOG 19:15:26.007] setting new dominant body: Kerbin
FlightGlobals.mainBody: Kerbin
[LOG 19:15:26.009] Reference Frame: Rotating
[LOG 19:15:26.028] Vessel assembly complete!
[LOG 19:15:28.938] all systems started
[LOG 19:15:29.130] [KSPDiagColliders] body Kerbin, colliders drawn within 300 m of the active vessel
[LOG 19:15:29.158] [KSPDiagColliders] collider localSpace/Kerbin/Kerbin/KSC/SpaceCenter/LaunchPad/Facility/LP_lev2/bunker (MeshCollider, on, layer 15), centre 44 m from the active vessel
[LOG 19:15:29.159] [KSPDiagColliders] collider localSpace/Kerbin/Kerbin/KSC/SpaceCenter/LaunchPad/Facility/LP_lev2/LP_lev2/collider (MeshCollider, on, layer 15), centre 7 m from the active vessel
[LOG 19:15:29.160] [KSPDiagColliders] collider localSpace/Kerbin/Kerbin/KSC/SpaceCenter/LaunchPad/Facility/Flag/flagPole_lev1/model01/Pole (CapsuleCollider, on, layer 15), centre 74 m from the active vessel
[LOG 19:15:29.162] [KSPDiagColliders] collider localSpace/Kerbin/Kerbin/KSC/SpaceCenter/LaunchPad/Facility/Flag/flagPole_lev1/model01/WaterBase (MeshCollider, on, layer 15), centre 74 m from the active vessel
[LOG 19:15:29.179] [KSPDiagColliders] collider localSpace/Kerbin/Kerbin/KSC/SpaceCenter/Runway/Facility/runway_lev1_v2 (MeshCollider, on, layer 15), centre 730 m from the active vessel
[LOG 19:15:29.179] [KSPDiagColliders] collider localSpace/Kerbin/Kerbin/KSC/SpaceCenter/Crawlerway/Facility/crawler_level2 (MeshCollider, on, layer 15), centre 326 m from the active vessel
[LOG 19:15:29.181] [KSPDiagColliders] drawn within 300 m: 2 ground quad(s), 6 collider(s) of statics on, 0 switched off
[LOG 19:15:29.327] [UiApp] Awake: CurrencyWidgetsApp
[LOG 19:15:29.327] [UiApp] Awake: Contracts
[LOG 19:15:29.327] [UiApp] Awake: ResourceDisplay
[LOG 19:15:29.327] [UiApp] Awake: KSPedia
[LOG 19:15:29.327] [UiApp] Awake: Missions App
[LOG 19:15:29.327] [UiApp] Awake: DeltaVApp
[LOG 19:15:29.327] [UiApp] Awake: ActionGroupsApp
[LOG 19:15:29.327] [UiApp] Awake: Construction
[LOG 19:15:29.327] [UiApp] Awake: Cargo
[LOG 19:15:29.327] [UiApp] Awake: AlarmClock
[LOG 19:15:29.327] [UiApp] Awake: ManeuverTool
[LOG 19:15:29.327] [ApplicationLauncher] OnSceneLoadedGUIReady: scene FLIGHT ShouldBeVisible() True ShouldBeOnTop() True iIsPositionedAtTop False
[LOG 19:15:29.327] [ApplicationLauncher] SpawnSimpleLayout: VerticalTopDown
[LOG 19:15:29.331] [KnowledgeBase] OnAppLauncherReady 31852
[LOG 19:15:29.372] [FlightIntegrator]: Reloaded drag cube for zeroed cube root part mk1pod.v2 on vessel Diag3-Rocket
[LOG 19:15:29.382] [FlightIntegrator]: Vessel Diag3-Rocket has been unloaded 1.79769313486232E+308, applying analytic temperature 309.90532768222
[LOG 19:15:29.384] [MessageSystem] Reposition 0.02 31853
[LOG 19:15:29.384] [GenericAppFrame] Reposition 0.02 31853
[LOG 19:15:29.384] [GenericAppFrame] Reposition 0.02 31853
[LOG 19:15:29.499] [PlanetariumCamera]: Focus: Diag3-Rocket
[LOG 19:15:29.544] [UIApp] Adding ResourceDisplay to Application Launcher
[LOG 19:15:29.546] [UIApp] Adding ResourceDisplay to Application Launcher
[LOG 19:15:29.560] [ResourceDisplay] OnAppStarted(): id: -423238
[LOG 19:15:29.560] [GenericAppFrame] Reposition 0.1527867 31857
[LOG 19:15:29.561] [ResourceDisplay] OnAppStarted(): id: 264296
[LOG 19:15:29.561] ResourceDisplay already exist, destroying this instance
[LOG 19:15:29.561] [UIApp] OnDestroy: ResourceDisplay
[LOG 19:15:29.578] [UIApp] Adding AlarmClock to Application Launcher
[LOG 19:15:29.579] [UIApp] Adding ActionGroupsApp to Application Launcher
[LOG 19:15:29.580] [ApplicationLauncher] SetHidden: 
[LOG 19:15:29.581] [UIApp] Adding Missions App to Application Launcher
[LOG 19:15:29.582] [UIApp] Adding Contracts to Application Launcher
[LOG 19:15:29.583] CURRENCY WIDGET True True True
[LOG 19:15:29.583] [UIApp] Adding CurrencyWidgetsApp to Application Launcher
[LOG 19:15:29.608] [GenericAppFrame] Reposition 0.189033 31859
[LOG 19:15:29.614] [ActionGroupsApp] OnAppStarted(): id: -423262
[LOG 19:15:29.615] [GenericAppFrame] Reposition 0.189033 31859
[LOG 19:15:29.616] [UIApp] Adding DeltaVApp to Application Launcher
[LOG 19:15:29.618] [MissionsApp] OnAppStarted(): id: -423250
[LOG 19:15:29.618] MissionsApp does not execute in this game mode, destroying this instance
[LOG 19:15:29.618] [UIApp] OnDestroy: Missions App
[LOG 19:15:29.619] [GenericAppFrame] Reposition 0.189033 31859
[LOG 19:15:29.633] [GenericAppFrame] Reposition 0.2275022 31860
[LOG 19:15:29.645] [UIApp] Adding Cargo to Application Launcher
[LOG 19:15:29.647] [UIApp] Adding Construction to Application Launcher
[LOG 19:15:29.649] [UIApp] Adding KSPedia to Application Launcher
[WRN 19:15:29.658] HighlightingSystem : Framebuffer depth data is not available and can't be used to occlude highlighting. Highlighting occluders enabled.
[LOG 19:15:29.672] [ApplicationLauncher] SetHidden: 
[LOG 19:15:29.723] Flight State Captured
[LOG 19:15:29.723] Saving Achievements Tree...
[LOG 19:15:29.724] [MessageSystem] Save Messages
[LOG 19:15:29.737] Game State Saved as persistent
[LOG 19:15:30.396] [Diag3-Rocket]: ground contact! - error. Moving Vessel  down -0.219m
[LOG 19:15:30.396] Unpacking Diag3-Rocket
[LOG 19:15:30.410] [UIMasterController]: ShowUI
[LOG 19:15:40.468] [KSPDiagColliders] under 'Diag3-Rocket' PRELAUNCH lat=-0.097178 lon=-74.557696: [collider (LP_lev2) 2797.558 mm, active=True] [Kerbin Zn1232223323 (PQStorage) -120.187 mm, active=True]
[LOG 19:15:40.483] [MessageSystem] Load Messages
[LOG 19:15:40.486] [UIMasterController]: HideUI
[LOG 19:15:40.535] [HighLogic]: =========================== Scene Change : From FLIGHT to FLIGHT =====================
[LOG 19:15:40.696] [UIApp] OnDestroy: ManeuverTool
[LOG 19:15:40.696] KbApp.OnDestroy Vessel Crew
[LOG 19:15:40.700] KbApp.OnDestroy NullName
[LOG 19:15:40.700] [UIApp] OnDestroy: Construction
[LOG 19:15:40.704] [PlanetariumCamera]: Focus: Kerbin
[LOG 19:15:40.704] [UIApp] OnDestroy: ResourceDisplay
[LOG 19:15:40.705] KbApp.OnDestroy Planet Info
[LOG 19:15:40.705] [UIApp] OnDestroy: Cargo
[LOG 19:15:40.706] KbApp.OnDestroy Planet Parameters
[LOG 19:15:40.706] [UIApp] OnDestroy: AlarmClock
[LOG 19:15:40.706] [UIApp] OnDestroy: KSPedia
[LOG 19:15:40.707] [UIApp] OnDestroy: Contracts
[LOG 19:15:40.707] [UIApp] OnDestroy: CurrencyWidgetsApp
[LOG 19:15:40.707] KbApp.OnDestroy Planet Resources
[LOG 19:15:40.707] [UIApp] OnDestroy: ActionGroupsApp
[LOG 19:15:40.708] [UIApp] OnDestroy: DeltaVApp
[LOG 19:15:40.708] KbApp.OnDestroy Vessel Info
[LOG 19:15:40.713] KbApp.OnDestroy Unowned Info
[LOG 19:15:40.716] [KSPCF:MemoryLeaks] Removed a OnMapExited callback owned by a destroyed Assembly-CSharp:NavBallToggle instance
[LOG 19:15:40.716] [KSPCF:MemoryLeaks] Removed a OnGameSettingsApplied callback owned by a destroyed Assembly-CSharp:VesselAutopilotUI instance
[LOG 19:15:40.716] [KSPCF:MemoryLeaks] Removed a onPartActionUICreate callback owned by a destroyed Assembly-CSharp:ModuleInventoryPart instance
[LOG 19:15:40.717] [KSPCF:MemoryLeaks] Removed a onModuleInventoryChanged callback owned by a destroyed Assembly-CSharp:ModuleInventoryPart instance
[LOG 19:15:40.717] [KSPCF:MemoryLeaks] Removed a OnEVAConstructionMode callback owned by a destroyed Assembly-CSharp:ModuleCargoPart instance
[LOG 19:15:40.717] [KSPCF:MemoryLeaks] Removed a OnEVAConstructionMode callback owned by a destroyed Assembly-CSharp:ModuleCargoPart instance
[LOG 19:15:40.717] [KSPCF:MemoryLeaks] Removed a OnEVAConstructionMode callback owned by a destroyed Assembly-CSharp:ModuleCargoPart instance
[LOG 19:15:40.717] [KSPCF:MemoryLeaks] Removed a OnEVAConstructionMode callback owned by a destroyed Assembly-CSharp:ModuleCargoPart instance
[LOG 19:15:40.717] [KSPCF:MemoryLeaks] Removed a OnEVAConstructionMode callback owned by a destroyed Assembly-CSharp:ModuleCargoPart instance
[LOG 19:15:40.717] [KSPCF:MemoryLeaks] Removed a OnEVAConstructionMode callback owned by a destroyed Assembly-CSharp:ModuleCargoPart instance
[LOG 19:15:40.717] [KSPCF:MemoryLeaks] Removed a OnEVAConstructionMode callback owned by a destroyed Assembly-CSharp:ModuleCargoPart instance
[LOG 19:15:40.717] [KSPCF:MemoryLeaks] Removed a OnEVAConstructionMode callback owned by a destroyed Assembly-CSharp:ModuleCargoPart instance
[LOG 19:15:40.717] [KSPCF:MemoryLeaks] Removed a OnEVAConstructionMode callback owned by a destroyed Assembly-CSharp:ModuleCargoPart instance
[LOG 19:15:40.717] [KSPCF:MemoryLeaks] Removed a OnEVAConstructionMode callback owned by a destroyed Assembly-CSharp:ModuleCargoPart instance
[LOG 19:15:40.717] [KSPCF:MemoryLeaks] Removed a OnEVAConstructionMode callback owned by a destroyed Assembly-CSharp:ModuleCargoPart instance
[LOG 19:15:40.717] [KSPCF:MemoryLeaks] Removed a OnEVAConstructionMode callback owned by a destroyed Assembly-CSharp:ModuleCargoPart instance
[LOG 19:15:40.718] [KSPCF:MemoryLeaks] Removed a OnEVAConstructionMode callback owned by a destroyed Assembly-CSharp:ModuleCargoPart instance
[LOG 19:15:40.718] [KSPCF:MemoryLeaks] Removed a OnEVAConstructionMode callback owned by a destroyed Assembly-CSharp:ModuleCargoPart instance
[LOG 19:15:40.718] [KSPCF:MemoryLeaks] Removed a OnEVAConstructionMode callback owned by a destroyed Assembly-CSharp:ModuleCargoPart instance
[LOG 19:15:40.718] [KSPCF:MemoryLeaks] Removed a OnEVAConstructionMode callback owned by a destroyed Assembly-CSharp:ModuleCargoPart instance
[LOG 19:15:40.718] [KSPCF:MemoryLeaks] Removed a OnEVAConstructionMode callback owned by a destroyed Assembly-CSharp:ModuleCargoPart instance
[LOG 19:15:40.718] [KSPCF:MemoryLeaks] Removed a OnEVAConstructionMode callback owned by a destroyed Assembly-CSharp:ModuleCargoPart instance
[LOG 19:15:40.718] [KSPCF:MemoryLeaks] Removed a OnClick callback owned by a destroyed Assembly-CSharp:EVAConstructionModeEditor instance
[LOG 19:15:40.718] [KSPCF:MemoryLeaks] Removed a TimingManager.Instance.timing5.onLateUpdate callback owned by a destroyed Assembly-CSharp:MapView instance
[LOG 19:15:40.719] [KSPCF:MemoryLeaks] Leaving scene "Flight", cleaned 72 memory leaks in 0.004s. GameEvents callbacks : 443. Allocated memory : 1.075 GiB (managed heap), 2.187 GiB (unmanaged)
[LOG 19:15:40.728] UICanvasPrefabSpawner FlightUI spawning Flight
[LOG 19:15:40.753] UICanvasPrefabSpawner FlightUI spawning VesselLabels
[LOG 19:15:40.753] [UiApp] Awake: ResourceDisplay
[LOG 19:15:40.854] [AddonLoader]: Instantiating addon 'AeroGUI' from assembly 'KSP'
[LOG 19:15:40.866] [AddonLoader]: Instantiating addon 'KSPDiagColliders' from assembly 'KSPDiagColliders'
[LOG 19:15:40.866] [KSPDiagColliders] shader Hidden/Internal-Colored, depth test settable: True; display: colliders, hidden by what stands in front
[LOG 19:15:40.866] [PlanetariumCamera]: Focus: Kerbin
[LOG 19:15:40.867] [UIMasterController]: HideUI
[LOG 19:15:41.229] [UIMasterController]: HideUI
[LOG 19:15:41.229] ------------------- initializing flight mode... ------------------
[LOG 19:15:41.230] GetSubclassesOfParentClass: Using cached results for AlarmTypeBase
[LOG 19:15:41.230] Loading Depletion Nodes
[LOG 19:15:41.231] DepNodeCount:  0
[LOG 19:15:41.231] Loading Biome Nodes
[LOG 19:15:41.231] BiomeNodeCount:  0
[LOG 19:15:41.231] Loading Planet Nodes
[LOG 19:15:41.231] PlanetNodeCount:  0
[LOG 19:15:41.233] [ScenarioDestructibles]: Loading... 0 objects registered
[LOG 19:15:41.234] [ScenarioUpgradeableFacilities]: Loading... 0 objects registered
[LOG 19:15:41.257] Target vessel index: 0  vessel count: 1
[LOG 19:15:41.258] [FLIGHT GLOBALS]: Switching To Vessel Diag3-Rocket ---------------------- 
[LOG 19:15:41.258] setting new dominant body: Kerbin
FlightGlobals.mainBody: Kerbin
[LOG 19:15:41.258] Reference Frame: Rotating
[WRN 19:15:41.266] [Part]: Cannot have ModuleCargoPart and ModuleInventoryPart on same Part [Diag3-Rocket (unloaded)'. Removed ModuleCargoPart
[LOG 19:15:41.282] [Diag3-Rocket]: landed - waiting for ground contact to resume physics...
[LOG 19:15:41.283] Camera Mode: AUTO
[LOG 19:15:43.940] all systems started
[LOG 19:15:44.010] [KSPDiagColliders] body Kerbin, colliders drawn within 300 m of the active vessel
[LOG 19:15:44.027] [KSPDiagColliders] collider localSpace/Kerbin/Kerbin/KSC/SpaceCenter/LaunchPad/Facility/LP_lev2/bunker (MeshCollider, on, layer 15), centre 44 m from the active vessel
[LOG 19:15:44.028] [KSPDiagColliders] collider localSpace/Kerbin/Kerbin/KSC/SpaceCenter/LaunchPad/Facility/LP_lev2/LP_lev2/collider (MeshCollider, on, layer 15), centre 7 m from the active vessel
[LOG 19:15:44.029] [KSPDiagColliders] collider localSpace/Kerbin/Kerbin/KSC/SpaceCenter/LaunchPad/Facility/Flag/flagPole_lev1/model01/Pole (CapsuleCollider, on, layer 15), centre 74 m from the active vessel
[LOG 19:15:44.030] [KSPDiagColliders] collider localSpace/Kerbin/Kerbin/KSC/SpaceCenter/LaunchPad/Facility/Flag/flagPole_lev1/model01/WaterBase (MeshCollider, on, layer 15), centre 74 m from the active vessel
[LOG 19:15:44.048] [KSPDiagColliders] collider localSpace/Kerbin/Kerbin/KSC/SpaceCenter/Runway/Facility/runway_lev1_v2 (MeshCollider, on, layer 15), centre 730 m from the active vessel
[LOG 19:15:44.048] [KSPDiagColliders] collider localSpace/Kerbin/Kerbin/KSC/SpaceCenter/Crawlerway/Facility/crawler_level2 (MeshCollider, on, layer 15), centre 326 m from the active vessel
[LOG 19:15:44.048] [KSPDiagColliders] drawn within 300 m: 2 ground quad(s), 6 collider(s) of statics on, 0 switched off
[LOG 19:15:44.093] [UiApp] Awake: CurrencyWidgetsApp
[LOG 19:15:44.093] [UiApp] Awake: Contracts
[LOG 19:15:44.093] [UiApp] Awake: ResourceDisplay
[LOG 19:15:44.093] [UiApp] Awake: KSPedia
[LOG 19:15:44.093] [UiApp] Awake: Missions App
[LOG 19:15:44.093] [UiApp] Awake: DeltaVApp
[LOG 19:15:44.093] [UiApp] Awake: ActionGroupsApp
[LOG 19:15:44.093] [UiApp] Awake: Construction
[LOG 19:15:44.093] [UiApp] Awake: Cargo
[LOG 19:15:44.093] [UiApp] Awake: AlarmClock
[LOG 19:15:44.093] [UiApp] Awake: ManeuverTool
[LOG 19:15:44.093] [ApplicationLauncher] OnSceneLoadedGUIReady: scene FLIGHT ShouldBeVisible() True ShouldBeOnTop() True iIsPositionedAtTop True
[LOG 19:15:44.095] [KnowledgeBase] OnAppLauncherReady 33282
[LOG 19:15:44.137] [FlightIntegrator]: Reloaded drag cube for zeroed cube root part mk1pod.v2 (Diag3-Rocket) on vessel Diag3-Rocket
[LOG 19:15:44.138] [MessageSystem] Reposition 0.02 33283
[LOG 19:15:44.138] [GenericAppFrame] Reposition 0.02 33283
[LOG 19:15:44.138] [GenericAppFrame] Reposition 0.02 33283
[LOG 19:15:44.221] [PlanetariumCamera]: Focus: Diag3-Rocket
[LOG 19:15:44.237] [UIApp] Adding ResourceDisplay to Application Launcher
[LOG 19:15:44.239] [UIApp] Adding ResourceDisplay to Application Launcher
[LOG 19:15:44.248] [ResourceDisplay] OnAppStarted(): id: -453498
[LOG 19:15:44.248] [GenericAppFrame] Reposition 0.106576 33287
[LOG 19:15:44.249] [ResourceDisplay] OnAppStarted(): id: 264428
[LOG 19:15:44.249] ResourceDisplay already exist, destroying this instance
[LOG 19:15:44.249] [UIApp] OnDestroy: ResourceDisplay
[LOG 19:15:44.262] [UIApp] Adding AlarmClock to Application Launcher
[LOG 19:15:44.264] [UIApp] Adding ActionGroupsApp to Application Launcher
[LOG 19:15:44.265] [ApplicationLauncher] SetHidden: 
[LOG 19:15:44.265] [UIApp] Adding Missions App to Application Launcher
[LOG 19:15:44.266] [UIApp] Adding Contracts to Application Launcher
[LOG 19:15:44.267] CURRENCY WIDGET True True True
[LOG 19:15:44.267] [UIApp] Adding CurrencyWidgetsApp to Application Launcher
[LOG 19:15:44.291] [GenericAppFrame] Reposition 0.1345079 33289
[LOG 19:15:44.296] [ActionGroupsApp] OnAppStarted(): id: -453522
[LOG 19:15:44.297] [GenericAppFrame] Reposition 0.1345079 33289
[LOG 19:15:44.298] [UIApp] Adding DeltaVApp to Application Launcher
[LOG 19:15:44.299] [MissionsApp] OnAppStarted(): id: -453510
[LOG 19:15:44.299] MissionsApp does not execute in this game mode, destroying this instance
[LOG 19:15:44.299] [UIApp] OnDestroy: Missions App
[LOG 19:15:44.300] [GenericAppFrame] Reposition 0.1345079 33289
[LOG 19:15:44.314] [GenericAppFrame] Reposition 0.1711233 33290
[LOG 19:15:44.327] [UIApp] Adding Cargo to Application Launcher
[LOG 19:15:44.329] [UIApp] Adding Construction to Application Launcher
[LOG 19:15:44.330] [UIApp] Adding KSPedia to Application Launcher
[LOG 19:15:44.340] [ApplicationLauncher] SetHidden: 
[LOG 19:15:44.380] Flight State Captured
[LOG 19:15:44.380] Saving Achievements Tree...
[LOG 19:15:44.381] [MessageSystem] Save Messages
[LOG 19:15:44.393] Game State Saved as persistent
[LOG 19:15:45.138] [Diag3-Rocket]: ground contact! - error. Moving Vessel  down -0.246m
[LOG 19:15:45.138] Unpacking Diag3-Rocket
[LOG 19:15:45.145] [UIMasterController]: ShowUI
[LOG 19:15:55.198] [KSPDiagColliders] under 'Diag3-Rocket' PRELAUNCH lat=-0.097178 lon=-74.557696: [collider (LP_lev2) 2771.360 mm, active=True] [Kerbin Zn1232223323 (PQStorage) -181.658 mm, active=True]
[LOG 19:15:55.210] [MessageSystem] Load Messages
[LOG 19:15:55.213] [UIMasterController]: HideUI
[LOG 19:15:55.262] [HighLogic]: =========================== Scene Change : From FLIGHT to FLIGHT =====================
[LOG 19:15:55.415] [UIApp] OnDestroy: KSPedia
[LOG 19:15:55.416] [UIApp] OnDestroy: ActionGroupsApp
[LOG 19:15:55.416] KbApp.OnDestroy Vessel Info
[LOG 19:15:55.417] [PlanetariumCamera]: Focus: Kerbin
[LOG 19:15:55.417] [UIApp] OnDestroy: Construction
[LOG 19:15:55.418] KbApp.OnDestroy Planet Parameters
[LOG 19:15:55.418] KbApp.OnDestroy Planet Info
[LOG 19:15:55.418] [UIApp] OnDestroy: CurrencyWidgetsApp
[LOG 19:15:55.418] KbApp.OnDestroy Planet Resources
[LOG 19:15:55.418] [UIApp] OnDestroy: ManeuverTool
[LOG 19:15:55.418] KbApp.OnDestroy Vessel Crew
[LOG 19:15:55.418] [UIApp] OnDestroy: ResourceDisplay
[LOG 19:15:55.418] [UIApp] OnDestroy: DeltaVApp
[LOG 19:15:55.418] [UIApp] OnDestroy: Cargo
[LOG 19:15:55.419] KbApp.OnDestroy Unowned Info
[LOG 19:15:55.419] [UIApp] OnDestroy: Contracts
[LOG 19:15:55.419] KbApp.OnDestroy NullName
[LOG 19:15:55.419] [UIApp] OnDestroy: AlarmClock
[LOG 19:15:55.421] [KSPCF:MemoryLeaks] Removed a OnMapExited callback owned by a destroyed Assembly-CSharp:NavBallToggle instance
[LOG 19:15:55.421] [KSPCF:MemoryLeaks] Removed a OnGameSettingsApplied callback owned by a destroyed Assembly-CSharp:VesselAutopilotUI instance
[LOG 19:15:55.421] [KSPCF:MemoryLeaks] Removed a onPartActionUICreate callback owned by a destroyed Assembly-CSharp:ModuleInventoryPart instance
[LOG 19:15:55.421] [KSPCF:MemoryLeaks] Removed a onModuleInventoryChanged callback owned by a destroyed Assembly-CSharp:ModuleInventoryPart instance
[LOG 19:15:55.422] [KSPCF:MemoryLeaks] Removed a OnClick callback owned by a destroyed Assembly-CSharp:EVAConstructionModeEditor instance
[LOG 19:15:55.422] [KSPCF:MemoryLeaks] Removed a TimingManager.Instance.timing5.onLateUpdate callback owned by a destroyed Assembly-CSharp:MapView instance
[LOG 19:15:55.422] [KSPCF:MemoryLeaks] Leaving scene "Flight", cleaned 54 memory leaks in 0.002s. GameEvents callbacks : 443. Allocated memory : 1.106 GiB (managed heap), 2.189 GiB (unmanaged)
[LOG 19:15:55.431] UICanvasPrefabSpawner FlightUI spawning Flight
[LOG 19:15:55.454] UICanvasPrefabSpawner FlightUI spawning VesselLabels
[LOG 19:15:55.455] [UiApp] Awake: ResourceDisplay
[LOG 19:15:55.560] [AddonLoader]: Instantiating addon 'AeroGUI' from assembly 'KSP'
[LOG 19:15:55.572] [AddonLoader]: Instantiating addon 'KSPDiagColliders' from assembly 'KSPDiagColliders'
[LOG 19:15:55.572] [KSPDiagColliders] shader Hidden/Internal-Colored, depth test settable: True; display: colliders, hidden by what stands in front
[LOG 19:15:55.572] [PlanetariumCamera]: Focus: Kerbin
[LOG 19:15:55.573] [UIMasterController]: HideUI
[LOG 19:15:55.935] [UIMasterController]: HideUI
[LOG 19:15:55.935] ------------------- initializing flight mode... ------------------
[LOG 19:15:55.936] GetSubclassesOfParentClass: Using cached results for AlarmTypeBase
[LOG 19:15:55.936] Loading Depletion Nodes
[LOG 19:15:55.936] DepNodeCount:  0
[LOG 19:15:55.936] Loading Biome Nodes
[LOG 19:15:55.936] BiomeNodeCount:  0
[LOG 19:15:55.937] Loading Planet Nodes
[LOG 19:15:55.937] PlanetNodeCount:  0
[LOG 19:15:55.938] [ScenarioDestructibles]: Loading... 0 objects registered
[LOG 19:15:55.939] [ScenarioUpgradeableFacilities]: Loading... 0 objects registered
[LOG 19:15:55.960] Target vessel index: 0  vessel count: 1
[LOG 19:15:55.961] [FLIGHT GLOBALS]: Switching To Vessel Diag3-Rocket ---------------------- 
[LOG 19:15:55.961] setting new dominant body: Kerbin
FlightGlobals.mainBody: Kerbin
[LOG 19:15:55.961] Reference Frame: Rotating
[WRN 19:15:55.969] [Part]: Cannot have ModuleCargoPart and ModuleInventoryPart on same Part [Diag3-Rocket (unloaded)'. Removed ModuleCargoPart
[LOG 19:15:55.981] [Diag3-Rocket]: landed - waiting for ground contact to resume physics...
[LOG 19:15:55.981] Camera Mode: AUTO
[LOG 19:15:58.629] all systems started
[LOG 19:15:58.700] [KSPDiagColliders] body Kerbin, colliders drawn within 300 m of the active vessel
[LOG 19:15:58.716] [KSPDiagColliders] collider localSpace/Kerbin/Kerbin/KSC/SpaceCenter/LaunchPad/Facility/LP_lev2/bunker (MeshCollider, on, layer 15), centre 44 m from the active vessel
[LOG 19:15:58.717] [KSPDiagColliders] collider localSpace/Kerbin/Kerbin/KSC/SpaceCenter/LaunchPad/Facility/LP_lev2/LP_lev2/collider (MeshCollider, on, layer 15), centre 8 m from the active vessel
[LOG 19:15:58.718] [KSPDiagColliders] collider localSpace/Kerbin/Kerbin/KSC/SpaceCenter/LaunchPad/Facility/Flag/flagPole_lev1/model01/Pole (CapsuleCollider, on, layer 15), centre 74 m from the active vessel
[LOG 19:15:58.720] [KSPDiagColliders] collider localSpace/Kerbin/Kerbin/KSC/SpaceCenter/LaunchPad/Facility/Flag/flagPole_lev1/model01/WaterBase (MeshCollider, on, layer 15), centre 74 m from the active vessel
[LOG 19:15:58.739] [KSPDiagColliders] collider localSpace/Kerbin/Kerbin/KSC/SpaceCenter/Runway/Facility/runway_lev1_v2 (MeshCollider, on, layer 15), centre 730 m from the active vessel
[LOG 19:15:58.739] [KSPDiagColliders] collider localSpace/Kerbin/Kerbin/KSC/SpaceCenter/Crawlerway/Facility/crawler_level2 (MeshCollider, on, layer 15), centre 326 m from the active vessel
[LOG 19:15:58.739] [KSPDiagColliders] drawn within 300 m: 2 ground quad(s), 6 collider(s) of statics on, 0 switched off
[LOG 19:15:58.787] [UiApp] Awake: CurrencyWidgetsApp
[LOG 19:15:58.787] [UiApp] Awake: Contracts
[LOG 19:15:58.787] [UiApp] Awake: ResourceDisplay
[LOG 19:15:58.787] [UiApp] Awake: KSPedia
[LOG 19:15:58.787] [UiApp] Awake: Missions App
[LOG 19:15:58.787] [UiApp] Awake: DeltaVApp
[LOG 19:15:58.787] [UiApp] Awake: ActionGroupsApp
[LOG 19:15:58.788] [UiApp] Awake: Construction
[LOG 19:15:58.788] [UiApp] Awake: Cargo
[LOG 19:15:58.788] [UiApp] Awake: AlarmClock
[LOG 19:15:58.788] [UiApp] Awake: ManeuverTool
[LOG 19:15:58.788] [ApplicationLauncher] OnSceneLoadedGUIReady: scene FLIGHT ShouldBeVisible() True ShouldBeOnTop() True iIsPositionedAtTop True
[LOG 19:15:58.790] [KnowledgeBase] OnAppLauncherReady 34760
[LOG 19:15:58.822] [FlightIntegrator]: Reloaded drag cube for zeroed cube root part mk1pod.v2 (Diag3-Rocket) on vessel Diag3-Rocket
[LOG 19:15:58.823] [MessageSystem] Reposition 0.02 34761
[LOG 19:15:58.824] [GenericAppFrame] Reposition 0.02 34761
[LOG 19:15:58.824] [GenericAppFrame] Reposition 0.02 34761
[LOG 19:15:58.905] [PlanetariumCamera]: Focus: Diag3-Rocket
[LOG 19:15:58.923] [UIApp] Adding ResourceDisplay to Application Launcher
[LOG 19:15:58.924] [UIApp] Adding ResourceDisplay to Application Launcher
[LOG 19:15:58.934] [ResourceDisplay] OnAppStarted(): id: -483582
[LOG 19:15:58.935] [GenericAppFrame] Reposition 0.1079161 34765
[LOG 19:15:58.936] [ResourceDisplay] OnAppStarted(): id: 264560
[LOG 19:15:58.936] ResourceDisplay already exist, destroying this instance
[LOG 19:15:58.936] [UIApp] OnDestroy: ResourceDisplay
[LOG 19:15:58.949] [UIApp] Adding AlarmClock to Application Launcher
[LOG 19:15:58.950] [UIApp] Adding ActionGroupsApp to Application Launcher
[LOG 19:15:58.951] [ApplicationLauncher] SetHidden: 
[LOG 19:15:58.952] [UIApp] Adding Missions App to Application Launcher
[LOG 19:15:58.953] [UIApp] Adding Contracts to Application Launcher
[LOG 19:15:58.954] CURRENCY WIDGET True True True
[LOG 19:15:58.954] [UIApp] Adding CurrencyWidgetsApp to Application Launcher
[LOG 19:15:58.980] [GenericAppFrame] Reposition 0.1373962 34767
[LOG 19:15:58.986] [ActionGroupsApp] OnAppStarted(): id: -483606
[LOG 19:15:58.986] [GenericAppFrame] Reposition 0.1373962 34767
[LOG 19:15:58.987] [UIApp] Adding DeltaVApp to Application Launcher
[LOG 19:15:58.988] [MissionsApp] OnAppStarted(): id: -483594
[LOG 19:15:58.988] MissionsApp does not execute in this game mode, destroying this instance
[LOG 19:15:58.988] [UIApp] OnDestroy: Missions App
[LOG 19:15:58.989] [GenericAppFrame] Reposition 0.1373962 34767
[LOG 19:15:59.002] [GenericAppFrame] Reposition 0.1742807 34768
[LOG 19:15:59.013] [UIApp] Adding Cargo to Application Launcher
[LOG 19:15:59.015] [UIApp] Adding Construction to Application Launcher
[LOG 19:15:59.016] [UIApp] Adding KSPedia to Application Launcher
[LOG 19:15:59.029] [ApplicationLauncher] SetHidden: 
[LOG 19:15:59.070] Flight State Captured
[LOG 19:15:59.070] Saving Achievements Tree...
[LOG 19:15:59.070] [MessageSystem] Save Messages
[LOG 19:15:59.081] Game State Saved as persistent
[LOG 19:15:59.818] [Diag3-Rocket]: ground contact! - error. Moving Vessel  down -0.301m
[LOG 19:15:59.819] Unpacking Diag3-Rocket
[LOG 19:15:59.824] [UIMasterController]: ShowUI
[LOG 19:16:09.868] [KSPDiagColliders] under 'Diag3-Rocket' PRELAUNCH lat=-0.097178 lon=-74.557696: [collider (LP_lev2) 2715.811 mm, active=True] [Kerbin Zn1232223323 (PQStorage) -151.748 mm, active=True]
[LOG 19:16:09.877] Flight State Captured
[LOG 19:16:09.877] Saving Achievements Tree...
[LOG 19:16:09.878] [MessageSystem] Save Messages
[LOG 19:16:09.882] Game State Saved to saves/claude-carriere/scene-changes-quicksave
[LOG 19:16:09.901] [SceneLoadSpeedBoost] Save loaded from disk in 9ms
[LOG 19:16:09.904] [UIMasterController]: HideUI
[LOG 19:16:09.954] [HighLogic]: =========================== Scene Change : From FLIGHT to FLIGHT =====================
[LOG 19:16:10.107] KbApp.OnDestroy Vessel Crew
[LOG 19:16:10.107] KbApp.OnDestroy Unowned Info
[LOG 19:16:10.107] [UIApp] OnDestroy: Cargo
[LOG 19:16:10.107] [UIApp] OnDestroy: ResourceDisplay
[LOG 19:16:10.108] KbApp.OnDestroy Planet Parameters
[LOG 19:16:10.108] [UIApp] OnDestroy: Construction
[LOG 19:16:10.108] [UIApp] OnDestroy: KSPedia
[LOG 19:16:10.108] KbApp.OnDestroy Vessel Info
[LOG 19:16:10.108] KbApp.OnDestroy Planet Resources
[LOG 19:16:10.108] [UIApp] OnDestroy: AlarmClock
[LOG 19:16:10.108] [UIApp] OnDestroy: ActionGroupsApp
[LOG 19:16:10.108] [UIApp] OnDestroy: ManeuverTool
[LOG 19:16:10.109] [PlanetariumCamera]: Focus: Kerbin
[LOG 19:16:10.109] KbApp.OnDestroy Planet Info
[LOG 19:16:10.109] [UIApp] OnDestroy: CurrencyWidgetsApp
[LOG 19:16:10.111] [UIApp] OnDestroy: Contracts
[LOG 19:16:10.111] KbApp.OnDestroy NullName
[LOG 19:16:10.111] [UIApp] OnDestroy: DeltaVApp
[LOG 19:16:10.113] [KSPCF:MemoryLeaks] Removed a OnMapExited callback owned by a destroyed Assembly-CSharp:NavBallToggle instance
[LOG 19:16:10.113] [KSPCF:MemoryLeaks] Removed a OnGameSettingsApplied callback owned by a destroyed Assembly-CSharp:VesselAutopilotUI instance
[LOG 19:16:10.114] [KSPCF:MemoryLeaks] Removed a onPartActionUICreate callback owned by a destroyed Assembly-CSharp:ModuleInventoryPart instance
[LOG 19:16:10.114] [KSPCF:MemoryLeaks] Removed a onModuleInventoryChanged callback owned by a destroyed Assembly-CSharp:ModuleInventoryPart instance
[LOG 19:16:10.114] [KSPCF:MemoryLeaks] Removed a OnClick callback owned by a destroyed Assembly-CSharp:EVAConstructionModeEditor instance
[LOG 19:16:10.115] [KSPCF:MemoryLeaks] Removed a TimingManager.Instance.timing5.onLateUpdate callback owned by a destroyed Assembly-CSharp:MapView instance
[LOG 19:16:10.115] [KSPCF:MemoryLeaks] Leaving scene "Flight", cleaned 54 memory leaks in 0.002s. GameEvents callbacks : 443. Allocated memory : 1.111 GiB (managed heap), 2.19 GiB (unmanaged)
[LOG 19:16:10.124] UICanvasPrefabSpawner FlightUI spawning Flight
[LOG 19:16:10.148] UICanvasPrefabSpawner FlightUI spawning VesselLabels
[LOG 19:16:10.148] [UiApp] Awake: ResourceDisplay
[LOG 19:16:10.260] [AddonLoader]: Instantiating addon 'AeroGUI' from assembly 'KSP'
[LOG 19:16:10.272] [AddonLoader]: Instantiating addon 'KSPDiagColliders' from assembly 'KSPDiagColliders'
[LOG 19:16:10.272] [KSPDiagColliders] shader Hidden/Internal-Colored, depth test settable: True; display: colliders, hidden by what stands in front
[LOG 19:16:10.273] [PlanetariumCamera]: Focus: Kerbin
[LOG 19:16:10.273] [UIMasterController]: HideUI
[LOG 19:16:10.639] [UIMasterController]: HideUI
[LOG 19:16:10.639] ------------------- initializing flight mode... ------------------
[LOG 19:16:10.640] GetSubclassesOfParentClass: Using cached results for AlarmTypeBase
[LOG 19:16:10.640] Loading Depletion Nodes
[LOG 19:16:10.640] DepNodeCount:  0
[LOG 19:16:10.641] Loading Biome Nodes
[LOG 19:16:10.641] BiomeNodeCount:  0
[LOG 19:16:10.641] Loading Planet Nodes
[LOG 19:16:10.641] PlanetNodeCount:  0
[LOG 19:16:10.642] [ScenarioDestructibles]: Loading... 0 objects registered
[LOG 19:16:10.643] [ScenarioUpgradeableFacilities]: Loading... 0 objects registered
[LOG 19:16:10.664] Target vessel index: 0  vessel count: 1
[LOG 19:16:10.664] [FLIGHT GLOBALS]: Switching To Vessel Diag3-Rocket ---------------------- 
[LOG 19:16:10.664] setting new dominant body: Kerbin
FlightGlobals.mainBody: Kerbin
[LOG 19:16:10.664] Reference Frame: Rotating
[WRN 19:16:10.673] [Part]: Cannot have ModuleCargoPart and ModuleInventoryPart on same Part [Diag3-Rocket (unloaded)'. Removed ModuleCargoPart
[LOG 19:16:10.686] [Diag3-Rocket]: landed - waiting for ground contact to resume physics...
[LOG 19:16:10.687] Camera Mode: AUTO
[LOG 19:16:13.383] all systems started
[LOG 19:16:13.457] [KSPDiagColliders] body Kerbin, colliders drawn within 300 m of the active vessel
[LOG 19:16:13.474] [KSPDiagColliders] collider localSpace/Kerbin/Kerbin/KSC/SpaceCenter/LaunchPad/Facility/LP_lev2/bunker (MeshCollider, on, layer 15), centre 44 m from the active vessel
[LOG 19:16:13.475] [KSPDiagColliders] collider localSpace/Kerbin/Kerbin/KSC/SpaceCenter/LaunchPad/Facility/LP_lev2/LP_lev2/collider (MeshCollider, on, layer 15), centre 7 m from the active vessel
[LOG 19:16:13.475] [KSPDiagColliders] collider localSpace/Kerbin/Kerbin/KSC/SpaceCenter/LaunchPad/Facility/Flag/flagPole_lev1/model01/Pole (CapsuleCollider, on, layer 15), centre 74 m from the active vessel
[LOG 19:16:13.477] [KSPDiagColliders] collider localSpace/Kerbin/Kerbin/KSC/SpaceCenter/LaunchPad/Facility/Flag/flagPole_lev1/model01/WaterBase (MeshCollider, on, layer 15), centre 74 m from the active vessel
[LOG 19:16:13.494] [KSPDiagColliders] collider localSpace/Kerbin/Kerbin/KSC/SpaceCenter/Runway/Facility/runway_lev1_v2 (MeshCollider, on, layer 15), centre 730 m from the active vessel
[LOG 19:16:13.494] [KSPDiagColliders] collider localSpace/Kerbin/Kerbin/KSC/SpaceCenter/Crawlerway/Facility/crawler_level2 (MeshCollider, on, layer 15), centre 326 m from the active vessel
[LOG 19:16:13.495] [KSPDiagColliders] drawn within 300 m: 2 ground quad(s), 6 collider(s) of statics on, 0 switched off
[LOG 19:16:13.542] [UiApp] Awake: CurrencyWidgetsApp
[LOG 19:16:13.542] [UiApp] Awake: Contracts
[LOG 19:16:13.542] [UiApp] Awake: ResourceDisplay
[LOG 19:16:13.542] [UiApp] Awake: KSPedia
[LOG 19:16:13.542] [UiApp] Awake: Missions App
[LOG 19:16:13.542] [UiApp] Awake: DeltaVApp
[LOG 19:16:13.542] [UiApp] Awake: ActionGroupsApp
[LOG 19:16:13.542] [UiApp] Awake: Construction
[LOG 19:16:13.542] [UiApp] Awake: Cargo
[LOG 19:16:13.542] [UiApp] Awake: AlarmClock
[LOG 19:16:13.542] [UiApp] Awake: ManeuverTool
[LOG 19:16:13.543] [ApplicationLauncher] OnSceneLoadedGUIReady: scene FLIGHT ShouldBeVisible() True ShouldBeOnTop() True iIsPositionedAtTop True
[LOG 19:16:13.545] [KnowledgeBase] OnAppLauncherReady 36110
[LOG 19:16:13.580] [FlightIntegrator]: Reloaded drag cube for zeroed cube root part mk1pod.v2 (Diag3-Rocket) on vessel Diag3-Rocket
[LOG 19:16:13.581] [MessageSystem] Reposition 0.02 36111
[LOG 19:16:13.581] [GenericAppFrame] Reposition 0.02 36111
[LOG 19:16:13.581] [GenericAppFrame] Reposition 0.02 36111
[LOG 19:16:13.664] [PlanetariumCamera]: Focus: Diag3-Rocket
[LOG 19:16:13.680] [UIApp] Adding ResourceDisplay to Application Launcher
[LOG 19:16:13.681] [UIApp] Adding ResourceDisplay to Application Launcher
[LOG 19:16:13.692] [ResourceDisplay] OnAppStarted(): id: -513530
[LOG 19:16:13.692] [GenericAppFrame] Reposition 0.1064355 36115
[LOG 19:16:13.693] [ResourceDisplay] OnAppStarted(): id: 264692
[LOG 19:16:13.693] ResourceDisplay already exist, destroying this instance
[LOG 19:16:13.693] [UIApp] OnDestroy: ResourceDisplay
[LOG 19:16:13.707] [UIApp] Adding AlarmClock to Application Launcher
[LOG 19:16:13.708] [UIApp] Adding ActionGroupsApp to Application Launcher
[LOG 19:16:13.709] [ApplicationLauncher] SetHidden: 
[LOG 19:16:13.709] [UIApp] Adding Missions App to Application Launcher
[LOG 19:16:13.710] [UIApp] Adding Contracts to Application Launcher
[LOG 19:16:13.711] CURRENCY WIDGET True True True
[LOG 19:16:13.711] [UIApp] Adding CurrencyWidgetsApp to Application Launcher
[LOG 19:16:13.737] [GenericAppFrame] Reposition 0.1356583 36117
[LOG 19:16:13.742] [ActionGroupsApp] OnAppStarted(): id: -513554
[LOG 19:16:13.743] [GenericAppFrame] Reposition 0.1356583 36117
[LOG 19:16:13.743] [UIApp] Adding DeltaVApp to Application Launcher
[LOG 19:16:13.744] [MissionsApp] OnAppStarted(): id: -513542
[LOG 19:16:13.745] MissionsApp does not execute in this game mode, destroying this instance
[LOG 19:16:13.745] [UIApp] OnDestroy: Missions App
[LOG 19:16:13.745] [GenericAppFrame] Reposition 0.1356583 36117
[LOG 19:16:13.758] [GenericAppFrame] Reposition 0.1720541 36118
[LOG 19:16:13.769] [UIApp] Adding Cargo to Application Launcher
[LOG 19:16:13.771] [UIApp] Adding Construction to Application Launcher
[LOG 19:16:13.772] [UIApp] Adding KSPedia to Application Launcher
[LOG 19:16:13.784] [ApplicationLauncher] SetHidden: 
[LOG 19:16:13.824] Flight State Captured
[LOG 19:16:13.825] Saving Achievements Tree...
[LOG 19:16:13.825] [MessageSystem] Save Messages
[LOG 19:16:13.837] Game State Saved as persistent
[LOG 19:16:14.590] Unpacking Diag3-Rocket
[LOG 19:16:14.596] [UIMasterController]: ShowUI
[LOG 19:16:24.640] [KSPDiagColliders] under 'Diag3-Rocket' PRELAUNCH lat=-0.097178 lon=-74.557697: [collider (LP_lev2) 2685.991 mm, active=True] [Kerbin Zn1232223323 (PQStorage) -202.865 mm, active=True]
[LOG 19:16:24.650] [SceneLoadSpeedBoost] Save loaded from disk in 11ms
[LOG 19:16:24.653] [UIMasterController]: HideUI
[LOG 19:16:24.699] [HighLogic]: =========================== Scene Change : From FLIGHT to FLIGHT =====================
[LOG 19:16:24.850] [UIApp] OnDestroy: DeltaVApp
[LOG 19:16:24.851] [UIApp] OnDestroy: AlarmClock
[LOG 19:16:24.851] [UIApp] OnDestroy: Contracts
[LOG 19:16:24.852] KbApp.OnDestroy NullName
[LOG 19:16:24.852] [UIApp] OnDestroy: ActionGroupsApp
[LOG 19:16:24.852] [PlanetariumCamera]: Focus: Kerbin
[LOG 19:16:24.852] KbApp.OnDestroy Vessel Info
[LOG 19:16:24.852] KbApp.OnDestroy Planet Info
[LOG 19:16:24.852] [UIApp] OnDestroy: ManeuverTool
[LOG 19:16:24.853] KbApp.OnDestroy Planet Parameters
[LOG 19:16:24.853] [UIApp] OnDestroy: Construction
[LOG 19:16:24.853] KbApp.OnDestroy Vessel Crew
[LOG 19:16:24.853] [UIApp] OnDestroy: KSPedia
[LOG 19:16:24.853] KbApp.OnDestroy Planet Resources
[LOG 19:16:24.854] KbApp.OnDestroy Unowned Info
[LOG 19:16:24.854] [UIApp] OnDestroy: CurrencyWidgetsApp
[LOG 19:16:24.854] [UIApp] OnDestroy: Cargo
[LOG 19:16:24.854] [UIApp] OnDestroy: ResourceDisplay
[LOG 19:16:24.856] [KSPCF:MemoryLeaks] Removed a OnMapExited callback owned by a destroyed Assembly-CSharp:NavBallToggle instance
[LOG 19:16:24.856] [KSPCF:MemoryLeaks] Removed a OnGameSettingsApplied callback owned by a destroyed Assembly-CSharp:VesselAutopilotUI instance
[LOG 19:16:24.856] [KSPCF:MemoryLeaks] Removed a onPartActionUICreate callback owned by a destroyed Assembly-CSharp:ModuleInventoryPart instance
[LOG 19:16:24.856] [KSPCF:MemoryLeaks] Removed a onModuleInventoryChanged callback owned by a destroyed Assembly-CSharp:ModuleInventoryPart instance
[LOG 19:16:24.857] [KSPCF:MemoryLeaks] Removed a OnClick callback owned by a destroyed Assembly-CSharp:EVAConstructionModeEditor instance
[LOG 19:16:24.857] [KSPCF:MemoryLeaks] Removed a TimingManager.Instance.timing5.onLateUpdate callback owned by a destroyed Assembly-CSharp:MapView instance
[LOG 19:16:24.857] [KSPCF:MemoryLeaks] Leaving scene "Flight", cleaned 54 memory leaks in 0.002s. GameEvents callbacks : 443. Allocated memory : 1.11 GiB (managed heap), 2.193 GiB (unmanaged)
[LOG 19:16:24.866] UICanvasPrefabSpawner FlightUI spawning Flight
[LOG 19:16:24.891] UICanvasPrefabSpawner FlightUI spawning VesselLabels
[LOG 19:16:24.891] [UiApp] Awake: ResourceDisplay
[LOG 19:16:24.993] [AddonLoader]: Instantiating addon 'AeroGUI' from assembly 'KSP'
[LOG 19:16:25.005] [AddonLoader]: Instantiating addon 'KSPDiagColliders' from assembly 'KSPDiagColliders'
[LOG 19:16:25.005] [KSPDiagColliders] shader Hidden/Internal-Colored, depth test settable: True; display: colliders, hidden by what stands in front
[LOG 19:16:25.006] [PlanetariumCamera]: Focus: Kerbin
[LOG 19:16:25.006] [UIMasterController]: HideUI
[LOG 19:16:25.361] [UIMasterController]: HideUI
[LOG 19:16:25.361] ------------------- initializing flight mode... ------------------
[LOG 19:16:25.362] GetSubclassesOfParentClass: Using cached results for AlarmTypeBase
[LOG 19:16:25.362] Loading Depletion Nodes
[LOG 19:16:25.363] DepNodeCount:  0
[LOG 19:16:25.363] Loading Biome Nodes
[LOG 19:16:25.363] BiomeNodeCount:  0
[LOG 19:16:25.363] Loading Planet Nodes
[LOG 19:16:25.363] PlanetNodeCount:  0
[LOG 19:16:25.365] [ScenarioDestructibles]: Loading... 0 objects registered
[LOG 19:16:25.366] [ScenarioUpgradeableFacilities]: Loading... 0 objects registered
[LOG 19:16:25.386] Target vessel index: 0  vessel count: 1
[LOG 19:16:25.387] [FLIGHT GLOBALS]: Switching To Vessel Diag3-Rocket ---------------------- 
[LOG 19:16:25.387] setting new dominant body: Kerbin
FlightGlobals.mainBody: Kerbin
[LOG 19:16:25.387] Reference Frame: Rotating
[WRN 19:16:25.394] [Part]: Cannot have ModuleCargoPart and ModuleInventoryPart on same Part [Diag3-Rocket (unloaded)'. Removed ModuleCargoPart
[LOG 19:16:25.408] [Diag3-Rocket]: landed - waiting for ground contact to resume physics...
[LOG 19:16:25.408] Camera Mode: AUTO
[LOG 19:16:28.028] all systems started
[LOG 19:16:28.097] [KSPDiagColliders] body Kerbin, colliders drawn within 300 m of the active vessel
[LOG 19:16:28.113] [KSPDiagColliders] collider localSpace/Kerbin/Kerbin/KSC/SpaceCenter/LaunchPad/Facility/LP_lev2/bunker (MeshCollider, on, layer 15), centre 44 m from the active vessel
[LOG 19:16:28.114] [KSPDiagColliders] collider localSpace/Kerbin/Kerbin/KSC/SpaceCenter/LaunchPad/Facility/LP_lev2/LP_lev2/collider (MeshCollider, on, layer 15), centre 7 m from the active vessel
[LOG 19:16:28.114] [KSPDiagColliders] collider localSpace/Kerbin/Kerbin/KSC/SpaceCenter/LaunchPad/Facility/Flag/flagPole_lev1/model01/Pole (CapsuleCollider, on, layer 15), centre 74 m from the active vessel
[LOG 19:16:28.116] [KSPDiagColliders] collider localSpace/Kerbin/Kerbin/KSC/SpaceCenter/LaunchPad/Facility/Flag/flagPole_lev1/model01/WaterBase (MeshCollider, on, layer 15), centre 74 m from the active vessel
[LOG 19:16:28.134] [KSPDiagColliders] collider localSpace/Kerbin/Kerbin/KSC/SpaceCenter/Runway/Facility/runway_lev1_v2 (MeshCollider, on, layer 15), centre 730 m from the active vessel
[LOG 19:16:28.134] [KSPDiagColliders] collider localSpace/Kerbin/Kerbin/KSC/SpaceCenter/Crawlerway/Facility/crawler_level2 (MeshCollider, on, layer 15), centre 326 m from the active vessel
[LOG 19:16:28.134] [KSPDiagColliders] drawn within 300 m: 2 ground quad(s), 6 collider(s) of statics on, 0 switched off
[LOG 19:16:28.178] [UiApp] Awake: CurrencyWidgetsApp
[LOG 19:16:28.178] [UiApp] Awake: Contracts
[LOG 19:16:28.178] [UiApp] Awake: ResourceDisplay
[LOG 19:16:28.178] [UiApp] Awake: KSPedia
[LOG 19:16:28.178] [UiApp] Awake: Missions App
[LOG 19:16:28.179] [UiApp] Awake: DeltaVApp
[LOG 19:16:28.179] [UiApp] Awake: ActionGroupsApp
[LOG 19:16:28.179] [UiApp] Awake: Construction
[LOG 19:16:28.179] [UiApp] Awake: Cargo
[LOG 19:16:28.179] [UiApp] Awake: AlarmClock
[LOG 19:16:28.179] [UiApp] Awake: ManeuverTool
[LOG 19:16:28.179] [ApplicationLauncher] OnSceneLoadedGUIReady: scene FLIGHT ShouldBeVisible() True ShouldBeOnTop() True iIsPositionedAtTop True
[LOG 19:16:28.181] [KnowledgeBase] OnAppLauncherReady 37566
[LOG 19:16:28.210] [FlightIntegrator]: Reloaded drag cube for zeroed cube root part mk1pod.v2 (Diag3-Rocket) on vessel Diag3-Rocket
[LOG 19:16:28.211] [MessageSystem] Reposition 0.02 37567
[LOG 19:16:28.211] [GenericAppFrame] Reposition 0.02 37567
[LOG 19:16:28.211] [GenericAppFrame] Reposition 0.02 37567
[LOG 19:16:28.293] [PlanetariumCamera]: Focus: Diag3-Rocket
[LOG 19:16:28.308] [UIApp] Adding ResourceDisplay to Application Launcher
[LOG 19:16:28.310] [UIApp] Adding ResourceDisplay to Application Launcher
[LOG 19:16:28.319] [ResourceDisplay] OnAppStarted(): id: -543528
[LOG 19:16:28.320] [GenericAppFrame] Reposition 0.1057013 37571
[LOG 19:16:28.320] [ResourceDisplay] OnAppStarted(): id: 264824
[LOG 19:16:28.320] ResourceDisplay already exist, destroying this instance
[LOG 19:16:28.320] [UIApp] OnDestroy: ResourceDisplay
[LOG 19:16:28.334] [UIApp] Adding AlarmClock to Application Launcher
[LOG 19:16:28.335] [UIApp] Adding ActionGroupsApp to Application Launcher
[LOG 19:16:28.336] [ApplicationLauncher] SetHidden: 
[LOG 19:16:28.336] [UIApp] Adding Missions App to Application Launcher
[LOG 19:16:28.337] [UIApp] Adding Contracts to Application Launcher
[LOG 19:16:28.338] CURRENCY WIDGET True True True
[LOG 19:16:28.338] [UIApp] Adding CurrencyWidgetsApp to Application Launcher
[LOG 19:16:28.362] [GenericAppFrame] Reposition 0.1330934 37573
[LOG 19:16:28.367] [ActionGroupsApp] OnAppStarted(): id: -543552
[LOG 19:16:28.368] [GenericAppFrame] Reposition 0.1330934 37573
[LOG 19:16:28.368] [UIApp] Adding DeltaVApp to Application Launcher
[LOG 19:16:28.369] [MissionsApp] OnAppStarted(): id: -543540
[LOG 19:16:28.369] MissionsApp does not execute in this game mode, destroying this instance
[LOG 19:16:28.369] [UIApp] OnDestroy: Missions App
[LOG 19:16:28.370] [GenericAppFrame] Reposition 0.1330934 37573
[LOG 19:16:28.383] [GenericAppFrame] Reposition 0.1675512 37574
[LOG 19:16:28.394] [UIApp] Adding Cargo to Application Launcher
[LOG 19:16:28.396] [UIApp] Adding Construction to Application Launcher
[LOG 19:16:28.397] [UIApp] Adding KSPedia to Application Launcher
[LOG 19:16:28.407] [ApplicationLauncher] SetHidden: 
[LOG 19:16:28.450] Flight State Captured
[LOG 19:16:28.450] Saving Achievements Tree...
[LOG 19:16:28.451] [MessageSystem] Save Messages
[LOG 19:16:28.461] Game State Saved as persistent
[LOG 19:16:29.209] Unpacking Diag3-Rocket
[LOG 19:16:29.215] [UIMasterController]: ShowUI
[LOG 19:16:39.259] [KSPDiagColliders] under 'Diag3-Rocket' PRELAUNCH lat=-0.097178 lon=-74.557697: [collider (LP_lev2) 2694.884 mm, active=True] [Kerbin Zn1232223323 (PQStorage) -197.032 mm, active=True]
[LOG 19:16:39.269] Flight State Captured
[LOG 19:16:39.269] Saving Achievements Tree...
[LOG 19:16:39.270] [MessageSystem] Save Messages
[LOG 19:16:39.282] Game State Saved to saves/claude-carriere/persistent
[LOG 19:16:39.291] [UIMasterController]: HideUI
[LOG 19:16:39.299] [HighLogic]: =========================== Scene Change : From FLIGHT to SPACECENTER =====================
[LOG 19:16:39.620] [UIApp] OnDestroy: CurrencyWidgetsApp
[LOG 19:16:39.621] KbApp.OnDestroy Vessel Info
[LOG 19:16:39.621] KbApp.OnDestroy Planet Parameters
[LOG 19:16:39.621] KbApp.OnDestroy Unowned Info
[LOG 19:16:39.621] [UIApp] OnDestroy: ManeuverTool
[LOG 19:16:39.621] [UIApp] OnDestroy: Cargo
[LOG 19:16:39.621] [UIApp] OnDestroy: Construction
[LOG 19:16:39.622] KbApp.OnDestroy Planet Info
[LOG 19:16:39.622] [UIApp] OnDestroy: KSPedia
[LOG 19:16:39.622] [UIApp] OnDestroy: AlarmClock
[LOG 19:16:39.622] [UIApp] OnDestroy: Contracts
[LOG 19:16:39.622] KbApp.OnDestroy Vessel Crew
[LOG 19:16:39.623] KbApp.OnDestroy NullName
[LOG 19:16:39.624] [UIApp] OnDestroy: ResourceDisplay
[LOG 19:16:39.624] [UIApp] OnDestroy: DeltaVApp
[LOG 19:16:39.624] [UIApp] OnDestroy: ActionGroupsApp
[LOG 19:16:39.624] KbApp.OnDestroy Planet Resources
[LOG 19:16:39.626] [KSPCF:MemoryLeaks] Removed a OnMapExited callback owned by a destroyed Assembly-CSharp:NavBallToggle instance
[LOG 19:16:39.626] [KSPCF:MemoryLeaks] Removed a OnGameSettingsApplied callback owned by a destroyed Assembly-CSharp:VesselAutopilotUI instance
[LOG 19:16:39.626] [KSPCF:MemoryLeaks] Removed a onPartActionUICreate callback owned by a destroyed Assembly-CSharp:ModuleInventoryPart instance
[LOG 19:16:39.627] [KSPCF:MemoryLeaks] Removed a onModuleInventoryChanged callback owned by a destroyed Assembly-CSharp:ModuleInventoryPart instance
[LOG 19:16:39.627] [KSPCF:MemoryLeaks] Removed a TimingManager.Instance.timing5.onLateUpdate callback owned by a destroyed Assembly-CSharp:MapView instance
[LOG 19:16:39.627] [KSPCF:MemoryLeaks] Leaving scene "Flight", cleaned 53 memory leaks in 0.002s. GameEvents callbacks : 427. Allocated memory : 1.11 GiB (managed heap), 2.201 GiB (unmanaged)
[LOG 19:16:39.750] [AddonLoader]: Instantiating addon 'CustomConfigsManager' from assembly 'ModuleManager'
[LOG 19:16:42.381] [UIMasterController]: ShowUI
[LOG 19:16:42.736] [SceneLoadSpeedBoost] Save loaded from cache in 0ms
[LOG 19:16:42.738] GetSubclassesOfParentClass: Using cached results for AlarmTypeBase
[LOG 19:16:42.739] Loading Depletion Nodes
[LOG 19:16:42.739] DepNodeCount:  0
[LOG 19:16:42.739] Loading Biome Nodes
[LOG 19:16:42.739] BiomeNodeCount:  0
[LOG 19:16:42.739] Loading Planet Nodes
[LOG 19:16:42.739] PlanetNodeCount:  0
[LOG 19:16:42.741] [ScenarioDestructibles]: Loading... 0 objects registered
[LOG 19:16:42.742] [ScenarioUpgradeableFacilities]: Loading... 0 objects registered
[LOG 19:16:42.773] [UiApp] Awake: Contracts
[LOG 19:16:42.773] [UiApp] Awake: KSPedia
[LOG 19:16:42.773] [UiApp] Awake: Missions App
[LOG 19:16:42.773] [UiApp] Awake: AlarmClock
[LOG 19:16:42.773] [ApplicationLauncher] OnSceneLoadedGUIReady: scene SPACECENTER ShouldBeVisible() True ShouldBeOnTop() False iIsPositionedAtTop True
[LOG 19:16:42.773] [ApplicationLauncher] SpawnSimpleLayout: HorizontalRightLeft
[LOG 19:16:42.815] [MessageSystem] Reposition 0.02 39086
[LOG 19:16:42.815] [GenericAppFrame] Reposition 0.02 39086
[LOG 19:16:42.815] [GenericAppFrame] Reposition 0.02 39086
[LOG 19:16:42.942] [UIApp] Adding AlarmClock to Application Launcher
[LOG 19:16:42.942] [UIApp] Adding Missions App to Application Launcher
[LOG 19:16:42.943] [UIApp] Adding Contracts to Application Launcher
[LOG 19:16:42.963] [GenericAppFrame] Reposition 0.0940896 39092
[LOG 19:16:42.968] [MissionsApp] OnAppStarted(): id: -559148
[LOG 19:16:42.968] MissionsApp does not execute in this game mode, destroying this instance
[LOG 19:16:42.969] [UIApp] OnDestroy: Missions App
[LOG 19:16:42.970] [GenericAppFrame] Reposition 0.0940896 39092
[LOG 19:16:42.981] [UIApp] Adding KSPedia to Application Launcher
[LOG 19:16:46.034] Game Paused!
[LOG 19:16:46.034] [UIMasterController]: ShowUI
[LOG 19:16:50.178] Game Unpaused!
[LOG 19:16:50.179] Flight State Captured
[LOG 19:16:50.179] Saving Achievements Tree...
[LOG 19:16:50.179] [MessageSystem] Save Messages
[LOG 19:16:50.191] Game State Saved to saves/claude-carriere/persistent
[LOG 19:16:50.198] [UIMasterController] RemoveCanvas:AstronautComplex
[LOG 19:16:52.233] Game Paused!
[LOG 19:16:52.234] [UIMasterController]: ShowUI
[LOG 19:16:56.345] Game Unpaused!
[LOG 19:16:56.345] Flight State Captured
[LOG 19:16:56.345] Saving Achievements Tree...
[LOG 19:16:56.345] [MessageSystem] Save Messages
[LOG 19:16:56.356] Game State Saved to saves/claude-carriere/persistent
[LOG 19:16:56.362] [UIMasterController] RemoveCanvas:ResearchAndDevelopment
[LOG 19:16:58.402] Game Paused!
[LOG 19:16:58.402] [UIMasterController]: ShowUI
[LOG 19:17:02.509] Game Unpaused!
[LOG 19:17:02.510] Flight State Captured
[LOG 19:17:02.510] Saving Achievements Tree...
[LOG 19:17:02.510] [MessageSystem] Save Messages
[LOG 19:17:02.521] Game State Saved to saves/claude-carriere/persistent
[LOG 19:17:02.529] [UIMasterController] RemoveCanvas:MissionControl
[LOG 19:17:04.571] Game Paused!
[LOG 19:17:04.571] [UIMasterController]: ShowUI
[LOG 19:17:08.731] Game Unpaused!
[LOG 19:17:08.731] Flight State Captured
[LOG 19:17:08.731] Saving Achievements Tree...
[LOG 19:17:08.732] [MessageSystem] Save Messages
[LOG 19:17:08.749] Game State Saved to saves/claude-carriere/persistent
[LOG 19:17:08.759] Administration (KSP.UI.UICanvasPrefab)
[LOG 19:17:08.759] [UIMasterController] RemoveCanvas:Administration
[LOG 19:17:10.801] Flight State Captured
[LOG 19:17:10.801] Saving Achievements Tree...
[LOG 19:17:10.802] [MessageSystem] Save Messages
[LOG 19:17:10.813] Game State Saved to saves/claude-carriere/persistent
[LOG 19:17:10.823] [UIMasterController]: HideUI
[LOG 19:17:10.825] [HighLogic]: =========================== Scene Change : From SPACECENTER to TRACKSTATION =====================
[LOG 19:17:11.065] [UIApp] OnDestroy: AlarmClock
[LOG 19:17:11.065] [UIApp] OnDestroy: Contracts
[LOG 19:17:11.065] [UIApp] OnDestroy: KSPedia
[LOG 19:17:11.068] [KSPCF:MemoryLeaks] Removed a OnInViewChange callback owned by a destroyed Assembly-CSharp:BuildingPickerItem instance
[LOG 19:17:11.068] [KSPCF:MemoryLeaks] Removed a OnClick callback owned by a destroyed Assembly-CSharp:BuildingPickerItem instance
[LOG 19:17:11.068] [KSPCF:MemoryLeaks] Leaving scene "SpaceCenter", cleaned 6 memory leaks in 0.002s. GameEvents callbacks : 351. Allocated memory : 1.065 GiB (managed heap), 2.193 GiB (unmanaged)
[LOG 19:17:11.077] UICanvasPrefabSpawner TrackingStationSpawner spawning TrackingStation
[LOG 19:17:11.198] [PlanetariumCamera]: Focus: Kerbin
[LOG 19:17:11.199] [UIMasterController]: ShowUI
[LOG 19:17:11.533] [SceneLoadSpeedBoost] Save loaded from cache in 0ms
[LOG 19:17:11.536] GetSubclassesOfParentClass: Using cached results for AlarmTypeBase
[LOG 19:17:11.536] Loading Depletion Nodes
[LOG 19:17:11.536] DepNodeCount:  0
[LOG 19:17:11.536] Loading Biome Nodes
[LOG 19:17:11.536] BiomeNodeCount:  0
[LOG 19:17:11.536] Loading Planet Nodes
[LOG 19:17:11.536] PlanetNodeCount:  0
[LOG 19:17:11.538] [ScenarioDestructibles]: Loading... 0 objects registered
[LOG 19:17:11.539] [ScenarioUpgradeableFacilities]: Loading... 0 objects registered
[LOG 19:17:11.566] [PlanetariumCamera]: Focus: Kerbin
[LOG 19:17:11.598] [UiApp] Awake: Contracts
[LOG 19:17:11.598] [UiApp] Awake: KSPedia
[LOG 19:17:11.598] [UiApp] Awake: Missions App
[LOG 19:17:11.598] [UiApp] Awake: AlarmClock
[LOG 19:17:11.599] [ApplicationLauncher] OnSceneLoadedGUIReady: scene TRACKSTATION ShouldBeVisible() True ShouldBeOnTop() False iIsPositionedAtTop False
[LOG 19:17:11.601] [KnowledgeBase] OnAppLauncherReady 44348
[LOG 19:17:11.616] [MessageSystem] Reposition 0.02 44349
[LOG 19:17:11.616] [GenericAppFrame] Reposition 0.02 44349
[LOG 19:17:11.616] [GenericAppFrame] Reposition 0.02 44349
[LOG 19:17:11.630] [PlanetariumCamera]: Focus: Kerbin
[LOG 19:17:11.760] [UIApp] Adding AlarmClock to Application Launcher
[LOG 19:17:11.761] [UIApp] Adding Missions App to Application Launcher
[LOG 19:17:11.762] [UIApp] Adding Contracts to Application Launcher
[LOG 19:17:11.781] [GenericAppFrame] Reposition 0.1112426 44355
[LOG 19:17:11.786] [MissionsApp] OnAppStarted(): id: -582476
[LOG 19:17:11.786] MissionsApp does not execute in this game mode, destroying this instance
[LOG 19:17:11.786] [UIApp] OnDestroy: Missions App
[LOG 19:17:11.788] [GenericAppFrame] Reposition 0.1112426 44355
[LOG 19:17:11.803] [UIApp] Adding KSPedia to Application Launcher
[LOG 19:17:13.744] Flight State Captured
[LOG 19:17:13.744] Saving Achievements Tree...
[LOG 19:17:13.744] [MessageSystem] Save Messages
[LOG 19:17:13.756] Game State Saved to saves/claude-carriere/persistent
[LOG 19:17:15.886] Flight State Captured
[LOG 19:17:15.886] Saving Achievements Tree...
[LOG 19:17:15.886] [MessageSystem] Save Messages
[LOG 19:17:15.897] Game State Saved to saves/claude-carriere/persistent
[LOG 19:17:15.906] [Tracking Station]: SetVessel(null)
[LOG 19:17:15.906] [PlanetariumCamera]: Focus: Kerbin
[LOG 19:17:15.915] [UIMasterController]: HideUI
[LOG 19:17:15.959] [HighLogic]: =========================== Scene Change : From TRACKSTATION to FLIGHT =====================
[LOG 19:17:16.215] KbApp.OnDestroy Vessel Crew
[LOG 19:17:16.215] [UIApp] OnDestroy: KSPedia
[LOG 19:17:16.215] KbApp.OnDestroy Vessel Info
[LOG 19:17:16.216] KbApp.OnDestroy NullName
[LOG 19:17:16.216] KbApp.OnDestroy Planet Parameters
[LOG 19:17:16.216] KbApp.OnDestroy Planet Resources
[LOG 19:17:16.216] [UIApp] OnDestroy: AlarmClock
[LOG 19:17:16.216] [UIApp] OnDestroy: Contracts
[LOG 19:17:16.216] KbApp.OnDestroy Planet Info
[LOG 19:17:16.216] KbApp.OnDestroy Unowned Info
[LOG 19:17:16.218] [KSPCF:MemoryLeaks] Removed a onPlanetariumTargetChange callback owned by a destroyed Assembly-CSharp:OverlayGenerator instance
[LOG 19:17:16.218] [KSPCF:MemoryLeaks] Removed a onGameStateLoad callback owned by a destroyed Assembly-CSharp:OverlayGenerator instance
[LOG 19:17:16.219] [KSPCF:MemoryLeaks] Removed a MapView.OnEnterMapView callback owned by a destroyed Assembly-CSharp:OverlayGenerator instance
[LOG 19:17:16.219] [KSPCF:MemoryLeaks] Removed a MapView.OnExitMapView callback owned by a destroyed Assembly-CSharp:OverlayGenerator instance
[LOG 19:17:16.219] [KSPCF:MemoryLeaks] Removed a TimingManager.Instance.timing5.onLateUpdate callback owned by a destroyed Assembly-CSharp:MapView instance
[LOG 19:17:16.219] [KSPCF:MemoryLeaks] Leaving scene "TrackingStation", cleaned 9 memory leaks in 0.002s. GameEvents callbacks : 413. Allocated memory : 1.069 GiB (managed heap), 2.193 GiB (unmanaged)
[LOG 19:17:16.228] UICanvasPrefabSpawner FlightUI spawning Flight
[LOG 19:17:16.252] UICanvasPrefabSpawner FlightUI spawning VesselLabels
[LOG 19:17:16.252] [UiApp] Awake: ResourceDisplay
[LOG 19:17:16.352] [AddonLoader]: Instantiating addon 'AeroGUI' from assembly 'KSP'
[LOG 19:17:16.365] [AddonLoader]: Instantiating addon 'KSPDiagColliders' from assembly 'KSPDiagColliders'
[LOG 19:17:16.365] [KSPDiagColliders] shader Hidden/Internal-Colored, depth test settable: True; display: colliders, hidden by what stands in front
[LOG 19:17:16.365] [PlanetariumCamera]: Focus: Kerbin
[LOG 19:17:16.365] [UIMasterController]: HideUI
[LOG 19:17:16.720] [UIMasterController]: HideUI
[LOG 19:17:16.720] ------------------- initializing flight mode... ------------------
[LOG 19:17:16.720] [SceneLoadSpeedBoost] Save loaded from cache in 0ms
[LOG 19:17:16.723] GetSubclassesOfParentClass: Using cached results for AlarmTypeBase
[LOG 19:17:16.724] Loading Depletion Nodes
[LOG 19:17:16.724] DepNodeCount:  0
[LOG 19:17:16.724] Loading Biome Nodes
[LOG 19:17:16.724] BiomeNodeCount:  0
[LOG 19:17:16.724] Loading Planet Nodes
[LOG 19:17:16.724] PlanetNodeCount:  0
[LOG 19:17:16.726] [ScenarioDestructibles]: Loading... 0 objects registered
[LOG 19:17:16.727] [ScenarioUpgradeableFacilities]: Loading... 0 objects registered
[LOG 19:17:16.747] Target vessel index: 0  vessel count: 1
[LOG 19:17:16.747] [FLIGHT GLOBALS]: Switching To Vessel Diag3-Rocket ---------------------- 
[LOG 19:17:16.747] setting new dominant body: Kerbin
FlightGlobals.mainBody: Kerbin
[LOG 19:17:16.747] Reference Frame: Rotating
[WRN 19:17:16.755] [Part]: Cannot have ModuleCargoPart and ModuleInventoryPart on same Part [Diag3-Rocket (unloaded)'. Removed ModuleCargoPart
[LOG 19:17:16.768] [Diag3-Rocket]: landed - waiting for ground contact to resume physics...
[LOG 19:17:16.768] Camera Mode: AUTO
[LOG 19:17:19.384] all systems started
[LOG 19:17:19.451] [KSPDiagColliders] body Kerbin, colliders drawn within 300 m of the active vessel
[LOG 19:17:19.468] [KSPDiagColliders] collider localSpace/Kerbin/Kerbin/KSC/SpaceCenter/LaunchPad/Facility/LP_lev2/bunker (MeshCollider, on, layer 15), centre 44 m from the active vessel
[LOG 19:17:19.469] [KSPDiagColliders] collider localSpace/Kerbin/Kerbin/KSC/SpaceCenter/LaunchPad/Facility/LP_lev2/LP_lev2/collider (MeshCollider, on, layer 15), centre 7 m from the active vessel
[LOG 19:17:19.469] [KSPDiagColliders] collider localSpace/Kerbin/Kerbin/KSC/SpaceCenter/LaunchPad/Facility/Flag/flagPole_lev1/model01/Pole (CapsuleCollider, on, layer 15), centre 74 m from the active vessel
[LOG 19:17:19.471] [KSPDiagColliders] collider localSpace/Kerbin/Kerbin/KSC/SpaceCenter/LaunchPad/Facility/Flag/flagPole_lev1/model01/WaterBase (MeshCollider, on, layer 15), centre 74 m from the active vessel
[LOG 19:17:19.488] [KSPDiagColliders] collider localSpace/Kerbin/Kerbin/KSC/SpaceCenter/Runway/Facility/runway_lev1_v2 (MeshCollider, on, layer 15), centre 730 m from the active vessel
[LOG 19:17:19.488] [KSPDiagColliders] collider localSpace/Kerbin/Kerbin/KSC/SpaceCenter/Crawlerway/Facility/crawler_level2 (MeshCollider, on, layer 15), centre 326 m from the active vessel
[LOG 19:17:19.488] [KSPDiagColliders] drawn within 300 m: 2 ground quad(s), 6 collider(s) of statics on, 0 switched off
[LOG 19:17:19.533] [UiApp] Awake: CurrencyWidgetsApp
[LOG 19:17:19.533] [UiApp] Awake: Contracts
[LOG 19:17:19.533] [UiApp] Awake: ResourceDisplay
[LOG 19:17:19.534] [UiApp] Awake: KSPedia
[LOG 19:17:19.534] [UiApp] Awake: Missions App
[LOG 19:17:19.534] [UiApp] Awake: DeltaVApp
[LOG 19:17:19.534] [UiApp] Awake: ActionGroupsApp
[LOG 19:17:19.534] [UiApp] Awake: Construction
[LOG 19:17:19.534] [UiApp] Awake: Cargo
[LOG 19:17:19.534] [UiApp] Awake: AlarmClock
[LOG 19:17:19.534] [UiApp] Awake: ManeuverTool
[LOG 19:17:19.534] [ApplicationLauncher] OnSceneLoadedGUIReady: scene FLIGHT ShouldBeVisible() True ShouldBeOnTop() True iIsPositionedAtTop False
[LOG 19:17:19.534] [ApplicationLauncher] SpawnSimpleLayout: VerticalTopDown
[LOG 19:17:19.538] [KnowledgeBase] OnAppLauncherReady 45198
[LOG 19:17:19.568] [FlightIntegrator]: Reloaded drag cube for zeroed cube root part mk1pod.v2 (Diag3-Rocket) on vessel Diag3-Rocket
[LOG 19:17:19.568] [FlightIntegrator]: Vessel Diag3-Rocket has been unloaded 15.6999999999857, applying analytic temperature 309.915456837619
[LOG 19:17:19.569] [MessageSystem] Reposition 0.02 45199
[LOG 19:17:19.569] [GenericAppFrame] Reposition 0.02 45199
[LOG 19:17:19.569] [GenericAppFrame] Reposition 0.02 45199
[LOG 19:17:19.663] [PlanetariumCamera]: Focus: Diag3-Rocket
[LOG 19:17:19.692] [UIApp] Adding ResourceDisplay to Application Launcher
[LOG 19:17:19.693] [UIApp] Adding ResourceDisplay to Application Launcher
[LOG 19:17:19.710] [ResourceDisplay] OnAppStarted(): id: -609532
[LOG 19:17:19.710] [GenericAppFrame] Reposition 0.1352303 45203
[LOG 19:17:19.711] [ResourceDisplay] OnAppStarted(): id: 266360
[LOG 19:17:19.711] ResourceDisplay already exist, destroying this instance
[LOG 19:17:19.711] [UIApp] OnDestroy: ResourceDisplay
[LOG 19:17:19.745] [UIApp] Adding AlarmClock to Application Launcher
[LOG 19:17:19.746] [UIApp] Adding ActionGroupsApp to Application Launcher
[LOG 19:17:19.747] [ApplicationLauncher] SetHidden: 
[LOG 19:17:19.748] [UIApp] Adding Missions App to Application Launcher
[LOG 19:17:19.749] [UIApp] Adding Contracts to Application Launcher
[LOG 19:17:19.750] CURRENCY WIDGET True True True
[LOG 19:17:19.750] [UIApp] Adding CurrencyWidgetsApp to Application Launcher
[LOG 19:17:19.774] [GenericAppFrame] Reposition 0.1848023 45205
[LOG 19:17:19.779] [ActionGroupsApp] OnAppStarted(): id: -609556
[LOG 19:17:19.780] [GenericAppFrame] Reposition 0.1848023 45205
[LOG 19:17:19.781] [UIApp] Adding DeltaVApp to Application Launcher
[LOG 19:17:19.782] [MissionsApp] OnAppStarted(): id: -609544
[LOG 19:17:19.782] MissionsApp does not execute in this game mode, destroying this instance
[LOG 19:17:19.782] [UIApp] OnDestroy: Missions App
[LOG 19:17:19.783] [GenericAppFrame] Reposition 0.1848023 45205
[LOG 19:17:19.798] [GenericAppFrame] Reposition 0.2202742 45206
[LOG 19:17:19.810] [UIApp] Adding Cargo to Application Launcher
[LOG 19:17:19.812] [UIApp] Adding Construction to Application Launcher
[LOG 19:17:19.813] [UIApp] Adding KSPedia to Application Launcher
[LOG 19:17:19.823] [ApplicationLauncher] SetHidden: 
[LOG 19:17:19.860] Flight State Captured
[LOG 19:17:19.860] Saving Achievements Tree...
[LOG 19:17:19.860] [MessageSystem] Save Messages
[LOG 19:17:19.872] Game State Saved as persistent
[LOG 19:17:20.575] Unpacking Diag3-Rocket
[LOG 19:17:20.581] [UIMasterController]: ShowUI
[LOG 19:17:30.627] [KSPDiagColliders] under 'Diag3-Rocket' PRELAUNCH lat=-0.097178 lon=-74.557698: [collider (LP_lev2) 2736.096 mm, active=True] [Kerbin Zn1232223323 (PQStorage) -190.954 mm, active=True]
[LOG 19:17:30.636] Flight State Captured
[LOG 19:17:30.636] Saving Achievements Tree...
[LOG 19:17:30.637] [MessageSystem] Save Messages
[LOG 19:17:30.648] Game State Saved to saves/claude-carriere/persistent
[LOG 19:17:30.657] [UIMasterController]: HideUI
[LOG 19:17:30.664] [HighLogic]: =========================== Scene Change : From FLIGHT to SPACECENTER =====================
[LOG 19:17:30.958] KbApp.OnDestroy Vessel Info
[LOG 19:17:30.958] [UIApp] OnDestroy: Construction
[LOG 19:17:30.958] [UIApp] OnDestroy: ResourceDisplay
[LOG 19:17:30.958] KbApp.OnDestroy Unowned Info
[LOG 19:17:30.959] KbApp.OnDestroy Vessel Crew
[LOG 19:17:30.959] [UIApp] OnDestroy: AlarmClock
[LOG 19:17:30.959] [UIApp] OnDestroy: Cargo
[LOG 19:17:30.959] [UIApp] OnDestroy: DeltaVApp
[LOG 19:17:30.959] KbApp.OnDestroy Planet Resources
[LOG 19:17:30.959] [UIApp] OnDestroy: CurrencyWidgetsApp
[LOG 19:17:30.959] [UIApp] OnDestroy: KSPedia
[LOG 19:17:30.959] [UIApp] OnDestroy: Contracts
[LOG 19:17:30.960] [UIApp] OnDestroy: ManeuverTool
[LOG 19:17:30.960] KbApp.OnDestroy Planet Parameters
[LOG 19:17:30.960] KbApp.OnDestroy NullName
[LOG 19:17:30.961] [UIApp] OnDestroy: ActionGroupsApp
[LOG 19:17:30.961] KbApp.OnDestroy Planet Info
[LOG 19:17:30.963] [KSPCF:MemoryLeaks] Removed a OnMapExited callback owned by a destroyed Assembly-CSharp:NavBallToggle instance
[LOG 19:17:30.963] [KSPCF:MemoryLeaks] Removed a OnGameSettingsApplied callback owned by a destroyed Assembly-CSharp:VesselAutopilotUI instance
[LOG 19:17:30.963] [KSPCF:MemoryLeaks] Removed a onPartActionUICreate callback owned by a destroyed Assembly-CSharp:ModuleInventoryPart instance
[LOG 19:17:30.964] [KSPCF:MemoryLeaks] Removed a onModuleInventoryChanged callback owned by a destroyed Assembly-CSharp:ModuleInventoryPart instance
[LOG 19:17:30.964] [KSPCF:MemoryLeaks] Removed a TimingManager.Instance.timing5.onLateUpdate callback owned by a destroyed Assembly-CSharp:MapView instance
[LOG 19:17:30.965] [KSPCF:MemoryLeaks] Leaving scene "Flight", cleaned 53 memory leaks in 0.002s. GameEvents callbacks : 427. Allocated memory : 1.111 GiB (managed heap), 2.215 GiB (unmanaged)
[LOG 19:17:31.095] [AddonLoader]: Instantiating addon 'CustomConfigsManager' from assembly 'ModuleManager'
[LOG 19:17:33.681] [UIMasterController]: ShowUI
[LOG 19:17:34.067] [SceneLoadSpeedBoost] Save loaded from cache in 19ms
[LOG 19:17:34.070] GetSubclassesOfParentClass: Using cached results for AlarmTypeBase
[LOG 19:17:34.071] Loading Depletion Nodes
[LOG 19:17:34.071] DepNodeCount:  0
[LOG 19:17:34.071] Loading Biome Nodes
[LOG 19:17:34.071] BiomeNodeCount:  0
[LOG 19:17:34.071] Loading Planet Nodes
[LOG 19:17:34.071] PlanetNodeCount:  0
[LOG 19:17:34.073] [ScenarioDestructibles]: Loading... 0 objects registered
[LOG 19:17:34.074] [ScenarioUpgradeableFacilities]: Loading... 0 objects registered
[LOG 19:17:34.103] [UiApp] Awake: Contracts
[LOG 19:17:34.103] [UiApp] Awake: KSPedia
[LOG 19:17:34.103] [UiApp] Awake: Missions App
[LOG 19:17:34.103] [UiApp] Awake: AlarmClock
[LOG 19:17:34.103] [ApplicationLauncher] OnSceneLoadedGUIReady: scene SPACECENTER ShouldBeVisible() True ShouldBeOnTop() False iIsPositionedAtTop True
[LOG 19:17:34.103] [ApplicationLauncher] SpawnSimpleLayout: HorizontalRightLeft
[LOG 19:17:34.147] Flight State Captured
[LOG 19:17:34.147] Saving Achievements Tree...
[LOG 19:17:34.147] [MessageSystem] Save Messages
[LOG 19:17:34.159] Game State Saved to saves/claude-carriere/persistent
[ERR 19:17:34.166] [SurfaceObject]: Cannot return to original parent, it no longer exists.

[LOG 19:17:34.166] [UIMasterController]: HideUI
[LOG 19:17:34.168] [HighLogic]: =========================== Scene Change : From SPACECENTER to EDITOR =====================
[LOG 19:17:34.169] [MessageSystem] Reposition 0.02 46707
[LOG 19:17:34.169] [GenericAppFrame] Reposition 0.02 46707
[LOG 19:17:34.169] [GenericAppFrame] Reposition 0.02 46707
[LOG 19:17:34.420] [UIApp] OnDestroy: Missions App
[LOG 19:17:34.420] [UIApp] OnDestroy: KSPedia
[LOG 19:17:34.420] [UIApp] OnDestroy: AlarmClock
[LOG 19:17:34.420] [UIApp] OnDestroy: Contracts
[LOG 19:17:34.422] [KSPCF:MemoryLeaks] Removed a OnKSCStructureCollapsing callback owned by a destroyed Assembly-CSharp:SpacePlaneHangarBuilding instance
[LOG 19:17:34.422] [KSPCF:MemoryLeaks] Removed a OnKSCStructureCollapsing callback owned by a destroyed Assembly-CSharp:MissionControlBuilding instance
[LOG 19:17:34.422] [KSPCF:MemoryLeaks] Removed a OnKSCStructureCollapsing callback owned by a destroyed Assembly-CSharp:LaunchSiteFacility instance
[LOG 19:17:34.422] [KSPCF:MemoryLeaks] Removed a OnKSCStructureCollapsing callback owned by a destroyed Assembly-CSharp:TrackingStationBuilding instance
[LOG 19:17:34.422] [KSPCF:MemoryLeaks] Removed a OnKSCStructureCollapsing callback owned by a destroyed Assembly-CSharp:FlagPoleFacility instance
[LOG 19:17:34.422] [KSPCF:MemoryLeaks] Removed a OnKSCStructureCollapsing callback owned by a destroyed Assembly-CSharp:LaunchSiteFacility instance
[LOG 19:17:34.422] [KSPCF:MemoryLeaks] Removed a OnKSCStructureCollapsing callback owned by a destroyed Assembly-CSharp:RnDBuilding instance
[LOG 19:17:34.422] [KSPCF:MemoryLeaks] Removed a OnKSCStructureCollapsing callback owned by a destroyed Assembly-CSharp:VehicleAssemblyBuilding instance
[LOG 19:17:34.422] [KSPCF:MemoryLeaks] Removed a OnKSCStructureCollapsing callback owned by a destroyed Assembly-CSharp:AstronautComplexFacility instance
[LOG 19:17:34.422] [KSPCF:MemoryLeaks] Removed a OnKSCStructureCollapsing callback owned by a destroyed Assembly-CSharp:AdministrationFacility instance
[LOG 19:17:34.423] [KSPCF:MemoryLeaks] Removed a OnKSCStructureCollapsed callback owned by a destroyed Assembly-CSharp:SpacePlaneHangarBuilding instance
[LOG 19:17:34.423] [KSPCF:MemoryLeaks] Removed a OnKSCStructureCollapsed callback owned by a destroyed Assembly-CSharp:MissionControlBuilding instance
[LOG 19:17:34.423] [KSPCF:MemoryLeaks] Removed a OnKSCStructureCollapsed callback owned by a destroyed Assembly-CSharp:LaunchSiteFacility instance
[LOG 19:17:34.423] [KSPCF:MemoryLeaks] Removed a OnKSCStructureCollapsed callback owned by a destroyed Assembly-CSharp:TrackingStationBuilding instance
[LOG 19:17:34.423] [KSPCF:MemoryLeaks] Removed a OnKSCStructureCollapsed callback owned by a destroyed Assembly-CSharp:FlagPoleFacility instance
[LOG 19:17:34.423] [KSPCF:MemoryLeaks] Removed a OnKSCStructureCollapsed callback owned by a destroyed Assembly-CSharp:LaunchSiteFacility instance
[LOG 19:17:34.423] [KSPCF:MemoryLeaks] Removed a OnKSCStructureCollapsed callback owned by a destroyed Assembly-CSharp:RnDBuilding instance
[LOG 19:17:34.423] [KSPCF:MemoryLeaks] Removed a OnKSCStructureCollapsed callback owned by a destroyed Assembly-CSharp:VehicleAssemblyBuilding instance
[LOG 19:17:34.423] [KSPCF:MemoryLeaks] Removed a OnKSCStructureCollapsed callback owned by a destroyed Assembly-CSharp:AstronautComplexFacility instance
[LOG 19:17:34.423] [KSPCF:MemoryLeaks] Removed a OnKSCStructureCollapsed callback owned by a destroyed Assembly-CSharp:AdministrationFacility instance
[LOG 19:17:34.423] [KSPCF:MemoryLeaks] Removed a OnKSCStructureRepairing callback owned by a destroyed Assembly-CSharp:SpacePlaneHangarBuilding instance
[LOG 19:17:34.423] [KSPCF:MemoryLeaks] Removed a OnKSCStructureRepairing callback owned by a destroyed Assembly-CSharp:MissionControlBuilding instance
[LOG 19:17:34.423] [KSPCF:MemoryLeaks] Removed a OnKSCStructureRepairing callback owned by a destroyed Assembly-CSharp:LaunchSiteFacility instance
[LOG 19:17:34.423] [KSPCF:MemoryLeaks] Removed a OnKSCStructureRepairing callback owned by a destroyed Assembly-CSharp:TrackingStationBuilding instance
[LOG 19:17:34.423] [KSPCF:MemoryLeaks] Removed a OnKSCStructureRepairing callback owned by a destroyed Assembly-CSharp:FlagPoleFacility instance
[LOG 19:17:34.423] [KSPCF:MemoryLeaks] Removed a OnKSCStructureRepairing callback owned by a destroyed Assembly-CSharp:LaunchSiteFacility instance
[LOG 19:17:34.423] [KSPCF:MemoryLeaks] Removed a OnKSCStructureRepairing callback owned by a destroyed Assembly-CSharp:RnDBuilding instance
[LOG 19:17:34.423] [KSPCF:MemoryLeaks] Removed a OnKSCStructureRepairing callback owned by a destroyed Assembly-CSharp:VehicleAssemblyBuilding instance
[LOG 19:17:34.423] [KSPCF:MemoryLeaks] Removed a OnKSCStructureRepairing callback owned by a destroyed Assembly-CSharp:AstronautComplexFacility instance
[LOG 19:17:34.424] [KSPCF:MemoryLeaks] Removed a OnKSCStructureRepairing callback owned by a destroyed Assembly-CSharp:AdministrationFacility instance
[LOG 19:17:34.424] [KSPCF:MemoryLeaks] Removed a OnKSCStructureRepaired callback owned by a destroyed Assembly-CSharp:SpacePlaneHangarBuilding instance
[LOG 19:17:34.424] [KSPCF:MemoryLeaks] Removed a OnKSCStructureRepaired callback owned by a destroyed Assembly-CSharp:MissionControlBuilding instance
[LOG 19:17:34.424] [KSPCF:MemoryLeaks] Removed a OnKSCStructureRepaired callback owned by a destroyed Assembly-CSharp:LaunchSiteFacility instance
[LOG 19:17:34.424] [KSPCF:MemoryLeaks] Removed a OnKSCStructureRepaired callback owned by a destroyed Assembly-CSharp:TrackingStationBuilding instance
[LOG 19:17:34.424] [KSPCF:MemoryLeaks] Removed a OnKSCStructureRepaired callback owned by a destroyed Assembly-CSharp:FlagPoleFacility instance
[LOG 19:17:34.424] [KSPCF:MemoryLeaks] Removed a OnKSCStructureRepaired callback owned by a destroyed Assembly-CSharp:LaunchSiteFacility instance
[LOG 19:17:34.424] [KSPCF:MemoryLeaks] Removed a OnKSCStructureRepaired callback owned by a destroyed Assembly-CSharp:RnDBuilding instance
[LOG 19:17:34.424] [KSPCF:MemoryLeaks] Removed a OnKSCStructureRepaired callback owned by a destroyed Assembly-CSharp:VehicleAssemblyBuilding instance
[LOG 19:17:34.424] [KSPCF:MemoryLeaks] Removed a OnKSCStructureRepaired callback owned by a destroyed Assembly-CSharp:AstronautComplexFacility instance
[LOG 19:17:34.424] [KSPCF:MemoryLeaks] Removed a OnKSCStructureRepaired callback owned by a destroyed Assembly-CSharp:AdministrationFacility instance
[LOG 19:17:34.425] [KSPCF:MemoryLeaks] Leaving scene "SpaceCenter", cleaned 42 memory leaks in 0.004s. GameEvents callbacks : 346. Allocated memory : 1.093 GiB (managed heap), 2.208 GiB (unmanaged)
[LOG 19:17:34.435] UICanvasPrefabSpawner SceneLogic spawning Editor
[LOG 19:17:34.462] Aucun verrouillage commandes en cours
[LOG 19:17:34.586] [UIMasterController]: ShowUI
[LOG 19:17:35.034] [UIMasterController]: ShowUI
[LOG 19:17:35.176] [UIMasterController]: ShowUI
[LOG 19:17:35.190] ------------------- initializing editor mode... ------------------
[LOG 19:17:35.190] editor started
[LOG 19:17:35.190] [SceneLoadSpeedBoost] Save loaded from cache in 0ms
[LOG 19:17:35.193] GetSubclassesOfParentClass: Using cached results for AlarmTypeBase
[LOG 19:17:35.193] Loading Depletion Nodes
[LOG 19:17:35.193] DepNodeCount:  0
[LOG 19:17:35.193] Loading Biome Nodes
[LOG 19:17:35.193] BiomeNodeCount:  0
[LOG 19:17:35.193] Loading Planet Nodes
[LOG 19:17:35.193] PlanetNodeCount:  0
[LOG 19:17:35.195] [ScenarioDestructibles]: Loading... 0 objects registered
[LOG 19:17:35.196] [ScenarioUpgradeableFacilities]: Loading... 0 objects registered
[LOG 19:17:35.348] Diag3-Rocket loaded!
[LOG 19:17:35.355] [Crew Manifest]: Cannot resume cached manifest. The crew in it isn't available. Reverting to default.
[WRN 19:17:35.466] HighlightingSystem : Framebuffer depth data is not available and can't be used to occlude highlighting. Highlighting occluders enabled.
[LOG 19:17:35.484] [UiApp] Awake: EngineersReport
[LOG 19:17:35.484] [UiApp] Awake: Contracts
[LOG 19:17:35.484] [UiApp] Awake: KSPedia
[LOG 19:17:35.484] [UiApp] Awake: Missions App
[LOG 19:17:35.484] [UiApp] Awake: DeltaVApp
[LOG 19:17:35.485] [UiApp] Awake: ActionGroupsApp
[LOG 19:17:35.485] [UiApp] Awake: AlarmClock
[LOG 19:17:35.485] [ApplicationLauncher] OnSceneLoadedGUIReady: scene EDITOR ShouldBeVisible() True ShouldBeOnTop() False iIsPositionedAtTop False
[LOG 19:17:35.515] [MessageSystem] Reposition 0.02 46710
[LOG 19:17:35.515] [GenericAppFrame] Reposition 0.02 46710
[LOG 19:17:35.515] [GenericAppFrame] Reposition 0.02 46710
[LOG 19:17:35.584] [UIApp] Adding AlarmClock to Application Launcher
[LOG 19:17:35.585] [UIApp] Adding ActionGroupsApp to Application Launcher
[LOG 19:17:35.586] [ApplicationLauncher] SetHidden: 
[LOG 19:17:35.586] [UIApp] Adding Missions App to Application Launcher
[LOG 19:17:35.587] [UIApp] Adding Contracts to Application Launcher
[LOG 19:17:35.589] [UIApp] Adding EngineersReport to Application Launcher
[LOG 19:17:35.612] [GenericAppFrame] Reposition 0.1058505 46716
[LOG 19:17:35.617] [ActionGroupsApp] OnAppStarted(): id: -650366
[LOG 19:17:35.617] [GenericAppFrame] Reposition 0.1058505 46716
[LOG 19:17:35.618] [UIApp] Adding DeltaVApp to Application Launcher
[LOG 19:17:35.619] [MissionsApp] OnAppStarted(): id: -650354
[LOG 19:17:35.619] MissionsApp does not execute in this game mode, destroying this instance
[LOG 19:17:35.619] [UIApp] OnDestroy: Missions App
[LOG 19:17:35.620] [GenericAppFrame] Reposition 0.1058505 46716
[LOG 19:17:35.622] [GenericAppFrame] Reposition 0.1058505 46716
[LOG 19:17:35.665] [GenericAppFrame] Reposition 0.1458505 46717
[LOG 19:17:35.683] [UIApp] Adding KSPedia to Application Launcher
[LOG 19:17:37.530] Saving Achievements Tree...
[LOG 19:17:37.530] [MessageSystem] Save Messages
[LOG 19:17:37.543] Game State Saved to saves/claude-carriere/persistent
[LOG 19:17:39.704] Launching vessel from LaunchPad. Craft file: D:\ksp-dev\saves\claude-carriere\Ships\VAB\Diag3-Rocket.craft
[LOG 19:17:39.704] Saving Achievements Tree...
[LOG 19:17:39.705] [MessageSystem] Save Messages
[LOG 19:17:39.718] Game State Saved to saves/claude-carriere/persistent
[LOG 19:17:39.726] [UIMasterController]: HideUI
[LOG 19:17:39.785] [HighLogic]: =========================== Scene Change : From EDITOR to FLIGHT =====================
[EXC 19:17:39.786] NullReferenceException: Object reference not set to an instance of an object
	KSPCommunityFixes.BlockMapViewPartClick.Part_UpdateMouseOver_Prefix () (at <62bb7f5420994f409a34377c091e8538>:0)
	(wrapper dynamic-method) Part.Part.UpdateMouseOver_Patch1(Part)
	Part.Update () (at <4b449f2841f84227adfaad3149c8fdba>:0)
	UnityEngine.DebugLogHandler:LogException(Exception, Object)
	ModuleManager.UnityLogHandle.InterceptLogHandler:LogException(Exception, Object)
	UnityEngine.Debug:CallOverridenDebugHandler(Exception, Object)
[EXC 19:17:39.788] NullReferenceException: Object reference not set to an instance of an object
	KSPCommunityFixes.BlockMapViewPartClick.Part_UpdateMouseOver_Prefix () (at <62bb7f5420994f409a34377c091e8538>:0)
	(wrapper dynamic-method) Part.Part.UpdateMouseOver_Patch1(Part)
	Part.Update () (at <4b449f2841f84227adfaad3149c8fdba>:0)
	UnityEngine.DebugLogHandler:LogException(Exception, Object)
	ModuleManager.UnityLogHandle.InterceptLogHandler:LogException(Exception, Object)
	UnityEngine.Debug:CallOverridenDebugHandler(Exception, Object)
[EXC 19:17:39.789] NullReferenceException: Object reference not set to an instance of an object
	KSPCommunityFixes.BlockMapViewPartClick.Part_UpdateMouseOver_Prefix () (at <62bb7f5420994f409a34377c091e8538>:0)
	(wrapper dynamic-method) Part.Part.UpdateMouseOver_Patch1(Part)
	Part.Update () (at <4b449f2841f84227adfaad3149c8fdba>:0)
	UnityEngine.DebugLogHandler:LogException(Exception, Object)
	ModuleManager.UnityLogHandle.InterceptLogHandler:LogException(Exception, Object)
	UnityEngine.Debug:CallOverridenDebugHandler(Exception, Object)
[EXC 19:17:39.789] NullReferenceException: Object reference not set to an instance of an object
	KSPCommunityFixes.BlockMapViewPartClick.Part_UpdateMouseOver_Prefix () (at <62bb7f5420994f409a34377c091e8538>:0)
	(wrapper dynamic-method) Part.Part.UpdateMouseOver_Patch1(Part)
	Part.Update () (at <4b449f2841f84227adfaad3149c8fdba>:0)
	UnityEngine.DebugLogHandler:LogException(Exception, Object)
	ModuleManager.UnityLogHandle.InterceptLogHandler:LogException(Exception, Object)
	UnityEngine.Debug:CallOverridenDebugHandler(Exception, Object)
[EXC 19:17:39.792] NullReferenceException: Object reference not set to an instance of an object
	KSPCommunityFixes.BlockMapViewPartClick.Part_UpdateMouseOver_Prefix () (at <62bb7f5420994f409a34377c091e8538>:0)
	(wrapper dynamic-method) Part.Part.UpdateMouseOver_Patch1(Part)
	Part.Update () (at <4b449f2841f84227adfaad3149c8fdba>:0)
	UnityEngine.DebugLogHandler:LogException(Exception, Object)
	ModuleManager.UnityLogHandle.InterceptLogHandler:LogException(Exception, Object)
	UnityEngine.Debug:CallOverridenDebugHandler(Exception, Object)
[EXC 19:17:39.793] NullReferenceException: Object reference not set to an instance of an object
	KSPCommunityFixes.BlockMapViewPartClick.Part_UpdateMouseOver_Prefix () (at <62bb7f5420994f409a34377c091e8538>:0)
	(wrapper dynamic-method) Part.Part.UpdateMouseOver_Patch1(Part)
	Part.Update () (at <4b449f2841f84227adfaad3149c8fdba>:0)
	UnityEngine.DebugLogHandler:LogException(Exception, Object)
	ModuleManager.UnityLogHandle.InterceptLogHandler:LogException(Exception, Object)
	UnityEngine.Debug:CallOverridenDebugHandler(Exception, Object)
[EXC 19:17:39.793] NullReferenceException: Object reference not set to an instance of an object
	KSPCommunityFixes.BlockMapViewPartClick.Part_UpdateMouseOver_Prefix () (at <62bb7f5420994f409a34377c091e8538>:0)
	(wrapper dynamic-method) Part.Part.UpdateMouseOver_Patch1(Part)
	Part.Update () (at <4b449f2841f84227adfaad3149c8fdba>:0)
	UnityEngine.DebugLogHandler:LogException(Exception, Object)
	ModuleManager.UnityLogHandle.InterceptLogHandler:LogException(Exception, Object)
	UnityEngine.Debug:CallOverridenDebugHandler(Exception, Object)
[EXC 19:17:39.794] NullReferenceException: Object reference not set to an instance of an object
	KSPCommunityFixes.BlockMapViewPartClick.Part_UpdateMouseOver_Prefix () (at <62bb7f5420994f409a34377c091e8538>:0)
	(wrapper dynamic-method) Part.Part.UpdateMouseOver_Patch1(Part)
	Part.Update () (at <4b449f2841f84227adfaad3149c8fdba>:0)
	UnityEngine.DebugLogHandler:LogException(Exception, Object)
	ModuleManager.UnityLogHandle.InterceptLogHandler:LogException(Exception, Object)
	UnityEngine.Debug:CallOverridenDebugHandler(Exception, Object)
[EXC 19:17:39.794] NullReferenceException: Object reference not set to an instance of an object
	KSPCommunityFixes.BlockMapViewPartClick.Part_UpdateMouseOver_Prefix () (at <62bb7f5420994f409a34377c091e8538>:0)
	(wrapper dynamic-method) Part.Part.UpdateMouseOver_Patch1(Part)
	Part.Update () (at <4b449f2841f84227adfaad3149c8fdba>:0)
	UnityEngine.DebugLogHandler:LogException(Exception, Object)
	ModuleManager.UnityLogHandle.InterceptLogHandler:LogException(Exception, Object)
	UnityEngine.Debug:CallOverridenDebugHandler(Exception, Object)
[LOG 19:17:40.028] [UIApp] OnDestroy: ActionGroupsApp
[LOG 19:17:40.029] [UIApp] OnDestroy: AlarmClock
[LOG 19:17:40.035] [UIApp] OnDestroy: KSPedia
[LOG 19:17:40.035] [UIApp] OnDestroy: EngineersReport
[LOG 19:17:40.036] [UIApp] OnDestroy: Contracts
[LOG 19:17:40.036] [UIApp] OnDestroy: DeltaVApp
[LOG 19:17:40.040] [KSPCF:MemoryLeaks] Removed a onPartActionUICreate callback owned by a destroyed Assembly-CSharp:ModuleInventoryPart instance
[LOG 19:17:40.040] [KSPCF:MemoryLeaks] Removed a onPartActionUICreate callback owned by a destroyed Assembly-CSharp:ModuleInventoryPart instance
[LOG 19:17:40.040] [KSPCF:MemoryLeaks] Removed a onPartActionUICreate callback owned by a destroyed Assembly-CSharp:ModuleInventoryPart instance
[LOG 19:17:40.041] [KSPCF:MemoryLeaks] Removed a onEditorScreenChange callback owned by a destroyed Assembly-CSharp:EditorLogic instance
[LOG 19:17:40.041] [KSPCF:MemoryLeaks] Removed a onEditorPartEvent callback owned by a destroyed Assembly-CSharp:ModuleInventoryPart instance
[LOG 19:17:40.041] [KSPCF:MemoryLeaks] Removed a onEditorPartEvent callback owned by a destroyed Assembly-CSharp:ModuleInventoryPart instance
[LOG 19:17:40.041] [KSPCF:MemoryLeaks] Removed a OnPartPurchased callback owned by a destroyed Assembly-CSharp:ModuleInventoryPart instance
[LOG 19:17:40.041] [KSPCF:MemoryLeaks] Removed a OnPartPurchased callback owned by a destroyed Assembly-CSharp:ModuleInventoryPart instance
[LOG 19:17:40.041] [KSPCF:MemoryLeaks] Removed a onModuleInventoryChanged callback owned by a destroyed Assembly-CSharp:ModuleInventoryPart instance
[LOG 19:17:40.041] [KSPCF:MemoryLeaks] Removed a onModuleInventoryChanged callback owned by a destroyed Assembly-CSharp:ModuleInventoryPart instance
[LOG 19:17:40.041] [KSPCF:MemoryLeaks] Removed a onModuleInventoryChanged callback owned by a destroyed Assembly-CSharp:ModuleInventoryPart instance
[LOG 19:17:40.041] [KSPCF:MemoryLeaks] A destroyed KSPCommunityFixes:EditorAnimatedPartsShipModified.ScalarModuleStopListener instance is owning a OnStop callback. No action has been taken, but unless this mod is relying on this pattern, this is likely a memory leak.
[LOG 19:17:40.042] [KSPCF:MemoryLeaks] A destroyed KSPCommunityFixes:EditorAnimatedPartsShipModified.ScalarModuleStopListener instance is owning a JettisonEnd callback. No action has been taken, but unless this mod is relying on this pattern, this is likely a memory leak.
[LOG 19:17:40.042] [KSPCF:MemoryLeaks] Leaving scene "Editor", cleaned 27 memory leaks in 0.003s. GameEvents callbacks : 478. Allocated memory : 1.075 GiB (managed heap), 2.092 GiB (unmanaged)
[LOG 19:17:40.054] UICanvasPrefabSpawner FlightUI spawning Flight
[LOG 19:17:40.079] UICanvasPrefabSpawner FlightUI spawning VesselLabels
[LOG 19:17:40.079] [UiApp] Awake: ResourceDisplay
[LOG 19:17:40.182] [AddonLoader]: Instantiating addon 'AeroGUI' from assembly 'KSP'
[LOG 19:17:40.195] [AddonLoader]: Instantiating addon 'KSPDiagColliders' from assembly 'KSPDiagColliders'
[LOG 19:17:40.195] [KSPDiagColliders] shader Hidden/Internal-Colored, depth test settable: True; display: colliders, hidden by what stands in front
[LOG 19:17:40.195] [PlanetariumCamera]: Focus: Kerbin
[LOG 19:17:40.195] [UIMasterController]: HideUI
[LOG 19:17:40.560] [UIMasterController]: HideUI
[LOG 19:17:40.560] ------------------- initializing flight mode... ------------------
[LOG 19:17:40.561] [SceneLoadSpeedBoost] Save loaded from cache in 0ms
[LOG 19:17:40.564] [MessageSystem] Save Messages
[LOG 19:17:40.565] Vessel Diag3-Rocket recovered
[LOG 19:17:40.566] GetSubclassesOfParentClass: Using cached results for AlarmTypeBase
[LOG 19:17:40.566] Loading Depletion Nodes
[LOG 19:17:40.566] DepNodeCount:  0
[LOG 19:17:40.566] Loading Biome Nodes
[LOG 19:17:40.566] BiomeNodeCount:  0
[LOG 19:17:40.567] Loading Planet Nodes
[LOG 19:17:40.567] PlanetNodeCount:  0
[LOG 19:17:40.568] [ScenarioDestructibles]: Loading... 0 objects registered
[LOG 19:17:40.569] [ScenarioUpgradeableFacilities]: Loading... 0 objects registered
[LOG 19:17:40.572] Loading ship from file: D:\ksp-dev\saves\claude-carriere\Ships\VAB\Diag3-Rocket.craft
[LOG 19:17:40.572] [UIMasterController]: HideUI
[LOG 19:17:40.588] Diag3-Rocket loaded!
[LOG 19:17:42.900] putting ship to ground: 11.36977
[LOG 19:17:42.902] [Diag3-Rocket]: Ready to Launch - waiting to start physics...
[LOG 19:17:42.904] Crewmember Valentina Kerman assigned to Capsule de commande Mk1, seat # 0 (crew seat index: 0)
[LOG 19:17:42.904] [FLIGHT GLOBALS]: Switching To Vessel Diag3-Rocket ---------------------- 
[LOG 19:17:42.904] setting new dominant body: Kerbin
FlightGlobals.mainBody: Kerbin
[LOG 19:17:42.904] Reference Frame: Rotating
[LOG 19:17:42.910] Vessel assembly complete!
[LOG 19:17:45.864] all systems started
[LOG 19:17:45.935] [KSPDiagColliders] body Kerbin, colliders drawn within 300 m of the active vessel
[LOG 19:17:45.951] [KSPDiagColliders] collider localSpace/Kerbin/Kerbin/KSC/SpaceCenter/LaunchPad/Facility/LP_lev2/bunker (MeshCollider, on, layer 15), centre 44 m from the active vessel
[LOG 19:17:45.952] [KSPDiagColliders] collider localSpace/Kerbin/Kerbin/KSC/SpaceCenter/LaunchPad/Facility/LP_lev2/LP_lev2/collider (MeshCollider, on, layer 15), centre 7 m from the active vessel
[LOG 19:17:45.953] [KSPDiagColliders] collider localSpace/Kerbin/Kerbin/KSC/SpaceCenter/LaunchPad/Facility/Flag/flagPole_lev1/model01/Pole (CapsuleCollider, on, layer 15), centre 74 m from the active vessel
[LOG 19:17:45.955] [KSPDiagColliders] collider localSpace/Kerbin/Kerbin/KSC/SpaceCenter/LaunchPad/Facility/Flag/flagPole_lev1/model01/WaterBase (MeshCollider, on, layer 15), centre 74 m from the active vessel
[LOG 19:17:45.971] [KSPDiagColliders] collider localSpace/Kerbin/Kerbin/KSC/SpaceCenter/Runway/Facility/runway_lev1_v2 (MeshCollider, on, layer 15), centre 730 m from the active vessel
[LOG 19:17:45.971] [KSPDiagColliders] collider localSpace/Kerbin/Kerbin/KSC/SpaceCenter/Crawlerway/Facility/crawler_level2 (MeshCollider, on, layer 15), centre 326 m from the active vessel
[LOG 19:17:45.972] [KSPDiagColliders] drawn within 300 m: 2 ground quad(s), 6 collider(s) of statics on, 0 switched off
[LOG 19:17:46.027] [UiApp] Awake: CurrencyWidgetsApp
[LOG 19:17:46.028] [UiApp] Awake: Contracts
[LOG 19:17:46.028] [UiApp] Awake: ResourceDisplay
[LOG 19:17:46.028] [UiApp] Awake: KSPedia
[LOG 19:17:46.028] [UiApp] Awake: Missions App
[LOG 19:17:46.028] [UiApp] Awake: DeltaVApp
[LOG 19:17:46.028] [UiApp] Awake: ActionGroupsApp
[LOG 19:17:46.028] [UiApp] Awake: Construction
[LOG 19:17:46.028] [UiApp] Awake: Cargo
[LOG 19:17:46.028] [UiApp] Awake: AlarmClock
[LOG 19:17:46.028] [UiApp] Awake: ManeuverTool
[LOG 19:17:46.028] [ApplicationLauncher] OnSceneLoadedGUIReady: scene FLIGHT ShouldBeVisible() True ShouldBeOnTop() True iIsPositionedAtTop False
[LOG 19:17:46.028] [ApplicationLauncher] SpawnSimpleLayout: VerticalTopDown
[LOG 19:17:46.033] [KnowledgeBase] OnAppLauncherReady 47236
[LOG 19:17:46.059] [FlightIntegrator]: Reloaded drag cube for zeroed cube root part mk1pod.v2 on vessel Diag3-Rocket
[LOG 19:17:46.060] [FlightIntegrator]: Vessel Diag3-Rocket has been unloaded 1.79769313486232E+308, applying analytic temperature 309.892942329862
[LOG 19:17:46.061] [MessageSystem] Reposition 0.02 47237
[LOG 19:17:46.061] [GenericAppFrame] Reposition 0.02 47237
[LOG 19:17:46.061] [GenericAppFrame] Reposition 0.02 47237
[LOG 19:17:46.143] [PlanetariumCamera]: Focus: Diag3-Rocket
[LOG 19:17:46.158] [UIApp] Adding ResourceDisplay to Application Launcher
[LOG 19:17:46.159] [UIApp] Adding ResourceDisplay to Application Launcher
[LOG 19:17:46.167] [ResourceDisplay] OnAppStarted(): id: -686978
[LOG 19:17:46.168] [GenericAppFrame] Reposition 0.1052867 47241
[LOG 19:17:46.168] [ResourceDisplay] OnAppStarted(): id: 295614
[LOG 19:17:46.168] ResourceDisplay already exist, destroying this instance
[LOG 19:17:46.168] [UIApp] OnDestroy: ResourceDisplay
[LOG 19:17:46.181] [UIApp] Adding AlarmClock to Application Launcher
[LOG 19:17:46.182] [UIApp] Adding ActionGroupsApp to Application Launcher
[LOG 19:17:46.183] [ApplicationLauncher] SetHidden: 
[LOG 19:17:46.184] [UIApp] Adding Missions App to Application Launcher
[LOG 19:17:46.185] [UIApp] Adding Contracts to Application Launcher
[LOG 19:17:46.186] CURRENCY WIDGET True True True
[LOG 19:17:46.186] [UIApp] Adding CurrencyWidgetsApp to Application Launcher
[LOG 19:17:46.211] [GenericAppFrame] Reposition 0.133701 47243
[LOG 19:17:46.216] [ActionGroupsApp] OnAppStarted(): id: -687002
[LOG 19:17:46.217] [GenericAppFrame] Reposition 0.133701 47243
[LOG 19:17:46.217] [UIApp] Adding DeltaVApp to Application Launcher
[LOG 19:17:46.219] [MissionsApp] OnAppStarted(): id: -686990
[LOG 19:17:46.219] MissionsApp does not execute in this game mode, destroying this instance
[LOG 19:17:46.219] [UIApp] OnDestroy: Missions App
[LOG 19:17:46.220] [GenericAppFrame] Reposition 0.133701 47243
[LOG 19:17:46.232] [GenericAppFrame] Reposition 0.169276 47244
[LOG 19:17:46.242] [UIApp] Adding Cargo to Application Launcher
[LOG 19:17:46.244] [UIApp] Adding Construction to Application Launcher
[LOG 19:17:46.245] [UIApp] Adding KSPedia to Application Launcher
[LOG 19:17:46.258] [ApplicationLauncher] SetHidden: 
[LOG 19:17:46.298] Flight State Captured
[WRN 19:17:46.298] [ProtoCrewMember Warning]: Crewmember Jebediah Kerman found assigned but no vessels reference him. Jebediah Kerman set as missing.
[LOG 19:17:46.299] Saving Achievements Tree...
[LOG 19:17:46.299] [MessageSystem] Save Messages
[LOG 19:17:46.310] Game State Saved as persistent
[LOG 19:17:47.048] [Diag3-Rocket]: ground contact! - error. Moving Vessel  down -0.172m
[LOG 19:17:47.048] Unpacking Diag3-Rocket
[LOG 19:17:47.054] [UIMasterController]: ShowUI
[LOG 19:17:57.096] [KSPDiagColliders] under 'Diag3-Rocket' PRELAUNCH lat=-0.097178 lon=-74.557691: [collider (LP_lev2) 2736.148 mm, active=True] [Kerbin Zn1232223323 (PQStorage) -190.969 mm, active=True]
[LOG 19:17:57.104] [FlightDriver]: Flight State Reverted to Prelaunch.
[LOG 19:17:57.114] Game State Saved as persistent
[LOG 19:17:57.114] [MessageSystem] Load Messages
[LOG 19:17:57.115] [UIMasterController]: HideUI
[LOG 19:17:57.124] [HighLogic]: =========================== Scene Change : From FLIGHT to EDITOR =====================
[LOG 19:17:57.444] KbApp.OnDestroy Vessel Crew
[LOG 19:17:57.444] KbApp.OnDestroy Vessel Info
[LOG 19:17:57.445] [UIApp] OnDestroy: ResourceDisplay
[LOG 19:17:57.445] [UIApp] OnDestroy: ActionGroupsApp
[LOG 19:17:57.445] KbApp.OnDestroy Planet Resources
[LOG 19:17:57.445] [UIApp] OnDestroy: DeltaVApp
[LOG 19:17:57.445] KbApp.OnDestroy NullName
[LOG 19:17:57.445] [UIApp] OnDestroy: ManeuverTool
[LOG 19:17:57.446] [UIApp] OnDestroy: Cargo
[LOG 19:17:57.446] [UIApp] OnDestroy: CurrencyWidgetsApp
[LOG 19:17:57.447] KbApp.OnDestroy Planet Parameters
[LOG 19:17:57.447] [UIApp] OnDestroy: KSPedia
[LOG 19:17:57.447] KbApp.OnDestroy Unowned Info
[LOG 19:17:57.447] [UIApp] OnDestroy: AlarmClock
[LOG 19:17:57.447] [UIApp] OnDestroy: Construction
[LOG 19:17:57.447] [UIApp] OnDestroy: Contracts
[LOG 19:17:57.448] KbApp.OnDestroy Planet Info
[LOG 19:17:57.449] [KSPCF:MemoryLeaks] Removed a OnMapExited callback owned by a destroyed Assembly-CSharp:NavBallToggle instance
[LOG 19:17:57.449] [KSPCF:MemoryLeaks] Removed a OnGameSettingsApplied callback owned by a destroyed Assembly-CSharp:VesselAutopilotUI instance
[LOG 19:17:57.450] [KSPCF:MemoryLeaks] Removed a onPartActionUICreate callback owned by a destroyed Assembly-CSharp:ModuleInventoryPart instance
[LOG 19:17:57.450] [KSPCF:MemoryLeaks] Removed a onModuleInventoryChanged callback owned by a destroyed Assembly-CSharp:ModuleInventoryPart instance
[LOG 19:17:57.450] [KSPCF:MemoryLeaks] Removed a OnEVAConstructionMode callback owned by a destroyed Assembly-CSharp:ModuleCargoPart instance
[LOG 19:17:57.450] [KSPCF:MemoryLeaks] Removed a OnEVAConstructionMode callback owned by a destroyed Assembly-CSharp:ModuleCargoPart instance
[LOG 19:17:57.450] [KSPCF:MemoryLeaks] Removed a OnEVAConstructionMode callback owned by a destroyed Assembly-CSharp:ModuleCargoPart instance
[LOG 19:17:57.450] [KSPCF:MemoryLeaks] Removed a OnEVAConstructionMode callback owned by a destroyed Assembly-CSharp:ModuleCargoPart instance
[LOG 19:17:57.450] [KSPCF:MemoryLeaks] Removed a OnEVAConstructionMode callback owned by a destroyed Assembly-CSharp:ModuleCargoPart instance
[LOG 19:17:57.450] [KSPCF:MemoryLeaks] Removed a OnEVAConstructionMode callback owned by a destroyed Assembly-CSharp:ModuleCargoPart instance
[LOG 19:17:57.451] [KSPCF:MemoryLeaks] Removed a OnEVAConstructionMode callback owned by a destroyed Assembly-CSharp:ModuleCargoPart instance
[LOG 19:17:57.451] [KSPCF:MemoryLeaks] Removed a OnEVAConstructionMode callback owned by a destroyed Assembly-CSharp:ModuleCargoPart instance
[LOG 19:17:57.451] [KSPCF:MemoryLeaks] Removed a OnEVAConstructionMode callback owned by a destroyed Assembly-CSharp:ModuleCargoPart instance
[LOG 19:17:57.451] [KSPCF:MemoryLeaks] Removed a OnEVAConstructionMode callback owned by a destroyed Assembly-CSharp:ModuleCargoPart instance
[LOG 19:17:57.451] [KSPCF:MemoryLeaks] Removed a OnEVAConstructionMode callback owned by a destroyed Assembly-CSharp:ModuleCargoPart instance
[LOG 19:17:57.451] [KSPCF:MemoryLeaks] Removed a OnEVAConstructionMode callback owned by a destroyed Assembly-CSharp:ModuleCargoPart instance
[LOG 19:17:57.451] [KSPCF:MemoryLeaks] Removed a OnEVAConstructionMode callback owned by a destroyed Assembly-CSharp:ModuleCargoPart instance
[LOG 19:17:57.451] [KSPCF:MemoryLeaks] Removed a OnEVAConstructionMode callback owned by a destroyed Assembly-CSharp:ModuleCargoPart instance
[LOG 19:17:57.451] [KSPCF:MemoryLeaks] Removed a OnEVAConstructionMode callback owned by a destroyed Assembly-CSharp:ModuleCargoPart instance
[LOG 19:17:57.451] [KSPCF:MemoryLeaks] Removed a OnEVAConstructionMode callback owned by a destroyed Assembly-CSharp:ModuleCargoPart instance
[LOG 19:17:57.451] [KSPCF:MemoryLeaks] Removed a OnEVAConstructionMode callback owned by a destroyed Assembly-CSharp:ModuleCargoPart instance
[LOG 19:17:57.451] [KSPCF:MemoryLeaks] Removed a OnEVAConstructionMode callback owned by a destroyed Assembly-CSharp:ModuleCargoPart instance
[LOG 19:17:57.451] [KSPCF:MemoryLeaks] Removed a TimingManager.Instance.timing5.onLateUpdate callback owned by a destroyed Assembly-CSharp:MapView instance
[LOG 19:17:57.452] [KSPCF:MemoryLeaks] Leaving scene "Flight", cleaned 71 memory leaks in 0.003s. GameEvents callbacks : 372. Allocated memory : 1.099 GiB (managed heap), 2.21 GiB (unmanaged)
[LOG 19:17:57.462] UICanvasPrefabSpawner SceneLogic spawning Editor
[LOG 19:17:57.483] Aucun verrouillage commandes en cours
[LOG 19:17:57.614] [UIMasterController]: ShowUI
[LOG 19:17:58.100] [UIMasterController]: ShowUI
[LOG 19:17:58.243] [UIMasterController]: ShowUI
[LOG 19:17:58.254] ------------------- initializing editor mode... ------------------
[LOG 19:17:58.254] editor started
[LOG 19:17:58.257] [SceneLoadSpeedBoost] Save loaded from disk in 3ms
[LOG 19:17:58.259] GetSubclassesOfParentClass: Using cached results for AlarmTypeBase
[LOG 19:17:58.260] Loading Depletion Nodes
[LOG 19:17:58.260] DepNodeCount:  0
[LOG 19:17:58.260] Loading Biome Nodes
[LOG 19:17:58.260] BiomeNodeCount:  0
[LOG 19:17:58.260] Loading Planet Nodes
[LOG 19:17:58.260] PlanetNodeCount:  0
[LOG 19:17:58.262] [ScenarioDestructibles]: Loading... 0 objects registered
[LOG 19:17:58.262] [ScenarioUpgradeableFacilities]: Loading... 0 objects registered
[LOG 19:17:58.375] Diag3-Rocket loaded!
[LOG 19:17:58.385] Saving Achievements Tree...
[LOG 19:17:58.385] [MessageSystem] Save Messages
[LOG 19:17:58.397] Game State Saved to saves/claude-carriere/persistent
[WRN 19:17:58.473] HighlightingSystem : Framebuffer depth data is not available and can't be used to occlude highlighting. Highlighting occluders enabled.
[LOG 19:17:58.479] [UiApp] Awake: EngineersReport
[LOG 19:17:58.479] [UiApp] Awake: Contracts
[LOG 19:17:58.479] [UiApp] Awake: KSPedia
[LOG 19:17:58.479] [UiApp] Awake: Missions App
[LOG 19:17:58.479] [UiApp] Awake: DeltaVApp
[LOG 19:17:58.480] [UiApp] Awake: ActionGroupsApp
[LOG 19:17:58.480] [UiApp] Awake: AlarmClock
[LOG 19:17:58.480] [ApplicationLauncher] OnSceneLoadedGUIReady: scene EDITOR ShouldBeVisible() True ShouldBeOnTop() False iIsPositionedAtTop True
[LOG 19:17:58.480] [ApplicationLauncher] SpawnSimpleLayout: HorizontalRightLeft
[LOG 19:17:58.510] [MessageSystem] Reposition 0.02 48678
[LOG 19:17:58.510] [GenericAppFrame] Reposition 0.02 48678
[LOG 19:17:58.510] [GenericAppFrame] Reposition 0.02 48678
[LOG 19:17:58.566] [UIApp] Adding AlarmClock to Application Launcher
[LOG 19:17:58.567] [UIApp] Adding ActionGroupsApp to Application Launcher
[LOG 19:17:58.568] [ApplicationLauncher] SetHidden: 
[LOG 19:17:58.569] [UIApp] Adding Missions App to Application Launcher
[LOG 19:17:58.570] [UIApp] Adding Contracts to Application Launcher
[LOG 19:17:58.571] [UIApp] Adding EngineersReport to Application Launcher
[LOG 19:17:58.595] [GenericAppFrame] Reposition 0.0928437 48684
[LOG 19:17:58.601] [ActionGroupsApp] OnAppStarted(): id: -724000
[LOG 19:17:58.601] [GenericAppFrame] Reposition 0.0928437 48684
[LOG 19:17:58.602] [UIApp] Adding DeltaVApp to Application Launcher
[LOG 19:17:58.603] [MissionsApp] OnAppStarted(): id: -723988
[LOG 19:17:58.603] MissionsApp does not execute in this game mode, destroying this instance
[LOG 19:17:58.603] [UIApp] OnDestroy: Missions App
[LOG 19:17:58.604] [GenericAppFrame] Reposition 0.0928437 48684
[LOG 19:17:58.605] [GenericAppFrame] Reposition 0.0928437 48684
[LOG 19:17:58.636] [GenericAppFrame] Reposition 0.1328437 48685
[LOG 19:17:58.652] [UIApp] Adding KSPedia to Application Launcher
[LOG 19:18:01.641] Launching vessel from LaunchPad. Craft file: D:\ksp-dev\saves\claude-carriere\Ships\VAB\Diag3-Rocket.craft
[LOG 19:18:01.641] Saving Achievements Tree...
[LOG 19:18:01.642] [MessageSystem] Save Messages
[LOG 19:18:01.653] Game State Saved to saves/claude-carriere/persistent
[LOG 19:18:01.662] [UIMasterController]: HideUI
[LOG 19:18:01.721] [HighLogic]: =========================== Scene Change : From EDITOR to FLIGHT =====================
[EXC 19:18:01.722] NullReferenceException: Object reference not set to an instance of an object
	KSPCommunityFixes.BlockMapViewPartClick.Part_UpdateMouseOver_Prefix () (at <62bb7f5420994f409a34377c091e8538>:0)
	(wrapper dynamic-method) Part.Part.UpdateMouseOver_Patch1(Part)
	Part.Update () (at <4b449f2841f84227adfaad3149c8fdba>:0)
	UnityEngine.DebugLogHandler:LogException(Exception, Object)
	ModuleManager.UnityLogHandle.InterceptLogHandler:LogException(Exception, Object)
	UnityEngine.Debug:CallOverridenDebugHandler(Exception, Object)
[EXC 19:18:01.723] NullReferenceException: Object reference not set to an instance of an object
	KSPCommunityFixes.BlockMapViewPartClick.Part_UpdateMouseOver_Prefix () (at <62bb7f5420994f409a34377c091e8538>:0)
	(wrapper dynamic-method) Part.Part.UpdateMouseOver_Patch1(Part)
	Part.Update () (at <4b449f2841f84227adfaad3149c8fdba>:0)
	UnityEngine.DebugLogHandler:LogException(Exception, Object)
	ModuleManager.UnityLogHandle.InterceptLogHandler:LogException(Exception, Object)
	UnityEngine.Debug:CallOverridenDebugHandler(Exception, Object)
[EXC 19:18:01.724] NullReferenceException: Object reference not set to an instance of an object
	KSPCommunityFixes.BlockMapViewPartClick.Part_UpdateMouseOver_Prefix () (at <62bb7f5420994f409a34377c091e8538>:0)
	(wrapper dynamic-method) Part.Part.UpdateMouseOver_Patch1(Part)
	Part.Update () (at <4b449f2841f84227adfaad3149c8fdba>:0)
	UnityEngine.DebugLogHandler:LogException(Exception, Object)
	ModuleManager.UnityLogHandle.InterceptLogHandler:LogException(Exception, Object)
	UnityEngine.Debug:CallOverridenDebugHandler(Exception, Object)
[EXC 19:18:01.724] NullReferenceException: Object reference not set to an instance of an object
	KSPCommunityFixes.BlockMapViewPartClick.Part_UpdateMouseOver_Prefix () (at <62bb7f5420994f409a34377c091e8538>:0)
	(wrapper dynamic-method) Part.Part.UpdateMouseOver_Patch1(Part)
	Part.Update () (at <4b449f2841f84227adfaad3149c8fdba>:0)
	UnityEngine.DebugLogHandler:LogException(Exception, Object)
	ModuleManager.UnityLogHandle.InterceptLogHandler:LogException(Exception, Object)
	UnityEngine.Debug:CallOverridenDebugHandler(Exception, Object)
[EXC 19:18:01.725] NullReferenceException: Object reference not set to an instance of an object
	KSPCommunityFixes.BlockMapViewPartClick.Part_UpdateMouseOver_Prefix () (at <62bb7f5420994f409a34377c091e8538>:0)
	(wrapper dynamic-method) Part.Part.UpdateMouseOver_Patch1(Part)
	Part.Update () (at <4b449f2841f84227adfaad3149c8fdba>:0)
	UnityEngine.DebugLogHandler:LogException(Exception, Object)
	ModuleManager.UnityLogHandle.InterceptLogHandler:LogException(Exception, Object)
	UnityEngine.Debug:CallOverridenDebugHandler(Exception, Object)
[EXC 19:18:01.726] NullReferenceException: Object reference not set to an instance of an object
	KSPCommunityFixes.BlockMapViewPartClick.Part_UpdateMouseOver_Prefix () (at <62bb7f5420994f409a34377c091e8538>:0)
	(wrapper dynamic-method) Part.Part.UpdateMouseOver_Patch1(Part)
	Part.Update () (at <4b449f2841f84227adfaad3149c8fdba>:0)
	UnityEngine.DebugLogHandler:LogException(Exception, Object)
	ModuleManager.UnityLogHandle.InterceptLogHandler:LogException(Exception, Object)
	UnityEngine.Debug:CallOverridenDebugHandler(Exception, Object)
[EXC 19:18:01.727] NullReferenceException: Object reference not set to an instance of an object
	KSPCommunityFixes.BlockMapViewPartClick.Part_UpdateMouseOver_Prefix () (at <62bb7f5420994f409a34377c091e8538>:0)
	(wrapper dynamic-method) Part.Part.UpdateMouseOver_Patch1(Part)
	Part.Update () (at <4b449f2841f84227adfaad3149c8fdba>:0)
	UnityEngine.DebugLogHandler:LogException(Exception, Object)
	ModuleManager.UnityLogHandle.InterceptLogHandler:LogException(Exception, Object)
	UnityEngine.Debug:CallOverridenDebugHandler(Exception, Object)
[EXC 19:18:01.728] NullReferenceException: Object reference not set to an instance of an object
	KSPCommunityFixes.BlockMapViewPartClick.Part_UpdateMouseOver_Prefix () (at <62bb7f5420994f409a34377c091e8538>:0)
	(wrapper dynamic-method) Part.Part.UpdateMouseOver_Patch1(Part)
	Part.Update () (at <4b449f2841f84227adfaad3149c8fdba>:0)
	UnityEngine.DebugLogHandler:LogException(Exception, Object)
	ModuleManager.UnityLogHandle.InterceptLogHandler:LogException(Exception, Object)
	UnityEngine.Debug:CallOverridenDebugHandler(Exception, Object)
[EXC 19:18:01.730] NullReferenceException: Object reference not set to an instance of an object
	KSPCommunityFixes.BlockMapViewPartClick.Part_UpdateMouseOver_Prefix () (at <62bb7f5420994f409a34377c091e8538>:0)
	(wrapper dynamic-method) Part.Part.UpdateMouseOver_Patch1(Part)
	Part.Update () (at <4b449f2841f84227adfaad3149c8fdba>:0)
	UnityEngine.DebugLogHandler:LogException(Exception, Object)
	ModuleManager.UnityLogHandle.InterceptLogHandler:LogException(Exception, Object)
	UnityEngine.Debug:CallOverridenDebugHandler(Exception, Object)
[LOG 19:18:01.947] [UIApp] OnDestroy: AlarmClock
[LOG 19:18:01.947] [UIApp] OnDestroy: KSPedia
[LOG 19:18:01.947] [UIApp] OnDestroy: Contracts
[LOG 19:18:01.947] [UIApp] OnDestroy: ActionGroupsApp
[LOG 19:18:01.948] [UIApp] OnDestroy: DeltaVApp
[LOG 19:18:01.948] [UIApp] OnDestroy: EngineersReport
[LOG 19:18:01.957] [KSPCF:MemoryLeaks] Removed a onPartActionUICreate callback owned by a destroyed Assembly-CSharp:ModuleInventoryPart instance
[LOG 19:18:01.957] [KSPCF:MemoryLeaks] Removed a onPartActionUICreate callback owned by a destroyed Assembly-CSharp:ModuleInventoryPart instance
[LOG 19:18:01.957] [KSPCF:MemoryLeaks] Removed a onEditorScreenChange callback owned by a destroyed Assembly-CSharp:EditorLogic instance
[LOG 19:18:01.957] [KSPCF:MemoryLeaks] Removed a onEditorPartEvent callback owned by a destroyed Assembly-CSharp:ModuleInventoryPart instance
[LOG 19:18:01.957] [KSPCF:MemoryLeaks] Removed a OnPartPurchased callback owned by a destroyed Assembly-CSharp:ModuleInventoryPart instance
[LOG 19:18:01.957] [KSPCF:MemoryLeaks] Removed a onModuleInventoryChanged callback owned by a destroyed Assembly-CSharp:ModuleInventoryPart instance
[LOG 19:18:01.958] [KSPCF:MemoryLeaks] Removed a onModuleInventoryChanged callback owned by a destroyed Assembly-CSharp:ModuleInventoryPart instance
[LOG 19:18:01.958] [KSPCF:MemoryLeaks] A destroyed KSPCommunityFixes:EditorAnimatedPartsShipModified.ScalarModuleStopListener instance is owning a OnStop callback. No action has been taken, but unless this mod is relying on this pattern, this is likely a memory leak.
[LOG 19:18:01.958] [KSPCF:MemoryLeaks] A destroyed KSPCommunityFixes:EditorAnimatedPartsShipModified.ScalarModuleStopListener instance is owning a JettisonEnd callback. No action has been taken, but unless this mod is relying on this pattern, this is likely a memory leak.
[LOG 19:18:01.958] [KSPCF:MemoryLeaks] Leaving scene "Editor", cleaned 23 memory leaks in 0.003s. GameEvents callbacks : 478. Allocated memory : 1.08 GiB (managed heap), 2.093 GiB (unmanaged)
[LOG 19:18:01.970] UICanvasPrefabSpawner FlightUI spawning Flight
[LOG 19:18:01.994] UICanvasPrefabSpawner FlightUI spawning VesselLabels
[LOG 19:18:01.994] [UiApp] Awake: ResourceDisplay
[LOG 19:18:02.098] [AddonLoader]: Instantiating addon 'AeroGUI' from assembly 'KSP'
[LOG 19:18:02.112] [AddonLoader]: Instantiating addon 'KSPDiagColliders' from assembly 'KSPDiagColliders'
[LOG 19:18:02.112] [KSPDiagColliders] shader Hidden/Internal-Colored, depth test settable: True; display: colliders, hidden by what stands in front
[LOG 19:18:02.112] [PlanetariumCamera]: Focus: Kerbin
[LOG 19:18:02.112] [UIMasterController]: HideUI
[LOG 19:18:02.477] [UIMasterController]: HideUI
[LOG 19:18:02.477] ------------------- initializing flight mode... ------------------
[LOG 19:18:02.478] [SceneLoadSpeedBoost] Save loaded from cache in 0ms
[LOG 19:18:02.481] [MessageSystem] Save Messages
[LOG 19:18:02.481] Vessel Diag3-Rocket recovered
[LOG 19:18:02.482] GetSubclassesOfParentClass: Using cached results for AlarmTypeBase
[LOG 19:18:02.483] Loading Depletion Nodes
[LOG 19:18:02.483] DepNodeCount:  0
[LOG 19:18:02.483] Loading Biome Nodes
[LOG 19:18:02.483] BiomeNodeCount:  0
[LOG 19:18:02.483] Loading Planet Nodes
[LOG 19:18:02.483] PlanetNodeCount:  0
[LOG 19:18:02.485] [ScenarioDestructibles]: Loading... 0 objects registered
[LOG 19:18:02.486] [ScenarioUpgradeableFacilities]: Loading... 0 objects registered
[LOG 19:18:02.488] Loading ship from file: D:\ksp-dev\saves\claude-carriere\Ships\VAB\Diag3-Rocket.craft
[LOG 19:18:02.488] [UIMasterController]: HideUI
[LOG 19:18:02.506] Diag3-Rocket loaded!
[LOG 19:18:04.840] putting ship to ground: 11.36977
[LOG 19:18:04.843] [Diag3-Rocket]: Ready to Launch - waiting to start physics...
[LOG 19:18:04.844] Crewmember Valentina Kerman assigned to Capsule de commande Mk1, seat # 0 (crew seat index: 0)
[LOG 19:18:04.844] [FLIGHT GLOBALS]: Switching To Vessel Diag3-Rocket ---------------------- 
[LOG 19:18:04.845] setting new dominant body: Kerbin
FlightGlobals.mainBody: Kerbin
[LOG 19:18:04.845] Reference Frame: Rotating
[LOG 19:18:04.850] Vessel assembly complete!
[LOG 19:18:07.746] all systems started
[LOG 19:18:07.817] [KSPDiagColliders] body Kerbin, colliders drawn within 300 m of the active vessel
[LOG 19:18:07.834] [KSPDiagColliders] collider localSpace/Kerbin/Kerbin/KSC/SpaceCenter/LaunchPad/Facility/LP_lev2/bunker (MeshCollider, on, layer 15), centre 44 m from the active vessel
[LOG 19:18:07.835] [KSPDiagColliders] collider localSpace/Kerbin/Kerbin/KSC/SpaceCenter/LaunchPad/Facility/LP_lev2/LP_lev2/collider (MeshCollider, on, layer 15), centre 7 m from the active vessel
[LOG 19:18:07.836] [KSPDiagColliders] collider localSpace/Kerbin/Kerbin/KSC/SpaceCenter/LaunchPad/Facility/Flag/flagPole_lev1/model01/Pole (CapsuleCollider, on, layer 15), centre 74 m from the active vessel
[LOG 19:18:07.837] [KSPDiagColliders] collider localSpace/Kerbin/Kerbin/KSC/SpaceCenter/LaunchPad/Facility/Flag/flagPole_lev1/model01/WaterBase (MeshCollider, on, layer 15), centre 74 m from the active vessel
[LOG 19:18:07.856] [KSPDiagColliders] collider localSpace/Kerbin/Kerbin/KSC/SpaceCenter/Runway/Facility/runway_lev1_v2 (MeshCollider, on, layer 15), centre 730 m from the active vessel
[LOG 19:18:07.856] [KSPDiagColliders] collider localSpace/Kerbin/Kerbin/KSC/SpaceCenter/Crawlerway/Facility/crawler_level2 (MeshCollider, on, layer 15), centre 326 m from the active vessel
[LOG 19:18:07.856] [KSPDiagColliders] drawn within 300 m: 2 ground quad(s), 6 collider(s) of statics on, 0 switched off
[LOG 19:18:07.908] [UiApp] Awake: CurrencyWidgetsApp
[LOG 19:18:07.908] [UiApp] Awake: Contracts
[LOG 19:18:07.908] [UiApp] Awake: ResourceDisplay
[LOG 19:18:07.908] [UiApp] Awake: KSPedia
[LOG 19:18:07.908] [UiApp] Awake: Missions App
[LOG 19:18:07.909] [UiApp] Awake: DeltaVApp
[LOG 19:18:07.909] [UiApp] Awake: ActionGroupsApp
[LOG 19:18:07.909] [UiApp] Awake: Construction
[LOG 19:18:07.909] [UiApp] Awake: Cargo
[LOG 19:18:07.909] [UiApp] Awake: AlarmClock
[LOG 19:18:07.909] [UiApp] Awake: ManeuverTool
[LOG 19:18:07.909] [ApplicationLauncher] OnSceneLoadedGUIReady: scene FLIGHT ShouldBeVisible() True ShouldBeOnTop() True iIsPositionedAtTop False
[LOG 19:18:07.909] [ApplicationLauncher] SpawnSimpleLayout: VerticalTopDown
[LOG 19:18:07.913] [KnowledgeBase] OnAppLauncherReady 49079
[LOG 19:18:07.942] [FlightIntegrator]: Reloaded drag cube for zeroed cube root part mk1pod.v2 on vessel Diag3-Rocket
[LOG 19:18:07.942] [FlightIntegrator]: Vessel Diag3-Rocket has been unloaded 1.79769313486232E+308, applying analytic temperature 309.893865057627
[LOG 19:18:07.943] [MessageSystem] Reposition 0.02 49080
[LOG 19:18:07.943] [GenericAppFrame] Reposition 0.02 49080
[LOG 19:18:07.943] [GenericAppFrame] Reposition 0.02 49080
[LOG 19:18:08.025] [PlanetariumCamera]: Focus: Diag3-Rocket
[LOG 19:18:08.042] [UIApp] Adding ResourceDisplay to Application Launcher
[LOG 19:18:08.043] [UIApp] Adding ResourceDisplay to Application Launcher
[LOG 19:18:08.052] [ResourceDisplay] OnAppStarted(): id: -760868
[LOG 19:18:08.053] [GenericAppFrame] Reposition 0.1089058 49084
[LOG 19:18:08.054] [ResourceDisplay] OnAppStarted(): id: 321264
[LOG 19:18:08.054] ResourceDisplay already exist, destroying this instance
[LOG 19:18:08.054] [UIApp] OnDestroy: ResourceDisplay
[LOG 19:18:08.067] [UIApp] Adding AlarmClock to Application Launcher
[LOG 19:18:08.068] [UIApp] Adding ActionGroupsApp to Application Launcher
[LOG 19:18:08.069] [ApplicationLauncher] SetHidden: 
[LOG 19:18:08.070] [UIApp] Adding Missions App to Application Launcher
[LOG 19:18:08.071] [UIApp] Adding Contracts to Application Launcher
[LOG 19:18:08.072] CURRENCY WIDGET True True True
[LOG 19:18:08.072] [UIApp] Adding CurrencyWidgetsApp to Application Launcher
[LOG 19:18:08.097] [GenericAppFrame] Reposition 0.1386455 49086
[LOG 19:18:08.102] [ActionGroupsApp] OnAppStarted(): id: -760892
[LOG 19:18:08.103] [GenericAppFrame] Reposition 0.1386455 49086
[LOG 19:18:08.103] [UIApp] Adding DeltaVApp to Application Launcher
[LOG 19:18:08.105] [MissionsApp] OnAppStarted(): id: -760880
[LOG 19:18:08.105] MissionsApp does not execute in this game mode, destroying this instance
[LOG 19:18:08.105] [UIApp] OnDestroy: Missions App
[LOG 19:18:08.106] [GenericAppFrame] Reposition 0.1386455 49086
[LOG 19:18:08.118] [GenericAppFrame] Reposition 0.173819 49087
[LOG 19:18:08.129] [UIApp] Adding Cargo to Application Launcher
[LOG 19:18:08.131] [UIApp] Adding Construction to Application Launcher
[LOG 19:18:08.132] [UIApp] Adding KSPedia to Application Launcher
[LOG 19:18:08.147] [ApplicationLauncher] SetHidden: 
[LOG 19:18:08.188] Flight State Captured
[WRN 19:18:08.188] [ProtoCrewMember Warning]: Crewmember Jebediah Kerman found assigned but no vessels reference him. Jebediah Kerman set as missing.
[LOG 19:18:08.188] Saving Achievements Tree...
[LOG 19:18:08.189] [MessageSystem] Save Messages
[LOG 19:18:08.199] Game State Saved as persistent
[LOG 19:18:08.936] [Diag3-Rocket]: ground contact! - error. Moving Vessel  down -0.168m
[LOG 19:18:08.936] Unpacking Diag3-Rocket
[LOG 19:18:08.941] [UIMasterController]: ShowUI
[LOG 19:18:18.983] [KSPDiagColliders] under 'Diag3-Rocket' PRELAUNCH lat=-0.097178 lon=-74.557700: [collider (LP_lev2) 2773.411 mm, active=True] [Kerbin Zn1232223323 (PQStorage) -163.064 mm, active=True]
[LOG 19:18:18.994] Flight State Captured
[LOG 19:18:18.994] Saving Achievements Tree...
[LOG 19:18:18.995] [MessageSystem] Save Messages
[LOG 19:18:19.007] Game State Saved to saves/claude-carriere/persistent
[LOG 19:18:19.015] [UIMasterController]: HideUI
[LOG 19:18:19.023] [HighLogic]: =========================== Scene Change : From FLIGHT to SPACECENTER =====================
[LOG 19:18:19.312] KbApp.OnDestroy Vessel Info
[LOG 19:18:19.312] [UIApp] OnDestroy: KSPedia
[LOG 19:18:19.313] KbApp.OnDestroy Unowned Info
[LOG 19:18:19.313] [UIApp] OnDestroy: ManeuverTool
[LOG 19:18:19.313] [UIApp] OnDestroy: Contracts
[LOG 19:18:19.313] [UIApp] OnDestroy: Cargo
[LOG 19:18:19.313] KbApp.OnDestroy Planet Parameters
[LOG 19:18:19.314] [UIApp] OnDestroy: ActionGroupsApp
[LOG 19:18:19.315] [UIApp] OnDestroy: Construction
[LOG 19:18:19.315] KbApp.OnDestroy NullName
[LOG 19:18:19.315] [UIApp] OnDestroy: CurrencyWidgetsApp
[LOG 19:18:19.316] KbApp.OnDestroy Planet Info
[LOG 19:18:19.316] KbApp.OnDestroy Planet Resources
[LOG 19:18:19.316] [UIApp] OnDestroy: ResourceDisplay
[LOG 19:18:19.316] [UIApp] OnDestroy: DeltaVApp
[LOG 19:18:19.316] KbApp.OnDestroy Vessel Crew
[LOG 19:18:19.316] [UIApp] OnDestroy: AlarmClock
[LOG 19:18:19.318] [KSPCF:MemoryLeaks] Removed a OnMapExited callback owned by a destroyed Assembly-CSharp:NavBallToggle instance
[LOG 19:18:19.318] [KSPCF:MemoryLeaks] Removed a OnGameSettingsApplied callback owned by a destroyed Assembly-CSharp:VesselAutopilotUI instance
[LOG 19:18:19.318] [KSPCF:MemoryLeaks] Removed a onPartActionUICreate callback owned by a destroyed Assembly-CSharp:ModuleInventoryPart instance
[LOG 19:18:19.319] [KSPCF:MemoryLeaks] Removed a onModuleInventoryChanged callback owned by a destroyed Assembly-CSharp:ModuleInventoryPart instance
[LOG 19:18:19.319] [KSPCF:MemoryLeaks] Removed a OnEVAConstructionMode callback owned by a destroyed Assembly-CSharp:ModuleCargoPart instance
[LOG 19:18:19.319] [KSPCF:MemoryLeaks] Removed a OnEVAConstructionMode callback owned by a destroyed Assembly-CSharp:ModuleCargoPart instance
[LOG 19:18:19.319] [KSPCF:MemoryLeaks] Removed a OnEVAConstructionMode callback owned by a destroyed Assembly-CSharp:ModuleCargoPart instance
[LOG 19:18:19.319] [KSPCF:MemoryLeaks] Removed a OnEVAConstructionMode callback owned by a destroyed Assembly-CSharp:ModuleCargoPart instance
[LOG 19:18:19.319] [KSPCF:MemoryLeaks] Removed a OnEVAConstructionMode callback owned by a destroyed Assembly-CSharp:ModuleCargoPart instance
[LOG 19:18:19.319] [KSPCF:MemoryLeaks] Removed a OnEVAConstructionMode callback owned by a destroyed Assembly-CSharp:ModuleCargoPart instance
[LOG 19:18:19.319] [KSPCF:MemoryLeaks] Removed a OnEVAConstructionMode callback owned by a destroyed Assembly-CSharp:ModuleCargoPart instance
[LOG 19:18:19.319] [KSPCF:MemoryLeaks] Removed a OnEVAConstructionMode callback owned by a destroyed Assembly-CSharp:ModuleCargoPart instance
[LOG 19:18:19.319] [KSPCF:MemoryLeaks] Removed a OnEVAConstructionMode callback owned by a destroyed Assembly-CSharp:ModuleCargoPart instance
[LOG 19:18:19.319] [KSPCF:MemoryLeaks] Removed a OnEVAConstructionMode callback owned by a destroyed Assembly-CSharp:ModuleCargoPart instance
[LOG 19:18:19.319] [KSPCF:MemoryLeaks] Removed a OnEVAConstructionMode callback owned by a destroyed Assembly-CSharp:ModuleCargoPart instance
[LOG 19:18:19.319] [KSPCF:MemoryLeaks] Removed a OnEVAConstructionMode callback owned by a destroyed Assembly-CSharp:ModuleCargoPart instance
[LOG 19:18:19.319] [KSPCF:MemoryLeaks] Removed a OnEVAConstructionMode callback owned by a destroyed Assembly-CSharp:ModuleCargoPart instance
[LOG 19:18:19.319] [KSPCF:MemoryLeaks] Removed a OnEVAConstructionMode callback owned by a destroyed Assembly-CSharp:ModuleCargoPart instance
[LOG 19:18:19.319] [KSPCF:MemoryLeaks] Removed a OnEVAConstructionMode callback owned by a destroyed Assembly-CSharp:ModuleCargoPart instance
[LOG 19:18:19.319] [KSPCF:MemoryLeaks] Removed a OnEVAConstructionMode callback owned by a destroyed Assembly-CSharp:ModuleCargoPart instance
[LOG 19:18:19.319] [KSPCF:MemoryLeaks] Removed a OnEVAConstructionMode callback owned by a destroyed Assembly-CSharp:ModuleCargoPart instance
[LOG 19:18:19.319] [KSPCF:MemoryLeaks] Removed a OnEVAConstructionMode callback owned by a destroyed Assembly-CSharp:ModuleCargoPart instance
[LOG 19:18:19.320] [KSPCF:MemoryLeaks] Removed a TimingManager.Instance.timing5.onLateUpdate callback owned by a destroyed Assembly-CSharp:MapView instance
[LOG 19:18:19.320] [KSPCF:MemoryLeaks] Leaving scene "Flight", cleaned 71 memory leaks in 0.003s. GameEvents callbacks : 427. Allocated memory : 1.125 GiB (managed heap), 2.222 GiB (unmanaged)
[LOG 19:18:19.454] [AddonLoader]: Instantiating addon 'CustomConfigsManager' from assembly 'ModuleManager'
[LOG 19:18:22.107] [UIMasterController]: ShowUI
[LOG 19:18:22.478] [SceneLoadSpeedBoost] Save loaded from cache in 0ms
[LOG 19:18:22.480] GetSubclassesOfParentClass: Using cached results for AlarmTypeBase
[LOG 19:18:22.481] Loading Depletion Nodes
[LOG 19:18:22.481] DepNodeCount:  0
[LOG 19:18:22.481] Loading Biome Nodes
[LOG 19:18:22.481] BiomeNodeCount:  0
[LOG 19:18:22.481] Loading Planet Nodes
[LOG 19:18:22.481] PlanetNodeCount:  0
[LOG 19:18:22.483] [ScenarioDestructibles]: Loading... 0 objects registered
[LOG 19:18:22.484] [ScenarioUpgradeableFacilities]: Loading... 0 objects registered
[LOG 19:18:22.514] [UiApp] Awake: Contracts
[LOG 19:18:22.514] [UiApp] Awake: KSPedia
[LOG 19:18:22.514] [UiApp] Awake: Missions App
[LOG 19:18:22.514] [UiApp] Awake: AlarmClock
[LOG 19:18:22.514] [ApplicationLauncher] OnSceneLoadedGUIReady: scene SPACECENTER ShouldBeVisible() True ShouldBeOnTop() False iIsPositionedAtTop True
[LOG 19:18:22.514] [ApplicationLauncher] SpawnSimpleLayout: HorizontalRightLeft
[LOG 19:18:22.549] [MessageSystem] Reposition 0.02 50565
[LOG 19:18:22.549] [GenericAppFrame] Reposition 0.02 50565
[LOG 19:18:22.549] [GenericAppFrame] Reposition 0.02 50565
[LOG 19:18:22.695] [UIApp] Adding AlarmClock to Application Launcher
[LOG 19:18:22.696] [UIApp] Adding Missions App to Application Launcher
[LOG 19:18:22.697] [UIApp] Adding Contracts to Application Launcher
[LOG 19:18:22.721] [GenericAppFrame] Reposition 0.111812 50571
[LOG 19:18:22.727] [MissionsApp] OnAppStarted(): id: -775714
[LOG 19:18:22.727] MissionsApp does not execute in this game mode, destroying this instance
[LOG 19:18:22.727] [UIApp] OnDestroy: Missions App
[LOG 19:18:22.728] [GenericAppFrame] Reposition 0.111812 50571
[LOG 19:18:22.735] [VesselRecovery]: Diag3-Rocket recovered À Aire de lancement. Recovery Value: 100.0% 
[LOG 19:18:22.736] Crewmember Valentina Kerman is available again
[LOG 19:18:22.739] Added 0 (0) reputation: 'VesselRecovery'.
[LOG 19:18:22.742] [FlightGlobals]: ProtoPartSnapShot persistentId changed from 1582992517 to 679884667. Vessel persistentId 1702092071
[LOG 19:18:22.743] [FlightGlobals]: ProtoPartSnapShot persistentId changed from 1386110784 to 4010550505. Vessel persistentId 1702092071
[LOG 19:18:22.765] Flight State Captured
[LOG 19:18:22.765] Saving Achievements Tree...
[LOG 19:18:22.765] [MessageSystem] Save Messages
[LOG 19:18:22.776] Game State Saved to saves/claude-carriere/persistent
[LOG 19:18:22.821] [UIApp] Adding KSPedia to Application Launcher
[LOG 19:18:31.086] Launching vessel from LaunchPad. Craft file: D:\ksp-dev\saves\claude-carriere\Ships\VAB\Diag3-Rocket.craft
[LOG 19:18:31.086] Flight State Captured
[LOG 19:18:31.086] Saving Achievements Tree...
[LOG 19:18:31.087] [MessageSystem] Save Messages
[LOG 19:18:31.098] Game State Saved to saves/claude-carriere/persistent
[LOG 19:18:31.107] [UIMasterController]: HideUI
[LOG 19:18:31.110] [HighLogic]: =========================== Scene Change : From SPACECENTER to FLIGHT =====================
[LOG 19:18:31.344] [UIApp] OnDestroy: Contracts
[LOG 19:18:31.345] [UIApp] OnDestroy: AlarmClock
[LOG 19:18:31.345] [UIApp] OnDestroy: KSPedia
[LOG 19:18:31.347] [KSPCF:MemoryLeaks] Removed a OnInViewChange callback owned by a destroyed Assembly-CSharp:BuildingPickerItem instance
[LOG 19:18:31.348] [KSPCF:MemoryLeaks] Leaving scene "SpaceCenter", cleaned 5 memory leaks in 0.002s. GameEvents callbacks : 404. Allocated memory : 1.113 GiB (managed heap), 2.224 GiB (unmanaged)
[LOG 19:18:31.358] UICanvasPrefabSpawner FlightUI spawning Flight
[LOG 19:18:31.382] UICanvasPrefabSpawner FlightUI spawning VesselLabels
[LOG 19:18:31.382] [UiApp] Awake: ResourceDisplay
[LOG 19:18:31.491] [AddonLoader]: Instantiating addon 'AeroGUI' from assembly 'KSP'
[LOG 19:18:31.504] [AddonLoader]: Instantiating addon 'KSPDiagColliders' from assembly 'KSPDiagColliders'
[LOG 19:18:31.505] [KSPDiagColliders] shader Hidden/Internal-Colored, depth test settable: True; display: colliders, hidden by what stands in front
[LOG 19:18:31.505] [PlanetariumCamera]: Focus: Kerbin
[LOG 19:18:31.505] [UIMasterController]: HideUI
[LOG 19:18:31.868] [UIMasterController]: HideUI
[LOG 19:18:31.869] ------------------- initializing flight mode... ------------------
[LOG 19:18:31.869] [SceneLoadSpeedBoost] Save loaded from cache in 0ms
[LOG 19:18:31.872] [MessageSystem] Save Messages
[LOG 19:18:31.872] GetSubclassesOfParentClass: Using cached results for AlarmTypeBase
[LOG 19:18:31.873] Loading Depletion Nodes
[LOG 19:18:31.873] DepNodeCount:  0
[LOG 19:18:31.873] Loading Biome Nodes
[LOG 19:18:31.873] BiomeNodeCount:  0
[LOG 19:18:31.873] Loading Planet Nodes
[LOG 19:18:31.873] PlanetNodeCount:  0
[LOG 19:18:31.875] [ScenarioDestructibles]: Loading... 0 objects registered
[LOG 19:18:31.876] [ScenarioUpgradeableFacilities]: Loading... 0 objects registered
[LOG 19:18:31.894] Loading ship from file: D:\ksp-dev\saves\claude-carriere\Ships\VAB\Diag3-Rocket.craft
[LOG 19:18:31.894] [UIMasterController]: HideUI
[LOG 19:18:31.910] Diag3-Rocket loaded!
[LOG 19:18:34.048] putting ship to ground: 11.36977
[LOG 19:18:34.051] [Diag3-Rocket]: Ready to Launch - waiting to start physics...
[LOG 19:18:34.052] Crewmember Valentina Kerman assigned to Capsule de commande Mk1, seat # 0 (crew seat index: 0)
[LOG 19:18:34.052] [FLIGHT GLOBALS]: Switching To Vessel Diag3-Rocket ---------------------- 
[LOG 19:18:34.052] setting new dominant body: Kerbin
FlightGlobals.mainBody: Kerbin
[LOG 19:18:34.052] Reference Frame: Rotating
[LOG 19:18:34.058] Vessel assembly complete!
[LOG 19:18:36.952] all systems started
[LOG 19:18:37.021] [KSPDiagColliders] body Kerbin, colliders drawn within 300 m of the active vessel
[LOG 19:18:37.038] [KSPDiagColliders] collider localSpace/Kerbin/Kerbin/KSC/SpaceCenter/LaunchPad/Facility/LP_lev2/bunker (MeshCollider, on, layer 15), centre 44 m from the active vessel
[LOG 19:18:37.039] [KSPDiagColliders] collider localSpace/Kerbin/Kerbin/KSC/SpaceCenter/LaunchPad/Facility/LP_lev2/LP_lev2/collider (MeshCollider, on, layer 15), centre 7 m from the active vessel
[LOG 19:18:37.039] [KSPDiagColliders] collider localSpace/Kerbin/Kerbin/KSC/SpaceCenter/LaunchPad/Facility/Flag/flagPole_lev1/model01/Pole (CapsuleCollider, on, layer 15), centre 74 m from the active vessel
[LOG 19:18:37.041] [KSPDiagColliders] collider localSpace/Kerbin/Kerbin/KSC/SpaceCenter/LaunchPad/Facility/Flag/flagPole_lev1/model01/WaterBase (MeshCollider, on, layer 15), centre 74 m from the active vessel
[LOG 19:18:37.058] [KSPDiagColliders] collider localSpace/Kerbin/Kerbin/KSC/SpaceCenter/Runway/Facility/runway_lev1_v2 (MeshCollider, on, layer 15), centre 730 m from the active vessel
[LOG 19:18:37.058] [KSPDiagColliders] collider localSpace/Kerbin/Kerbin/KSC/SpaceCenter/Crawlerway/Facility/crawler_level2 (MeshCollider, on, layer 15), centre 326 m from the active vessel
[LOG 19:18:37.058] [KSPDiagColliders] drawn within 300 m: 2 ground quad(s), 6 collider(s) of statics on, 0 switched off
[LOG 19:18:37.110] [UiApp] Awake: CurrencyWidgetsApp
[LOG 19:18:37.110] [UiApp] Awake: Contracts
[LOG 19:18:37.111] [UiApp] Awake: ResourceDisplay
[LOG 19:18:37.111] [UiApp] Awake: KSPedia
[LOG 19:18:37.111] [UiApp] Awake: Missions App
[LOG 19:18:37.111] [UiApp] Awake: DeltaVApp
[LOG 19:18:37.111] [UiApp] Awake: ActionGroupsApp
[LOG 19:18:37.111] [UiApp] Awake: Construction
[LOG 19:18:37.111] [UiApp] Awake: Cargo
[LOG 19:18:37.111] [UiApp] Awake: AlarmClock
[LOG 19:18:37.111] [UiApp] Awake: ManeuverTool
[LOG 19:18:37.111] [ApplicationLauncher] OnSceneLoadedGUIReady: scene FLIGHT ShouldBeVisible() True ShouldBeOnTop() True iIsPositionedAtTop False
[LOG 19:18:37.111] [ApplicationLauncher] SpawnSimpleLayout: VerticalTopDown
[LOG 19:18:37.115] [KnowledgeBase] OnAppLauncherReady 52202
[LOG 19:18:37.138] [FlightIntegrator]: Reloaded drag cube for zeroed cube root part mk1pod.v2 on vessel Diag3-Rocket
[LOG 19:18:37.139] [FlightIntegrator]: Vessel Diag3-Rocket has been unloaded 1.79769313486232E+308, applying analytic temperature 309.88763344685
[LOG 19:18:37.140] [MessageSystem] Reposition 0.02 52203
[LOG 19:18:37.140] [GenericAppFrame] Reposition 0.02 52203
[LOG 19:18:37.140] [GenericAppFrame] Reposition 0.02 52203
[LOG 19:18:37.222] [PlanetariumCamera]: Focus: Diag3-Rocket
[LOG 19:18:37.239] [UIApp] Adding ResourceDisplay to Application Launcher
[LOG 19:18:37.240] [UIApp] Adding ResourceDisplay to Application Launcher
[LOG 19:18:37.249] [ResourceDisplay] OnAppStarted(): id: -799456
[LOG 19:18:37.250] [GenericAppFrame] Reposition 0.1074672 52207
[LOG 19:18:37.251] [ResourceDisplay] OnAppStarted(): id: 321504
[LOG 19:18:37.251] ResourceDisplay already exist, destroying this instance
[LOG 19:18:37.251] [UIApp] OnDestroy: ResourceDisplay
[LOG 19:18:37.264] [UIApp] Adding AlarmClock to Application Launcher
[LOG 19:18:37.265] [UIApp] Adding ActionGroupsApp to Application Launcher
[LOG 19:18:37.267] [ApplicationLauncher] SetHidden: 
[LOG 19:18:37.267] [UIApp] Adding Missions App to Application Launcher
[LOG 19:18:37.269] [UIApp] Adding Contracts to Application Launcher
[LOG 19:18:37.270] CURRENCY WIDGET True True True
[LOG 19:18:37.270] [UIApp] Adding CurrencyWidgetsApp to Application Launcher
[LOG 19:18:37.294] [GenericAppFrame] Reposition 0.1363234 52209
[LOG 19:18:37.300] [ActionGroupsApp] OnAppStarted(): id: -799480
[LOG 19:18:37.301] [GenericAppFrame] Reposition 0.1363234 52209
[LOG 19:18:37.301] [UIApp] Adding DeltaVApp to Application Launcher
[LOG 19:18:37.303] [MissionsApp] OnAppStarted(): id: -799468
[LOG 19:18:37.303] MissionsApp does not execute in this game mode, destroying this instance
[LOG 19:18:37.303] [UIApp] OnDestroy: Missions App
[LOG 19:18:37.304] [GenericAppFrame] Reposition 0.1363234 52209
[LOG 19:18:37.317] [GenericAppFrame] Reposition 0.1734841 52210
[LOG 19:18:37.328] [UIApp] Adding Cargo to Application Launcher
[LOG 19:18:37.330] [UIApp] Adding Construction to Application Launcher
[LOG 19:18:37.331] [UIApp] Adding KSPedia to Application Launcher
[LOG 19:18:37.345] [ApplicationLauncher] SetHidden: 
[LOG 19:18:37.385] Flight State Captured
[LOG 19:18:37.385] Saving Achievements Tree...
[LOG 19:18:37.385] [MessageSystem] Save Messages
[LOG 19:18:37.398] Game State Saved as persistent
[LOG 19:18:38.138] [Diag3-Rocket]: ground contact! - error. Moving Vessel  down -0.168m
[LOG 19:18:38.138] Unpacking Diag3-Rocket
[LOG 19:18:38.144] [UIMasterController]: ShowUI
[LOG 19:18:48.193] [KSPDiagColliders] under 'Diag3-Rocket' PRELAUNCH lat=-0.097178 lon=-74.557700: [collider (LP_lev2) 2773.410 mm, active=True] [Kerbin Zn1232223323 (PQStorage) -163.066 mm, active=True]
[LOG 19:18:48.203] Flight State Captured
[LOG 19:18:48.203] Saving Achievements Tree...
[LOG 19:18:48.204] [MessageSystem] Save Messages
[LOG 19:18:48.216] Game State Saved to saves/claude-carriere/persistent
[LOG 19:18:48.224] [UIMasterController]: HideUI
[LOG 19:18:48.233] [HighLogic]: =========================== Scene Change : From FLIGHT to MAINMENU =====================
[LOG 19:18:48.704] KbApp.OnDestroy Vessel Crew
[LOG 19:18:48.706] [UIApp] OnDestroy: CurrencyWidgetsApp
[LOG 19:18:48.706] [UIApp] OnDestroy: ActionGroupsApp
[LOG 19:18:48.706] [UIApp] OnDestroy: AlarmClock
[LOG 19:18:48.706] KbApp.OnDestroy Planet Resources
[LOG 19:18:48.707] [UIApp] OnDestroy: DeltaVApp
[LOG 19:18:48.707] KbApp.OnDestroy Unowned Info
[LOG 19:18:48.707] [UIApp] OnDestroy: Contracts
[LOG 19:18:48.707] KbApp.OnDestroy Planet Parameters
[LOG 19:18:48.707] [UIApp] OnDestroy: ResourceDisplay
[LOG 19:18:48.707] KbApp.OnDestroy Vessel Info
[LOG 19:18:48.708] [UIApp] OnDestroy: ManeuverTool
[LOG 19:18:48.708] KbApp.OnDestroy NullName
[LOG 19:18:48.708] [UIApp] OnDestroy: Cargo
[LOG 19:18:48.708] KbApp.OnDestroy Planet Info
[LOG 19:18:48.708] [UIApp] OnDestroy: Construction
[LOG 19:18:48.708] [UIApp] OnDestroy: KSPedia
[LOG 19:18:48.710] [KSPCF:MemoryLeaks] Removed a OnMapExited callback owned by a destroyed Assembly-CSharp:NavBallToggle instance
[LOG 19:18:48.710] [KSPCF:MemoryLeaks] Removed a OnGameSettingsApplied callback owned by a destroyed Assembly-CSharp:VesselAutopilotUI instance
[LOG 19:18:48.710] [KSPCF:MemoryLeaks] Removed a onPartActionUICreate callback owned by a destroyed Assembly-CSharp:ModuleInventoryPart instance
[LOG 19:18:48.710] [KSPCF:MemoryLeaks] Removed a onModuleInventoryChanged callback owned by a destroyed Assembly-CSharp:ModuleInventoryPart instance
[LOG 19:18:48.711] [KSPCF:MemoryLeaks] Removed a OnEVAConstructionMode callback owned by a destroyed Assembly-CSharp:ModuleCargoPart instance
[LOG 19:18:48.711] [KSPCF:MemoryLeaks] Removed a OnEVAConstructionMode callback owned by a destroyed Assembly-CSharp:ModuleCargoPart instance
[LOG 19:18:48.711] [KSPCF:MemoryLeaks] Removed a OnEVAConstructionMode callback owned by a destroyed Assembly-CSharp:ModuleCargoPart instance
[LOG 19:18:48.711] [KSPCF:MemoryLeaks] Removed a OnEVAConstructionMode callback owned by a destroyed Assembly-CSharp:ModuleCargoPart instance
[LOG 19:18:48.711] [KSPCF:MemoryLeaks] Removed a OnEVAConstructionMode callback owned by a destroyed Assembly-CSharp:ModuleCargoPart instance
[LOG 19:18:48.711] [KSPCF:MemoryLeaks] Removed a OnEVAConstructionMode callback owned by a destroyed Assembly-CSharp:ModuleCargoPart instance
[LOG 19:18:48.711] [KSPCF:MemoryLeaks] Removed a OnEVAConstructionMode callback owned by a destroyed Assembly-CSharp:ModuleCargoPart instance
[LOG 19:18:48.711] [KSPCF:MemoryLeaks] Removed a OnEVAConstructionMode callback owned by a destroyed Assembly-CSharp:ModuleCargoPart instance
[LOG 19:18:48.711] [KSPCF:MemoryLeaks] Removed a OnEVAConstructionMode callback owned by a destroyed Assembly-CSharp:ModuleCargoPart instance
[LOG 19:18:48.711] [KSPCF:MemoryLeaks] Removed a OnEVAConstructionMode callback owned by a destroyed Assembly-CSharp:ModuleCargoPart instance
[LOG 19:18:48.711] [KSPCF:MemoryLeaks] Removed a OnEVAConstructionMode callback owned by a destroyed Assembly-CSharp:ModuleCargoPart instance
[LOG 19:18:48.711] [KSPCF:MemoryLeaks] Removed a OnEVAConstructionMode callback owned by a destroyed Assembly-CSharp:ModuleCargoPart instance
[LOG 19:18:48.711] [KSPCF:MemoryLeaks] Removed a OnEVAConstructionMode callback owned by a destroyed Assembly-CSharp:ModuleCargoPart instance
[LOG 19:18:48.711] [KSPCF:MemoryLeaks] Removed a OnEVAConstructionMode callback owned by a destroyed Assembly-CSharp:ModuleCargoPart instance
[LOG 19:18:48.711] [KSPCF:MemoryLeaks] Removed a OnEVAConstructionMode callback owned by a destroyed Assembly-CSharp:ModuleCargoPart instance
[LOG 19:18:48.711] [KSPCF:MemoryLeaks] Removed a OnEVAConstructionMode callback owned by a destroyed Assembly-CSharp:ModuleCargoPart instance
[LOG 19:18:48.711] [KSPCF:MemoryLeaks] Removed a OnEVAConstructionMode callback owned by a destroyed Assembly-CSharp:ModuleCargoPart instance
[LOG 19:18:48.711] [KSPCF:MemoryLeaks] Removed a OnEVAConstructionMode callback owned by a destroyed Assembly-CSharp:ModuleCargoPart instance
[LOG 19:18:48.712] [KSPCF:MemoryLeaks] Removed a OnClick callback owned by a destroyed Assembly-CSharp:EVAConstructionModeEditor instance
[LOG 19:18:48.712] [KSPCF:MemoryLeaks] Removed a TimingManager.Instance.timing5.onLateUpdate callback owned by a destroyed Assembly-CSharp:MapView instance
[LOG 19:18:48.712] [KSPCF:MemoryLeaks] Leaving scene "Flight", cleaned 72 memory leaks in 0.003s. GameEvents callbacks : 372. Allocated memory : 1.123 GiB (managed heap), 2.287 GiB (unmanaged)
[LOG 19:18:48.853] [UIMasterController]: ShowUI
[LOG 19:18:49.498] [ScenarioUpgradeables]: Back to Main Menu. Clearing persistent data.
[LOG 19:18:49.507] [ScenarioTypes]: List Created 23 scenario types loaded from 8 loaded assemblies.
[LOG 19:18:49.513] [ApplicationLauncher] OnSceneLoadedGUIReady: scene MAINMENU ShouldBeVisible() True ShouldBeOnTop() True iIsPositionedAtTop True
[LOG 19:18:49.514] [ApplicationLauncher] SetHidden: 
[LOG 19:18:49.518] [MessageSystem] Reposition 0.02 53676
[LOG 19:18:49.518] [GenericAppFrame] Reposition 0.02 53676
[LOG 19:18:49.518] [GenericAppFrame] Reposition 0.02 53676
[LOG 19:18:52.606] [SceneLoadSpeedBoost] Save loaded from cache in 0ms
[LOG 19:18:52.610] [UIMasterController]: HideUI
[LOG 19:18:52.656] [HighLogic]: =========================== Scene Change : From MAINMENU to FLIGHT =====================
[LOG 19:18:52.857] UICanvasPrefabSpawner FlightUI spawning Flight
[LOG 19:18:52.881] UICanvasPrefabSpawner FlightUI spawning VesselLabels
[LOG 19:18:52.881] [UiApp] Awake: ResourceDisplay
[LOG 19:18:52.981] [AddonLoader]: Instantiating addon 'AeroGUI' from assembly 'KSP'
[LOG 19:18:52.994] [AddonLoader]: Instantiating addon 'KSPDiagColliders' from assembly 'KSPDiagColliders'
[LOG 19:18:52.994] [KSPDiagColliders] shader Hidden/Internal-Colored, depth test settable: True; display: colliders, hidden by what stands in front
[LOG 19:18:52.994] [PlanetariumCamera]: Focus: Kerbin
[LOG 19:18:52.995] [UIMasterController]: HideUI
[LOG 19:18:53.361] [UIMasterController]: HideUI
[LOG 19:18:53.361] ------------------- initializing flight mode... ------------------
[LOG 19:18:53.361] GetSubclassesOfParentClass: Using cached results for AlarmTypeBase
[LOG 19:18:53.362] Loading Depletion Nodes
[LOG 19:18:53.362] DepNodeCount:  0
[LOG 19:18:53.362] Loading Biome Nodes
[LOG 19:18:53.362] BiomeNodeCount:  0
[LOG 19:18:53.362] Loading Planet Nodes
[LOG 19:18:53.362] PlanetNodeCount:  0
[LOG 19:18:53.364] [ScenarioDestructibles]: Loading... 0 objects registered
[LOG 19:18:53.365] [ScenarioUpgradeableFacilities]: Loading... 0 objects registered
[LOG 19:18:53.370] Target vessel index: 0  vessel count: 1
[LOG 19:18:53.370] [FLIGHT GLOBALS]: Switching To Vessel Diag3-Rocket ---------------------- 
[LOG 19:18:53.370] setting new dominant body: Kerbin
FlightGlobals.mainBody: Kerbin
[LOG 19:18:53.370] Reference Frame: Rotating
[WRN 19:18:53.378] [Part]: Cannot have ModuleCargoPart and ModuleInventoryPart on same Part [Diag3-Rocket (unloaded)'. Removed ModuleCargoPart
[LOG 19:18:53.390] [Diag3-Rocket]: landed - waiting for ground contact to resume physics...
[LOG 19:18:53.391] Camera Mode: AUTO
[LOG 19:18:56.250] all systems started
[LOG 19:18:56.317] [KSPDiagColliders] body Kerbin, colliders drawn within 300 m of the active vessel
[LOG 19:18:56.335] [KSPDiagColliders] collider localSpace/Kerbin/Kerbin/KSC/SpaceCenter/LaunchPad/Facility/LP_lev2/bunker (MeshCollider, on, layer 15), centre 44 m from the active vessel
[LOG 19:18:56.337] [KSPDiagColliders] collider localSpace/Kerbin/Kerbin/KSC/SpaceCenter/LaunchPad/Facility/LP_lev2/LP_lev2/collider (MeshCollider, on, layer 15), centre 7 m from the active vessel
[LOG 19:18:56.337] [KSPDiagColliders] collider localSpace/Kerbin/Kerbin/KSC/SpaceCenter/LaunchPad/Facility/Flag/flagPole_lev1/model01/Pole (CapsuleCollider, on, layer 15), centre 74 m from the active vessel
[LOG 19:18:56.338] [KSPDiagColliders] collider localSpace/Kerbin/Kerbin/KSC/SpaceCenter/LaunchPad/Facility/Flag/flagPole_lev1/model01/WaterBase (MeshCollider, on, layer 15), centre 74 m from the active vessel
[LOG 19:18:56.355] [KSPDiagColliders] collider localSpace/Kerbin/Kerbin/KSC/SpaceCenter/Runway/Facility/runway_lev1_v2 (MeshCollider, on, layer 15), centre 730 m from the active vessel
[LOG 19:18:56.356] [KSPDiagColliders] collider localSpace/Kerbin/Kerbin/KSC/SpaceCenter/Crawlerway/Facility/model_vab_exterior_crawlerway_collider_v46 (MeshCollider, on, layer 15), centre 326 m from the active vessel
[LOG 19:18:56.356] [KSPDiagColliders] drawn within 300 m: 2 ground quad(s), 6 collider(s) of statics on, 0 switched off
[LOG 19:18:56.407] [UiApp] Awake: CurrencyWidgetsApp
[LOG 19:18:56.407] [UiApp] Awake: Contracts
[LOG 19:18:56.407] [UiApp] Awake: ResourceDisplay
[LOG 19:18:56.407] [UiApp] Awake: KSPedia
[LOG 19:18:56.407] [UiApp] Awake: Missions App
[LOG 19:18:56.407] [UiApp] Awake: DeltaVApp
[LOG 19:18:56.407] [UiApp] Awake: ActionGroupsApp
[LOG 19:18:56.407] [UiApp] Awake: Construction
[LOG 19:18:56.407] [UiApp] Awake: Cargo
[LOG 19:18:56.407] [UiApp] Awake: AlarmClock
[LOG 19:18:56.407] [UiApp] Awake: ManeuverTool
[LOG 19:18:56.407] [ApplicationLauncher] OnSceneLoadedGUIReady: scene FLIGHT ShouldBeVisible() True ShouldBeOnTop() True iIsPositionedAtTop True
[LOG 19:18:56.408] [ApplicationLauncher] SetVisible: 
[LOG 19:18:56.410] [KnowledgeBase] OnAppLauncherReady 55186
[LOG 19:18:56.435] [FlightIntegrator]: Reloaded drag cube for zeroed cube root part mk1pod.v2 (Diag3-Rocket) on vessel Diag3-Rocket
[LOG 19:18:56.437] [MessageSystem] Reposition 0.02 55187
[LOG 19:18:56.437] [GenericAppFrame] Reposition 0.02 55187
[LOG 19:18:56.437] [GenericAppFrame] Reposition 0.02 55187
[LOG 19:18:56.517] [PlanetariumCamera]: Focus: Diag3-Rocket
[LOG 19:18:56.533] [UIApp] Adding ResourceDisplay to Application Launcher
[LOG 19:18:56.534] [UIApp] Adding ResourceDisplay to Application Launcher
[LOG 19:18:56.544] [ResourceDisplay] OnAppStarted(): id: -835898
[LOG 19:18:56.545] [GenericAppFrame] Reposition 0.1065499 55191
[LOG 19:18:56.545] [ResourceDisplay] OnAppStarted(): id: 326448
[LOG 19:18:56.545] ResourceDisplay already exist, destroying this instance
[LOG 19:18:56.545] [UIApp] OnDestroy: ResourceDisplay
[LOG 19:18:56.557] [UIApp] Adding AlarmClock to Application Launcher
[LOG 19:18:56.558] [UIApp] Adding ActionGroupsApp to Application Launcher
[LOG 19:18:56.559] [ApplicationLauncher] SetHidden: 
[LOG 19:18:56.560] [UIApp] Adding Missions App to Application Launcher
[LOG 19:18:56.561] [UIApp] Adding Contracts to Application Launcher
[LOG 19:18:56.562] CURRENCY WIDGET True True True
[LOG 19:18:56.562] [UIApp] Adding CurrencyWidgetsApp to Application Launcher
[LOG 19:18:56.588] [GenericAppFrame] Reposition 0.1339284 55193
[LOG 19:18:56.594] [ActionGroupsApp] OnAppStarted(): id: -835922
[LOG 19:18:56.594] [GenericAppFrame] Reposition 0.1339284 55193
[LOG 19:18:56.595] [UIApp] Adding DeltaVApp to Application Launcher
[LOG 19:18:56.597] [MissionsApp] OnAppStarted(): id: -835910
[LOG 19:18:56.597] MissionsApp does not execute in this game mode, destroying this instance
[LOG 19:18:56.597] [UIApp] OnDestroy: Missions App
[LOG 19:18:56.597] [GenericAppFrame] Reposition 0.1339284 55193
[LOG 19:18:56.610] [GenericAppFrame] Reposition 0.1713338 55194
[LOG 19:18:56.621] [UIApp] Adding Cargo to Application Launcher
[LOG 19:18:56.623] [UIApp] Adding Construction to Application Launcher
[LOG 19:18:56.624] [UIApp] Adding KSPedia to Application Launcher
[LOG 19:18:56.637] [ApplicationLauncher] SetHidden: 
[LOG 19:18:56.676] Flight State Captured
[LOG 19:18:56.676] Saving Achievements Tree...
[LOG 19:18:56.676] [MessageSystem] Save Messages
[LOG 19:18:56.687] Game State Saved as persistent
[LOG 19:18:57.442] Unpacking Diag3-Rocket
[LOG 19:18:57.449] [UIMasterController]: ShowUI
[LOG 19:19:07.491] [KSPDiagColliders] under 'Diag3-Rocket' PRELAUNCH lat=-0.097180 lon=-74.557702: [collider (LP_lev2) 2798.596 mm, active=True] [Kerbin Zn1232223323 (PQStorage) -137.756 mm, active=True]
[LOG 19:19:07.500] Flight State Captured
[LOG 19:19:07.500] Saving Achievements Tree...
[LOG 19:19:07.501] [MessageSystem] Save Messages
[LOG 19:19:07.513] Game State Saved to saves/claude-carriere/persistent
[LOG 19:19:07.520] [UIMasterController]: HideUI
[LOG 19:19:07.527] [HighLogic]: =========================== Scene Change : From FLIGHT to SPACECENTER =====================
[LOG 19:19:07.829] [UIApp] OnDestroy: DeltaVApp
[LOG 19:19:07.829] [UIApp] OnDestroy: Cargo
[LOG 19:19:07.829] [UIApp] OnDestroy: KSPedia
[LOG 19:19:07.829] [UIApp] OnDestroy: CurrencyWidgetsApp
[LOG 19:19:07.830] KbApp.OnDestroy Unowned Info
[LOG 19:19:07.830] [UIApp] OnDestroy: ManeuverTool
[LOG 19:19:07.830] KbApp.OnDestroy Planet Info
[LOG 19:19:07.830] [UIApp] OnDestroy: Construction
[LOG 19:19:07.830] KbApp.OnDestroy Planet Parameters
[LOG 19:19:07.831] [UIApp] OnDestroy: Contracts
[LOG 19:19:07.831] KbApp.OnDestroy Planet Resources
[LOG 19:19:07.831] KbApp.OnDestroy Vessel Crew
[LOG 19:19:07.831] [UIApp] OnDestroy: ResourceDisplay
[LOG 19:19:07.831] [UIApp] OnDestroy: AlarmClock
[LOG 19:19:07.831] KbApp.OnDestroy NullName
[LOG 19:19:07.832] [UIApp] OnDestroy: ActionGroupsApp
[LOG 19:19:07.833] KbApp.OnDestroy Vessel Info
[LOG 19:19:07.835] [KSPCF:MemoryLeaks] Removed a OnMapExited callback owned by a destroyed Assembly-CSharp:NavBallToggle instance
[LOG 19:19:07.835] [KSPCF:MemoryLeaks] Removed a OnGameSettingsApplied callback owned by a destroyed Assembly-CSharp:VesselAutopilotUI instance
[LOG 19:19:07.835] [KSPCF:MemoryLeaks] Removed a onPartActionUICreate callback owned by a destroyed Assembly-CSharp:ModuleInventoryPart instance
[LOG 19:19:07.836] [KSPCF:MemoryLeaks] Removed a onModuleInventoryChanged callback owned by a destroyed Assembly-CSharp:ModuleInventoryPart instance
[LOG 19:19:07.836] [KSPCF:MemoryLeaks] Removed a TimingManager.Instance.timing5.onLateUpdate callback owned by a destroyed Assembly-CSharp:MapView instance
[LOG 19:19:07.836] [KSPCF:MemoryLeaks] Leaving scene "Flight", cleaned 53 memory leaks in 0.003s. GameEvents callbacks : 427. Allocated memory : 1.108 GiB (managed heap), 2.225 GiB (unmanaged)
[LOG 19:19:07.966] [AddonLoader]: Instantiating addon 'CustomConfigsManager' from assembly 'ModuleManager'
[LOG 19:19:10.771] [UIMasterController]: ShowUI
[LOG 19:19:11.149] [SceneLoadSpeedBoost] Save loaded from cache in 0ms
[LOG 19:19:11.152] GetSubclassesOfParentClass: Using cached results for AlarmTypeBase
[LOG 19:19:11.152] Loading Depletion Nodes
[LOG 19:19:11.152] DepNodeCount:  0
[LOG 19:19:11.152] Loading Biome Nodes
[LOG 19:19:11.152] BiomeNodeCount:  0
[LOG 19:19:11.152] Loading Planet Nodes
[LOG 19:19:11.152] PlanetNodeCount:  0
[LOG 19:19:11.155] [ScenarioDestructibles]: Loading... 0 objects registered
[LOG 19:19:11.156] [ScenarioUpgradeableFacilities]: Loading... 0 objects registered
[LOG 19:19:11.186] [UiApp] Awake: Contracts
[LOG 19:19:11.186] [UiApp] Awake: KSPedia
[LOG 19:19:11.186] [UiApp] Awake: Missions App
[LOG 19:19:11.186] [UiApp] Awake: AlarmClock
[LOG 19:19:11.187] [ApplicationLauncher] OnSceneLoadedGUIReady: scene SPACECENTER ShouldBeVisible() True ShouldBeOnTop() False iIsPositionedAtTop True
[LOG 19:19:11.187] [ApplicationLauncher] SpawnSimpleLayout: HorizontalRightLeft
[LOG 19:19:11.234] Flight State Captured
[LOG 19:19:11.234] Saving Achievements Tree...
[LOG 19:19:11.235] [MessageSystem] Save Messages
[LOG 19:19:11.247] Game State Saved to saves/claude-carriere/persistent
[LOG 19:19:11.255] Going to Hangar! CachedShipType: VAB
[ERR 19:19:11.255] [SurfaceObject]: Cannot return to original parent, it no longer exists.

[LOG 19:19:11.255] [UIMasterController]: HideUI
[LOG 19:19:11.257] [HighLogic]: =========================== Scene Change : From SPACECENTER to EDITOR =====================
[LOG 19:19:11.258] [MessageSystem] Reposition 0.02 56665
[LOG 19:19:11.258] [GenericAppFrame] Reposition 0.02 56665
[LOG 19:19:11.258] [GenericAppFrame] Reposition 0.02 56665
[LOG 19:19:11.523] [UIApp] OnDestroy: Missions App
[LOG 19:19:11.523] [UIApp] OnDestroy: AlarmClock
[LOG 19:19:11.523] [UIApp] OnDestroy: Contracts
[LOG 19:19:11.524] [UIApp] OnDestroy: KSPedia
[LOG 19:19:11.526] [KSPCF:MemoryLeaks] Removed a OnKSCStructureCollapsing callback owned by a destroyed Assembly-CSharp:SpacePlaneHangarBuilding instance
[LOG 19:19:11.526] [KSPCF:MemoryLeaks] Removed a OnKSCStructureCollapsing callback owned by a destroyed Assembly-CSharp:MissionControlBuilding instance
[LOG 19:19:11.526] [KSPCF:MemoryLeaks] Removed a OnKSCStructureCollapsing callback owned by a destroyed Assembly-CSharp:LaunchSiteFacility instance
[LOG 19:19:11.526] [KSPCF:MemoryLeaks] Removed a OnKSCStructureCollapsing callback owned by a destroyed Assembly-CSharp:TrackingStationBuilding instance
[LOG 19:19:11.526] [KSPCF:MemoryLeaks] Removed a OnKSCStructureCollapsing callback owned by a destroyed Assembly-CSharp:FlagPoleFacility instance
[LOG 19:19:11.526] [KSPCF:MemoryLeaks] Removed a OnKSCStructureCollapsing callback owned by a destroyed Assembly-CSharp:LaunchSiteFacility instance
[LOG 19:19:11.526] [KSPCF:MemoryLeaks] Removed a OnKSCStructureCollapsing callback owned by a destroyed Assembly-CSharp:RnDBuilding instance
[LOG 19:19:11.526] [KSPCF:MemoryLeaks] Removed a OnKSCStructureCollapsing callback owned by a destroyed Assembly-CSharp:VehicleAssemblyBuilding instance
[LOG 19:19:11.526] [KSPCF:MemoryLeaks] Removed a OnKSCStructureCollapsing callback owned by a destroyed Assembly-CSharp:AstronautComplexFacility instance
[LOG 19:19:11.526] [KSPCF:MemoryLeaks] Removed a OnKSCStructureCollapsing callback owned by a destroyed Assembly-CSharp:AdministrationFacility instance
[LOG 19:19:11.526] [KSPCF:MemoryLeaks] Removed a OnKSCStructureCollapsed callback owned by a destroyed Assembly-CSharp:SpacePlaneHangarBuilding instance
[LOG 19:19:11.526] [KSPCF:MemoryLeaks] Removed a OnKSCStructureCollapsed callback owned by a destroyed Assembly-CSharp:MissionControlBuilding instance
[LOG 19:19:11.526] [KSPCF:MemoryLeaks] Removed a OnKSCStructureCollapsed callback owned by a destroyed Assembly-CSharp:LaunchSiteFacility instance
[LOG 19:19:11.526] [KSPCF:MemoryLeaks] Removed a OnKSCStructureCollapsed callback owned by a destroyed Assembly-CSharp:TrackingStationBuilding instance
[LOG 19:19:11.526] [KSPCF:MemoryLeaks] Removed a OnKSCStructureCollapsed callback owned by a destroyed Assembly-CSharp:FlagPoleFacility instance
[LOG 19:19:11.526] [KSPCF:MemoryLeaks] Removed a OnKSCStructureCollapsed callback owned by a destroyed Assembly-CSharp:LaunchSiteFacility instance
[LOG 19:19:11.526] [KSPCF:MemoryLeaks] Removed a OnKSCStructureCollapsed callback owned by a destroyed Assembly-CSharp:RnDBuilding instance
[LOG 19:19:11.526] [KSPCF:MemoryLeaks] Removed a OnKSCStructureCollapsed callback owned by a destroyed Assembly-CSharp:VehicleAssemblyBuilding instance
[LOG 19:19:11.526] [KSPCF:MemoryLeaks] Removed a OnKSCStructureCollapsed callback owned by a destroyed Assembly-CSharp:AstronautComplexFacility instance
[LOG 19:19:11.527] [KSPCF:MemoryLeaks] Removed a OnKSCStructureCollapsed callback owned by a destroyed Assembly-CSharp:AdministrationFacility instance
[LOG 19:19:11.527] [KSPCF:MemoryLeaks] Removed a OnKSCStructureRepairing callback owned by a destroyed Assembly-CSharp:SpacePlaneHangarBuilding instance
[LOG 19:19:11.527] [KSPCF:MemoryLeaks] Removed a OnKSCStructureRepairing callback owned by a destroyed Assembly-CSharp:MissionControlBuilding instance
[LOG 19:19:11.527] [KSPCF:MemoryLeaks] Removed a OnKSCStructureRepairing callback owned by a destroyed Assembly-CSharp:LaunchSiteFacility instance
[LOG 19:19:11.527] [KSPCF:MemoryLeaks] Removed a OnKSCStructureRepairing callback owned by a destroyed Assembly-CSharp:TrackingStationBuilding instance
[LOG 19:19:11.527] [KSPCF:MemoryLeaks] Removed a OnKSCStructureRepairing callback owned by a destroyed Assembly-CSharp:FlagPoleFacility instance
[LOG 19:19:11.527] [KSPCF:MemoryLeaks] Removed a OnKSCStructureRepairing callback owned by a destroyed Assembly-CSharp:LaunchSiteFacility instance
[LOG 19:19:11.527] [KSPCF:MemoryLeaks] Removed a OnKSCStructureRepairing callback owned by a destroyed Assembly-CSharp:RnDBuilding instance
[LOG 19:19:11.527] [KSPCF:MemoryLeaks] Removed a OnKSCStructureRepairing callback owned by a destroyed Assembly-CSharp:VehicleAssemblyBuilding instance
[LOG 19:19:11.527] [KSPCF:MemoryLeaks] Removed a OnKSCStructureRepairing callback owned by a destroyed Assembly-CSharp:AstronautComplexFacility instance
[LOG 19:19:11.527] [KSPCF:MemoryLeaks] Removed a OnKSCStructureRepairing callback owned by a destroyed Assembly-CSharp:AdministrationFacility instance
[LOG 19:19:11.527] [KSPCF:MemoryLeaks] Removed a OnKSCStructureRepaired callback owned by a destroyed Assembly-CSharp:SpacePlaneHangarBuilding instance
[LOG 19:19:11.527] [KSPCF:MemoryLeaks] Removed a OnKSCStructureRepaired callback owned by a destroyed Assembly-CSharp:MissionControlBuilding instance
[LOG 19:19:11.527] [KSPCF:MemoryLeaks] Removed a OnKSCStructureRepaired callback owned by a destroyed Assembly-CSharp:LaunchSiteFacility instance
[LOG 19:19:11.527] [KSPCF:MemoryLeaks] Removed a OnKSCStructureRepaired callback owned by a destroyed Assembly-CSharp:TrackingStationBuilding instance
[LOG 19:19:11.527] [KSPCF:MemoryLeaks] Removed a OnKSCStructureRepaired callback owned by a destroyed Assembly-CSharp:FlagPoleFacility instance
[LOG 19:19:11.527] [KSPCF:MemoryLeaks] Removed a OnKSCStructureRepaired callback owned by a destroyed Assembly-CSharp:LaunchSiteFacility instance
[LOG 19:19:11.527] [KSPCF:MemoryLeaks] Removed a OnKSCStructureRepaired callback owned by a destroyed Assembly-CSharp:RnDBuilding instance
[LOG 19:19:11.527] [KSPCF:MemoryLeaks] Removed a OnKSCStructureRepaired callback owned by a destroyed Assembly-CSharp:VehicleAssemblyBuilding instance
[LOG 19:19:11.527] [KSPCF:MemoryLeaks] Removed a OnKSCStructureRepaired callback owned by a destroyed Assembly-CSharp:AstronautComplexFacility instance
[LOG 19:19:11.527] [KSPCF:MemoryLeaks] Removed a OnKSCStructureRepaired callback owned by a destroyed Assembly-CSharp:AdministrationFacility instance
[LOG 19:19:11.528] [KSPCF:MemoryLeaks] Leaving scene "SpaceCenter", cleaned 42 memory leaks in 0.003s. GameEvents callbacks : 346. Allocated memory : 1.094 GiB (managed heap), 2.217 GiB (unmanaged)
[LOG 19:19:11.538] UICanvasPrefabSpawner SceneLogic spawning Editor
[LOG 19:19:11.560] Aucun verrouillage commandes en cours
[LOG 19:19:11.700] [UIMasterController]: ShowUI
[LOG 19:19:12.157] [UIMasterController]: ShowUI
[LOG 19:19:12.300] [UIMasterController]: ShowUI
[LOG 19:19:12.312] ------------------- initializing editor mode... ------------------
[LOG 19:19:12.312] editor started
[LOG 19:19:12.312] [SceneLoadSpeedBoost] Save loaded from cache in 0ms
[LOG 19:19:12.315] GetSubclassesOfParentClass: Using cached results for AlarmTypeBase
[LOG 19:19:12.315] Loading Depletion Nodes
[LOG 19:19:12.315] DepNodeCount:  0
[LOG 19:19:12.315] Loading Biome Nodes
[LOG 19:19:12.315] BiomeNodeCount:  0
[LOG 19:19:12.315] Loading Planet Nodes
[LOG 19:19:12.315] PlanetNodeCount:  0
[LOG 19:19:12.317] [ScenarioDestructibles]: Loading... 0 objects registered
[LOG 19:19:12.317] [ScenarioUpgradeableFacilities]: Loading... 0 objects registered
[WRN 19:19:12.503] HighlightingSystem : Framebuffer depth data is not available and can't be used to occlude highlighting. Highlighting occluders enabled.
[LOG 19:19:12.510] [UiApp] Awake: EngineersReport
[LOG 19:19:12.510] [UiApp] Awake: Contracts
[LOG 19:19:12.510] [UiApp] Awake: KSPedia
[LOG 19:19:12.510] [UiApp] Awake: Missions App
[LOG 19:19:12.510] [UiApp] Awake: DeltaVApp
[LOG 19:19:12.510] [UiApp] Awake: ActionGroupsApp
[LOG 19:19:12.511] [UiApp] Awake: AlarmClock
[LOG 19:19:12.511] [ApplicationLauncher] OnSceneLoadedGUIReady: scene EDITOR ShouldBeVisible() True ShouldBeOnTop() False iIsPositionedAtTop False
[LOG 19:19:12.540] [MessageSystem] Reposition 0.02 56668
[LOG 19:19:12.540] [GenericAppFrame] Reposition 0.02 56668
[LOG 19:19:12.540] [GenericAppFrame] Reposition 0.02 56668
[LOG 19:19:12.598] [UIApp] Adding AlarmClock to Application Launcher
[LOG 19:19:12.600] [UIApp] Adding ActionGroupsApp to Application Launcher
[LOG 19:19:12.601] [ApplicationLauncher] SetHidden: 
[LOG 19:19:12.601] [UIApp] Adding Missions App to Application Launcher
[LOG 19:19:12.602] [UIApp] Adding Contracts to Application Launcher
[LOG 19:19:12.604] [UIApp] Adding EngineersReport to Application Launcher
[LOG 19:19:12.629] [GenericAppFrame] Reposition 0.0957124 56674
[LOG 19:19:12.635] [ActionGroupsApp] OnAppStarted(): id: -875078
[LOG 19:19:12.635] [GenericAppFrame] Reposition 0.0957124 56674
[LOG 19:19:12.635] [UIApp] Adding DeltaVApp to Application Launcher
[LOG 19:19:12.637] [MissionsApp] OnAppStarted(): id: -875066
[LOG 19:19:12.637] MissionsApp does not execute in this game mode, destroying this instance
[LOG 19:19:12.637] [UIApp] OnDestroy: Missions App
[LOG 19:19:12.639] [GenericAppFrame] Reposition 0.0957124 56674
[LOG 19:19:12.639] [GenericAppFrame] Reposition 0.0957124 56674
[LOG 19:19:12.672] [GenericAppFrame] Reposition 0.1357124 56675
[LOG 19:19:12.688] [UIApp] Adding KSPedia to Application Launcher
[LOG 19:19:15.744] Launching vessel from Runway. Craft file: D:\ksp-dev\saves\claude-carriere\Ships\SPH\Diag3-Rover.craft
[LOG 19:19:15.744] Saving Achievements Tree...
[LOG 19:19:15.745] [MessageSystem] Save Messages
[LOG 19:19:15.758] Game State Saved to saves/claude-carriere/persistent
[LOG 19:19:15.765] [UIMasterController]: HideUI
[LOG 19:19:15.839] [HighLogic]: =========================== Scene Change : From EDITOR to FLIGHT =====================
[LOG 19:19:16.083] [UIApp] OnDestroy: KSPedia
[LOG 19:19:16.084] [UIApp] OnDestroy: DeltaVApp
[LOG 19:19:16.084] [UIApp] OnDestroy: Contracts
[LOG 19:19:16.084] [UIApp] OnDestroy: ActionGroupsApp
[LOG 19:19:16.084] [UIApp] OnDestroy: EngineersReport
[LOG 19:19:16.092] [UIApp] OnDestroy: AlarmClock
[LOG 19:19:16.095] [KSPCF:MemoryLeaks] Removed a onPartActionUICreate callback owned by a destroyed Assembly-CSharp:ModuleInventoryPart instance
[LOG 19:19:16.095] [KSPCF:MemoryLeaks] Removed a onPartActionUICreate callback owned by a destroyed Assembly-CSharp:ModuleInventoryPart instance
[LOG 19:19:16.095] [KSPCF:MemoryLeaks] Removed a onPartActionUICreate callback owned by a destroyed Assembly-CSharp:ModuleInventoryPart instance
[LOG 19:19:16.096] [KSPCF:MemoryLeaks] Removed a onPartActionUICreate callback owned by a destroyed Assembly-CSharp:ModuleInventoryPart instance
[LOG 19:19:16.096] [KSPCF:MemoryLeaks] Removed a onEditorScreenChange callback owned by a destroyed Assembly-CSharp:EditorLogic instance
[LOG 19:19:16.096] [KSPCF:MemoryLeaks] Removed a onEditorPartEvent callback owned by a destroyed Assembly-CSharp:ModuleInventoryPart instance
[LOG 19:19:16.096] [KSPCF:MemoryLeaks] Removed a onEditorPartEvent callback owned by a destroyed Assembly-CSharp:ModuleInventoryPart instance
[LOG 19:19:16.096] [KSPCF:MemoryLeaks] Removed a onEditorPartEvent callback owned by a destroyed Assembly-CSharp:ModuleInventoryPart instance
[LOG 19:19:16.097] [KSPCF:MemoryLeaks] Removed a OnPartPurchased callback owned by a destroyed Assembly-CSharp:ModuleInventoryPart instance
[LOG 19:19:16.097] [KSPCF:MemoryLeaks] Removed a OnPartPurchased callback owned by a destroyed Assembly-CSharp:ModuleInventoryPart instance
[LOG 19:19:16.097] [KSPCF:MemoryLeaks] Removed a OnPartPurchased callback owned by a destroyed Assembly-CSharp:ModuleInventoryPart instance
[LOG 19:19:16.097] [KSPCF:MemoryLeaks] Removed a onModuleInventoryChanged callback owned by a destroyed Assembly-CSharp:ModuleInventoryPart instance
[LOG 19:19:16.097] [KSPCF:MemoryLeaks] Removed a onModuleInventoryChanged callback owned by a destroyed Assembly-CSharp:ModuleInventoryPart instance
[LOG 19:19:16.097] [KSPCF:MemoryLeaks] Removed a onModuleInventoryChanged callback owned by a destroyed Assembly-CSharp:ModuleInventoryPart instance
[LOG 19:19:16.097] [KSPCF:MemoryLeaks] Removed a onModuleInventoryChanged callback owned by a destroyed Assembly-CSharp:ModuleInventoryPart instance
[LOG 19:19:16.097] [KSPCF:MemoryLeaks] Removed a OnDestructibleLoaded callback owned by a destroyed Assembly-CSharp:RunwayCollisionHandler instance
[LOG 19:19:16.098] [KSPCF:MemoryLeaks] Leaving scene "Editor", cleaned 20 memory leaks in 0.003s. GameEvents callbacks : 475. Allocated memory : 1.073 GiB (managed heap), 2.095 GiB (unmanaged)
[LOG 19:19:16.110] UICanvasPrefabSpawner FlightUI spawning Flight
[LOG 19:19:16.140] UICanvasPrefabSpawner FlightUI spawning VesselLabels
[LOG 19:19:16.140] [UiApp] Awake: ResourceDisplay
[LOG 19:19:16.251] [AddonLoader]: Instantiating addon 'AeroGUI' from assembly 'KSP'
[LOG 19:19:16.264] [AddonLoader]: Instantiating addon 'KSPDiagColliders' from assembly 'KSPDiagColliders'
[LOG 19:19:16.265] [KSPDiagColliders] shader Hidden/Internal-Colored, depth test settable: True; display: colliders, hidden by what stands in front
[LOG 19:19:16.265] [PlanetariumCamera]: Focus: Kerbin
[LOG 19:19:16.266] [UIMasterController]: HideUI
[LOG 19:19:16.741] [UIMasterController]: HideUI
[LOG 19:19:16.741] ------------------- initializing flight mode... ------------------
[LOG 19:19:16.741] [SceneLoadSpeedBoost] Save loaded from cache in 0ms
[LOG 19:19:16.745] [MessageSystem] Save Messages
[LOG 19:19:16.746] GetSubclassesOfParentClass: Using cached results for AlarmTypeBase
[LOG 19:19:16.746] Loading Depletion Nodes
[LOG 19:19:16.746] DepNodeCount:  0
[LOG 19:19:16.746] Loading Biome Nodes
[LOG 19:19:16.746] BiomeNodeCount:  0
[LOG 19:19:16.746] Loading Planet Nodes
[LOG 19:19:16.746] PlanetNodeCount:  0
[LOG 19:19:16.748] [ScenarioDestructibles]: Loading... 0 objects registered
[LOG 19:19:16.750] [ScenarioUpgradeableFacilities]: Loading... 0 objects registered
[LOG 19:19:16.758] Loading ship from file: D:\ksp-dev\saves\claude-carriere\Ships\SPH\Diag3-Rover.craft
[LOG 19:19:16.758] [UIMasterController]: HideUI
[LOG 19:19:16.797] Diag3-Rover loaded!
[LOG 19:19:19.410] putting ship to ground: 9.282557
[LOG 19:19:19.413] [Diag3-Rover]: Ready to Launch - waiting to start physics...
[LOG 19:19:19.416] Crewmember Bill Kerman assigned to Conserve d'atterrissage Mk2, seat # 0 (crew seat index: 0)
[LOG 19:19:19.417] Crewmember Bob Kerman assigned to Conserve d'atterrissage Mk2, seat # 1 (crew seat index: 1)
[LOG 19:19:19.417] [FLIGHT GLOBALS]: Switching To Vessel Diag3-Rover ---------------------- 
[LOG 19:19:19.417] setting new dominant body: Kerbin
FlightGlobals.mainBody: Kerbin
[LOG 19:19:19.417] Reference Frame: Rotating
[LOG 19:19:19.424] Vessel assembly complete!
[LOG 19:19:22.912] all systems started
[LOG 19:19:23.008] [KSPDiagColliders] body Kerbin, colliders drawn within 300 m of the active vessel
[LOG 19:19:23.044] [KSPDiagColliders] collider localSpace/Kerbin/Kerbin/KSC/SpaceCenter/Runway/Facility/runway_lev1_v2 (MeshCollider, on, layer 15), centre 1066 m from the active vessel
[LOG 19:19:23.044] [KSPDiagColliders] drawn within 300 m: 2 ground quad(s), 1 collider(s) of statics on, 0 switched off
[WRN 19:19:23.054] [Part]: Cannot have ModuleCargoPart and ModuleInventoryPart on same Part [Diag3-Rocket (unloaded)'. Removed ModuleCargoPart
[LOG 19:19:23.067] [Diag3-Rocket]: landed - waiting for ground contact to resume physics...
[LOG 19:19:23.135] [UiApp] Awake: CurrencyWidgetsApp
[LOG 19:19:23.135] [UiApp] Awake: Contracts
[LOG 19:19:23.136] [UiApp] Awake: ResourceDisplay
[LOG 19:19:23.136] [UiApp] Awake: KSPedia
[LOG 19:19:23.136] [UiApp] Awake: Missions App
[LOG 19:19:23.136] [UiApp] Awake: DeltaVApp
[LOG 19:19:23.136] [UiApp] Awake: ActionGroupsApp
[LOG 19:19:23.136] [UiApp] Awake: Construction
[LOG 19:19:23.136] [UiApp] Awake: Cargo
[LOG 19:19:23.136] [UiApp] Awake: AlarmClock
[LOG 19:19:23.136] [UiApp] Awake: ManeuverTool
[LOG 19:19:23.136] [ApplicationLauncher] OnSceneLoadedGUIReady: scene FLIGHT ShouldBeVisible() True ShouldBeOnTop() True iIsPositionedAtTop False
[LOG 19:19:23.136] [ApplicationLauncher] SpawnSimpleLayout: VerticalTopDown
[LOG 19:19:23.140] [KnowledgeBase] OnAppLauncherReady 57089
[LOG 19:19:23.177] [FlightIntegrator]: Reloaded drag cube for zeroed cube root part trussPiece3x on vessel Diag3-Rover
[LOG 19:19:23.178] [FlightIntegrator]: Vessel Diag3-Rover has been unloaded 1.79769313486232E+308, applying analytic temperature 303.849783620439
[LOG 19:19:23.186] [MessageSystem] Reposition 0.02 57090
[LOG 19:19:23.186] [GenericAppFrame] Reposition 0.02 57090
[LOG 19:19:23.186] [GenericAppFrame] Reposition 0.02 57090
[LOG 19:19:23.277] [FlightIntegrator]: Reloaded drag cube for zeroed cube root part mk1pod.v2 (Diag3-Rocket) on vessel Diag3-Rocket
[LOG 19:19:23.280] [PlanetariumCamera]: Focus: Diag3-Rover
[LOG 19:19:23.305] [UIApp] Adding ResourceDisplay to Application Launcher
[LOG 19:19:23.307] [UIApp] Adding ResourceDisplay to Application Launcher
[LOG 19:19:23.319] [ResourceDisplay] OnAppStarted(): id: -916080
[LOG 19:19:23.320] [GenericAppFrame] Reposition 0.1409464 57094
[LOG 19:19:23.321] [ResourceDisplay] OnAppStarted(): id: 351902
[LOG 19:19:23.321] ResourceDisplay already exist, destroying this instance
[LOG 19:19:23.321] [UIApp] OnDestroy: ResourceDisplay
[LOG 19:19:23.334] [UIApp] Adding AlarmClock to Application Launcher
[LOG 19:19:23.336] [UIApp] Adding ActionGroupsApp to Application Launcher
[LOG 19:19:23.338] [ApplicationLauncher] SetHidden: 
[LOG 19:19:23.340] [UIApp] Adding Missions App to Application Launcher
[LOG 19:19:23.342] [UIApp] Adding Contracts to Application Launcher
[LOG 19:19:23.343] CURRENCY WIDGET True True True
[LOG 19:19:23.343] [UIApp] Adding CurrencyWidgetsApp to Application Launcher
[LOG 19:19:23.369] [GenericAppFrame] Reposition 0.1757989 57096
[LOG 19:19:23.376] [ActionGroupsApp] OnAppStarted(): id: -916104
[LOG 19:19:23.376] [GenericAppFrame] Reposition 0.1757989 57096
[LOG 19:19:23.377] [UIApp] Adding DeltaVApp to Application Launcher
[LOG 19:19:23.379] [MissionsApp] OnAppStarted(): id: -916092
[LOG 19:19:23.379] MissionsApp does not execute in this game mode, destroying this instance
[LOG 19:19:23.379] [UIApp] OnDestroy: Missions App
[LOG 19:19:23.380] [GenericAppFrame] Reposition 0.1757989 57096
[LOG 19:19:23.407] [GenericAppFrame] Reposition 0.2157989 57097
[LOG 19:19:23.418] [UIApp] Adding Cargo to Application Launcher
[LOG 19:19:23.421] [UIApp] Adding Construction to Application Launcher
[LOG 19:19:23.423] [UIApp] Adding KSPedia to Application Launcher
[LOG 19:19:23.437] [ApplicationLauncher] SetHidden: 
[LOG 19:19:23.475] Flight State Captured
[LOG 19:19:23.475] Saving Achievements Tree...
[LOG 19:19:23.476] [MessageSystem] Save Messages
[LOG 19:19:23.489] Game State Saved as persistent
[LOG 19:19:24.191] Unpacking Diag3-Rover
[LOG 19:19:24.199] [UIMasterController]: ShowUI
[LOG 19:19:34.335] [KSPDiagColliders] under 'Diag3-Rover' PRELAUNCH lat=-0.048904 lon=-74.710163: [runway_lev1_v2 (Facility) 4184.082 mm, active=True] [Kerbin Zn1232223233 (PQStorage) 80.638 mm, active=True]
[LOG 19:19:34.335] [KSPDiagColliders] under 'Diag3-Rocket' LANDED lat=-0.097180 lon=-74.557702: [collider (LP_lev2) 2798.599 mm, active=True] [Kerbin Zn1232223323 (PQStorage) -137.729 mm, active=True]
[LOG 19:19:34.348] Killed all parts in permanent ground contact on vessel Diag3-Rover.
[LOG 19:19:34.348] Packing Diag3-Rover for orbit
[LOG 19:19:34.351] setting new dominant body: Mun
FlightGlobals.mainBody: Mun
[LOG 19:19:34.354] [Progress Node Reached]: Flyby
[LOG 19:19:34.357] [Progress Node Reached]: Mun
[LOG 19:19:34.364] [Progress Node Complete]: Flyby
[LOG 19:19:34.365] Added 3.999998 (4) reputation: 'Progression'.
[LOG 19:19:34.372] [Progress Node Reached]: Escape
[LOG 19:19:34.374] [Progress Node Reached]: Kerbin
[LOG 19:19:34.376] [Progress Node Complete]: Escape
[LOG 19:19:34.376] Added 4.999998 (5) reputation: 'Progression'.
[LOG 19:19:34.380] Diag3-Rocket Unloaded
[LOG 19:19:35.114] Kerbin: Resetting
[LOG 19:19:35.220] [KSPDiagColliders] body Mun, colliders drawn within 300 m of the active vessel
[LOG 19:19:35.236] [KSPDiagColliders] drawn within 300 m: 0 ground quad(s), 0 collider(s) of statics on, 0 switched off
[LOG 19:19:35.252] [Progress Node Reached]: Orbit
[LOG 19:19:35.260] [Progress Node Complete]: Orbit
[LOG 19:19:35.261] Added 3.999998 (4) reputation: 'Progression'.
[LOG 19:19:37.190] Reference Frame: Rotating
[LOG 19:19:37.393] Unpacking Diag3-Rover
[LOG 19:19:40.535] [FLIGHT GLOBALS]: Switching To Vessel Diag3-Rocket ---------------------- 
[LOG 19:19:40.537] Flight State Captured
[LOG 19:19:40.537] Saving Achievements Tree...
[LOG 19:19:40.538] Saving Achievements Tree...
[LOG 19:19:40.538] Saving Achievements Tree...
[LOG 19:19:40.540] [MessageSystem] Save Messages
[LOG 19:19:40.553] Game State Saved to saves/claude-carriere/persistent
[LOG 19:19:40.562] Flight State Captured
[LOG 19:19:40.562] Saving Achievements Tree...
[LOG 19:19:40.562] Saving Achievements Tree...
[LOG 19:19:40.562] Saving Achievements Tree...
[LOG 19:19:40.563] [MessageSystem] Save Messages
[LOG 19:19:40.564] [UIMasterController]: HideUI
[LOG 19:19:40.614] [HighLogic]: =========================== Scene Change : From FLIGHT to FLIGHT =====================
[LOG 19:19:40.800] [UIApp] OnDestroy: ManeuverTool
[LOG 19:19:40.801] [UIApp] OnDestroy: ResourceDisplay
[LOG 19:19:40.801] [UIApp] OnDestroy: Contracts
[LOG 19:19:40.801] [PlanetariumCamera]: Focus: Mun
[LOG 19:19:40.801] [UIApp] OnDestroy: CurrencyWidgetsApp
[LOG 19:19:40.801] KbApp.OnDestroy Unowned Info
[LOG 19:19:40.802] [UIApp] OnDestroy: Construction
[LOG 19:19:40.802] [UIApp] OnDestroy: Cargo
[LOG 19:19:40.802] [UIApp] OnDestroy: ActionGroupsApp
[LOG 19:19:40.802] [UIApp] OnDestroy: DeltaVApp
[LOG 19:19:40.804] [UIApp] OnDestroy: AlarmClock
[LOG 19:19:40.804] KbApp.OnDestroy Vessel Info
[LOG 19:19:40.804] KbApp.OnDestroy Planet Info
[LOG 19:19:40.804] KbApp.OnDestroy NullName
[LOG 19:19:40.804] KbApp.OnDestroy Vessel Crew
[LOG 19:19:40.805] KbApp.OnDestroy Planet Parameters
[LOG 19:19:40.805] [UIApp] OnDestroy: KSPedia
[LOG 19:19:40.806] KbApp.OnDestroy Planet Resources
[LOG 19:19:40.807] [KSPCF:MemoryLeaks] Removed a onVesselChange callback owned by a destroyed Assembly-CSharp:ModuleDeployableSolarPanel instance
[LOG 19:19:40.807] [KSPCF:MemoryLeaks] Removed a onVesselChange callback owned by a destroyed Assembly-CSharp:ModuleDeployableSolarPanel instance
[LOG 19:19:40.807] [KSPCF:MemoryLeaks] Removed a onVesselChange callback owned by a destroyed Assembly-CSharp:ModuleDeployableSolarPanel instance
[LOG 19:19:40.807] [KSPCF:MemoryLeaks] Removed a onVesselChange callback owned by a destroyed Assembly-CSharp:ModuleDeployableSolarPanel instance
[LOG 19:19:40.807] [KSPCF:MemoryLeaks] Removed a onVesselChange callback owned by a destroyed Assembly-CSharp:ModuleDeployableSolarPanel instance
[LOG 19:19:40.807] [KSPCF:MemoryLeaks] Removed a onVesselChange callback owned by a destroyed Assembly-CSharp:ModuleDeployableSolarPanel instance
[LOG 19:19:40.808] [KSPCF:MemoryLeaks] Removed a OnMapExited callback owned by a destroyed Assembly-CSharp:NavBallToggle instance
[LOG 19:19:40.808] [KSPCF:MemoryLeaks] Removed a OnGameSettingsApplied callback owned by a destroyed Assembly-CSharp:VesselAutopilotUI instance
[LOG 19:19:40.808] [KSPCF:MemoryLeaks] Removed a onPartActionUICreate callback owned by a destroyed Assembly-CSharp:ModuleInventoryPart instance
[LOG 19:19:40.808] [KSPCF:MemoryLeaks] Removed a onPartActionUICreate callback owned by a destroyed Assembly-CSharp:ModuleInventoryPart instance
[LOG 19:19:40.808] [KSPCF:MemoryLeaks] Removed a onPartActionUICreate callback owned by a destroyed Assembly-CSharp:ModuleInventoryPart instance
[LOG 19:19:40.808] [KSPCF:MemoryLeaks] Removed a onModuleInventoryChanged callback owned by a destroyed Assembly-CSharp:ModuleInventoryPart instance
[LOG 19:19:40.809] [KSPCF:MemoryLeaks] Removed a onModuleInventoryChanged callback owned by a destroyed Assembly-CSharp:ModuleInventoryPart instance
[LOG 19:19:40.809] [KSPCF:MemoryLeaks] Removed a onModuleInventoryChanged callback owned by a destroyed Assembly-CSharp:ModuleInventoryPart instance
[LOG 19:19:40.809] [KSPCF:MemoryLeaks] Removed a OnEVAConstructionMode callback owned by a destroyed Assembly-CSharp:ModuleCargoPart instance
[LOG 19:19:40.809] [KSPCF:MemoryLeaks] Removed a OnEVAConstructionMode callback owned by a destroyed Assembly-CSharp:ModuleCargoPart instance
[LOG 19:19:40.809] [KSPCF:MemoryLeaks] Removed a OnEVAConstructionMode callback owned by a destroyed Assembly-CSharp:ModuleCargoPart instance
[LOG 19:19:40.809] [KSPCF:MemoryLeaks] Removed a OnEVAConstructionMode callback owned by a destroyed Assembly-CSharp:ModuleCargoPart instance
[LOG 19:19:40.809] [KSPCF:MemoryLeaks] Removed a OnEVAConstructionMode callback owned by a destroyed Assembly-CSharp:ModuleCargoPart instance
[LOG 19:19:40.809] [KSPCF:MemoryLeaks] Removed a OnEVAConstructionMode callback owned by a destroyed Assembly-CSharp:ModuleCargoPart instance
[LOG 19:19:40.809] [KSPCF:MemoryLeaks] Removed a OnEVAConstructionMode callback owned by a destroyed Assembly-CSharp:ModuleCargoPart instance
[LOG 19:19:40.809] [KSPCF:MemoryLeaks] Removed a OnEVAConstructionMode callback owned by a destroyed Assembly-CSharp:ModuleCargoPart instance
[LOG 19:19:40.809] [KSPCF:MemoryLeaks] Removed a OnEVAConstructionMode callback owned by a destroyed Assembly-CSharp:ModuleCargoPart instance
[LOG 19:19:40.809] [KSPCF:MemoryLeaks] Removed a OnEVAConstructionMode callback owned by a destroyed Assembly-CSharp:ModuleCargoPart instance
[LOG 19:19:40.809] [KSPCF:MemoryLeaks] Removed a OnEVAConstructionMode callback owned by a destroyed Assembly-CSharp:ModuleCargoPart instance
[LOG 19:19:40.809] [KSPCF:MemoryLeaks] Removed a OnEVAConstructionMode callback owned by a destroyed Assembly-CSharp:ModuleCargoPart instance
[LOG 19:19:40.809] [KSPCF:MemoryLeaks] Removed a OnEVAConstructionMode callback owned by a destroyed Assembly-CSharp:ModuleCargoPart instance
[LOG 19:19:40.809] [KSPCF:MemoryLeaks] Removed a OnEVAConstructionMode callback owned by a destroyed Assembly-CSharp:ModuleCargoPart instance
[LOG 19:19:40.809] [KSPCF:MemoryLeaks] Removed a OnEVAConstructionMode callback owned by a destroyed Assembly-CSharp:ModuleCargoPart instance
[LOG 19:19:40.809] [KSPCF:MemoryLeaks] Removed a OnEVAConstructionMode callback owned by a destroyed Assembly-CSharp:ModuleCargoPart instance
[LOG 19:19:40.809] [KSPCF:MemoryLeaks] Removed a OnEVAConstructionMode callback owned by a destroyed Assembly-CSharp:ModuleCargoPart instance
[LOG 19:19:40.810] [KSPCF:MemoryLeaks] Removed a OnEVAConstructionMode callback owned by a destroyed Assembly-CSharp:ModuleCargoPart instance
[LOG 19:19:40.810] [KSPCF:MemoryLeaks] Removed a OnEVAConstructionMode callback owned by a destroyed Assembly-CSharp:ModuleCargoPart instance
[LOG 19:19:40.810] [KSPCF:MemoryLeaks] Removed a OnEVAConstructionMode callback owned by a destroyed Assembly-CSharp:ModuleCargoPart instance
[LOG 19:19:40.810] [KSPCF:MemoryLeaks] Removed a OnEVAConstructionMode callback owned by a destroyed Assembly-CSharp:ModuleCargoPart instance
[LOG 19:19:40.810] [KSPCF:MemoryLeaks] Removed a OnEVAConstructionMode callback owned by a destroyed Assembly-CSharp:ModuleCargoPart instance
[LOG 19:19:40.810] [KSPCF:MemoryLeaks] Removed a OnEVAConstructionMode callback owned by a destroyed Assembly-CSharp:ModuleCargoPart instance
[LOG 19:19:40.810] [KSPCF:MemoryLeaks] Removed a OnEVAConstructionMode callback owned by a destroyed Assembly-CSharp:ModuleCargoPart instance
[LOG 19:19:40.810] [KSPCF:MemoryLeaks] Removed a OnEVAConstructionMode callback owned by a destroyed Assembly-CSharp:ModuleCargoPart instance
[LOG 19:19:40.810] [KSPCF:MemoryLeaks] Removed a OnEVAConstructionMode callback owned by a destroyed Assembly-CSharp:ModuleCargoPart instance
[LOG 19:19:40.810] [KSPCF:MemoryLeaks] Removed a OnEVAConstructionMode callback owned by a destroyed Assembly-CSharp:ModuleCargoPart instance
[LOG 19:19:40.810] [KSPCF:MemoryLeaks] Removed a OnEVAConstructionMode callback owned by a destroyed Assembly-CSharp:ModuleCargoPart instance
[LOG 19:19:40.810] [KSPCF:MemoryLeaks] Removed a OnEVAConstructionMode callback owned by a destroyed Assembly-CSharp:ModuleCargoPart instance
[LOG 19:19:40.810] [KSPCF:MemoryLeaks] Removed a OnEVAConstructionMode callback owned by a destroyed Assembly-CSharp:ModuleCargoPart instance
[LOG 19:19:40.810] [KSPCF:MemoryLeaks] Removed a OnEVAConstructionMode callback owned by a destroyed Assembly-CSharp:ModuleCargoPart instance
[LOG 19:19:40.810] [KSPCF:MemoryLeaks] Removed a OnEVAConstructionMode callback owned by a destroyed Assembly-CSharp:ModuleCargoPart instance
[LOG 19:19:40.810] [KSPCF:MemoryLeaks] Removed a OnEVAConstructionMode callback owned by a destroyed Assembly-CSharp:ModuleCargoPart instance
[LOG 19:19:40.810] [KSPCF:MemoryLeaks] Removed a OnEVAConstructionMode callback owned by a destroyed Assembly-CSharp:ModuleCargoPart instance
[LOG 19:19:40.810] [KSPCF:MemoryLeaks] Removed a OnEVAConstructionMode callback owned by a destroyed Assembly-CSharp:ModuleCargoPart instance
[LOG 19:19:40.810] [KSPCF:MemoryLeaks] Removed a OnEVAConstructionMode callback owned by a destroyed Assembly-CSharp:ModuleCargoPart instance
[LOG 19:19:40.810] [KSPCF:MemoryLeaks] Removed a OnEVAConstructionMode callback owned by a destroyed Assembly-CSharp:ModuleCargoPart instance
[LOG 19:19:40.810] [KSPCF:MemoryLeaks] Removed a OnEVAConstructionMode callback owned by a destroyed Assembly-CSharp:ModuleCargoPart instance
[LOG 19:19:40.810] [KSPCF:MemoryLeaks] Removed a OnEVAConstructionMode callback owned by a destroyed Assembly-CSharp:ModuleCargoPart instance
[LOG 19:19:40.810] [KSPCF:MemoryLeaks] Removed a OnEVAConstructionMode callback owned by a destroyed Assembly-CSharp:ModuleCargoPart instance
[LOG 19:19:40.811] [KSPCF:MemoryLeaks] Removed a OnEVAConstructionMode callback owned by a destroyed Assembly-CSharp:ModuleCargoPart instance
[LOG 19:19:40.811] [KSPCF:MemoryLeaks] Removed a OnEVAConstructionMode callback owned by a destroyed Assembly-CSharp:ModuleCargoPart instance
[LOG 19:19:40.811] [KSPCF:MemoryLeaks] Removed a OnEVAConstructionMode callback owned by a destroyed Assembly-CSharp:ModuleCargoPart instance
[LOG 19:19:40.811] [KSPCF:MemoryLeaks] Removed a OnEVAConstructionMode callback owned by a destroyed Assembly-CSharp:ModuleCargoPart instance
[LOG 19:19:40.811] [KSPCF:MemoryLeaks] Removed a OnEVAConstructionMode callback owned by a destroyed Assembly-CSharp:ModuleCargoPart instance
[LOG 19:19:40.811] [KSPCF:MemoryLeaks] Removed a OnEVAConstructionMode callback owned by a destroyed Assembly-CSharp:ModuleCargoPart instance
[LOG 19:19:40.811] [KSPCF:MemoryLeaks] Removed a OnEVAConstructionMode callback owned by a destroyed Assembly-CSharp:ModuleCargoPart instance
[LOG 19:19:40.811] [KSPCF:MemoryLeaks] Removed a OnEVAConstructionMode callback owned by a destroyed Assembly-CSharp:ModuleCargoPart instance
[LOG 19:19:40.811] [KSPCF:MemoryLeaks] Removed a OnEVAConstructionMode callback owned by a destroyed Assembly-CSharp:ModuleCargoPart instance
[LOG 19:19:40.811] [KSPCF:MemoryLeaks] Removed a OnEVAConstructionMode callback owned by a destroyed Assembly-CSharp:ModuleCargoPart instance
[LOG 19:19:40.811] [KSPCF:MemoryLeaks] Removed a OnEVAConstructionMode callback owned by a destroyed Assembly-CSharp:ModuleCargoPart instance
[LOG 19:19:40.811] [KSPCF:MemoryLeaks] Removed a OnEVAConstructionMode callback owned by a destroyed Assembly-CSharp:ModuleCargoPart instance
[LOG 19:19:40.811] [KSPCF:MemoryLeaks] Removed a OnEVAConstructionMode callback owned by a destroyed Assembly-CSharp:ModuleCargoPart instance
[LOG 19:19:40.811] [KSPCF:MemoryLeaks] Removed a OnEVAConstructionMode callback owned by a destroyed Assembly-CSharp:ModuleCargoPart instance
[LOG 19:19:40.811] [KSPCF:MemoryLeaks] Removed a OnClick callback owned by a destroyed Assembly-CSharp:EVAConstructionModeEditor instance
[LOG 19:19:40.812] [KSPCF:MemoryLeaks] Removed a TimingManager.Instance.timing5.onLateUpdate callback owned by a destroyed Assembly-CSharp:MapView instance
[LOG 19:19:40.812] [KSPCF:MemoryLeaks] Leaving scene "Flight", cleaned 142 memory leaks in 0.005s. GameEvents callbacks : 442. Allocated memory : 1.076 GiB (managed heap), 2.083 GiB (unmanaged)
[LOG 19:19:40.822] UICanvasPrefabSpawner FlightUI spawning Flight
[LOG 19:19:40.847] UICanvasPrefabSpawner FlightUI spawning VesselLabels
[LOG 19:19:40.847] [UiApp] Awake: ResourceDisplay
[LOG 19:19:40.952] [AddonLoader]: Instantiating addon 'AeroGUI' from assembly 'KSP'
[LOG 19:19:40.964] [AddonLoader]: Instantiating addon 'KSPDiagColliders' from assembly 'KSPDiagColliders'
[LOG 19:19:40.965] [KSPDiagColliders] shader Hidden/Internal-Colored, depth test settable: True; display: colliders, hidden by what stands in front
[LOG 19:19:40.965] [PlanetariumCamera]: Focus: Kerbin
[LOG 19:19:40.965] [UIMasterController]: HideUI
[LOG 19:19:41.324] [UIMasterController]: HideUI
[LOG 19:19:41.324] ------------------- initializing flight mode... ------------------
[LOG 19:19:41.325] GetSubclassesOfParentClass: Using cached results for AlarmTypeBase
[LOG 19:19:41.325] Loading Depletion Nodes
[LOG 19:19:41.326] DepNodeCount:  0
[LOG 19:19:41.326] Loading Biome Nodes
[LOG 19:19:41.326] BiomeNodeCount:  0
[LOG 19:19:41.326] Loading Planet Nodes
[LOG 19:19:41.326] PlanetNodeCount:  0
[LOG 19:19:41.329] [ScenarioDestructibles]: Loading... 0 objects registered
[LOG 19:19:41.330] [ScenarioUpgradeableFacilities]: Loading... 0 objects registered
[LOG 19:19:41.352] Target vessel index: 0  vessel count: 2
[LOG 19:19:41.353] [FLIGHT GLOBALS]: Switching To Vessel Diag3-Rocket ---------------------- 
[LOG 19:19:41.353] setting new dominant body: Kerbin
FlightGlobals.mainBody: Kerbin
[LOG 19:19:41.353] Reference Frame: Rotating
[WRN 19:19:41.361] [Part]: Cannot have ModuleCargoPart and ModuleInventoryPart on same Part [Diag3-Rocket (unloaded)'. Removed ModuleCargoPart
[LOG 19:19:41.374] [Diag3-Rocket]: landed - waiting for ground contact to resume physics...
[LOG 19:19:41.374] Camera Mode: AUTO
[LOG 19:19:44.200] all systems started
[LOG 19:19:44.273] [KSPDiagColliders] body Kerbin, colliders drawn within 300 m of the active vessel
[LOG 19:19:44.291] [KSPDiagColliders] collider localSpace/Kerbin/Kerbin/KSC/SpaceCenter/LaunchPad/Facility/LP_lev2/bunker (MeshCollider, on, layer 15), centre 44 m from the active vessel
[LOG 19:19:44.292] [KSPDiagColliders] collider localSpace/Kerbin/Kerbin/KSC/SpaceCenter/LaunchPad/Facility/LP_lev2/LP_lev2/collider (MeshCollider, on, layer 15), centre 7 m from the active vessel
[LOG 19:19:44.292] [KSPDiagColliders] collider localSpace/Kerbin/Kerbin/KSC/SpaceCenter/LaunchPad/Facility/Flag/flagPole_lev1/model01/Pole (CapsuleCollider, on, layer 15), centre 74 m from the active vessel
[LOG 19:19:44.294] [KSPDiagColliders] collider localSpace/Kerbin/Kerbin/KSC/SpaceCenter/LaunchPad/Facility/Flag/flagPole_lev1/model01/WaterBase (MeshCollider, on, layer 15), centre 74 m from the active vessel
[LOG 19:19:44.311] [KSPDiagColliders] collider localSpace/Kerbin/Kerbin/KSC/SpaceCenter/Runway/Facility/runway_lev1_v2 (MeshCollider, on, layer 15), centre 730 m from the active vessel
[LOG 19:19:44.311] [KSPDiagColliders] collider localSpace/Kerbin/Kerbin/KSC/SpaceCenter/Crawlerway/Facility/crawler_level2 (MeshCollider, on, layer 15), centre 326 m from the active vessel
[LOG 19:19:44.311] [KSPDiagColliders] drawn within 300 m: 2 ground quad(s), 6 collider(s) of statics on, 0 switched off
[LOG 19:19:44.311] [Progress Node Reached]: RecordsAltitude
[LOG 19:19:44.311] [Progress Node Reached]: RecordsSpeed
[LOG 19:19:44.312] [Progress Node Reached]: RecordsDistance
[LOG 19:19:44.361] [UiApp] Awake: CurrencyWidgetsApp
[LOG 19:19:44.362] [UiApp] Awake: Contracts
[LOG 19:19:44.362] [UiApp] Awake: ResourceDisplay
[LOG 19:19:44.362] [UiApp] Awake: KSPedia
[LOG 19:19:44.362] [UiApp] Awake: Missions App
[LOG 19:19:44.362] [UiApp] Awake: DeltaVApp
[LOG 19:19:44.362] [UiApp] Awake: ActionGroupsApp
[LOG 19:19:44.362] [UiApp] Awake: Construction
[LOG 19:19:44.362] [UiApp] Awake: Cargo
[LOG 19:19:44.362] [UiApp] Awake: AlarmClock
[LOG 19:19:44.362] [UiApp] Awake: ManeuverTool
[LOG 19:19:44.362] [ApplicationLauncher] OnSceneLoadedGUIReady: scene FLIGHT ShouldBeVisible() True ShouldBeOnTop() True iIsPositionedAtTop True
[LOG 19:19:44.365] [KnowledgeBase] OnAppLauncherReady 59545
[LOG 19:19:44.394] [FlightGlobals]: ProtoPartSnapShot persistentId changed from 2124168979 to 3553346199. Vessel persistentId 0
[LOG 19:19:44.394] [FlightGlobals]: ProtoPartSnapShot persistentId changed from 540968707 to 2717130995. Vessel persistentId 0
[LOG 19:19:44.395] [FlightIntegrator]: Reloaded drag cube for zeroed cube root part mk1pod.v2 (Diag3-Rocket) on vessel Diag3-Rocket
[LOG 19:19:44.395] [FlightIntegrator]: Vessel Diag3-Rocket has been unloaded 5.37999999999511, applying analytic temperature 309.899495238274
[LOG 19:19:44.396] [MessageSystem] Reposition 0.02 59546
[LOG 19:19:44.396] [GenericAppFrame] Reposition 0.02 59546
[LOG 19:19:44.396] [GenericAppFrame] Reposition 0.02 59546
[LOG 19:19:44.478] [PlanetariumCamera]: Focus: Diag3-Rocket
[LOG 19:19:44.495] [UIApp] Adding ResourceDisplay to Application Launcher
[LOG 19:19:44.496] [UIApp] Adding ResourceDisplay to Application Launcher
[LOG 19:19:44.505] [ResourceDisplay] OnAppStarted(): id: -963288
[LOG 19:19:44.505] [GenericAppFrame] Reposition 0.1074551 59550
[LOG 19:19:44.506] [ResourceDisplay] OnAppStarted(): id: 352034
[LOG 19:19:44.506] ResourceDisplay already exist, destroying this instance
[LOG 19:19:44.506] [UIApp] OnDestroy: ResourceDisplay
[LOG 19:19:44.520] [UIApp] Adding AlarmClock to Application Launcher
[LOG 19:19:44.521] [UIApp] Adding ActionGroupsApp to Application Launcher
[LOG 19:19:44.522] [ApplicationLauncher] SetHidden: 
[LOG 19:19:44.523] [UIApp] Adding Missions App to Application Launcher
[LOG 19:19:44.524] [UIApp] Adding Contracts to Application Launcher
[LOG 19:19:44.525] CURRENCY WIDGET True True True
[LOG 19:19:44.525] [UIApp] Adding CurrencyWidgetsApp to Application Launcher
[LOG 19:19:44.549] [GenericAppFrame] Reposition 0.1363976 59552
[LOG 19:19:44.554] [ActionGroupsApp] OnAppStarted(): id: -963312
[LOG 19:19:44.555] [GenericAppFrame] Reposition 0.1363976 59552
[LOG 19:19:44.555] [UIApp] Adding DeltaVApp to Application Launcher
[LOG 19:19:44.557] [MissionsApp] OnAppStarted(): id: -963300
[LOG 19:19:44.557] MissionsApp does not execute in this game mode, destroying this instance
[LOG 19:19:44.557] [UIApp] OnDestroy: Missions App
[LOG 19:19:44.558] [GenericAppFrame] Reposition 0.1363976 59552
[LOG 19:19:44.570] [GenericAppFrame] Reposition 0.1714933 59553
[LOG 19:19:44.581] [UIApp] Adding Cargo to Application Launcher
[LOG 19:19:44.583] [UIApp] Adding Construction to Application Launcher
[LOG 19:19:44.585] [UIApp] Adding KSPedia to Application Launcher
[LOG 19:19:44.599] [ApplicationLauncher] SetHidden: 
[LOG 19:19:44.639] Flight State Captured
[LOG 19:19:44.639] Saving Achievements Tree...
[LOG 19:19:44.639] Saving Achievements Tree...
[LOG 19:19:44.639] Saving Achievements Tree...
[LOG 19:19:44.640] [MessageSystem] Save Messages
[LOG 19:19:44.653] Game State Saved as persistent
[LOG 19:19:45.396] Unpacking Diag3-Rocket
[LOG 19:19:45.402] [UIMasterController]: ShowUI
[LOG 19:19:55.455] [KSPDiagColliders] under 'Diag3-Rocket' LANDED lat=-0.097180 lon=-74.557702: [collider (LP_lev2) 2730.394 mm, active=True] [Kerbin Zn1232223323 (PQStorage) -266.012 mm, active=True]
[LOG 19:19:56.933] [KSP-MCPServer] Quitting KSP, as asked
[LOG 19:19:57.471] [UIApp] OnDestroy: ResourceDisplay
[LOG 19:19:57.472] [UIApp] OnDestroy: ActionGroupsApp
[LOG 19:19:57.474] KbApp.OnDestroy NullName
[LOG 19:19:57.474] KbApp.OnDestroy Unowned Info
[LOG 19:19:57.474] KbApp.OnDestroy Planet Resources
[LOG 19:19:57.474] [UIApp] OnDestroy: Contracts
[LOG 19:19:57.475] [UIApp] OnDestroy: AlarmClock
[LOG 19:19:57.479] KbApp.OnDestroy Vessel Info
[LOG 19:19:57.525] [UIApp] OnDestroy: 
[LOG 19:19:57.532] [UIApp] OnDestroy: KSPedia
[LOG 19:19:57.533] [UIApp] OnDestroy: DeltaVApp
[LOG 19:19:57.541] KbApp.OnDestroy Vessel Crew
[LOG 19:19:57.541] KbApp.OnDestroy Planet Info
[LOG 19:19:57.542] [UIApp] OnDestroy: CurrencyWidgetsApp
