[LOG 18:00:52.255] ******* Log Initiated for Kerbal Space Program - 1.12.5.3190 (WindowsPlayer x64) fr-fr *******
Kerbal Space Program - 1.12.5.3190 (WindowsPlayer x64) fr-fr


OS: Windows 10  (10.0.0) 64bit
CPU: Intel(R) Core(TM) i7-4790K CPU @ 4.00GHz (8)
RAM: 32687
GPU: NVIDIA GeForce GTX 1060 6GB (6029MB)
SM: 50 (Direct3D 11.0 [level 11.1])
RT Formats: ARGB32, Depth, ARGBHalf, Shadowmap, RGB565, ARGB4444, ARGB1555, Default, ARGB2101010, DefaultHDR, ARGB64, ARGBFloat, RGFloat, RGHalf, RFloat, RHalf, R8, ARGBInt, RGInt, RInt, BGRA32, RGB111110Float, RG32, RGBAUShort, RG16, BGRA10101010_XR, BGR101010_XR, R16


Log started: Wed, Oct 07, 2026 18:00:52


[LOG 18:00:52.277] ActionCanvas MASK: 3458764513820540928
[LOG 18:00:52.277] AppCanvas MASK: 3458764513820540928
[LOG 18:00:52.279] MainCanvas MASK: 3458764513820540928
[LOG 18:00:56.069] Load(Assembly): /ModuleManager.4.2.3
[LOG 18:00:56.070] AssemblyLoader: Loading assembly at D:\ksp-dev\GameData\ModuleManager.4.2.3.dll
[LOG 18:00:56.096] AssemblyLoader: KSPAssembly 'ModuleManager' V2.5.0
[LOG 18:00:56.097] Load(Assembly): 000_Harmony/0Harmony
[LOG 18:00:56.097] AssemblyLoader: Loading assembly at D:\ksp-dev\GameData\000_Harmony\0Harmony.dll
[LOG 18:00:56.102] Load(Assembly): 000_Harmony/HarmonyInstallChecker
[LOG 18:00:56.102] AssemblyLoader: Loading assembly at D:\ksp-dev\GameData\000_Harmony\HarmonyInstallChecker.dll
[LOG 18:00:56.103] AssemblyLoader: KSPAssembly 'HarmonyKSP' V1.0.0
[LOG 18:00:56.103] Load(Assembly): KSPCommunityFixes/Plugins/0_MultipleModuleInPartAPI
[LOG 18:00:56.103] AssemblyLoader: Loading assembly at D:\ksp-dev\GameData\KSPCommunityFixes\Plugins\0_MultipleModuleInPartAPI.dll
[LOG 18:00:56.105] AssemblyLoader: KSPAssembly 'MultipleModulePartAPI' V1.0.0
[LOG 18:00:56.105] Load(Assembly): KSPCommunityFixes/Plugins/KSPCommunityFixes
[LOG 18:00:56.105] AssemblyLoader: Loading assembly at D:\ksp-dev\GameData\KSPCommunityFixes\Plugins\KSPCommunityFixes.dll
[LOG 18:00:56.136] AssemblyLoader: KSPAssembly 'KSPCommunityFixes' V1.41.1
[LOG 18:00:56.136] AssemblyLoader: KSPAssemblyDependency 'HarmonyKSP' V1.0.0
[LOG 18:00:56.136] AssemblyLoader: KSPAssemblyDependency 'ModuleManager' V1.0.0
[LOG 18:00:56.136] AssemblyLoader: KSPAssemblyDependency 'MultipleModulePartAPI' V1.0.0
[LOG 18:00:56.136] Load(Assembly): KSPDiagColliders/KSPDiagColliders
[LOG 18:00:56.137] AssemblyLoader: Loading assembly at D:\ksp-dev\GameData\KSPDiagColliders\KSPDiagColliders.dll
[LOG 18:00:56.138] Load(Assembly): KSPMCPServer/KSPMCPServer
[LOG 18:00:56.138] AssemblyLoader: Loading assembly at D:\ksp-dev\GameData\KSPMCPServer\KSPMCPServer.dll
[LOG 18:00:56.141] AssemblyLoader: Loading assemblies
[LOG 18:00:56.272] VesselModules: Found VesselModule of type AxisGroupsModule with order 999
[LOG 18:00:56.360] VesselModules: Found VesselModule of type CometVessel with order 999
[LOG 18:00:56.362] VesselModules: Found VesselModule of type SuspensionLoadBalancer with order 999
[LOG 18:00:56.364] VesselModules: Found VesselModule of type FlightIntegrator with order 0
[LOG 18:00:56.366] VesselModules: Found VesselModule of type CommNetVessel with order 999
[LOG 18:00:56.371] VesselModules: Found 5 VesselModule types
[LOG 18:00:56.379] 
************************************************************************

Environment Info
Win32NT 7FFFFFFFFFFFFFFF  Args: KSP_x64.exe 

Mod DLLs found:
Stock assembly: Assembly-CSharp v0.0.0.0
ModuleManager v4.2.3.0
0Harmony v2.2.1.0
HarmonyInstallChecker v2.2.1.0
0_MultipleModuleInPartAPI v1.0.0.0 / v1.0.0+7969fdc50bf4e350193abe5ba2e89533b12ca02f
KSPCommunityFixes v1.41.0.0 / v1.41.1+7969fdc50bf4e350193abe5ba2e89533b12ca02f / v1.41.1.0
KSPDiagColliders v1.0.9774.39745
KSPMCPServer v0.0.0.0

Folders and files in GameData:
000_Harmony
KSPCommunityFixes
KSPDiagColliders
KSPMCPServer
Stock folder: Squad

Stock folder: SquadExpansion

ModuleManager.4.2.3.dll
ModuleManager.ConfigCache
ModuleManager.ConfigSHA
ModuleManager.Physics
ModuleManager.TechTree

************************************************************************

[LOG 18:00:56.401] [AddonLoader]: Instantiating addon 'ModuleManager' from assembly 'ModuleManager'
[LOG 18:00:56.469] [ModuleManager] Adding post patch to the loading screen 4
[LOG 18:00:56.471] [ModuleManager] Patching started on a new thread, all output will be directed to D:\ksp-dev\Logs\ModuleManager\ModuleManager.log
[LOG 18:00:56.475] [AddonLoader]: Instantiating addon 'HarmonyInstallChecker' from assembly 'HarmonyKSP'
[LOG 18:00:56.476] [AddonLoader]: Instantiating addon 'KSPCommunityFixes' from assembly 'KSPCommunityFixes'
[LOG 18:00:56.498] [AddonLoader]: Instantiating addon 'NoIVA' from assembly 'KSPCommunityFixes'
[LOG 18:00:56.499] [AddonLoader]: Instantiating addon 'ConfigNodePerf' from assembly 'KSPCommunityFixes'
[LOG 18:00:56.746] [AddonLoader]: Instantiating addon 'KSPCFFastLoader' from assembly 'KSPCommunityFixes'
[LOG 18:00:56.748] [KSPCF] Injecting FastLoader...
[LOG 18:00:56.774] [KSPCommunityFixes] Patch GameDatabasePerf applied.
[LOG 18:00:56.875] [AddonLoader]: Instantiating addon 'ReflectionTypeLoadExceptionHandler' from assembly 'KSPCommunityFixes'
[LOG 18:00:56.879] [AddonLoader]: Instantiating addon 'KSPMCPServerMod' from assembly 'KSPMCPServer'
[LOG 18:00:57.041] [KSP-MCPServer] Tool colliders_log_under_crafts from KSPDiagColliders (com.github.lhervier.ksp.diag.colliders.McpTools.LogUnderCrafts)
[LOG 18:00:57.042] [KSP-MCPServer] Tool colliders_move_window from KSPDiagColliders (com.github.lhervier.ksp.diag.colliders.McpTools.MoveWindow)
[LOG 18:00:57.042] [KSP-MCPServer] Tool colliders_show_window from KSPDiagColliders (com.github.lhervier.ksp.diag.colliders.McpTools.ShowWindow)
[LOG 18:00:57.081] [KSP-MCPServer] Listening on http://127.0.0.1:8770/mcp/ with 42 tools
[LOG 18:00:58.447] [KSPCF] Taking over stock loader. An exception will follow, this is intended.
[EXC 18:00:58.451] Exception: Terminating stock loader coroutine, this is intended and not an error
	KSPCommunityFixes.Performance.KSPCFFastLoader.GameDatabase_SetupMainLoaders_Prefix () (at <62bb7f5420994f409a34377c091e8538>:0)
	(wrapper dynamic-method) GameDatabase.GameDatabase.SetupMainLoaders_Patch1(GameDatabase)
	GameDatabase+<LoadObjects>d__90.MoveNext () (at <4b449f2841f84227adfaad3149c8fdba>:0)
	UnityEngine.SetupCoroutine.InvokeMoveNext (System.Collections.IEnumerator enumerator, System.IntPtr returnValueAddress) (at <12e76cd50cc64cf19e759e981cb725af>:0)
	UnityEngine.DebugLogHandler:LogException(Exception, Object)
	ModuleManager.UnityLogHandle.InterceptLogHandler:LogException(Exception, Object)
	UnityEngine.MonoBehaviour:StartCoroutine(IEnumerator)
	<CreateDatabase>d__71:MoveNext()
	UnityEngine.MonoBehaviour:StartCoroutine(IEnumerator)
	GameDatabase:StartLoad()
	<LoadSystems>d__11:MoveNext()
	UnityEngine.MonoBehaviour:StartCoroutine(IEnumerator)
	LoadingScreen:Start()
[LOG 18:00:58.905] Preloading Asset Bundle Definitions
[LOG 18:00:59.336] Load Audio: Squad/Alarms/Sounds/Chirps
[LOG 18:00:59.585] Load Audio: Squad/Alarms/Sounds/Classic
[LOG 18:00:59.585] Load Audio: Squad/Alarms/Sounds/ClockTower
[LOG 18:00:59.586] Load Audio: Squad/Alarms/Sounds/ComputerGlass1
[LOG 18:00:59.586] Load Audio: Squad/Alarms/Sounds/ComputerGlass2
[LOG 18:00:59.586] Load Audio: Squad/Alarms/Sounds/ComputerShort
[LOG 18:00:59.586] Load Audio: Squad/Alarms/Sounds/ComputerTriad
[LOG 18:00:59.586] Load Audio: Squad/Alarms/Sounds/DoorBell
[LOG 18:00:59.586] Load Audio: Squad/Alarms/Sounds/Glass
[LOG 18:00:59.586] Load Audio: Squad/Alarms/Sounds/Klaxon
[LOG 18:00:59.586] Load Audio: Squad/Alarms/Sounds/Mobile
[LOG 18:00:59.586] Load Audio: Squad/Alarms/Sounds/Morning
[LOG 18:00:59.586] Load Audio: Squad/Alarms/Sounds/OldClock
[LOG 18:00:59.586] Load Audio: Squad/Alarms/Sounds/OldHorn
[LOG 18:00:59.587] Load Audio: Squad/Alarms/Sounds/Ripple
[LOG 18:00:59.587] Load Audio: Squad/Sounds/editorLoop01
[LOG 18:00:59.587] Load Audio: Squad/Sounds/elev_loop
[LOG 18:00:59.587] Load Audio: Squad/Sounds/elev_start
[LOG 18:00:59.587] Load Audio: Squad/Sounds/elev_stop
[LOG 18:00:59.587] Load Audio: Squad/Sounds/fireworks_explosion_2
[LOG 18:00:59.587] Load Audio: Squad/Sounds/fireworks_explosion_3
[LOG 18:00:59.587] Load Audio: Squad/Sounds/fireworks_explosion_4
[LOG 18:00:59.587] Load Audio: Squad/Sounds/fireworks_launch_boom
[LOG 18:00:59.587] Load Audio: Squad/Sounds/fireworks_only_crackle_crackle_1
[LOG 18:00:59.588] Load Audio: Squad/Sounds/fireworks_only_crackle_dragon_1
[LOG 18:01:02.174] Load Audio: Squad/Sounds/fireworks_only_crackle_palm_1
[LOG 18:01:02.174] Load Audio: Squad/Sounds/fireworks_whistle
[LOG 18:01:02.174] Load Audio: Squad/Sounds/ksp1_banana_V2_01
[LOG 18:01:02.174] Load Audio: Squad/Sounds/ksp1_banana_V2_04
[LOG 18:01:02.175] Load Audio: Squad/Sounds/ksp1_banana_V2_05
[LOG 18:01:02.175] Load Audio: Squad/Sounds/ksp1_golf_swing_normal
[LOG 18:01:02.175] Load Audio: Squad/Sounds/ksp1_ground_anchor_v2_1
[LOG 18:01:02.175] Load Audio: Squad/Sounds/ksp1_strunts_disconnect_v3_pitched2
[LOG 18:01:02.175] Load Audio: Squad/Sounds/repairKit_repair1
[LOG 18:01:02.175] Load Audio: Squad/Sounds/repairKit_repair2
[LOG 18:01:02.175] Load Audio: Squad/Sounds/sound_ambience_nature
[LOG 18:01:02.175] Load Audio: Squad/Sounds/sound_click_flick
[LOG 18:01:02.175] Load Audio: Squad/Sounds/sound_click_latch
[LOG 18:01:02.176] Load Audio: Squad/Sounds/sound_click_sharp
[LOG 18:01:02.176] Load Audio: Squad/Sounds/sound_click_tick
[LOG 18:01:02.176] Load Audio: Squad/Sounds/sound_click_tock
[LOG 18:01:02.176] Load Audio: Squad/Sounds/sound_decoupler_fire
[LOG 18:01:02.176] Load Audio: Squad/Sounds/sound_delete_bin
[LOG 18:01:02.176] Load Audio: Squad/Sounds/sound_explosion_debris1
[LOG 18:01:02.176] Load Audio: Squad/Sounds/sound_explosion_debris2
[LOG 18:01:02.176] Load Audio: Squad/Sounds/sound_explosion_large
[LOG 18:01:02.176] Load Audio: Squad/Sounds/sound_rocket_mini
[LOG 18:01:02.176] Load Audio: Squad/Sounds/sound_rocket_spurts
[LOG 18:01:02.176] Load Audio: Squad/Sounds/sound_servomotor
[LOG 18:01:02.177] Load Audio: Squad/Sounds/sound_tab_extend
[LOG 18:01:02.179] Load Audio: Squad/Sounds/sound_tab_retreat
[LOG 18:01:02.211] Load Audio: SquadExpansion/Serenity/Sounds/robo_arm_large_end
[LOG 18:01:02.211] Load Audio: SquadExpansion/Serenity/Sounds/robo_arm_large_motor_00
[LOG 18:01:02.211] Load Audio: SquadExpansion/Serenity/Sounds/robo_arm_large_scan
[LOG 18:01:02.244] Load Audio: SquadExpansion/Serenity/Sounds/robo_arm_large_start
[LOG 18:01:02.278] Load Audio: SquadExpansion/Serenity/Sounds/robo_arm_medium_end
[LOG 18:01:02.311] Load Audio: SquadExpansion/Serenity/Sounds/robo_arm_medium_motor_00
[LOG 18:01:02.346] Load Audio: SquadExpansion/Serenity/Sounds/robo_arm_medium_scan
[LOG 18:01:02.346] Load Audio: SquadExpansion/Serenity/Sounds/robo_arm_medium_start
[LOG 18:01:02.346] Load Audio: SquadExpansion/Serenity/Sounds/robo_arm_small_end
[LOG 18:01:02.413] Load Audio: SquadExpansion/Serenity/Sounds/robo_arm_small_motor_00
[LOG 18:01:02.413] Load Audio: SquadExpansion/Serenity/Sounds/robo_arm_small_scan
[LOG 18:01:02.413] Load Audio: SquadExpansion/Serenity/Sounds/robo_arm_small_start
[LOG 18:01:02.413] Load Audio: SquadExpansion/Serenity/Sounds/sfx_cryoVolcano_burst
[LOG 18:01:02.413] Load Audio: SquadExpansion/Serenity/Sounds/sfx_cryoVolcano_idle
[LOG 18:01:02.413] Load Audio: SquadExpansion/Serenity/Sounds/sfx_deployable_booster_antena_end
[LOG 18:01:02.445] Load Audio: SquadExpansion/Serenity/Sounds/sfx_deployable_booster_antena_start
[LOG 18:01:02.478] Load Audio: SquadExpansion/Serenity/Sounds/sfx_deployable_central_station_end
[LOG 18:01:02.478] Load Audio: SquadExpansion/Serenity/Sounds/sfx_deployable_central_station_loop
[LOG 18:01:02.478] Load Audio: SquadExpansion/Serenity/Sounds/sfx_deployable_central_station_start
[LOG 18:01:02.479] Load Audio: SquadExpansion/Serenity/Sounds/sfx_deployable_detector_end
[LOG 18:01:02.479] Load Audio: SquadExpansion/Serenity/Sounds/sfx_deployable_detector_start
[LOG 18:01:02.544] Load Audio: SquadExpansion/Serenity/Sounds/sfx_deployable_GoObEd_end
[LOG 18:01:02.544] Load Audio: SquadExpansion/Serenity/Sounds/sfx_deployable_GoObEd_loop
[LOG 18:01:02.577] Load Audio: SquadExpansion/Serenity/Sounds/sfx_deployable_GoObEd_start
[LOG 18:01:02.679] Load Audio: SquadExpansion/Serenity/Sounds/sfx_deployable_rtg_end
[LOG 18:01:02.680] Load Audio: SquadExpansion/Serenity/Sounds/sfx_deployable_rtg_start
[LOG 18:01:02.680] Load Audio: SquadExpansion/Serenity/Sounds/sfx_deployable_seismometer_end
[LOG 18:01:02.680] Load Audio: SquadExpansion/Serenity/Sounds/sfx_deployable_seismometer_start
[LOG 18:01:02.680] Load Audio: SquadExpansion/Serenity/Sounds/sfx_deployable_solar_panel_end
[LOG 18:01:02.680] Load Audio: SquadExpansion/Serenity/Sounds/sfx_deployable_solar_panel_start
[LOG 18:01:02.680] Load Audio: SquadExpansion/Serenity/Sounds/sfx_deployable_weather_station_end
[LOG 18:01:02.711] Load Audio: SquadExpansion/Serenity/Sounds/sfx_deployable_weather_station_loop
[LOG 18:01:02.745] Load Audio: SquadExpansion/Serenity/Sounds/sfx_deployable_weather_station_start
[LOG 18:01:02.745] Load Audio: SquadExpansion/Serenity/Sounds/sfx_geyser_burst
[LOG 18:01:02.844] Load Audio: SquadExpansion/Serenity/Sounds/sfx_geyser_idle
[LOG 18:01:03.864] Load DDS texture: KSPCommunityFixes/MMPatches/StockTweaks/Icons/Clamp-O-Tron
[LOG 18:01:03.871] Load TRUECOLOR texture: KSPCommunityFixes/MMPatches/StockTweaks/Icons/Clamp-O-Tron_scaled
[LOG 18:01:03.935] Load DDS texture: KSPCommunityFixes/MMPatches/StockTweaks/Icons/FreeFallParachutes
[LOG 18:01:03.935] Load TRUECOLOR texture: KSPCommunityFixes/MMPatches/StockTweaks/Icons/FreeFallParachutes_scaled
[LOG 18:01:03.936] Load DDS texture: KSPCommunityFixes/MMPatches/StockTweaks/Icons/LightYearTireCompany
[LOG 18:01:03.936] Load TRUECOLOR texture: KSPCommunityFixes/MMPatches/StockTweaks/Icons/LightYearTireCompany_scaled
[LOG 18:01:03.936] Load DDS texture: KSPCommunityFixes/MMPatches/StockTweaks/Icons/StratusCorporation
[LOG 18:01:03.936] Load TRUECOLOR texture: KSPCommunityFixes/MMPatches/StockTweaks/Icons/StratusCorporation_scaled
[LOG 18:01:03.956] Load DDS texture: Squad/Agencies/C7AerospaceDivision
[LOG 18:01:03.977] Load TRUECOLOR texture: Squad/Agencies/C7AerospaceDivision_scaled
[LOG 18:01:03.995] Load DDS texture: Squad/Agencies/DinkelsteinKermansConstructionEmporium
[LOG 18:01:04.008] Load TRUECOLOR texture: Squad/Agencies/DinkelsteinKermansConstructionEmporium_scaled
[LOG 18:01:04.021] Load DDS texture: Squad/Agencies/ExperimentalEngineering
[LOG 18:01:04.022] Load TRUECOLOR texture: Squad/Agencies/ExperimentalEngineering_scaled
[LOG 18:01:04.037] Load DDS texture: Squad/Agencies/FlooydResearchLab
[LOG 18:01:04.037] Load TRUECOLOR texture: Squad/Agencies/FlooydResearchLab_scaled
[LOG 18:01:04.051] Load DDS texture: Squad/Agencies/GoliathNationalProducts
[LOG 18:01:04.065] Load TRUECOLOR texture: Squad/Agencies/GoliathNationalProducts_scaled
[LOG 18:01:04.078] Load DDS texture: Squad/Agencies/IntegratedIntegrals
[LOG 18:01:04.093] Load TRUECOLOR texture: Squad/Agencies/IntegratedIntegrals_scaled
[LOG 18:01:04.104] Load DDS texture: Squad/Agencies/IonicSymphonicProtonicElectronics
[LOG 18:01:04.106] Load TRUECOLOR texture: Squad/Agencies/IonicSymphonicProtonicElectronics_scaled
[LOG 18:01:04.116] Load DDS texture: Squad/Agencies/JebsJunkyard
[LOG 18:01:04.116] Load TRUECOLOR texture: Squad/Agencies/JebsJunkyard_scaled
[LOG 18:01:04.140] Load DDS texture: Squad/Agencies/KerbalMotion
[LOG 18:01:04.141] Load TRUECOLOR texture: Squad/Agencies/KerbalMotion_scaled
[LOG 18:01:04.160] Load DDS texture: Squad/Agencies/KerbinWorldFirstRecordKeepingSociety
[LOG 18:01:04.181] Load TRUECOLOR texture: Squad/Agencies/KerbinWorldFirstRecordKeepingSociety_scaled
[LOG 18:01:04.199] Load DDS texture: Squad/Agencies/Kerbodyne
[LOG 18:01:04.199] Load TRUECOLOR texture: Squad/Agencies/Kerbodyne_scaled
[LOG 18:01:04.203] Load DDS texture: Squad/Agencies/Kerlington
[LOG 18:01:04.205] Load TRUECOLOR texture: Squad/Agencies/Kerlington_scaled
[LOG 18:01:04.213] Load DDS texture: Squad/Agencies/MaxoConstructionToys
[LOG 18:01:04.213] Load TRUECOLOR texture: Squad/Agencies/MaxoConstructionToys_scaled
[LOG 18:01:04.226] Load DDS texture: Squad/Agencies/MovingPartsExpertsGroup
[LOG 18:01:04.227] Load TRUECOLOR texture: Squad/Agencies/MovingPartsExpertsGroup_scaled
[LOG 18:01:04.246] Load DDS texture: Squad/Agencies/OMBDemolition
[LOG 18:01:04.246] Load TRUECOLOR texture: Squad/Agencies/OMBDemolition_scaled
[LOG 18:01:04.260] Load DDS texture: Squad/Agencies/PeriapsisCo
[LOG 18:01:04.262] Load TRUECOLOR texture: Squad/Agencies/PeriapsisCo_scaled
[LOG 18:01:04.275] Load DDS texture: Squad/Agencies/Probodobodyne
[LOG 18:01:04.288] Load TRUECOLOR texture: Squad/Agencies/Probodobodyne_scaled
[LOG 18:01:04.301] Load DDS texture: Squad/Agencies/R&D
[LOG 18:01:04.314] Load TRUECOLOR texture: Squad/Agencies/R&D_scaled
[LOG 18:01:04.330] Load DDS texture: Squad/Agencies/ReactionSystemsLtd
[LOG 18:01:04.336] Load TRUECOLOR texture: Squad/Agencies/ReactionSystemsLtd_scaled
[LOG 18:01:04.349] Load DDS texture: Squad/Agencies/Rockomax
[LOG 18:01:04.365] Load TRUECOLOR texture: Squad/Agencies/Rockomax_scaled
[LOG 18:01:04.388] Load DDS texture: Squad/Agencies/Rokea
[LOG 18:01:04.389] Load TRUECOLOR texture: Squad/Agencies/Rokea_scaled
[LOG 18:01:04.390] Load DDS texture: Squad/Agencies/SeansCannery
[LOG 18:01:04.410] Load TRUECOLOR texture: Squad/Agencies/SeansCannery_scaled
[LOG 18:01:04.411] Load DDS texture: Squad/Agencies/SteadlerEngineeringCorps
[LOG 18:01:04.426] Load TRUECOLOR texture: Squad/Agencies/SteadlerEngineeringCorps_scaled
[LOG 18:01:04.438] Load DDS texture: Squad/Agencies/StrutCo
[LOG 18:01:04.443] Load TRUECOLOR texture: Squad/Agencies/StrutCo_scaled
[LOG 18:01:04.452] Load DDS texture: Squad/Agencies/Vac-Co
[LOG 18:01:04.452] Load TRUECOLOR texture: Squad/Agencies/Vac-Co_scaled
[LOG 18:01:04.462] Load DDS texture: Squad/Agencies/WinterOwl
[LOG 18:01:04.463] Load TRUECOLOR texture: Squad/Agencies/WinterOwl_scaled
[LOG 18:01:04.474] Load DDS texture: Squad/Agencies/ZaltonicElectronics
[LOG 18:01:04.475] Load TRUECOLOR texture: Squad/Agencies/ZaltonicElectronics_scaled
[LOG 18:01:04.493] Load Cached PNG Texture: Squad/Alarms/Icons/ap
[LOG 18:01:04.494] Load Cached PNG Texture: Squad/Alarms/Icons/default
[LOG 18:01:04.497] Load Cached PNG Texture: Squad/Alarms/Icons/maneuver
[LOG 18:01:04.502] Load Cached PNG Texture: Squad/Alarms/Icons/pe
[LOG 18:01:04.507] Load Cached PNG Texture: Squad/Alarms/Icons/raw
[LOG 18:01:04.507] Load Cached PNG Texture: Squad/Alarms/Icons/soi
[LOG 18:01:04.516] Load Cached PNG Texture: Squad/Alarms/Icons/xfer
[LOG 18:01:04.530] Load DDS texture: Squad/Contracts/Icons/balloon
[LOG 18:01:04.547] Load DDS texture: Squad/Contracts/Icons/custom
[LOG 18:01:04.549] Load DDS texture: Squad/Contracts/Icons/default
[LOG 18:01:04.556] Load DDS texture: Squad/Contracts/Icons/dish
[LOG 18:01:04.567] Load DDS texture: Squad/Contracts/Icons/eva
[LOG 18:01:04.578] Load DDS texture: Squad/Contracts/Icons/gravity
[LOG 18:01:04.579] Load Cached PNG Texture: Squad/Contracts/Icons/ksc
[LOG 18:01:04.589] Load DDS texture: Squad/Contracts/Icons/launchsite
[LOG 18:01:04.597] Load DDS texture: Squad/Contracts/Icons/marker
[LOG 18:01:04.603] Load DDS texture: Squad/Contracts/Icons/pressure
[LOG 18:01:04.611] Load DDS texture: Squad/Contracts/Icons/report
[LOG 18:01:04.636] Load DDS texture: Squad/Contracts/Icons/runway
[LOG 18:01:04.637] Load DDS texture: Squad/Contracts/Icons/sample
[LOG 18:01:04.638] Load DDS texture: Squad/Contracts/Icons/seismic
[LOG 18:01:04.640] Load DDS texture: Squad/Contracts/Icons/thermometer
[LOG 18:01:04.645] Load DDS texture: Squad/Contracts/Icons/vessel
[LOG 18:01:04.667] Load Cached PNG Texture: Squad/Flags/09
[LOG 18:01:04.678] Load Cached PNG Texture: Squad/Flags/blorbs
[LOG 18:01:04.687] Load Cached PNG Texture: Squad/Flags/bullseye
[LOG 18:01:04.697] Load Cached PNG Texture: Squad/Flags/capsule
[LOG 18:01:04.700] Load Cached PNG Texture: Squad/Flags/circles
[LOG 18:01:04.701] Load Cached PNG Texture: Squad/Flags/default
[LOG 18:01:04.702] Load Cached PNG Texture: Squad/Flags/hexagon
[LOG 18:01:04.704] Load Cached PNG Texture: Squad/Flags/hexagonCircles
[LOG 18:01:04.705] Load Cached PNG Texture: Squad/Flags/kerbal1
[LOG 18:01:04.734] Load Cached PNG Texture: Squad/Flags/kerbal2
[LOG 18:01:04.744] Load Cached PNG Texture: Squad/Flags/kerbin
[LOG 18:01:04.747] Load Cached PNG Texture: Squad/Flags/kerbinmunflag
[LOG 18:01:04.749] Load Cached PNG Texture: Squad/Flags/line
[LOG 18:01:04.750] Load Cached PNG Texture: Squad/Flags/minimalistic
[LOG 18:01:04.751] Load Cached PNG Texture: Squad/Flags/orbit
[LOG 18:01:04.784] Load Cached PNG Texture: Squad/Flags/orbs
[LOG 18:01:04.793] Load Cached PNG Texture: Squad/Flags/retro
[LOG 18:01:04.796] Load Cached PNG Texture: Squad/Flags/rings
[LOG 18:01:04.797] Load Cached PNG Texture: Squad/Flags/rocketScience
[LOG 18:01:04.798] Load Cached PNG Texture: Squad/Flags/satellite
[LOG 18:01:04.802] Load Cached PNG Texture: Squad/Flags/Sentinel_Flag
[LOG 18:01:04.803] Load Cached PNG Texture: Squad/Flags/spheres
[LOG 18:01:04.806] Load Cached PNG Texture: Squad/Flags/squadLogo
[LOG 18:01:04.807] Load Cached PNG Texture: Squad/Flags/squadLogo2
[LOG 18:01:04.811] Load Cached PNG Texture: Squad/Flags/stripes
[LOG 18:01:04.816] Load Cached PNG Texture: Squad/Flags/trees
[LOG 18:01:04.818] Load Cached PNG Texture: Squad/Flags/trippy
[LOG 18:01:04.819] Load Cached PNG Texture: Squad/FlagsAgency/esa_dark_blue
[LOG 18:01:04.843] Load Cached PNG Texture: Squad/FlagsAgency/NASA
[LOG 18:01:04.854] Load Cached PNG Texture: Squad/FlagsAgency/uk_space_agency
[LOG 18:01:04.855] Load Cached PNG Texture: Squad/FlagsOrganization/B612_Foundation_flag
[LOG 18:01:04.856] Load Cached PNG Texture: Squad/FlagsOrganization/electron
[LOG 18:01:04.857] Load Cached PNG Texture: Squad/FlagsOrganization/ESA_Arianespace
[LOG 18:01:04.881] Load Cached PNG Texture: Squad/FlagsOrganization/rocketlab
[LOG 18:01:04.889] Load DDS texture: Squad/FX/DiamondBlue
[LOG 18:01:04.900] Load DDS texture: Squad/FX/FlameBlueOrange
[LOG 18:01:04.928] Load DDS texture: Squad/FX/FlamePurple
[LOG 18:01:04.939] Load DDS texture: Squad/FX/FlameRed
[LOG 18:01:04.973] Load DDS texture: Squad/FX/FlameRedOrange
[LOG 18:01:04.990] Load DDS texture: Squad/FX/Monoprop
[LOG 18:01:05.009] Load DDS texture: Squad/FX/plasma2
[LOG 18:01:05.022] Load DDS texture: Squad/FX/rocketplume2
[LOG 18:01:05.030] Load DDS texture: Squad/FX/shockDiamond2
[LOG 18:01:05.043] Load DDS texture: Squad/FX/smokepuff1
[LOG 18:01:05.092] Load DDS texture: Squad/Interiors/Administration/AdminBuilding_Lvl1
[LOG 18:01:05.128] Load DDS texture: Squad/Interiors/Administration/AdminBuilding_Lvl2
[LOG 18:01:05.186] Load DDS texture: Squad/Interiors/Administration/AdminBuilding_Lvl3
[LOG 18:01:05.209] Load DDS texture: Squad/MenuProps/MunOrBust
[LOG 18:01:05.225] Load Cached PNG Texture: Squad/Missions/Banners/Fail/default
[LOG 18:01:05.243] Load PNG texture: Squad/Missions/Banners/Menu/default
[WRN 18:01:05.248] Texture isn't eligible for DXT compression, width and height must be multiples of 4
[LOG 18:01:05.248] Load Cached PNG Texture: Squad/Missions/Banners/Success/default
[LOG 18:01:05.256] Load PNG texture: Squad/Missions/ESA-BepiColombo/Banners/Fail/ESA_MB_Fail_01
[WRN 18:01:05.261] Texture isn't eligible for DXT compression, width and height must be multiples of 4
[LOG 18:01:05.265] Load PNG texture: Squad/Missions/ESA-BepiColombo/Banners/Menu/ESA_MB_Select_01
[WRN 18:01:05.270] Texture isn't eligible for DXT compression, width and height must be multiples of 4
[LOG 18:01:05.270] Load PNG texture: Squad/Missions/ESA-BepiColombo/Banners/Success/ESA_MB_Success_01
[WRN 18:01:05.275] Texture isn't eligible for DXT compression, width and height must be multiples of 4
[LOG 18:01:05.275] Load PNG texture: Squad/Missions/ESA-BepiColombo-Short/Banners/Fail/ESA_MB_Fail_01
[WRN 18:01:05.281] Texture isn't eligible for DXT compression, width and height must be multiples of 4
[LOG 18:01:05.283] Load PNG texture: Squad/Missions/ESA-BepiColombo-Short/Banners/Menu/ESA_MB_Select_01
[WRN 18:01:05.287] Texture isn't eligible for DXT compression, width and height must be multiples of 4
[LOG 18:01:05.290] Load PNG texture: Squad/Missions/ESA-BepiColombo-Short/Banners/Success/ESA_MB_Success_01
[WRN 18:01:05.295] Texture isn't eligible for DXT compression, width and height must be multiples of 4
[LOG 18:01:05.309] Load PNG texture: Squad/Missions/ESA-Rosetta/Banners/Fail/ESA_MB_Fail_02
[WRN 18:01:05.314] Texture isn't eligible for DXT compression, width and height must be multiples of 4
[LOG 18:01:05.324] Load PNG texture: Squad/Missions/ESA-Rosetta/Banners/Menu/ESA_MB_Select_02
[WRN 18:01:05.327] Texture isn't eligible for DXT compression, width and height must be multiples of 4
[LOG 18:01:05.341] Load PNG texture: Squad/Missions/ESA-Rosetta/Banners/Success/ESA_MB_Success_02
[WRN 18:01:05.346] Texture isn't eligible for DXT compression, width and height must be multiples of 4
[LOG 18:01:05.347] Load Cached PNG Texture: Squad/PartList/SimpleIcons/ablator
[LOG 18:01:05.347] Load Cached PNG Texture: Squad/PartList/SimpleIcons/active_radiator
[LOG 18:01:05.358] Load Cached PNG Texture: Squad/PartList/SimpleIcons/asteroid_drill
[LOG 18:01:05.359] Load Cached PNG Texture: Squad/PartList/SimpleIcons/cargo_part
[LOG 18:01:05.367] Load Cached PNG Texture: Squad/PartList/SimpleIcons/comet_drill
[LOG 18:01:05.368] Load Cached PNG Texture: Squad/PartList/SimpleIcons/core_heat
[LOG 18:01:05.373] Load Cached PNG Texture: Squad/PartList/SimpleIcons/cs_main
[LOG 18:01:05.374] Load Cached PNG Texture: Squad/PartList/SimpleIcons/cs_mk2
[LOG 18:01:05.388] Load Cached PNG Texture: Squad/PartList/SimpleIcons/cs_mk3
[LOG 18:01:05.389] Load Cached PNG Texture: Squad/PartList/SimpleIcons/cs_size0
[LOG 18:01:05.390] Load Cached PNG Texture: Squad/PartList/SimpleIcons/cs_size1
[LOG 18:01:05.391] Load Cached PNG Texture: Squad/PartList/SimpleIcons/cs_size1p5
[LOG 18:01:05.391] Load Cached PNG Texture: Squad/PartList/SimpleIcons/cs_size2
[LOG 18:01:05.394] Load Cached PNG Texture: Squad/PartList/SimpleIcons/cs_size3
[LOG 18:01:05.394] Load Cached PNG Texture: Squad/PartList/SimpleIcons/cs_size4
[LOG 18:01:05.397] Load Cached PNG Texture: Squad/PartList/SimpleIcons/cs_surface
[LOG 18:01:05.402] Load Cached PNG Texture: Squad/PartList/SimpleIcons/custom_built_fairing
[LOG 18:01:05.413] Load Cached PNG Texture: Squad/PartList/SimpleIcons/deployable_antenna
[LOG 18:01:05.423] Load Cached PNG Texture: Squad/PartList/SimpleIcons/deployable_comms_part
[LOG 18:01:05.434] Load Cached PNG Texture: Squad/PartList/SimpleIcons/deployable_ground_part
[LOG 18:01:05.445] Load Cached PNG Texture: Squad/PartList/SimpleIcons/deployable_part
[LOG 18:01:05.456] Load Cached PNG Texture: Squad/PartList/SimpleIcons/deployable_radiator
[LOG 18:01:05.469] Load Cached PNG Texture: Squad/PartList/SimpleIcons/deployed_science_control_unit
[LOG 18:01:05.475] Load Cached PNG Texture: Squad/PartList/SimpleIcons/deployed_science_experiment
[LOG 18:01:05.486] Load Cached PNG Texture: Squad/PartList/SimpleIcons/deployed_science_part
[LOG 18:01:05.487] Load Cached PNG Texture: Squad/PartList/SimpleIcons/enviro_sensor
[LOG 18:01:05.492] Load Cached PNG Texture: Squad/PartList/SimpleIcons/experience_management
[LOG 18:01:05.495] Load Cached PNG Texture: Squad/PartList/SimpleIcons/fuels_monopropellant
[LOG 18:01:05.496] Load Cached PNG Texture: Squad/PartList/SimpleIcons/fuels_ore
[LOG 18:01:05.497] Load Cached PNG Texture: Squad/PartList/SimpleIcons/fuels_oxidizer
[LOG 18:01:05.505] Load Cached PNG Texture: Squad/PartList/SimpleIcons/fuels_solidfuel
[LOG 18:01:05.506] Load Cached PNG Texture: Squad/PartList/SimpleIcons/fuels_xenongas
[LOG 18:01:05.507] Load Cached PNG Texture: Squad/PartList/SimpleIcons/inventory_part
[LOG 18:01:05.512] Load Cached PNG Texture: Squad/PartList/SimpleIcons/kerbnet_access
[LOG 18:01:05.523] Load Cached PNG Texture: Squad/PartList/SimpleIcons/number1
[LOG 18:01:05.534] Load Cached PNG Texture: Squad/PartList/SimpleIcons/number2
[LOG 18:01:05.545] Load Cached PNG Texture: Squad/PartList/SimpleIcons/number3
[LOG 18:01:05.555] Load Cached PNG Texture: Squad/PartList/SimpleIcons/number4
[LOG 18:01:05.566] Load Cached PNG Texture: Squad/PartList/SimpleIcons/number5
[LOG 18:01:05.569] Load Cached PNG Texture: Squad/PartList/SimpleIcons/number6
[LOG 18:01:05.569] Load Cached PNG Texture: Squad/PartList/SimpleIcons/number7
[LOG 18:01:05.570] Load Cached PNG Texture: Squad/PartList/SimpleIcons/number8
[LOG 18:01:05.571] Load Cached PNG Texture: Squad/PartList/SimpleIcons/number9
[LOG 18:01:05.572] Load Cached PNG Texture: Squad/PartList/SimpleIcons/probe_control_unit
[LOG 18:01:05.573] Load Cached PNG Texture: Squad/PartList/SimpleIcons/R&D_node_icon_advaerodynamics
[LOG 18:01:05.574] Load Cached PNG Texture: Squad/PartList/SimpleIcons/R&D_node_icon_advancedmotors
[LOG 18:01:05.575] Load Cached PNG Texture: Squad/PartList/SimpleIcons/R&D_node_icon_advconstruction
[LOG 18:01:05.576] Load Cached PNG Texture: Squad/PartList/SimpleIcons/R&D_node_icon_advelectrics
[LOG 18:01:05.577] Load Cached PNG Texture: Squad/PartList/SimpleIcons/R&D_node_icon_advexploration
[LOG 18:01:05.578] Load Cached PNG Texture: Squad/PartList/SimpleIcons/R&D_node_icon_advflightcontrol
[LOG 18:01:05.579] Load Cached PNG Texture: Squad/PartList/SimpleIcons/R&D_node_icon_advlanding
[LOG 18:01:05.580] Load Cached PNG Texture: Squad/PartList/SimpleIcons/R&D_node_icon_advmetalworks
[LOG 18:01:05.581] Load Cached PNG Texture: Squad/PartList/SimpleIcons/R&D_node_icon_advrocketry
[LOG 18:01:05.582] Load Cached PNG Texture: Squad/PartList/SimpleIcons/R&D_node_icon_advsciencetech
[LOG 18:01:05.583] Load Cached PNG Texture: Squad/PartList/SimpleIcons/R&D_node_icon_advunmanned
[LOG 18:01:05.586] Load Cached PNG Texture: Squad/PartList/SimpleIcons/R&D_node_icon_aerodynamicsystems
[LOG 18:01:05.589] Load Cached PNG Texture: Squad/PartList/SimpleIcons/R&D_node_icon_aerospacetech
[LOG 18:01:05.590] Load Cached PNG Texture: Squad/PartList/SimpleIcons/R&D_node_icon_automation
[LOG 18:01:05.591] Load Cached PNG Texture: Squad/PartList/SimpleIcons/R&D_node_icon_basicprobes
[LOG 18:01:05.591] Load Cached PNG Texture: Squad/PartList/SimpleIcons/R&D_node_icon_basicrocketry
[LOG 18:01:05.592] Load Cached PNG Texture: Squad/PartList/SimpleIcons/R&D_node_icon_composites
[LOG 18:01:05.593] Load Cached PNG Texture: Squad/PartList/SimpleIcons/R&D_node_icon_electrics
[LOG 18:01:05.596] Load Cached PNG Texture: Squad/PartList/SimpleIcons/R&D_node_icon_electronics
[LOG 18:01:05.596] Load Cached PNG Texture: Squad/PartList/SimpleIcons/R&D_node_icon_evatech
[LOG 18:01:05.597] Load Cached PNG Texture: Squad/PartList/SimpleIcons/R&D_node_icon_experimentalaerodynamics
[LOG 18:01:05.598] Load Cached PNG Texture: Squad/PartList/SimpleIcons/R&D_node_icon_experimentalelectrics
[LOG 18:01:05.599] Load Cached PNG Texture: Squad/PartList/SimpleIcons/R&D_node_icon_experimentalmotors
[LOG 18:01:05.600] Load Cached PNG Texture: Squad/PartList/SimpleIcons/R&D_node_icon_experimentalrocketry
[LOG 18:01:05.601] Load Cached PNG Texture: Squad/PartList/SimpleIcons/R&D_node_icon_experimentalscience
[LOG 18:01:05.601] Load Cached PNG Texture: Squad/PartList/SimpleIcons/R&D_node_icon_fieldscience
[LOG 18:01:05.602] Load Cached PNG Texture: Squad/PartList/SimpleIcons/R&D_node_icon_flightcontrol
[LOG 18:01:05.603] Load Cached PNG Texture: Squad/PartList/SimpleIcons/R&D_node_icon_fuelsystems
[LOG 18:01:05.604] Load Cached PNG Texture: Squad/PartList/SimpleIcons/R&D_node_icon_generalconstruction
[LOG 18:01:05.610] Load Cached PNG Texture: Squad/PartList/SimpleIcons/R&D_node_icon_generalrocketry
[LOG 18:01:05.612] Load Cached PNG Texture: Squad/PartList/SimpleIcons/R&D_node_icon_generic
[LOG 18:01:05.612] Load Cached PNG Texture: Squad/PartList/SimpleIcons/R&D_node_icon_heavierrocketry
[LOG 18:01:05.613] Load Cached PNG Texture: Squad/PartList/SimpleIcons/R&D_node_icon_heavyaerodynamics
[LOG 18:01:05.614] Load Cached PNG Texture: Squad/PartList/SimpleIcons/R&D_node_icon_heavyrocketry
[LOG 18:01:05.615] Load Cached PNG Texture: Squad/PartList/SimpleIcons/R&D_node_icon_highaltitudeflight
[LOG 18:01:05.621] Load Cached PNG Texture: Squad/PartList/SimpleIcons/R&D_node_icon_highaltitudepropulsion
[LOG 18:01:05.632] Load Cached PNG Texture: Squad/PartList/SimpleIcons/R&D_node_icon_hypersonicflight
[LOG 18:01:05.643] Load Cached PNG Texture: Squad/PartList/SimpleIcons/R&D_node_icon_ionpropulsion
[LOG 18:01:05.654] Load Cached PNG Texture: Squad/PartList/SimpleIcons/R&D_node_icon_landing
[LOG 18:01:05.665] Load Cached PNG Texture: Squad/PartList/SimpleIcons/R&D_node_icon_largecontrol
[LOG 18:01:05.678] Load Cached PNG Texture: Squad/PartList/SimpleIcons/R&D_node_icon_largeelectrics
[LOG 18:01:05.687] Load Cached PNG Texture: Squad/PartList/SimpleIcons/R&D_node_icon_largeprobes
[LOG 18:01:05.698] Load Cached PNG Texture: Squad/PartList/SimpleIcons/R&D_node_icon_metamaterials
[LOG 18:01:05.699] Load Cached PNG Texture: Squad/PartList/SimpleIcons/R&D_node_icon_nanolathing
[LOG 18:01:05.700] Load Cached PNG Texture: Squad/PartList/SimpleIcons/R&D_node_icon_nuclearpropulsion
[LOG 18:01:05.701] Load Cached PNG Texture: Squad/PartList/SimpleIcons/R&D_node_icon_precisionengineering
[LOG 18:01:05.702] Load Cached PNG Texture: Squad/PartList/SimpleIcons/R&D_node_icon_robotics
[LOG 18:01:05.707] Load Cached PNG Texture: Squad/PartList/SimpleIcons/R&D_node_icon_sciencetech
[LOG 18:01:05.718] Load Cached PNG Texture: Squad/PartList/SimpleIcons/R&D_node_icon_specializedconstruction
[LOG 18:01:05.729] Load Cached PNG Texture: Squad/PartList/SimpleIcons/R&D_node_icon_specializedcontrol
[LOG 18:01:05.740] Load Cached PNG Texture: Squad/PartList/SimpleIcons/R&D_node_icon_specializedelectrics
[LOG 18:01:05.750] Load Cached PNG Texture: Squad/PartList/SimpleIcons/R&D_node_icon_stability
[LOG 18:01:05.759] Load Cached PNG Texture: Squad/PartList/SimpleIcons/R&D_node_icon_start
[LOG 18:01:05.772] Load Cached PNG Texture: Squad/PartList/SimpleIcons/R&D_node_icon_supersonicflight
[LOG 18:01:05.781] Load Cached PNG Texture: Squad/PartList/SimpleIcons/R&D_node_icon_survivability
[LOG 18:01:05.792] Load Cached PNG Texture: Squad/PartList/SimpleIcons/R&D_node_icon_unmannedtech
[LOG 18:01:05.802] Load Cached PNG Texture: Squad/PartList/SimpleIcons/R&D_node_icon_veryheavyrocketry
[LOG 18:01:05.814] Load Cached PNG Texture: Squad/PartList/SimpleIcons/rcsfx
[LOG 18:01:05.824] Load Cached PNG Texture: Squad/PartList/SimpleIcons/RDicon_aerospaceTech2
[LOG 18:01:05.834] Load Cached PNG Texture: Squad/PartList/SimpleIcons/RDicon_commandmodules
[LOG 18:01:05.845] Load Cached PNG Texture: Squad/PartList/SimpleIcons/RDicon_fuelSystems-advanced
[LOG 18:01:05.857] Load Cached PNG Texture: Squad/PartList/SimpleIcons/RDicon_fuelSystems-highPerformance
[LOG 18:01:05.868] Load Cached PNG Texture: Squad/PartList/SimpleIcons/RDicon_largeVolumeContainment
[LOG 18:01:05.878] Load Cached PNG Texture: Squad/PartList/SimpleIcons/RDicon_miniaturization
[LOG 18:01:05.889] Load Cached PNG Texture: Squad/PartList/SimpleIcons/RDicon_propulsion-precision
[LOG 18:01:05.900] Load Cached PNG Texture: Squad/PartList/SimpleIcons/RDicon_propulsionSystems
[LOG 18:01:05.911] Load Cached PNG Texture: Squad/PartList/SimpleIcons/RDicon_telescope
[LOG 18:01:05.918] Load Cached PNG Texture: Squad/PartList/SimpleIcons/robotic_controller
[LOG 18:01:05.919] Load Cached PNG Texture: Squad/PartList/SimpleIcons/robotic_rotation_servo
[LOG 18:01:05.920] Load Cached PNG Texture: Squad/PartList/SimpleIcons/robotic_servo_hinge
[LOG 18:01:05.921] Load Cached PNG Texture: Squad/PartList/SimpleIcons/robotic_servo_piston
[LOG 18:01:05.922] Load Cached PNG Texture: Squad/PartList/SimpleIcons/robotic_servo_rotor
[LOG 18:01:05.923] Load Cached PNG Texture: Squad/PartList/SimpleIcons/scanner_arm
[LOG 18:01:05.923] Load Cached PNG Texture: Squad/PartList/SimpleIcons/variant
[LOG 18:01:05.924] Load Cached PNG Texture: Squad/Parts/@thumbs/adapterSmallMiniShort_icon0
[LOG 18:01:05.927] Load Cached PNG Texture: Squad/Parts/@thumbs/adapterSmallMiniShort_icon1
[LOG 18:01:05.927] Load Cached PNG Texture: Squad/Parts/@thumbs/adapterSmallMiniTall_icon0
[LOG 18:01:05.930] Load Cached PNG Texture: Squad/Parts/@thumbs/adapterSmallMiniTall_icon1
[LOG 18:01:05.931] Load Cached PNG Texture: Squad/Parts/@thumbs/AdvancedCanard_icon
[LOG 18:01:05.931] Load Cached PNG Texture: Squad/Parts/@thumbs/advSasModule_icon
[LOG 18:01:05.932] Load Cached PNG Texture: Squad/Parts/@thumbs/airbrake1_icon
[LOG 18:01:05.936] Load Cached PNG Texture: Squad/Parts/@thumbs/airScoop_icon
[LOG 18:01:05.936] Load Cached PNG Texture: Squad/Parts/@thumbs/avionicsNoseCone_icon
[LOG 18:01:05.948] Load Cached PNG Texture: Squad/Parts/@thumbs/basicFin_icon
[LOG 18:01:05.950] Load Cached PNG Texture: Squad/Parts/@thumbs/batteryBankMini_icon
[LOG 18:01:05.951] Load Cached PNG Texture: Squad/Parts/@thumbs/batteryBank_icon
[LOG 18:01:05.954] Load Cached PNG Texture: Squad/Parts/@thumbs/batteryPack_icon
[LOG 18:01:05.955] Load Cached PNG Texture: Squad/Parts/@thumbs/cargoContainer_icon
[LOG 18:01:05.956] Load Cached PNG Texture: Squad/Parts/@thumbs/CargoStorageUnit_icon
[LOG 18:01:05.957] Load Cached PNG Texture: Squad/Parts/@thumbs/CircularIntake_icon
[LOG 18:01:05.960] Load Cached PNG Texture: Squad/Parts/@thumbs/commDish_icon
[LOG 18:01:05.961] Load Cached PNG Texture: Squad/Parts/@thumbs/Decoupler.0_icon0
[LOG 18:01:05.962] Load Cached PNG Texture: Squad/Parts/@thumbs/Decoupler.0_icon1
[LOG 18:01:05.962] Load Cached PNG Texture: Squad/Parts/@thumbs/Decoupler.1_icon0
[LOG 18:01:05.963] Load Cached PNG Texture: Squad/Parts/@thumbs/Decoupler.1_icon1
[LOG 18:01:05.964] Load Cached PNG Texture: Squad/Parts/@thumbs/dockingPort1_icon
[LOG 18:01:05.976] Load Cached PNG Texture: Squad/Parts/@thumbs/dockingPort2_icon
[LOG 18:01:05.985] Load Cached PNG Texture: Squad/Parts/@thumbs/dockingPort3_icon
[LOG 18:01:05.986] Load Cached PNG Texture: Squad/Parts/@thumbs/domeLight1_icon0
[LOG 18:01:05.987] Load Cached PNG Texture: Squad/Parts/@thumbs/domeLight1_icon1
[LOG 18:01:05.989] Load Cached PNG Texture: Squad/Parts/@thumbs/elevon2_icon
[LOG 18:01:06.000] Load Cached PNG Texture: Squad/Parts/@thumbs/elevon3_icon
[LOG 18:01:06.003] Load Cached PNG Texture: Squad/Parts/@thumbs/elevon5_icon
[LOG 18:01:06.003] Load Cached PNG Texture: Squad/Parts/@thumbs/evaChute_icon
[LOG 18:01:06.011] Load Cached PNG Texture: Squad/Parts/@thumbs/evaCylinder_icon
[LOG 18:01:06.015] Load Cached PNG Texture: Squad/Parts/@thumbs/evaJetpack_icon
[LOG 18:01:06.025] Load Cached PNG Texture: Squad/Parts/@thumbs/evaRepairKit_icon
[LOG 18:01:06.026] Load Cached PNG Texture: Squad/Parts/@thumbs/evaScienceKit_icon
[LOG 18:01:06.027] Load Cached PNG Texture: Squad/Parts/@thumbs/externalTankCapsule_icon0
[LOG 18:01:06.028] Load Cached PNG Texture: Squad/Parts/@thumbs/externalTankCapsule_icon1
[LOG 18:01:06.029] Load Cached PNG Texture: Squad/Parts/@thumbs/externalTankRound_icon0
[LOG 18:01:06.042] Load Cached PNG Texture: Squad/Parts/@thumbs/externalTankRound_icon1
[LOG 18:01:06.044] Load Cached PNG Texture: Squad/Parts/@thumbs/externalTankToroid_icon0
[LOG 18:01:06.045] Load Cached PNG Texture: Squad/Parts/@thumbs/externalTankToroid_icon1
[LOG 18:01:06.046] Load Cached PNG Texture: Squad/Parts/@thumbs/fireworksLauncherBig_icon
[LOG 18:01:06.047] Load Cached PNG Texture: Squad/Parts/@thumbs/fireworksLauncherSmall_icon
[LOG 18:01:06.048] Load Cached PNG Texture: Squad/Parts/@thumbs/foldingRadMed_icon
[LOG 18:01:06.049] Load Cached PNG Texture: Squad/Parts/@thumbs/foldingRadSmall_icon
[LOG 18:01:06.049] Load Cached PNG Texture: Squad/Parts/@thumbs/FuelCellArray_icon
[LOG 18:01:06.052] Load Cached PNG Texture: Squad/Parts/@thumbs/FuelCell_icon
[LOG 18:01:06.055] Load Cached PNG Texture: Squad/Parts/@thumbs/fuelTank.long_icon0
[LOG 18:01:06.066] Load Cached PNG Texture: Squad/Parts/@thumbs/fuelTankSmallFlat_icon0
[LOG 18:01:06.067] Load Cached PNG Texture: Squad/Parts/@thumbs/fuelTankSmallFlat_icon1
[LOG 18:01:06.079] Load Cached PNG Texture: Squad/Parts/@thumbs/fuelTankSmallFlat_icon2
[LOG 18:01:06.080] Load Cached PNG Texture: Squad/Parts/@thumbs/fuelTankSmallFlat_icon3
[LOG 18:01:06.080] Load Cached PNG Texture: Squad/Parts/@thumbs/fuelTankSmall_icon0
[LOG 18:01:06.086] Load Cached PNG Texture: Squad/Parts/@thumbs/fuelTankSmall_icon1
[LOG 18:01:06.086] Load Cached PNG Texture: Squad/Parts/@thumbs/fuelTankSmall_icon2
[LOG 18:01:06.087] Load Cached PNG Texture: Squad/Parts/@thumbs/fuelTankSmall_icon3
[LOG 18:01:06.096] Load Cached PNG Texture: Squad/Parts/@thumbs/fuelTank_icon0
[LOG 18:01:06.096] Load Cached PNG Texture: Squad/Parts/@thumbs/GearFixed_icon
[LOG 18:01:06.097] Load Cached PNG Texture: Squad/Parts/@thumbs/GearFree_icon
[LOG 18:01:06.098] Load Cached PNG Texture: Squad/Parts/@thumbs/GearSmall_icon
[LOG 18:01:06.103] Load Cached PNG Texture: Squad/Parts/@thumbs/GooExperiment_icon
[LOG 18:01:06.104] Load Cached PNG Texture: Squad/Parts/@thumbs/groundAnchor_icon
[LOG 18:01:06.105] Load Cached PNG Texture: Squad/Parts/@thumbs/groundLight1_icon
[LOG 18:01:06.106] Load Cached PNG Texture: Squad/Parts/@thumbs/groundLight2_icon
[LOG 18:01:06.110] Load Cached PNG Texture: Squad/Parts/@thumbs/HeatShield0_icon
[LOG 18:01:06.111] Load Cached PNG Texture: Squad/Parts/@thumbs/HeatShield1_icon
[LOG 18:01:06.112] Load Cached PNG Texture: Squad/Parts/@thumbs/HECS2.ProbeCore_icon
[LOG 18:01:06.113] Load Cached PNG Texture: Squad/Parts/@thumbs/HighGainAntenna5.v2_icon
[LOG 18:01:06.114] Load Cached PNG Texture: Squad/Parts/@thumbs/HighGainAntenna5_icon
[LOG 18:01:06.114] Load Cached PNG Texture: Squad/Parts/@thumbs/HighGainAntenna_icon
[LOG 18:01:06.115] Load Cached PNG Texture: Squad/Parts/@thumbs/IntakeRadialLong_icon
[LOG 18:01:06.119] Load Cached PNG Texture: Squad/Parts/@thumbs/ionEngine_icon
[LOG 18:01:06.133] Load Cached PNG Texture: Squad/Parts/@thumbs/ksp.r.largeBatteryPack_icon
[LOG 18:01:06.147] Load Cached PNG Texture: Squad/Parts/@thumbs/ladder1_icon
[LOG 18:01:06.156] Load Cached PNG Texture: Squad/Parts/@thumbs/landingLeg1-2_icon
[LOG 18:01:06.158] Load Cached PNG Texture: Squad/Parts/@thumbs/landingLeg1_icon
[LOG 18:01:06.166] Load Cached PNG Texture: Squad/Parts/@thumbs/launchClamp1_icon
[LOG 18:01:06.168] Load Cached PNG Texture: Squad/Parts/@thumbs/LgRadialSolarPanel_icon
[LOG 18:01:06.178] Load Cached PNG Texture: Squad/Parts/@thumbs/linearRcs_icon
[LOG 18:01:06.191] Load Cached PNG Texture: Squad/Parts/@thumbs/liquidEngine2.v2_icon0
[LOG 18:01:06.195] Load Cached PNG Texture: Squad/Parts/@thumbs/liquidEngine3.v2_icon0
[LOG 18:01:06.195] Load Cached PNG Texture: Squad/Parts/@thumbs/liquidEngine3.v2_icon1
[LOG 18:01:06.197] Load Cached PNG Texture: Squad/Parts/@thumbs/liquidEngine3.v2_icon2
[LOG 18:01:06.213] Load Cached PNG Texture: Squad/Parts/@thumbs/liquidEngineMini.v2_icon0
[LOG 18:01:06.214] Load Cached PNG Texture: Squad/Parts/@thumbs/liquidEngineMini.v2_icon1
[LOG 18:01:06.217] Load Cached PNG Texture: Squad/Parts/@thumbs/liquidEngineMini.v2_icon2
[LOG 18:01:06.229] Load Cached PNG Texture: Squad/Parts/@thumbs/longAntenna_icon
[LOG 18:01:06.233] Load Cached PNG Texture: Squad/Parts/@thumbs/Magnetometer_icon
[LOG 18:01:06.243] Load Cached PNG Texture: Squad/Parts/@thumbs/mediumDishAntenna_icon
[LOG 18:01:06.246] Load Cached PNG Texture: Squad/Parts/@thumbs/microEngine.v2_icon0
[LOG 18:01:06.253] Load Cached PNG Texture: Squad/Parts/@thumbs/microEngine.v2_icon1
[LOG 18:01:06.254] Load Cached PNG Texture: Squad/Parts/@thumbs/MiniDrill_icon
[LOG 18:01:06.255] Load Cached PNG Texture: Squad/Parts/@thumbs/miniFuelTank_icon
[LOG 18:01:06.257] Load Cached PNG Texture: Squad/Parts/@thumbs/miniFuselage_icon
[LOG 18:01:06.258] Load Cached PNG Texture: Squad/Parts/@thumbs/miniIntake_icon
[LOG 18:01:06.259] Load Cached PNG Texture: Squad/Parts/@thumbs/miniJetEngine_icon
[LOG 18:01:06.260] Load Cached PNG Texture: Squad/Parts/@thumbs/miniLandingLeg_icon
[LOG 18:01:06.261] Load Cached PNG Texture: Squad/Parts/@thumbs/Mite_icon
[LOG 18:01:06.267] Load Cached PNG Texture: Squad/Parts/@thumbs/mk1pod.v2_icon0
[LOG 18:01:06.272] Load Cached PNG Texture: Squad/Parts/@thumbs/mk2DroneCore_icon
[LOG 18:01:06.282] Load Cached PNG Texture: Squad/Parts/@thumbs/mk2LanderCabin.v2_icon1
[LOG 18:01:06.283] Load Cached PNG Texture: Squad/Parts/@thumbs/MpoProbe_icon
[LOG 18:01:06.288] Load Cached PNG Texture: Squad/Parts/@thumbs/navLight1_icon0
[LOG 18:01:06.291] Load Cached PNG Texture: Squad/Parts/@thumbs/navLight1_icon1
[LOG 18:01:06.293] Load Cached PNG Texture: Squad/Parts/@thumbs/noseCone_icon0
[LOG 18:01:06.294] Load Cached PNG Texture: Squad/Parts/@thumbs/noseCone_icon1
[LOG 18:01:06.294] Load Cached PNG Texture: Squad/Parts/@thumbs/noseCone_icon2
[LOG 18:01:06.297] Load Cached PNG Texture: Squad/Parts/@thumbs/omsEngine_icon
[LOG 18:01:06.299] Load Cached PNG Texture: Squad/Parts/@thumbs/OrbitalScanner_icon
[LOG 18:01:06.305] Load Cached PNG Texture: Squad/Parts/@thumbs/parachuteDrogue_icon
[LOG 18:01:06.309] Load Cached PNG Texture: Squad/Parts/@thumbs/parachuteLarge_icon
[LOG 18:01:06.309] Load Cached PNG Texture: Squad/Parts/@thumbs/parachuteRadial_icon
[LOG 18:01:06.322] Load Cached PNG Texture: Squad/Parts/@thumbs/parachuteSingle_icon
[LOG 18:01:06.326] Load Cached PNG Texture: Squad/Parts/@thumbs/probeCoreCube_icon
[LOG 18:01:06.330] Load Cached PNG Texture: Squad/Parts/@thumbs/probeCoreHex.v2_icon
[LOG 18:01:06.337] Load Cached PNG Texture: Squad/Parts/@thumbs/probeCoreOcto.v2_icon
[LOG 18:01:06.338] Load Cached PNG Texture: Squad/Parts/@thumbs/probeCoreOcto2.v2_icon
[LOG 18:01:06.361] Load Cached PNG Texture: Squad/Parts/@thumbs/probeCoreSphere.v2_icon
[LOG 18:01:06.366] Load Cached PNG Texture: Squad/Parts/@thumbs/probeStackLarge_icon
[LOG 18:01:06.367] Load Cached PNG Texture: Squad/Parts/@thumbs/probeStackSmall_icon
[LOG 18:01:06.369] Load Cached PNG Texture: Squad/Parts/@thumbs/R8winglet_icon
[LOG 18:01:06.374] Load Cached PNG Texture: Squad/Parts/@thumbs/radialDecoupler1-2_icon
[LOG 18:01:06.376] Load Cached PNG Texture: Squad/Parts/@thumbs/radialDecoupler2_icon
[LOG 18:01:06.377] Load Cached PNG Texture: Squad/Parts/@thumbs/radialDecoupler_icon
[LOG 18:01:06.377] Load Cached PNG Texture: Squad/Parts/@thumbs/radialDrogue_icon
[LOG 18:01:06.378] Load Cached PNG Texture: Squad/Parts/@thumbs/radialEngineMini.v2_icon0
[LOG 18:01:06.379] Load Cached PNG Texture: Squad/Parts/@thumbs/radialEngineMini.v2_icon1
[LOG 18:01:06.380] Load Cached PNG Texture: Squad/Parts/@thumbs/radialLiquidEngine1-2_icon
[LOG 18:01:06.381] Load Cached PNG Texture: Squad/Parts/@thumbs/RadialOreTank_icon
[LOG 18:01:06.381] Load Cached PNG Texture: Squad/Parts/@thumbs/radialRCSTank_icon
[LOG 18:01:06.382] Load Cached PNG Texture: Squad/Parts/@thumbs/radPanelEdge_icon
[LOG 18:01:06.411] Load Cached PNG Texture: Squad/Parts/@thumbs/radPanelLg_icon
[LOG 18:01:06.412] Load Cached PNG Texture: Squad/Parts/@thumbs/radPanelSm_icon
[LOG 18:01:06.413] Load Cached PNG Texture: Squad/Parts/@thumbs/RCSblock.01.small_icon0
[LOG 18:01:06.414] Load Cached PNG Texture: Squad/Parts/@thumbs/RCSblock.01.small_icon1
[LOG 18:01:06.415] Load Cached PNG Texture: Squad/Parts/@thumbs/RCSblock.01.small_icon2
[LOG 18:01:06.416] Load Cached PNG Texture: Squad/Parts/@thumbs/RCSblock.01.small_icon3
[LOG 18:01:06.417] Load Cached PNG Texture: Squad/Parts/@thumbs/RCSblock.01.small_icon4
[LOG 18:01:06.420] Load Cached PNG Texture: Squad/Parts/@thumbs/RCSBlock.v2_icon
[LOG 18:01:06.428] Load Cached PNG Texture: Squad/Parts/@thumbs/RCSBlock.v2_icon0
[LOG 18:01:06.431] Load Cached PNG Texture: Squad/Parts/@thumbs/RCSBlock.v2_icon1
[LOG 18:01:06.431] Load Cached PNG Texture: Squad/Parts/@thumbs/RCSBlock.v2_icon2
[LOG 18:01:06.432] Load Cached PNG Texture: Squad/Parts/@thumbs/RCSBlock.v2_icon3
[LOG 18:01:06.433] Load Cached PNG Texture: Squad/Parts/@thumbs/RCSBlock.v2_icon4
[LOG 18:01:06.438] Load Cached PNG Texture: Squad/Parts/@thumbs/RCSFuelTank_icon
[LOG 18:01:06.438] Load Cached PNG Texture: Squad/Parts/@thumbs/RCSLinearSmall_icon
[LOG 18:01:06.439] Load Cached PNG Texture: Squad/Parts/@thumbs/rcsTankMini_icon
[LOG 18:01:06.442] Load Cached PNG Texture: Squad/Parts/@thumbs/RelayAntenna5_icon
[LOG 18:01:06.442] Load Cached PNG Texture: Squad/Parts/@thumbs/ReleaseValve_icon
[LOG 18:01:06.443] Load Cached PNG Texture: Squad/Parts/@thumbs/roverBody.v2_icon0
[LOG 18:01:06.444] Load Cached PNG Texture: Squad/Parts/@thumbs/roverBody.v2_icon1
[LOG 18:01:06.445] Load Cached PNG Texture: Squad/Parts/@thumbs/roverBody.v2_icon2
[LOG 18:01:06.446] Load Cached PNG Texture: Squad/Parts/@thumbs/roverWheel1_icon
[LOG 18:01:06.447] Load Cached PNG Texture: Squad/Parts/@thumbs/roverWheel2_icon
[LOG 18:01:06.448] Load Cached PNG Texture: Squad/Parts/@thumbs/rtg_icon
[LOG 18:01:06.448] Load Cached PNG Texture: Squad/Parts/@thumbs/sasModule_icon
[LOG 18:01:06.449] Load Cached PNG Texture: Squad/Parts/@thumbs/science.module_icon
[LOG 18:01:06.450] Load Cached PNG Texture: Squad/Parts/@thumbs/ScienceBox_icon
[LOG 18:01:06.451] Load Cached PNG Texture: Squad/Parts/@thumbs/seatExternalCmd_icon
[LOG 18:01:06.451] Load Cached PNG Texture: Squad/Parts/@thumbs/sensorAccelerometer_icon
[LOG 18:01:06.452] Load Cached PNG Texture: Squad/Parts/@thumbs/sensorAtmosphere_icon
[LOG 18:01:06.453] Load Cached PNG Texture: Squad/Parts/@thumbs/sensorBarometer_icon
[LOG 18:01:06.454] Load Cached PNG Texture: Squad/Parts/@thumbs/sensorGravimeter_icon
[LOG 18:01:06.454] Load Cached PNG Texture: Squad/Parts/@thumbs/sensorThermometer_icon
[LOG 18:01:06.455] Load Cached PNG Texture: Squad/Parts/@thumbs/Separator.0_icon0
[LOG 18:01:06.456] Load Cached PNG Texture: Squad/Parts/@thumbs/Separator.0_icon1
[LOG 18:01:06.457] Load Cached PNG Texture: Squad/Parts/@thumbs/Separator.1_icon0
[LOG 18:01:06.472] Load Cached PNG Texture: Squad/Parts/@thumbs/Separator.1_icon1
[LOG 18:01:06.473] Load Cached PNG Texture: Squad/Parts/@thumbs/sepMotor1_icon
[LOG 18:01:06.474] Load Cached PNG Texture: Squad/Parts/@thumbs/ServiceBay.125.v2_icon
[LOG 18:01:06.475] Load Cached PNG Texture: Squad/Parts/@thumbs/shockConeIntake_icon
[LOG 18:01:06.476] Load Cached PNG Texture: Squad/Parts/@thumbs/Shrimp_icon
[LOG 18:01:06.476] Load Cached PNG Texture: Squad/Parts/@thumbs/smallCargoContainer_icon
[LOG 18:01:06.477] Load Cached PNG Texture: Squad/Parts/@thumbs/smallClaw_icon0
[LOG 18:01:06.478] Load Cached PNG Texture: Squad/Parts/@thumbs/smallClaw_icon1
[LOG 18:01:06.479] Load Cached PNG Texture: Squad/Parts/@thumbs/smallCtrlSrf_icon
[LOG 18:01:06.480] Load Cached PNG Texture: Squad/Parts/@thumbs/SmallGearBay_icon
[LOG 18:01:06.480] Load Cached PNG Texture: Squad/Parts/@thumbs/smallHardpoint_icon
[LOG 18:01:06.481] Load Cached PNG Texture: Squad/Parts/@thumbs/smallRadialEngine.v2_icon0
[LOG 18:01:06.482] Load Cached PNG Texture: Squad/Parts/@thumbs/smallRadialEngine.v2_icon1
[LOG 18:01:06.483] Load Cached PNG Texture: Squad/Parts/@thumbs/solarPanelOX10C_icon
[LOG 18:01:06.484] Load Cached PNG Texture: Squad/Parts/@thumbs/solarPanelOX10L_icon
[LOG 18:01:06.484] Load Cached PNG Texture: Squad/Parts/@thumbs/solarPanels1_icon
[LOG 18:01:06.485] Load Cached PNG Texture: Squad/Parts/@thumbs/solarPanels2_icon
[LOG 18:01:06.499] Load Cached PNG Texture: Squad/Parts/@thumbs/solarPanels3_icon
[LOG 18:01:06.502] Load Cached PNG Texture: Squad/Parts/@thumbs/solarPanels4_icon
[LOG 18:01:06.512] Load Cached PNG Texture: Squad/Parts/@thumbs/solarPanels5_icon
[LOG 18:01:06.513] Load Cached PNG Texture: Squad/Parts/@thumbs/solarPanelSP10C_icon
[LOG 18:01:06.513] Load Cached PNG Texture: Squad/Parts/@thumbs/solarPanelSP10L_icon
[LOG 18:01:06.515] Load Cached PNG Texture: Squad/Parts/@thumbs/solidBooster.sm.v2_icon0
[LOG 18:01:06.520] Load Cached PNG Texture: Squad/Parts/@thumbs/solidBooster.v2_icon0
[LOG 18:01:06.521] Load Cached PNG Texture: Squad/Parts/@thumbs/spotLight1_icon
[LOG 18:01:06.524] Load Cached PNG Texture: Squad/Parts/@thumbs/spotLight2_icon
[LOG 18:01:06.524] Load Cached PNG Texture: Squad/Parts/@thumbs/spotLight3_icon0
[LOG 18:01:06.525] Load Cached PNG Texture: Squad/Parts/@thumbs/spotLight3_icon1
[LOG 18:01:06.526] Load Cached PNG Texture: Squad/Parts/@thumbs/stackPoint1_icon
[LOG 18:01:06.527] Load Cached PNG Texture: Squad/Parts/@thumbs/StandardCtrlSrf_icon
[LOG 18:01:06.528] Load Cached PNG Texture: Squad/Parts/@thumbs/standardNoseCone_icon
[LOG 18:01:06.529] Load Cached PNG Texture: Squad/Parts/@thumbs/stripLight1_icon0
[LOG 18:01:06.530] Load Cached PNG Texture: Squad/Parts/@thumbs/stripLight1_icon1
[LOG 18:01:06.531] Load Cached PNG Texture: Squad/Parts/@thumbs/structuralIBeam1_icon
[LOG 18:01:06.533] Load Cached PNG Texture: Squad/Parts/@thumbs/structuralIBeam3_icon
[LOG 18:01:06.533] Load Cached PNG Texture: Squad/Parts/@thumbs/structuralMiniNode_icon
[LOG 18:01:06.534] Load Cached PNG Texture: Squad/Parts/@thumbs/structuralPanel1_icon
[LOG 18:01:06.535] Load Cached PNG Texture: Squad/Parts/@thumbs/structuralPanel2_icon
[LOG 18:01:06.536] Load Cached PNG Texture: Squad/Parts/@thumbs/structuralWing4_icon
[LOG 18:01:06.536] Load Cached PNG Texture: Squad/Parts/@thumbs/strutCube_icon
[LOG 18:01:06.537] Load Cached PNG Texture: Squad/Parts/@thumbs/strutOcto_icon
[LOG 18:01:06.538] Load Cached PNG Texture: Squad/Parts/@thumbs/SurfaceScanner_icon
[LOG 18:01:06.556] Load Cached PNG Texture: Squad/Parts/@thumbs/SurfAntenna_icon
[LOG 18:01:06.558] Load Cached PNG Texture: Squad/Parts/@thumbs/telescopicLadderBay_icon
[LOG 18:01:06.559] Load Cached PNG Texture: Squad/Parts/@thumbs/telescopicLadder_icon
[LOG 18:01:06.579] Load Cached PNG Texture: Squad/Parts/@thumbs/toroidalAerospike_icon
[LOG 18:01:06.580] Load Cached PNG Texture: Squad/Parts/@thumbs/trussAdapter_icon
[LOG 18:01:06.582] Load Cached PNG Texture: Squad/Parts/@thumbs/trussPiece1x_icon
[LOG 18:01:06.595] Load Cached PNG Texture: Squad/Parts/@thumbs/trussPiece3x_icon
[LOG 18:01:06.596] Load Cached PNG Texture: Squad/Parts/@thumbs/vernierEngine_icon
[LOG 18:01:06.610] Load Cached PNG Texture: Squad/Parts/@thumbs/wheelMed_icon
[LOG 18:01:06.611] Load Cached PNG Texture: Squad/Parts/@thumbs/wingConnector4_icon
[LOG 18:01:06.615] Load Cached PNG Texture: Squad/Parts/@thumbs/wingConnector5_icon
[LOG 18:01:06.620] Load Cached PNG Texture: Squad/Parts/@thumbs/winglet3_icon
[LOG 18:01:06.634] Load Cached PNG Texture: Squad/Parts/@thumbs/winglet_icon
[LOG 18:01:06.635] Load Cached PNG Texture: Squad/Parts/@thumbs/wingShuttleElevon1_icon
[LOG 18:01:06.636] Load Cached PNG Texture: Squad/Parts/@thumbs/xenonTankLarge_icon
[LOG 18:01:06.640] Load Cached PNG Texture: Squad/Parts/@thumbs/xenonTankRadial_icon
[LOG 18:01:06.643] Load Cached PNG Texture: Squad/Parts/@thumbs/xenonTank_icon
[LOG 18:01:06.648] Load DDS texture: Squad/Parts/Aero/aerodynamicNoseCone/Rockomax_Adapters_diffuse
[LOG 18:01:06.648] Load DDS texture: Squad/Parts/Aero/aerodynamicNoseCone/Rockomax_Adapters_normal
[LOG 18:01:06.660] Load DDS texture: Squad/Parts/Aero/airbrake/airbrake
[LOG 18:01:06.672] Load DDS texture: Squad/Parts/Aero/airIntakeRadialXM-G50/RadialIntake
[LOG 18:01:06.721] Load DDS texture: Squad/Parts/Aero/airlinerWings/AirlinerWings
[LOG 18:01:06.738] Load DDS texture: Squad/Parts/Aero/airplaneFins/AirplaneFins
[LOG 18:01:06.751] Load DDS texture: Squad/Parts/Aero/basicFin/BasicFin
[LOG 18:01:06.758] Load DDS texture: Squad/Parts/Aero/circularIntake/CircluarIntakes
[LOG 18:01:06.759] Load DDS texture: Squad/Parts/Aero/circularIntake/CircluarIntakes_Heat
[LOG 18:01:06.777] Load DDS texture: Squad/Parts/Aero/cones/Assets/Cones
[LOG 18:01:06.804] Load DDS texture: Squad/Parts/Aero/cones/Assets/ConesDiffuse
[LOG 18:01:06.820] Load DDS texture: Squad/Parts/Aero/cones/Assets/ConesDiffuse_Orange
[LOG 18:01:06.841] Load DDS texture: Squad/Parts/Aero/cones/Assets/ConesDiffuse_White
[LOG 18:01:06.863] Load DDS texture: Squad/Parts/Aero/cones/Assets/ConesHeat
[LOG 18:01:06.878] Load DDS texture: Squad/Parts/Aero/cones/Assets/ConesHeat_Orange
[LOG 18:01:06.894] Load DDS texture: Squad/Parts/Aero/cones/Assets/ConesHeat_White
[LOG 18:01:06.912] Load DDS texture: Squad/Parts/Aero/cones/Assets/Cones_Heat
[LOG 18:01:06.959] Load Cached PNG Texture: Squad/Parts/Aero/cones/Assets/rocketNoseCones_O
[LOG 18:01:06.982] Load Cached PNG Texture: Squad/Parts/Aero/cones/Assets/rocketNoseCones_O_Normal
[LOG 18:01:07.026] Load DDS texture: Squad/Parts/Aero/cones/Assets/rocketNoseCones_W
[LOG 18:01:07.038] Load DDS texture: Squad/Parts/Aero/cones/Assets/Rockomax_Adapters_diffuse
[LOG 18:01:07.038] Load DDS texture: Squad/Parts/Aero/cones/Assets/Rockomax_Adapters_normal
[LOG 18:01:07.038] Load DDS texture: Squad/Parts/Aero/fairings/AutoTruss
[LOG 18:01:07.045] Load DDS texture: Squad/Parts/Aero/fairings/FairingBase
[LOG 18:01:07.053] Load DDS texture: Squad/Parts/Aero/fairings/FairingBaseNormals
[LOG 18:01:07.060] Load DDS texture: Squad/Parts/Aero/fairings/FairingBaseNormals_bw
[LOG 18:01:07.067] Load DDS texture: Squad/Parts/Aero/fairings/FairingBaseNormals_goldSilver
[LOG 18:01:07.074] Load DDS texture: Squad/Parts/Aero/fairings/FairingBaseNormals_orange
[LOG 18:01:07.101] Load Cached PNG Texture: Squad/Parts/Aero/fairings/FairingBase_black
[LOG 18:01:07.109] Load DDS texture: Squad/Parts/Aero/fairings/FairingBase_bw
[LOG 18:01:07.111] Load DDS texture: Squad/Parts/Aero/fairings/FairingBase_goldDiffuse
[LOG 18:01:07.118] Load DDS texture: Squad/Parts/Aero/fairings/FairingBase_goldSpecular
[LOG 18:01:07.119] Load DDS texture: Squad/Parts/Aero/fairings/FairingBase_orange
[LOG 18:01:07.127] Load DDS texture: Squad/Parts/Aero/fairings/FairingBase_silverDiffuse
[LOG 18:01:07.139] Load DDS texture: Squad/Parts/Aero/fairings/FairingBase_silverSpecular
[LOG 18:01:07.157] Load DDS texture: Squad/Parts/Aero/fairings/fairingsCap
[LOG 18:01:07.196] Load DDS texture: Squad/Parts/Aero/fairings/FairingsMat_silverSpecular
[LOG 18:01:07.213] Load DDS texture: Squad/Parts/Aero/fairings/fairings_diff
[LOG 18:01:07.236] Load DDS texture: Squad/Parts/Aero/fairings/fairings_diff_grey
[LOG 18:01:07.263] Load DDS texture: Squad/Parts/Aero/fairings/fairings_diff_orange
[LOG 18:01:07.275] Load DDS texture: Squad/Parts/Aero/fairings/fairings_grey_normals
[LOG 18:01:07.295] Load DDS texture: Squad/Parts/Aero/fairings/fairings_normals
[LOG 18:01:07.310] Load DDS texture: Squad/Parts/Aero/fairings/fairings_normals_silver
[LOG 18:01:07.336] Load DDS texture: Squad/Parts/Aero/fairings/fairings_orange_normals
[LOG 18:01:07.363] Load DDS texture: Squad/Parts/Aero/fairings/fairings_silverDiffuse
[LOG 18:01:07.379] Load DDS texture: Squad/Parts/Aero/HeatShield/Fairing
[LOG 18:01:07.388] Load DDS texture: Squad/Parts/Aero/HeatShield/heatshield
[LOG 18:01:07.405] Load DDS texture: Squad/Parts/Aero/InflatableHeatShield/HeatShield
[LOG 18:01:07.425] Load DDS texture: Squad/Parts/Aero/InflatableHeatShield/HeatShieldFairing
[LOG 18:01:07.453] Load DDS texture: Squad/Parts/Aero/InflatableHeatShield/HeatShield_NRM
[LOG 18:01:07.462] Load DDS texture: Squad/Parts/Aero/intakeRadialLong/Radial_long
[LOG 18:01:07.468] Load DDS texture: Squad/Parts/Aero/miniIntake/SmallIntake
[LOG 18:01:07.488] Load DDS texture: Squad/Parts/Aero/ramAirIntake/RampIntake
[LOG 18:01:07.515] Load DDS texture: Squad/Parts/Aero/ramAirIntake/RampIntake_Heat
[LOG 18:01:07.567] Load DDS texture: Squad/Parts/Aero/shuttleWings/ShuttleWings
[LOG 18:01:07.578] Load DDS texture: Squad/Parts/Aero/wingletAV-R8/model000
[LOG 18:01:07.587] Load DDS texture: Squad/Parts/Aero/wingletAV-R8/model001
[LOG 18:01:07.604] Load DDS texture: Squad/Parts/Aero/wingletAV-T1/model000
[LOG 18:01:07.611] Load DDS texture: Squad/Parts/Aero/wingletAV-T1/model001
[LOG 18:01:07.613] Load DDS texture: Squad/Parts/Aero/wingletDeltaDeluxe/model000
[LOG 18:01:07.634] Load DDS texture: Squad/Parts/Aero/wings/Wings
[LOG 18:01:07.652] Load DDS texture: Squad/Parts/Cargo/CargoContainers/cargoContainer_diff
[LOG 18:01:07.661] Load DDS texture: Squad/Parts/Cargo/CargoContainers/smallCargoContainer_diffuse
[LOG 18:01:07.677] Load DDS texture: Squad/Parts/Cargo/CargoContainers/smallCargoContainer_nrm
[LOG 18:01:07.682] Load DDS texture: Squad/Parts/Cargo/CargoContainers/smallCargoContainer_specular
[LOG 18:01:07.683] Load DDS texture: Squad/Parts/Cargo/Cylinder/EVAcylinder_diffuse
[LOG 18:01:07.685] Load DDS texture: Squad/Parts/Cargo/Cylinder/EVAcylinder_nrm
[LOG 18:01:07.702] Load DDS texture: Squad/Parts/Cargo/GroundAnchor/groundAnchor_diffuse
[LOG 18:01:07.703] Load DDS texture: Squad/Parts/Cargo/GroundAnchor/groundAnchor_nrm
[LOG 18:01:07.719] Load DDS texture: Squad/Parts/Cargo/Jetpack/EVAjetpack
[LOG 18:01:07.725] Load DDS texture: Squad/Parts/Cargo/Jetpack/EVAjetpackEmmisive
[LOG 18:01:07.750] Load DDS texture: Squad/Parts/Cargo/Jetpack/EVAjetpackNRM
[LOG 18:01:07.797] Load DDS texture: Squad/Parts/Cargo/Parachute/backpack_Diff
[LOG 18:01:07.845] Load DDS texture: Squad/Parts/Cargo/Parachute/backpack_NM
[LOG 18:01:07.859] Load DDS texture: Squad/Parts/Cargo/RepairKit/RepairKit_Diffuse
[LOG 18:01:07.954] Load DDS texture: Squad/Parts/Cargo/RepairKit/RepairKit_Normal
[LOG 18:01:07.973] Load DDS texture: Squad/Parts/Cargo/ScienceKit/ExperimentKit_Material_Diffuse
[LOG 18:01:07.996] Load DDS texture: Squad/Parts/Cargo/ScienceKit/ExperimentKit_Material_Emissive
[LOG 18:01:08.013] Load DDS texture: Squad/Parts/Cargo/ScienceKit/ExperimentKit_Material_Normal
[LOG 18:01:08.064] Load DDS texture: Squad/Parts/Cargo/StorageUnits/Assets/Cargo_Material_Diffuse
[LOG 18:01:08.109] Load DDS texture: Squad/Parts/Cargo/StorageUnits/Assets/Cargo_Material_Normal
[LOG 18:01:08.124] Load DDS texture: Squad/Parts/Command/advancedSasModuleLarge/model000
[LOG 18:01:08.145] Load DDS texture: Squad/Parts/Command/advancedSasModuleLarge/model001
[LOG 18:01:08.178] Load DDS texture: Squad/Parts/Command/cupola/cupola_Emissive
[LOG 18:01:08.188] Load DDS texture: Squad/Parts/Command/cupola/ksp_l_cupola_diff
[LOG 18:01:08.207] Load DDS texture: Squad/Parts/Command/cupola/ksp_l_cupola_normal
[LOG 18:01:08.209] Load DDS texture: Squad/Parts/Command/cupola/window
[LOG 18:01:08.222] Load DDS texture: Squad/Parts/Command/externalCommandSeat/model000
[LOG 18:01:08.245] Load DDS texture: Squad/Parts/Command/hitchhikerStorageContainer/cabin
[LOG 18:01:08.263] Load DDS texture: Squad/Parts/Command/hitchhikerStorageContainer/cabin_Illum
[LOG 18:01:08.285] Load DDS texture: Squad/Parts/Command/hitchhikerStorageContainer/cabin_n
[LOG 18:01:08.286] Load DDS texture: Squad/Parts/Command/hitchhikerStorageContainer/window
[LOG 18:01:08.299] Load DDS texture: Squad/Parts/Command/inlineAdvancedStabilizer/model000
[LOG 18:01:08.319] Load DDS texture: Squad/Parts/Command/inlineAdvancedStabilizer/model001
[LOG 18:01:08.341] Load DDS texture: Squad/Parts/Command/inlineReactionWheel/model000
[LOG 18:01:08.356] Load DDS texture: Squad/Parts/Command/inlineReactionWheel/model001
[LOG 18:01:08.365] Load DDS texture: Squad/Parts/Command/inlineReactionWheel/model002
[LOG 18:01:08.385] Load DDS texture: Squad/Parts/Command/Mk1-2Pod/mk 1-2 external shell Variant-Hatch
[LOG 18:01:08.405] Load DDS texture: Squad/Parts/Command/Mk1-3Pod/M1-3 Pod
[LOG 18:01:08.418] Load DDS texture: Squad/Parts/Command/Mk1-3Pod/M1-3 Pod_GLOW
[LOG 18:01:08.477] Load DDS texture: Squad/Parts/Command/mk1Cockpits/GLOW
[LOG 18:01:08.497] Load DDS texture: Squad/Parts/Command/mk1Cockpits/Mk1Cockpit
[LOG 18:01:08.515] Load DDS texture: Squad/Parts/Command/mk1LanderCan/ksp_s_landerCan_diff
[LOG 18:01:08.526] Load DDS texture: Squad/Parts/Command/mk1LanderCan/ksp_s_landerCan_normal
[LOG 18:01:08.537] Load DDS texture: Squad/Parts/Command/mk1LanderCan/ksp_s_landerCan_psd_illum
[LOG 18:01:08.562] Load DDS texture: Squad/Parts/Command/mk1pod/outer shell
[LOG 18:01:08.592] Load DDS texture: Squad/Parts/Command/mk1pod_v2/Mk1_v2
[LOG 18:01:08.599] Load DDS texture: Squad/Parts/Command/mk1pod_v2/Mk1_v2_GLOW
[LOG 18:01:08.615] Load DDS texture: Squad/Parts/Command/mk1pod_v2/Mk1_v2_GW
[LOG 18:01:08.711] Load DDS texture: Squad/Parts/Command/mk1pod_v2/Mk1_v2_N
[LOG 18:01:08.739] Load DDS texture: Squad/Parts/Command/mk1pod_v2/Mk1_v2_W
[LOG 18:01:08.761] Load DDS texture: Squad/Parts/Command/mk1pod_v2/Mk1_v2_W_N
[LOG 18:01:08.790] Load DDS texture: Squad/Parts/Command/mk2CockpitInline/Cockpit_inline_A
[LOG 18:01:08.808] Load DDS texture: Squad/Parts/Command/mk2CockpitInline/Cockpit_inline_Emissive
[LOG 18:01:08.831] Load DDS texture: Squad/Parts/Command/mk2CockpitInline/Cockpit_inline_normal
[LOG 18:01:08.862] Load DDS texture: Squad/Parts/Command/mk2CockpitStandard/Cockpit
[LOG 18:01:08.875] Load DDS texture: Squad/Parts/Command/mk2CockpitStandard/Cockpit_Lum
[LOG 18:01:08.899] Load DDS texture: Squad/Parts/Command/mk2CockpitStandard/Cockpit_NRM
[LOG 18:01:08.914] Load DDS texture: Squad/Parts/Command/mk2DroneCore/mk2Dronecore
[LOG 18:01:08.940] Load DDS texture: Squad/Parts/Command/mk2LanderCan/Illum
[LOG 18:01:08.941] Load DDS texture: Squad/Parts/Command/mk2LanderCan/ladder
[LOG 18:01:08.964] Load DDS texture: Squad/Parts/Command/mk2LanderCan/outershell
[LOG 18:01:08.985] Load DDS texture: Squad/Parts/Command/mk2LanderCan/outershell_n
[LOG 18:01:08.986] Load DDS texture: Squad/Parts/Command/mk2LanderCan/window
[LOG 18:01:09.037] Load DDS texture: Squad/Parts/Command/mk2LanderCan_v2/Mk2Can
[LOG 18:01:09.083] Load DDS texture: Squad/Parts/Command/mk2LanderCan_v2/Mk2Can_glow
[LOG 18:01:09.103] Load DDS texture: Squad/Parts/Command/mk3CockpitShuttle/Mk3CockpitShuttle
[LOG 18:01:09.122] Load DDS texture: Squad/Parts/Command/mk3CockpitShuttle/Mk3CockpitShuttle_LUM
[LOG 18:01:09.143] Load DDS texture: Squad/Parts/Command/MpoProbe/MpoProbe_diffuse
[LOG 18:01:09.187] Load DDS texture: Squad/Parts/Command/MpoProbe/MpoProbe_nrm
[LOG 18:01:09.205] Load DDS texture: Squad/Parts/Command/MpoProbe/MpoProbe_specular
[LOG 18:01:09.226] Load DDS texture: Squad/Parts/Command/MtmStage/mtmStage_diffuse
[LOG 18:01:09.232] Load DDS texture: Squad/Parts/Command/MtmStage/mtmStage_nrm
[LOG 18:01:09.255] Load DDS texture: Squad/Parts/Command/MtmStage/mtmStage_specular
[LOG 18:01:09.265] Load DDS texture: Squad/Parts/Command/probeCoreCube/QBE_New_diffuse
[LOG 18:01:09.283] Load Cached PNG Texture: Squad/Parts/Command/probeCoreCube/QBE_New_NRM
[LOG 18:01:09.305] Load DDS texture: Squad/Parts/Command/probeCoreCube/QBE_New_specular
[LOG 18:01:09.312] Load DDS texture: Squad/Parts/Command/probeCoreHex/ksp_m_hexProbe_diff
[LOG 18:01:09.320] Load DDS texture: Squad/Parts/Command/probeCoreHex/ksp_m_hexProbe_normal
[LOG 18:01:09.334] Load DDS texture: Squad/Parts/Command/probeCoreHex_v2/hecsDiffuse
[LOG 18:01:09.346] Load DDS texture: Squad/Parts/Command/probeCoreHex_v2/hecsNormal
[LOG 18:01:09.347] Load DDS texture: Squad/Parts/Command/probeCoreOcto2_v2/octoDiffuse
[LOG 18:01:09.347] Load DDS texture: Squad/Parts/Command/probeCoreOcto2_v2/octoNormal
[LOG 18:01:09.347] Load DDS texture: Squad/Parts/Command/probeCoreOcto2_v2/octoSpecular
[LOG 18:01:09.360] Load DDS texture: Squad/Parts/Command/probeCoreOcto_v2/octoDiffuse
[LOG 18:01:09.372] Load DDS texture: Squad/Parts/Command/probeCoreOcto_v2/octoNormal
[LOG 18:01:09.388] Load DDS texture: Squad/Parts/Command/probeCoreOcto_v2/octoSpecular
[LOG 18:01:09.389] Load DDS texture: Squad/Parts/Command/probeRoverBody/model000
[LOG 18:01:09.391] Load DDS texture: Squad/Parts/Command/probeRoverBody/model001
[LOG 18:01:09.405] Load DDS texture: Squad/Parts/Command/probeRoverBody_v2/probeRoverBody_v2_gold_diffuse
[LOG 18:01:09.419] Load Cached PNG Texture: Squad/Parts/Command/probeRoverBody_v2/probeRoverBody_v2_gold_NRM
[LOG 18:01:09.435] Load DDS texture: Squad/Parts/Command/probeRoverBody_v2/probeRoverBody_v2_gold_specular
[LOG 18:01:09.448] Load DDS texture: Squad/Parts/Command/probeRoverBody_v2/probeRoverBody_v2_silver_diffuse
[LOG 18:01:09.474] Load Cached PNG Texture: Squad/Parts/Command/probeRoverBody_v2/probeRoverBody_v2_silver_NRM
[LOG 18:01:09.502] Load DDS texture: Squad/Parts/Command/probeRoverBody_v2/probeRoverBody_v2_silver_specular
[LOG 18:01:09.503] Load DDS texture: Squad/Parts/Command/probeRoverBody_v2/QBE_New_diffuse
[LOG 18:01:09.503] Load DDS texture: Squad/Parts/Command/probeRoverBody_v2/QBE_New_NRM
[LOG 18:01:09.503] Load DDS texture: Squad/Parts/Command/probeRoverBody_v2/QBE_New_specular
[LOG 18:01:09.520] Load DDS texture: Squad/Parts/Command/probeStackLarge/model000
[LOG 18:01:09.535] Load DDS texture: Squad/Parts/Command/probeStackLarge/model001
[LOG 18:01:09.538] Load DDS texture: Squad/Parts/Command/probeStackSmall/model000
[LOG 18:01:09.558] Load DDS texture: Squad/Parts/Command/probeStackSmall/model001
[LOG 18:01:09.569] Load DDS texture: Squad/Parts/Command/probeStackSphere_v2/probeStackSphere_diffuse
[LOG 18:01:09.593] Load DDS texture: Squad/Parts/Command/probeStackSphere_v2/probeStackSphere_normal
[LOG 18:01:09.599] Load DDS texture: Squad/Parts/Command/probeStackSphere_v2/probeStackSphere_specular
[LOG 18:01:09.601] Load Cached PNG Texture: Squad/Parts/CompoundParts/@thumbs/fuelLine_icon0
[LOG 18:01:09.602] Load Cached PNG Texture: Squad/Parts/CompoundParts/@thumbs/fuelLine_icon1
[LOG 18:01:09.603] Load Cached PNG Texture: Squad/Parts/CompoundParts/@thumbs/strutConnector_icon0
[LOG 18:01:09.604] Load Cached PNG Texture: Squad/Parts/CompoundParts/@thumbs/strutConnector_icon1
[LOG 18:01:09.615] Load DDS texture: Squad/Parts/CompoundParts/FuelLine/FTX-2 External Fuel Duct
[LOG 18:01:09.625] Load DDS texture: Squad/Parts/CompoundParts/FuelLine/FTX-2 External Fuel Duct_ESA
[LOG 18:01:09.626] Load DDS texture: Squad/Parts/CompoundParts/strutConnector/EAS-4 Strut Connector
[LOG 18:01:09.627] Load DDS texture: Squad/Parts/CompoundParts/strutConnector/EAS-4 Strut Connector_white
[LOG 18:01:09.651] Load DDS texture: Squad/Parts/Coupling/Assets/Decouplers
[LOG 18:01:09.685] Load DDS texture: Squad/Parts/Coupling/Assets/Decouplers_N
[LOG 18:01:09.718] Load DDS texture: Squad/Parts/Coupling/Assets/Decouplers_whiteYellow
[LOG 18:01:09.751] Load DDS texture: Squad/Parts/Coupling/Assets/Decouplers_whiteYellow_N
[LOG 18:01:09.772] Load DDS texture: Squad/Parts/Electrical/10CSolarPanels/assets/circularSolarPanel_diffuse
[LOG 18:01:09.789] Load DDS texture: Squad/Parts/Electrical/10CSolarPanels/assets/circularSolarPanel_nrm
[LOG 18:01:09.810] Load DDS texture: Squad/Parts/Electrical/10LSolarPanels/assets/retractableSolarPanel_diffuse
[LOG 18:01:09.825] Load DDS texture: Squad/Parts/Electrical/10LSolarPanels/assets/retractableSolarPanel_nrm
[LOG 18:01:09.837] Load DDS texture: Squad/Parts/Electrical/1x6ShroudSolarPanels/model000
[LOG 18:01:09.855] Load DDS texture: Squad/Parts/Electrical/1x6ShroudSolarPanels/model001
[LOG 18:01:09.880] Load DDS texture: Squad/Parts/Electrical/1x6ShroudSolarPanels/model002
[LOG 18:01:09.890] Load DDS texture: Squad/Parts/Electrical/1x6SolarPanels/model000
[LOG 18:01:09.905] Load DDS texture: Squad/Parts/Electrical/1x6SolarPanels/model001
[LOG 18:01:09.920] Load DDS texture: Squad/Parts/Electrical/1x6SolarPanels/model002
[LOG 18:01:09.933] Load DDS texture: Squad/Parts/Electrical/3x2ShroudSolarPanels/model000
[LOG 18:01:09.945] Load DDS texture: Squad/Parts/Electrical/3x2ShroudSolarPanels/model001
[LOG 18:01:09.957] Load DDS texture: Squad/Parts/Electrical/3x2ShroudSolarPanels/model002
[LOG 18:01:09.963] Load DDS texture: Squad/Parts/Electrical/3x2SolarPanels/model000
[LOG 18:01:09.964] Load DDS texture: Squad/Parts/Electrical/3x2SolarPanels/model001
[LOG 18:01:09.965] Load DDS texture: Squad/Parts/Electrical/3x2SolarPanels/model002
[LOG 18:01:09.967] Load DDS texture: Squad/Parts/Electrical/gigantorXlSolarArray/panel
[LOG 18:01:09.968] Load DDS texture: Squad/Parts/Electrical/radialFlatSolarPanel/model000
[LOG 18:01:09.979] Load DDS texture: Squad/Parts/Electrical/RTG/model000
[LOG 18:01:10.002] Load DDS texture: Squad/Parts/Electrical/z-100Battery/model000
[LOG 18:01:10.014] Load DDS texture: Squad/Parts/Electrical/z-1kBattery/model000
[LOG 18:01:10.024] Load DDS texture: Squad/Parts/Electrical/z-1kBattery/model001
[LOG 18:01:10.025] Load DDS texture: Squad/Parts/Electrical/z-200Battery/ksp_m_batteryPack_diff
[LOG 18:01:10.043] Load DDS texture: Squad/Parts/Electrical/z-400Battery/model000
[LOG 18:01:10.070] Load DDS texture: Squad/Parts/Electrical/z-4kBattery/ksp_l_batteryPack_diff
[LOG 18:01:10.072] Load DDS texture: Squad/Parts/Electrical/z-4kBattery/ksp_l_batteryPack_normal
[LOG 18:01:10.094] Load DDS texture: Squad/Parts/Engine/ionEngine/model000
[LOG 18:01:10.116] Load DDS texture: Squad/Parts/Engine/jetEngines/Jet Engines
[LOG 18:01:10.139] Load DDS texture: Squad/Parts/Engine/jetEngines/Jet_Heat
[LOG 18:01:10.160] Load DDS texture: Squad/Parts/Engine/liquidEngine24-77/engine
[LOG 18:01:10.189] Load DDS texture: Squad/Parts/Engine/liquidEngine24-77_v2/Twitch
[LOG 18:01:10.203] Load DDS texture: Squad/Parts/Engine/liquidEngine24-77_v2/Twitch_G
[LOG 18:01:10.205] Load DDS texture: Squad/Parts/Engine/liquidEngine24-77_v2/Twitch_GLOW
[LOG 18:01:10.215] Load DDS texture: Squad/Parts/Engine/liquidEngine48-7S/ksp_m_liquidEngine_diff
[LOG 18:01:10.222] Load DDS texture: Squad/Parts/Engine/liquidEngine48-7S_v2/Spark
[LOG 18:01:10.228] Load DDS texture: Squad/Parts/Engine/liquidEngine48-7S_v2/Spark_Glow
[LOG 18:01:10.230] Load DDS texture: Squad/Parts/Engine/liquidEngineAerospike/Aerospike
[LOG 18:01:10.243] Load DDS texture: Squad/Parts/Engine/liquidEngineAerospike/Aerospike_Heat
[LOG 18:01:10.257] Load DDS texture: Squad/Parts/Engine/liquidEngineLV-1_v2/Assets/Ant_and_Spider_diffuse
[LOG 18:01:10.258] Load DDS texture: Squad/Parts/Engine/liquidEngineLV-1_v2/Assets/Ant_and_Spider_emissive
[LOG 18:01:10.273] Load DDS texture: Squad/Parts/Engine/liquidEngineLV-1_v2/Assets/Ant_and_Spider_normal
[LOG 18:01:10.276] Load DDS texture: Squad/Parts/Engine/liquidEngineLV-1_v2/Assets/Ant_and_Spider_specular
[LOG 18:01:10.296] Load DDS texture: Squad/Parts/Engine/liquidEngineLV-909_v2/Terrier
[LOG 18:01:10.299] Load DDS texture: Squad/Parts/Engine/liquidEngineLV-909_v2/TerrierFairing
[LOG 18:01:10.305] Load DDS texture: Squad/Parts/Engine/liquidEngineLV-909_v2/Terrier_glow
[LOG 18:01:10.320] Load DDS texture: Squad/Parts/Engine/liquidEngineLV-N/model000
[LOG 18:01:10.324] Load DDS texture: Squad/Parts/Engine/liquidEngineLV-N/model001
[LOG 18:01:10.336] Load DDS texture: Squad/Parts/Engine/liquidEngineLV-N/model002
[LOG 18:01:10.351] Load DDS texture: Squad/Parts/Engine/liquidEngineLV-N/model003
[LOG 18:01:10.372] Load DDS texture: Squad/Parts/Engine/liquidEngineLV-T30/model000
[LOG 18:01:10.374] Load DDS texture: Squad/Parts/Engine/liquidEngineLV-T30/model001
[LOG 18:01:10.390] Load DDS texture: Squad/Parts/Engine/liquidEngineLV-T30/model002
[LOG 18:01:10.437] Load DDS texture: Squad/Parts/Engine/liquidEngineLV-T30_v2/Engine_Emissive
[LOG 18:01:10.489] Load DDS texture: Squad/Parts/Engine/liquidEngineLV-T30_v2/Engine_Normal
[LOG 18:01:10.516] Load DDS texture: Squad/Parts/Engine/liquidEngineLV-T30_v2/Fairing
[LOG 18:01:10.568] Load DDS texture: Squad/Parts/Engine/liquidEngineLV-T30_v2/Reliant_v2-shroud_Diffuse
[LOG 18:01:10.638] Load DDS texture: Squad/Parts/Engine/liquidEngineLV-T30_v2/Reliant_v2_Diffuse
[LOG 18:01:10.646] Load DDS texture: Squad/Parts/Engine/liquidEngineLV-T45/model000
[LOG 18:01:10.647] Load DDS texture: Squad/Parts/Engine/liquidEngineLV-T45/model001
[LOG 18:01:10.647] Load DDS texture: Squad/Parts/Engine/liquidEngineLV-T45/model002
[LOG 18:01:10.662] Load DDS texture: Squad/Parts/Engine/liquidEngineLV-T45/model003
[LOG 18:01:10.708] Load DDS texture: Squad/Parts/Engine/liquidEngineLV-T45_v2/Engine_Emissive
[LOG 18:01:10.717] Load DDS texture: Squad/Parts/Engine/liquidEngineLV-T45_v2/Fairing
[LOG 18:01:10.761] Load DDS texture: Squad/Parts/Engine/liquidEngineLV-T45_v2/Swivel_v2_Diffuse
[LOG 18:01:10.806] Load DDS texture: Squad/Parts/Engine/liquidEngineLV-T45_v2/Swivel_v2_Normal
[LOG 18:01:10.855] Load DDS texture: Squad/Parts/Engine/liquidEngineMainsail_v2/mainsail_diffuse
[LOG 18:01:10.872] Load DDS texture: Squad/Parts/Engine/liquidEngineMainsail_v2/mainsail_emissive
[LOG 18:01:10.920] Load DDS texture: Squad/Parts/Engine/liquidEngineMainsail_v2/mainsail_nrm
[LOG 18:01:10.965] Load DDS texture: Squad/Parts/Engine/liquidEngineMainsail_v2/mainsail_specular
[LOG 18:01:10.972] Load DDS texture: Squad/Parts/Engine/liquidEngineMainsail_v2/Shroud
[LOG 18:01:10.974] Load DDS texture: Squad/Parts/Engine/liquidEngineMk55/Thud
[LOG 18:01:10.986] Load DDS texture: Squad/Parts/Engine/liquidEngineMk55/Thud_Heat
[LOG 18:01:11.000] Load DDS texture: Squad/Parts/Engine/liquidEnginePoodle_v2/poodle
[LOG 18:01:11.004] Load DDS texture: Squad/Parts/Engine/liquidEnginePoodle_v2/PoodleShroud
[LOG 18:01:11.022] Load DDS texture: Squad/Parts/Engine/liquidEnginePoodle_v2/poodle_Glow
[LOG 18:01:11.040] Load DDS texture: Squad/Parts/Engine/liquidEnginePoodle_v2/Poodle_SingleBell_Poodle_Diffuse
[LOG 18:01:11.063] Load DDS texture: Squad/Parts/Engine/liquidEnginePoodle_v2/Poodle_SingleBell_Poodle_Emissive
[LOG 18:01:11.084] Load DDS texture: Squad/Parts/Engine/liquidEnginePoodle_v2/Poodle_SingleBell_Poodle_Normal
[LOG 18:01:11.096] Load DDS texture: Squad/Parts/Engine/liquidEngineSkipper_v2/Shroud
[LOG 18:01:11.140] Load DDS texture: Squad/Parts/Engine/liquidEngineSkipper_v2/skipper_v2_diffuse
[LOG 18:01:11.190] Load DDS texture: Squad/Parts/Engine/liquidEngineSkipper_v2/skipper_v2_emissive
[LOG 18:01:11.241] Load DDS texture: Squad/Parts/Engine/liquidEngineSkipper_v2/skipper_v2_normal
[LOG 18:01:11.257] Load DDS texture: Squad/Parts/Engine/liquidEngineSSME/SSME
[LOG 18:01:11.276] Load DDS texture: Squad/Parts/Engine/liquidEngineSSME/SSME_GLOW
[LOG 18:01:11.277] Load DDS texture: Squad/Parts/Engine/liquidEngineSSME/SSME_NRM
[LOG 18:01:11.296] Load DDS texture: Squad/Parts/Engine/MassiveSRB/solid_booster_cm
[LOG 18:01:11.312] Load DDS texture: Squad/Parts/Engine/MassiveSRB/solid_booster_cm_esa
[LOG 18:01:11.334] Load DDS texture: Squad/Parts/Engine/MassiveSRB/solid_booster_em
[LOG 18:01:11.360] Load DDS texture: Squad/Parts/Engine/MassiveSRB/solid_booster_nm
[LOG 18:01:11.377] Load DDS texture: Squad/Parts/Engine/miniJet/SmallJet
[LOG 18:01:11.394] Load DDS texture: Squad/Parts/Engine/OMSEngine/Puff_diffuse
[LOG 18:01:11.411] Load DDS texture: Squad/Parts/Engine/OMSEngine/Puff_emissive
[LOG 18:01:11.420] Load DDS texture: Squad/Parts/Engine/OMSEngine/Puff_normal
[LOG 18:01:11.435] Load DDS texture: Squad/Parts/Engine/OMSEngine/Puff_specular
[LOG 18:01:11.436] Load DDS texture: Squad/Parts/Engine/rapierEngine/rapierDiffuse
[LOG 18:01:11.437] Load DDS texture: Squad/Parts/Engine/rapierEngine/rapieremit
[LOG 18:01:11.451] Load DDS texture: Squad/Parts/Engine/Size1_SRBs/SRB_O
[LOG 18:01:11.466] Load DDS texture: Squad/Parts/Engine/Size1_SRBs/SRB_W
[LOG 18:01:11.481] Load DDS texture: Squad/Parts/Engine/Size1_SRBs/SRB_Y
[LOG 18:01:11.492] Load DDS texture: Squad/Parts/Engine/Size2LFB/Size2LFBEmissive
[LOG 18:01:11.515] Load DDS texture: Squad/Parts/Engine/Size2LFB/twin_nozzle_booster_cm
[LOG 18:01:11.536] Load DDS texture: Squad/Parts/Engine/Size2LFB/twin_nozzle_booster_nm
[LOG 18:01:11.538] Load DDS texture: Squad/Parts/Engine/Size2LFB_v2/Size2LFBEmissive
[LOG 18:01:11.558] Load DDS texture: Squad/Parts/Engine/Size2LFB_v2/twin_nozzle_booster_cm
[LOG 18:01:11.563] Load DDS texture: Squad/Parts/Engine/Size2LFB_v2/twin_nozzle_booster_nm
[LOG 18:01:11.572] Load DDS texture: Squad/Parts/Engine/Size3AdvancedEngine/decoupler_and_adaptor_cm
[LOG 18:01:11.595] Load DDS texture: Squad/Parts/Engine/Size3AdvancedEngine/Size3AdvancedEngineDiffuse
[LOG 18:01:11.613] Load DDS texture: Squad/Parts/Engine/Size3AdvancedEngine/Size3AdvancedEngineEmissive
[LOG 18:01:11.614] Load DDS texture: Squad/Parts/Engine/Size3AdvancedEngine/Size3AdvancedEngineNormal
[LOG 18:01:11.629] Load DDS texture: Squad/Parts/Engine/Size3EngineCluster/ClusterEngineEmit
[LOG 18:01:11.646] Load DDS texture: Squad/Parts/Engine/Size3EngineCluster/four_nozzle_engine_cm
[LOG 18:01:11.670] Load DDS texture: Squad/Parts/Engine/Size3EngineCluster/four_nozzle_engine_nm
[LOG 18:01:11.689] Load DDS texture: Squad/Parts/Engine/solidBoosterBACC/model000
[LOG 18:01:11.696] Load DDS texture: Squad/Parts/Engine/solidBoosterBACC/model001
[LOG 18:01:11.705] Load DDS texture: Squad/Parts/Engine/solidBoosterBACC/model002
[LOG 18:01:11.719] Load DDS texture: Squad/Parts/Engine/solidBoosterRT-5/RT5
[LOG 18:01:11.799] Load DDS texture: Squad/Parts/Engine/solidBoosterS2-17/solidBoosterS2-17_diffuse
[LOG 18:01:11.923] Load DDS texture: Squad/Parts/Engine/solidBoosterS2-17/solidBoosterS2-17_emissive
[LOG 18:01:11.999] Load DDS texture: Squad/Parts/Engine/solidBoosterS2-17/solidBoosterS2-17_normal
[LOG 18:01:12.147] Load DDS texture: Squad/Parts/Engine/solidBoosterS2-33/solidBoosterS2-33_diffuse
[LOG 18:01:12.301] Load DDS texture: Squad/Parts/Engine/solidBoosterS2-33/solidBoosterS2-33_emissive
[LOG 18:01:12.490] Load DDS texture: Squad/Parts/Engine/solidBoosterS2-33/solidBoosterS2-33_normal
[LOG 18:01:12.534] Load DDS texture: Squad/Parts/Engine/solidBoosterSep/model000
[LOG 18:01:12.536] Load DDS texture: Squad/Parts/Engine/solidBoosterSep/motor
[LOG 18:01:12.536] Load DDS texture: Squad/Parts/Engine/SolidBoostersF/Assets/SolidBoosterF3S0_diffuse
[LOG 18:01:12.568] Load DDS texture: Squad/Parts/Engine/SolidBoostersF/Assets/SolidBoosterF3S0_emissive
[LOG 18:01:12.572] Load DDS texture: Squad/Parts/Engine/SolidBoostersF/Assets/SolidBoosterF3S0_normal
[LOG 18:01:12.594] Load DDS texture: Squad/Parts/FuelTank/adapterTanks/Mk3Adapters
[LOG 18:01:12.597] Load DDS texture: Squad/Parts/FuelTank/drainTankFTE-1/fuelValve_diffuse
[LOG 18:01:12.598] Load DDS texture: Squad/Parts/FuelTank/drainTankFTE-1/fuelValve_nrm
[LOG 18:01:12.616] Load DDS texture: Squad/Parts/FuelTank/FoilTanks/RadialTanks
[LOG 18:01:12.624] Load DDS texture: Squad/Parts/FuelTank/FoilTanks/RadialTanksGold_specular
[LOG 18:01:12.632] Load DDS texture: Squad/Parts/FuelTank/FoilTanks/RadialTanksSilver_specular
[LOG 18:01:12.647] Load DDS texture: Squad/Parts/FuelTank/FoilTanks/RadialTanks_N
[LOG 18:01:12.656] Load DDS texture: Squad/Parts/FuelTank/FoilTanks/RadialTanks_silver
[LOG 18:01:12.669] Load DDS texture: Squad/Parts/FuelTank/fuelTankOscarB/model000
[LOG 18:01:12.683] Load DDS texture: Squad/Parts/FuelTank/fuelTankOscarB/model001
[LOG 18:01:12.701] Load DDS texture: Squad/Parts/FuelTank/fuelTankOscarB/tank
[LOG 18:01:12.717] Load DDS texture: Squad/Parts/FuelTank/fuelTankOscarB/tank_n
[LOG 18:01:12.723] Load DDS texture: Squad/Parts/FuelTank/miniFuselage/Fuselage
[LOG 18:01:12.741] Load DDS texture: Squad/Parts/FuelTank/mk2Adapters/mk2adapters1m
[LOG 18:01:12.758] Load DDS texture: Squad/Parts/FuelTank/mk2FuselageLong/mk2Fuselage
[LOG 18:01:12.765] Load DDS texture: Squad/Parts/FuelTank/mk2FuselageShort/mk2FuselageShort
[LOG 18:01:12.795] Load DDS texture: Squad/Parts/FuelTank/mk3Fuselage/Mk3Fuselage
[LOG 18:01:12.806] Load DDS texture: Squad/Parts/FuelTank/mk3Fuselage/Mk3Fuselage_LUM
[LOG 18:01:12.853] Load DDS texture: Squad/Parts/FuelTank/RCSFuelTankR1/RCSFuelTankR1_01
[LOG 18:01:12.868] Load DDS texture: Squad/Parts/FuelTank/RCSFuelTankR1/RCSFuelTankR1_02
[LOG 18:01:12.897] Load DDS texture: Squad/Parts/FuelTank/RCSFuelTankR1/RCSFuelTankR1_N
[LOG 18:01:12.899] Load DDS texture: Squad/Parts/FuelTank/RCSFuelTankR10/ksp_m_rcsTank_diff
[LOG 18:01:12.901] Load DDS texture: Squad/Parts/FuelTank/RCSFuelTankR10/ksp_m_rcsTank_normal
[LOG 18:01:12.921] Load DDS texture: Squad/Parts/FuelTank/RCSFuelTankR25/FL-R25 RCS Fuel Tank_D
[LOG 18:01:12.922] Load DDS texture: Squad/Parts/FuelTank/RCSFuelTankR25/FL-R25 RCS Fuel Tank_N
[LOG 18:01:12.943] Load DDS texture: Squad/Parts/FuelTank/RCSTankRadial/model000
[LOG 18:01:12.957] Load DDS texture: Squad/Parts/FuelTank/RCStankRadialLong/ksp_r_rcsCylTank_diff
[LOG 18:01:13.004] Load DDS texture: Squad/Parts/FuelTank/RockomaxTanks/Assets/rockomax_16 [AlbedoM] BW
[LOG 18:01:13.045] Load DDS texture: Squad/Parts/FuelTank/RockomaxTanks/Assets/rockomax_16 [AlbedoM] ESA
[LOG 18:01:13.097] Load DDS texture: Squad/Parts/FuelTank/RockomaxTanks/Assets/rockomax_16 [AlbedoM] O
[LOG 18:01:13.143] Load DDS texture: Squad/Parts/FuelTank/RockomaxTanks/Assets/rockomax_16 [Normal] BW
[LOG 18:01:13.195] Load DDS texture: Squad/Parts/FuelTank/RockomaxTanks/Assets/rockomax_16 [Normal]ESA
[LOG 18:01:13.243] Load DDS texture: Squad/Parts/FuelTank/RockomaxTanks/Assets/rockomax_16 [Normal]O
[LOG 18:01:13.268] Load DDS texture: Squad/Parts/FuelTank/RockomaxTanks/Assets/rockomax_32 [AlbedoM] ESA
[LOG 18:01:13.290] Load DDS texture: Squad/Parts/FuelTank/RockomaxTanks/Assets/rockomax_32 [Normal]ESA
[LOG 18:01:13.317] Load DDS texture: Squad/Parts/FuelTank/Size1_Tanks/125Tanks_BW
[LOG 18:01:13.343] Load DDS texture: Squad/Parts/FuelTank/Size1_Tanks/125Tanks_D
[LOG 18:01:13.378] Load DDS texture: Squad/Parts/FuelTank/Size1_Tanks/125Tanks_N
[LOG 18:01:13.414] Load DDS texture: Squad/Parts/FuelTank/Size1_Tanks/125Tanks_O
[LOG 18:01:13.450] Load DDS texture: Squad/Parts/FuelTank/Size1_Tanks/125Tanks_W
[LOG 18:01:13.470] Load DDS texture: Squad/Parts/FuelTank/Size3Tanks/fueltTanks_cm
[LOG 18:01:13.475] Load Cached PNG Texture: Squad/Parts/FuelTank/Size3Tanks/Size3Tanks
[LOG 18:01:13.488] Load Cached PNG Texture: Squad/Parts/FuelTank/Size3Tanks/Size3Tanks_Norm
[LOG 18:01:13.500] Load Cached PNG Texture: Squad/Parts/FuelTank/Size3Tanks/Size3Tanks_Orange
[LOG 18:01:13.507] Load Cached PNG Texture: Squad/Parts/FuelTank/Size3Tanks/Size3Tanks_Orange_Norm
[LOG 18:01:13.522] Load DDS texture: Squad/Parts/FuelTank/xenonTank/model000
[LOG 18:01:13.536] Load DDS texture: Squad/Parts/FuelTank/xenonTank/model001
[LOG 18:01:13.555] Load DDS texture: Squad/Parts/FuelTank/xenonTankLarge/tank
[LOG 18:01:13.556] Load DDS texture: Squad/Parts/FuelTank/xenonTankRadial/ksp_r_xenonTank_diff
[LOG 18:01:13.585] Load DDS texture: Squad/Parts/Misc/AsteroidDay/CamSat
[LOG 18:01:13.602] Load DDS texture: Squad/Parts/Misc/AsteroidDay/CamSat_glow
[LOG 18:01:13.615] Load DDS texture: Squad/Parts/Misc/AsteroidDay/CamSat_N_NRM
[LOG 18:01:13.631] Load DDS texture: Squad/Parts/Misc/AsteroidDay/default
[LOG 18:01:13.631] Load DDS texture: Squad/Parts/Misc/AsteroidDay/hecsDiffuse
[LOG 18:01:13.631] Load DDS texture: Squad/Parts/Misc/AsteroidDay/hecsNormal
[LOG 18:01:13.633] Load DDS texture: Squad/Parts/Misc/AsteroidDay/hecsSpecular
[LOG 18:01:13.647] Load DDS texture: Squad/Parts/Misc/AsteroidDay/JumboHexProbe
[LOG 18:01:13.649] Load DDS texture: Squad/Parts/Misc/AsteroidDay/JumboHexProbe_NORM_NRM
[LOG 18:01:13.649] Load DDS texture: Squad/Parts/Resources/FuelCell/FCLamp
[LOG 18:01:13.664] Load DDS texture: Squad/Parts/Resources/FuelCell/FuelCellRack
[LOG 18:01:13.664] Load DDS texture: Squad/Parts/Resources/FuelCell/fuellcell
[LOG 18:01:13.675] Load DDS texture: Squad/Parts/Resources/ISRU/Processor_Large
[LOG 18:01:13.692] Load DDS texture: Squad/Parts/Resources/LargeTank/ksp_l_resourceContainer_diff
[LOG 18:01:13.714] Load DDS texture: Squad/Parts/Resources/LargeTank/ksp_l_resourceContainer_norm
[LOG 18:01:13.731] Load DDS texture: Squad/Parts/Resources/MiniDrill/DustParticle
[LOG 18:01:13.754] Load DDS texture: Squad/Parts/Resources/MiniDrill/ksp_r_rockProbe_diff
[LOG 18:01:13.769] Load DDS texture: Squad/Parts/Resources/MiniDrill/RockParticle
[LOG 18:01:13.784] Load DDS texture: Squad/Parts/Resources/MiniISRU/ksp_s_processorSmall_diff
[LOG 18:01:13.786] Load DDS texture: Squad/Parts/Resources/OrbitalScanner/detector
[LOG 18:01:13.786] Load DDS texture: Squad/Parts/Resources/RadialDrill/DustParticle
[LOG 18:01:13.787] Load DDS texture: Squad/Parts/Resources/RadialDrill/RockParticle
[LOG 18:01:13.802] Load DDS texture: Squad/Parts/Resources/RadialDrill/TriBitDrill
[LOG 18:01:13.816] Load DDS texture: Squad/Parts/Resources/RadialTank/ksp_r_resourceContainer_psd_2
[LOG 18:01:13.836] Load DDS texture: Squad/Parts/Resources/SmallTank/ksp_s_resourceContainer_diff
[LOG 18:01:13.854] Load DDS texture: Squad/Parts/Resources/SmallTank/ksp_s_resourceContainer_normal
[LOG 18:01:13.876] Load DDS texture: Squad/Parts/Resources/SurfaceScanner/ksp_r_samplerAir_diff
[LOG 18:01:13.899] Load DDS texture: Squad/Parts/Resources/SurveyScanner/dish
[LOG 18:01:13.918] Load DDS texture: Squad/Parts/Resources/SurveyScanner/dish_n
[LOG 18:01:13.930] Load DDS texture: Squad/Parts/Science/AtmosphereSensor/ksp_r_hydroscoop_diff
[LOG 18:01:13.950] Load DDS texture: Squad/Parts/Science/GooExperiment/GooExperiment
[LOG 18:01:13.970] Load DDS texture: Squad/Parts/Science/LargeCrewedLab/Large_Crewed_Lab
[LOG 18:01:13.999] Load DDS texture: Squad/Parts/Science/LargeCrewedLab/Large_Crewed_Lab_glow
[LOG 18:01:14.003] Load DDS texture: Squad/Parts/Science/LargeCrewedLab/window
[LOG 18:01:14.003] Load DDS texture: Squad/Parts/Science/Magnetometer/Magnetometer_diffuse
[LOG 18:01:14.020] Load DDS texture: Squad/Parts/Science/Magnetometer/Magnetometer_nrm
[LOG 18:01:14.043] Load DDS texture: Squad/Parts/Science/MaterialBay/science_module_small
[LOG 18:01:14.060] Load DDS texture: Squad/Parts/Science/MaterialBay/science_module_small_emit
[LOG 18:01:14.067] Load DDS texture: Squad/Parts/Science/MaterialBay/science_module_small_nrm
[LOG 18:01:14.074] Load DDS texture: Squad/Parts/Science/MaterialBay/wires
[LOG 18:01:14.093] Load DDS texture: Squad/Parts/Science/ScienceBox/Container
[LOG 18:01:14.106] Load DDS texture: Squad/Parts/Science/sensorAccelerometer/model000
[LOG 18:01:14.110] Load DDS texture: Squad/Parts/Science/sensorBarometer/model000
[LOG 18:01:14.124] Load DDS texture: Squad/Parts/Science/sensorGravimeter/model000
[LOG 18:01:14.144] Load DDS texture: Squad/Parts/Science/sensorThermometer/model000
[LOG 18:01:14.159] Load DDS texture: Squad/Parts/Structural/FLAdapters/Assets/FLA-Adapters_diffuse
[LOG 18:01:14.167] Load DDS texture: Squad/Parts/Structural/FLAdapters/Assets/FLA-Adapters_diffuse_O
[LOG 18:01:14.175] Load DDS texture: Squad/Parts/Structural/FLAdapters/Assets/FLA-Adapters_normal
[LOG 18:01:14.183] Load DDS texture: Squad/Parts/Structural/FLAdapters/Assets/FLA-Adapters_normal_O
[LOG 18:01:14.189] Load DDS texture: Squad/Parts/Structural/mk1Parts/Mk1Structural
[LOG 18:01:14.197] Load DDS texture: Squad/Parts/Structural/mk1Parts/Mk1StructuralHeat
[LOG 18:01:14.215] Load Cached PNG Texture: Squad/Parts/Structural/mk1Parts/@thumbs/MK1Fuselage_icon
[LOG 18:01:14.267] Load DDS texture: Squad/Parts/Structural/Size3To2Adapter_v2/Size2to3_BW_Diffuse
[LOG 18:01:14.275] Load DDS texture: Squad/Parts/Structural/Size3To2Adapter_v2/Size2to3_DUMMY_NRM
[LOG 18:01:14.308] Load DDS texture: Squad/Parts/Structural/Size3To2Adapter_v2/Size2to3_O_Diffuse
[LOG 18:01:14.357] Load DDS texture: Squad/Parts/Structural/Size3To2Adapter_v2/Size2to3_W_Diffuse
[LOG 18:01:14.404] Load DDS texture: Squad/Parts/Structural/Size3To2Adapter_v2/Size2to3_W_NRM
[LOG 18:01:14.421] Load DDS texture: Squad/Parts/Structural/stackAdapters/Assets/stackAdapters_diffuse
[LOG 18:01:14.432] Load DDS texture: Squad/Parts/Structural/stackAdapters/Assets/stackAdapters_diffuse_Dark
[LOG 18:01:14.455] Load DDS texture: Squad/Parts/Structural/stackAdapters/Assets/stackAdapters_diffuse_Orange
[LOG 18:01:14.462] Load DDS texture: Squad/Parts/Structural/stackAdapters/Assets/stackAdapters_normal
[LOG 18:01:14.483] Load DDS texture: Squad/Parts/Structural/stackAdapters/Assets/stackAdapters_normal_Orange
[LOG 18:01:14.503] Load DDS texture: Squad/Parts/Structural/stationHub/model000
[LOG 18:01:14.516] Load DDS texture: Squad/Parts/Structural/stationHub/model001
[LOG 18:01:14.522] Load DDS texture: Squad/Parts/Structural/structuralIBeam200/model000
[LOG 18:01:14.523] Load DDS texture: Squad/Parts/Structural/structuralIBeam200Pocket/model000
[LOG 18:01:14.524] Load DDS texture: Squad/Parts/Structural/structuralIBeam650/model000
[LOG 18:01:14.524] Load DDS texture: Squad/Parts/Structural/structuralMicronode/model000
[LOG 18:01:14.541] Load DDS texture: Squad/Parts/Structural/structuralPanel1x1/model000
[LOG 18:01:14.547] Load DDS texture: Squad/Parts/Structural/structuralPanel1x1/model001
[LOG 18:01:14.561] Load DDS texture: Squad/Parts/Structural/structuralPanel2x2/model000
[LOG 18:01:14.573] Load DDS texture: Squad/Parts/Structural/structuralPanel2x2/model001
[LOG 18:01:14.578] Load DDS texture: Squad/Parts/Structural/structuralPylons/Pylons
[LOG 18:01:14.592] Load DDS texture: Squad/Parts/Structural/strutCubicOcto/cubestrut
[LOG 18:01:14.593] Load DDS texture: Squad/Parts/Structural/strutOcto/model000
[LOG 18:01:14.604] Load DDS texture: Squad/Parts/Structural/trussGirderAdapter/model000
[LOG 18:01:14.626] Load DDS texture: Squad/Parts/Structural/trussGirderAdapter/model001
[LOG 18:01:14.652] Load DDS texture: Squad/Parts/Structural/trussGirderL/model000
[LOG 18:01:14.673] Load DDS texture: Squad/Parts/Structural/trussGirderXL/model000
[LOG 18:01:14.686] Load DDS texture: Squad/Parts/Thermal/FoldingRadiators/radiator
[LOG 18:01:14.707] Load DDS texture: Squad/Parts/Thermal/FoldingRadiators/radiator_N_NRM
[LOG 18:01:14.714] Load DDS texture: Squad/Parts/Thermal/RadiatorPanels/radPanel
[LOG 18:01:14.721] Load DDS texture: Squad/Parts/Thermal/RadiatorPanels/radPanel_N_NRM
[LOG 18:01:14.736] Load DDS texture: Squad/Parts/Utility/commDish88-88/comm_dish_array
[LOG 18:01:14.745] Load DDS texture: Squad/Parts/Utility/commDish88-88/comm_dish_v2_diff
[LOG 18:01:14.754] Load DDS texture: Squad/Parts/Utility/commDish88-88/model000
[LOG 18:01:14.773] Load DDS texture: Squad/Parts/Utility/commsAntennaDTS-M1/mediumDishAntenna
[LOG 18:01:14.783] Load DDS texture: Squad/Parts/Utility/commsAntennaDTS-M1/mediumDishAntenna_Emit
[LOG 18:01:14.794] Load DDS texture: Squad/Parts/Utility/commsDish16/model000
[LOG 18:01:14.795] Load DDS texture: Squad/Parts/Utility/decouplerRadialHDM/model000
[LOG 18:01:14.796] Load DDS texture: Squad/Parts/Utility/decouplerRadialTT-38K/model000
[LOG 18:01:14.802] Load DDS texture: Squad/Parts/Utility/decouplerRadialTT-38K/model001
[LOG 18:01:14.802] Load DDS texture: Squad/Parts/Utility/decouplerRadialTT-70/model000
[LOG 18:01:14.819] Load DDS texture: Squad/Parts/Utility/DirectAntennas/MiniAntenna
[LOG 18:01:14.820] Load DDS texture: Squad/Parts/Utility/dockingPort/Arrow Pointer
[LOG 18:01:14.876] Load DDS texture: Squad/Parts/Utility/dockingPort/DockingPorts_Clampotron_Diffuse
[LOG 18:01:14.899] Load DDS texture: Squad/Parts/Utility/dockingPort/DockingPorts_Clampotron_Emissive
[LOG 18:01:14.949] Load DDS texture: Squad/Parts/Utility/dockingPort/DockingPorts_Clampotron_Normal
[LOG 18:01:14.956] Load DDS texture: Squad/Parts/Utility/dockingPortInline/Arrow Pointer
[LOG 18:01:14.993] Load DDS texture: Squad/Parts/Utility/dockingPortInline/ClampotronLinear_ClampotronLinear_Diffuse
[LOG 18:01:15.018] Load DDS texture: Squad/Parts/Utility/dockingPortInline/ClampotronLinear_ClampotronLinear_Emissive
[LOG 18:01:15.063] Load DDS texture: Squad/Parts/Utility/dockingPortInline/ClampotronLinear_ClampotronLinear_Normal
[LOG 18:01:15.108] Load DDS texture: Squad/Parts/Utility/dockingPortInline/DockingPorts_Clampotron_Diffuse
[LOG 18:01:15.138] Load DDS texture: Squad/Parts/Utility/dockingPortInline/DockingPorts_Clampotron_Emissive
[LOG 18:01:15.192] Load DDS texture: Squad/Parts/Utility/dockingPortInline/DockingPorts_Clampotron_Normal
[LOG 18:01:15.282] Load DDS texture: Squad/Parts/Utility/dockingPortJr/Arrow Pointer
[LOG 18:01:15.302] Load DDS texture: Squad/Parts/Utility/dockingPortJr/DockingPorts_ClampotronJR_Diffuse
[LOG 18:01:15.323] Load DDS texture: Squad/Parts/Utility/dockingPortJr/DockingPorts_ClampotronJR_Normal
[LOG 18:01:15.330] Load DDS texture: Squad/Parts/Utility/dockingPortJr/model000
[LOG 18:01:15.337] Load DDS texture: Squad/Parts/Utility/dockingPortShielded/Arrow Pointer
[LOG 18:01:15.396] Load DDS texture: Squad/Parts/Utility/dockingPortShielded/Clamp-O-Tron Shielded Docking Port_ClampotronShielded_Diffuse
[LOG 18:01:15.447] Load DDS texture: Squad/Parts/Utility/dockingPortShielded/Clamp-O-Tron Shielded Docking Port_ClampotronShielded_Normal
[LOG 18:01:15.495] Load DDS texture: Squad/Parts/Utility/dockingPortShielded/DockingPorts_Clampotron_Diffuse
[LOG 18:01:15.518] Load DDS texture: Squad/Parts/Utility/dockingPortShielded/DockingPorts_Clampotron_Emissive
[LOG 18:01:15.561] Load DDS texture: Squad/Parts/Utility/dockingPortShielded/DockingPorts_Clampotron_Normal
[LOG 18:01:15.568] Load DDS texture: Squad/Parts/Utility/dockingPortSr/Arrow Pointer
[LOG 18:01:15.610] Load DDS texture: Squad/Parts/Utility/dockingPortSr/ClampotronSr_ClampotronSr_Diffuse
[LOG 18:01:15.657] Load DDS texture: Squad/Parts/Utility/dockingPortSr/ClampotronSr_ClampotronSr_Diffuse_gray
[LOG 18:01:15.677] Load DDS texture: Squad/Parts/Utility/dockingPortSr/ClampotronSr_ClampotronSr_Emissive
[LOG 18:01:15.718] Load DDS texture: Squad/Parts/Utility/dockingPortSr/ClampotronSr_ClampotronSr_Normal
[LOG 18:01:15.761] Load Cached PNG Texture: Squad/Parts/Utility/Fireworks/Assets/fireworks_launcher_big 1
[LOG 18:01:15.800] Load Cached PNG Texture: Squad/Parts/Utility/Fireworks/Assets/fireworks_launcher_big
[LOG 18:01:15.809] Load Cached PNG Texture: Squad/Parts/Utility/flags/backgroundTextures/dark_background
[LOG 18:01:15.823] Load Cached PNG Texture: Squad/Parts/Utility/flags/backgroundTextures/orange_background
[LOG 18:01:15.835] Load Cached PNG Texture: Squad/Parts/Utility/flags/backgroundTextures/white_background
[LOG 18:01:15.851] Load DDS texture: Squad/Parts/Utility/GrapplingDevice/grabberDiffuse
[LOG 18:01:15.865] Load DDS texture: Squad/Parts/Utility/GrapplingDevice/grabberDiffuse_dark
[LOG 18:01:15.873] Load DDS texture: Squad/Parts/Utility/GrapplingDevice/grabberNRM
[LOG 18:01:15.875] Load DDS texture: Squad/Parts/Utility/GrapplingDevice/window
[LOG 18:01:15.884] Load DDS texture: Squad/Parts/Utility/ladderRadial/model000
[LOG 18:01:15.903] Load DDS texture: Squad/Parts/Utility/ladderTelescopic/model000
[LOG 18:01:15.910] Load DDS texture: Squad/Parts/Utility/ladderTelescopic/model001
[LOG 18:01:15.918] Load DDS texture: Squad/Parts/Utility/ladderTelescopic/model002
[LOG 18:01:15.935] Load DDS texture: Squad/Parts/Utility/ladderTelescopicBay/model000
[LOG 18:01:15.944] Load DDS texture: Squad/Parts/Utility/ladderTelescopicBay/model001
[LOG 18:01:15.947] Load DDS texture: Squad/Parts/Utility/landingLegLT-1/ksp_r_landingStrut_diff
[LOG 18:01:15.947] Load DDS texture: Squad/Parts/Utility/landingLegLT-2/landingLeg
[LOG 18:01:15.948] Load DDS texture: Squad/Parts/Utility/landingLegLT-5/leg
[LOG 18:01:15.948] Load DDS texture: Squad/Parts/Utility/landingLegLT-5/model000
[LOG 18:01:15.949] Load DDS texture: Squad/Parts/Utility/launchClamp1/model000
[LOG 18:01:15.965] Load DDS texture: Squad/Parts/Utility/launchClamp1/model001
[LOG 18:01:15.989] Load DDS texture: Squad/Parts/Utility/launchEscapeSystem/LES_Diffuse
[LOG 18:01:16.003] Load DDS texture: Squad/Parts/Utility/Lights/Assets/Lights_Attacheable_Lights_Diffuse
[LOG 18:01:16.009] Load DDS texture: Squad/Parts/Utility/Lights/Assets/Lights_Attacheable_Lights_Diffuse_white
[LOG 18:01:16.014] Load DDS texture: Squad/Parts/Utility/Lights/Assets/Lights_Attacheable_Lights_Emissive
[LOG 18:01:16.023] Load DDS texture: Squad/Parts/Utility/Lights/Assets/Lights_Attacheable_Lights_Normal
[LOG 18:01:16.065] Load DDS texture: Squad/Parts/Utility/Lights/Assets/Lights_Rectangle_Light_Diffuse
[LOG 18:01:16.117] Load DDS texture: Squad/Parts/Utility/Lights/Assets/Lights_Rectangle_Light_Diffuse_white
[LOG 18:01:16.161] Load DDS texture: Squad/Parts/Utility/Lights/Assets/Lights_Rectangle_Light_Emissive
[LOG 18:01:16.207] Load DDS texture: Squad/Parts/Utility/Lights/Assets/Lights_Rectangle_Light_Normal
[LOG 18:01:16.227] Load DDS texture: Squad/Parts/Utility/Lights/Assets/Lights_Worklights_Diffuse
[LOG 18:01:16.256] Load DDS texture: Squad/Parts/Utility/Lights/Assets/Lights_Worklights_Emissive
[LOG 18:01:16.275] Load DDS texture: Squad/Parts/Utility/Lights/Assets/Lights_Worklights_Normal
[LOG 18:01:16.295] Load DDS texture: Squad/Parts/Utility/Lights/Assets/Spotlight_Attacheable_Lights_Diffuse
[LOG 18:01:16.310] Load DDS texture: Squad/Parts/Utility/Lights/Assets/Spotlight_Attacheable_Lights_Diffuse_white
[LOG 18:01:16.328] Load DDS texture: Squad/Parts/Utility/Lights/Assets/Spotlight_Attacheable_Lights_Emissive
[LOG 18:01:16.339] Load DDS texture: Squad/Parts/Utility/Lights/Assets/Spotlight_Attacheable_Lights_Normal
[LOG 18:01:16.339] Load DDS texture: Squad/Parts/Utility/linearVernorRCS/Assets/linear_vernor_diffuse
[LOG 18:01:16.340] Load DDS texture: Squad/Parts/Utility/linearVernorRCS/Assets/linear_vernor_emissive
[LOG 18:01:16.341] Load DDS texture: Squad/Parts/Utility/linearVernorRCS/Assets/linear_vernor_normalDummy
[LOG 18:01:16.357] Load DDS texture: Squad/Parts/Utility/linearVernorRCS/Assets/linear_vernor_specular
[LOG 18:01:16.378] Load DDS texture: Squad/Parts/Utility/mk2CargoBay/mk2CargoBay
[LOG 18:01:16.392] Load DDS texture: Squad/Parts/Utility/mk2CrewCabin/mk2CrewCabin
[LOG 18:01:16.394] Load DDS texture: Squad/Parts/Utility/mk2CrewCabin/mk2CrewCabin_LUM
[LOG 18:01:16.416] Load DDS texture: Squad/Parts/Utility/mk2DockingPort/Arrow Pointer
[LOG 18:01:16.422] Load DDS texture: Squad/Parts/Utility/mk2DockingPort/Mk2Clampotron_Caps_Diffuse
[LOG 18:01:16.446] Load DDS texture: Squad/Parts/Utility/mk2DockingPort/Mk2Clampotron_Caps_Emmisive
[LOG 18:01:16.463] Load DDS texture: Squad/Parts/Utility/mk2DockingPort/Mk2Clampotron_Caps_Normal
[LOG 18:01:16.514] Load DDS texture: Squad/Parts/Utility/mk2DockingPort/Mk2Clampotron_Mk2Clampotron_Diffuse
[LOG 18:01:16.530] Load DDS texture: Squad/Parts/Utility/mk2DockingPort/Mk2Clampotron_Mk2Clampotron_Emissive
[LOG 18:01:16.579] Load DDS texture: Squad/Parts/Utility/mk2DockingPort/Mk2Clampotron_Mk2Clampotron_Normal
[LOG 18:01:16.597] Load DDS texture: Squad/Parts/Utility/mk2DockingPort/mk2DockingPort
[LOG 18:01:16.605] Load DDS texture: Squad/Parts/Utility/mk3CargoBay/Mk3CargoBay
[LOG 18:01:16.608] Load DDS texture: Squad/Parts/Utility/parachuteMk1/model000
[LOG 18:01:16.653] Load DDS texture: Squad/Parts/Utility/parachuteMk1/model001
[LOG 18:01:16.670] Load DDS texture: Squad/Parts/Utility/parachuteMk12-R/model000
[LOG 18:01:16.684] Load DDS texture: Squad/Parts/Utility/parachuteMk12-R/model001
[LOG 18:01:16.747] Load DDS texture: Squad/Parts/Utility/parachuteMk16-XL/model000
[LOG 18:01:16.762] Load DDS texture: Squad/Parts/Utility/parachuteMk16-XL/model001
[LOG 18:01:16.782] Load DDS texture: Squad/Parts/Utility/parachuteMk2-R/model000
[LOG 18:01:16.783] Load DDS texture: Squad/Parts/Utility/parachuteMk2-R/model001
[LOG 18:01:16.788] Load DDS texture: Squad/Parts/Utility/parachuteMk25/model000
[LOG 18:01:16.789] Load DDS texture: Squad/Parts/Utility/parachuteMk25/model001
[LOG 18:01:16.806] Load DDS texture: Squad/Parts/Utility/radialAttachmentPoint/model000
[LOG 18:01:16.816] Load DDS texture: Squad/Parts/Utility/radialAttachmentPoint/model001
[LOG 18:01:16.823] Load DDS texture: Squad/Parts/Utility/rcsBlockRV-105_v2/rcsBlock_diffuse
[LOG 18:01:16.823] Load DDS texture: Squad/Parts/Utility/rcsBlockRV-105_v2/rcsThrusterBlock_normal
[LOG 18:01:16.824] Load DDS texture: Squad/Parts/Utility/rcsBlockRV-105_v2/rcsThruster_emissive
[LOG 18:01:16.825] Load DDS texture: Squad/Parts/Utility/rcsBlockRV-105_v2/rcsThruster_specular
[LOG 18:01:16.836] Load DDS texture: Squad/Parts/Utility/rcsBlockRV-105_v2/RCS_Block_Diffuse
[LOG 18:01:16.839] Load DDS texture: Squad/Parts/Utility/rcsBlockRV-105_v2/RCS_Block_Emissive
[LOG 18:01:16.849] Load DDS texture: Squad/Parts/Utility/rcsBlockRV-105_v2/RCS_Block_Normal
[LOG 18:01:16.856] Load DDS texture: Squad/Parts/Utility/rcsBlockRV-105_v2/RCS_Block_Specular
[LOG 18:01:16.870] Load DDS texture: Squad/Parts/Utility/rcsSmallLinear/Assets/RCS_Linear_Base_Diffuse
[LOG 18:01:16.875] Load DDS texture: Squad/Parts/Utility/rcsSmallLinear/Assets/RCS_Linear_Diffuse
[LOG 18:01:16.881] Load DDS texture: Squad/Parts/Utility/rcsSmallLinear/Assets/RCS_Linear_Emissive
[LOG 18:01:16.894] Load DDS texture: Squad/Parts/Utility/rcsSmallLinear/Assets/RCS_Linear_Normal
[LOG 18:01:16.906] Load DDS texture: Squad/Parts/Utility/rcsSmallLinear/Assets/RCS_Linear_Specular
[LOG 18:01:16.927] Load DDS texture: Squad/Parts/Utility/RelayAntennas/DishAntenna
[LOG 18:01:16.944] Load DDS texture: Squad/Parts/Utility/RelayAntennas/MiniAntenna
[LOG 18:01:16.961] Load DDS texture: Squad/Parts/Utility/rockomaxAdapters/Assets/Rockomax_Adapters_diffuse
[LOG 18:01:16.975] Load DDS texture: Squad/Parts/Utility/rockomaxAdapters/Assets/Rockomax_Adapters_diffuse_O
[LOG 18:01:16.987] Load DDS texture: Squad/Parts/Utility/rockomaxAdapters/Assets/Rockomax_Adapters_diffuse_W
[LOG 18:01:17.035] Load DDS texture: Squad/Parts/Utility/rockomaxAdapters/Assets/Rockomax_Adapters_normal
[LOG 18:01:17.052] Load DDS texture: Squad/Parts/Utility/rockomaxAdapters/Assets/Rockomax_Adapters_normal_O
[LOG 18:01:17.073] Load DDS texture: Squad/Parts/Utility/ServiceBay/ServiceBay
[LOG 18:01:17.104] Load Cached PNG Texture: Squad/Parts/Utility/ServiceBay_v2/Assets/Scratch
[LOG 18:01:17.122] Load Cached PNG Texture: Squad/Parts/Utility/ServiceBay_v2/Assets/ServiceBay_bump
[LOG 18:01:17.133] Load Cached PNG Texture: Squad/Parts/Utility/ServiceBay_v2/Assets/ServiceBay_v2
[LOG 18:01:17.141] Load DDS texture: Squad/Parts/Utility/smallClaw/grabberSmallDiffuse
[LOG 18:01:17.144] Load DDS texture: Squad/Parts/Utility/smallClaw/grabberSmallDiffuseDark
[LOG 18:01:17.146] Load DDS texture: Squad/Parts/Utility/smallClaw/grabberSmallNRM
[LOG 18:01:17.146] Load DDS texture: Squad/Parts/Utility/smallClaw/window
[LOG 18:01:17.157] Load DDS texture: Squad/Parts/Utility/spotLightMk1/light1
[LOG 18:01:17.159] Load DDS texture: Squad/Parts/Utility/spotLightMk1/light1_em
[LOG 18:01:17.176] Load DDS texture: Squad/Parts/Utility/spotLightMk1_v2/spotLightMk1_Diffuse
[LOG 18:01:17.178] Load DDS texture: Squad/Parts/Utility/spotLightMk1_v2/spotLightMk1_Diffuse_white
[LOG 18:01:17.180] Load DDS texture: Squad/Parts/Utility/spotLightMk1_v2/spotLightMk1_Emissive
[LOG 18:01:17.181] Load DDS texture: Squad/Parts/Utility/spotLightMk1_v2/spotLightMk1_Normal
[LOG 18:01:17.184] Load DDS texture: Squad/Parts/Utility/spotLightMk2/light2
[LOG 18:01:17.204] Load DDS texture: Squad/Parts/Utility/spotLightMk2/light2_em
[LOG 18:01:17.205] Load DDS texture: Squad/Parts/Utility/spotLightMk2_v2/spotLightMk2_Diffuse
[LOG 18:01:17.223] Load DDS texture: Squad/Parts/Utility/spotLightMk2_v2/spotLightMk2_Diffuse_white
[LOG 18:01:17.225] Load DDS texture: Squad/Parts/Utility/spotLightMk2_v2/spotLightMk2_Emissive
[LOG 18:01:17.226] Load DDS texture: Squad/Parts/Utility/spotLightMk2_v2/spotLightMk2_Normal
[LOG 18:01:17.246] Load DDS texture: Squad/Parts/Utility/stackCouplers/Assets/stackCouplersDiffuse
[LOG 18:01:17.254] Load DDS texture: Squad/Parts/Utility/stackCouplers/Assets/stackCouplersDiffuse_Dark
[LOG 18:01:17.264] Load DDS texture: Squad/Parts/Utility/stackCouplers/Assets/stackCouplersDiffuse_Orange
[LOG 18:01:17.281] Load DDS texture: Squad/Parts/Utility/stackCouplers/Assets/stackCouplers_NRM
[LOG 18:01:17.289] Load DDS texture: Squad/Parts/Utility/stackCouplers/Assets/stackCouplers_Orange_NRM
[LOG 18:01:17.301] Load DDS texture: Squad/Parts/Wheel/LandingGear/Flare
[LOG 18:01:17.339] Load DDS texture: Squad/Parts/Wheel/LandingGear/LandingGear
[LOG 18:01:17.353] Load DDS texture: Squad/Parts/Wheel/LandingGear/LandingGear_Emissive
[LOG 18:01:17.368] Load DDS texture: Squad/Parts/Wheel/roverWheelM1/model000
[LOG 18:01:17.404] Load DDS texture: Squad/Parts/Wheel/roverWheelM1/roverwheel1
[LOG 18:01:17.445] Load DDS texture: Squad/Parts/Wheel/roverWheelS2/model000
[LOG 18:01:17.459] Load DDS texture: Squad/Parts/Wheel/roverWheelS2/model001
[LOG 18:01:17.460] Load DDS texture: Squad/Parts/Wheel/roverWheelS2/roverwheel2
[LOG 18:01:17.461] Load DDS texture: Squad/Parts/Wheel/roverWheelS2/roverwheel2_n
[LOG 18:01:17.477] Load DDS texture: Squad/Parts/Wheel/roverWheelTR-2L/ksp_r_medWheel_diff
[LOG 18:01:17.485] Load DDS texture: Squad/Parts/Wheel/roverWheelTR-2L/ksp_r_medWheel_normal
[LOG 18:01:17.494] Load DDS texture: Squad/Parts/Wheel/roverWheelTR-2L/ksp_r_medWheel_wheel_diff
[LOG 18:01:17.515] Load DDS texture: Squad/Parts/Wheel/roverWheelTR-2L/ksp_r_medWheel_wheel_normal
[LOG 18:01:17.536] Load DDS texture: Squad/Parts/Wheel/roverWheelXL3/mount
[LOG 18:01:17.538] Load DDS texture: Squad/Parts/Wheel/roverWheelXL3/mount_n
[LOG 18:01:17.539] Load DDS texture: Squad/Parts/Wheel/roverWheelXL3/wheel
[LOG 18:01:17.570] Load DDS texture: Squad/Parts/Wheel/roverWheelXL3/wheel_n
[LOG 18:01:17.585] Load DDS texture: Squad/Props/AltimeterThreeHands/model000
[LOG 18:01:17.586] Load DDS texture: Squad/Props/AltimeterThreeHands/model001
[LOG 18:01:17.587] Load DDS texture: Squad/Props/AtmosphereDepth/model000
[LOG 18:01:17.588] Load DDS texture: Squad/Props/AtmosphereDepth/model001
[LOG 18:01:17.613] Load DDS texture: Squad/Props/AxisIndicator/model000
[LOG 18:01:17.614] Load DDS texture: Squad/Props/buttonsGeneric/ButtonsAndSwitches
[LOG 18:01:17.629] Load DDS texture: Squad/Props/ButtonSquare/model000
[LOG 18:01:17.643] Load DDS texture: Squad/Props/circularButton/model000
[LOG 18:01:17.660] Load DDS texture: Squad/Props/Compass/model000
[LOG 18:01:17.661] Load DDS texture: Squad/Props/directionalKnob/model000
[LOG 18:01:17.661] Load DDS texture: Squad/Props/directionalKnob2/model000
[LOG 18:01:17.671] Load DDS texture: Squad/Props/IndicatorPanel/model000
[LOG 18:01:17.685] Load DDS texture: Squad/Props/IndicatorPanel/model001
[LOG 18:01:17.690] Load DDS texture: Squad/Props/IVANavBall/Arrows8dir
[LOG 18:01:17.699] Load DDS texture: Squad/Props/IVANavBall/IVANavBall
[LOG 18:01:17.709] Load DDS texture: Squad/Props/IVANavBall/IVANavBall_Glow
[LOG 18:01:17.710] Load DDS texture: Squad/Props/IVANavBall/ManeuverNode_vectors
[LOG 18:01:17.750] Load DDS texture: Squad/Props/IVANavBall/navball2
[LOG 18:01:17.751] Load DDS texture: Squad/Props/IVANavBall/navBall_DV_IVA
[LOG 18:01:17.752] Load DDS texture: Squad/Props/IVANavBall/navBall_vectors_IVA
[LOG 18:01:17.766] Load Cached PNG Texture: Squad/Props/IVANavBallNoBase/Arrows8dir
[LOG 18:01:17.780] Load Cached PNG Texture: Squad/Props/IVANavBallNoBase/IVANavBall
[LOG 18:01:17.795] Load Cached PNG Texture: Squad/Props/IVANavBallNoBase/ManeuverNode_vectors
[LOG 18:01:17.809] Load Cached PNG Texture: Squad/Props/IVANavBallNoBase/navball2
[LOG 18:01:17.811] Load Cached PNG Texture: Squad/Props/IVANavBallNoBase/navBall_DV_IVA
[LOG 18:01:17.812] Load Cached PNG Texture: Squad/Props/IVANavBallNoBase/navBall_vectors_IVA
[LOG 18:01:17.813] Load DDS texture: Squad/Props/ledPanelSpeed/circularButton
[LOG 18:01:17.814] Load DDS texture: Squad/Props/ledPanelSpeed/ledPanel
[LOG 18:01:17.817] Load DDS texture: Squad/Props/Monitor/Emissives
[LOG 18:01:17.819] Load DDS texture: Squad/Props/Monitor/Emissives_glow
[LOG 18:01:17.831] Load DDS texture: Squad/Props/Monitor/Monitor
[LOG 18:01:17.832] Load DDS texture: Squad/Props/NavBall/GaugeGee
[LOG 18:01:17.832] Load DDS texture: Squad/Props/NavBall/GaugeThrottle
[LOG 18:01:17.869] Load DDS texture: Squad/Props/NavBall/model000
[LOG 18:01:17.879] Load DDS texture: Squad/Props/NavBall/model001
[LOG 18:01:17.882] Load DDS texture: Squad/Props/NavBall/model002
[LOG 18:01:17.883] Load DDS texture: Squad/Props/NavBall/model003
[LOG 18:01:17.928] Load DDS texture: Squad/Props/PropsGeneric/propsGeneric
[LOG 18:01:17.929] Load DDS texture: Squad/Props/pullSwitch/model000
[LOG 18:01:17.931] Load DDS texture: Squad/Props/pullSwitch/model001
[LOG 18:01:17.953] Load DDS texture: Squad/Props/radarAltitude/model000
[LOG 18:01:17.954] Load DDS texture: Squad/Props/squareButton/model000
[LOG 18:01:17.987] Load DDS texture: Squad/Props/standingSwitch/model000
[LOG 18:01:17.988] Load DDS texture: Squad/Props/standingSwitch/model001
[LOG 18:01:17.990] Load DDS texture: Squad/Props/switch/model000
[LOG 18:01:18.003] Load DDS texture: Squad/Props/switchGuard/model000
[LOG 18:01:18.011] Load DDS texture: Squad/Props/switchWithGuards/model000
[LOG 18:01:18.022] Load DDS texture: Squad/Props/switchWithGuards/model001
[LOG 18:01:18.024] Load DDS texture: Squad/Props/switchWithGuards/model002
[LOG 18:01:18.024] Load DDS texture: Squad/Props/throttle/model000
[LOG 18:01:18.039] Load DDS texture: Squad/Props/throttle/model001
[LOG 18:01:18.080] Load DDS texture: Squad/Props/VSI/model000
[LOG 18:01:18.099] Load DDS texture: Squad/Spaces/crewCabinInternals/model000
[LOG 18:01:18.138] Load DDS texture: Squad/Spaces/crewCabinInternals/model001
[LOG 18:01:18.154] Load DDS texture: Squad/Spaces/crewCabinInternals/model002
[LOG 18:01:18.200] Load DDS texture: Squad/Spaces/crewCabinInternals/model003
[LOG 18:01:18.202] Load DDS texture: Squad/Spaces/crewCabinInternals/model004
[LOG 18:01:18.209] Load DDS texture: Squad/Spaces/crewCabinInternals/model005
[LOG 18:01:18.253] Load DDS texture: Squad/Spaces/cupolaInternal/ksp_l_cupola_internal_diff
[LOG 18:01:18.318] Load DDS texture: Squad/Spaces/cupolaInternal/ksp_l_cupola_internal_normal
[LOG 18:01:18.337] Load DDS texture: Squad/Spaces/cupolaInternal/ksp_l_cupola_internal_windows_alpha
[LOG 18:01:18.345] Load DDS texture: Squad/Spaces/cupolaInternal/pilot Seat
[LOG 18:01:18.362] Load DDS texture: Squad/Spaces/GenericSpace1/model000
[LOG 18:01:18.369] Load DDS texture: Squad/Spaces/GenericSpace1/model001
[LOG 18:01:18.377] Load DDS texture: Squad/Spaces/GenericSpace1/model002
[LOG 18:01:18.400] Load DDS texture: Squad/Spaces/GenericSpace1/model003
[LOG 18:01:18.409] Load DDS texture: Squad/Spaces/GenericSpace1/model004
[LOG 18:01:18.416] Load DDS texture: Squad/Spaces/GenericSpace1/model005
[LOG 18:01:18.425] Load DDS texture: Squad/Spaces/GenericSpace3/model000
[LOG 18:01:18.438] Load DDS texture: Squad/Spaces/GenericSpace3/model001
[LOG 18:01:18.510] Load DDS texture: Squad/Spaces/GenericSpace3/model002
[LOG 18:01:18.595] Load DDS texture: Squad/Spaces/GenericSpace3/model003
[LOG 18:01:18.607] Load DDS texture: Squad/Spaces/GenericSpace3/model004
[LOG 18:01:18.631] Load DDS texture: Squad/Spaces/GenericSpace3/model005
[LOG 18:01:18.802] Load DDS texture: Squad/Spaces/GenericSpace3/model006
[LOG 18:01:18.937] Load DDS texture: Squad/Spaces/GenericSpace3/model007
[LOG 18:01:19.663] Load DDS texture: Squad/Spaces/landerCabinInternals/model000
[LOG 18:01:19.704] Load DDS texture: Squad/Spaces/landerCabinInternals/model001
[LOG 18:01:19.759] Load DDS texture: Squad/Spaces/landerCabinInternals/model002
[LOG 18:01:19.839] Load DDS texture: Squad/Spaces/landerCabinInternals/model003
[LOG 18:01:19.885] Load DDS texture: Squad/Spaces/landerCabinInternals/model004
[LOG 18:01:19.900] Load DDS texture: Squad/Spaces/landerCabinInternals/model005
[LOG 18:01:19.951] Load DDS texture: Squad/Spaces/landerCabinInternals/model006
[LOG 18:01:19.952] Load DDS texture: Squad/Spaces/landerCabinInternals/model007
[LOG 18:01:19.984] Load DDS texture: Squad/Spaces/landerCabinSmallInternal/ksp_s_landerCan_internal_diff
[LOG 18:01:20.077] Load DDS texture: Squad/Spaces/landerCabinSmallInternal/ksp_s_landerCan_internal_normal
[LOG 18:01:20.091] Load DDS texture: Squad/Spaces/landerCabinSmallInternal/ksp_s_landerCan_internal_window_alpha
[LOG 18:01:20.111] Load DDS texture: Squad/Spaces/landerCabinSmallInternal/pilot Seat
[LOG 18:01:20.114] Load DDS texture: Squad/Spaces/LargeCrewedLabInternals/Glass
[LOG 18:01:20.157] Load DDS texture: Squad/Spaces/LargeCrewedLabInternals/MPL_Int
[LOG 18:01:20.168] Load DDS texture: Squad/Spaces/LargeCrewedLabInternals/MPL_Int_n_NRM
[LOG 18:01:20.206] Load DDS texture: Squad/Spaces/Mk1-3/Mk1_3_IvaProps_Diffuse
[LOG 18:01:20.241] Load DDS texture: Squad/Spaces/Mk1-3/Mk1_3_IvaProps_Normal
[LOG 18:01:20.280] Load DDS texture: Squad/Spaces/Mk1-3/Mk1_3_IvaShell_Diffuse
[LOG 18:01:20.315] Load DDS texture: Squad/Spaces/Mk1-3/Mk1_3_IvaShell_Emissive
[LOG 18:01:20.353] Load DDS texture: Squad/Spaces/Mk1-3/Mk1_3_IvaShell_Normal
[LOG 18:01:20.370] Load DDS texture: Squad/Spaces/Mk1-3/pilot Seat
[LOG 18:01:20.387] Load DDS texture: Squad/Spaces/mk1CabinInternal/Cabin_Lightmap
[LOG 18:01:20.387] Load DDS texture: Squad/Spaces/mk1CabinInternal/CockpitGeneric
[LOG 18:01:20.388] Load DDS texture: Squad/Spaces/mk1CabinInternal/CockpitGeneric_NRM
[LOG 18:01:20.407] Load DDS texture: Squad/Spaces/mk1CockpitInternal/CockpitGeneric
[LOG 18:01:20.408] Load DDS texture: Squad/Spaces/mk1CockpitInternal/CockpitGeneric_NRM
[LOG 18:01:20.435] Load DDS texture: Squad/Spaces/mk1CockpitInternal/IVAMAP
[LOG 18:01:20.449] Load DDS texture: Squad/Spaces/mk1CockpitInternal/Windows
[LOG 18:01:20.473] Load DDS texture: Squad/Spaces/mk1InlineInternal/Canopy
[LOG 18:01:20.493] Load DDS texture: Squad/Spaces/mk1InlineInternal/CockpitGeneric
[LOG 18:01:20.499] Load DDS texture: Squad/Spaces/mk1InlineInternal/CockpitGeneric_NRM
[LOG 18:01:20.522] Load DDS texture: Squad/Spaces/mk1InlineInternal/Mk1Inline_Lightmap
[LOG 18:01:20.548] Load DDS texture: Squad/Spaces/mk1PodCockpit/model000
[LOG 18:01:20.561] Load DDS texture: Squad/Spaces/mk1PodCockpit/model001
[LOG 18:01:20.568] Load DDS texture: Squad/Spaces/mk1PodCockpit/model002
[LOG 18:01:20.574] Load DDS texture: Squad/Spaces/mk1PodCockpit/model003
[LOG 18:01:20.602] Load DDS texture: Squad/Spaces/mk1PodCockpit/model004
[LOG 18:01:20.618] Load DDS texture: Squad/Spaces/mk1PodCockpit/model005
[LOG 18:01:20.642] Load DDS texture: Squad/Spaces/mk1PodCockpit/model006
[LOG 18:01:20.643] Load DDS texture: Squad/Spaces/mk1PodCockpit/model007
[LOG 18:01:20.688] Load DDS texture: Squad/Spaces/mk1pod_IVA/mk1pod_iva_props_diffuse
[LOG 18:01:20.703] Load DDS texture: Squad/Spaces/mk1pod_IVA/mk1pod_iva_props_emissive
[LOG 18:01:20.775] Load DDS texture: Squad/Spaces/mk1pod_IVA/mk1pod_iva_props_normal
[LOG 18:01:20.821] Load DDS texture: Squad/Spaces/mk1pod_IVA/mk1pod_iva_shell_diffuse
[LOG 18:01:20.852] Load DDS texture: Squad/Spaces/mk1pod_IVA/mk1pod_iva_shell_normal
[LOG 18:01:20.891] Load MBM texture: Squad/Spaces/mk1pod_IVA/pilot Seat
[LOG 18:01:20.942] Load DDS texture: Squad/Spaces/mk2CockpitStandardInternal/CargoBagA
[LOG 18:01:20.942] Load DDS texture: Squad/Spaces/mk2CockpitStandardInternal/Mk2StandardIVA
[LOG 18:01:20.942] Load DDS texture: Squad/Spaces/mk2CockpitStandardInternal/Pilotseat
[LOG 18:01:20.943] Load DDS texture: Squad/Spaces/mk2CockpitStandardInternal/Windows
[LOG 18:01:20.944] Load DDS texture: Squad/Spaces/Mk2CrewCabinInternal/CargoBagA
[LOG 18:01:20.955] Load DDS texture: Squad/Spaces/Mk2CrewCabinInternal/Glass
[LOG 18:01:20.974] Load DDS texture: Squad/Spaces/Mk2CrewCabinInternal/Mk2StandardIVA
[LOG 18:01:20.984] Load DDS texture: Squad/Spaces/Mk2CrewCabinInternal/Pilotseat
[LOG 18:01:21.003] Load DDS texture: Squad/Spaces/mk2InlineInternal/CockpitGeneric
[LOG 18:01:21.012] Load DDS texture: Squad/Spaces/mk2InlineInternal/CockpitGeneric_NRM
[LOG 18:01:21.020] Load DDS texture: Squad/Spaces/mk2InlineInternal/Mk2InlineLightmap
[LOG 18:01:21.036] Load DDS texture: Squad/Spaces/mk2InlineInternal/propsGeneric
[LOG 18:01:21.082] Load DDS texture: Squad/Spaces/mk2LanderCanInternal/mk2LanderCan_props_diffuse
[LOG 18:01:21.113] Load DDS texture: Squad/Spaces/mk2LanderCanInternal/mk2LanderCan_props_normal
[LOG 18:01:21.162] Load DDS texture: Squad/Spaces/mk2LanderCanInternal/mk2LanderCan_shell_diffuse
[LOG 18:01:21.194] Load DDS texture: Squad/Spaces/mk2LanderCanInternal/mk2LanderCan_shell_normal
[LOG 18:01:21.228] Load MBM texture: Squad/Spaces/mk2LanderCanInternal/pilot Seat
[LOG 18:01:21.276] Load DDS texture: Squad/Spaces/MK3CockpitInternal/Glass
[LOG 18:01:21.276] Load DDS texture: Squad/Spaces/MK3CockpitInternal/Mk2StandardIVA
[LOG 18:01:21.285] Load DDS texture: Squad/Spaces/MK3_CrewCab_Int/Glass
[LOG 18:01:21.291] Load DDS texture: Squad/Spaces/MK3_CrewCab_Int/GlassMK3CC
[LOG 18:01:21.302] Load DDS texture: Squad/Spaces/MK3_CrewCab_Int/Mk2StandardIVA
[LOG 18:01:21.319] Load DDS texture: Squad/Spaces/MK3_CrewCab_Int/MK3_CrewCab_Int
[LOG 18:01:21.333] Load DDS texture: Squad/Spaces/MK3_CrewCab_Int/MK3_CrewCab_Int_n
[LOG 18:01:21.335] Load DDS texture: Squad/Spaces/MK3_CrewCab_Int/Pilotseat
[LOG 18:01:21.338] Load DDS texture: Squad/Spaces/Placeholder/PlaceholderIVA
[LOG 18:01:21.362] Load DDS texture: Squad/Spaces/PodCockpit/model000
[LOG 18:01:21.369] Load DDS texture: Squad/Spaces/PodCockpit/model001
[LOG 18:01:21.391] Load DDS texture: Squad/Spaces/PodCockpit/model002
[LOG 18:01:21.408] Load DDS texture: Squad/Spaces/PodCockpit/model003
[LOG 18:01:21.417] Load DDS texture: Squad/Spaces/PodCockpit/model004
[LOG 18:01:21.424] Load DDS texture: Squad/Spaces/PodCockpit/model005
[LOG 18:01:21.443] Load DDS texture: Squad/Spaces/PodCockpit/model006
[LOG 18:01:21.470] Load DDS texture: Squad/Spaces/PodCockpit/model007
[LOG 18:01:21.473] Load DDS texture: Squad/Spaces/sharedAssets/CockpitGeneric
[LOG 18:01:21.481] Load DDS texture: Squad/Spaces/sharedAssets/CockpitGeneric_NRM
[LOG 18:01:21.494] Load Cached PNG Texture: Squad/Strategies/Icons/AggressiveNegotiations
[LOG 18:01:21.504] Load Cached PNG Texture: Squad/Strategies/Icons/AppreciationCampaign
[LOG 18:01:21.529] Load Cached PNG Texture: Squad/Strategies/Icons/BailOutGrant
[LOG 18:01:21.540] Load Cached PNG Texture: Squad/Strategies/Icons/FundraisingCampaign
[LOG 18:01:21.543] Load Cached PNG Texture: Squad/Strategies/Icons/LeadershipInitiative
[LOG 18:01:21.547] Load Cached PNG Texture: Squad/Strategies/Icons/OpenSourceTechProgram
[LOG 18:01:21.548] Load Cached PNG Texture: Squad/Strategies/Icons/OutsourcedResearch
[LOG 18:01:21.549] Load Cached PNG Texture: Squad/Strategies/Icons/PatentsLicensing
[LOG 18:01:21.553] Load Cached PNG Texture: Squad/Strategies/Icons/RecoveryTransponderFitting
[LOG 18:01:21.556] Load Cached PNG Texture: Squad/Strategies/Icons/ResearchRightsSellOut
[LOG 18:01:21.568] Load Cached PNG Texture: Squad/Strategies/Icons/UnpaidResearchProgram
[LOG 18:01:21.573] Load Cached PNG Texture: Squad/Tutorials/ChuteColors
[LOG 18:01:21.589] Load DDS texture: Squad/Tutorials/EditorCoM
[LOG 18:01:21.605] Load Cached PNG Texture: Squad/Tutorials/EditorSnap
[LOG 18:01:21.618] Load Cached PNG Texture: Squad/Tutorials/EditorSnap4x
[LOG 18:01:21.620] Load Cached PNG Texture: Squad/Tutorials/EditorSymm
[LOG 18:01:21.620] Load Cached PNG Texture: Squad/Tutorials/StagingStack
[LOG 18:01:21.627] Load PNG texture: Squad/Tutorials/YPRDiagram
[WRN 18:01:21.628] Texture isn't eligible for DXT compression, width and height must be multiples of 4
[LOG 18:01:21.641] Load Cached PNG Texture: SquadExpansion/MakingHistory/Banners/Fail/default
[LOG 18:01:21.643] Load Cached PNG Texture: SquadExpansion/MakingHistory/Banners/Fail/fail01
[LOG 18:01:21.648] Load Cached PNG Texture: SquadExpansion/MakingHistory/Banners/Fail/fail02
[LOG 18:01:21.657] Load PNG texture: SquadExpansion/MakingHistory/Banners/Menu/default
[WRN 18:01:21.661] Texture isn't eligible for DXT compression, width and height must be multiples of 4
[LOG 18:01:21.667] Load PNG texture: SquadExpansion/MakingHistory/Banners/Menu/MBanner_01
[WRN 18:01:21.671] Texture isn't eligible for DXT compression, width and height must be multiples of 4
[LOG 18:01:21.671] Load PNG texture: SquadExpansion/MakingHistory/Banners/Menu/MBanner_02
[WRN 18:01:21.676] Texture isn't eligible for DXT compression, width and height must be multiples of 4
[LOG 18:01:21.677] Load PNG texture: SquadExpansion/MakingHistory/Banners/Menu/MBanner_03
[WRN 18:01:21.680] Texture isn't eligible for DXT compression, width and height must be multiples of 4
[LOG 18:01:21.680] Load Cached PNG Texture: SquadExpansion/MakingHistory/Banners/Success/default
[LOG 18:01:21.689] Load Cached PNG Texture: SquadExpansion/MakingHistory/Banners/Success/success01
[LOG 18:01:21.710] Load Cached PNG Texture: SquadExpansion/MakingHistory/Banners/Success/success02
[LOG 18:01:21.711] Load Cached PNG Texture: SquadExpansion/MakingHistory/Missions/Acapello 13/Banners/Fail/fail01
[LOG 18:01:21.732] Load PNG texture: SquadExpansion/MakingHistory/Missions/Acapello 13/Banners/Menu/Mun
[WRN 18:01:21.735] Texture isn't eligible for DXT compression, width and height must be multiples of 4
[LOG 18:01:21.735] Load Cached PNG Texture: SquadExpansion/MakingHistory/Missions/Acapello 13/Banners/Success/success01
[LOG 18:01:21.751] Load Cached PNG Texture: SquadExpansion/MakingHistory/Missions/Acapello 15/Banners/Fail/default
[LOG 18:01:21.752] Load Cached PNG Texture: SquadExpansion/MakingHistory/Missions/Acapello 15/Banners/Fail/fail02
[LOG 18:01:21.767] Load PNG texture: SquadExpansion/MakingHistory/Missions/Acapello 15/Banners/Menu/default
[WRN 18:01:21.770] Texture isn't eligible for DXT compression, width and height must be multiples of 4
[LOG 18:01:21.786] Load Cached PNG Texture: SquadExpansion/MakingHistory/Missions/Acapello 15/Banners/Success/default
[LOG 18:01:21.788] Load Cached PNG Texture: SquadExpansion/MakingHistory/Missions/Blue Mun/Banners/Fail/fail01
[LOG 18:01:21.810] Load PNG texture: SquadExpansion/MakingHistory/Missions/Blue Mun/Banners/Menu/default
[WRN 18:01:21.815] Texture isn't eligible for DXT compression, width and height must be multiples of 4
[LOG 18:01:21.815] Load Cached PNG Texture: SquadExpansion/MakingHistory/Missions/Blue Mun/Banners/Success/success02
[LOG 18:01:21.815] Load Cached PNG Texture: SquadExpansion/MakingHistory/Missions/Dawn of the Space Age/Banners/Fail/default
[LOG 18:01:21.833] Load PNG texture: SquadExpansion/MakingHistory/Missions/Dawn of the Space Age/Banners/Menu/default
[WRN 18:01:21.837] Texture isn't eligible for DXT compression, width and height must be multiples of 4
[LOG 18:01:21.838] Load Cached PNG Texture: SquadExpansion/MakingHistory/Missions/Dawn of the Space Age/Banners/Success/default
[LOG 18:01:21.839] Load Cached PNG Texture: SquadExpansion/MakingHistory/Missions/Meet Me in Zero G/Banners/Fail/default
[LOG 18:01:21.839] Load Cached PNG Texture: SquadExpansion/MakingHistory/Missions/Meet Me in Zero G/Banners/Fail/fail01
[LOG 18:01:21.847] Load PNG texture: SquadExpansion/MakingHistory/Missions/Meet Me in Zero G/Banners/Menu/default
[WRN 18:01:21.850] Texture isn't eligible for DXT compression, width and height must be multiples of 4
[LOG 18:01:21.850] Load Cached PNG Texture: SquadExpansion/MakingHistory/Missions/Meet Me in Zero G/Banners/Success/default
[LOG 18:01:21.850] Load Cached PNG Texture: SquadExpansion/MakingHistory/Missions/Meet Me in Zero G/Banners/Success/success02
[LOG 18:01:21.851] Load Cached PNG Texture: SquadExpansion/MakingHistory/Missions/Munar 1/Banners/Fail/default
[LOG 18:01:21.852] Load Cached PNG Texture: SquadExpansion/MakingHistory/Missions/Munar 1/Banners/Fail/fail02
[LOG 18:01:21.864] Load PNG texture: SquadExpansion/MakingHistory/Missions/Munar 1/Banners/Menu/default
[WRN 18:01:21.867] Texture isn't eligible for DXT compression, width and height must be multiples of 4
[LOG 18:01:21.884] Load Cached PNG Texture: SquadExpansion/MakingHistory/Missions/Munar 1/Banners/Success/default
[LOG 18:01:21.886] Load Cached PNG Texture: SquadExpansion/MakingHistory/Missions/Munar 1/Banners/Success/success01
[LOG 18:01:21.887] Load Cached PNG Texture: SquadExpansion/MakingHistory/Missions/Sally-Hut 1/Banners/Fail/default
[LOG 18:01:21.889] Load Cached PNG Texture: SquadExpansion/MakingHistory/Missions/Sally-Hut 1/Banners/Fail/fail01
[LOG 18:01:21.890] Load Cached PNG Texture: SquadExpansion/MakingHistory/Missions/Sally-Hut 1/Banners/Menu/bannerSatellite
[LOG 18:01:21.904] Load Cached PNG Texture: SquadExpansion/MakingHistory/Missions/Sally-Hut 1/Banners/Success/default
[LOG 18:01:21.911] Load Cached PNG Texture: SquadExpansion/MakingHistory/Missions/Sally-Hut 1/Banners/Success/success02
[LOG 18:01:21.912] Load Cached PNG Texture: SquadExpansion/MakingHistory/Missions/To the Mun Via Minmus/Banners/Fail/fail02
[LOG 18:01:21.925] Load PNG texture: SquadExpansion/MakingHistory/Missions/To the Mun Via Minmus/Banners/Menu/MissionBannerKerbin
[WRN 18:01:21.928] Texture isn't eligible for DXT compression, width and height must be multiples of 4
[LOG 18:01:21.929] Load Cached PNG Texture: SquadExpansion/MakingHistory/Missions/To the Mun Via Minmus/Banners/Success/success01
[LOG 18:01:21.938] Load Cached PNG Texture: SquadExpansion/MakingHistory/Missions/Trouble in the Void/Banners/Fail/fail01
[LOG 18:01:21.948] Load PNG texture: SquadExpansion/MakingHistory/Missions/Trouble in the Void/Banners/Menu/default
[WRN 18:01:21.951] Texture isn't eligible for DXT compression, width and height must be multiples of 4
[LOG 18:01:21.963] Load Cached PNG Texture: SquadExpansion/MakingHistory/Missions/Trouble in the Void/Banners/Success/success02
[LOG 18:01:21.964] Load Cached PNG Texture: SquadExpansion/MakingHistory/Missions/Ziggy Kerman and the Spiders from Duna/Banners/Fail/fail02
[LOG 18:01:21.965] Load Cached PNG Texture: SquadExpansion/MakingHistory/Missions/Ziggy Kerman and the Spiders from Duna/Banners/Menu/bannerSatellite
[LOG 18:01:21.968] Load Cached PNG Texture: SquadExpansion/MakingHistory/Missions/Ziggy Kerman and the Spiders from Duna/Banners/Success/success01
[LOG 18:01:21.968] Load Cached PNG Texture: SquadExpansion/MakingHistory/Parts/@thumbs/Decoupler.1p5_icon0
[LOG 18:01:21.984] Load Cached PNG Texture: SquadExpansion/MakingHistory/Parts/@thumbs/Decoupler.1p5_icon1
[LOG 18:01:21.991] Load Cached PNG Texture: SquadExpansion/MakingHistory/Parts/@thumbs/EquiTriangle0_icon0
[LOG 18:01:22.004] Load Cached PNG Texture: SquadExpansion/MakingHistory/Parts/@thumbs/EquiTriangle0_icon1
[LOG 18:01:22.005] Load Cached PNG Texture: SquadExpansion/MakingHistory/Parts/@thumbs/EquiTriangle0_icon2
[LOG 18:01:22.013] Load Cached PNG Texture: SquadExpansion/MakingHistory/Parts/@thumbs/EquiTriangle0_icon3
[LOG 18:01:22.014] Load Cached PNG Texture: SquadExpansion/MakingHistory/Parts/@thumbs/EquiTriangle1p5_icon0
[LOG 18:01:22.015] Load Cached PNG Texture: SquadExpansion/MakingHistory/Parts/@thumbs/EquiTriangle1p5_icon1
[LOG 18:01:22.016] Load Cached PNG Texture: SquadExpansion/MakingHistory/Parts/@thumbs/EquiTriangle1p5_icon2
[LOG 18:01:22.019] Load Cached PNG Texture: SquadExpansion/MakingHistory/Parts/@thumbs/EquiTriangle1p5_icon3
[LOG 18:01:22.020] Load Cached PNG Texture: SquadExpansion/MakingHistory/Parts/@thumbs/EquiTriangle1_icon0
[LOG 18:01:22.021] Load Cached PNG Texture: SquadExpansion/MakingHistory/Parts/@thumbs/EquiTriangle1_icon1
[LOG 18:01:22.022] Load Cached PNG Texture: SquadExpansion/MakingHistory/Parts/@thumbs/EquiTriangle1_icon2
[LOG 18:01:22.023] Load Cached PNG Texture: SquadExpansion/MakingHistory/Parts/@thumbs/EquiTriangle1_icon3
[LOG 18:01:22.024] Load Cached PNG Texture: SquadExpansion/MakingHistory/Parts/@thumbs/EquiTriangle2_icon0
[LOG 18:01:22.025] Load Cached PNG Texture: SquadExpansion/MakingHistory/Parts/@thumbs/EquiTriangle2_icon1
[LOG 18:01:22.026] Load Cached PNG Texture: SquadExpansion/MakingHistory/Parts/@thumbs/EquiTriangle2_icon2
[LOG 18:01:22.027] Load Cached PNG Texture: SquadExpansion/MakingHistory/Parts/@thumbs/EquiTriangle2_icon3
[LOG 18:01:22.028] Load Cached PNG Texture: SquadExpansion/MakingHistory/Parts/@thumbs/HeatShield1p5_icon
[LOG 18:01:22.030] Load Cached PNG Texture: SquadExpansion/MakingHistory/Parts/@thumbs/InflatableAirlock_icon
[LOG 18:01:22.030] Load Cached PNG Texture: SquadExpansion/MakingHistory/Parts/@thumbs/LiquidEngineRV-1_icon
[LOG 18:01:22.031] Load Cached PNG Texture: SquadExpansion/MakingHistory/Parts/@thumbs/monopropMiniSphere_icon
[LOG 18:01:22.044] Load Cached PNG Texture: SquadExpansion/MakingHistory/Parts/@thumbs/Panel0_icon0
[LOG 18:01:22.051] Load Cached PNG Texture: SquadExpansion/MakingHistory/Parts/@thumbs/Panel0_icon1
[LOG 18:01:22.052] Load Cached PNG Texture: SquadExpansion/MakingHistory/Parts/@thumbs/Panel0_icon2
[LOG 18:01:22.059] Load Cached PNG Texture: SquadExpansion/MakingHistory/Parts/@thumbs/Panel0_icon3
[LOG 18:01:22.064] Load Cached PNG Texture: SquadExpansion/MakingHistory/Parts/@thumbs/Panel1p5_icon0
[LOG 18:01:22.065] Load Cached PNG Texture: SquadExpansion/MakingHistory/Parts/@thumbs/Panel1p5_icon1
[LOG 18:01:22.072] Load Cached PNG Texture: SquadExpansion/MakingHistory/Parts/@thumbs/Panel1p5_icon2
[LOG 18:01:22.073] Load Cached PNG Texture: SquadExpansion/MakingHistory/Parts/@thumbs/Panel1p5_icon3
[LOG 18:01:22.076] Load Cached PNG Texture: SquadExpansion/MakingHistory/Parts/@thumbs/Panel1_icon0
[LOG 18:01:22.077] Load Cached PNG Texture: SquadExpansion/MakingHistory/Parts/@thumbs/Panel1_icon1
[LOG 18:01:22.077] Load Cached PNG Texture: SquadExpansion/MakingHistory/Parts/@thumbs/Panel1_icon2
[LOG 18:01:22.079] Load Cached PNG Texture: SquadExpansion/MakingHistory/Parts/@thumbs/Panel1_icon3
[LOG 18:01:22.080] Load Cached PNG Texture: SquadExpansion/MakingHistory/Parts/@thumbs/roverWheelM1-F_icon0
[LOG 18:01:22.081] Load Cached PNG Texture: SquadExpansion/MakingHistory/Parts/@thumbs/roverWheelM1-F_icon1
[LOG 18:01:22.081] Load Cached PNG Texture: SquadExpansion/MakingHistory/Parts/@thumbs/Separator.1p5_icon0
[LOG 18:01:22.084] Load Cached PNG Texture: SquadExpansion/MakingHistory/Parts/@thumbs/Separator.1p5_icon1
[LOG 18:01:22.085] Load Cached PNG Texture: SquadExpansion/MakingHistory/Parts/@thumbs/Size1p5.Strut.Decoupler_icon0
[LOG 18:01:22.085] Load Cached PNG Texture: SquadExpansion/MakingHistory/Parts/@thumbs/Size1p5.Strut.Decoupler_icon1
[LOG 18:01:22.086] Load Cached PNG Texture: SquadExpansion/MakingHistory/Parts/@thumbs/Size1to0ServiceModule_icon
[LOG 18:01:22.087] Load Cached PNG Texture: SquadExpansion/MakingHistory/Parts/@thumbs/Triangle0_icon0
[LOG 18:01:22.090] Load Cached PNG Texture: SquadExpansion/MakingHistory/Parts/@thumbs/Triangle0_icon1
[LOG 18:01:22.099] Load Cached PNG Texture: SquadExpansion/MakingHistory/Parts/@thumbs/Triangle0_icon2
[LOG 18:01:22.100] Load Cached PNG Texture: SquadExpansion/MakingHistory/Parts/@thumbs/Triangle0_icon3
[LOG 18:01:22.101] Load Cached PNG Texture: SquadExpansion/MakingHistory/Parts/@thumbs/Triangle1p5_icon0
[LOG 18:01:22.102] Load Cached PNG Texture: SquadExpansion/MakingHistory/Parts/@thumbs/Triangle1p5_icon1
[LOG 18:01:22.102] Load Cached PNG Texture: SquadExpansion/MakingHistory/Parts/@thumbs/Triangle1p5_icon2
[LOG 18:01:22.117] Load Cached PNG Texture: SquadExpansion/MakingHistory/Parts/@thumbs/Triangle1p5_icon3
[LOG 18:01:22.119] Load Cached PNG Texture: SquadExpansion/MakingHistory/Parts/@thumbs/Triangle1_icon0
[LOG 18:01:22.119] Load Cached PNG Texture: SquadExpansion/MakingHistory/Parts/@thumbs/Triangle1_icon1
[LOG 18:01:22.124] Load Cached PNG Texture: SquadExpansion/MakingHistory/Parts/@thumbs/Triangle1_icon2
[LOG 18:01:22.125] Load Cached PNG Texture: SquadExpansion/MakingHistory/Parts/@thumbs/Triangle1_icon3
[LOG 18:01:22.134] Load Cached PNG Texture: SquadExpansion/MakingHistory/Parts/@thumbs/Triangle2_icon0
[LOG 18:01:22.137] Load Cached PNG Texture: SquadExpansion/MakingHistory/Parts/@thumbs/Triangle2_icon1
[LOG 18:01:22.138] Load Cached PNG Texture: SquadExpansion/MakingHistory/Parts/@thumbs/Triangle2_icon2
[LOG 18:01:22.138] Load Cached PNG Texture: SquadExpansion/MakingHistory/Parts/@thumbs/Triangle2_icon3
[LOG 18:01:22.139] Load Cached PNG Texture: SquadExpansion/MakingHistory/Parts/@thumbs/Tube1_icon0
[LOG 18:01:22.140] Load Cached PNG Texture: SquadExpansion/MakingHistory/Parts/@thumbs/Tube1_icon1
[LOG 18:01:22.146] Load Cached PNG Texture: SquadExpansion/MakingHistory/Parts/@thumbs/Tube1_icon2
[LOG 18:01:22.148] Load Cached PNG Texture: SquadExpansion/MakingHistory/Parts/@thumbs/Tube1_icon3
[LOG 18:01:22.148] Load Cached PNG Texture: SquadExpansion/MakingHistory/Parts/@thumbs/Tube1_icon4
[LOG 18:01:22.167] Load Cached PNG Texture: SquadExpansion/MakingHistory/Parts/Aero/protectiveRocketNoseMk5A/s1p5_cone
[LOG 18:01:22.183] Load Cached PNG Texture: SquadExpansion/MakingHistory/Parts/Aero/protectiveRocketNoseMk5A/s1p5_cone_Orange
[LOG 18:01:22.199] Load DDS texture: SquadExpansion/MakingHistory/Parts/Coupling/Assets/airlock
[LOG 18:01:22.211] Load DDS texture: SquadExpansion/MakingHistory/Parts/Coupling/Assets/airlock_N
[LOG 18:01:22.250] Load DDS texture: SquadExpansion/MakingHistory/Parts/Coupling/Assets/EnginePlate
[LOG 18:01:22.260] Load DDS texture: SquadExpansion/MakingHistory/Parts/Coupling/Assets/Size1_5_Decoupler_grey
[LOG 18:01:22.268] Load DDS texture: SquadExpansion/MakingHistory/Parts/Coupling/Assets/Size1_5_Decoupler_orange
[LOG 18:01:22.284] Load DDS texture: SquadExpansion/MakingHistory/Parts/Engine/Assets/KE-1
[LOG 18:01:22.301] Load DDS texture: SquadExpansion/MakingHistory/Parts/Engine/Assets/KE-1_BASE
[LOG 18:01:22.309] Load DDS texture: SquadExpansion/MakingHistory/Parts/Engine/Assets/LV-T87
[LOG 18:01:22.317] Load DDS texture: SquadExpansion/MakingHistory/Parts/Engine/Assets/LV-T91
[LOG 18:01:22.355] Load DDS texture: SquadExpansion/MakingHistory/Parts/Engine/Assets/RE-I2
[LOG 18:01:22.369] Load DDS texture: SquadExpansion/MakingHistory/Parts/Engine/Assets/RE-J10
[LOG 18:01:22.377] Load DDS texture: SquadExpansion/MakingHistory/Parts/Engine/Assets/RE-J10_N
[LOG 18:01:22.406] Load DDS texture: SquadExpansion/MakingHistory/Parts/Engine/Assets/RK-7
[LOG 18:01:22.419] Load DDS texture: SquadExpansion/MakingHistory/Parts/Engine/Assets/RK-7_N
[LOG 18:01:22.466] Load DDS texture: SquadExpansion/MakingHistory/Parts/Engine/solidBoosterTHK/SolidBoosterS2-17_emissive
[LOG 18:01:22.499] Load DDS texture: SquadExpansion/MakingHistory/Parts/Engine/solidBoosterTHK/solidBoosterTHK_diffuse
[LOG 18:01:22.516] Load DDS texture: SquadExpansion/MakingHistory/Parts/FuelTank/Assets/Size1p5_02
[LOG 18:01:22.523] Load DDS texture: SquadExpansion/MakingHistory/Parts/FuelTank/Assets/Size1p5_02_ALT01
[LOG 18:01:22.532] Load DDS texture: SquadExpansion/MakingHistory/Parts/FuelTank/Assets/Size1p5_02_ALT02
[LOG 18:01:22.540] Load DDS texture: SquadExpansion/MakingHistory/Parts/FuelTank/Assets/Size1p5_02_ALT02_normal
[LOG 18:01:22.550] Load DDS texture: SquadExpansion/MakingHistory/Parts/FuelTank/Assets/Size1p5_mono
[LOG 18:01:22.556] Load DDS texture: SquadExpansion/MakingHistory/Parts/FuelTank/Assets/Size1p5_mono_2
[LOG 18:01:22.564] Load DDS texture: SquadExpansion/MakingHistory/Parts/FuelTank/Assets/Size1p5_mono_N
[LOG 18:01:22.572] Load DDS texture: SquadExpansion/MakingHistory/Parts/FuelTank/Assets/Size1_5_TankAdapters
[LOG 18:01:22.580] Load DDS texture: SquadExpansion/MakingHistory/Parts/FuelTank/Assets/Size1_5_TankAdapters_ALT01
[LOG 18:01:22.588] Load DDS texture: SquadExpansion/MakingHistory/Parts/FuelTank/Assets/Size1_5_TankAdapters_ALT02
[LOG 18:01:22.605] Load DDS texture: SquadExpansion/MakingHistory/Parts/FuelTank/Assets/Size1_5_TankAdapters_ALT02nm
[LOG 18:01:22.610] Load DDS texture: SquadExpansion/MakingHistory/Parts/FuelTank/Assets/Size1_5_TankAdapters_N
[LOG 18:01:22.619] Load DDS texture: SquadExpansion/MakingHistory/Parts/FuelTank/Assets/Size1_5_Tanks
[LOG 18:01:22.625] Load DDS texture: SquadExpansion/MakingHistory/Parts/FuelTank/Assets/Size1_5_Tanks_ALT02
[LOG 18:01:22.632] Load DDS texture: SquadExpansion/MakingHistory/Parts/FuelTank/Assets/Size1_5_Tanks_ALT02_nm
[LOG 18:01:22.644] Load DDS texture: SquadExpansion/MakingHistory/Parts/FuelTank/Assets/Size1_5_Tanks_grey
[LOG 18:01:22.694] Load DDS texture: SquadExpansion/MakingHistory/Parts/FuelTank/Assets/Size4_Tanks
[LOG 18:01:22.742] Load DDS texture: SquadExpansion/MakingHistory/Parts/FuelTank/Assets/Size4_Tanks_N
[LOG 18:01:22.760] Load DDS texture: SquadExpansion/MakingHistory/Parts/Ground/Assets/RoverWheel
[LOG 18:01:22.773] Load DDS texture: SquadExpansion/MakingHistory/Parts/Ground/Assets/RoverWheelG
[LOG 18:01:22.789] Load DDS texture: SquadExpansion/MakingHistory/Parts/Payload/Assets/Size1to0ServiceBay
[LOG 18:01:22.801] Load DDS texture: SquadExpansion/MakingHistory/Parts/Payload/Assets/Size1to0ServiceBay_n
[LOG 18:01:22.842] Load DDS texture: SquadExpansion/MakingHistory/Parts/Payload/Assets/SM18_diffuse
[LOG 18:01:22.887] Load Cached PNG Texture: SquadExpansion/MakingHistory/Parts/Payload/Assets/SM18_NRM
[LOG 18:01:22.938] Load DDS texture: SquadExpansion/MakingHistory/Parts/Payload/Assets/SM18_specular
[LOG 18:01:22.953] Load DDS texture: SquadExpansion/MakingHistory/Parts/Payload/Assets/SM25_diffuse
[LOG 18:01:22.961] Load DDS texture: SquadExpansion/MakingHistory/Parts/Payload/Assets/SM25_normals
[LOG 18:01:22.974] Load DDS texture: SquadExpansion/MakingHistory/Parts/Pods/Assets/KV1
[LOG 18:01:22.982] Load DDS texture: SquadExpansion/MakingHistory/Parts/Pods/Assets/KV1_GLOW
[LOG 18:01:22.998] Load DDS texture: SquadExpansion/MakingHistory/Parts/Pods/Assets/KV2
[LOG 18:01:23.002] Load DDS texture: SquadExpansion/MakingHistory/Parts/Pods/Assets/KV3
[LOG 18:01:23.025] Load DDS texture: SquadExpansion/MakingHistory/Parts/Pods/Assets/Mk2Pod
[LOG 18:01:23.032] Load DDS texture: SquadExpansion/MakingHistory/Parts/Pods/Assets/Mk2Pod_GLOW
[LOG 18:01:23.040] Load DDS texture: SquadExpansion/MakingHistory/Parts/Pods/Assets/Mk2Pod_n
[LOG 18:01:23.048] Load DDS texture: SquadExpansion/MakingHistory/Parts/Pods/Assets/Size1_5_Lander
[LOG 18:01:23.064] Load DDS texture: SquadExpansion/MakingHistory/Parts/Pods/Assets/Size1_5_Lander_GLOW
[LOG 18:01:23.088] Load DDS texture: SquadExpansion/MakingHistory/Parts/SharedAssets/Shrouds
[LOG 18:01:23.105] Load DDS texture: SquadExpansion/MakingHistory/Parts/SharedAssets/Shrouds_N
[LOG 18:01:23.134] Load DDS texture: SquadExpansion/MakingHistory/Parts/Structural/Assets/NormalMap
[LOG 18:01:23.166] Load DDS texture: SquadExpansion/MakingHistory/Parts/Structural/Assets/Panels
[LOG 18:01:23.184] Load DDS texture: SquadExpansion/MakingHistory/Parts/Structural/Assets/Panels_Dark_D
[LOG 18:01:23.198] Load DDS texture: SquadExpansion/MakingHistory/Parts/Structural/Assets/Panels_Gold_D
[LOG 18:01:23.223] Load Cached PNG Texture: SquadExpansion/MakingHistory/Parts/Structural/Assets/Panels_Gold_NRM
[LOG 18:01:23.249] Load DDS texture: SquadExpansion/MakingHistory/Parts/Structural/Assets/Panels_Gold_S
[LOG 18:01:23.263] Load DDS texture: SquadExpansion/MakingHistory/Parts/Structural/Assets/Panels_Silver_D
[LOG 18:01:23.289] Load DDS texture: SquadExpansion/MakingHistory/Parts/Structural/Assets/Panels_Silver_S
[LOG 18:01:23.293] Load Cached PNG Texture: SquadExpansion/MakingHistory/Ships/@thumbs/VAB/Acapello
[LOG 18:01:23.293] Load Cached PNG Texture: SquadExpansion/MakingHistory/Ships/@thumbs/VAB/Beta Centaurus
[LOG 18:01:23.294] Load Cached PNG Texture: SquadExpansion/MakingHistory/Ships/@thumbs/VAB/Goliath II HLV
[LOG 18:01:23.294] Load Cached PNG Texture: SquadExpansion/MakingHistory/Ships/@thumbs/VAB/Muna 1
[LOG 18:01:23.295] Load Cached PNG Texture: SquadExpansion/MakingHistory/Ships/@thumbs/VAB/Sally-Hut 1
[LOG 18:01:23.298] Load Cached PNG Texture: SquadExpansion/MakingHistory/Ships/@thumbs/VAB/SWM-94 Communications Satellite
[LOG 18:01:23.299] Load Cached PNG Texture: SquadExpansion/MakingHistory/Ships/@thumbs/VAB/Valshkod 2
[LOG 18:01:23.316] Load DDS texture: SquadExpansion/MakingHistory/Spaces/KVPods/airlock
[LOG 18:01:23.319] Load DDS texture: SquadExpansion/MakingHistory/Spaces/KVPods/airlock_N
[LOG 18:01:23.367] Load DDS texture: SquadExpansion/MakingHistory/Spaces/KVPods/KV1_Props_Diffuse
[LOG 18:01:23.411] Load DDS texture: SquadExpansion/MakingHistory/Spaces/KVPods/KV1_Props_Normal
[LOG 18:01:23.443] Load DDS texture: SquadExpansion/MakingHistory/Spaces/KVPods/KV1_Shell_Diffuse
[LOG 18:01:23.469] Load DDS texture: SquadExpansion/MakingHistory/Spaces/KVPods/KV1_Shell_Emissive
[LOG 18:01:23.513] Load DDS texture: SquadExpansion/MakingHistory/Spaces/KVPods/KV1_Shell_Normal
[LOG 18:01:23.534] Load DDS texture: SquadExpansion/MakingHistory/Spaces/KVPods/KV1_Vzor_Diffuse
[LOG 18:01:23.570] Load DDS texture: SquadExpansion/MakingHistory/Spaces/KVPods/KV2_Props_Diffuse
[LOG 18:01:23.611] Load DDS texture: SquadExpansion/MakingHistory/Spaces/KVPods/KV2_Props_Emissive
[LOG 18:01:23.663] Load DDS texture: SquadExpansion/MakingHistory/Spaces/KVPods/KV2_Props_Normal
[LOG 18:01:23.697] Load DDS texture: SquadExpansion/MakingHistory/Spaces/KVPods/KV2_Shell_Diffuse
[LOG 18:01:23.747] Load DDS texture: SquadExpansion/MakingHistory/Spaces/KVPods/KV2_Shell_Normal
[LOG 18:01:23.789] Load DDS texture: SquadExpansion/MakingHistory/Spaces/KVPods/KV3_Props_Diffuse
[LOG 18:01:23.828] Load DDS texture: SquadExpansion/MakingHistory/Spaces/KVPods/KV3_Props_Normal
[LOG 18:01:23.853] Load DDS texture: SquadExpansion/MakingHistory/Spaces/KVPods/KV3_Shell_Diffuse
[LOG 18:01:23.895] Load DDS texture: SquadExpansion/MakingHistory/Spaces/KVPods/KV3_Shell_Normal
[LOG 18:01:23.902] Load DDS texture: SquadExpansion/MakingHistory/Spaces/KVPods/motor
[LOG 18:01:23.923] Load DDS texture: SquadExpansion/MakingHistory/Spaces/KVPods/pilot Seat
[LOG 18:01:23.969] Load DDS texture: SquadExpansion/MakingHistory/Spaces/MEM/PANELS_AO
[LOG 18:01:23.987] Load DDS texture: SquadExpansion/MakingHistory/Spaces/MEM/PANELS_EMISSIVE
[LOG 18:01:24.029] Load DDS texture: SquadExpansion/MakingHistory/Spaces/MEM/PANELS_NORMAL
[LOG 18:01:24.053] Load DDS texture: SquadExpansion/MakingHistory/Spaces/MEM/pilot Seat
[LOG 18:01:24.066] Load DDS texture: SquadExpansion/MakingHistory/Spaces/MEM/propsGeneric
[LOG 18:01:24.106] Load DDS texture: SquadExpansion/MakingHistory/Spaces/MEM/PROPS_AO
[LOG 18:01:24.126] Load DDS texture: SquadExpansion/MakingHistory/Spaces/MEM/PROPS_EMISSIVE
[LOG 18:01:24.204] Load DDS texture: SquadExpansion/MakingHistory/Spaces/MEM/PROPS_NORMAL
[LOG 18:01:24.317] Load DDS texture: SquadExpansion/MakingHistory/Spaces/Mk2Pod/DIfuse_controlboard
[LOG 18:01:24.359] Load DDS texture: SquadExpansion/MakingHistory/Spaces/Mk2Pod/Normal_controlbard
[LOG 18:01:24.404] Load DDS texture: SquadExpansion/MakingHistory/Spaces/Mk2Pod/Outershell_Base_Color
[LOG 18:01:24.436] Load DDS texture: SquadExpansion/MakingHistory/Spaces/Mk2Pod/Outershell_Normal
[LOG 18:01:24.450] Load DDS texture: SquadExpansion/MakingHistory/Spaces/Mk2Pod/pilot Seat
[LOG 18:01:24.451] Load Cached PNG Texture: SquadExpansion/Serenity/Parts/@thumbs/controller1000_icon
[LOG 18:01:24.462] Load Cached PNG Texture: SquadExpansion/Serenity/Parts/@thumbs/DeployedCentralStation_icon
[LOG 18:01:24.463] Load Cached PNG Texture: SquadExpansion/Serenity/Parts/@thumbs/DeployedGoExOb_icon
[LOG 18:01:24.464] Load Cached PNG Texture: SquadExpansion/Serenity/Parts/@thumbs/DeployedIONExp_icon
[LOG 18:01:24.465] Load Cached PNG Texture: SquadExpansion/Serenity/Parts/@thumbs/DeployedRTG_icon
[LOG 18:01:24.470] Load Cached PNG Texture: SquadExpansion/Serenity/Parts/@thumbs/DeployedSatDish_icon
[LOG 18:01:24.471] Load Cached PNG Texture: SquadExpansion/Serenity/Parts/@thumbs/DeployedSeismicSensor_icon
[LOG 18:01:24.472] Load Cached PNG Texture: SquadExpansion/Serenity/Parts/@thumbs/DeployedSolarPanel_icon
[LOG 18:01:24.473] Load Cached PNG Texture: SquadExpansion/Serenity/Parts/@thumbs/DeployedWeatherStn_icon
[LOG 18:01:24.475] Load Cached PNG Texture: SquadExpansion/Serenity/Parts/@thumbs/FanShroud.01_icon0
[LOG 18:01:24.476] Load Cached PNG Texture: SquadExpansion/Serenity/Parts/@thumbs/FanShroud.01_icon1
[LOG 18:01:24.479] Load Cached PNG Texture: SquadExpansion/Serenity/Parts/@thumbs/FanShroud.02_icon0
[LOG 18:01:24.481] Load Cached PNG Texture: SquadExpansion/Serenity/Parts/@thumbs/FanShroud.02_icon1
[LOG 18:01:24.482] Load Cached PNG Texture: SquadExpansion/Serenity/Parts/@thumbs/hinge.01.s_icon0
[LOG 18:01:24.483] Load Cached PNG Texture: SquadExpansion/Serenity/Parts/@thumbs/hinge.01.s_icon1
[LOG 18:01:24.484] Load Cached PNG Texture: SquadExpansion/Serenity/Parts/@thumbs/hinge.01_icon0
[LOG 18:01:24.492] Load Cached PNG Texture: SquadExpansion/Serenity/Parts/@thumbs/hinge.01_icon1
[LOG 18:01:24.511] Load Cached PNG Texture: SquadExpansion/Serenity/Parts/@thumbs/hinge.03.s_icon0
[LOG 18:01:24.513] Load Cached PNG Texture: SquadExpansion/Serenity/Parts/@thumbs/hinge.03.s_icon1
[LOG 18:01:24.514] Load Cached PNG Texture: SquadExpansion/Serenity/Parts/@thumbs/hinge.03_icon0
[LOG 18:01:24.523] Load Cached PNG Texture: SquadExpansion/Serenity/Parts/@thumbs/hinge.03_icon1
[LOG 18:01:24.525] Load Cached PNG Texture: SquadExpansion/Serenity/Parts/@thumbs/largeFanBlade_icon0
[LOG 18:01:24.526] Load Cached PNG Texture: SquadExpansion/Serenity/Parts/@thumbs/largeFanBlade_icon1
[LOG 18:01:24.527] Load Cached PNG Texture: SquadExpansion/Serenity/Parts/@thumbs/largePropeller_icon0
[LOG 18:01:24.536] Load Cached PNG Texture: SquadExpansion/Serenity/Parts/@thumbs/largePropeller_icon1
[LOG 18:01:24.537] Load Cached PNG Texture: SquadExpansion/Serenity/Parts/@thumbs/lGripPad_icon0
[LOG 18:01:24.538] Load Cached PNG Texture: SquadExpansion/Serenity/Parts/@thumbs/lGripPad_icon1
[LOG 18:01:24.539] Load Cached PNG Texture: SquadExpansion/Serenity/Parts/@thumbs/lGripStrip_icon
[LOG 18:01:24.540] Load Cached PNG Texture: SquadExpansion/Serenity/Parts/@thumbs/mediumFanBlade_icon0
[LOG 18:01:24.541] Load Cached PNG Texture: SquadExpansion/Serenity/Parts/@thumbs/mediumFanBlade_icon1
[LOG 18:01:24.546] Load Cached PNG Texture: SquadExpansion/Serenity/Parts/@thumbs/mediumPropeller_icon0
[LOG 18:01:24.547] Load Cached PNG Texture: SquadExpansion/Serenity/Parts/@thumbs/mediumPropeller_icon1
[LOG 18:01:24.548] Load Cached PNG Texture: SquadExpansion/Serenity/Parts/@thumbs/mGripPad_icon0
[LOG 18:01:24.555] Load Cached PNG Texture: SquadExpansion/Serenity/Parts/@thumbs/mGripPad_icon1
[LOG 18:01:24.556] Load Cached PNG Texture: SquadExpansion/Serenity/Parts/@thumbs/noseconeTiny_icon
[LOG 18:01:24.558] Load Cached PNG Texture: SquadExpansion/Serenity/Parts/@thumbs/noseconeVS_icon
[LOG 18:01:24.559] Load Cached PNG Texture: SquadExpansion/Serenity/Parts/@thumbs/piston.01_icon0
[LOG 18:01:24.560] Load Cached PNG Texture: SquadExpansion/Serenity/Parts/@thumbs/piston.01_icon1
[LOG 18:01:24.561] Load Cached PNG Texture: SquadExpansion/Serenity/Parts/@thumbs/piston.02_icon0
[LOG 18:01:24.562] Load Cached PNG Texture: SquadExpansion/Serenity/Parts/@thumbs/piston.02_icon1
[LOG 18:01:24.563] Load Cached PNG Texture: SquadExpansion/Serenity/Parts/@thumbs/piston.03_icon0
[LOG 18:01:24.564] Load Cached PNG Texture: SquadExpansion/Serenity/Parts/@thumbs/piston.03_icon1
[LOG 18:01:24.565] Load Cached PNG Texture: SquadExpansion/Serenity/Parts/@thumbs/piston.04_icon0
[LOG 18:01:24.566] Load Cached PNG Texture: SquadExpansion/Serenity/Parts/@thumbs/piston.04_icon1
[LOG 18:01:24.567] Load Cached PNG Texture: SquadExpansion/Serenity/Parts/@thumbs/RobotArmScanner.S1_icon
[LOG 18:01:24.568] Load Cached PNG Texture: SquadExpansion/Serenity/Parts/@thumbs/RobotArmScanner.S2_icon
[LOG 18:01:24.569] Load Cached PNG Texture: SquadExpansion/Serenity/Parts/@thumbs/RobotArmScanner.S3_icon
[LOG 18:01:24.574] Load Cached PNG Texture: SquadExpansion/Serenity/Parts/@thumbs/rotor.01s_icon0
[LOG 18:01:24.575] Load Cached PNG Texture: SquadExpansion/Serenity/Parts/@thumbs/rotor.01s_icon1
[LOG 18:01:24.576] Load Cached PNG Texture: SquadExpansion/Serenity/Parts/@thumbs/rotor.01_icon0
[LOG 18:01:24.577] Load Cached PNG Texture: SquadExpansion/Serenity/Parts/@thumbs/rotor.01_icon1
[LOG 18:01:24.577] Load Cached PNG Texture: SquadExpansion/Serenity/Parts/@thumbs/rotor.02s_icon0
[LOG 18:01:24.578] Load Cached PNG Texture: SquadExpansion/Serenity/Parts/@thumbs/rotor.02s_icon1
[LOG 18:01:24.579] Load Cached PNG Texture: SquadExpansion/Serenity/Parts/@thumbs/rotor.02_icon0
[LOG 18:01:24.580] Load Cached PNG Texture: SquadExpansion/Serenity/Parts/@thumbs/rotor.02_icon1
[LOG 18:01:24.581] Load Cached PNG Texture: SquadExpansion/Serenity/Parts/@thumbs/RotorEngine.02_icon
[LOG 18:01:24.582] Load Cached PNG Texture: SquadExpansion/Serenity/Parts/@thumbs/rotoServo.00_icon0
[LOG 18:01:24.583] Load Cached PNG Texture: SquadExpansion/Serenity/Parts/@thumbs/rotoServo.00_icon1
[LOG 18:01:24.584] Load Cached PNG Texture: SquadExpansion/Serenity/Parts/@thumbs/rotoServo.02_icon0
[LOG 18:01:24.595] Load Cached PNG Texture: SquadExpansion/Serenity/Parts/@thumbs/rotoServo.02_icon1
[LOG 18:01:24.597] Load Cached PNG Texture: SquadExpansion/Serenity/Parts/@thumbs/rotoServo.03_icon0
[LOG 18:01:24.598] Load Cached PNG Texture: SquadExpansion/Serenity/Parts/@thumbs/rotoServo.03_icon1
[LOG 18:01:24.599] Load Cached PNG Texture: SquadExpansion/Serenity/Parts/@thumbs/sGripPad_icon0
[LOG 18:01:24.599] Load Cached PNG Texture: SquadExpansion/Serenity/Parts/@thumbs/sGripPad_icon1
[LOG 18:01:24.600] Load Cached PNG Texture: SquadExpansion/Serenity/Parts/@thumbs/sGripStrip_icon
[LOG 18:01:24.601] Load Cached PNG Texture: SquadExpansion/Serenity/Parts/@thumbs/smallFanBlade_icon0
[LOG 18:01:24.603] Load Cached PNG Texture: SquadExpansion/Serenity/Parts/@thumbs/smallFanBlade_icon1
[LOG 18:01:24.604] Load Cached PNG Texture: SquadExpansion/Serenity/Parts/@thumbs/smallHeliBlade_icon0
[LOG 18:01:24.605] Load Cached PNG Texture: SquadExpansion/Serenity/Parts/@thumbs/smallHeliBlade_icon1
[LOG 18:01:24.606] Load Cached PNG Texture: SquadExpansion/Serenity/Parts/@thumbs/smallPropeller_icon0
[LOG 18:01:24.607] Load Cached PNG Texture: SquadExpansion/Serenity/Parts/@thumbs/smallPropeller_icon1
[LOG 18:01:24.621] Load DDS texture: SquadExpansion/Serenity/Parts/Aero/Assets/copterBlades_diffuse
[LOG 18:01:24.632] Load DDS texture: SquadExpansion/Serenity/Parts/Aero/Assets/shroudsDiffuse_color
[LOG 18:01:24.634] Load DDS texture: SquadExpansion/Serenity/Parts/Aero/Assets/shroudsDiffuse_plain
[LOG 18:01:24.635] Load Cached PNG Texture: SquadExpansion/Serenity/Parts/DeployedScience/MockupTexture
[LOG 18:01:24.650] Load DDS texture: SquadExpansion/Serenity/Parts/DeployedScience/Assets/centralStation_diffuse
[LOG 18:01:24.803] Load DDS texture: SquadExpansion/Serenity/Parts/DeployedScience/Assets/centralStation_emissive
[LOG 18:01:24.833] Load DDS texture: SquadExpansion/Serenity/Parts/DeployedScience/Assets/GenericParts_diffuse
[LOG 18:01:24.844] Load DDS texture: SquadExpansion/Serenity/Parts/DeployedScience/Assets/GenericParts_emissive
[LOG 18:01:24.849] Load DDS texture: SquadExpansion/Serenity/Parts/DeployedScience/Assets/GenericParts_normal
[LOG 18:01:24.883] Load DDS texture: SquadExpansion/Serenity/Parts/DeployedScience/Assets/goex_diffuse
[LOG 18:01:24.913] Load DDS texture: SquadExpansion/Serenity/Parts/DeployedScience/Assets/goex_specMapped
[LOG 18:01:24.927] Load DDS texture: SquadExpansion/Serenity/Parts/DeployedScience/Assets/Grid
[LOG 18:01:24.948] Load DDS texture: SquadExpansion/Serenity/Parts/DeployedScience/Assets/IonExperiment_diffuse
[LOG 18:01:24.967] Load DDS texture: SquadExpansion/Serenity/Parts/DeployedScience/Assets/RTGCask_diffuse
[LOG 18:01:24.975] Load DDS texture: SquadExpansion/Serenity/Parts/DeployedScience/Assets/satDish_diffuse
[LOG 18:01:24.984] Load Cached PNG Texture: SquadExpansion/Serenity/Parts/DeployedScience/Assets/Scratch
[LOG 18:01:24.984] Load DDS texture: SquadExpansion/Serenity/Parts/DeployedScience/Assets/Screen2
[LOG 18:01:24.990] Load DDS texture: SquadExpansion/Serenity/Parts/DeployedScience/Assets/Screen3
[LOG 18:01:24.992] Load DDS texture: SquadExpansion/Serenity/Parts/DeployedScience/Assets/ScreenReadout
[LOG 18:01:25.006] Load DDS texture: SquadExpansion/Serenity/Parts/DeployedScience/Assets/seismicSensor_diffuse
[LOG 18:01:25.014] Load DDS texture: SquadExpansion/Serenity/Parts/DeployedScience/Assets/seismicSensor_nrm
[LOG 18:01:25.021] Load DDS texture: SquadExpansion/Serenity/Parts/DeployedScience/Assets/seismicSensor_specularMapped
[LOG 18:01:25.035] Load DDS texture: SquadExpansion/Serenity/Parts/DeployedScience/Assets/SolarGraph
[LOG 18:01:25.053] Load DDS texture: SquadExpansion/Serenity/Parts/DeployedScience/Assets/solarPanel_diffuse
[LOG 18:01:25.057] Load DDS texture: SquadExpansion/Serenity/Parts/DeployedScience/Assets/Waveleght3
[LOG 18:01:25.057] Load DDS texture: SquadExpansion/Serenity/Parts/DeployedScience/Assets/Wavelenght
[LOG 18:01:25.070] Load DDS texture: SquadExpansion/Serenity/Parts/DeployedScience/Assets/Wavelenght2
[LOG 18:01:25.071] Load DDS texture: SquadExpansion/Serenity/Parts/DeployedScience/Assets/wavelenght4
[LOG 18:01:25.083] Load DDS texture: SquadExpansion/Serenity/Parts/DeployedScience/Assets/wavelenght5
[LOG 18:01:25.242] Load DDS texture: SquadExpansion/Serenity/Parts/DeployedScience/Assets/WeatherStation [Normal]
[LOG 18:01:25.298] Load DDS texture: SquadExpansion/Serenity/Parts/DeployedScience/Assets/Weather_Station_diffuse
[LOG 18:01:25.347] Load DDS texture: SquadExpansion/Serenity/Parts/DeployedScience/Assets/Weather_Station_normal
[LOG 18:01:25.361] Load DDS texture: SquadExpansion/Serenity/Parts/Propellers/Assets/blade_diffuse
[LOG 18:01:25.365] Load DDS texture: SquadExpansion/Serenity/Parts/Propellers/Assets/copterBlades_diffuse
[LOG 18:01:25.373] Load DDS texture: SquadExpansion/Serenity/Parts/Propellers/Assets/fan_diffuse
[LOG 18:01:25.384] Load DDS texture: SquadExpansion/Serenity/Parts/Robotics/Assets/hinges-03-s_diffuse_Color
[LOG 18:01:25.401] Load DDS texture: SquadExpansion/Serenity/Parts/Robotics/Assets/hinges-03_diffuse_color
[LOG 18:01:25.407] Load DDS texture: SquadExpansion/Serenity/Parts/Robotics/Assets/hinges-03_diffuse_plain
[LOG 18:01:25.425] Load DDS texture: SquadExpansion/Serenity/Parts/Robotics/Assets/hinges_diffuse
[LOG 18:01:25.430] Load DDS texture: SquadExpansion/Serenity/Parts/Robotics/Assets/Hinge_diffuse_G-00_Color
[LOG 18:01:25.432] Load DDS texture: SquadExpansion/Serenity/Parts/Robotics/Assets/Hinge_diffuse_G-11_Color
[LOG 18:01:25.434] Load DDS texture: SquadExpansion/Serenity/Parts/Robotics/Assets/Hinge_diffuse_G-11_plain
[LOG 18:01:25.435] Load DDS texture: SquadExpansion/Serenity/Parts/Robotics/Assets/Hinge_normal
[LOG 18:01:25.437] Load DDS texture: SquadExpansion/Serenity/Parts/Robotics/Assets/RotorEngine_02_diffuse
[LOG 18:01:25.460] Load DDS texture: SquadExpansion/Serenity/Parts/Robotics/Assets/RotorEngine_03_diffuse
[LOG 18:01:25.469] Load DDS texture: SquadExpansion/Serenity/Parts/Robotics/Assets/RotorEngine_03_normal
[LOG 18:01:25.486] Load DDS texture: SquadExpansion/Serenity/Parts/Robotics/Assets/Rotor_01_diffuse_color
[LOG 18:01:25.490] Load DDS texture: SquadExpansion/Serenity/Parts/Robotics/Assets/Rotor_01_diffuse_plain
[LOG 18:01:25.494] Load DDS texture: SquadExpansion/Serenity/Parts/Robotics/Assets/Rotor_01_normal
[LOG 18:01:25.504] Load DDS texture: SquadExpansion/Serenity/Parts/Robotics/Assets/Rotor_01_specular_D
[LOG 18:01:25.507] Load DDS texture: SquadExpansion/Serenity/Parts/Robotics/Assets/Rotor_02_diffuse_color
[LOG 18:01:25.526] Load DDS texture: SquadExpansion/Serenity/Parts/Robotics/Assets/Rotor_03_diffuse_color
[LOG 18:01:25.535] Load DDS texture: SquadExpansion/Serenity/Parts/Robotics/Assets/Rotor_03_diffuse_plain
[LOG 18:01:25.542] Load DDS texture: SquadExpansion/Serenity/Parts/Robotics/Assets/Rotor_03_normal
[LOG 18:01:25.550] Load DDS texture: SquadExpansion/Serenity/Parts/Robotics/Assets/rotoServos_diffuse_color
[LOG 18:01:25.559] Load DDS texture: SquadExpansion/Serenity/Parts/Robotics/Assets/rotoServos_diffuse_plain
[LOG 18:01:25.566] Load DDS texture: SquadExpansion/Serenity/Parts/Robotics/Assets/rotoServos_nrm
[LOG 18:01:25.584] Load DDS texture: SquadExpansion/Serenity/Parts/Robotics/Controllers/roboController_diffuse
[LOG 18:01:25.585] Load DDS texture: SquadExpansion/Serenity/Parts/Robotics/Controllers/roboController_emissive
[LOG 18:01:25.587] Load Cached PNG Texture: SquadExpansion/Serenity/Parts/Science/RobotArmScanner/Assets/DrillBits
[LOG 18:01:25.589] Load DDS texture: SquadExpansion/Serenity/Parts/Science/RobotArmScanner/Assets/DustParticle
[WRN 18:01:25.589] Duplicate PNG texture 'SquadExpansion/Serenity/Parts/Science/RobotArmScanner/Assets/DustParticle' with extension 'png' won't be loaded
[LOG 18:01:25.636] Load DDS texture: SquadExpansion/Serenity/Parts/Science/RobotArmScanner/Assets/GenericParts_diffuse
[LOG 18:01:25.687] Load DDS texture: SquadExpansion/Serenity/Parts/Science/RobotArmScanner/Assets/GenericParts_normal
[LOG 18:01:25.719] Load DDS texture: SquadExpansion/Serenity/Parts/Science/RobotArmScanner/Assets/ROCArm3_diffuse
[LOG 18:01:25.750] Load DDS texture: SquadExpansion/Serenity/Parts/Science/RobotArmScanner/Assets/ROCArm3_normal
[LOG 18:01:25.782] Load DDS texture: SquadExpansion/Serenity/Parts/Science/RobotArmScanner/Assets/ROCArm_2_diffuse
[LOG 18:01:25.795] Load DDS texture: SquadExpansion/Serenity/Parts/Science/RobotArmScanner/Assets/ROCArm_2_normal
[LOG 18:01:25.814] Load Cached PNG Texture: SquadExpansion/Serenity/Parts/Science/RobotArmScanner/Assets/Scratch
[LOG 18:01:25.835] Load DDS texture: SquadExpansion/Serenity/Parts/Science/RobotArmScanner/Assets/SmallArm_diffuse
[LOG 18:01:25.844] Load DDS texture: SquadExpansion/Serenity/Parts/Science/RobotArmScanner/Assets/SmallArm_normal
[LOG 18:01:25.852] Load DDS texture: SquadExpansion/Serenity/Parts/Structural/gripPads/Assets/gripPads_diffuse
[LOG 18:01:25.860] Load DDS texture: SquadExpansion/Serenity/Parts/Structural/gripPads/Assets/gripPads_nrm
[LOG 18:01:25.861] Load Cached PNG Texture: SquadExpansion/Serenity/Ships/@thumbs/SPH/Arrow-E
[LOG 18:01:25.862] Load Cached PNG Texture: SquadExpansion/Serenity/Ships/@thumbs/SPH/Butterfly Rover
[LOG 18:01:25.864] Load Cached PNG Texture: SquadExpansion/Serenity/Ships/@thumbs/SPH/Jeb_s Quadtaxi
[LOG 18:01:25.865] Load Cached PNG Texture: SquadExpansion/Serenity/Ships/@thumbs/SPH/Kerbodyne Rotodyne
[LOG 18:01:25.866] Load Cached PNG Texture: SquadExpansion/Serenity/Ships/@thumbs/SPH/Seahawk
[LOG 18:01:25.867] Load Cached PNG Texture: SquadExpansion/Serenity/Ships/@thumbs/SPH/Val-Thopter
[LOG 18:01:25.883] Load MU model: Squad/FX/afterburner_flame
[LOG 18:01:25.930] Load MU model: Squad/FX/afterburner_shock
[LOG 18:01:25.931] Load MU model: Squad/FX/diamondBlue
[LOG 18:01:25.932] Load MU model: Squad/FX/exhaustFlames_blue
[LOG 18:01:26.408] Load MU model: Squad/FX/hydroLOXFlame
[LOG 18:01:26.409] Load MU model: Squad/FX/IonPlume
[LOG 18:01:26.410] Load MU model: Squad/FX/ks1_Exhaust
[LOG 18:01:26.410] Load MU model: Squad/FX/ks25_Exhaust
[LOG 18:01:26.410] Load MU model: Squad/FX/ksX_Exhaust
[LOG 18:01:26.411] Load MU model: Squad/FX/LES_Thruster
[LOG 18:01:26.411] Load MU model: Squad/FX/Monoprop_big
[LOG 18:01:26.411] Load MU model: Squad/FX/Monoprop_medium
[LOG 18:01:26.412] Load MU model: Squad/FX/Monoprop_small
[LOG 18:01:26.412] Load MU model: Squad/FX/shockExhaust_blue
[LOG 18:01:26.412] Load MU model: Squad/FX/shockExhaust_blue_small
[LOG 18:01:26.413] Load MU model: Squad/FX/shockExhaust_red_small
[LOG 18:01:26.413] Load MU model: Squad/FX/SRB_Large
[LOG 18:01:26.413] Load MU model: Squad/FX/SRB_LargeSparks
[LOG 18:01:26.414] Load MU model: Squad/Parts/Aero/aerodynamicNoseCone/aerodynamicNoseCone
[LOG 18:01:26.463] Load MU model: Squad/Parts/Aero/airbrake/Airbrake
[LOG 18:01:26.500] Load MU model: Squad/Parts/Aero/airIntakeRadialXM-G50/RadialIntake
[LOG 18:01:26.501] Load MU model: Squad/Parts/Aero/airlinerWings/ControlSurface
[LOG 18:01:26.501] Load MU model: Squad/Parts/Aero/airlinerWings/MainWing
[LOG 18:01:26.501] Load MU model: Squad/Parts/Aero/airlinerWings/TailFin
[LOG 18:01:26.534] Load MU model: Squad/Parts/Aero/airplaneFins/AdvCanard
[LOG 18:01:26.535] Load MU model: Squad/Parts/Aero/airplaneFins/Canard
[LOG 18:01:26.535] Load MU model: Squad/Parts/Aero/airplaneFins/Swept
[LOG 18:01:26.535] Load MU model: Squad/Parts/Aero/airplaneFins/TailFin
[LOG 18:01:26.536] Load MU model: Squad/Parts/Aero/basicFin/basicFin
[LOG 18:01:26.536] Load MU model: Squad/Parts/Aero/circularIntake/CircularIntake
[LOG 18:01:26.729] Load MU model: Squad/Parts/Aero/circularIntake/ConeIntake
[LOG 18:01:26.729] Load MU model: Squad/Parts/Aero/cones/Assets/AvioCone
[LOG 18:01:26.730] Load MU model: Squad/Parts/Aero/cones/Assets/ConeA
[LOG 18:01:26.730] Load MU model: Squad/Parts/Aero/cones/Assets/ConeB
[LOG 18:01:26.731] Load MU model: Squad/Parts/Aero/cones/Assets/NCS
[LOG 18:01:26.731] Load MU model: Squad/Parts/Aero/cones/Assets/orangeNoseCone
[LOG 18:01:26.731] Load MU model: Squad/Parts/Aero/cones/Assets/rocketNoseCone
[LOG 18:01:26.732] Load MU model: Squad/Parts/Aero/cones/Assets/rocketNoseCone_v2
[LOG 18:01:26.732] Load MU model: Squad/Parts/Aero/cones/Assets/rocketNoseCone_v3
[LOG 18:01:26.732] Load MU model: Squad/Parts/Aero/cones/Assets/TailA
[LOG 18:01:26.733] Load MU model: Squad/Parts/Aero/cones/Assets/TailB
[LOG 18:01:26.733] Load MU model: Squad/Parts/Aero/cones/Assets/TinyCone
[LOG 18:01:26.733] Load MU model: Squad/Parts/Aero/fairings/AutoTruss
[LOG 18:01:26.734] Load MU model: Squad/Parts/Aero/fairings/fairingSize1
[LOG 18:01:26.734] Load MU model: Squad/Parts/Aero/fairings/fairingSize2
[LOG 18:01:26.734] Load MU model: Squad/Parts/Aero/fairings/fairingSize3
[LOG 18:01:26.734] Load MU model: Squad/Parts/Aero/HeatShield/HeatShield0
[LOG 18:01:26.735] Load MU model: Squad/Parts/Aero/HeatShield/HeatShield1
[LOG 18:01:26.735] Load MU model: Squad/Parts/Aero/HeatShield/HeatShield2
[LOG 18:01:26.735] Load MU model: Squad/Parts/Aero/HeatShield/HeatShield3
[LOG 18:01:26.736] Load MU model: Squad/Parts/Aero/InflatableHeatShield/HeatShield
[LOG 18:01:26.738] Load MU model: Squad/Parts/Aero/intakeRadialLong/IntakeRadial
[LOG 18:01:26.738] Load MU model: Squad/Parts/Aero/miniIntake/SmallIntake
[LOG 18:01:26.738] Load MU model: Squad/Parts/Aero/ramAirIntake/RampIntake
[LOG 18:01:26.739] Load MU model: Squad/Parts/Aero/shuttleWings/ShuttleDeltaWing
[LOG 18:01:26.739] Load MU model: Squad/Parts/Aero/shuttleWings/ShuttleElevonA
[LOG 18:01:26.739] Load MU model: Squad/Parts/Aero/shuttleWings/ShuttleElevonB
[LOG 18:01:26.739] Load MU model: Squad/Parts/Aero/shuttleWings/ShuttleRudder
[LOG 18:01:26.739] Load MU model: Squad/Parts/Aero/shuttleWings/ShuttleStrake
[LOG 18:01:26.739] Load MU model: Squad/Parts/Aero/wingletAV-R8/model
[LOG 18:01:26.740] Load MU model: Squad/Parts/Aero/wingletAV-T1/model
[LOG 18:01:26.740] Load MU model: Squad/Parts/Aero/wingletDeltaDeluxe/model
[LOG 18:01:26.740] Load MU model: Squad/Parts/Aero/wings/connector1
[LOG 18:01:26.740] Load MU model: Squad/Parts/Aero/wings/connector2
[LOG 18:01:26.741] Load MU model: Squad/Parts/Aero/wings/connector3
[LOG 18:01:26.741] Load MU model: Squad/Parts/Aero/wings/connector4
[LOG 18:01:26.741] Load MU model: Squad/Parts/Aero/wings/connector5
[LOG 18:01:26.741] Load MU model: Squad/Parts/Aero/wings/delta
[LOG 18:01:26.741] Load MU model: Squad/Parts/Aero/wings/delta_small
[LOG 18:01:26.741] Load MU model: Squad/Parts/Aero/wings/elevon1
[LOG 18:01:26.741] Load MU model: Squad/Parts/Aero/wings/elevon2
[LOG 18:01:26.742] Load MU model: Squad/Parts/Aero/wings/elevon3
[LOG 18:01:26.742] Load MU model: Squad/Parts/Aero/wings/elevon4
[LOG 18:01:26.742] Load MU model: Squad/Parts/Aero/wings/elevon5
[LOG 18:01:26.742] Load MU model: Squad/Parts/Aero/wings/strake
[LOG 18:01:26.742] Load MU model: Squad/Parts/Aero/wings/structural1
[LOG 18:01:26.742] Load MU model: Squad/Parts/Aero/wings/structural2
[LOG 18:01:26.742] Load MU model: Squad/Parts/Aero/wings/structural3
[LOG 18:01:26.743] Load MU model: Squad/Parts/Aero/wings/structural4
[LOG 18:01:26.743] Load MU model: Squad/Parts/Aero/wings/swept1
[LOG 18:01:26.743] Load MU model: Squad/Parts/Aero/wings/swept2
[LOG 18:01:26.743] Load MU model: Squad/Parts/Cargo/CargoContainers/cargoContainer
[LOG 18:01:26.743] Load MU model: Squad/Parts/Cargo/CargoContainers/smallCargoContainer
[LOG 18:01:26.744] Load MU model: Squad/Parts/Cargo/Cylinder/EVAcylinder
[LOG 18:01:26.749] Load MU model: Squad/Parts/Cargo/GroundAnchor/groundAnchor
[LOG 18:01:26.766] Load MU model: Squad/Parts/Cargo/Jetpack/Jetpack
[LOG 18:01:26.792] Load MU model: Squad/Parts/Cargo/Parachute/Parachute
[LOG 18:01:26.800] Load MU model: Squad/Parts/Cargo/RepairKit/RepairKit
[LOG 18:01:26.861] Load MU model: Squad/Parts/Cargo/ScienceKit/ExperimentKit
[LOG 18:01:26.862] Load MU model: Squad/Parts/Cargo/StorageUnits/Assets/CargoStorageUnit
[LOG 18:01:26.863] Load MU model: Squad/Parts/Cargo/StorageUnits/Assets/ConformalStorageUnit
[LOG 18:01:26.887] Load MU model: Squad/Parts/Command/advancedSasModuleLarge/model
[LOG 18:01:26.912] Load MU model: Squad/Parts/Command/cupola/model
[LOG 18:01:26.914] Load MU model: Squad/Parts/Command/externalCommandSeat/model
[LOG 18:01:26.934] Load MU model: Squad/Parts/Command/hitchhikerStorageContainer/model
[LOG 18:01:26.934] Load MU model: Squad/Parts/Command/inlineAdvancedStabilizer/model
[LOG 18:01:26.938] Load MU model: Squad/Parts/Command/inlineReactionWheel/model
[LOG 18:01:26.955] Load MU model: Squad/Parts/Command/Mk1-3Pod/Mk1-3
[LOG 18:01:26.961] Load MU model: Squad/Parts/Command/mk1Cockpits/Cabin
[LOG 18:01:26.962] Load MU model: Squad/Parts/Command/mk1Cockpits/CockpitInline
[LOG 18:01:27.008] Load MU model: Squad/Parts/Command/mk1Cockpits/CockpitStandard
[LOG 18:01:27.028] Load MU model: Squad/Parts/Command/mk1LanderCan/model
[LOG 18:01:27.028] Load MU model: Squad/Parts/Command/mk1pod_v2/Mk1Pod_v2
[LOG 18:01:27.029] Load MU model: Squad/Parts/Command/mk2CockpitInline/model
[LOG 18:01:27.029] Load MU model: Squad/Parts/Command/mk2CockpitStandard/model
[LOG 18:01:27.029] Load MU model: Squad/Parts/Command/mk2DroneCore/model
[LOG 18:01:27.030] Load MU model: Squad/Parts/Command/mk2LanderCan/model
[LOG 18:01:27.030] Load MU model: Squad/Parts/Command/mk2LanderCan_v2/mk2LanderCan
[LOG 18:01:27.031] Load MU model: Squad/Parts/Command/mk3CockpitShuttle/model
[LOG 18:01:27.039] Load MU model: Squad/Parts/Command/MpoProbe/MpoProbe
[LOG 18:01:27.044] Load MU model: Squad/Parts/Command/MtmStage/MTM_Stage
[LOG 18:01:27.065] Load MU model: Squad/Parts/Command/probeCoreCube/probeCoreCube
[LOG 18:01:27.077] Load MU model: Squad/Parts/Command/probeCoreHex/model
[LOG 18:01:27.102] Load MU model: Squad/Parts/Command/probeCoreHex_v2/model
[LOG 18:01:27.103] Load MU model: Squad/Parts/Command/probeCoreOcto2_v2/probeCoreOcto2_v2
[LOG 18:01:27.139] Load MU model: Squad/Parts/Command/probeCoreOcto_v2/probeCoreOcto_v2
[LOG 18:01:27.160] Load MU model: Squad/Parts/Command/probeRoverBody/model
[LOG 18:01:27.167] Load MU model: Squad/Parts/Command/probeRoverBody_v2/probeRoverBody_v2
[LOG 18:01:27.172] Load MU model: Squad/Parts/Command/probeStackLarge/model
[LOG 18:01:27.200] Load MU model: Squad/Parts/Command/probeStackSmall/model
[LOG 18:01:27.201] Load MU model: Squad/Parts/Command/probeStackSphere_v2/probeStackSphere_v2
[LOG 18:01:27.218] Load MU model: Squad/Parts/CompoundParts/FuelLine/model
[LOG 18:01:27.218] Load MU model: Squad/Parts/CompoundParts/strutConnector/model
[LOG 18:01:27.219] Load MU model: Squad/Parts/Coupling/Assets/Decoupler_0
[LOG 18:01:27.238] Load MU model: Squad/Parts/Coupling/Assets/Decoupler_1
[LOG 18:01:27.249] Load MU model: Squad/Parts/Coupling/Assets/Decoupler_1p5
[LOG 18:01:27.264] Load MU model: Squad/Parts/Coupling/Assets/Decoupler_2
[LOG 18:01:27.280] Load MU model: Squad/Parts/Coupling/Assets/Decoupler_3
[LOG 18:01:27.281] Load MU model: Squad/Parts/Coupling/Assets/Decoupler_4
[LOG 18:01:27.284] Load MU model: Squad/Parts/Coupling/Assets/Separator_0
[LOG 18:01:27.291] Load MU model: Squad/Parts/Coupling/Assets/Separator_1
[LOG 18:01:27.302] Load MU model: Squad/Parts/Coupling/Assets/Separator_1p5
[LOG 18:01:27.303] Load MU model: Squad/Parts/Coupling/Assets/Separator_2
[LOG 18:01:27.303] Load MU model: Squad/Parts/Coupling/Assets/Separator_3
[LOG 18:01:27.305] Load MU model: Squad/Parts/Coupling/Assets/Separator_4
[LOG 18:01:27.324] Load MU model: Squad/Parts/Electrical/10CSolarPanels/assets/OX-10C
[LOG 18:01:27.331] Load MU model: Squad/Parts/Electrical/10CSolarPanels/assets/SP-10C
[LOG 18:01:27.340] Load MU model: Squad/Parts/Electrical/10LSolarPanels/assets/OX-10L
[LOG 18:01:27.355] Load MU model: Squad/Parts/Electrical/10LSolarPanels/assets/SP-10L
[LOG 18:01:27.357] Load MU model: Squad/Parts/Electrical/1x6ShroudSolarPanels/model
[LOG 18:01:27.357] Load MU model: Squad/Parts/Electrical/1x6SolarPanels/model
[LOG 18:01:27.374] Load MU model: Squad/Parts/Electrical/3x2ShroudSolarPanels/model
[LOG 18:01:27.390] Load MU model: Squad/Parts/Electrical/3x2SolarPanels/model
[LOG 18:01:27.390] Load MU model: Squad/Parts/Electrical/gigantorXlSolarArray/model
[LOG 18:01:27.411] Load MU model: Squad/Parts/Electrical/radialFlatSolarPanel/model
[LOG 18:01:27.420] Load MU model: Squad/Parts/Electrical/RTG/model
[LOG 18:01:27.433] Load MU model: Squad/Parts/Electrical/z-100Battery/model
[LOG 18:01:27.434] Load MU model: Squad/Parts/Electrical/z-1kBattery/model
[LOG 18:01:27.437] Load MU model: Squad/Parts/Electrical/z-200Battery/model
[LOG 18:01:27.439] Load MU model: Squad/Parts/Electrical/z-400Battery/model
[LOG 18:01:27.447] Load MU model: Squad/Parts/Electrical/z-4kBattery/model
[LOG 18:01:27.460] Load MU model: Squad/Parts/Engine/ionEngine/model
[LOG 18:01:27.480] Load MU model: Squad/Parts/Engine/jetEngines/turbineInside
[LOG 18:01:27.492] Load MU model: Squad/Parts/Engine/jetEngines/turboFanSize1
[LOG 18:01:27.511] Load MU model: Squad/Parts/Engine/jetEngines/turboFanSize2
[LOG 18:01:27.513] Load MU model: Squad/Parts/Engine/jetEngines/turboJet
[LOG 18:01:27.532] Load MU model: Squad/Parts/Engine/jetEngines/turboRamJet
[LOG 18:01:27.549] Load MU model: Squad/Parts/Engine/liquidEngine24-77/model
[LOG 18:01:27.550] Load MU model: Squad/Parts/Engine/liquidEngine24-77_v2/Twitch_v2
[LOG 18:01:27.553] Load MU model: Squad/Parts/Engine/liquidEngine48-7S_v2/SparkV2
[LOG 18:01:27.571] Load MU model: Squad/Parts/Engine/liquidEngineAerospike/AeroSpike
[LOG 18:01:27.572] Load MU model: Squad/Parts/Engine/liquidEngineLV-1_v2/Assets/Ant
[LOG 18:01:27.599] Load MU model: Squad/Parts/Engine/liquidEngineLV-1_v2/Assets/Spider
[LOG 18:01:27.621] Load MU model: Squad/Parts/Engine/liquidEngineLV-909_v2/TerrierV2
[LOG 18:01:27.636] Load MU model: Squad/Parts/Engine/liquidEngineLV-N/model
[LOG 18:01:27.637] Load MU model: Squad/Parts/Engine/liquidEngineLV-T30/model
[LOG 18:01:27.664] Load MU model: Squad/Parts/Engine/liquidEngineLV-T30_v2/Reliant_v2
[LOG 18:01:27.688] Load MU model: Squad/Parts/Engine/liquidEngineLV-T45/model
[LOG 18:01:27.709] Load MU model: Squad/Parts/Engine/liquidEngineLV-T45_v2/Swivel_v2
[LOG 18:01:27.731] Load MU model: Squad/Parts/Engine/liquidEngineMainsail_v2/liquidEngineMainsail_v2
[LOG 18:01:27.742] Load MU model: Squad/Parts/Engine/liquidEngineMk55/Thud
[LOG 18:01:27.785] Load MU model: Squad/Parts/Engine/liquidEnginePoodle_v2/LqdEnginePoodle_v2
[LOG 18:01:27.797] Load MU model: Squad/Parts/Engine/liquidEngineSkipper_v2/skipper_v2
[LOG 18:01:27.816] Load MU model: Squad/Parts/Engine/liquidEngineSSME/SSME
[LOG 18:01:27.834] Load MU model: Squad/Parts/Engine/MassiveSRB/MassiveSRB
[LOG 18:01:27.853] Load MU model: Squad/Parts/Engine/miniJet/SmallJet
[LOG 18:01:27.854] Load MU model: Squad/Parts/Engine/OMSEngine/Puff_v2
[LOG 18:01:27.868] Load MU model: Squad/Parts/Engine/rapierEngine/rapier
[LOG 18:01:27.903] Load MU model: Squad/Parts/Engine/Size1_SRBs/SRB10
[LOG 18:01:27.930] Load MU model: Squad/Parts/Engine/Size1_SRBs/SRB5
[LOG 18:01:27.950] Load MU model: Squad/Parts/Engine/Size2LFB/Size2LFB
[LOG 18:01:27.974] Load MU model: Squad/Parts/Engine/Size2LFB_v2/Size2LFB_v2
[LOG 18:01:27.995] Load MU model: Squad/Parts/Engine/Size3AdvancedEngine/Size3AdvancedEngine
[LOG 18:01:28.006] Load MU model: Squad/Parts/Engine/Size3EngineCluster/Size3EngineCluster
[LOG 18:01:28.022] Load MU model: Squad/Parts/Engine/solidBoosterBACC/model
[LOG 18:01:28.035] Load MU model: Squad/Parts/Engine/solidBoosterS2-17/solidBoosterS2-17
[LOG 18:01:28.047] Load MU model: Squad/Parts/Engine/solidBoosterS2-33/solidBoosterS2-33
[LOG 18:01:28.048] Load MU model: Squad/Parts/Engine/solidBoosterSep/model
[LOG 18:01:28.048] Load MU model: Squad/Parts/Engine/SolidBoostersF/Assets/SolidBoosterF3S0
[LOG 18:01:28.049] Load MU model: Squad/Parts/Engine/SolidBoostersF/Assets/SolidBoosterFM1
[LOG 18:01:28.049] Load MU model: Squad/Parts/FuelTank/adapterTanks/Mk3-Mk2
[LOG 18:01:28.050] Load MU model: Squad/Parts/FuelTank/adapterTanks/Mk3-Size2
[LOG 18:01:28.050] Load MU model: Squad/Parts/FuelTank/adapterTanks/Mk3-Size2Slant
[LOG 18:01:28.051] Load MU model: Squad/Parts/FuelTank/adapterTanks/ShuttleAdapter
[LOG 18:01:28.051] Load MU model: Squad/Parts/FuelTank/adapterTanks/Size2-Mk2
[LOG 18:01:28.052] Load MU model: Squad/Parts/FuelTank/adapterTanks/Size2-Size1
[LOG 18:01:28.052] Load MU model: Squad/Parts/FuelTank/adapterTanks/Size2-Size1Slant
[LOG 18:01:28.054] Load MU model: Squad/Parts/FuelTank/adapterTanks/Size3-Mk3
[LOG 18:01:28.057] Load MU model: Squad/Parts/FuelTank/drainTankFTE-1/fuelValve
[LOG 18:01:28.072] Load MU model: Squad/Parts/FuelTank/FoilTanks/RadialTank_Capsule
[LOG 18:01:28.082] Load MU model: Squad/Parts/FuelTank/FoilTanks/RadialTank_Round
[LOG 18:01:28.086] Load MU model: Squad/Parts/FuelTank/FoilTanks/ToroidTank
[LOG 18:01:28.102] Load MU model: Squad/Parts/FuelTank/fuelTankOscarB/model
[LOG 18:01:28.123] Load MU model: Squad/Parts/FuelTank/miniFuselage/Fuselage
[LOG 18:01:28.124] Load MU model: Squad/Parts/FuelTank/mk2Adapters/bicoupler
[LOG 18:01:28.131] Load MU model: Squad/Parts/FuelTank/mk2Adapters/long
[LOG 18:01:28.143] Load MU model: Squad/Parts/FuelTank/mk2Adapters/standard
[LOG 18:01:28.156] Load MU model: Squad/Parts/FuelTank/mk2FuselageLong/FuselageLongLFO
[LOG 18:01:28.165] Load MU model: Squad/Parts/FuelTank/mk2FuselageLong/FuselageLongLiquid
[LOG 18:01:28.168] Load MU model: Squad/Parts/FuelTank/mk2FuselageShort/FuselageShortLFO
[LOG 18:01:28.174] Load MU model: Squad/Parts/FuelTank/mk2FuselageShort/FuselageShortLiquid
[LOG 18:01:28.184] Load MU model: Squad/Parts/FuelTank/mk2FuselageShort/FuselageShortMono
[LOG 18:01:28.196] Load MU model: Squad/Parts/FuelTank/mk3Fuselage/CREW
[LOG 18:01:28.213] Load MU model: Squad/Parts/FuelTank/mk3Fuselage/LFO_100
[LOG 18:01:28.215] Load MU model: Squad/Parts/FuelTank/mk3Fuselage/LFO_25
[LOG 18:01:28.222] Load MU model: Squad/Parts/FuelTank/mk3Fuselage/LFO_50
[LOG 18:01:28.230] Load MU model: Squad/Parts/FuelTank/mk3Fuselage/LF_100
[LOG 18:01:28.239] Load MU model: Squad/Parts/FuelTank/mk3Fuselage/LF_25
[LOG 18:01:28.253] Load MU model: Squad/Parts/FuelTank/mk3Fuselage/LF_50
[LOG 18:01:28.267] Load MU model: Squad/Parts/FuelTank/mk3Fuselage/MONO
[LOG 18:01:28.324] Load MU model: Squad/Parts/FuelTank/RCSFuelTankR1/RCSFuelTankR1_01
[LOG 18:01:28.338] Load MU model: Squad/Parts/FuelTank/RCSFuelTankR10/model
[LOG 18:01:28.345] Load MU model: Squad/Parts/FuelTank/RCSFuelTankR25/RCSFuelTankR25
[LOG 18:01:28.345] Load MU model: Squad/Parts/FuelTank/RCSTankRadial/model
[LOG 18:01:28.346] Load MU model: Squad/Parts/FuelTank/RCStankRadialLong/model
[LOG 18:01:28.359] Load MU model: Squad/Parts/FuelTank/RockomaxTanks/Assets/Rockomax16
[LOG 18:01:28.367] Load MU model: Squad/Parts/FuelTank/RockomaxTanks/Assets/Rockomax32
[LOG 18:01:28.384] Load MU model: Squad/Parts/FuelTank/RockomaxTanks/Assets/Rockomax64
[LOG 18:01:28.389] Load MU model: Squad/Parts/FuelTank/RockomaxTanks/Assets/Rockomax8
[LOG 18:01:28.390] Load MU model: Squad/Parts/FuelTank/Size1_Tanks/Size1Tank_01
[LOG 18:01:28.393] Load MU model: Squad/Parts/FuelTank/Size1_Tanks/Size1Tank_02
[LOG 18:01:28.396] Load MU model: Squad/Parts/FuelTank/Size1_Tanks/Size1Tank_03
[LOG 18:01:28.397] Load MU model: Squad/Parts/FuelTank/Size1_Tanks/Size1Tank_04
[LOG 18:01:28.417] Load MU model: Squad/Parts/FuelTank/Size3Tanks/Size3LargeTank
[LOG 18:01:28.417] Load MU model: Squad/Parts/FuelTank/Size3Tanks/Size3MediumTank
[LOG 18:01:28.418] Load MU model: Squad/Parts/FuelTank/Size3Tanks/Size3SmallTank
[LOG 18:01:28.431] Load MU model: Squad/Parts/FuelTank/xenonTank/model
[LOG 18:01:28.453] Load MU model: Squad/Parts/FuelTank/xenonTankLarge/model
[LOG 18:01:28.453] Load MU model: Squad/Parts/FuelTank/xenonTankRadial/model
[LOG 18:01:28.454] Load MU model: Squad/Parts/Misc/AsteroidDay/CamSat
[LOG 18:01:28.454] Load MU model: Squad/Parts/Misc/AsteroidDay/HECS2
[LOG 18:01:28.455] Load MU model: Squad/Parts/Misc/AsteroidDay/HighGainAntenna
[LOG 18:01:28.471] Load MU model: Squad/Parts/Misc/AsteroidDay/LgRadialSolar
[LOG 18:01:28.486] Load MU model: Squad/Parts/Misc/PotatoComet/Cube
[LOG 18:01:28.487] Load MU model: Squad/Parts/Misc/PotatoRoid/Cube
[LOG 18:01:28.489] Load MU model: Squad/Parts/Resources/FuelCell/FuelCell
[LOG 18:01:28.496] Load MU model: Squad/Parts/Resources/FuelCell/FuelCellArray
[LOG 18:01:28.517] Load MU model: Squad/Parts/Resources/ISRU/ISRU
[LOG 18:01:28.519] Load MU model: Squad/Parts/Resources/LargeTank/LargeTank
[LOG 18:01:28.519] Load MU model: Squad/Parts/Resources/MiniDrill/MiniDrill
[LOG 18:01:28.534] Load MU model: Squad/Parts/Resources/MiniISRU/MiniISRU
[LOG 18:01:28.539] Load MU model: Squad/Parts/Resources/OrbitalScanner/OrbitalScanner
[LOG 18:01:28.559] Load MU model: Squad/Parts/Resources/RadialDrill/TriBitDrill
[LOG 18:01:28.565] Load MU model: Squad/Parts/Resources/RadialTank/RadialOreTank
[LOG 18:01:28.578] Load MU model: Squad/Parts/Resources/SmallTank/SmallTank
[LOG 18:01:28.578] Load MU model: Squad/Parts/Resources/SurfaceScanner/SurfaceScanner
[LOG 18:01:28.595] Load MU model: Squad/Parts/Resources/SurveyScanner/SurveyScanner
[LOG 18:01:28.610] Load MU model: Squad/Parts/Science/AtmosphereSensor/model
[LOG 18:01:28.624] Load MU model: Squad/Parts/Science/GooExperiment/GooExperiment
[LOG 18:01:28.633] Load MU model: Squad/Parts/Science/LargeCrewedLab/large_crewed_lab
[LOG 18:01:28.649] Load MU model: Squad/Parts/Science/Magnetometer/Magnetometer
[LOG 18:01:28.669] Load MU model: Squad/Parts/Science/MaterialBay/science_module_small
[LOG 18:01:28.680] Load MU model: Squad/Parts/Science/ScienceBox/ScienceBox
[LOG 18:01:28.695] Load MU model: Squad/Parts/Science/sensorAccelerometer/model
[LOG 18:01:28.707] Load MU model: Squad/Parts/Science/sensorBarometer/model
[LOG 18:01:28.707] Load MU model: Squad/Parts/Science/sensorGravimeter/model
[LOG 18:01:28.722] Load MU model: Squad/Parts/Science/sensorThermometer/model
[LOG 18:01:28.723] Load MU model: Squad/Parts/Structural/FLAdapters/Assets/adapterSmallMiniShort_v2
[LOG 18:01:28.727] Load MU model: Squad/Parts/Structural/FLAdapters/Assets/adapterSmallMiniTall_v2
[LOG 18:01:28.749] Load MU model: Squad/Parts/Structural/mk1Parts/Fuselage
[LOG 18:01:28.751] Load MU model: Squad/Parts/Structural/mk1Parts/IntakeFuselage
[LOG 18:01:28.751] Load MU model: Squad/Parts/Structural/mk1Parts/Nacelle1
[LOG 18:01:28.770] Load MU model: Squad/Parts/Structural/mk1Parts/Nacelle2
[LOG 18:01:28.777] Load MU model: Squad/Parts/Structural/mk1Parts/Structural
[LOG 18:01:28.781] Load MU model: Squad/Parts/Structural/mk1Parts/StructuralHollow
[LOG 18:01:28.782] Load MU model: Squad/Parts/Structural/Size3To2Adapter_v2/Size2to3_v2
[LOG 18:01:28.790] Load MU model: Squad/Parts/Structural/stackAdapters/Assets/adapterLargeSmallBi
[LOG 18:01:28.807] Load MU model: Squad/Parts/Structural/stackAdapters/Assets/adapterLargeSmallQuad
[LOG 18:01:28.808] Load MU model: Squad/Parts/Structural/stackAdapters/Assets/adapterLargeSmallTri
[LOG 18:01:28.808] Load MU model: Squad/Parts/Structural/stationHub/model
[LOG 18:01:28.809] Load MU model: Squad/Parts/Structural/structuralIBeam200/model
[LOG 18:01:28.809] Load MU model: Squad/Parts/Structural/structuralIBeam200Pocket/model
[LOG 18:01:28.813] Load MU model: Squad/Parts/Structural/structuralIBeam650/model
[LOG 18:01:28.823] Load MU model: Squad/Parts/Structural/structuralMicronode/model
[LOG 18:01:28.847] Load MU model: Squad/Parts/Structural/structuralPanel1x1/model
[LOG 18:01:28.848] Load MU model: Squad/Parts/Structural/structuralPanel2x2/model
[LOG 18:01:28.869] Load MU model: Squad/Parts/Structural/structuralPylons/PylonBig
[LOG 18:01:28.870] Load MU model: Squad/Parts/Structural/structuralPylons/PylonSmall
[LOG 18:01:28.881] Load MU model: Squad/Parts/Structural/strutCubicOcto/model
[LOG 18:01:28.905] Load MU model: Squad/Parts/Structural/strutOcto/model
[LOG 18:01:28.906] Load MU model: Squad/Parts/Structural/trussGirderAdapter/model
[LOG 18:01:28.906] Load MU model: Squad/Parts/Structural/trussGirderL/model
[LOG 18:01:28.907] Load MU model: Squad/Parts/Structural/trussGirderXL/model
[LOG 18:01:28.919] Load MU model: Squad/Parts/Thermal/FoldingRadiators/foldingRadLarge
[LOG 18:01:28.935] Load MU model: Squad/Parts/Thermal/FoldingRadiators/foldingRadMed
[LOG 18:01:28.957] Load MU model: Squad/Parts/Thermal/FoldingRadiators/foldingRadSmall
[LOG 18:01:28.995] Load MU model: Squad/Parts/Thermal/RadiatorPanels/radPanelEdge
[LOG 18:01:28.996] Load MU model: Squad/Parts/Thermal/RadiatorPanels/radPanelLg
[LOG 18:01:29.014] Load MU model: Squad/Parts/Thermal/RadiatorPanels/radPanelSm
[LOG 18:01:29.024] Load MU model: Squad/Parts/Utility/commDish88-88/model
[LOG 18:01:29.039] Load MU model: Squad/Parts/Utility/commsAntennaDTS-M1/mediumDishAntenna
[LOG 18:01:29.058] Load MU model: Squad/Parts/Utility/commsDish16/model
[LOG 18:01:29.058] Load MU model: Squad/Parts/Utility/decouplerRadialHDM/model
[LOG 18:01:29.059] Load MU model: Squad/Parts/Utility/decouplerRadialTT-38K/model
[LOG 18:01:29.059] Load MU model: Squad/Parts/Utility/decouplerRadialTT-70/model
[LOG 18:01:29.060] Load MU model: Squad/Parts/Utility/DirectAntennas/HGAntenna
[LOG 18:01:29.061] Load MU model: Squad/Parts/Utility/DirectAntennas/HGAntenna_v2
[LOG 18:01:29.078] Load MU model: Squad/Parts/Utility/DirectAntennas/SurfAntenna
[LOG 18:01:29.089] Load MU model: Squad/Parts/Utility/dockingPort/dockingPort
[LOG 18:01:29.109] Load MU model: Squad/Parts/Utility/dockingPortInline/dockingPortInline
[LOG 18:01:29.110] Load MU model: Squad/Parts/Utility/dockingPortJr/dockingPortJr
[LOG 18:01:29.111] Load MU model: Squad/Parts/Utility/dockingPortShielded/dockingPortShielded
[LOG 18:01:29.136] Load MU model: Squad/Parts/Utility/dockingPortSr/dockingPortSr
[LOG 18:01:29.136] Load MU model: Squad/Parts/Utility/Fireworks/Assets/fireworksLauncherBig
[LOG 18:01:29.137] Load MU model: Squad/Parts/Utility/Fireworks/Assets/fireworksLauncherSmall
[LOG 18:01:29.144] Load MU model: Squad/Parts/Utility/flags/flagFlat/flagFlatMeshes
[LOG 18:01:29.150] Load MU model: Squad/Parts/Utility/flags/flagSize0/flagSize0Meshes
[LOG 18:01:29.152] Load MU model: Squad/Parts/Utility/flags/flagSize1/flagSize1Meshes
[LOG 18:01:29.153] Load MU model: Squad/Parts/Utility/flags/flagSize2/flagSize2Meshes
[LOG 18:01:29.155] Load MU model: Squad/Parts/Utility/flags/flagSize3/flagSize3Meshes
[LOG 18:01:29.165] Load MU model: Squad/Parts/Utility/GrapplingDevice/GrapplingArm
[LOG 18:01:29.190] Load MU model: Squad/Parts/Utility/ladderRadial/model
[LOG 18:01:29.209] Load MU model: Squad/Parts/Utility/ladderTelescopic/model
[LOG 18:01:29.230] Load MU model: Squad/Parts/Utility/ladderTelescopicBay/model
[LOG 18:01:29.246] Load MU model: Squad/Parts/Utility/landingLegLT-1/model
[LOG 18:01:29.257] Load MU model: Squad/Parts/Utility/landingLegLT-2/model
[LOG 18:01:29.258] Load MU model: Squad/Parts/Utility/landingLegLT-5/model
[WRN 18:01:29.259] WheelCollider requires an attached Rigidbody to function.
[WRN 18:01:29.260] WheelCollider requires an attached Rigidbody to function.
[LOG 18:01:29.284] Load MU model: Squad/Parts/Utility/launchClamp1/model
[LOG 18:01:29.303] Load MU model: Squad/Parts/Utility/launchEscapeSystem/LaunchEscapeSystem
[LOG 18:01:29.304] Load MU model: Squad/Parts/Utility/Lights/Assets/light_02
[LOG 18:01:29.304] Load MU model: Squad/Parts/Utility/Lights/Assets/light_03
[LOG 18:01:29.305] Load MU model: Squad/Parts/Utility/Lights/Assets/light_04
[LOG 18:01:29.306] Load MU model: Squad/Parts/Utility/Lights/Assets/light_07
[LOG 18:01:29.307] Load MU model: Squad/Parts/Utility/Lights/Assets/light_08
[LOG 18:01:29.307] Load MU model: Squad/Parts/Utility/Lights/Assets/light_12
[LOG 18:01:29.324] Load MU model: Squad/Parts/Utility/linearVernorRCS/Assets/linearRCS
[LOG 18:01:29.333] Load MU model: Squad/Parts/Utility/linearVernorRCS/Assets/vernorEngine
[LOG 18:01:29.342] Load MU model: Squad/Parts/Utility/mk2CargoBay/BayLarge
[LOG 18:01:29.343] Load MU model: Squad/Parts/Utility/mk2CargoBay/BaySmall
[LOG 18:01:29.344] Load MU model: Squad/Parts/Utility/mk2CrewCabin/model
[LOG 18:01:29.345] Load MU model: Squad/Parts/Utility/mk2DockingPort/mk2Dockingport
[LOG 18:01:29.368] Load MU model: Squad/Parts/Utility/mk3CargoBay/long
[LOG 18:01:29.369] Load MU model: Squad/Parts/Utility/mk3CargoBay/medium
[LOG 18:01:29.380] Load MU model: Squad/Parts/Utility/mk3CargoBay/ramp
[LOG 18:01:29.381] Load MU model: Squad/Parts/Utility/mk3CargoBay/short
[LOG 18:01:29.382] Load MU model: Squad/Parts/Utility/parachuteMk1/model
[LOG 18:01:29.382] Load MU model: Squad/Parts/Utility/parachuteMk12-R/model
[LOG 18:01:29.383] Load MU model: Squad/Parts/Utility/parachuteMk16-XL/model
[LOG 18:01:29.383] Load MU model: Squad/Parts/Utility/parachuteMk2-R/model
[LOG 18:01:29.406] Load MU model: Squad/Parts/Utility/parachuteMk25/model
[LOG 18:01:29.408] Load MU model: Squad/Parts/Utility/radialAttachmentPoint/model
[LOG 18:01:29.409] Load MU model: Squad/Parts/Utility/rcsBlockRV-105_v2/rcsBlock105
[LOG 18:01:29.413] Load MU model: Squad/Parts/Utility/rcsSmallLinear/Assets/RCSLinearSmall
[LOG 18:01:29.434] Load MU model: Squad/Parts/Utility/RelayAntennas/HGAntenna
[LOG 18:01:29.435] Load MU model: Squad/Parts/Utility/RelayAntennas/RA-100
[LOG 18:01:29.435] Load MU model: Squad/Parts/Utility/RelayAntennas/RA-5
[LOG 18:01:29.443] Load MU model: Squad/Parts/Utility/RelayAntennas/RA-50
[LOG 18:01:29.445] Load MU model: Squad/Parts/Utility/rockomaxAdapters/Assets/brandAdapter
[LOG 18:01:29.468] Load MU model: Squad/Parts/Utility/rockomaxAdapters/Assets/brandAdapter02
[LOG 18:01:29.485] Load MU model: Squad/Parts/Utility/ServiceBay_v2/Assets/ServiceBay_125_v2
[LOG 18:01:29.506] Load MU model: Squad/Parts/Utility/ServiceBay_v2/Assets/ServiceBay_250_v2
[LOG 18:01:29.523] Load MU model: Squad/Parts/Utility/smallClaw/smallClaw
[LOG 18:01:29.527] Load MU model: Squad/Parts/Utility/spotLightMk1/model
[LOG 18:01:29.544] Load MU model: Squad/Parts/Utility/spotLightMk1_v2/model
[LOG 18:01:29.557] Load MU model: Squad/Parts/Utility/spotLightMk2/model
[LOG 18:01:29.558] Load MU model: Squad/Parts/Utility/spotLightMk2_v2/model
[LOG 18:01:29.558] Load MU model: Squad/Parts/Utility/stackCouplers/Assets/stackBiCoupler_v2
[LOG 18:01:29.559] Load MU model: Squad/Parts/Utility/stackCouplers/Assets/stackQuadCoupler
[LOG 18:01:29.572] Load MU model: Squad/Parts/Utility/stackCouplers/Assets/stackTriCoupler_v2
[LOG 18:01:29.595] Load MU model: Squad/Parts/Wheel/LandingGear/GearExtraLarge
[WRN 18:01:29.596] WheelCollider requires an attached Rigidbody to function.
[WRN 18:01:29.597] WheelCollider requires an attached Rigidbody to function.
[LOG 18:01:29.597] Load MU model: Squad/Parts/Wheel/LandingGear/GearFixed
[WRN 18:01:29.598] WheelCollider requires an attached Rigidbody to function.
[WRN 18:01:29.598] WheelCollider requires an attached Rigidbody to function.
[LOG 18:01:29.598] Load MU model: Squad/Parts/Wheel/LandingGear/GearFree
[WRN 18:01:29.598] WheelCollider requires an attached Rigidbody to function.
[WRN 18:01:29.598] WheelCollider requires an attached Rigidbody to function.
[LOG 18:01:29.610] Load MU model: Squad/Parts/Wheel/LandingGear/GearLarge
[WRN 18:01:29.610] WheelCollider requires an attached Rigidbody to function.
[WRN 18:01:29.610] WheelCollider requires an attached Rigidbody to function.
[LOG 18:01:29.613] Load MU model: Squad/Parts/Wheel/LandingGear/GearMedium
[WRN 18:01:29.613] WheelCollider requires an attached Rigidbody to function.
[WRN 18:01:29.614] WheelCollider requires an attached Rigidbody to function.
[LOG 18:01:29.614] Load MU model: Squad/Parts/Wheel/LandingGear/GearSmall
[WRN 18:01:29.614] WheelCollider requires an attached Rigidbody to function.
[WRN 18:01:29.614] WheelCollider requires an attached Rigidbody to function.
[LOG 18:01:29.614] Load MU model: Squad/Parts/Wheel/roverWheelM1/model
[WRN 18:01:29.615] WheelCollider requires an attached Rigidbody to function.
[WRN 18:01:29.615] WheelCollider requires an attached Rigidbody to function.
[LOG 18:01:29.615] Load MU model: Squad/Parts/Wheel/roverWheelS2/model
[WRN 18:01:29.615] WheelCollider requires an attached Rigidbody to function.
[WRN 18:01:29.615] WheelCollider requires an attached Rigidbody to function.
[LOG 18:01:29.640] Load MU model: Squad/Parts/Wheel/roverWheelTR-2L/model
[WRN 18:01:29.641] WheelCollider requires an attached Rigidbody to function.
[WRN 18:01:29.641] WheelCollider requires an attached Rigidbody to function.
[LOG 18:01:29.658] Load MU model: Squad/Parts/Wheel/roverWheelXL3/model
[WRN 18:01:29.659] WheelCollider requires an attached Rigidbody to function.
[WRN 18:01:29.659] WheelCollider requires an attached Rigidbody to function.
[LOG 18:01:29.715] Load MU model: Squad/Props/AltimeterThreeHands/model
[LOG 18:01:29.765] Load MU model: Squad/Props/AtmosphereDepth/model
[LOG 18:01:29.767] Load MU model: Squad/Props/AxisIndicator/model
[LOG 18:01:29.767] Load MU model: Squad/Props/buttonsGeneric/circularButton
[LOG 18:01:29.793] Load MU model: Squad/Props/buttonsGeneric/clusterButtons
[LOG 18:01:29.804] Load MU model: Squad/Props/buttonsGeneric/clusterButtons2
[LOG 18:01:29.814] Load MU model: Squad/Props/buttonsGeneric/clusterKnob
[LOG 18:01:29.849] Load MU model: Squad/Props/buttonsGeneric/clusterKnob2
[LOG 18:01:29.850] Load MU model: Squad/Props/buttonsGeneric/clusterMixed
[LOG 18:01:29.859] Load MU model: Squad/Props/buttonsGeneric/clusterSwitches01
[LOG 18:01:29.875] Load MU model: Squad/Props/buttonsGeneric/clusterSwitches02
[LOG 18:01:29.891] Load MU model: Squad/Props/buttonsGeneric/clusterSwitches03
[LOG 18:01:29.892] Load MU model: Squad/Props/buttonsGeneric/clusterSwitches04
[LOG 18:01:29.892] Load MU model: Squad/Props/buttonsGeneric/clusterSwitches05
[LOG 18:01:29.893] Load MU model: Squad/Props/buttonsGeneric/clusterSwitches06
[LOG 18:01:29.893] Load MU model: Squad/Props/buttonsGeneric/clusterSwitches07
[LOG 18:01:29.910] Load MU model: Squad/Props/buttonsGeneric/directionalKnob
[LOG 18:01:29.910] Load MU model: Squad/Props/buttonsGeneric/directionalKnob2
[LOG 18:01:29.915] Load MU model: Squad/Props/buttonsGeneric/pullSwitch
[LOG 18:01:29.918] Load MU model: Squad/Props/buttonsGeneric/squareButton
[LOG 18:01:29.918] Load MU model: Squad/Props/buttonsGeneric/standingSwitch
[LOG 18:01:29.921] Load MU model: Squad/Props/buttonsGeneric/switch
[LOG 18:01:29.921] Load MU model: Squad/Props/buttonsGeneric/switchWithGuards
[LOG 18:01:29.921] Load MU model: Squad/Props/ButtonSquare/model
[LOG 18:01:29.922] Load MU model: Squad/Props/circularButton/model
[LOG 18:01:29.922] Load MU model: Squad/Props/Compass/model
[LOG 18:01:29.926] Load MU model: Squad/Props/directionalKnob/model
[LOG 18:01:29.927] Load MU model: Squad/Props/directionalKnob2/model
[LOG 18:01:29.927] Load MU model: Squad/Props/IndicatorPanel/model
[LOG 18:01:29.930] Load MU model: Squad/Props/IVANavBall/model
[LOG 18:01:29.932] Load MU model: Squad/Props/IVANavBallNoBase/model
[LOG 18:01:29.932] Load MU model: Squad/Props/ledPanelSpeed/model
[LOG 18:01:29.933] Load MU model: Squad/Props/Monitor/MonitorDockingMode
[LOG 18:01:29.933] Load MU model: Squad/Props/NavBall/model
[LOG 18:01:29.934] Load MU model: Squad/Props/PropsGeneric/Button_DockingMode
[LOG 18:01:29.936] Load MU model: Squad/Props/PropsGeneric/CargoBagA
[LOG 18:01:29.959] Load MU model: Squad/Props/PropsGeneric/CargoBagB
[LOG 18:01:29.960] Load MU model: Squad/Props/PropsGeneric/CargoBagC
[LOG 18:01:29.960] Load MU model: Squad/Props/PropsGeneric/Hatch_Plane
[LOG 18:01:29.960] Load MU model: Squad/Props/PropsGeneric/Hatch_Plane_Curve90
[LOG 18:01:29.961] Load MU model: Squad/Props/PropsGeneric/Hatch_Plane_Frame
[LOG 18:01:29.961] Load MU model: Squad/Props/PropsGeneric/Seat_Passenger
[LOG 18:01:29.971] Load MU model: Squad/Props/PropsGeneric/Seat_Pilot
[LOG 18:01:29.972] Load MU model: Squad/Props/PropsGeneric/Seat_Pilot_Helmet
[LOG 18:01:30.006] Load MU model: Squad/Props/PropsGeneric/SideStick
[LOG 18:01:30.007] Load MU model: Squad/Props/pullSwitch/model
[LOG 18:01:30.008] Load MU model: Squad/Props/radarAltitude/model
[LOG 18:01:30.009] Load MU model: Squad/Props/squareButton/model
[LOG 18:01:30.009] Load MU model: Squad/Props/standingSwitch/model
[LOG 18:01:30.022] Load MU model: Squad/Props/switch/model
[LOG 18:01:30.022] Load MU model: Squad/Props/switchGuard/model
[LOG 18:01:30.027] Load MU model: Squad/Props/switchWithGuards/model
[LOG 18:01:30.029] Load MU model: Squad/Props/throttle/model
[LOG 18:01:30.029] Load MU model: Squad/Props/VSI/model
[LOG 18:01:30.052] Load MU model: Squad/Spaces/crewCabinInternals/model
[LOG 18:01:30.082] Load MU model: Squad/Spaces/cupolaInternal/model
[LOG 18:01:30.104] Load MU model: Squad/Spaces/GenericSpace1/model
[LOG 18:01:30.115] Load MU model: Squad/Spaces/GenericSpace3/model
[LOG 18:01:30.124] Load MU model: Squad/Spaces/landerCabinInternals/model
[LOG 18:01:30.126] Load MU model: Squad/Spaces/landerCabinSmallInternal/model
[LOG 18:01:30.136] Load MU model: Squad/Spaces/LargeCrewedLabInternals/Large_Crewed_lab_Int
[LOG 18:01:30.156] Load MU model: Squad/Spaces/Mk1-3/model
[LOG 18:01:30.189] Load MU model: Squad/Spaces/mk1CabinInternal/mk1cabin
[LOG 18:01:30.223] Load MU model: Squad/Spaces/mk1CockpitInternal/Mk1StandardIVA
[LOG 18:01:30.321] Load MU model: Squad/Spaces/mk1InlineInternal/Mk1InlineIVA
[LOG 18:01:30.323] Load MU model: Squad/Spaces/mk1PodCockpit/model
[LOG 18:01:30.324] Load MU model: Squad/Spaces/mk1pod_IVA/mk1pod_IVA
[LOG 18:01:30.325] Load MU model: Squad/Spaces/mk2CockpitStandardInternal/model
[LOG 18:01:30.348] Load MU model: Squad/Spaces/Mk2CrewCabinInternal/MK2_CrewCab_Int
[LOG 18:01:30.365] Load MU model: Squad/Spaces/mk2InlineInternal/mk2InlineIVA
[LOG 18:01:30.383] Load MU model: Squad/Spaces/mk2LanderCanInternal/mk2LanderCanInternal
[LOG 18:01:30.395] Load MU model: Squad/Spaces/MK3CockpitInternal/MK3_Cockpit_Int
[LOG 18:01:30.452] Load MU model: Squad/Spaces/MK3_CrewCab_Int/MK3_CrewCab_Int
[LOG 18:01:30.465] Load MU model: Squad/Spaces/OverlayMasks/CupolaMask
[LOG 18:01:30.468] Load MU model: Squad/Spaces/OverlayMasks/HitchhikerBorder
[LOG 18:01:30.532] Load MU model: Squad/Spaces/OverlayMasks/HitchhikerMask
[LOG 18:01:30.532] Load MU model: Squad/Spaces/OverlayMasks/LargeLabBorder
[LOG 18:01:30.532] Load MU model: Squad/Spaces/OverlayMasks/LargeLabMask
[LOG 18:01:30.532] Load MU model: Squad/Spaces/OverlayMasks/Mk1CabinBorder
[LOG 18:01:30.533] Load MU model: Squad/Spaces/OverlayMasks/Mk1CabinMask
[LOG 18:01:30.533] Load MU model: Squad/Spaces/OverlayMasks/Mk1InlineMask
[LOG 18:01:30.546] Load MU model: Squad/Spaces/OverlayMasks/Mk1InlineMask2
[LOG 18:01:30.547] Load MU model: Squad/Spaces/OverlayMasks/Mk1StandardBorder2
[LOG 18:01:30.568] Load MU model: Squad/Spaces/OverlayMasks/Mk1StandardBorder3
[LOG 18:01:30.587] Load MU model: Squad/Spaces/OverlayMasks/Mk1StandardMask
[LOG 18:01:30.598] Load MU model: Squad/Spaces/OverlayMasks/Mk1StandardMask2
[LOG 18:01:30.599] Load MU model: Squad/Spaces/OverlayMasks/Mk1StandardMask3
[LOG 18:01:30.609] Load MU model: Squad/Spaces/OverlayMasks/Mk2CabinBorder
[LOG 18:01:30.611] Load MU model: Squad/Spaces/OverlayMasks/Mk2CabinMask
[LOG 18:01:30.615] Load MU model: Squad/Spaces/OverlayMasks/Mk2InlineBorder
[LOG 18:01:30.616] Load MU model: Squad/Spaces/OverlayMasks/Mk2InlineMask
[LOG 18:01:30.631] Load MU model: Squad/Spaces/OverlayMasks/Mk2StandardBorder
[LOG 18:01:30.631] Load MU model: Squad/Spaces/OverlayMasks/Mk2StandardMask
[LOG 18:01:30.632] Load MU model: Squad/Spaces/OverlayMasks/Mk3CabinBorder
[LOG 18:01:30.635] Load MU model: Squad/Spaces/OverlayMasks/Mk3CabinMask
[LOG 18:01:30.635] Load MU model: Squad/Spaces/OverlayMasks/Mk3CabinMask2
[LOG 18:01:30.638] Load MU model: Squad/Spaces/OverlayMasks/Mk3ShuttleBorder
[LOG 18:01:30.638] Load MU model: Squad/Spaces/OverlayMasks/Mk3ShuttleMask
[LOG 18:01:30.639] Load MU model: Squad/Spaces/OverlayMasks/Size1LanderBorder
[LOG 18:01:30.639] Load MU model: Squad/Spaces/OverlayMasks/Size1LanderMask
[LOG 18:01:30.650] Load MU model: Squad/Spaces/OverlayMasks/Size1PodBorder
[LOG 18:01:30.666] Load MU model: Squad/Spaces/OverlayMasks/Size1PodMask
[LOG 18:01:30.669] Load MU model: Squad/Spaces/OverlayMasks/Size2LanderBorder
[LOG 18:01:30.670] Load MU model: Squad/Spaces/OverlayMasks/Size2LanderMask
[LOG 18:01:30.670] Load MU model: Squad/Spaces/OverlayMasks/Size2PodBorder
[LOG 18:01:30.691] Load MU model: Squad/Spaces/OverlayMasks/Size2PodMask
[LOG 18:01:30.692] Load MU model: Squad/Spaces/Placeholder/PlaceholderIVA
[LOG 18:01:30.716] Load MU model: Squad/Spaces/PodCockpit/model
[LOG 18:01:30.719] Load MU model: SquadExpansion/MakingHistory/Parts/Aero/protectiveRocketNoseMk5A/Size_1_5_Cone
[LOG 18:01:30.736] Load MU model: SquadExpansion/MakingHistory/Parts/Coupling/Assets/EnginePlate
[LOG 18:01:30.738] Load MU model: SquadExpansion/MakingHistory/Parts/Coupling/Assets/InflatableAirlock
[LOG 18:01:30.751] Load MU model: SquadExpansion/MakingHistory/Parts/Coupling/Assets/Size1_5_Decoupler
[LOG 18:01:30.768] Load MU model: SquadExpansion/MakingHistory/Parts/Engine/Assets/KE-1
[LOG 18:01:30.785] Load MU model: SquadExpansion/MakingHistory/Parts/Engine/Assets/LV-T87
[LOG 18:01:30.801] Load MU model: SquadExpansion/MakingHistory/Parts/Engine/Assets/LV-T91
[LOG 18:01:30.809] Load MU model: SquadExpansion/MakingHistory/Parts/Engine/Assets/RE-I2
[LOG 18:01:30.824] Load MU model: SquadExpansion/MakingHistory/Parts/Engine/Assets/RE-J10
[LOG 18:01:30.840] Load MU model: SquadExpansion/MakingHistory/Parts/Engine/Assets/RK-7
[LOG 18:01:30.844] Load MU model: SquadExpansion/MakingHistory/Parts/Engine/Assets/RV-1
[LOG 18:01:30.867] Load MU model: SquadExpansion/MakingHistory/Parts/Engine/solidBoosterTHK/solidBoosterTHK
[LOG 18:01:30.867] Load MU model: SquadExpansion/MakingHistory/Parts/FuelTank/Assets/MiniMonoTank
[LOG 18:01:30.895] Load MU model: SquadExpansion/MakingHistory/Parts/FuelTank/Assets/Size1_5_Size0_Adapter_01
[LOG 18:01:30.901] Load MU model: SquadExpansion/MakingHistory/Parts/FuelTank/Assets/Size1_5_Size1_Adapter_01
[LOG 18:01:30.911] Load MU model: SquadExpansion/MakingHistory/Parts/FuelTank/Assets/Size1_5_Size1_Adapter_02
[LOG 18:01:30.922] Load MU model: SquadExpansion/MakingHistory/Parts/FuelTank/Assets/Size1_5_Size2_Adapter_01
[LOG 18:01:30.924] Load MU model: SquadExpansion/MakingHistory/Parts/FuelTank/Assets/Size1_5_Tank_01
[LOG 18:01:30.924] Load MU model: SquadExpansion/MakingHistory/Parts/FuelTank/Assets/Size1_5_Tank_02
[LOG 18:01:30.925] Load MU model: SquadExpansion/MakingHistory/Parts/FuelTank/Assets/Size1_5_Tank_03
[LOG 18:01:30.937] Load MU model: SquadExpansion/MakingHistory/Parts/FuelTank/Assets/Size1_5_Tank_04
[LOG 18:01:30.958] Load MU model: SquadExpansion/MakingHistory/Parts/FuelTank/Assets/Size1_5_Tank_05
[LOG 18:01:30.976] Load MU model: SquadExpansion/MakingHistory/Parts/FuelTank/Assets/Size3_Size4_Adapter_01
[LOG 18:01:30.977] Load MU model: SquadExpansion/MakingHistory/Parts/FuelTank/Assets/Size4_EngineAdapter_01
[LOG 18:01:30.979] Load MU model: SquadExpansion/MakingHistory/Parts/FuelTank/Assets/Size4_Tank_01
[LOG 18:01:30.979] Load MU model: SquadExpansion/MakingHistory/Parts/FuelTank/Assets/Size4_Tank_02
[LOG 18:01:30.979] Load MU model: SquadExpansion/MakingHistory/Parts/FuelTank/Assets/Size4_Tank_03
[LOG 18:01:30.980] Load MU model: SquadExpansion/MakingHistory/Parts/FuelTank/Assets/Size4_Tank_04
[LOG 18:01:30.991] Load MU model: SquadExpansion/MakingHistory/Parts/FuelTank/Assets/Size_1p5_Monoprop
[LOG 18:01:31.057] Load MU model: SquadExpansion/MakingHistory/Parts/Ground/Assets/RoverWheel
[WRN 18:01:31.058] WheelCollider requires an attached Rigidbody to function.
[WRN 18:01:31.058] WheelCollider requires an attached Rigidbody to function.
[LOG 18:01:31.080] Load MU model: SquadExpansion/MakingHistory/Parts/Payload/Assets/ServiceModule18
[LOG 18:01:31.101] Load MU model: SquadExpansion/MakingHistory/Parts/Payload/Assets/ServiceModule25
[LOG 18:01:31.109] Load MU model: SquadExpansion/MakingHistory/Parts/Payload/Assets/Size1to0ServiceModule
[LOG 18:01:31.110] Load MU model: SquadExpansion/MakingHistory/Parts/Pods/Assets/Mk2Pod
[LOG 18:01:31.135] Load MU model: SquadExpansion/MakingHistory/Parts/Pods/Assets/RoundPod
[LOG 18:01:31.151] Load MU model: SquadExpansion/MakingHistory/Parts/Pods/Assets/Size1_5_Lander
[LOG 18:01:31.152] Load MU model: SquadExpansion/MakingHistory/Parts/SharedAssets/Shroud1p5x0
[LOG 18:01:31.152] Load MU model: SquadExpansion/MakingHistory/Parts/SharedAssets/Shroud1p5x1
[LOG 18:01:31.155] Load MU model: SquadExpansion/MakingHistory/Parts/SharedAssets/Shroud1p5x2
[LOG 18:01:31.155] Load MU model: SquadExpansion/MakingHistory/Parts/SharedAssets/Shroud1p5x3
[LOG 18:01:31.156] Load MU model: SquadExpansion/MakingHistory/Parts/SharedAssets/Shroud1p5x4
[LOG 18:01:31.156] Load MU model: SquadExpansion/MakingHistory/Parts/SharedAssets/Shroud1x0
[LOG 18:01:31.158] Load MU model: SquadExpansion/MakingHistory/Parts/SharedAssets/Shroud1x1
[LOG 18:01:31.158] Load MU model: SquadExpansion/MakingHistory/Parts/SharedAssets/Shroud1x2
[LOG 18:01:31.158] Load MU model: SquadExpansion/MakingHistory/Parts/SharedAssets/Shroud1x3
[LOG 18:01:31.159] Load MU model: SquadExpansion/MakingHistory/Parts/SharedAssets/Shroud1x4
[LOG 18:01:31.159] Load MU model: SquadExpansion/MakingHistory/Parts/SharedAssets/Shroud2x0
[LOG 18:01:31.164] Load MU model: SquadExpansion/MakingHistory/Parts/SharedAssets/Shroud2x1
[LOG 18:01:31.164] Load MU model: SquadExpansion/MakingHistory/Parts/SharedAssets/Shroud2x2
[LOG 18:01:31.165] Load MU model: SquadExpansion/MakingHistory/Parts/SharedAssets/Shroud2x3
[LOG 18:01:31.165] Load MU model: SquadExpansion/MakingHistory/Parts/SharedAssets/Shroud2x4
[LOG 18:01:31.168] Load MU model: SquadExpansion/MakingHistory/Parts/SharedAssets/Shroud3x0
[LOG 18:01:31.171] Load MU model: SquadExpansion/MakingHistory/Parts/SharedAssets/Shroud3x1
[LOG 18:01:31.172] Load MU model: SquadExpansion/MakingHistory/Parts/SharedAssets/Shroud3x2
[LOG 18:01:31.172] Load MU model: SquadExpansion/MakingHistory/Parts/SharedAssets/Shroud3x3
[LOG 18:01:31.172] Load MU model: SquadExpansion/MakingHistory/Parts/SharedAssets/Shroud3x4
[LOG 18:01:31.173] Load MU model: SquadExpansion/MakingHistory/Parts/SharedAssets/Shroud4x0
[LOG 18:01:31.192] Load MU model: SquadExpansion/MakingHistory/Parts/SharedAssets/Shroud4x1
[LOG 18:01:31.193] Load MU model: SquadExpansion/MakingHistory/Parts/SharedAssets/Shroud4x2
[LOG 18:01:31.206] Load MU model: SquadExpansion/MakingHistory/Parts/SharedAssets/Shroud4x3
[LOG 18:01:31.207] Load MU model: SquadExpansion/MakingHistory/Parts/SharedAssets/Shroud4x4
[LOG 18:01:31.241] Load MU model: SquadExpansion/MakingHistory/Parts/SharedAssets/ShroudCollider0
[LOG 18:01:31.258] Load MU model: SquadExpansion/MakingHistory/Parts/SharedAssets/ShroudCollider1
[LOG 18:01:31.276] Load MU model: SquadExpansion/MakingHistory/Parts/SharedAssets/ShroudCollider1p5
[LOG 18:01:31.287] Load MU model: SquadExpansion/MakingHistory/Parts/SharedAssets/ShroudCollider2
[LOG 18:01:31.295] Load MU model: SquadExpansion/MakingHistory/Parts/SharedAssets/ShroudCollider3
[LOG 18:01:31.300] Load MU model: SquadExpansion/MakingHistory/Parts/SharedAssets/ShroudCollider4
[LOG 18:01:31.320] Load MU model: SquadExpansion/MakingHistory/Parts/Structural/Assets/EquiTriangle0
[LOG 18:01:31.328] Load MU model: SquadExpansion/MakingHistory/Parts/Structural/Assets/EquiTriangle1
[LOG 18:01:31.339] Load MU model: SquadExpansion/MakingHistory/Parts/Structural/Assets/EquiTriangle1p5
[LOG 18:01:31.354] Load MU model: SquadExpansion/MakingHistory/Parts/Structural/Assets/EquiTriangle2
[LOG 18:01:31.361] Load MU model: SquadExpansion/MakingHistory/Parts/Structural/Assets/Panel0
[LOG 18:01:31.370] Load MU model: SquadExpansion/MakingHistory/Parts/Structural/Assets/Panel1
[LOG 18:01:31.381] Load MU model: SquadExpansion/MakingHistory/Parts/Structural/Assets/Panel1p5
[LOG 18:01:31.395] Load MU model: SquadExpansion/MakingHistory/Parts/Structural/Assets/Panel2
[LOG 18:01:31.404] Load MU model: SquadExpansion/MakingHistory/Parts/Structural/Assets/Triangle0
[LOG 18:01:31.414] Load MU model: SquadExpansion/MakingHistory/Parts/Structural/Assets/Triangle1
[LOG 18:01:31.425] Load MU model: SquadExpansion/MakingHistory/Parts/Structural/Assets/Triangle1p5
[LOG 18:01:31.439] Load MU model: SquadExpansion/MakingHistory/Parts/Structural/Assets/Triangle2
[LOG 18:01:31.454] Load MU model: SquadExpansion/MakingHistory/Parts/Utility/flags/flagSize1p5/flagSize1p5Meshes
[LOG 18:01:31.461] Load MU model: SquadExpansion/MakingHistory/Parts/Utility/flags/flagSize4/flagSize4Meshes
[LOG 18:01:31.475] Load MU model: SquadExpansion/MakingHistory/Spaces/KVPods/Airlock_IVA
[LOG 18:01:31.486] Load MU model: SquadExpansion/MakingHistory/Spaces/KVPods/KV1_IVA
[LOG 18:01:31.504] Load MU model: SquadExpansion/MakingHistory/Spaces/KVPods/KV2_IVA
[LOG 18:01:31.523] Load MU model: SquadExpansion/MakingHistory/Spaces/KVPods/KV3_IVA
[LOG 18:01:31.532] Load MU model: SquadExpansion/MakingHistory/Spaces/MEM/MEM_IVA
[LOG 18:01:31.538] Load MU model: SquadExpansion/MakingHistory/Spaces/Mk2Pod/MK2POD_IVA
[LOG 18:01:31.539] Load MU model: SquadExpansion/Serenity/Parts/Aero/Assets/FanShroud_01
[LOG 18:01:31.540] Load MU model: SquadExpansion/Serenity/Parts/Aero/Assets/FanShroud_02
[LOG 18:01:31.541] Load MU model: SquadExpansion/Serenity/Parts/Aero/Assets/FanShroud_03
[LOG 18:01:31.542] Load MU model: SquadExpansion/Serenity/Parts/Aero/Assets/noseconeTiny
[LOG 18:01:31.542] Load MU model: SquadExpansion/Serenity/Parts/Aero/Assets/noseconeVS
[LOG 18:01:31.556] Load MU model: SquadExpansion/Serenity/Parts/DeployedScience/Assets/CentralStation
[LOG 18:01:31.595] Load MU model: SquadExpansion/Serenity/Parts/DeployedScience/Assets/GoExOb
[LOG 18:01:31.606] Load MU model: SquadExpansion/Serenity/Parts/DeployedScience/Assets/IonExperiment
[LOG 18:01:31.616] Load MU model: SquadExpansion/Serenity/Parts/DeployedScience/Assets/RTGCask
[LOG 18:01:31.634] Load MU model: SquadExpansion/Serenity/Parts/DeployedScience/Assets/satDish
[LOG 18:01:31.653] Load MU model: SquadExpansion/Serenity/Parts/DeployedScience/Assets/seismicSensor
[LOG 18:01:31.666] Load MU model: SquadExpansion/Serenity/Parts/DeployedScience/Assets/solarPanel
[LOG 18:01:31.683] Load MU model: SquadExpansion/Serenity/Parts/DeployedScience/Assets/WeatherStation
[LOG 18:01:31.688] Load MU model: SquadExpansion/Serenity/Parts/Propellers/Assets/largeFanBlade
[LOG 18:01:31.698] Load MU model: SquadExpansion/Serenity/Parts/Propellers/Assets/largeHeliBlade
[LOG 18:01:31.713] Load MU model: SquadExpansion/Serenity/Parts/Propellers/Assets/largePropeller
[LOG 18:01:31.716] Load MU model: SquadExpansion/Serenity/Parts/Propellers/Assets/mediumFanBlade
[LOG 18:01:31.716] Load MU model: SquadExpansion/Serenity/Parts/Propellers/Assets/mediumHeliBlade
[LOG 18:01:31.721] Load MU model: SquadExpansion/Serenity/Parts/Propellers/Assets/mediumPropeller
[LOG 18:01:31.732] Load MU model: SquadExpansion/Serenity/Parts/Propellers/Assets/smallFanBlade
[LOG 18:01:31.733] Load MU model: SquadExpansion/Serenity/Parts/Propellers/Assets/smallHeliBlade
[LOG 18:01:31.744] Load MU model: SquadExpansion/Serenity/Parts/Propellers/Assets/smallPropeller
[LOG 18:01:31.749] Load MU model: SquadExpansion/Serenity/Parts/Robotics/Assets/hinge_01
[LOG 18:01:31.773] Load MU model: SquadExpansion/Serenity/Parts/Robotics/Assets/hinge_01_s
[LOG 18:01:31.790] Load MU model: SquadExpansion/Serenity/Parts/Robotics/Assets/hinge_03
[LOG 18:01:31.811] Load MU model: SquadExpansion/Serenity/Parts/Robotics/Assets/hinge_03_s
[LOG 18:01:31.813] Load MU model: SquadExpansion/Serenity/Parts/Robotics/Assets/hinge_04
[LOG 18:01:31.813] Load MU model: SquadExpansion/Serenity/Parts/Robotics/Assets/piston_01
[LOG 18:01:31.814] Load MU model: SquadExpansion/Serenity/Parts/Robotics/Assets/piston_02
[LOG 18:01:31.828] Load MU model: SquadExpansion/Serenity/Parts/Robotics/Assets/piston_03
[LOG 18:01:31.828] Load MU model: SquadExpansion/Serenity/Parts/Robotics/Assets/piston_04
[LOG 18:01:31.853] Load MU model: SquadExpansion/Serenity/Parts/Robotics/Assets/RotorEngine_02
[LOG 18:01:31.876] Load MU model: SquadExpansion/Serenity/Parts/Robotics/Assets/RotorEngine_03
[LOG 18:01:31.877] Load MU model: SquadExpansion/Serenity/Parts/Robotics/Assets/rotor_01
[LOG 18:01:31.878] Load MU model: SquadExpansion/Serenity/Parts/Robotics/Assets/rotor_01s
[LOG 18:01:31.878] Load MU model: SquadExpansion/Serenity/Parts/Robotics/Assets/rotor_02
[LOG 18:01:31.879] Load MU model: SquadExpansion/Serenity/Parts/Robotics/Assets/rotor_02s
[LOG 18:01:31.880] Load MU model: SquadExpansion/Serenity/Parts/Robotics/Assets/rotor_03
[LOG 18:01:31.895] Load MU model: SquadExpansion/Serenity/Parts/Robotics/Assets/rotor_03s
[LOG 18:01:31.897] Load MU model: SquadExpansion/Serenity/Parts/Robotics/Assets/RotoServo_00
[LOG 18:01:31.905] Load MU model: SquadExpansion/Serenity/Parts/Robotics/Assets/RotoServo_02
[LOG 18:01:31.907] Load MU model: SquadExpansion/Serenity/Parts/Robotics/Assets/RotoServo_03
[LOG 18:01:31.908] Load MU model: SquadExpansion/Serenity/Parts/Robotics/Assets/RotoServo_04
[LOG 18:01:31.908] Load MU model: SquadExpansion/Serenity/Parts/Robotics/Controllers/controller1000
[LOG 18:01:31.931] Load MU model: SquadExpansion/Serenity/Parts/Science/RobotArmScanner/Assets/ROCArm_01
[LOG 18:01:31.964] Load MU model: SquadExpansion/Serenity/Parts/Science/RobotArmScanner/Assets/ROCArm_02
[LOG 18:01:31.977] Load MU model: SquadExpansion/Serenity/Parts/Science/RobotArmScanner/Assets/ROCArm_03
[LOG 18:01:31.982] Load MU model: SquadExpansion/Serenity/Parts/Structural/gripPads/Assets/lGripPad
[LOG 18:01:31.983] Load MU model: SquadExpansion/Serenity/Parts/Structural/gripPads/Assets/lGripStrip
[LOG 18:01:31.983] Load MU model: SquadExpansion/Serenity/Parts/Structural/gripPads/Assets/mGripPad
[LOG 18:01:31.983] Load MU model: SquadExpansion/Serenity/Parts/Structural/gripPads/Assets/sGripPad
[LOG 18:01:31.984] Load MU model: SquadExpansion/Serenity/Parts/Structural/gripPads/Assets/sGripStrip
[LOG 18:01:31.984] Loading Asset Bundle Definitions
[LOG 18:01:31.986] AssetLoader: Loading bundle definitions
[LOG 18:01:32.231] AssetLoader: Loaded bundle 'squadcore'
[LOG 18:01:32.232] AssetLoader: Loaded bundle 'squadcorefx'
[LOG 18:01:32.232] AssetLoader: Loaded mod bundle 'kspedia'
[LOG 18:01:32.233] AssetLoader: Loaded mod bundle 'kspedia_actionsets'
[LOG 18:01:32.233] AssetLoader: Loaded mod bundle 'kspedia_aircraft'
[LOG 18:01:32.233] AssetLoader: Loaded mod bundle 'kspedia_aircraftbasics'
[LOG 18:01:32.234] AssetLoader: Loaded mod bundle 'kspedia_aircraftbasicsbalance'
[LOG 18:01:32.234] AssetLoader: Loaded mod bundle 'kspedia_aircraftbasicsbalance2'
[LOG 18:01:32.234] AssetLoader: Loaded mod bundle 'kspedia_aircraftbasicscol'
[LOG 18:01:32.234] AssetLoader: Loaded mod bundle 'kspedia_aircraftbasicscontrol'
[LOG 18:01:32.235] AssetLoader: Loaded mod bundle 'kspedia_aircraftbasicscontrolsurfaces'
[LOG 18:01:32.235] AssetLoader: Loaded mod bundle 'kspedia_aircraftbasicsdrag'
[LOG 18:01:32.235] AssetLoader: Loaded mod bundle 'kspedia_aircraftbasicsengines'
[LOG 18:01:32.235] AssetLoader: Loaded mod bundle 'kspedia_aircraftbasicsforces'
[LOG 18:01:32.236] AssetLoader: Loaded mod bundle 'kspedia_aircraftbasicsintakes'
[LOG 18:01:32.236] AssetLoader: Loaded mod bundle 'kspedia_aircraftbasicslandinggear'
[LOG 18:01:32.236] AssetLoader: Loaded mod bundle 'kspedia_aircraftbasicslift'
[LOG 18:01:32.237] AssetLoader: Loaded mod bundle 'kspedia_axisgroups'
[LOG 18:01:32.237] AssetLoader: Loaded mod bundle 'kspedia_career'
[LOG 18:01:32.237] AssetLoader: Loaded mod bundle 'kspedia_careerbasicscontracts'
[LOG 18:01:32.237] AssetLoader: Loaded mod bundle 'kspedia_careerbasicscrew'
[LOG 18:01:32.238] AssetLoader: Loaded mod bundle 'kspedia_careerbasicscurrencies'
[LOG 18:01:32.238] AssetLoader: Loaded mod bundle 'kspedia_careerbasicsexperience'
[LOG 18:01:32.238] AssetLoader: Loaded mod bundle 'kspedia_careerbasicsfacilities'
[LOG 18:01:32.238] AssetLoader: Loaded mod bundle 'kspedia_careerbasicsstrategies'
[LOG 18:01:32.239] AssetLoader: Loaded mod bundle 'kspedia_careerbasicstechnology'
[LOG 18:01:32.239] AssetLoader: Loaded mod bundle 'kspedia_careerui-ac'
[LOG 18:01:32.239] AssetLoader: Loaded mod bundle 'kspedia_careerui-admin'
[LOG 18:01:32.240] AssetLoader: Loaded mod bundle 'kspedia_careerui-ksc'
[LOG 18:01:32.240] AssetLoader: Loaded mod bundle 'kspedia_careerui-mc'
[LOG 18:01:32.240] AssetLoader: Loaded mod bundle 'kspedia_careerui-sciencearchives'
[LOG 18:01:32.241] AssetLoader: Loaded mod bundle 'kspedia_careerui-techtree'
[LOG 18:01:32.241] AssetLoader: Loaded mod bundle 'kspedia_careerui-ts'
[LOG 18:01:32.241] AssetLoader: Loaded mod bundle 'kspedia_careerui'
[LOG 18:01:32.242] AssetLoader: Loaded mod bundle 'kspedia_cargoapp'
[LOG 18:01:32.242] AssetLoader: Loaded mod bundle 'kspedia_cargomode'
[LOG 18:01:32.242] AssetLoader: Loaded mod bundle 'kspedia_cargosystem-placeableparts'
[LOG 18:01:32.243] AssetLoader: Loaded mod bundle 'kspedia_cargosystem'
[LOG 18:01:32.243] AssetLoader: Loaded mod bundle 'kspedia_chute'
[LOG 18:01:32.243] AssetLoader: Loaded mod bundle 'kspedia_commnet'
[LOG 18:01:32.243] AssetLoader: Loaded mod bundle 'kspedia_commnetbasics'
[LOG 18:01:32.244] AssetLoader: Loaded mod bundle 'kspedia_commnetbuildingeffectivenetworks'
[LOG 18:01:32.244] AssetLoader: Loaded mod bundle 'kspedia_commnetcalculatingrange'
[LOG 18:01:32.244] AssetLoader: Loaded mod bundle 'kspedia_commnetcontrollevels'
[LOG 18:01:32.244] AssetLoader: Loaded mod bundle 'kspedia_commnetcontrollinks'
[LOG 18:01:32.244] AssetLoader: Loaded mod bundle 'kspedia_commnetcontrolpoints'
[LOG 18:01:32.245] AssetLoader: Loaded mod bundle 'kspedia_commnetgui'
[LOG 18:01:32.245] AssetLoader: Loaded mod bundle 'kspedia_commnetgui01'
[LOG 18:01:32.245] AssetLoader: Loaded mod bundle 'kspedia_commnetgui02'
[LOG 18:01:32.245] AssetLoader: Loaded mod bundle 'kspedia_commnetrange'
[LOG 18:01:32.246] AssetLoader: Loaded mod bundle 'kspedia_commnetrelays'
[LOG 18:01:32.246] AssetLoader: Loaded mod bundle 'kspedia_commnetsciencetransmission'
[LOG 18:01:32.246] AssetLoader: Loaded mod bundle 'kspedia_commnetsignalstrength'
[LOG 18:01:32.246] AssetLoader: Loaded mod bundle 'kspedia_commnettransmission'
[LOG 18:01:32.247] AssetLoader: Loaded mod bundle 'kspedia_constructionui-actiongroups'
[LOG 18:01:32.247] AssetLoader: Loaded mod bundle 'kspedia_constructionui-applauncher'
[LOG 18:01:32.247] AssetLoader: Loaded mod bundle 'kspedia_constructionui-crew'
[LOG 18:01:32.248] AssetLoader: Loaded mod bundle 'kspedia_constructionui-engineersreport'
[LOG 18:01:32.248] AssetLoader: Loaded mod bundle 'kspedia_constructionui-gizmos'
[LOG 18:01:32.248] AssetLoader: Loaded mod bundle 'kspedia_constructionui-infos'
[LOG 18:01:32.248] AssetLoader: Loaded mod bundle 'kspedia_constructionui-partdetails'
[LOG 18:01:32.249] AssetLoader: Loaded mod bundle 'kspedia_constructionui-parts'
[LOG 18:01:32.249] AssetLoader: Loaded mod bundle 'kspedia_constructionui-symmetry'
[LOG 18:01:32.249] AssetLoader: Loaded mod bundle 'kspedia_constructionui-vesseldetails'
[LOG 18:01:32.250] AssetLoader: Loaded mod bundle 'kspedia_constructionui'
[LOG 18:01:32.250] AssetLoader: Loaded mod bundle 'kspedia_controls-dockingmode'
[LOG 18:01:32.250] AssetLoader: Loaded mod bundle 'kspedia_controls-editor'
[LOG 18:01:32.250] AssetLoader: Loaded mod bundle 'kspedia_controls-editorgizmos'
[LOG 18:01:32.251] AssetLoader: Loaded mod bundle 'kspedia_controls-eva'
[LOG 18:01:32.251] AssetLoader: Loaded mod bundle 'kspedia_controls-flight'
[LOG 18:01:32.251] AssetLoader: Loaded mod bundle 'kspedia_controls-flightactivities'
[LOG 18:01:32.252] AssetLoader: Loaded mod bundle 'kspedia_controls-flightdirections'
[LOG 18:01:32.252] AssetLoader: Loaded mod bundle 'kspedia_controls-general'
[LOG 18:01:32.252] AssetLoader: Loaded mod bundle 'kspedia_controls-mapandtime'
[LOG 18:01:32.253] AssetLoader: Loaded mod bundle 'kspedia_controls-mouseconstruction'
[LOG 18:01:32.253] AssetLoader: Loaded mod bundle 'kspedia_controls-mouseflight'
[LOG 18:01:32.253] AssetLoader: Loaded mod bundle 'kspedia_controls-rcs'
[LOG 18:01:32.254] AssetLoader: Loaded mod bundle 'kspedia_controls'
[LOG 18:01:32.254] AssetLoader: Loaded mod bundle 'kspedia_eastereggs'
[LOG 18:01:32.254] AssetLoader: Loaded mod bundle 'kspedia_evaconstructionmode'
[LOG 18:01:32.254] AssetLoader: Loaded mod bundle 'kspedia_facilities-ac'
[LOG 18:01:32.255] AssetLoader: Loaded mod bundle 'kspedia_facilities-admin'
[LOG 18:01:32.255] AssetLoader: Loaded mod bundle 'kspedia_facilities-context'
[LOG 18:01:32.258] AssetLoader: Loaded mod bundle 'kspedia_facilities-ksc'
[LOG 18:01:32.259] AssetLoader: Loaded mod bundle 'kspedia_facilities-launchpad'
[LOG 18:01:32.259] AssetLoader: Loaded mod bundle 'kspedia_facilities-mc'
[LOG 18:01:32.259] AssetLoader: Loaded mod bundle 'kspedia_facilities-randd'
[LOG 18:01:32.260] AssetLoader: Loaded mod bundle 'kspedia_facilities-runway'
[LOG 18:01:32.260] AssetLoader: Loaded mod bundle 'kspedia_facilities-sph'
[LOG 18:01:32.260] AssetLoader: Loaded mod bundle 'kspedia_facilities-ts'
[LOG 18:01:32.260] AssetLoader: Loaded mod bundle 'kspedia_facilities-vab'
[LOG 18:01:32.261] AssetLoader: Loaded mod bundle 'kspedia_flightui-altimeter'
[LOG 18:01:32.261] AssetLoader: Loaded mod bundle 'kspedia_flightui-applauncher'
[LOG 18:01:32.261] AssetLoader: Loaded mod bundle 'kspedia_flightui-evaactivities'
[LOG 18:01:32.262] AssetLoader: Loaded mod bundle 'kspedia_flightui-maneuvermodeeditor'
[LOG 18:01:32.262] AssetLoader: Loaded mod bundle 'kspedia_flightui-maneuvermodeeditorcont'
[LOG 18:01:32.262] AssetLoader: Loaded mod bundle 'kspedia_flightui-maneuvermodeorbit'
[LOG 18:01:32.262] AssetLoader: Loaded mod bundle 'kspedia_flightui-maneuvertoolinfo'
[LOG 18:01:32.263] AssetLoader: Loaded mod bundle 'kspedia_flightui-maneuvertoolmain'
[LOG 18:01:32.263] AssetLoader: Loaded mod bundle 'kspedia_flightui-modecontrol'
[LOG 18:01:32.263] AssetLoader: Loaded mod bundle 'kspedia_flightui-navball'
[LOG 18:01:32.264] AssetLoader: Loaded mod bundle 'kspedia_flightui-partrepairs'
[LOG 18:01:32.264] AssetLoader: Loaded mod bundle 'kspedia_flightui-portraits'
[LOG 18:01:32.264] AssetLoader: Loaded mod bundle 'kspedia_flightui-staging'
[LOG 18:01:32.265] AssetLoader: Loaded mod bundle 'kspedia_flightui-timeandaction'
[LOG 18:01:32.266] AssetLoader: Loaded mod bundle 'kspedia_flightui'
[LOG 18:01:32.266] AssetLoader: Loaded mod bundle 'kspedia_heat'
[LOG 18:01:32.267] AssetLoader: Loaded mod bundle 'kspedia_heatactiveradiators'
[LOG 18:01:32.268] AssetLoader: Loaded mod bundle 'kspedia_heatengines'
[LOG 18:01:32.268] AssetLoader: Loaded mod bundle 'kspedia_heatflow'
[LOG 18:01:32.269] AssetLoader: Loaded mod bundle 'kspedia_heatpart'
[LOG 18:01:32.269] AssetLoader: Loaded mod bundle 'kspedia_heatpassiveradiators'
[LOG 18:01:32.269] AssetLoader: Loaded mod bundle 'kspedia_heatshields'
[LOG 18:01:32.270] AssetLoader: Loaded mod bundle 'kspedia_kerbnet'
[LOG 18:01:32.270] AssetLoader: Loaded mod bundle 'kspedia_kerbnetinterface'
[LOG 18:01:32.270] AssetLoader: Loaded mod bundle 'kspedia_kerbnetmodes'
[LOG 18:01:32.271] AssetLoader: Loaded mod bundle 'kspedia_kerbnetwaypoints'
[LOG 18:01:32.271] AssetLoader: Loaded mod bundle 'kspedia_locations'
[LOG 18:01:32.271] AssetLoader: Loaded mod bundle 'kspedia_manual'
[LOG 18:01:32.272] AssetLoader: Loaded mod bundle 'kspedia_mapui-alarmclockcreation'
[LOG 18:01:32.272] AssetLoader: Loaded mod bundle 'kspedia_mapui-alarmclockmain'
[LOG 18:01:32.273] AssetLoader: Loaded mod bundle 'kspedia_mapui-burnindicator'
[LOG 18:01:32.273] AssetLoader: Loaded mod bundle 'kspedia_mapui-dvtoolsflight'
[LOG 18:01:32.274] AssetLoader: Loaded mod bundle 'kspedia_mapui-dvtoolsvab'
[LOG 18:01:32.274] AssetLoader: Loaded mod bundle 'kspedia_mapui-mannodes'
[LOG 18:01:32.275] AssetLoader: Loaded mod bundle 'kspedia_mapui-orbitnodes'
[LOG 18:01:32.275] AssetLoader: Loaded mod bundle 'kspedia_mapui-orbitnodes2'
[LOG 18:01:32.276] AssetLoader: Loaded mod bundle 'kspedia_mapui'
[LOG 18:01:32.276] AssetLoader: Loaded mod bundle 'kspedia_orbitalbasics-atmosphere'
[LOG 18:01:32.277] AssetLoader: Loaded mod bundle 'kspedia_orbitalbasics-gettingbackdown'
[LOG 18:01:32.277] AssetLoader: Loaded mod bundle 'kspedia_orbitalbasics-gettingupthere'
[LOG 18:01:32.278] AssetLoader: Loaded mod bundle 'kspedia_orbitalbasics-gravityturn'
[LOG 18:01:32.278] AssetLoader: Loaded mod bundle 'kspedia_orbitalbasics-orbits'
[LOG 18:01:32.279] AssetLoader: Loaded mod bundle 'kspedia_orbitalbasics-stayingupthere'
[LOG 18:01:32.279] AssetLoader: Loaded mod bundle 'kspedia_orbitalbasics'
[LOG 18:01:32.280] AssetLoader: Loaded mod bundle 'kspedia_orbitaldefinitions-appe'
[LOG 18:01:32.280] AssetLoader: Loaded mod bundle 'kspedia_orbitaldefinitions-dirandinc'
[LOG 18:01:32.280] AssetLoader: Loaded mod bundle 'kspedia_orbitaldefinitions-directions'
[LOG 18:01:32.281] AssetLoader: Loaded mod bundle 'kspedia_orbitaldefinitions-eccentricity'
[LOG 18:01:32.281] AssetLoader: Loaded mod bundle 'kspedia_orbitaldefinitions'
[LOG 18:01:32.282] AssetLoader: Loaded mod bundle 'kspedia_orbitalmaneuvers-adjustinginclination'
[LOG 18:01:32.283] AssetLoader: Loaded mod bundle 'kspedia_orbitalmaneuvers-deltav'
[LOG 18:01:32.288] AssetLoader: Loaded mod bundle 'kspedia_orbitalmaneuvers-efficiency'
[LOG 18:01:32.288] AssetLoader: Loaded mod bundle 'kspedia_orbitalmaneuvers-hohmanntransfer'
[LOG 18:01:32.289] AssetLoader: Loaded mod bundle 'kspedia_orbitalmaneuvers-hohmanntransfer2'
[LOG 18:01:32.290] AssetLoader: Loaded mod bundle 'kspedia_orbitalmaneuvers-orbittypes'
[LOG 18:01:32.290] AssetLoader: Loaded mod bundle 'kspedia_orbitalmaneuvers-radandantirad'
[LOG 18:01:32.291] AssetLoader: Loaded mod bundle 'kspedia_orbitalmaneuvers-shapingup'
[LOG 18:01:32.291] AssetLoader: Loaded mod bundle 'kspedia_orbitalmaneuvers'
[LOG 18:01:32.291] AssetLoader: Loaded mod bundle 'kspedia_planets-dres'
[LOG 18:01:32.292] AssetLoader: Loaded mod bundle 'kspedia_planets-duna'
[LOG 18:01:32.292] AssetLoader: Loaded mod bundle 'kspedia_planets-eeloo'
[LOG 18:01:32.293] AssetLoader: Loaded mod bundle 'kspedia_planets-eve'
[LOG 18:01:32.293] AssetLoader: Loaded mod bundle 'kspedia_planets-jool'
[LOG 18:01:32.293] AssetLoader: Loaded mod bundle 'kspedia_planets-kerbin'
[LOG 18:01:32.294] AssetLoader: Loaded mod bundle 'kspedia_planets-moho'
[LOG 18:01:32.294] AssetLoader: Loaded mod bundle 'kspedia_planets-sun'
[LOG 18:01:32.295] AssetLoader: Loaded mod bundle 'kspedia_planets-system'
[LOG 18:01:32.295] AssetLoader: Loaded mod bundle 'kspedia_resources-asteroidmining'
[LOG 18:01:32.296] AssetLoader: Loaded mod bundle 'kspedia_resources-conversionmanagement'
[LOG 18:01:32.296] AssetLoader: Loaded mod bundle 'kspedia_resources-drilling'
[LOG 18:01:32.296] AssetLoader: Loaded mod bundle 'kspedia_resources-findingit'
[LOG 18:01:32.297] AssetLoader: Loaded mod bundle 'kspedia_resources-findingit2'
[LOG 18:01:32.297] AssetLoader: Loaded mod bundle 'kspedia_resources-storageandconversion'
[LOG 18:01:32.298] AssetLoader: Loaded mod bundle 'kspedia_resources'
[LOG 18:01:32.298] AssetLoader: Loaded mod bundle 'kspedia_rocketry'
[LOG 18:01:32.298] AssetLoader: Loaded mod bundle 'kspedia_rocketryadvanced-fairings'
[LOG 18:01:32.298] AssetLoader: Loaded mod bundle 'kspedia_rocketryadvanced-girders'
[LOG 18:01:32.299] AssetLoader: Loaded mod bundle 'kspedia_rocketryadvanced'
[LOG 18:01:32.299] AssetLoader: Loaded mod bundle 'kspedia_rocketrybasics'
[LOG 18:01:32.300] AssetLoader: Loaded mod bundle 'kspedia_rocketrybasicsaero'
[LOG 18:01:32.300] AssetLoader: Loaded mod bundle 'kspedia_rocketrybasicscentered'
[LOG 18:01:32.300] AssetLoader: Loaded mod bundle 'kspedia_rocketrybasicschutes'
[LOG 18:01:32.300] AssetLoader: Loaded mod bundle 'kspedia_rocketrybasicscontrol'
[LOG 18:01:32.301] AssetLoader: Loaded mod bundle 'kspedia_rocketrybasicsecrecharging'
[LOG 18:01:32.301] AssetLoader: Loaded mod bundle 'kspedia_rocketrybasicsengines'
[LOG 18:01:32.301] AssetLoader: Loaded mod bundle 'kspedia_rocketrybasicsforces'
[LOG 18:01:32.301] AssetLoader: Loaded mod bundle 'kspedia_rocketrybasicshatchesandladders'
[LOG 18:01:32.302] AssetLoader: Loaded mod bundle 'kspedia_rocketrybasicshibernation'
[LOG 18:01:32.302] AssetLoader: Loaded mod bundle 'kspedia_rocketrybasicsresources'
[LOG 18:01:32.302] AssetLoader: Loaded mod bundle 'kspedia_rocketrybasicsservicecontainers'
[LOG 18:01:32.302] AssetLoader: Loaded mod bundle 'kspedia_rocketrybasicsstability'
[LOG 18:01:32.303] AssetLoader: Loaded mod bundle 'kspedia_rocketrybasicsstabilityassist'
[LOG 18:01:32.303] AssetLoader: Loaded mod bundle 'kspedia_rocketrybasicsstaging'
[LOG 18:01:32.303] AssetLoader: Loaded mod bundle 'kspedia_rocketrybasicssymmetry'
[LOG 18:01:32.304] AssetLoader: Loaded mod bundle 'kspedia_science'
[LOG 18:01:32.304] AssetLoader: Loaded mod bundle 'kspedia_sciencedata'
[LOG 18:01:32.304] AssetLoader: Loaded mod bundle 'kspedia_scienceexperiments'
[LOG 18:01:32.304] AssetLoader: Loaded mod bundle 'kspedia_sciencelab'
[LOG 18:01:32.305] AssetLoader: Loaded mod bundle 'kspedia_sciencetransmitted'
[LOG 18:01:32.305] AssetLoader: Loaded mod bundle 'kspedia_spacetravel'
[LOG 18:01:32.305] AssetLoader: Loaded mod bundle 'kspedia_variantswitcher'
[LOG 18:01:32.306] AssetLoader: Loaded mod bundle 'kspfonts'
[LOG 18:01:32.505] AssetLoader: Loaded bundle 'squadcore'
[LOG 18:01:32.505] AssetLoader: Loaded bundle 'squadcorefx'
[LOG 18:01:32.506] AssetLoader: Loaded mod bundle 'kspedia_builder'
[LOG 18:01:32.506] AssetLoader: Loaded mod bundle 'kspedia_buildertoolbar'
[LOG 18:01:32.506] AssetLoader: Loaded mod bundle 'kspedia_canvas'
[LOG 18:01:32.507] AssetLoader: Loaded mod bundle 'kspedia_exportingvalidation'
[LOG 18:01:32.507] AssetLoader: Loaded mod bundle 'kspedia_flight'
[LOG 18:01:32.508] AssetLoader: Loaded mod bundle 'kspedia_flightapp'
[LOG 18:01:32.508] AssetLoader: Loaded mod bundle 'kspedia_gap'
[LOG 18:01:32.508] AssetLoader: Loaded mod bundle 'kspedia_gaptools'
[LOG 18:01:32.509] AssetLoader: Loaded mod bundle 'kspedia_makinghistory'
[LOG 18:01:32.509] AssetLoader: Loaded mod bundle 'kspedia_missionbriefing'
[LOG 18:01:32.509] AssetLoader: Loaded mod bundle 'kspedia_nodedocking'
[LOG 18:01:32.509] AssetLoader: Loaded mod bundle 'kspedia_nodesconnectors'
[LOG 18:01:32.510] AssetLoader: Loaded mod bundle 'kspedia_sap'
[LOG 18:01:32.510] AssetLoader: Loaded mod bundle 'kspedia_sidebar'
[LOG 18:01:32.510] AssetLoader: Loaded mod bundle 'kspedia_testingcheckpoints'
[LOG 18:01:32.510] AssetLoader: Loaded bundle 'makinghistory'
[LOG 18:01:32.511] AssetLoader: Loaded mod bundle 'kspedia_bladecyclic-collective-behaviour'
[LOG 18:01:32.511] AssetLoader: Loaded mod bundle 'kspedia_bladecyclic-collective-controls'
[LOG 18:01:32.511] AssetLoader: Loaded mod bundle 'kspedia_deployedscience-experiments'
[LOG 18:01:32.512] AssetLoader: Loaded mod bundle 'kspedia_deployedscience'
[LOG 18:01:32.512] AssetLoader: Loaded mod bundle 'kspedia_grippads'
[LOG 18:01:32.512] AssetLoader: Loaded mod bundle 'kspedia_layindtracks'
[LOG 18:01:32.513] AssetLoader: Loaded mod bundle 'kspedia_propellers'
[LOG 18:01:32.513] AssetLoader: Loaded mod bundle 'kspedia_propellersaerodynamics'
[LOG 18:01:32.513] AssetLoader: Loaded mod bundle 'kspedia_roboticcontroller'
[LOG 18:01:32.513] AssetLoader: Loaded mod bundle 'kspedia_roboticparts'
[LOG 18:01:32.514] AssetLoader: Loaded mod bundle 'kspedia_surface features-overview'
[LOG 18:01:32.514] AssetLoader: Loaded mod bundle 'kspedia_surface features-roverarmdetails'
[LOG 18:01:32.514] AssetLoader: Loaded mod bundle 'kspedia_trackeditor'
[LOG 18:01:32.515] AssetLoader: Loaded mod bundle 'kspedia_trackeditortoolbar'
[LOG 18:01:32.515] AssetLoader: Loaded mod bundle 'serenity'
[LOG 18:01:32.516] AssetLoader: Finished loading. 226 bundle definitions loaded.
[LOG 18:01:32.516] Compiling Configs:
[LOG 18:01:32.517] Config(PHYSICSGLOBALS) /Physics/PHYSICSGLOBALS
[LOG 18:01:32.517] Config(KSP_COMMUNITY_FIXES) KSPCommunityFixes/Settings/KSP_COMMUNITY_FIXES
[LOG 18:01:32.517] Config(Localization) KSPCommunityFixes/Localization/en-us/Localization
[LOG 18:01:32.517] Config(Localization) KSPCommunityFixes/Localization/fr-fr/Localization
[LOG 18:01:32.517] Config(Localization) KSPCommunityFixes/Localization/ru/Localization
[LOG 18:01:32.517] Config(Localization) KSPCommunityFixes/Localization/zh-cn/Localization
[LOG 18:01:32.517] Config(@PART[*]:HAS[@MODULE[ModuleDockingNodeFixed]]:NEEDS[FixDockingNodes]:FINAL) KSPCommunityFixes/MMPatches/ModSupport/FixDockingNodes/@PART[*]:HAS[@MODULE[ModuleDockingNodeFixed]]:NEEDS[FixDockingNodes]:FINAL
[LOG 18:01:32.517] Config(@PART[*]:HAS[@MODULE[Refunding]]:LAST[999_KSP-Recall]) KSPCommunityFixes/MMPatches/ModSupport/KSPRecall/@PART[*]:HAS[@MODULE[Refunding]]:LAST[999_KSP-Recall]
[LOG 18:01:32.517] Config(@PART[*]:HAS[#hasRefundingOnRecovery[?rue]]:LAST[999_KSP-Recall]) KSPCommunityFixes/MMPatches/ModSupport/KSPRecall/@PART[*]:HAS[#hasRefundingOnRecovery[?rue]]:LAST[999_KSP-Recall]
[LOG 18:01:32.517] Config(@PART[*]:HAS[#hasRefundingOnRecovery]:LAST[999_KSP-Recall]) KSPCommunityFixes/MMPatches/ModSupport/KSPRecall/@PART[*]:HAS[#hasRefundingOnRecovery]:LAST[999_KSP-Recall]
[LOG 18:01:32.517] Config(@KSP-Recall:LAST[999_KSP-Recall]) KSPCommunityFixes/MMPatches/ModSupport/KSPRecall/@KSP-Recall:LAST[999_KSP-Recall]
[LOG 18:01:32.517] Config(@KSP-Recall:HAS[#hasRefundingOnRecovery[?rue]]:LAST[999_KSP-Recall]) KSPCommunityFixes/MMPatches/ModSupport/KSPRecall/@KSP-Recall:HAS[#hasRefundingOnRecovery[?rue]]:LAST[999_KSP-Recall]
[LOG 18:01:32.517] Config(@KSP-Recall:HAS[#hasRefundingOnRecovery]:LAST[999_KSP-Recall]) KSPCommunityFixes/MMPatches/ModSupport/KSPRecall/@KSP-Recall:HAS[#hasRefundingOnRecovery]:LAST[999_KSP-Recall]
[LOG 18:01:32.517] Config(@KSP_COMMUNITY_FIXES:NEEDS[AttachedOnEditor]) KSPCommunityFixes/MMPatches/ModSupport/KSPRecall/@KSP_COMMUNITY_FIXES:NEEDS[AttachedOnEditor]
[LOG 18:01:32.518] Config(@KSP_COMMUNITY_FIXES:NEEDS[UniversalStorage2]) KSPCommunityFixes/MMPatches/ModSupport/UniversalStorage/@KSP_COMMUNITY_FIXES:NEEDS[UniversalStorage2]
[LOG 18:01:32.518] Config(@PART[telescopicLadderBay]:FIRST) KSPCommunityFixes/MMPatches/StockTweaks/LadderToggleableLight/@PART[telescopicLadderBay]:FIRST
[LOG 18:01:32.518] Config(@PART[telescopicLadderBay]:HAS[#LadderToggleableLight[?rue]]:FIRST) KSPCommunityFixes/MMPatches/StockTweaks/LadderToggleableLight/@PART[telescopicLadderBay]:HAS[#LadderToggleableLight[?rue]]:FIRST
[LOG 18:01:32.518] Config(@PART[telescopicLadderBay]:HAS[#LadderToggleableLight]:FIRST) KSPCommunityFixes/MMPatches/StockTweaks/LadderToggleableLight/@PART[telescopicLadderBay]:HAS[#LadderToggleableLight]:FIRST
[LOG 18:01:32.518] Config(@PART[GearSmall]:FIRST) KSPCommunityFixes/MMPatches/StockTweaks/LandingGearLights/@PART[GearSmall]:FIRST
[LOG 18:01:32.518] Config(@PART[SmallGearBay]:FIRST) KSPCommunityFixes/MMPatches/StockTweaks/LandingGearLights/@PART[SmallGearBay]:FIRST
[LOG 18:01:32.518] Config(@PART[sasModule]:FOR[KSPCommunityFixes]) KSPCommunityFixes/MMPatches/StockTweaks/ManufacturerFixes/@PART[sasModule]:FOR[KSPCommunityFixes]
[LOG 18:01:32.518] Config(@PART[xenonTankRadial]:FOR[KSPCommunityFixes]) KSPCommunityFixes/MMPatches/StockTweaks/ManufacturerFixes/@PART[xenonTankRadial]:FOR[KSPCommunityFixes]
[LOG 18:01:32.518] Config(@PART[winglet|fireworksLauncherSmall|fireworksLauncherBig]:FOR[KSPCommunityFixes]) KSPCommunityFixes/MMPatches/StockTweaks/ManufacturerFixes/@PART[winglet|fireworksLauncherSmall|fireworksLauncherBig]:FOR[KSPCommunityFixes]
[LOG 18:01:32.518] Config(@PART[solidBooster_sm_v2|solidBooster_v2]:FOR[KSPCommunityFixes]) KSPCommunityFixes/MMPatches/StockTweaks/ManufacturerFixes/@PART[solidBooster_sm_v2|solidBooster_v2]:FOR[KSPCommunityFixes]
[LOG 18:01:32.518] Config(@PART[ServiceBay_125_v2|ServiceBay_250_v2]:FOR[KSPCommunityFixes]) KSPCommunityFixes/MMPatches/StockTweaks/ManufacturerFixes/@PART[ServiceBay_125_v2|ServiceBay_250_v2]:FOR[KSPCommunityFixes]
[LOG 18:01:32.518] Config(@PART[externalTankCapsule]:FOR[KSPCommunityFixes]) KSPCommunityFixes/MMPatches/StockTweaks/ManufacturerFixes/@PART[externalTankCapsule]:FOR[KSPCommunityFixes]
[LOG 18:01:32.518] Config(@PART[RCSFuelTank|rcsTankMini|RCSTank1-2]:FOR[KSPCommunityFixes]) KSPCommunityFixes/MMPatches/StockTweaks/ManufacturerFixes/@PART[RCSFuelTank|rcsTankMini|RCSTank1-2]:FOR[KSPCommunityFixes]
[LOG 18:01:32.518] Config(@PART[landerCabinSmall]:FOR[KSPCommunityFixes]) KSPCommunityFixes/MMPatches/StockTweaks/ManufacturerFixes/@PART[landerCabinSmall]:FOR[KSPCommunityFixes]
[LOG 18:01:32.518] Config(@PART[dockingPortLateral]:FOR[KSPCommunityFixes]) KSPCommunityFixes/MMPatches/StockTweaks/ManufacturerFixes/@PART[dockingPortLateral]:FOR[KSPCommunityFixes]
[LOG 18:01:32.518] Config(@PART[EnginePlate4]:FOR[KSPCommunityFixes]:NEEDS[SquadExpansion/MakingHistory]) KSPCommunityFixes/MMPatches/StockTweaks/ManufacturerFixes/@PART[EnginePlate4]:FOR[KSPCommunityFixes]:NEEDS[SquadExpansion/MakingHistory]
[LOG 18:01:32.518] Config(@PART[Mk2Pod]:FOR[KSPCommunityFixes]:NEEDS[SquadExpansion/MakingHistory]) KSPCommunityFixes/MMPatches/StockTweaks/ManufacturerFixes/@PART[Mk2Pod]:FOR[KSPCommunityFixes]:NEEDS[SquadExpansion/MakingHistory]
[LOG 18:01:32.518] Config(@PART[evaChute|parachuteSingle|parachuteRadial|radialDrogue|parachuteLarge|parachuteDrogue]:FOR[KSPCommunityFixes]) KSPCommunityFixes/MMPatches/StockTweaks/ManufacturerFixes/@PART[evaChute|parachuteSingle|parachuteRadial|radialDrogue|parachuteLarge|parachuteDrogue]:FOR[KSPCommunityFixes]
[LOG 18:01:32.518] Config(@PART[stackPoint1|dockingPort1|dockingPort2|dockingPort3|dockingPortLarge]:FOR[KSPCommunityFixes]) KSPCommunityFixes/MMPatches/StockTweaks/ManufacturerFixes/@PART[stackPoint1|dockingPort1|dockingPort2|dockingPort3|dockingPortLarge]:FOR[KSPCommunityFixes]
[LOG 18:01:32.518] Config(AGENT) KSPCommunityFixes/MMPatches/StockTweaks/ManufacturerFixes/Clamp-O-Tron
[LOG 18:01:32.518] Config(AGENT) KSPCommunityFixes/MMPatches/StockTweaks/ManufacturerFixes/FreeFall Parachutes
[LOG 18:01:32.518] Config(AGENT) KSPCommunityFixes/MMPatches/StockTweaks/ManufacturerFixes/LightYear Tire Company
[LOG 18:01:32.518] Config(AGENT) KSPCommunityFixes/MMPatches/StockTweaks/ManufacturerFixes/Stratus Corporation
[LOG 18:01:32.518] Config(Localization) KSPCommunityFixes/MMPatches/StockTweaks/ManufacturerFixes/Localization
[LOG 18:01:32.518] Config(AGENT) Squad/Agencies/Agents/C7 Aerospace Division
[LOG 18:01:32.518] Config(AGENT) Squad/Agencies/Agents/Dinkelstein Kerman's Construction Emporium
[LOG 18:01:32.518] Config(AGENT) Squad/Agencies/Agents/Experimental Engineering Group
[LOG 18:01:32.519] Config(AGENT) Squad/Agencies/Agents/FLOOYD Dynamics Research Labs
[LOG 18:01:32.519] Config(AGENT) Squad/Agencies/Agents/Goliath National Products
[LOG 18:01:32.519] Config(AGENT) Squad/Agencies/Agents/Integrated Integrals
[LOG 18:01:32.519] Config(AGENT) Squad/Agencies/Agents/Ionic Symphonic Protonic Electronics
[LOG 18:01:32.519] Config(AGENT) Squad/Agencies/Agents/Jebediah Kerman's Junkyard and Spacecraft Parts Co
[LOG 18:01:32.519] Config(AGENT) Squad/Agencies/Agents/Kerbal Motion LLC
[LOG 18:01:32.519] Config(AGENT) Squad/Agencies/Agents/Kerbin World-Firsts Record-Keeping Society
[LOG 18:01:32.519] Config(AGENT) Squad/Agencies/Agents/Kerbodyne
[LOG 18:01:32.519] Config(AGENT) Squad/Agencies/Agents/Kerlington Model Rockets and Paper Products Inc
[LOG 18:01:32.519] Config(AGENT) Squad/Agencies/Agents/Maxo Construction Toys
[LOG 18:01:32.519] Config(AGENT) Squad/Agencies/Agents/Moving Parts Experts Group
[LOG 18:01:32.519] Config(AGENT) Squad/Agencies/Agents/O.M.B. Demolition Enterprises
[LOG 18:01:32.519] Config(AGENT) Squad/Agencies/Agents/Periapsis Rocket Supplies Co
[LOG 18:01:32.519] Config(AGENT) Squad/Agencies/Agents/Probodobodyne Inc
[LOG 18:01:32.519] Config(AGENT) Squad/Agencies/Agents/Research & Development Department
[LOG 18:01:32.519] Config(AGENT) Squad/Agencies/Agents/Reaction Systems Ltd
[LOG 18:01:32.519] Config(AGENT) Squad/Agencies/Agents/Rockomax Conglomerate
[LOG 18:01:32.519] Config(AGENT) Squad/Agencies/Agents/Rokea Inc
[LOG 18:01:32.519] Config(AGENT) Squad/Agencies/Agents/Sean's Cannery
[LOG 18:01:32.519] Config(AGENT) Squad/Agencies/Agents/STEADLER Engineering Corps
[LOG 18:01:32.519] Config(AGENT) Squad/Agencies/Agents/StrutCo
[LOG 18:01:32.519] Config(AGENT) Squad/Agencies/Agents/Vac-Co Advanced Suction Systems
[LOG 18:01:32.519] Config(AGENT) Squad/Agencies/Agents/WinterOwl Aircraft Emporium
[LOG 18:01:32.519] Config(AGENT) Squad/Agencies/Agents/Zaltonic Electronics
[LOG 18:01:32.519] Config(CONTRACT_CONSTRUCTION_PARTS) Squad/Contracts/constructionContractParts/CONTRACT_CONSTRUCTION_PARTS
[LOG 18:01:32.519] Config(Contracts) Squad/Contracts/Contracts/Contracts
[LOG 18:01:32.519] Config(CONTRACTCRAFT) Squad/Contracts/PrebuiltCraft/prebuiltData/CONTRACTCRAFT
[LOG 18:01:32.519] Config(CONTRACTCRAFT) Squad/Contracts/PrebuiltCraft/OrbitalConstructionContract/orbitalConstructionContractCraft/CONTRACTCRAFT
[LOG 18:01:32.520] Config(CONTRACTCRAFT) Squad/Contracts/PrebuiltCraft/RepairContract/repairContractCraft/CONTRACTCRAFT
[LOG 18:01:32.520] Config(CONTRACTCRAFT) Squad/Contracts/PrebuiltCraft/RoverContract/roverContractCraft/CONTRACTCRAFT
[LOG 18:01:32.520] Config(KEYBOARD_LAYOUT) Squad/Controls/Azerty/#autoLOC_6001233
[LOG 18:01:32.520] Config(PITCH_DOWN) Squad/Controls/Azerty/PITCH_DOWN
[LOG 18:01:32.520] Config(PITCH_UP) Squad/Controls/Azerty/PITCH_UP
[LOG 18:01:32.520] Config(YAW_LEFT) Squad/Controls/Azerty/YAW_LEFT
[LOG 18:01:32.520] Config(YAW_RIGHT) Squad/Controls/Azerty/YAW_RIGHT
[LOG 18:01:32.520] Config(ROLL_LEFT) Squad/Controls/Azerty/ROLL_LEFT
[LOG 18:01:32.520] Config(ROLL_RIGHT) Squad/Controls/Azerty/ROLL_RIGHT
[LOG 18:01:32.520] Config(THROTTLE_UP) Squad/Controls/Azerty/THROTTLE_UP
[LOG 18:01:32.520] Config(THROTTLE_DOWN) Squad/Controls/Azerty/THROTTLE_DOWN
[LOG 18:01:32.520] Config(SAS_HOLD) Squad/Controls/Azerty/SAS_HOLD
[LOG 18:01:32.520] Config(SAS_TOGGLE) Squad/Controls/Azerty/SAS_TOGGLE
[LOG 18:01:32.520] Config(LAUNCH_STAGES) Squad/Controls/Azerty/LAUNCH_STAGES
[LOG 18:01:32.520] Config(Docking_toggleRotLin) Squad/Controls/Azerty/Docking_toggleRotLin
[LOG 18:01:32.520] Config(CAMERA_MODE) Squad/Controls/Azerty/CAMERA_MODE
[LOG 18:01:32.520] Config(CAMERA_NEXT) Squad/Controls/Azerty/CAMERA_NEXT
[LOG 18:01:32.520] Config(PAUSE) Squad/Controls/Azerty/PAUSE
[LOG 18:01:32.520] Config(PRECISION_CTRL) Squad/Controls/Azerty/PRECISION_CTRL
[LOG 18:01:32.520] Config(ZOOM_IN) Squad/Controls/Azerty/ZOOM_IN
[LOG 18:01:32.520] Config(ZOOM_OUT) Squad/Controls/Azerty/ZOOM_OUT
[LOG 18:01:32.520] Config(SCROLL_VIEW_UP) Squad/Controls/Azerty/SCROLL_VIEW_UP
[LOG 18:01:32.520] Config(SCROLL_VIEW_DOWN) Squad/Controls/Azerty/SCROLL_VIEW_DOWN
[LOG 18:01:32.520] Config(SCROLL_ICONS_UP) Squad/Controls/Azerty/SCROLL_ICONS_UP
[LOG 18:01:32.520] Config(SCROLL_ICONS_DOWN) Squad/Controls/Azerty/SCROLL_ICONS_DOWN
[LOG 18:01:32.520] Config(CAMERA_ORBIT_UP) Squad/Controls/Azerty/CAMERA_ORBIT_UP
[LOG 18:01:32.520] Config(CAMERA_ORBIT_DOWN) Squad/Controls/Azerty/CAMERA_ORBIT_DOWN
[LOG 18:01:32.520] Config(CAMERA_ORBIT_LEFT) Squad/Controls/Azerty/CAMERA_ORBIT_LEFT
[LOG 18:01:32.520] Config(CAMERA_ORBIT_RIGHT) Squad/Controls/Azerty/CAMERA_ORBIT_RIGHT
[LOG 18:01:32.521] Config(CAMERA_RESET) Squad/Controls/Azerty/CAMERA_RESET
[LOG 18:01:32.521] Config(CAMERA_MOUSE_TOGGLE) Squad/Controls/Azerty/CAMERA_MOUSE_TOGGLE
[LOG 18:01:32.521] Config(TIME_WARP_INCREASE) Squad/Controls/Azerty/TIME_WARP_INCREASE
[LOG 18:01:32.521] Config(TIME_WARP_DECREASE) Squad/Controls/Azerty/TIME_WARP_DECREASE
[LOG 18:01:32.521] Config(TIME_WARP_STOP) Squad/Controls/Azerty/TIME_WARP_STOP
[LOG 18:01:32.521] Config(MAP_VIEW_TOGGLE) Squad/Controls/Azerty/MAP_VIEW_TOGGLE
[LOG 18:01:32.521] Config(NAVBALL_TOGGLE) Squad/Controls/Azerty/NAVBALL_TOGGLE
[LOG 18:01:32.521] Config(UIMODE_STAGING) Squad/Controls/Azerty/UIMODE_STAGING
[LOG 18:01:32.521] Config(UIMODE_DOCKING) Squad/Controls/Azerty/UIMODE_DOCKING
[LOG 18:01:32.521] Config(TRANSLATE_DOWN) Squad/Controls/Azerty/TRANSLATE_DOWN
[LOG 18:01:32.521] Config(TRANSLATE_UP) Squad/Controls/Azerty/TRANSLATE_UP
[LOG 18:01:32.521] Config(TRANSLATE_LEFT) Squad/Controls/Azerty/TRANSLATE_LEFT
[LOG 18:01:32.521] Config(TRANSLATE_RIGHT) Squad/Controls/Azerty/TRANSLATE_RIGHT
[LOG 18:01:32.521] Config(TRANSLATE_FWD) Squad/Controls/Azerty/TRANSLATE_FWD
[LOG 18:01:32.521] Config(TRANSLATE_BACK) Squad/Controls/Azerty/TRANSLATE_BACK
[LOG 18:01:32.521] Config(RCS_TOGGLE) Squad/Controls/Azerty/RCS_TOGGLE
[LOG 18:01:32.521] Config(FOCUS_NEXT_VESSEL) Squad/Controls/Azerty/FOCUS_NEXT_VESSEL
[LOG 18:01:32.521] Config(FOCUS_PREV_VESSEL) Squad/Controls/Azerty/FOCUS_PREV_VESSEL
[LOG 18:01:32.521] Config(TOGGLE_UI) Squad/Controls/Azerty/TOGGLE_UI
[LOG 18:01:32.521] Config(TOGGLE_STATUS_SCREEN) Squad/Controls/Azerty/TOGGLE_STATUS_SCREEN
[LOG 18:01:32.521] Config(TAKE_SCREENSHOT) Squad/Controls/Azerty/TAKE_SCREENSHOT
[LOG 18:01:32.521] Config(TOGGLE_LABELS) Squad/Controls/Azerty/TOGGLE_LABELS
[LOG 18:01:32.521] Config(TOGGLE_TEMP_GAUGES) Squad/Controls/Azerty/TOGGLE_TEMP_GAUGES
[LOG 18:01:32.521] Config(TOGGLE_TEMP_OVERLAY) Squad/Controls/Azerty/TOGGLE_TEMP_OVERLAY
[LOG 18:01:32.521] Config(TOGGLE_FLIGHT_FORCES) Squad/Controls/Azerty/TOGGLE_FLIGHT_FORCES
[LOG 18:01:32.521] Config(QUICKSAVE) Squad/Controls/Azerty/QUICKSAVE
[LOG 18:01:32.521] Config(QUICKLOAD) Squad/Controls/Azerty/QUICKLOAD
[LOG 18:01:32.522] Config(THROTTLE_CUTOFF) Squad/Controls/Azerty/THROTTLE_CUTOFF
[LOG 18:01:32.522] Config(THROTTLE_FULL) Squad/Controls/Azerty/THROTTLE_FULL
[LOG 18:01:32.522] Config(LANDING_GEAR) Squad/Controls/Azerty/LANDING_GEAR
[LOG 18:01:32.522] Config(HEADLIGHT_TOGGLE) Squad/Controls/Azerty/HEADLIGHT_TOGGLE
[LOG 18:01:32.522] Config(BRAKES) Squad/Controls/Azerty/BRAKES
[LOG 18:01:32.522] Config(TOGGLE_SPACENAV_FLIGHT_CONTROL) Squad/Controls/Azerty/TOGGLE_SPACENAV_FLIGHT_CONTROL
[LOG 18:01:32.522] Config(TOGGLE_SPACENAV_ROLL_LOCK) Squad/Controls/Azerty/TOGGLE_SPACENAV_ROLL_LOCK
[LOG 18:01:32.522] Config(WHEEL_STEER_LEFT) Squad/Controls/Azerty/WHEEL_STEER_LEFT
[LOG 18:01:32.522] Config(WHEEL_STEER_RIGHT) Squad/Controls/Azerty/WHEEL_STEER_RIGHT
[LOG 18:01:32.522] Config(WHEEL_THROTTLE_DOWN) Squad/Controls/Azerty/WHEEL_THROTTLE_DOWN
[LOG 18:01:32.522] Config(WHEEL_THROTTLE_UP) Squad/Controls/Azerty/WHEEL_THROTTLE_UP
[LOG 18:01:32.522] Config(EVA_forward) Squad/Controls/Azerty/EVA_forward
[LOG 18:01:32.522] Config(EVA_back) Squad/Controls/Azerty/EVA_back
[LOG 18:01:32.522] Config(EVA_left) Squad/Controls/Azerty/EVA_left
[LOG 18:01:32.522] Config(EVA_right) Squad/Controls/Azerty/EVA_right
[LOG 18:01:32.522] Config(EVA_yaw_left) Squad/Controls/Azerty/EVA_yaw_left
[LOG 18:01:32.522] Config(EVA_yaw_right) Squad/Controls/Azerty/EVA_yaw_right
[LOG 18:01:32.522] Config(EVA_Pack_forward) Squad/Controls/Azerty/EVA_Pack_forward
[LOG 18:01:32.522] Config(EVA_Pack_back) Squad/Controls/Azerty/EVA_Pack_back
[LOG 18:01:32.522] Config(EVA_Pack_left) Squad/Controls/Azerty/EVA_Pack_left
[LOG 18:01:32.522] Config(EVA_Pack_right) Squad/Controls/Azerty/EVA_Pack_right
[LOG 18:01:32.522] Config(EVA_Pack_up) Squad/Controls/Azerty/EVA_Pack_up
[LOG 18:01:32.522] Config(EVA_Pack_down) Squad/Controls/Azerty/EVA_Pack_down
[LOG 18:01:32.522] Config(EVA_Jump) Squad/Controls/Azerty/EVA_Jump
[LOG 18:01:32.522] Config(EVA_Run) Squad/Controls/Azerty/EVA_Run
[LOG 18:01:32.522] Config(EVA_ToggleMovementMode) Squad/Controls/Azerty/EVA_ToggleMovementMode
[LOG 18:01:32.522] Config(EVA_TogglePack) Squad/Controls/Azerty/EVA_TogglePack
[LOG 18:01:32.522] Config(EVA_Use) Squad/Controls/Azerty/EVA_Use
[LOG 18:01:32.522] Config(EVA_Board) Squad/Controls/Azerty/EVA_Board
[LOG 18:01:32.523] Config(EVA_Orient) Squad/Controls/Azerty/EVA_Orient
[LOG 18:01:32.523] Config(EVA_Lights) Squad/Controls/Azerty/EVA_Lights
[LOG 18:01:32.523] Config(EVA_ChuteDeploy) Squad/Controls/Azerty/EVA_ChuteDeploy
[LOG 18:01:32.523] Config(Editor_pitchUp) Squad/Controls/Azerty/Editor_pitchUp
[LOG 18:01:32.523] Config(Editor_pitchDown) Squad/Controls/Azerty/Editor_pitchDown
[LOG 18:01:32.523] Config(Editor_yawLeft) Squad/Controls/Azerty/Editor_yawLeft
[LOG 18:01:32.523] Config(Editor_yawRight) Squad/Controls/Azerty/Editor_yawRight
[LOG 18:01:32.523] Config(Editor_rollLeft) Squad/Controls/Azerty/Editor_rollLeft
[LOG 18:01:32.523] Config(Editor_rollRight) Squad/Controls/Azerty/Editor_rollRight
[LOG 18:01:32.523] Config(Editor_resetRotation) Squad/Controls/Azerty/Editor_resetRotation
[LOG 18:01:32.523] Config(Editor_modePlace) Squad/Controls/Azerty/Editor_modePlace
[LOG 18:01:32.523] Config(Editor_modeOffset) Squad/Controls/Azerty/Editor_modeOffset
[LOG 18:01:32.523] Config(Editor_modeRotate) Squad/Controls/Azerty/Editor_modeRotate
[LOG 18:01:32.523] Config(Editor_modeRoot) Squad/Controls/Azerty/Editor_modeRoot
[LOG 18:01:32.523] Config(Editor_coordSystem) Squad/Controls/Azerty/Editor_coordSystem
[LOG 18:01:32.523] Config(Editor_toggleSymMethod) Squad/Controls/Azerty/Editor_toggleSymMethod
[LOG 18:01:32.523] Config(Editor_toggleSymMode) Squad/Controls/Azerty/Editor_toggleSymMode
[LOG 18:01:32.523] Config(Editor_toggleAngleSnap) Squad/Controls/Azerty/Editor_toggleAngleSnap
[LOG 18:01:32.523] Config(Editor_fineTweak) Squad/Controls/Azerty/Editor_fineTweak
[LOG 18:01:32.523] Config(Editor_partSearch) Squad/Controls/Azerty/Editor_partSearch
[LOG 18:01:32.523] Config(Editor_zoomScrollModifier) Squad/Controls/Azerty/Editor_zoomScrollModifier
[LOG 18:01:32.523] Config(MODIFIER_KEY) Squad/Controls/Azerty/MODIFIER_KEY
[LOG 18:01:32.523] Config(AbortActionGroup) Squad/Controls/Azerty/AbortActionGroup
[LOG 18:01:32.523] Config(CustomActionGroup1) Squad/Controls/Azerty/CustomActionGroup1
[LOG 18:01:32.523] Config(CustomActionGroup2) Squad/Controls/Azerty/CustomActionGroup2
[LOG 18:01:32.524] Config(CustomActionGroup3) Squad/Controls/Azerty/CustomActionGroup3
[LOG 18:01:32.524] Config(CustomActionGroup4) Squad/Controls/Azerty/CustomActionGroup4
[LOG 18:01:32.524] Config(CustomActionGroup5) Squad/Controls/Azerty/CustomActionGroup5
[LOG 18:01:32.524] Config(CustomActionGroup6) Squad/Controls/Azerty/CustomActionGroup6
[LOG 18:01:32.524] Config(CustomActionGroup7) Squad/Controls/Azerty/CustomActionGroup7
[LOG 18:01:32.524] Config(CustomActionGroup8) Squad/Controls/Azerty/CustomActionGroup8
[LOG 18:01:32.524] Config(CustomActionGroup9) Squad/Controls/Azerty/CustomActionGroup9
[LOG 18:01:32.524] Config(CustomActionGroup10) Squad/Controls/Azerty/CustomActionGroup10
[LOG 18:01:32.524] Config(KEY_MAP) Squad/Controls/Azerty/KEY_MAP
[LOG 18:01:32.524] Config(KEYBOARD_LAYOUT) Squad/Controls/Dvorak/#autoLOC_6001234
[LOG 18:01:32.524] Config(PITCH_DOWN) Squad/Controls/Dvorak/PITCH_DOWN
[LOG 18:01:32.524] Config(PITCH_UP) Squad/Controls/Dvorak/PITCH_UP
[LOG 18:01:32.524] Config(YAW_LEFT) Squad/Controls/Dvorak/YAW_LEFT
[LOG 18:01:32.524] Config(YAW_RIGHT) Squad/Controls/Dvorak/YAW_RIGHT
[LOG 18:01:32.524] Config(ROLL_LEFT) Squad/Controls/Dvorak/ROLL_LEFT
[LOG 18:01:32.524] Config(ROLL_RIGHT) Squad/Controls/Dvorak/ROLL_RIGHT
[LOG 18:01:32.524] Config(THROTTLE_UP) Squad/Controls/Dvorak/THROTTLE_UP
[LOG 18:01:32.524] Config(THROTTLE_DOWN) Squad/Controls/Dvorak/THROTTLE_DOWN
[LOG 18:01:32.524] Config(SAS_HOLD) Squad/Controls/Dvorak/SAS_HOLD
[LOG 18:01:32.524] Config(SAS_TOGGLE) Squad/Controls/Dvorak/SAS_TOGGLE
[LOG 18:01:32.524] Config(LAUNCH_STAGES) Squad/Controls/Dvorak/LAUNCH_STAGES
[LOG 18:01:32.524] Config(Docking_toggleRotLin) Squad/Controls/Dvorak/Docking_toggleRotLin
[LOG 18:01:32.524] Config(CAMERA_MODE) Squad/Controls/Dvorak/CAMERA_MODE
[LOG 18:01:32.524] Config(CAMERA_NEXT) Squad/Controls/Dvorak/CAMERA_NEXT
[LOG 18:01:32.524] Config(PAUSE) Squad/Controls/Dvorak/PAUSE
[LOG 18:01:32.524] Config(PRECISION_CTRL) Squad/Controls/Dvorak/PRECISION_CTRL
[LOG 18:01:32.524] Config(ZOOM_IN) Squad/Controls/Dvorak/ZOOM_IN
[LOG 18:01:32.524] Config(ZOOM_OUT) Squad/Controls/Dvorak/ZOOM_OUT
[LOG 18:01:32.524] Config(SCROLL_VIEW_UP) Squad/Controls/Dvorak/SCROLL_VIEW_UP
[LOG 18:01:32.524] Config(SCROLL_VIEW_DOWN) Squad/Controls/Dvorak/SCROLL_VIEW_DOWN
[LOG 18:01:32.525] Config(SCROLL_ICONS_UP) Squad/Controls/Dvorak/SCROLL_ICONS_UP
[LOG 18:01:32.525] Config(SCROLL_ICONS_DOWN) Squad/Controls/Dvorak/SCROLL_ICONS_DOWN
[LOG 18:01:32.525] Config(CAMERA_ORBIT_UP) Squad/Controls/Dvorak/CAMERA_ORBIT_UP
[LOG 18:01:32.525] Config(CAMERA_ORBIT_DOWN) Squad/Controls/Dvorak/CAMERA_ORBIT_DOWN
[LOG 18:01:32.525] Config(CAMERA_ORBIT_LEFT) Squad/Controls/Dvorak/CAMERA_ORBIT_LEFT
[LOG 18:01:32.525] Config(CAMERA_ORBIT_RIGHT) Squad/Controls/Dvorak/CAMERA_ORBIT_RIGHT
[LOG 18:01:32.525] Config(CAMERA_RESET) Squad/Controls/Dvorak/CAMERA_RESET
[LOG 18:01:32.525] Config(CAMERA_MOUSE_TOGGLE) Squad/Controls/Dvorak/CAMERA_MOUSE_TOGGLE
[LOG 18:01:32.525] Config(TIME_WARP_INCREASE) Squad/Controls/Dvorak/TIME_WARP_INCREASE
[LOG 18:01:32.525] Config(TIME_WARP_DECREASE) Squad/Controls/Dvorak/TIME_WARP_DECREASE
[LOG 18:01:32.525] Config(TIME_WARP_STOP) Squad/Controls/Dvorak/TIME_WARP_STOP
[LOG 18:01:32.525] Config(MAP_VIEW_TOGGLE) Squad/Controls/Dvorak/MAP_VIEW_TOGGLE
[LOG 18:01:32.525] Config(NAVBALL_TOGGLE) Squad/Controls/Dvorak/NAVBALL_TOGGLE
[LOG 18:01:32.525] Config(UIMODE_STAGING) Squad/Controls/Dvorak/UIMODE_STAGING
[LOG 18:01:32.525] Config(UIMODE_DOCKING) Squad/Controls/Dvorak/UIMODE_DOCKING
[LOG 18:01:32.525] Config(TRANSLATE_DOWN) Squad/Controls/Dvorak/TRANSLATE_DOWN
[LOG 18:01:32.525] Config(TRANSLATE_UP) Squad/Controls/Dvorak/TRANSLATE_UP
[LOG 18:01:32.525] Config(TRANSLATE_LEFT) Squad/Controls/Dvorak/TRANSLATE_LEFT
[LOG 18:01:32.525] Config(TRANSLATE_RIGHT) Squad/Controls/Dvorak/TRANSLATE_RIGHT
[LOG 18:01:32.525] Config(TRANSLATE_FWD) Squad/Controls/Dvorak/TRANSLATE_FWD
[LOG 18:01:32.525] Config(TRANSLATE_BACK) Squad/Controls/Dvorak/TRANSLATE_BACK
[LOG 18:01:32.525] Config(RCS_TOGGLE) Squad/Controls/Dvorak/RCS_TOGGLE
[LOG 18:01:32.525] Config(FOCUS_NEXT_VESSEL) Squad/Controls/Dvorak/FOCUS_NEXT_VESSEL
[LOG 18:01:32.525] Config(FOCUS_PREV_VESSEL) Squad/Controls/Dvorak/FOCUS_PREV_VESSEL
[LOG 18:01:32.525] Config(TOGGLE_UI) Squad/Controls/Dvorak/TOGGLE_UI
[LOG 18:01:32.525] Config(TOGGLE_STATUS_SCREEN) Squad/Controls/Dvorak/TOGGLE_STATUS_SCREEN
[LOG 18:01:32.525] Config(TAKE_SCREENSHOT) Squad/Controls/Dvorak/TAKE_SCREENSHOT
[LOG 18:01:32.526] Config(TOGGLE_LABELS) Squad/Controls/Dvorak/TOGGLE_LABELS
[LOG 18:01:32.526] Config(TOGGLE_TEMP_GAUGES) Squad/Controls/Dvorak/TOGGLE_TEMP_GAUGES
[LOG 18:01:32.526] Config(TOGGLE_TEMP_OVERLAY) Squad/Controls/Dvorak/TOGGLE_TEMP_OVERLAY
[LOG 18:01:32.526] Config(TOGGLE_FLIGHT_FORCES) Squad/Controls/Dvorak/TOGGLE_FLIGHT_FORCES
[LOG 18:01:32.526] Config(QUICKSAVE) Squad/Controls/Dvorak/QUICKSAVE
[LOG 18:01:32.526] Config(QUICKLOAD) Squad/Controls/Dvorak/QUICKLOAD
[LOG 18:01:32.526] Config(THROTTLE_CUTOFF) Squad/Controls/Dvorak/THROTTLE_CUTOFF
[LOG 18:01:32.526] Config(THROTTLE_FULL) Squad/Controls/Dvorak/THROTTLE_FULL
[LOG 18:01:32.526] Config(LANDING_GEAR) Squad/Controls/Dvorak/LANDING_GEAR
[LOG 18:01:32.526] Config(HEADLIGHT_TOGGLE) Squad/Controls/Dvorak/HEADLIGHT_TOGGLE
[LOG 18:01:32.526] Config(BRAKES) Squad/Controls/Dvorak/BRAKES
[LOG 18:01:32.526] Config(TOGGLE_SPACENAV_FLIGHT_CONTROL) Squad/Controls/Dvorak/TOGGLE_SPACENAV_FLIGHT_CONTROL
[LOG 18:01:32.526] Config(TOGGLE_SPACENAV_ROLL_LOCK) Squad/Controls/Dvorak/TOGGLE_SPACENAV_ROLL_LOCK
[LOG 18:01:32.526] Config(WHEEL_STEER_LEFT) Squad/Controls/Dvorak/WHEEL_STEER_LEFT
[LOG 18:01:32.526] Config(WHEEL_STEER_RIGHT) Squad/Controls/Dvorak/WHEEL_STEER_RIGHT
[LOG 18:01:32.526] Config(WHEEL_THROTTLE_DOWN) Squad/Controls/Dvorak/WHEEL_THROTTLE_DOWN
[LOG 18:01:32.526] Config(WHEEL_THROTTLE_UP) Squad/Controls/Dvorak/WHEEL_THROTTLE_UP
[LOG 18:01:32.526] Config(EVA_forward) Squad/Controls/Dvorak/EVA_forward
[LOG 18:01:32.526] Config(EVA_back) Squad/Controls/Dvorak/EVA_back
[LOG 18:01:32.526] Config(EVA_left) Squad/Controls/Dvorak/EVA_left
[LOG 18:01:32.526] Config(EVA_right) Squad/Controls/Dvorak/EVA_right
[LOG 18:01:32.526] Config(EVA_yaw_left) Squad/Controls/Dvorak/EVA_yaw_left
[LOG 18:01:32.526] Config(EVA_yaw_right) Squad/Controls/Dvorak/EVA_yaw_right
[LOG 18:01:32.526] Config(EVA_Pack_forward) Squad/Controls/Dvorak/EVA_Pack_forward
[LOG 18:01:32.526] Config(EVA_Pack_back) Squad/Controls/Dvorak/EVA_Pack_back
[LOG 18:01:32.526] Config(EVA_Pack_left) Squad/Controls/Dvorak/EVA_Pack_left
[LOG 18:01:32.526] Config(EVA_Pack_right) Squad/Controls/Dvorak/EVA_Pack_right
[LOG 18:01:32.526] Config(EVA_Pack_up) Squad/Controls/Dvorak/EVA_Pack_up
[LOG 18:01:32.526] Config(EVA_Pack_down) Squad/Controls/Dvorak/EVA_Pack_down
[LOG 18:01:32.526] Config(EVA_Jump) Squad/Controls/Dvorak/EVA_Jump
[LOG 18:01:32.527] Config(EVA_Run) Squad/Controls/Dvorak/EVA_Run
[LOG 18:01:32.527] Config(EVA_ToggleMovementMode) Squad/Controls/Dvorak/EVA_ToggleMovementMode
[LOG 18:01:32.527] Config(EVA_TogglePack) Squad/Controls/Dvorak/EVA_TogglePack
[LOG 18:01:32.527] Config(EVA_Use) Squad/Controls/Dvorak/EVA_Use
[LOG 18:01:32.527] Config(EVA_Board) Squad/Controls/Dvorak/EVA_Board
[LOG 18:01:32.527] Config(EVA_Orient) Squad/Controls/Dvorak/EVA_Orient
[LOG 18:01:32.527] Config(EVA_Lights) Squad/Controls/Dvorak/EVA_Lights
[LOG 18:01:32.527] Config(EVA_ChuteDeploy) Squad/Controls/Dvorak/EVA_ChuteDeploy
[LOG 18:01:32.527] Config(Editor_pitchUp) Squad/Controls/Dvorak/Editor_pitchUp
[LOG 18:01:32.527] Config(Editor_pitchDown) Squad/Controls/Dvorak/Editor_pitchDown
[LOG 18:01:32.527] Config(Editor_yawLeft) Squad/Controls/Dvorak/Editor_yawLeft
[LOG 18:01:32.527] Config(Editor_yawRight) Squad/Controls/Dvorak/Editor_yawRight
[LOG 18:01:32.527] Config(Editor_rollLeft) Squad/Controls/Dvorak/Editor_rollLeft
[LOG 18:01:32.527] Config(Editor_rollRight) Squad/Controls/Dvorak/Editor_rollRight
[LOG 18:01:32.527] Config(Editor_resetRotation) Squad/Controls/Dvorak/Editor_resetRotation
[LOG 18:01:32.527] Config(Editor_modePlace) Squad/Controls/Dvorak/Editor_modePlace
[LOG 18:01:32.527] Config(Editor_modeOffset) Squad/Controls/Dvorak/Editor_modeOffset
[LOG 18:01:32.527] Config(Editor_modeRotate) Squad/Controls/Dvorak/Editor_modeRotate
[LOG 18:01:32.527] Config(Editor_modeRoot) Squad/Controls/Dvorak/Editor_modeRoot
[LOG 18:01:32.527] Config(Editor_coordSystem) Squad/Controls/Dvorak/Editor_coordSystem
[LOG 18:01:32.527] Config(Editor_toggleSymMethod) Squad/Controls/Dvorak/Editor_toggleSymMethod
[LOG 18:01:32.527] Config(Editor_toggleSymMode) Squad/Controls/Dvorak/Editor_toggleSymMode
[LOG 18:01:32.527] Config(Editor_toggleAngleSnap) Squad/Controls/Dvorak/Editor_toggleAngleSnap
[LOG 18:01:32.527] Config(Editor_fineTweak) Squad/Controls/Dvorak/Editor_fineTweak
[LOG 18:01:32.527] Config(Editor_partSearch) Squad/Controls/Dvorak/Editor_partSearch
[LOG 18:01:32.527] Config(Editor_zoomScrollModifier) Squad/Controls/Dvorak/Editor_zoomScrollModifier
[LOG 18:01:32.527] Config(MODIFIER_KEY) Squad/Controls/Dvorak/MODIFIER_KEY
[LOG 18:01:32.527] Config(AbortActionGroup) Squad/Controls/Dvorak/AbortActionGroup
[LOG 18:01:32.527] Config(CustomActionGroup1) Squad/Controls/Dvorak/CustomActionGroup1
[LOG 18:01:32.527] Config(CustomActionGroup2) Squad/Controls/Dvorak/CustomActionGroup2
[LOG 18:01:32.528] Config(CustomActionGroup3) Squad/Controls/Dvorak/CustomActionGroup3
[LOG 18:01:32.528] Config(CustomActionGroup4) Squad/Controls/Dvorak/CustomActionGroup4
[LOG 18:01:32.528] Config(CustomActionGroup5) Squad/Controls/Dvorak/CustomActionGroup5
[LOG 18:01:32.528] Config(CustomActionGroup6) Squad/Controls/Dvorak/CustomActionGroup6
[LOG 18:01:32.528] Config(CustomActionGroup7) Squad/Controls/Dvorak/CustomActionGroup7
[LOG 18:01:32.528] Config(CustomActionGroup8) Squad/Controls/Dvorak/CustomActionGroup8
[LOG 18:01:32.528] Config(CustomActionGroup9) Squad/Controls/Dvorak/CustomActionGroup9
[LOG 18:01:32.528] Config(CustomActionGroup10) Squad/Controls/Dvorak/CustomActionGroup10
[LOG 18:01:32.528] Config(KEY_MAP) Squad/Controls/Dvorak/KEY_MAP
[LOG 18:01:32.528] Config(KEYBOARD_LAYOUT) Squad/Controls/Qwerty/#autoLOC_6001227
[LOG 18:01:32.528] Config(PITCH_DOWN) Squad/Controls/Qwerty/PITCH_DOWN
[LOG 18:01:32.528] Config(PITCH_UP) Squad/Controls/Qwerty/PITCH_UP
[LOG 18:01:32.528] Config(YAW_LEFT) Squad/Controls/Qwerty/YAW_LEFT
[LOG 18:01:32.528] Config(YAW_RIGHT) Squad/Controls/Qwerty/YAW_RIGHT
[LOG 18:01:32.528] Config(ROLL_LEFT) Squad/Controls/Qwerty/ROLL_LEFT
[LOG 18:01:32.528] Config(ROLL_RIGHT) Squad/Controls/Qwerty/ROLL_RIGHT
[LOG 18:01:32.528] Config(THROTTLE_UP) Squad/Controls/Qwerty/THROTTLE_UP
[LOG 18:01:32.528] Config(THROTTLE_DOWN) Squad/Controls/Qwerty/THROTTLE_DOWN
[LOG 18:01:32.528] Config(SAS_HOLD) Squad/Controls/Qwerty/SAS_HOLD
[LOG 18:01:32.528] Config(SAS_TOGGLE) Squad/Controls/Qwerty/SAS_TOGGLE
[LOG 18:01:32.528] Config(LAUNCH_STAGES) Squad/Controls/Qwerty/LAUNCH_STAGES
[LOG 18:01:32.528] Config(Docking_toggleRotLin) Squad/Controls/Qwerty/Docking_toggleRotLin
[LOG 18:01:32.528] Config(CAMERA_MODE) Squad/Controls/Qwerty/CAMERA_MODE
[LOG 18:01:32.528] Config(CAMERA_NEXT) Squad/Controls/Qwerty/CAMERA_NEXT
[LOG 18:01:32.528] Config(PAUSE) Squad/Controls/Qwerty/PAUSE
[LOG 18:01:32.528] Config(PRECISION_CTRL) Squad/Controls/Qwerty/PRECISION_CTRL
[LOG 18:01:32.528] Config(ZOOM_IN) Squad/Controls/Qwerty/ZOOM_IN
[LOG 18:01:32.529] Config(ZOOM_OUT) Squad/Controls/Qwerty/ZOOM_OUT
[LOG 18:01:32.529] Config(SCROLL_VIEW_UP) Squad/Controls/Qwerty/SCROLL_VIEW_UP
[LOG 18:01:32.529] Config(SCROLL_VIEW_DOWN) Squad/Controls/Qwerty/SCROLL_VIEW_DOWN
[LOG 18:01:32.529] Config(SCROLL_ICONS_UP) Squad/Controls/Qwerty/SCROLL_ICONS_UP
[LOG 18:01:32.529] Config(SCROLL_ICONS_DOWN) Squad/Controls/Qwerty/SCROLL_ICONS_DOWN
[LOG 18:01:32.529] Config(CAMERA_ORBIT_UP) Squad/Controls/Qwerty/CAMERA_ORBIT_UP
[LOG 18:01:32.529] Config(CAMERA_ORBIT_DOWN) Squad/Controls/Qwerty/CAMERA_ORBIT_DOWN
[LOG 18:01:32.529] Config(CAMERA_ORBIT_LEFT) Squad/Controls/Qwerty/CAMERA_ORBIT_LEFT
[LOG 18:01:32.529] Config(CAMERA_ORBIT_RIGHT) Squad/Controls/Qwerty/CAMERA_ORBIT_RIGHT
[LOG 18:01:32.529] Config(CAMERA_RESET) Squad/Controls/Qwerty/CAMERA_RESET
[LOG 18:01:32.529] Config(CAMERA_MOUSE_TOGGLE) Squad/Controls/Qwerty/CAMERA_MOUSE_TOGGLE
[LOG 18:01:32.529] Config(TIME_WARP_INCREASE) Squad/Controls/Qwerty/TIME_WARP_INCREASE
[LOG 18:01:32.529] Config(TIME_WARP_DECREASE) Squad/Controls/Qwerty/TIME_WARP_DECREASE
[LOG 18:01:32.529] Config(TIME_WARP_STOP) Squad/Controls/Qwerty/TIME_WARP_STOP
[LOG 18:01:32.529] Config(MAP_VIEW_TOGGLE) Squad/Controls/Qwerty/MAP_VIEW_TOGGLE
[LOG 18:01:32.529] Config(NAVBALL_TOGGLE) Squad/Controls/Qwerty/NAVBALL_TOGGLE
[LOG 18:01:32.529] Config(UIMODE_STAGING) Squad/Controls/Qwerty/UIMODE_STAGING
[LOG 18:01:32.529] Config(UIMODE_DOCKING) Squad/Controls/Qwerty/UIMODE_DOCKING
[LOG 18:01:32.529] Config(TRANSLATE_DOWN) Squad/Controls/Qwerty/TRANSLATE_DOWN
[LOG 18:01:32.529] Config(TRANSLATE_UP) Squad/Controls/Qwerty/TRANSLATE_UP
[LOG 18:01:32.529] Config(TRANSLATE_LEFT) Squad/Controls/Qwerty/TRANSLATE_LEFT
[LOG 18:01:32.529] Config(TRANSLATE_RIGHT) Squad/Controls/Qwerty/TRANSLATE_RIGHT
[LOG 18:01:32.529] Config(TRANSLATE_FWD) Squad/Controls/Qwerty/TRANSLATE_FWD
[LOG 18:01:32.529] Config(TRANSLATE_BACK) Squad/Controls/Qwerty/TRANSLATE_BACK
[LOG 18:01:32.529] Config(RCS_TOGGLE) Squad/Controls/Qwerty/RCS_TOGGLE
[LOG 18:01:32.529] Config(FOCUS_NEXT_VESSEL) Squad/Controls/Qwerty/FOCUS_NEXT_VESSEL
[LOG 18:01:32.529] Config(FOCUS_PREV_VESSEL) Squad/Controls/Qwerty/FOCUS_PREV_VESSEL
[LOG 18:01:32.529] Config(TOGGLE_UI) Squad/Controls/Qwerty/TOGGLE_UI
[LOG 18:01:32.529] Config(TOGGLE_STATUS_SCREEN) Squad/Controls/Qwerty/TOGGLE_STATUS_SCREEN
[LOG 18:01:32.529] Config(TAKE_SCREENSHOT) Squad/Controls/Qwerty/TAKE_SCREENSHOT
[LOG 18:01:32.530] Config(TOGGLE_LABELS) Squad/Controls/Qwerty/TOGGLE_LABELS
[LOG 18:01:32.530] Config(TOGGLE_TEMP_GAUGES) Squad/Controls/Qwerty/TOGGLE_TEMP_GAUGES
[LOG 18:01:32.530] Config(TOGGLE_TEMP_OVERLAY) Squad/Controls/Qwerty/TOGGLE_TEMP_OVERLAY
[LOG 18:01:32.530] Config(TOGGLE_FLIGHT_FORCES) Squad/Controls/Qwerty/TOGGLE_FLIGHT_FORCES
[LOG 18:01:32.530] Config(QUICKSAVE) Squad/Controls/Qwerty/QUICKSAVE
[LOG 18:01:32.530] Config(QUICKLOAD) Squad/Controls/Qwerty/QUICKLOAD
[LOG 18:01:32.530] Config(THROTTLE_CUTOFF) Squad/Controls/Qwerty/THROTTLE_CUTOFF
[LOG 18:01:32.530] Config(THROTTLE_FULL) Squad/Controls/Qwerty/THROTTLE_FULL
[LOG 18:01:32.530] Config(LANDING_GEAR) Squad/Controls/Qwerty/LANDING_GEAR
[LOG 18:01:32.530] Config(HEADLIGHT_TOGGLE) Squad/Controls/Qwerty/HEADLIGHT_TOGGLE
[LOG 18:01:32.530] Config(BRAKES) Squad/Controls/Qwerty/BRAKES
[LOG 18:01:32.530] Config(TOGGLE_SPACENAV_FLIGHT_CONTROL) Squad/Controls/Qwerty/TOGGLE_SPACENAV_FLIGHT_CONTROL
[LOG 18:01:32.530] Config(TOGGLE_SPACENAV_ROLL_LOCK) Squad/Controls/Qwerty/TOGGLE_SPACENAV_ROLL_LOCK
[LOG 18:01:32.530] Config(WHEEL_STEER_LEFT) Squad/Controls/Qwerty/WHEEL_STEER_LEFT
[LOG 18:01:32.530] Config(WHEEL_STEER_RIGHT) Squad/Controls/Qwerty/WHEEL_STEER_RIGHT
[LOG 18:01:32.530] Config(WHEEL_THROTTLE_DOWN) Squad/Controls/Qwerty/WHEEL_THROTTLE_DOWN
[LOG 18:01:32.530] Config(WHEEL_THROTTLE_UP) Squad/Controls/Qwerty/WHEEL_THROTTLE_UP
[LOG 18:01:32.530] Config(EVA_forward) Squad/Controls/Qwerty/EVA_forward
[LOG 18:01:32.530] Config(EVA_back) Squad/Controls/Qwerty/EVA_back
[LOG 18:01:32.530] Config(EVA_left) Squad/Controls/Qwerty/EVA_left
[LOG 18:01:32.530] Config(EVA_right) Squad/Controls/Qwerty/EVA_right
[LOG 18:01:32.530] Config(EVA_yaw_left) Squad/Controls/Qwerty/EVA_yaw_left
[LOG 18:01:32.530] Config(EVA_yaw_right) Squad/Controls/Qwerty/EVA_yaw_right
[LOG 18:01:32.530] Config(EVA_Pack_forward) Squad/Controls/Qwerty/EVA_Pack_forward
[LOG 18:01:32.530] Config(EVA_Pack_back) Squad/Controls/Qwerty/EVA_Pack_back
[LOG 18:01:32.530] Config(EVA_Pack_left) Squad/Controls/Qwerty/EVA_Pack_left
[LOG 18:01:32.530] Config(EVA_Pack_right) Squad/Controls/Qwerty/EVA_Pack_right
[LOG 18:01:32.530] Config(EVA_Pack_up) Squad/Controls/Qwerty/EVA_Pack_up
[LOG 18:01:32.530] Config(EVA_Pack_down) Squad/Controls/Qwerty/EVA_Pack_down
[LOG 18:01:32.530] Config(EVA_Jump) Squad/Controls/Qwerty/EVA_Jump
[LOG 18:01:32.530] Config(EVA_Run) Squad/Controls/Qwerty/EVA_Run
[LOG 18:01:32.531] Config(EVA_ToggleMovementMode) Squad/Controls/Qwerty/EVA_ToggleMovementMode
[LOG 18:01:32.531] Config(EVA_TogglePack) Squad/Controls/Qwerty/EVA_TogglePack
[LOG 18:01:32.531] Config(EVA_Use) Squad/Controls/Qwerty/EVA_Use
[LOG 18:01:32.531] Config(EVA_Board) Squad/Controls/Qwerty/EVA_Board
[LOG 18:01:32.531] Config(EVA_Orient) Squad/Controls/Qwerty/EVA_Orient
[LOG 18:01:32.531] Config(EVA_Lights) Squad/Controls/Qwerty/EVA_Lights
[LOG 18:01:32.531] Config(EVA_ChuteDeploy) Squad/Controls/Qwerty/EVA_ChuteDeploy
[LOG 18:01:32.531] Config(Editor_pitchUp) Squad/Controls/Qwerty/Editor_pitchUp
[LOG 18:01:32.531] Config(Editor_pitchDown) Squad/Controls/Qwerty/Editor_pitchDown
[LOG 18:01:32.531] Config(Editor_yawLeft) Squad/Controls/Qwerty/Editor_yawLeft
[LOG 18:01:32.531] Config(Editor_yawRight) Squad/Controls/Qwerty/Editor_yawRight
[LOG 18:01:32.531] Config(Editor_rollLeft) Squad/Controls/Qwerty/Editor_rollLeft
[LOG 18:01:32.531] Config(Editor_rollRight) Squad/Controls/Qwerty/Editor_rollRight
[LOG 18:01:32.531] Config(Editor_resetRotation) Squad/Controls/Qwerty/Editor_resetRotation
[LOG 18:01:32.531] Config(Editor_modePlace) Squad/Controls/Qwerty/Editor_modePlace
[LOG 18:01:32.531] Config(Editor_modeOffset) Squad/Controls/Qwerty/Editor_modeOffset
[LOG 18:01:32.531] Config(Editor_modeRotate) Squad/Controls/Qwerty/Editor_modeRotate
[LOG 18:01:32.531] Config(Editor_modeRoot) Squad/Controls/Qwerty/Editor_modeRoot
[LOG 18:01:32.531] Config(Editor_coordSystem) Squad/Controls/Qwerty/Editor_coordSystem
[LOG 18:01:32.531] Config(Editor_toggleSymMethod) Squad/Controls/Qwerty/Editor_toggleSymMethod
[LOG 18:01:32.531] Config(Editor_toggleSymMode) Squad/Controls/Qwerty/Editor_toggleSymMode
[LOG 18:01:32.531] Config(Editor_toggleAngleSnap) Squad/Controls/Qwerty/Editor_toggleAngleSnap
[LOG 18:01:32.531] Config(Editor_fineTweak) Squad/Controls/Qwerty/Editor_fineTweak
[LOG 18:01:32.531] Config(Editor_partSearch) Squad/Controls/Qwerty/Editor_partSearch
[LOG 18:01:32.531] Config(Editor_zoomScrollModifier) Squad/Controls/Qwerty/Editor_zoomScrollModifier
[LOG 18:01:32.531] Config(MODIFIER_KEY) Squad/Controls/Qwerty/MODIFIER_KEY
[LOG 18:01:32.531] Config(AbortActionGroup) Squad/Controls/Qwerty/AbortActionGroup
[LOG 18:01:32.531] Config(CustomActionGroup1) Squad/Controls/Qwerty/CustomActionGroup1
[LOG 18:01:32.531] Config(CustomActionGroup2) Squad/Controls/Qwerty/CustomActionGroup2
[LOG 18:01:32.532] Config(CustomActionGroup3) Squad/Controls/Qwerty/CustomActionGroup3
[LOG 18:01:32.532] Config(CustomActionGroup4) Squad/Controls/Qwerty/CustomActionGroup4
[LOG 18:01:32.532] Config(CustomActionGroup5) Squad/Controls/Qwerty/CustomActionGroup5
[LOG 18:01:32.532] Config(CustomActionGroup6) Squad/Controls/Qwerty/CustomActionGroup6
[LOG 18:01:32.532] Config(CustomActionGroup7) Squad/Controls/Qwerty/CustomActionGroup7
[LOG 18:01:32.532] Config(CustomActionGroup8) Squad/Controls/Qwerty/CustomActionGroup8
[LOG 18:01:32.532] Config(CustomActionGroup9) Squad/Controls/Qwerty/CustomActionGroup9
[LOG 18:01:32.532] Config(CustomActionGroup10) Squad/Controls/Qwerty/CustomActionGroup10
[LOG 18:01:32.532] Config(KEY_MAP) Squad/Controls/Qwerty/KEY_MAP
[LOG 18:01:32.532] Config(KEYBOARD_LAYOUT) Squad/Controls/Qwerty_en-GB/#autoLOC_6001228
[LOG 18:01:32.532] Config(KEY_MAP) Squad/Controls/Qwerty_en-GB/KEY_MAP
[LOG 18:01:32.532] Config(KEYBOARD_LAYOUT) Squad/Controls/Qwerty_es-LA/#autoLOC_6001229
[LOG 18:01:32.532] Config(CAMERA_MOUSE_TOGGLE) Squad/Controls/Qwerty_es-LA/CAMERA_MOUSE_TOGGLE
[LOG 18:01:32.532] Config(TIME_WARP_STOP) Squad/Controls/Qwerty_es-LA/TIME_WARP_STOP
[LOG 18:01:32.532] Config(FOCUS_NEXT_VESSEL) Squad/Controls/Qwerty_es-LA/FOCUS_NEXT_VESSEL
[LOG 18:01:32.532] Config(FOCUS_PREV_VESSEL) Squad/Controls/Qwerty_es-LA/FOCUS_PREV_VESSEL
[LOG 18:01:32.532] Config(CAMERA_RESET) Squad/Controls/Qwerty_es-LA/CAMERA_RESET
[LOG 18:01:32.532] Config(Editor_partSearch) Squad/Controls/Qwerty_es-LA/Editor_partSearch
[LOG 18:01:32.532] Config(KEY_MAP) Squad/Controls/Qwerty_es-LA/KEY_MAP
[LOG 18:01:32.532] Config(KEYBOARD_LAYOUT) Squad/Controls/Qwerty_it-IT/#autoLOC_6001230
[LOG 18:01:32.532] Config(FOCUS_NEXT_VESSEL) Squad/Controls/Qwerty_it-IT/FOCUS_NEXT_VESSEL
[LOG 18:01:32.532] Config(FOCUS_PREV_VESSEL) Squad/Controls/Qwerty_it-IT/FOCUS_PREV_VESSEL
[LOG 18:01:32.532] Config(CAMERA_MOUSE_TOGGLE) Squad/Controls/Qwerty_it-IT/CAMERA_MOUSE_TOGGLE
[LOG 18:01:32.532] Config(TIME_WARP_STOP) Squad/Controls/Qwerty_it-IT/TIME_WARP_STOP
[LOG 18:01:32.532] Config(CAMERA_RESET) Squad/Controls/Qwerty_it-IT/CAMERA_RESET
[LOG 18:01:32.532] Config(Editor_partSearch) Squad/Controls/Qwerty_it-IT/Editor_partSearch
[LOG 18:01:32.532] Config(KEY_MAP) Squad/Controls/Qwerty_it-IT/KEY_MAP
[LOG 18:01:32.532] Config(KEYBOARD_LAYOUT) Squad/Controls/Qwerty_ja-JP/#autoLOC_6001231
[LOG 18:01:32.532] Config(FOCUS_NEXT_VESSEL) Squad/Controls/Qwerty_ja-JP/FOCUS_NEXT_VESSEL
[LOG 18:01:32.533] Config(FOCUS_PREV_VESSEL) Squad/Controls/Qwerty_ja-JP/FOCUS_PREV_VESSEL
[LOG 18:01:32.533] Config(PRECISION_CTRL) Squad/Controls/Qwerty_ja-JP/PRECISION_CTRL
[LOG 18:01:32.533] Config(CAMERA_MOUSE_TOGGLE) Squad/Controls/Qwerty_ja-JP/CAMERA_MOUSE_TOGGLE
[LOG 18:01:32.533] Config(Editor_partSearch) Squad/Controls/Qwerty_ja-JP/Editor_partSearch
[LOG 18:01:32.533] Config(CAMERA_RESET) Squad/Controls/Qwerty_ja-JP/CAMERA_RESET
[LOG 18:01:32.533] Config(KEY_MAP) Squad/Controls/Qwerty_ja-JP/KEY_MAP
[LOG 18:01:32.533] Config(KEYBOARD_LAYOUT) Squad/Controls/Qwerty_pt-PT/#autoLOC_6001230
[LOG 18:01:32.533] Config(FOCUS_NEXT_VESSEL) Squad/Controls/Qwerty_pt-PT/FOCUS_NEXT_VESSEL
[LOG 18:01:32.533] Config(FOCUS_PREV_VESSEL) Squad/Controls/Qwerty_pt-PT/FOCUS_PREV_VESSEL
[LOG 18:01:32.533] Config(CAMERA_MOUSE_TOGGLE) Squad/Controls/Qwerty_pt-PT/CAMERA_MOUSE_TOGGLE
[LOG 18:01:32.533] Config(TIME_WARP_STOP) Squad/Controls/Qwerty_pt-PT/TIME_WARP_STOP
[LOG 18:01:32.533] Config(CAMERA_RESET) Squad/Controls/Qwerty_pt-PT/CAMERA_RESET
[LOG 18:01:32.533] Config(Editor_partSearch) Squad/Controls/Qwerty_pt-PT/Editor_partSearch
[LOG 18:01:32.533] Config(KEY_MAP) Squad/Controls/Qwerty_pt-PT/KEY_MAP
[LOG 18:01:32.533] Config(KEYBOARD_LAYOUT) Squad/Controls/Qwertz/#autoLOC_6001232
[LOG 18:01:32.533] Config(PITCH_DOWN) Squad/Controls/Qwertz/PITCH_DOWN
[LOG 18:01:32.533] Config(PITCH_UP) Squad/Controls/Qwertz/PITCH_UP
[LOG 18:01:32.533] Config(YAW_LEFT) Squad/Controls/Qwertz/YAW_LEFT
[LOG 18:01:32.533] Config(YAW_RIGHT) Squad/Controls/Qwertz/YAW_RIGHT
[LOG 18:01:32.533] Config(ROLL_LEFT) Squad/Controls/Qwertz/ROLL_LEFT
[LOG 18:01:32.533] Config(ROLL_RIGHT) Squad/Controls/Qwertz/ROLL_RIGHT
[LOG 18:01:32.533] Config(THROTTLE_UP) Squad/Controls/Qwertz/THROTTLE_UP
[LOG 18:01:32.533] Config(THROTTLE_DOWN) Squad/Controls/Qwertz/THROTTLE_DOWN
[LOG 18:01:32.533] Config(SAS_HOLD) Squad/Controls/Qwertz/SAS_HOLD
[LOG 18:01:32.533] Config(SAS_TOGGLE) Squad/Controls/Qwertz/SAS_TOGGLE
[LOG 18:01:32.533] Config(LAUNCH_STAGES) Squad/Controls/Qwertz/LAUNCH_STAGES
[LOG 18:01:32.533] Config(Docking_toggleRotLin) Squad/Controls/Qwertz/Docking_toggleRotLin
[LOG 18:01:32.533] Config(CAMERA_MODE) Squad/Controls/Qwertz/CAMERA_MODE
[LOG 18:01:32.533] Config(CAMERA_NEXT) Squad/Controls/Qwertz/CAMERA_NEXT
[LOG 18:01:32.533] Config(PAUSE) Squad/Controls/Qwertz/PAUSE
[LOG 18:01:32.534] Config(PRECISION_CTRL) Squad/Controls/Qwertz/PRECISION_CTRL
[LOG 18:01:32.534] Config(ZOOM_IN) Squad/Controls/Qwertz/ZOOM_IN
[LOG 18:01:32.534] Config(ZOOM_OUT) Squad/Controls/Qwertz/ZOOM_OUT
[LOG 18:01:32.534] Config(SCROLL_VIEW_UP) Squad/Controls/Qwertz/SCROLL_VIEW_UP
[LOG 18:01:32.534] Config(SCROLL_VIEW_DOWN) Squad/Controls/Qwertz/SCROLL_VIEW_DOWN
[LOG 18:01:32.534] Config(SCROLL_ICONS_UP) Squad/Controls/Qwertz/SCROLL_ICONS_UP
[LOG 18:01:32.534] Config(SCROLL_ICONS_DOWN) Squad/Controls/Qwertz/SCROLL_ICONS_DOWN
[LOG 18:01:32.534] Config(CAMERA_ORBIT_UP) Squad/Controls/Qwertz/CAMERA_ORBIT_UP
[LOG 18:01:32.534] Config(CAMERA_ORBIT_DOWN) Squad/Controls/Qwertz/CAMERA_ORBIT_DOWN
[LOG 18:01:32.534] Config(CAMERA_ORBIT_LEFT) Squad/Controls/Qwertz/CAMERA_ORBIT_LEFT
[LOG 18:01:32.534] Config(CAMERA_ORBIT_RIGHT) Squad/Controls/Qwertz/CAMERA_ORBIT_RIGHT
[LOG 18:01:32.534] Config(CAMERA_RESET) Squad/Controls/Qwertz/CAMERA_RESET
[LOG 18:01:32.534] Config(CAMERA_MOUSE_TOGGLE) Squad/Controls/Qwertz/CAMERA_MOUSE_TOGGLE
[LOG 18:01:32.534] Config(TIME_WARP_INCREASE) Squad/Controls/Qwertz/TIME_WARP_INCREASE
[LOG 18:01:32.534] Config(TIME_WARP_DECREASE) Squad/Controls/Qwertz/TIME_WARP_DECREASE
[LOG 18:01:32.534] Config(TIME_WARP_STOP) Squad/Controls/Qwertz/TIME_WARP_STOP
[LOG 18:01:32.534] Config(MAP_VIEW_TOGGLE) Squad/Controls/Qwertz/MAP_VIEW_TOGGLE
[LOG 18:01:32.534] Config(NAVBALL_TOGGLE) Squad/Controls/Qwertz/NAVBALL_TOGGLE
[LOG 18:01:32.534] Config(UIMODE_STAGING) Squad/Controls/Qwertz/UIMODE_STAGING
[LOG 18:01:32.534] Config(UIMODE_DOCKING) Squad/Controls/Qwertz/UIMODE_DOCKING
[LOG 18:01:32.534] Config(TRANSLATE_DOWN) Squad/Controls/Qwertz/TRANSLATE_DOWN
[LOG 18:01:32.534] Config(TRANSLATE_UP) Squad/Controls/Qwertz/TRANSLATE_UP
[LOG 18:01:32.534] Config(TRANSLATE_LEFT) Squad/Controls/Qwertz/TRANSLATE_LEFT
[LOG 18:01:32.534] Config(TRANSLATE_RIGHT) Squad/Controls/Qwertz/TRANSLATE_RIGHT
[LOG 18:01:32.534] Config(TRANSLATE_FWD) Squad/Controls/Qwertz/TRANSLATE_FWD
[LOG 18:01:32.534] Config(TRANSLATE_BACK) Squad/Controls/Qwertz/TRANSLATE_BACK
[LOG 18:01:32.534] Config(RCS_TOGGLE) Squad/Controls/Qwertz/RCS_TOGGLE
[LOG 18:01:32.534] Config(FOCUS_NEXT_VESSEL) Squad/Controls/Qwertz/FOCUS_NEXT_VESSEL
[LOG 18:01:32.534] Config(FOCUS_PREV_VESSEL) Squad/Controls/Qwertz/FOCUS_PREV_VESSEL
[LOG 18:01:32.534] Config(TOGGLE_UI) Squad/Controls/Qwertz/TOGGLE_UI
[LOG 18:01:32.535] Config(TOGGLE_STATUS_SCREEN) Squad/Controls/Qwertz/TOGGLE_STATUS_SCREEN
[LOG 18:01:32.535] Config(TAKE_SCREENSHOT) Squad/Controls/Qwertz/TAKE_SCREENSHOT
[LOG 18:01:32.535] Config(TOGGLE_LABELS) Squad/Controls/Qwertz/TOGGLE_LABELS
[LOG 18:01:32.535] Config(TOGGLE_TEMP_GAUGES) Squad/Controls/Qwertz/TOGGLE_TEMP_GAUGES
[LOG 18:01:32.535] Config(TOGGLE_TEMP_OVERLAY) Squad/Controls/Qwertz/TOGGLE_TEMP_OVERLAY
[LOG 18:01:32.535] Config(TOGGLE_FLIGHT_FORCES) Squad/Controls/Qwertz/TOGGLE_FLIGHT_FORCES
[LOG 18:01:32.535] Config(QUICKSAVE) Squad/Controls/Qwertz/QUICKSAVE
[LOG 18:01:32.535] Config(QUICKLOAD) Squad/Controls/Qwertz/QUICKLOAD
[LOG 18:01:32.535] Config(THROTTLE_CUTOFF) Squad/Controls/Qwertz/THROTTLE_CUTOFF
[LOG 18:01:32.535] Config(THROTTLE_FULL) Squad/Controls/Qwertz/THROTTLE_FULL
[LOG 18:01:32.535] Config(LANDING_GEAR) Squad/Controls/Qwertz/LANDING_GEAR
[LOG 18:01:32.535] Config(HEADLIGHT_TOGGLE) Squad/Controls/Qwertz/HEADLIGHT_TOGGLE
[LOG 18:01:32.535] Config(BRAKES) Squad/Controls/Qwertz/BRAKES
[LOG 18:01:32.535] Config(TOGGLE_SPACENAV_FLIGHT_CONTROL) Squad/Controls/Qwertz/TOGGLE_SPACENAV_FLIGHT_CONTROL
[LOG 18:01:32.535] Config(TOGGLE_SPACENAV_ROLL_LOCK) Squad/Controls/Qwertz/TOGGLE_SPACENAV_ROLL_LOCK
[LOG 18:01:32.535] Config(WHEEL_STEER_LEFT) Squad/Controls/Qwertz/WHEEL_STEER_LEFT
[LOG 18:01:32.535] Config(WHEEL_STEER_RIGHT) Squad/Controls/Qwertz/WHEEL_STEER_RIGHT
[LOG 18:01:32.535] Config(WHEEL_THROTTLE_DOWN) Squad/Controls/Qwertz/WHEEL_THROTTLE_DOWN
[LOG 18:01:32.535] Config(WHEEL_THROTTLE_UP) Squad/Controls/Qwertz/WHEEL_THROTTLE_UP
[LOG 18:01:32.535] Config(EVA_forward) Squad/Controls/Qwertz/EVA_forward
[LOG 18:01:32.535] Config(EVA_back) Squad/Controls/Qwertz/EVA_back
[LOG 18:01:32.535] Config(EVA_left) Squad/Controls/Qwertz/EVA_left
[LOG 18:01:32.535] Config(EVA_right) Squad/Controls/Qwertz/EVA_right
[LOG 18:01:32.535] Config(EVA_yaw_left) Squad/Controls/Qwertz/EVA_yaw_left
[LOG 18:01:32.535] Config(EVA_yaw_right) Squad/Controls/Qwertz/EVA_yaw_right
[LOG 18:01:32.535] Config(EVA_Pack_forward) Squad/Controls/Qwertz/EVA_Pack_forward
[LOG 18:01:32.535] Config(EVA_Pack_back) Squad/Controls/Qwertz/EVA_Pack_back
[LOG 18:01:32.535] Config(EVA_Pack_left) Squad/Controls/Qwertz/EVA_Pack_left
[LOG 18:01:32.535] Config(EVA_Pack_right) Squad/Controls/Qwertz/EVA_Pack_right
[LOG 18:01:32.536] Config(EVA_Pack_up) Squad/Controls/Qwertz/EVA_Pack_up
[LOG 18:01:32.536] Config(EVA_Pack_down) Squad/Controls/Qwertz/EVA_Pack_down
[LOG 18:01:32.536] Config(EVA_Jump) Squad/Controls/Qwertz/EVA_Jump
[LOG 18:01:32.536] Config(EVA_Run) Squad/Controls/Qwertz/EVA_Run
[LOG 18:01:32.536] Config(EVA_ToggleMovementMode) Squad/Controls/Qwertz/EVA_ToggleMovementMode
[LOG 18:01:32.536] Config(EVA_TogglePack) Squad/Controls/Qwertz/EVA_TogglePack
[LOG 18:01:32.536] Config(EVA_Use) Squad/Controls/Qwertz/EVA_Use
[LOG 18:01:32.536] Config(EVA_Board) Squad/Controls/Qwertz/EVA_Board
[LOG 18:01:32.536] Config(EVA_Orient) Squad/Controls/Qwertz/EVA_Orient
[LOG 18:01:32.536] Config(EVA_Lights) Squad/Controls/Qwertz/EVA_Lights
[LOG 18:01:32.536] Config(Editor_pitchUp) Squad/Controls/Qwertz/Editor_pitchUp
[LOG 18:01:32.536] Config(Editor_pitchDown) Squad/Controls/Qwertz/Editor_pitchDown
[LOG 18:01:32.536] Config(Editor_yawLeft) Squad/Controls/Qwertz/Editor_yawLeft
[LOG 18:01:32.536] Config(Editor_yawRight) Squad/Controls/Qwertz/Editor_yawRight
[LOG 18:01:32.536] Config(Editor_rollLeft) Squad/Controls/Qwertz/Editor_rollLeft
[LOG 18:01:32.536] Config(Editor_rollRight) Squad/Controls/Qwertz/Editor_rollRight
[LOG 18:01:32.536] Config(Editor_resetRotation) Squad/Controls/Qwertz/Editor_resetRotation
[LOG 18:01:32.536] Config(Editor_modePlace) Squad/Controls/Qwertz/Editor_modePlace
[LOG 18:01:32.536] Config(Editor_modeOffset) Squad/Controls/Qwertz/Editor_modeOffset
[LOG 18:01:32.536] Config(Editor_modeRotate) Squad/Controls/Qwertz/Editor_modeRotate
[LOG 18:01:32.536] Config(Editor_modeRoot) Squad/Controls/Qwertz/Editor_modeRoot
[LOG 18:01:32.536] Config(Editor_coordSystem) Squad/Controls/Qwertz/Editor_coordSystem
[LOG 18:01:32.536] Config(Editor_toggleSymMethod) Squad/Controls/Qwertz/Editor_toggleSymMethod
[LOG 18:01:32.536] Config(Editor_toggleSymMode) Squad/Controls/Qwertz/Editor_toggleSymMode
[LOG 18:01:32.536] Config(Editor_toggleAngleSnap) Squad/Controls/Qwertz/Editor_toggleAngleSnap
[LOG 18:01:32.536] Config(Editor_fineTweak) Squad/Controls/Qwertz/Editor_fineTweak
[LOG 18:01:32.536] Config(Editor_partSearch) Squad/Controls/Qwertz/Editor_partSearch
[LOG 18:01:32.536] Config(Editor_zoomScrollModifier) Squad/Controls/Qwertz/Editor_zoomScrollModifier
[LOG 18:01:32.536] Config(MODIFIER_KEY) Squad/Controls/Qwertz/MODIFIER_KEY
[LOG 18:01:32.536] Config(AbortActionGroup) Squad/Controls/Qwertz/AbortActionGroup
[LOG 18:01:32.537] Config(CustomActionGroup1) Squad/Controls/Qwertz/CustomActionGroup1
[LOG 18:01:32.537] Config(CustomActionGroup2) Squad/Controls/Qwertz/CustomActionGroup2
[LOG 18:01:32.537] Config(CustomActionGroup3) Squad/Controls/Qwertz/CustomActionGroup3
[LOG 18:01:32.537] Config(CustomActionGroup4) Squad/Controls/Qwertz/CustomActionGroup4
[LOG 18:01:32.537] Config(CustomActionGroup5) Squad/Controls/Qwertz/CustomActionGroup5
[LOG 18:01:32.537] Config(CustomActionGroup6) Squad/Controls/Qwertz/CustomActionGroup6
[LOG 18:01:32.537] Config(CustomActionGroup7) Squad/Controls/Qwertz/CustomActionGroup7
[LOG 18:01:32.537] Config(CustomActionGroup8) Squad/Controls/Qwertz/CustomActionGroup8
[LOG 18:01:32.537] Config(CustomActionGroup9) Squad/Controls/Qwertz/CustomActionGroup9
[LOG 18:01:32.537] Config(CustomActionGroup10) Squad/Controls/Qwertz/CustomActionGroup10
[LOG 18:01:32.537] Config(KEY_MAP) Squad/Controls/Qwertz/KEY_MAP
[LOG 18:01:32.537] Config(EXPERIENCE_TRAIT) Squad/Experience/Traits/Pilot
[LOG 18:01:32.537] Config(EXPERIENCE_TRAIT) Squad/Experience/Traits/Engineer
[LOG 18:01:32.537] Config(EXPERIENCE_TRAIT) Squad/Experience/Traits/Scientist
[LOG 18:01:32.537] Config(EXPERIENCE_TRAIT) Squad/Experience/Traits/Tourist
[LOG 18:01:32.537] Config(Localization) Squad/Localization/dictionary/Localization
[LOG 18:01:32.537] Config(MISSIONPACK) Squad/Missions/MissionPacks/squad_ESA
[LOG 18:01:32.537] Config(VARIANTTHEME) Squad/Parts/VariantThemes/White
[LOG 18:01:32.537] Config(VARIANTTHEME) Squad/Parts/VariantThemes/BlackAndWhite
[LOG 18:01:32.537] Config(VARIANTTHEME) Squad/Parts/VariantThemes/GrayAndOrange
[LOG 18:01:32.537] Config(VARIANTTHEME) Squad/Parts/VariantThemes/Dark
[LOG 18:01:32.537] Config(VARIANTTHEME) Squad/Parts/VariantThemes/Gray
[LOG 18:01:32.537] Config(VARIANTTHEME) Squad/Parts/VariantThemes/Orange
[LOG 18:01:32.538] Config(VARIANTTHEME) Squad/Parts/VariantThemes/Gold
[LOG 18:01:32.538] Config(VARIANTTHEME) Squad/Parts/VariantThemes/Bare
[LOG 18:01:32.538] Config(VARIANTTHEME) Squad/Parts/VariantThemes/Shroud
[LOG 18:01:32.538] Config(VARIANTTHEME) Squad/Parts/VariantThemes/GrayAndWhite
[LOG 18:01:32.538] Config(VARIANTTHEME) Squad/Parts/VariantThemes/YellowAndWhite
[LOG 18:01:32.538] Config(VARIANTTHEME) Squad/Parts/VariantThemes/Silver
[LOG 18:01:32.538] Config(VARIANTTHEME) Squad/Parts/VariantThemes/Gray with Stripes
[LOG 18:01:32.538] Config(PART) Squad/Parts/Aero/aerodynamicNoseCone/aerodynamicNoseCone/noseCone
[LOG 18:01:32.538] Config(PART) Squad/Parts/Aero/airbrake/Airbrake/airbrake1
[LOG 18:01:32.538] Config(PART) Squad/Parts/Aero/airIntakeRadialXM-G50/airIntakeRadialXM-G50/airScoop
[LOG 18:01:32.538] Config(PART) Squad/Parts/Aero/airlinerWings/ControlSurface/airlinerCtrlSrf
[LOG 18:01:32.538] Config(PART) Squad/Parts/Aero/airlinerWings/MainWing/airlinerMainWing
[LOG 18:01:32.538] Config(PART) Squad/Parts/Aero/airlinerWings/TailFin/airlinerTailFin
[LOG 18:01:32.538] Config(PART) Squad/Parts/Aero/airplaneFins/advancedCanard/AdvancedCanard
[LOG 18:01:32.538] Config(PART) Squad/Parts/Aero/airplaneFins/standardCanard/CanardController
[LOG 18:01:32.538] Config(PART) Squad/Parts/Aero/airplaneFins/sweptWing/sweptWing
[LOG 18:01:32.538] Config(PART) Squad/Parts/Aero/airplaneFins/tailfin/tailfin
[LOG 18:01:32.538] Config(PART) Squad/Parts/Aero/basicFin/basicFin/basicFin
[LOG 18:01:32.538] Config(PART) Squad/Parts/Aero/circularIntake/circularIntake/CircularIntake
[LOG 18:01:32.538] Config(PART) Squad/Parts/Aero/circularIntake/intakeShockCone/shockConeIntake
[LOG 18:01:32.538] Config(PART) Squad/Parts/Aero/cones/avionicsNoseCone/avionicsNoseCone
[LOG 18:01:32.538] Config(PART) Squad/Parts/Aero/cones/ConeA/pointyNoseConeA
[LOG 18:01:32.538] Config(PART) Squad/Parts/Aero/cones/ConeB/pointyNoseConeB
[LOG 18:01:32.538] Config(PART) Squad/Parts/Aero/cones/noseConeAdapter/noseConeAdapter
[LOG 18:01:32.538] Config(PART) Squad/Parts/Aero/cones/protectiveRocketNoseMk7_v2/rocketNoseCone_v2
[LOG 18:01:32.538] Config(PART) Squad/Parts/Aero/cones/protectiveRocketNoseMk7_v3/rocketNoseCone_v3
[LOG 18:01:32.538] Config(PART) Squad/Parts/Aero/cones/rocketNoseCone_size3/rocketNoseConeSize3
[LOG 18:01:32.538] Config(PART) Squad/Parts/Aero/cones/smallNoseCone/standardNoseCone
[LOG 18:01:32.539] Config(PART) Squad/Parts/Aero/cones/tailConnectorA/airplaneTail
[LOG 18:01:32.539] Config(PART) Squad/Parts/Aero/cones/tailConnectorB/airplaneTailB
[LOG 18:01:32.539] Config(PART) Squad/Parts/Aero/fairings/fairingSize1/fairingSize1
[LOG 18:01:32.539] Config(PART) Squad/Parts/Aero/fairings/fairingSize2/fairingSize2
[LOG 18:01:32.539] Config(PART) Squad/Parts/Aero/fairings/fairingSize3/fairingSize3
[LOG 18:01:32.539] Config(PART) Squad/Parts/Aero/HeatShield/HeatShield0/HeatShield0
[LOG 18:01:32.539] Config(PART) Squad/Parts/Aero/HeatShield/HeatShield1/HeatShield1
[LOG 18:01:32.539] Config(PART) Squad/Parts/Aero/HeatShield/HeatShield2/HeatShield2
[LOG 18:01:32.539] Config(PART) Squad/Parts/Aero/HeatShield/HeatShield3/HeatShield3
[LOG 18:01:32.539] Config(PART) Squad/Parts/Aero/InflatableHeatShield/HeatShield/InflatableHeatShield
[LOG 18:01:32.539] Config(PART) Squad/Parts/Aero/intakeRadialLong/intakeRadialLong/IntakeRadialLong
[LOG 18:01:32.539] Config(PART) Squad/Parts/Aero/miniIntake/SmallIntake/miniIntake
[LOG 18:01:32.539] Config(PART) Squad/Parts/Aero/ramAirIntake/ramAirIntake/ramAirIntake
[LOG 18:01:32.539] Config(PART) Squad/Parts/Aero/shuttleWings/delta/wingShuttleDelta
[LOG 18:01:32.539] Config(PART) Squad/Parts/Aero/shuttleWings/elevon1/wingShuttleElevon1
[LOG 18:01:32.539] Config(PART) Squad/Parts/Aero/shuttleWings/elevon2/wingShuttleElevon2
[LOG 18:01:32.539] Config(PART) Squad/Parts/Aero/shuttleWings/rudder/wingShuttleRudder
[LOG 18:01:32.539] Config(PART) Squad/Parts/Aero/shuttleWings/strake/wingShuttleStrake
[LOG 18:01:32.539] Config(PART) Squad/Parts/Aero/wingletAV-R8/wingletAV-R8/R8winglet
[LOG 18:01:32.539] Config(PART) Squad/Parts/Aero/wingletAV-T1/wingletAV-T1/winglet
[LOG 18:01:32.539] Config(PART) Squad/Parts/Aero/wingletDeltaDeluxe/wingletDeltaDeluxe/winglet3
[LOG 18:01:32.539] Config(PART) Squad/Parts/Aero/wings/connector1/wingConnector
[LOG 18:01:32.540] Config(PART) Squad/Parts/Aero/wings/connector2/wingConnector2
[LOG 18:01:32.540] Config(PART) Squad/Parts/Aero/wings/connector3/wingConnector3
[LOG 18:01:32.540] Config(PART) Squad/Parts/Aero/wings/connector4/wingConnector4
[LOG 18:01:32.540] Config(PART) Squad/Parts/Aero/wings/connector5/wingConnector5
[LOG 18:01:32.540] Config(PART) Squad/Parts/Aero/wings/delta/deltaWing
[LOG 18:01:32.540] Config(PART) Squad/Parts/Aero/wings/delta_small/delta_small
[LOG 18:01:32.540] Config(PART) Squad/Parts/Aero/wings/elevon1/StandardCtrlSrf
[LOG 18:01:32.540] Config(PART) Squad/Parts/Aero/wings/elevon2/elevon2
[LOG 18:01:32.540] Config(PART) Squad/Parts/Aero/wings/elevon3/elevon3
[LOG 18:01:32.540] Config(PART) Squad/Parts/Aero/wings/elevon4/smallCtrlSrf
[LOG 18:01:32.540] Config(PART) Squad/Parts/Aero/wings/elevon5/elevon5
[LOG 18:01:32.540] Config(PART) Squad/Parts/Aero/wings/strake/wingStrake
[LOG 18:01:32.540] Config(PART) Squad/Parts/Aero/wings/structural1/structuralWing
[LOG 18:01:32.540] Config(PART) Squad/Parts/Aero/wings/structural2/structuralWing2
[LOG 18:01:32.540] Config(PART) Squad/Parts/Aero/wings/structural3/structuralWing3
[LOG 18:01:32.540] Config(PART) Squad/Parts/Aero/wings/structural4/structuralWing4
[LOG 18:01:32.540] Config(PART) Squad/Parts/Aero/wings/swept1/sweptWing1
[LOG 18:01:32.540] Config(PART) Squad/Parts/Aero/wings/swept2/sweptWing2
[LOG 18:01:32.540] Config(PART) Squad/Parts/Cargo/CargoContainers/cargoContainer/cargoContainer
[LOG 18:01:32.540] Config(PART) Squad/Parts/Cargo/CargoContainers/smallCargoContainer/smallCargoContainer
[LOG 18:01:32.540] Config(PART) Squad/Parts/Cargo/Cylinder/Cylinder/evaCylinder
[LOG 18:01:32.540] Config(PART) Squad/Parts/Cargo/GroundAnchor/groundAnchor/groundAnchor
[LOG 18:01:32.540] Config(PART) Squad/Parts/Cargo/Jetpack/Jetpack/evaJetpack
[LOG 18:01:32.540] Config(PART) Squad/Parts/Cargo/Parachute/Parachute/evaChute
[LOG 18:01:32.540] Config(PART) Squad/Parts/Cargo/RepairKit/RepairKit/evaRepairKit
[LOG 18:01:32.541] Config(PART) Squad/Parts/Cargo/ScienceKit/evaScienceKit/evaScienceKit
[LOG 18:01:32.541] Config(PART) Squad/Parts/Cargo/StorageUnits/CargoStorageUnit/CargoStorageUnit
[LOG 18:01:32.541] Config(PART) Squad/Parts/Cargo/StorageUnits/ConformalStorageUnit/ConformalStorageUnit
[LOG 18:01:32.541] Config(PART) Squad/Parts/Command/advancedSasModuleLarge/advSasModuleLarge/asasmodule1-2
[LOG 18:01:32.541] Config(PART) Squad/Parts/Command/cupola/cupola/cupola
[LOG 18:01:32.541] Config(PART) Squad/Parts/Command/externalCommandSeat/externalCommandSeat/seatExternalCmd
[LOG 18:01:32.541] Config(PART) Squad/Parts/Command/hitchhikerStorageContainer/hitchikerStorageContainer/crewCabin
[LOG 18:01:32.541] Config(PART) Squad/Parts/Command/inlineAdvancedStabilizer/inlineAdvancedStabilizer/advSasModule
[LOG 18:01:32.541] Config(PART) Squad/Parts/Command/inlineReactionWheel/inlineReactionWheel/sasModule
[LOG 18:01:32.541] Config(PART) Squad/Parts/Command/Mk1-3Pod/mk1-3/mk1-3pod
[LOG 18:01:32.541] Config(PART) Squad/Parts/Command/mk1Cockpits/mk1Cockpit/Mark1Cockpit
[LOG 18:01:32.541] Config(PART) Squad/Parts/Command/mk1Cockpits/mk1CrewCabin/MK1CrewCabin
[LOG 18:01:32.541] Config(PART) Squad/Parts/Command/mk1Cockpits/mk1InlineCockpit/Mark2Cockpit
[LOG 18:01:32.541] Config(PART) Squad/Parts/Command/mk1LanderCan/mk1LanderCan/landerCabinSmall
[LOG 18:01:32.541] Config(PART) Squad/Parts/Command/mk1pod_v2/mk1Pod_v2/mk1pod_v2
[LOG 18:01:32.541] Config(PART) Squad/Parts/Command/mk2CockpitInline/mk2CockpitInline/mk2Cockpit_Inline
[LOG 18:01:32.541] Config(PART) Squad/Parts/Command/mk2CockpitStandard/mk2CockpitStandard/mk2Cockpit_Standard
[LOG 18:01:32.541] Config(PART) Squad/Parts/Command/mk2DroneCore/mk2Dronecore/mk2DroneCore
[LOG 18:01:32.541] Config(PART) Squad/Parts/Command/mk2LanderCan/mk2LanderCan/mk2LanderCabin
[LOG 18:01:32.541] Config(PART) Squad/Parts/Command/mk2LanderCan_v2/mk2LanderCan_v2/mk2LanderCabin_v2
[LOG 18:01:32.541] Config(PART) Squad/Parts/Command/mk3CockpitShuttle/mk3CockpitShuttle/mk3Cockpit_Shuttle
[LOG 18:01:32.541] Config(PART) Squad/Parts/Command/MpoProbe/MpoProbe/MpoProbe
[LOG 18:01:32.541] Config(PART) Squad/Parts/Command/MtmStage/MTM_Stage/MtmStage
[LOG 18:01:32.541] Config(PART) Squad/Parts/Command/probeCoreCube/probeCoreCube/probeCoreCube
[LOG 18:01:32.542] Config(PART) Squad/Parts/Command/probeCoreHex/probeCoreHex/probeCoreHex
[LOG 18:01:32.542] Config(PART) Squad/Parts/Command/probeCoreHex_v2/probeCoreHex_v2/probeCoreHex_v2
[LOG 18:01:32.542] Config(PART) Squad/Parts/Command/probeCoreOcto2_v2/probeCoreOcto2_v2/probeCoreOcto2_v2
[LOG 18:01:32.542] Config(PART) Squad/Parts/Command/probeCoreOcto_v2/probeCoreOcto_v2/probeCoreOcto_v2
[LOG 18:01:32.542] Config(PART) Squad/Parts/Command/probeRoverBody/probeRoverBody/roverBody
[LOG 18:01:32.542] Config(PART) Squad/Parts/Command/probeRoverBody_v2/probeRoverBody_v2/roverBody_v2
[LOG 18:01:32.542] Config(PART) Squad/Parts/Command/probeStackLarge/probeStackLarge/probeStackLarge
[LOG 18:01:32.542] Config(PART) Squad/Parts/Command/probeStackSmall/probeStackSmall/probeStackSmall
[LOG 18:01:32.542] Config(PART) Squad/Parts/Command/probeStackSphere_v2/probeStackSphere_v2/probeCoreSphere_v2
[LOG 18:01:32.542] Config(PART) Squad/Parts/CompoundParts/FuelLine/fuelLine/fuelLine
[LOG 18:01:32.542] Config(PART) Squad/Parts/CompoundParts/strutConnector/strutConnector/strutConnector
[LOG 18:01:32.542] Config(PART) Squad/Parts/Coupling/Decoupler_0/Decoupler_0
[LOG 18:01:32.542] Config(PART) Squad/Parts/Coupling/Decoupler_1/Decoupler_1
[LOG 18:01:32.542] Config(PART) Squad/Parts/Coupling/Decoupler_2/Decoupler_2
[LOG 18:01:32.542] Config(PART) Squad/Parts/Coupling/Decoupler_3/Decoupler_3
[LOG 18:01:32.542] Config(PART) Squad/Parts/Coupling/Separator_0/Separator_0
[LOG 18:01:32.542] Config(PART) Squad/Parts/Coupling/Separator_1/Separator_1
[LOG 18:01:32.542] Config(PART) Squad/Parts/Coupling/Separator_2/Separator_2
[LOG 18:01:32.542] Config(PART) Squad/Parts/Coupling/Separator_3/Separator_3
[LOG 18:01:32.542] Config(PART) Squad/Parts/Electrical/10CSolarPanels/OX-10C/solarPanelOX10C
[LOG 18:01:32.542] Config(PART) Squad/Parts/Electrical/10CSolarPanels/SP-10C/solarPanelSP10C
[LOG 18:01:32.542] Config(PART) Squad/Parts/Electrical/10LSolarPanels/OX-10L/solarPanelOX10L
[LOG 18:01:32.542] Config(PART) Squad/Parts/Electrical/10LSolarPanels/SP-10L/solarPanelSP10L
[LOG 18:01:32.542] Config(PART) Squad/Parts/Electrical/1x6ShroudSolarPanels/1x6ShroudSolarPanels/solarPanels2
[LOG 18:01:32.542] Config(PART) Squad/Parts/Electrical/1x6SolarPanels/1x6SolarPanels/solarPanels4
[LOG 18:01:32.542] Config(PART) Squad/Parts/Electrical/3x2ShroudSolarPanels/3x2ShroudSolarPanels/solarPanels1
[LOG 18:01:32.543] Config(PART) Squad/Parts/Electrical/3x2SolarPanels/3x2SolarPanels/solarPanels3
[LOG 18:01:32.543] Config(PART) Squad/Parts/Electrical/gigantorXlSolarArray/gigantorXlSolarArray/largeSolarPanel
[LOG 18:01:32.543] Config(PART) Squad/Parts/Electrical/radialFlatSolarPanel/radialFlatSolarPanel/solarPanels5
[LOG 18:01:32.543] Config(PART) Squad/Parts/Electrical/RTG/RTG/rtg
[LOG 18:01:32.543] Config(PART) Squad/Parts/Electrical/z-100Battery/z-100Battery/batteryPack
[LOG 18:01:32.543] Config(PART) Squad/Parts/Electrical/z-1kBattery/z-1kBattery/batteryBank
[LOG 18:01:32.543] Config(PART) Squad/Parts/Electrical/z-200Battery/z-200Battery/batteryBankMini
[LOG 18:01:32.543] Config(PART) Squad/Parts/Electrical/z-400Battery/z-400Battery/ksp_r_largeBatteryPack
[LOG 18:01:32.543] Config(PART) Squad/Parts/Electrical/z-4kBattery/z-4kBattery/batteryBankLarge
[LOG 18:01:32.543] Config(PART) Squad/Parts/Engine/ionEngine/ionEngine/ionEngine
[LOG 18:01:32.543] Config(PART) Squad/Parts/Engine/jetEngines/jetEngineAfterburning/turboJet
[LOG 18:01:32.543] Config(PART) Squad/Parts/Engine/jetEngines/jetEngineBasic/JetEngine
[LOG 18:01:32.543] Config(PART) Squad/Parts/Engine/jetEngines/jetEngineBig/turboFanSize2
[LOG 18:01:32.543] Config(PART) Squad/Parts/Engine/jetEngines/jetEngineTurbo/turboFanEngine
[LOG 18:01:32.543] Config(PART) Squad/Parts/Engine/liquidEngine24-77/liquidEngine24-77/smallRadialEngine
[LOG 18:01:32.543] Config(PART) Squad/Parts/Engine/liquidEngine24-77_v2/liquidEngine24-77_v2/smallRadialEngine_v2
[LOG 18:01:32.543] Config(PART) Squad/Parts/Engine/liquidEngine48-7S_v2/liquidEngine48-7S_v2/liquidEngineMini_v2
[LOG 18:01:32.543] Config(PART) Squad/Parts/Engine/liquidEngineAerospike/liquidEngineAerospike/toroidalAerospike
[LOG 18:01:32.543] Config(PART) Squad/Parts/Engine/liquidEngineLV-1_v2/liquidEngineLV-1R _v2/radialEngineMini_v2
[LOG 18:01:32.544] Config(PART) Squad/Parts/Engine/liquidEngineLV-1_v2/liquidEngineLV-1_v2/microEngine_v2
[LOG 18:01:32.544] Config(PART) Squad/Parts/Engine/liquidEngineLV-909_v2/liquidEngineLV-909_v2/liquidEngine3_v2
[LOG 18:01:32.544] Config(PART) Squad/Parts/Engine/liquidEngineLV-N/liquidEngineLV-N/nuclearEngine
[LOG 18:01:32.544] Config(PART) Squad/Parts/Engine/liquidEngineLV-T30/liquidEngineLV-T30/liquidEngine
[LOG 18:01:32.544] Config(PART) Squad/Parts/Engine/liquidEngineLV-T30_v2/liquidEngineLV-T30_v2/liquidEngine_v2
[LOG 18:01:32.544] Config(PART) Squad/Parts/Engine/liquidEngineLV-T45/liquidEngineLV-T45/liquidEngine2
[LOG 18:01:32.544] Config(PART) Squad/Parts/Engine/liquidEngineLV-T45_v2/liquidEngineLV-T45_v2/liquidEngine2_v2
[LOG 18:01:32.544] Config(PART) Squad/Parts/Engine/liquidEngineMainsail_v2/liquidEngineMainsail_v2/liquidEngineMainsail_v2
[LOG 18:01:32.544] Config(PART) Squad/Parts/Engine/liquidEngineMk55/liquidEngineMk55/radialLiquidEngine1-2
[LOG 18:01:32.544] Config(PART) Squad/Parts/Engine/liquidEnginePoodle_v2/liquidEnginePoodle_v2/liquidEngine2-2_v2
[LOG 18:01:32.544] Config(PART) Squad/Parts/Engine/liquidEngineSkipper_v2/skipperLiquidEngine_v2/engineLargeSkipper_v2
[LOG 18:01:32.544] Config(PART) Squad/Parts/Engine/liquidEngineSSME/SSME/SSME
[LOG 18:01:32.544] Config(PART) Squad/Parts/Engine/MassiveSRB/part/MassiveBooster
[LOG 18:01:32.544] Config(PART) Squad/Parts/Engine/miniJet/SmallJetEngine/miniJetEngine
[LOG 18:01:32.544] Config(PART) Squad/Parts/Engine/OMSEngine/omsEngine/omsEngine
[LOG 18:01:32.544] Config(PART) Squad/Parts/Engine/rapierEngine/rapierEngine/RAPIER
[LOG 18:01:32.544] Config(PART) Squad/Parts/Engine/Size1_SRBs/solidBoosterRT-10_v2/solidBooster_v2
[LOG 18:01:32.544] Config(PART) Squad/Parts/Engine/Size1_SRBs/solidBoosterRT-5_v2/solidBooster_sm_v2
[LOG 18:01:32.544] Config(PART) Squad/Parts/Engine/Size2LFB/part/Size2LFB
[LOG 18:01:32.544] Config(PART) Squad/Parts/Engine/Size2LFB_v2/part/Size2LFB_v2
[LOG 18:01:32.544] Config(PART) Squad/Parts/Engine/Size3AdvancedEngine/part/Size3AdvancedEngine
[LOG 18:01:32.544] Config(PART) Squad/Parts/Engine/Size3EngineCluster/part/Size3EngineCluster
[LOG 18:01:32.545] Config(PART) Squad/Parts/Engine/solidBoosterBACC/solidBoosterBACC/solidBooster1-1
[LOG 18:01:32.545] Config(PART) Squad/Parts/Engine/solidBoosterS2-17/solidBoosterS2-17/Thoroughbred
[LOG 18:01:32.545] Config(PART) Squad/Parts/Engine/solidBoosterS2-33/solidBoosterS2-33/Clydesdale
[LOG 18:01:32.545] Config(PART) Squad/Parts/Engine/solidBoosterSep/solidBoosterSep/sepMotor1
[LOG 18:01:32.545] Config(PART) Squad/Parts/Engine/SolidBoostersF/SolidBoosterF3S0/Shrimp
[LOG 18:01:32.545] Config(PART) Squad/Parts/Engine/SolidBoostersF/SolidBoosterFM1/Mite
[LOG 18:01:32.545] Config(PART) Squad/Parts/FuelTank/adapterTanks/Mk3-Mk2/adapterMk3-Mk2
[LOG 18:01:32.545] Config(PART) Squad/Parts/FuelTank/adapterTanks/Mk3-ShuttleAdapter/adapterEngines
[LOG 18:01:32.545] Config(PART) Squad/Parts/FuelTank/adapterTanks/Mk3-Size2/adapterMk3-Size2
[LOG 18:01:32.545] Config(PART) Squad/Parts/FuelTank/adapterTanks/Mk3-Size2Slant/adapterMk3-Size2Slant
[LOG 18:01:32.545] Config(PART) Squad/Parts/FuelTank/adapterTanks/Size2-Mk2/adapterSize2-Mk2
[LOG 18:01:32.545] Config(PART) Squad/Parts/FuelTank/adapterTanks/Size2-Size1/adapterSize2-Size1
[LOG 18:01:32.545] Config(PART) Squad/Parts/FuelTank/adapterTanks/Size2-Size1Slant/adapterSize2-Size1Slant
[LOG 18:01:32.545] Config(PART) Squad/Parts/FuelTank/adapterTanks/Size3-Mk3/adapterSize3-Mk3
[LOG 18:01:32.545] Config(PART) Squad/Parts/FuelTank/drainTankFTE-1/ReleaseValve/ReleaseValve
[LOG 18:01:32.545] Config(PART) Squad/Parts/FuelTank/FoilTanks/RadialTank_Capsule/externalTankCapsule
[LOG 18:01:32.545] Config(PART) Squad/Parts/FuelTank/FoilTanks/RadialTank_Round/externalTankRound
[LOG 18:01:32.545] Config(PART) Squad/Parts/FuelTank/FoilTanks/ToroidTank/externalTankToroid
[LOG 18:01:32.545] Config(PART) Squad/Parts/FuelTank/fuelTankOscarB/fuelTankOscarB/miniFuelTank
[LOG 18:01:32.545] Config(PART) Squad/Parts/FuelTank/miniFuselage/miniFuselage/miniFuselage
[LOG 18:01:32.545] Config(PART) Squad/Parts/FuelTank/mk2Adapters/bicoupler/mk2_1m_Bicoupler
[LOG 18:01:32.545] Config(PART) Squad/Parts/FuelTank/mk2Adapters/long/mk2_1m_AdapterLong
[LOG 18:01:32.545] Config(PART) Squad/Parts/FuelTank/mk2Adapters/standard/mk2SpacePlaneAdapter
[LOG 18:01:32.545] Config(PART) Squad/Parts/FuelTank/mk2FuselageLong/LFO_long/mk2FuselageLongLFO
[LOG 18:01:32.545] Config(PART) Squad/Parts/FuelTank/mk2FuselageLong/L_long/mk2Fuselage
[LOG 18:01:32.545] Config(PART) Squad/Parts/FuelTank/mk2FuselageShort/LFO_short/mk2FuselageShortLFO
[LOG 18:01:32.546] Config(PART) Squad/Parts/FuelTank/mk2FuselageShort/L_short/mk2FuselageShortLiquid
[LOG 18:01:32.546] Config(PART) Squad/Parts/FuelTank/mk2FuselageShort/Mono_short/mk2FuselageShortMono
[LOG 18:01:32.546] Config(PART) Squad/Parts/FuelTank/mk3Fuselage/CREW/mk3CrewCabin
[LOG 18:01:32.546] Config(PART) Squad/Parts/FuelTank/mk3Fuselage/LFO_100/mk3FuselageLFO_100
[LOG 18:01:32.546] Config(PART) Squad/Parts/FuelTank/mk3Fuselage/LFO_25/mk3FuselageLFO_25
[LOG 18:01:32.546] Config(PART) Squad/Parts/FuelTank/mk3Fuselage/LFO_50/mk3FuselageLFO_50
[LOG 18:01:32.546] Config(PART) Squad/Parts/FuelTank/mk3Fuselage/LF_100/mk3FuselageLF_100
[LOG 18:01:32.546] Config(PART) Squad/Parts/FuelTank/mk3Fuselage/LF_25/mk3FuselageLF_25
[LOG 18:01:32.546] Config(PART) Squad/Parts/FuelTank/mk3Fuselage/LF_50/mk3FuselageLF_50
[LOG 18:01:32.546] Config(PART) Squad/Parts/FuelTank/mk3Fuselage/MONO/mk3FuselageMONO
[LOG 18:01:32.546] Config(PART) Squad/Parts/FuelTank/RCSFuelTankR1/RCSFuelTankR1/RCSTank1-2
[LOG 18:01:32.546] Config(PART) Squad/Parts/FuelTank/RCSFuelTankR10/RCSFuelTankR10/rcsTankMini
[LOG 18:01:32.546] Config(PART) Squad/Parts/FuelTank/RCSFuelTankR25/RCSFuelTankR25/RCSFuelTank
[LOG 18:01:32.546] Config(PART) Squad/Parts/FuelTank/RCSTankRadial/radialRCSTank/radialRCSTank
[LOG 18:01:32.546] Config(PART) Squad/Parts/FuelTank/RCStankRadialLong/RCSTankRadialLong/rcsTankRadialLong
[LOG 18:01:32.546] Config(PART) Squad/Parts/FuelTank/RockomaxTanks/Rockomax16/Rockomax16_BW
[LOG 18:01:32.546] Config(PART) Squad/Parts/FuelTank/RockomaxTanks/Rockomax32/Rockomax32_BW
[LOG 18:01:32.546] Config(PART) Squad/Parts/FuelTank/RockomaxTanks/Rockomax64/Rockomax64_BW
[LOG 18:01:32.546] Config(PART) Squad/Parts/FuelTank/RockomaxTanks/Rockomax8/Rockomax8BW
[LOG 18:01:32.546] Config(PART) Squad/Parts/FuelTank/Size1_Tanks/fuelTankT100/fuelTankSmallFlat
[LOG 18:01:32.546] Config(PART) Squad/Parts/FuelTank/Size1_Tanks/fuelTankT200/fuelTankSmall
[LOG 18:01:32.546] Config(PART) Squad/Parts/FuelTank/Size1_Tanks/fuelTankT400/fuelTank
[LOG 18:01:32.546] Config(PART) Squad/Parts/FuelTank/Size1_Tanks/fuelTankT800/fuelTank_long
[LOG 18:01:32.546] Config(PART) Squad/Parts/FuelTank/Size3Tanks/large/Size3LargeTank
[LOG 18:01:32.546] Config(PART) Squad/Parts/FuelTank/Size3Tanks/medium/Size3MediumTank
[LOG 18:01:32.546] Config(PART) Squad/Parts/FuelTank/Size3Tanks/small/Size3SmallTank
[LOG 18:01:32.546] Config(PART) Squad/Parts/FuelTank/xenonTank/xenonTank/xenonTank
[LOG 18:01:32.547] Config(PART) Squad/Parts/FuelTank/xenonTankLarge/xenonTankLarge/xenonTankLarge
[LOG 18:01:32.547] Config(PART) Squad/Parts/FuelTank/xenonTankRadial/xenonTankRadial/xenonTankRadial
[LOG 18:01:32.547] Config(PART) Squad/Parts/Misc/AsteroidDay/CamSat/InfraredTelescope
[LOG 18:01:32.547] Config(PART) Squad/Parts/Misc/AsteroidDay/HECS2/HECS2_ProbeCore
[LOG 18:01:32.547] Config(PART) Squad/Parts/Misc/AsteroidDay/HighGainAntenna/HighGainAntenna
[LOG 18:01:32.547] Config(PART) Squad/Parts/Misc/AsteroidDay/LgRadialSolar/LgRadialSolarPanel
[LOG 18:01:32.547] Config(PART) Squad/Parts/Misc/PotatoComet/part/PotatoComet
[LOG 18:01:32.547] Config(PART) Squad/Parts/Misc/PotatoRoid/part/PotatoRoid
[LOG 18:01:32.547] Config(PART) Squad/Parts/Prebuilt/flag/flag
[LOG 18:01:32.547] Config(PART) Squad/Parts/Prebuilt/kerbalEVA/kerbalEVA
[LOG 18:01:32.547] Config(PART) Squad/Parts/Prebuilt/kerbalEVAfemale/kerbalEVAfemale
[LOG 18:01:32.547] Config(PART) Squad/Parts/Prebuilt/kerbalEVASlimSuit/kerbalEVASlimSuit
[LOG 18:01:32.547] Config(PART) Squad/Parts/Prebuilt/kerbalEVASlimSuitFemale/kerbalEVASlimSuitFemale
[LOG 18:01:32.547] Config(PART) Squad/Parts/Resources/FuelCell/FuelCell/FuelCell
[LOG 18:01:32.547] Config(PART) Squad/Parts/Resources/FuelCell/FuelCellArray/FuelCellArray
[LOG 18:01:32.547] Config(PART) Squad/Parts/Resources/ISRU/ISRU/ISRU
[LOG 18:01:32.547] Config(PART) Squad/Parts/Resources/LargeTank/LargeTank/LargeTank
[LOG 18:01:32.547] Config(PART) Squad/Parts/Resources/MiniDrill/MiniDrill/MiniDrill
[LOG 18:01:32.547] Config(PART) Squad/Parts/Resources/MiniISRU/MiniISRU/MiniISRU
[LOG 18:01:32.547] Config(PART) Squad/Parts/Resources/OrbitalScanner/OrbitalScanner/OrbitalScanner
[LOG 18:01:32.547] Config(PART) Squad/Parts/Resources/RadialDrill/RadialDrill/RadialDrill
[LOG 18:01:32.547] Config(PART) Squad/Parts/Resources/RadialTank/RadialTank/RadialOreTank
[LOG 18:01:32.547] Config(PART) Squad/Parts/Resources/SmallTank/SmallTank/SmallTank
[LOG 18:01:32.547] Config(PART) Squad/Parts/Resources/SurfaceScanner/SurfaceScanner/SurfaceScanner
[LOG 18:01:32.547] Config(PART) Squad/Parts/Resources/SurveyScanner/SurveyScanner/SurveyScanner
[LOG 18:01:32.547] Config(PART) Squad/Parts/Science/AtmosphereSensor/sensorAtmosphere/sensorAtmosphere
[LOG 18:01:32.547] Config(PART) Squad/Parts/Science/GooExperiment/gooExperiment/GooExperiment
[LOG 18:01:32.548] Config(PART) Squad/Parts/Science/LargeCrewedLab/largeCrewedLab/Large_Crewed_Lab
[LOG 18:01:32.548] Config(PART) Squad/Parts/Science/Magnetometer/Magnetometer/Magnetometer
[LOG 18:01:32.548] Config(PART) Squad/Parts/Science/MaterialBay/materialBay/science_module
[LOG 18:01:32.548] Config(PART) Squad/Parts/Science/ScienceBox/ScienceBox/ScienceBox
[LOG 18:01:32.548] Config(PART) Squad/Parts/Science/sensorAccelerometer/sensorAccelerometer/sensorAccelerometer
[LOG 18:01:32.548] Config(PART) Squad/Parts/Science/sensorBarometer/sensorBarometer/sensorBarometer
[LOG 18:01:32.548] Config(PART) Squad/Parts/Science/sensorGravimeter/sensorGravimeter/sensorGravimeter
[LOG 18:01:32.548] Config(PART) Squad/Parts/Science/sensorThermometer/sensorThermometer/sensorThermometer
[LOG 18:01:32.548] Config(PART) Squad/Parts/Structural/FLAdapters/adapterSmallMiniShort/adapterSmallMiniShort
[LOG 18:01:32.548] Config(PART) Squad/Parts/Structural/FLAdapters/adapterSmallMiniTall/adapterSmallMiniTall
[LOG 18:01:32.548] Config(PART) Squad/Parts/Structural/mk1Parts/engineBodyRadial/radialEngineBody
[LOG 18:01:32.548] Config(PART) Squad/Parts/Structural/mk1Parts/engineNacelle/nacelleBody
[LOG 18:01:32.548] Config(PART) Squad/Parts/Structural/mk1Parts/mk1Fuselage/MK1Fuselage
[LOG 18:01:32.548] Config(PART) Squad/Parts/Structural/mk1Parts/mk1FuselageIntake/MK1IntakeFuselage
[LOG 18:01:32.548] Config(PART) Squad/Parts/Structural/mk1Parts/mk1Structural/Mk1FuselageStructural
[LOG 18:01:32.548] Config(PART) Squad/Parts/Structural/Size3To2Adapter_v2/Size2to3_v2/Size3To2Adapter_v2
[LOG 18:01:32.548] Config(PART) Squad/Parts/Structural/stackAdapters/adapterLargeSmallBi/adapterLargeSmallBi
[LOG 18:01:32.548] Config(PART) Squad/Parts/Structural/stackAdapters/adapterLargeSmallQuad/adapterLargeSmallQuad
[LOG 18:01:32.548] Config(PART) Squad/Parts/Structural/stackAdapters/adapterLargeSmallTri/adapterLargeSmallTri
[LOG 18:01:32.548] Config(PART) Squad/Parts/Structural/stationHub/stationHub/stationHub
[LOG 18:01:32.548] Config(PART) Squad/Parts/Structural/structuralIBeam200/structuralIBeam200/structuralIBeam2
[LOG 18:01:32.548] Config(PART) Squad/Parts/Structural/structuralIBeam200Pocket/structuralIBeam200Pocket/structuralIBeam3
[LOG 18:01:32.548] Config(PART) Squad/Parts/Structural/structuralIBeam650/structuralIBeam650/structuralIBeam1
[LOG 18:01:32.548] Config(PART) Squad/Parts/Structural/structuralMicronode/structuralMicronode/structuralMiniNode
[LOG 18:01:32.548] Config(PART) Squad/Parts/Structural/structuralPanel1x1/structuralPanel1x1/structuralPanel1
[LOG 18:01:32.548] Config(PART) Squad/Parts/Structural/structuralPanel2x2/structuralPanel2x2/structuralPanel2
[LOG 18:01:32.548] Config(PART) Squad/Parts/Structural/structuralPylons/smallHardpoint/smallHardpoint
[LOG 18:01:32.549] Config(PART) Squad/Parts/Structural/structuralPylons/structuralPylon/structuralPylon
[LOG 18:01:32.549] Config(PART) Squad/Parts/Structural/strutCubicOcto/strutCubicOcto/strutCube
[LOG 18:01:32.549] Config(PART) Squad/Parts/Structural/strutOcto/strutOcto/strutOcto
[LOG 18:01:32.549] Config(PART) Squad/Parts/Structural/trussGirderAdapter/trussGirderAdapter/trussAdapter
[LOG 18:01:32.549] Config(PART) Squad/Parts/Structural/trussGirderL/trussGirderL/trussPiece1x
[LOG 18:01:32.549] Config(PART) Squad/Parts/Structural/trussGirderXL/trussGirderXL/trussPiece3x
[LOG 18:01:32.549] Config(PART) Squad/Parts/Thermal/FoldingRadiators/foldingRadLarge/foldingRadLarge
[LOG 18:01:32.549] Config(PART) Squad/Parts/Thermal/FoldingRadiators/foldingRadMed/foldingRadMed
[LOG 18:01:32.549] Config(PART) Squad/Parts/Thermal/FoldingRadiators/foldingRadSmall/foldingRadSmall
[LOG 18:01:32.549] Config(PART) Squad/Parts/Thermal/RadiatorPanels/radPanelEdge/radPanelEdge
[LOG 18:01:32.549] Config(PART) Squad/Parts/Thermal/RadiatorPanels/radPanelLg/radPanelLg
[LOG 18:01:32.549] Config(PART) Squad/Parts/Thermal/RadiatorPanels/radPanelSm/radPanelSm
[LOG 18:01:32.549] Config(PART) Squad/Parts/Utility/commDish88-88/commDish88-88/commDish
[LOG 18:01:32.549] Config(PART) Squad/Parts/Utility/commsAntennaDTS-M1/commsAntennaDTS-M1/mediumDishAntenna
[LOG 18:01:32.549] Config(PART) Squad/Parts/Utility/commsDish16/commsAntenna16/longAntenna
[LOG 18:01:32.549] Config(PART) Squad/Parts/Utility/decouplerRadialHDM/decouplerRadialHDM/radialDecoupler1-2
[LOG 18:01:32.549] Config(PART) Squad/Parts/Utility/decouplerRadialTT-38K/decouplerRadialTT-38K/radialDecoupler
[LOG 18:01:32.549] Config(PART) Squad/Parts/Utility/decouplerRadialTT-70/decouplerRadialTT-70/radialDecoupler2
[LOG 18:01:32.549] Config(PART) Squad/Parts/Utility/DirectAntennas/C16S/SurfAntenna
[LOG 18:01:32.549] Config(PART) Squad/Parts/Utility/DirectAntennas/HG-5/HighGainAntenna5
[LOG 18:01:32.549] Config(PART) Squad/Parts/Utility/DirectAntennas/HG-5_v2/HighGainAntenna5_v2
[LOG 18:01:32.549] Config(PART) Squad/Parts/Utility/dockingPort/dockingPort/dockingPort2
[LOG 18:01:32.549] Config(PART) Squad/Parts/Utility/dockingPortInline/dockingPortInline/dockingPortLateral
[LOG 18:01:32.549] Config(PART) Squad/Parts/Utility/dockingPortJr/dockingPortJr/dockingPort3
[LOG 18:01:32.549] Config(PART) Squad/Parts/Utility/dockingPortShielded/dockingPortShielded/dockingPort1
[LOG 18:01:32.549] Config(PART) Squad/Parts/Utility/dockingPortSr/dockingPortSr/dockingPortLarge
[LOG 18:01:32.550] Config(PART) Squad/Parts/Utility/Fireworks/fireworksLauncherBig/fireworksLauncherBig
[LOG 18:01:32.550] Config(PART) Squad/Parts/Utility/Fireworks/fireworksLauncherSmall/fireworksLauncherSmall
[LOG 18:01:32.550] Config(PART) Squad/Parts/Utility/flags/flagFlat/flagFlat/flagPartFlat
[LOG 18:01:32.550] Config(PART) Squad/Parts/Utility/flags/flagSize0/flagSize0/flagPartSize0
[LOG 18:01:32.550] Config(PART) Squad/Parts/Utility/flags/flagSize1/flagSize1/flagPartSize1
[LOG 18:01:32.550] Config(PART) Squad/Parts/Utility/flags/flagSize2/flagSize2/flagPartSize2
[LOG 18:01:32.550] Config(PART) Squad/Parts/Utility/flags/flagSize3/flagSize3/flagPartSize3
[LOG 18:01:32.550] Config(PART) Squad/Parts/Utility/GrapplingDevice/part/GrapplingDevice
[LOG 18:01:32.550] Config(PART) Squad/Parts/Utility/ladderRadial/ladderRadial/ladder1
[LOG 18:01:32.550] Config(PART) Squad/Parts/Utility/ladderTelescopic/ladderTelescopic/telescopicLadder
[LOG 18:01:32.550] Config(PART) Squad/Parts/Utility/ladderTelescopicBay/ladderTelescopicBay/telescopicLadderBay
[LOG 18:01:32.550] Config(PART) Squad/Parts/Utility/landingLegLT-1/landingLegLT-1/landingLeg1
[LOG 18:01:32.550] Config(PART) Squad/Parts/Utility/landingLegLT-2/landingLegLT-2/landingLeg1-2
[LOG 18:01:32.550] Config(PART) Squad/Parts/Utility/landingLegLT-5/landingLegLT-5/miniLandingLeg
[LOG 18:01:32.550] Config(PART) Squad/Parts/Utility/launchClamp1/launchClamp1/launchClamp1
[LOG 18:01:32.550] Config(PART) Squad/Parts/Utility/launchEscapeSystem/part/LaunchEscapeSystem
[LOG 18:01:32.550] Config(PART) Squad/Parts/Utility/Lights/domeLight1/domeLight1
[LOG 18:01:32.550] Config(PART) Squad/Parts/Utility/Lights/groundLight1/groundLight1
[LOG 18:01:32.550] Config(PART) Squad/Parts/Utility/Lights/groundLight2/groundLight2
[LOG 18:01:32.550] Config(PART) Squad/Parts/Utility/Lights/navLight1/navLight1
[LOG 18:01:32.550] Config(PART) Squad/Parts/Utility/Lights/spotLight1/spotLight3
[LOG 18:01:32.550] Config(PART) Squad/Parts/Utility/Lights/stripLight1/stripLight1
[LOG 18:01:32.550] Config(PART) Squad/Parts/Utility/linearVernorRCS/linearRCS/linearRcs
[LOG 18:01:32.550] Config(PART) Squad/Parts/Utility/linearVernorRCS/vernorEngine/vernierEngine
[LOG 18:01:32.550] Config(PART) Squad/Parts/Utility/mk2CargoBay/BayL/mk2CargoBayL
[LOG 18:01:32.551] Config(PART) Squad/Parts/Utility/mk2CargoBay/BayS/mk2CargoBayS
[LOG 18:01:32.551] Config(PART) Squad/Parts/Utility/mk2CrewCabin/mk2CrewCabin/mk2CrewCabin
[LOG 18:01:32.551] Config(PART) Squad/Parts/Utility/mk2DockingPort/mk2DockingPort/mk2DockingPort
[LOG 18:01:32.551] Config(PART) Squad/Parts/Utility/mk3CargoBay/long/mk3CargoBayL
[LOG 18:01:32.551] Config(PART) Squad/Parts/Utility/mk3CargoBay/medium/mk3CargoBayM
[LOG 18:01:32.551] Config(PART) Squad/Parts/Utility/mk3CargoBay/ramp/mk3CargoRamp
[LOG 18:01:32.551] Config(PART) Squad/Parts/Utility/mk3CargoBay/short/mk3CargoBayS
[LOG 18:01:32.551] Config(PART) Squad/Parts/Utility/parachuteMk1/parachuteMk1/parachuteSingle
[LOG 18:01:32.551] Config(PART) Squad/Parts/Utility/parachuteMk12-R/parachuteMk12-R/radialDrogue
[LOG 18:01:32.551] Config(PART) Squad/Parts/Utility/parachuteMk16-XL/parachuteMk16-XL/parachuteLarge
[LOG 18:01:32.551] Config(PART) Squad/Parts/Utility/parachuteMk2-R/parachuteMk2-R/parachuteRadial
[LOG 18:01:32.551] Config(PART) Squad/Parts/Utility/parachuteMk25/parachuteMk25/parachuteDrogue
[LOG 18:01:32.551] Config(PART) Squad/Parts/Utility/radialAttachmentPoint/radialAttachmentPoint/stackPoint1
[LOG 18:01:32.551] Config(PART) Squad/Parts/Utility/rcsBlockRV-105_v2/rcsBlockRV-105/RCSBlock_v2
[LOG 18:01:32.551] Config(PART) Squad/Parts/Utility/rcsBlockRV-105_v2/RCSblock_01_small/RCSblock_01_small
[LOG 18:01:32.551] Config(PART) Squad/Parts/Utility/rcsSmallLinear/RCSLinearSmall/RCSLinearSmall
[LOG 18:01:32.551] Config(PART) Squad/Parts/Utility/RelayAntennas/RA-100/RelayAntenna100
[LOG 18:01:32.551] Config(PART) Squad/Parts/Utility/RelayAntennas/RA-5/RelayAntenna5
[LOG 18:01:32.551] Config(PART) Squad/Parts/Utility/RelayAntennas/RA-50/RelayAntenna50
[LOG 18:01:32.551] Config(PART) Squad/Parts/Utility/rockomaxAdapters/largeAdapter/largeAdapter
[LOG 18:01:32.551] Config(PART) Squad/Parts/Utility/rockomaxAdapters/largeAdapterShort/largeAdapter2
[LOG 18:01:32.551] Config(PART) Squad/Parts/Utility/ServiceBay_v2/ServiceBay_125_v2/ServiceBay_125_v2
[LOG 18:01:32.551] Config(PART) Squad/Parts/Utility/ServiceBay_v2/ServiceBay_250_v2/ServiceBay_250_v2
[LOG 18:01:32.551] Config(PART) Squad/Parts/Utility/smallClaw/smallClaw/smallClaw
[LOG 18:01:32.551] Config(PART) Squad/Parts/Utility/spotLightMk1/spotLightMk1/spotLight1
[LOG 18:01:32.551] Config(PART) Squad/Parts/Utility/spotLightMk1_v2/spotLightMk1_v2/spotLight1_v2
[LOG 18:01:32.552] Config(PART) Squad/Parts/Utility/spotLightMk2/spotLightMk2/spotLight2
[LOG 18:01:32.552] Config(PART) Squad/Parts/Utility/spotLightMk2_v2/spotLightMk2_v2/spotLight2_v2
[LOG 18:01:32.552] Config(PART) Squad/Parts/Utility/stackCouplers/stackBiCoupler_v2/stackBiCoupler_v2
[LOG 18:01:32.552] Config(PART) Squad/Parts/Utility/stackCouplers/stackQuadCoupler/stackQuadCoupler
[LOG 18:01:32.552] Config(PART) Squad/Parts/Utility/stackCouplers/stackTriCoupler_v2/stackTriCoupler_v2
[LOG 18:01:32.552] Config(PART) Squad/Parts/Wheel/LandingGear/GearExtraLarge/GearLarge
[LOG 18:01:32.552] Config(PART) Squad/Parts/Wheel/LandingGear/GearFixed/GearFixed
[LOG 18:01:32.552] Config(PART) Squad/Parts/Wheel/LandingGear/GearFree/GearFree
[LOG 18:01:32.552] Config(PART) Squad/Parts/Wheel/LandingGear/GearLarge/GearMedium
[LOG 18:01:32.552] Config(PART) Squad/Parts/Wheel/LandingGear/GearMedium/GearSmall
[LOG 18:01:32.552] Config(PART) Squad/Parts/Wheel/LandingGear/GearSmall/SmallGearBay
[LOG 18:01:32.552] Config(PART) Squad/Parts/Wheel/roverWheelM1/roverWheelM1/roverWheel1
[LOG 18:01:32.552] Config(PART) Squad/Parts/Wheel/roverWheelS2/roverWheelS2/roverWheel2
[LOG 18:01:32.552] Config(PART) Squad/Parts/Wheel/roverWheelTR-2L/roverWheelTR-2L/wheelMed
[LOG 18:01:32.552] Config(PART) Squad/Parts/Wheel/roverWheelXL3/roverWheelXL3/roverWheel3
[LOG 18:01:32.552] Config(PROP) Squad/Props/AltimeterThreeHands/prop/AltimeterThreeHands
[LOG 18:01:32.552] Config(PROP) Squad/Props/AtmosphereDepth/prop/AtmosphereDepth
[LOG 18:01:32.552] Config(PROP) Squad/Props/AxisIndicator/pitchConfig/AxisIndicatorPitch
[LOG 18:01:32.552] Config(PROP) Squad/Props/AxisIndicator/rollConfig/AxisIndicatorRoll
[LOG 18:01:32.552] Config(PROP) Squad/Props/AxisIndicator/yawConfig/AxisIndicatorYaw
[LOG 18:01:32.552] Config(PROP) Squad/Props/buttonsGeneric/circularButton/genericCircularButton
[LOG 18:01:32.552] Config(PROP) Squad/Props/buttonsGeneric/clusterButtons/genericClusterButtons
[LOG 18:01:32.552] Config(PROP) Squad/Props/buttonsGeneric/clusterButtons2/genericClusterButtons2
[LOG 18:01:32.552] Config(PROP) Squad/Props/buttonsGeneric/clusterKnob/genericClusterKnobs
[LOG 18:01:32.552] Config(PROP) Squad/Props/buttonsGeneric/clusterKnob2/genericClusterKnobs2
[LOG 18:01:32.552] Config(PROP) Squad/Props/buttonsGeneric/clusterMixed/genericClusterMixed
[LOG 18:01:32.552] Config(PROP) Squad/Props/buttonsGeneric/clusterSwitches01/genericClusterSwitches01
[LOG 18:01:32.553] Config(PROP) Squad/Props/buttonsGeneric/clusterSwitches02/genericClusterSwitches02
[LOG 18:01:32.553] Config(PROP) Squad/Props/buttonsGeneric/clusterSwitches03/genericClusterSwitches03
[LOG 18:01:32.553] Config(PROP) Squad/Props/buttonsGeneric/clusterSwitches04/genericClusterSwitches04
[LOG 18:01:32.553] Config(PROP) Squad/Props/buttonsGeneric/clusterSwitches05/genericClusterSwitches05
[LOG 18:01:32.553] Config(PROP) Squad/Props/buttonsGeneric/clusterSwitches06/genericClusterSwitches06
[LOG 18:01:32.553] Config(PROP) Squad/Props/buttonsGeneric/clusterSwitches07/genericClusterSwitches07
[LOG 18:01:32.553] Config(PROP) Squad/Props/buttonsGeneric/directionalKnob/genericDirectionalKnob
[LOG 18:01:32.553] Config(PROP) Squad/Props/buttonsGeneric/directionalKnob2/genericDirectionalKnob2
[LOG 18:01:32.553] Config(PROP) Squad/Props/buttonsGeneric/pullSwitch/genericPullSwitch
[LOG 18:01:32.553] Config(PROP) Squad/Props/buttonsGeneric/squareButton/genericSquareButton
[LOG 18:01:32.553] Config(PROP) Squad/Props/buttonsGeneric/standingSwitch/genericStandingSwitch
[LOG 18:01:32.553] Config(PROP) Squad/Props/buttonsGeneric/switch/genericSwitch
[LOG 18:01:32.553] Config(PROP) Squad/Props/buttonsGeneric/switchWithGuards/genericSwitchWithGuards
[LOG 18:01:32.553] Config(PROP) Squad/Props/ButtonSquare/prop/ButtonSquare
[LOG 18:01:32.553] Config(PROP) Squad/Props/circularButton/prop/circularButton
[LOG 18:01:32.553] Config(PROP) Squad/Props/Compass/prop/Compass
[LOG 18:01:32.553] Config(PROP) Squad/Props/directionalKnob/prop/directionalKnob
[LOG 18:01:32.553] Config(PROP) Squad/Props/directionalKnob2/prop/directionalKnob2
[LOG 18:01:32.553] Config(PROP) Squad/Props/IndicatorPanel/prop/IndicatorPanel
[LOG 18:01:32.553] Config(PROP) Squad/Props/IVANavBall/prop/NavBall
[LOG 18:01:32.553] Config(PROP) Squad/Props/IVANavBallNoBase/prop/NavBallNoBase
[LOG 18:01:32.553] Config(PROP) Squad/Props/ledPanelSpeed/prop/ledPanelSpeed
[LOG 18:01:32.553] Config(PROP) Squad/Props/Monitor/DockingMode/MonitorDockingMode
[LOG 18:01:32.553] Config(PROP) Squad/Props/NavBall/prop/NavBall
[LOG 18:01:32.553] Config(PROP) Squad/Props/PropsGeneric/Button_DockingMode/Button_DockingMode
[LOG 18:01:32.553] Config(PROP) Squad/Props/PropsGeneric/CargoBagA/CargoBagA
[LOG 18:01:32.553] Config(PROP) Squad/Props/PropsGeneric/CargoBagB/CargoBagB
[LOG 18:01:32.553] Config(PROP) Squad/Props/PropsGeneric/CargoBagC/CargoBagC
[LOG 18:01:32.553] Config(PROP) Squad/Props/PropsGeneric/Hatch_Plane/Hatch_Plane
[LOG 18:01:32.554] Config(PROP) Squad/Props/PropsGeneric/Hatch_Plane_Curve90/Hatch_Plane_Curve90
[LOG 18:01:32.554] Config(PROP) Squad/Props/PropsGeneric/Hatch_Plane_Frame/Hatch_Plane_Frame
[LOG 18:01:32.554] Config(PROP) Squad/Props/PropsGeneric/Seat_Passenger/Seat_Passenger
[LOG 18:01:32.554] Config(PROP) Squad/Props/PropsGeneric/Seat_Pilot/Seat_Pilot
[LOG 18:01:32.554] Config(PROP) Squad/Props/PropsGeneric/Seat_Pilot_Helmet/Seat_Pilot_Helmet
[LOG 18:01:32.554] Config(PROP) Squad/Props/PropsGeneric/SideStick/SideStick
[LOG 18:01:32.554] Config(PROP) Squad/Props/pullSwitch/prop/pullSwitch
[LOG 18:01:32.554] Config(PROP) Squad/Props/radarAltitude/prop/RadarAltimeter
[LOG 18:01:32.554] Config(PROP) Squad/Props/squareButton/prop/squareButton
[LOG 18:01:32.554] Config(PROP) Squad/Props/standingSwitch/prop/standingSwitch
[LOG 18:01:32.554] Config(PROP) Squad/Props/switch/prop/switch
[LOG 18:01:32.554] Config(PROP) Squad/Props/switchGuard/prop/switchGuard
[LOG 18:01:32.554] Config(PROP) Squad/Props/switchWithGuards/prop/switchWithGuards
[LOG 18:01:32.554] Config(PROP) Squad/Props/throttle/prop/throttle
[LOG 18:01:32.554] Config(PROP) Squad/Props/VSI/prop/VSI
[LOG 18:01:32.554] Config(SPACEOBJECTS_LIMITS) Squad/Resources/CometDefs/SPACEOBJECTS_LIMITS
[LOG 18:01:32.554] Config(COMET_MANAGER) Squad/Resources/CometDefs/COMET_MANAGER
[LOG 18:01:32.554] Config(COMET_ORBIT_TYPE) Squad/Resources/CometDefs/short
[LOG 18:01:32.554] Config(COMET_ORBIT_TYPE) Squad/Resources/CometDefs/intermediate
[LOG 18:01:32.554] Config(COMET_ORBIT_TYPE) Squad/Resources/CometDefs/long
[LOG 18:01:32.554] Config(COMET_ORBIT_TYPE) Squad/Resources/CometDefs/interstellar
[LOG 18:01:32.554] Config(FIREWORKFX_DEFINITION) Squad/Resources/FireworkFXDefinitions/classicTrail
[LOG 18:01:32.554] Config(FIREWORKFX_DEFINITION) Squad/Resources/FireworkFXDefinitions/whirlyTrail
[LOG 18:01:32.554] Config(FIREWORKFX_DEFINITION) Squad/Resources/FireworkFXDefinitions/strobeTrail
[LOG 18:01:32.554] Config(FIREWORKFX_DEFINITION) Squad/Resources/FireworkFXDefinitions/bareTrail
[LOG 18:01:32.554] Config(FIREWORKFX_DEFINITION) Squad/Resources/FireworkFXDefinitions/classicBurst
[LOG 18:01:32.554] Config(FIREWORKFX_DEFINITION) Squad/Resources/FireworkFXDefinitions/chrysBurst
[LOG 18:01:32.554] Config(FIREWORKFX_DEFINITION) Squad/Resources/FireworkFXDefinitions/palmBurst
[LOG 18:01:32.554] Config(FIREWORKFX_DEFINITION) Squad/Resources/FireworkFXDefinitions/ringBurst
[LOG 18:01:32.555] Config(FIREWORKFX_DEFINITION) Squad/Resources/FireworkFXDefinitions/crosetteBurst
[LOG 18:01:32.555] Config(FIREWORKFX_DEFINITION) Squad/Resources/FireworkFXDefinitions/willowBurst
[LOG 18:01:32.555] Config(FIREWORKFX_DEFINITION) Squad/Resources/FireworkFXDefinitions/crackeBurst
[LOG 18:01:32.555] Config(FIREWORKFX_DEFINITION) Squad/Resources/FireworkFXDefinitions/palmCrackleBurst
[LOG 18:01:32.555] Config(FIREWORKFX_DEFINITION) Squad/Resources/FireworkFXDefinitions/dragonBurst
[LOG 18:01:32.555] Config(GLOBAL_RESOURCE) Squad/Resources/Ore/GLOBAL_RESOURCE
[LOG 18:01:32.555] Config(PLANETARY_RESOURCE) Squad/Resources/Ore/PLANETARY_RESOURCE
[LOG 18:01:32.555] Config(PLANETARY_RESOURCE) Squad/Resources/Ore/PLANETARY_RESOURCE
[LOG 18:01:32.555] Config(RESOURCE_OVERLAY_CONFIGURATION_SOLID) Squad/Resources/Overlay/RESOURCE_OVERLAY_CONFIGURATION_SOLID
[LOG 18:01:32.555] Config(RESOURCE_OVERLAY_CONFIGURATION_LINES) Squad/Resources/Overlay/RESOURCE_OVERLAY_CONFIGURATION_LINES
[LOG 18:01:32.555] Config(RESOURCE_OVERLAY_CONFIGURATION_DOTS) Squad/Resources/Overlay/RESOURCE_OVERLAY_CONFIGURATION_DOTS
[LOG 18:01:32.555] Config(RESOURCE_CONFIGURATION) Squad/Resources/ResourceDefaults/RESOURCE_CONFIGURATION
[LOG 18:01:32.555] Config(RESOURCE_DEFINITION) Squad/Resources/ResourcesGeneric/LiquidFuel
[LOG 18:01:32.555] Config(RESOURCE_DEFINITION) Squad/Resources/ResourcesGeneric/Oxidizer
[LOG 18:01:32.555] Config(RESOURCE_DEFINITION) Squad/Resources/ResourcesGeneric/SolidFuel
[LOG 18:01:32.555] Config(RESOURCE_DEFINITION) Squad/Resources/ResourcesGeneric/MonoPropellant
[LOG 18:01:32.555] Config(RESOURCE_DEFINITION) Squad/Resources/ResourcesGeneric/XenonGas
[LOG 18:01:32.555] Config(RESOURCE_DEFINITION) Squad/Resources/ResourcesGeneric/ElectricCharge
[LOG 18:01:32.555] Config(RESOURCE_DEFINITION) Squad/Resources/ResourcesGeneric/IntakeAir
[LOG 18:01:32.555] Config(RESOURCE_DEFINITION) Squad/Resources/ResourcesGeneric/EVA Propellant
[LOG 18:01:32.555] Config(RESOURCE_DEFINITION) Squad/Resources/ResourcesGeneric/Ore
[LOG 18:01:32.555] Config(RESOURCE_DEFINITION) Squad/Resources/ResourcesGeneric/Ablator
[LOG 18:01:32.555] Config(EXPERIMENT_DEFINITION) Squad/Resources/ScienceDefs/EXPERIMENT_DEFINITION
[LOG 18:01:32.555] Config(EXPERIMENT_DEFINITION) Squad/Resources/ScienceDefs/EXPERIMENT_DEFINITION
[LOG 18:01:32.556] Config(EXPERIMENT_DEFINITION) Squad/Resources/ScienceDefs/EXPERIMENT_DEFINITION
[LOG 18:01:32.556] Config(EXPERIMENT_DEFINITION) Squad/Resources/ScienceDefs/EXPERIMENT_DEFINITION
[LOG 18:01:32.556] Config(EXPERIMENT_DEFINITION) Squad/Resources/ScienceDefs/EXPERIMENT_DEFINITION
[LOG 18:01:32.556] Config(EXPERIMENT_DEFINITION) Squad/Resources/ScienceDefs/EXPERIMENT_DEFINITION
[LOG 18:01:32.556] Config(EXPERIMENT_DEFINITION) Squad/Resources/ScienceDefs/EXPERIMENT_DEFINITION
[LOG 18:01:32.556] Config(EXPERIMENT_DEFINITION) Squad/Resources/ScienceDefs/EXPERIMENT_DEFINITION
[LOG 18:01:32.556] Config(EXPERIMENT_DEFINITION) Squad/Resources/ScienceDefs/EXPERIMENT_DEFINITION
[LOG 18:01:32.556] Config(EXPERIMENT_DEFINITION) Squad/Resources/ScienceDefs/EXPERIMENT_DEFINITION
[LOG 18:01:32.556] Config(EXPERIMENT_DEFINITION) Squad/Resources/ScienceDefs/EXPERIMENT_DEFINITION
[LOG 18:01:32.556] Config(EXPERIMENT_DEFINITION) Squad/Resources/ScienceDefs/EXPERIMENT_DEFINITION
[LOG 18:01:32.556] Config(EXPERIMENT_DEFINITION) Squad/Resources/ScienceDefs/EXPERIMENT_DEFINITION
[LOG 18:01:32.556] Config(EXPERIMENT_DEFINITION) Squad/Resources/ScienceDefs/EXPERIMENT_DEFINITION
[LOG 18:01:32.556] Config(EXPERIMENT_DEFINITION) Squad/Resources/ScienceDefs/EXPERIMENT_DEFINITION
[LOG 18:01:32.556] Config(EXPERIMENT_DEFINITION) Squad/Resources/ScienceDefs/EXPERIMENT_DEFINITION
[LOG 18:01:32.556] Config(EXPERIMENT_DEFINITION) Squad/Resources/ScienceDefs/EXPERIMENT_DEFINITION
[LOG 18:01:32.556] Config(EXPERIMENT_DEFINITION) Squad/Resources/ScienceDefs/EXPERIMENT_DEFINITION
[LOG 18:01:32.556] Config(STORY_DEF) Squad/Resources/StoryDefs/STORY_DEF
[LOG 18:01:32.556] Config(TechTree) Squad/Resources/TechTree/TechTree
[LOG 18:01:32.556] Config(INTERNAL) Squad/Spaces/crewCabinInternals/internal/crewCabinInternals
[LOG 18:01:32.556] Config(INTERNAL) Squad/Spaces/cupolaInternal/internal/cupolaInternal
[LOG 18:01:32.556] Config(INTERNAL) Squad/Spaces/GenericSpace1/internal/GenericSpace1
[LOG 18:01:32.557] Config(INTERNAL) Squad/Spaces/GenericSpace3/internal/GenericSpace3
[LOG 18:01:32.557] Config(INTERNAL) Squad/Spaces/landerCabinInternals/internal/landerCabinInternals
[LOG 18:01:32.557] Config(INTERNAL) Squad/Spaces/landerCabinSmallInternal/internal/landerCabinSmallInternal
[LOG 18:01:32.557] Config(INTERNAL) Squad/Spaces/LargeCrewedLabInternals/internal/Mobile_Processing_Lab_Int
[LOG 18:01:32.557] Config(INTERNAL) Squad/Spaces/Mk1-3/internal/Mk1-3
[LOG 18:01:32.557] Config(INTERNAL) Squad/Spaces/mk1CabinInternal/internal/mk1CabinInternal
[LOG 18:01:32.557] Config(INTERNAL) Squad/Spaces/mk1CockpitInternal/internal/mk1CockpitInternal
[LOG 18:01:32.557] Config(INTERNAL) Squad/Spaces/mk1InlineInternal/internal/mk1InlineInternal
[LOG 18:01:32.557] Config(INTERNAL) Squad/Spaces/mk1PodCockpit/internal/mk1PodCockpit
[LOG 18:01:32.557] Config(INTERNAL) Squad/Spaces/mk1pod_IVA/mk1pod_Internal/mk1pod_IVA
[LOG 18:01:32.557] Config(INTERNAL) Squad/Spaces/mk2CockpitStandardInternal/internal/mk2CockpitStandardInternals
[LOG 18:01:32.557] Config(INTERNAL) Squad/Spaces/Mk2CrewCabinInternal/internal_MK2_CrewCab/MK2_CrewCab_Int
[LOG 18:01:32.557] Config(INTERNAL) Squad/Spaces/mk2InlineInternal/internal/mk2InlineInternal
[LOG 18:01:32.557] Config(INTERNAL) Squad/Spaces/mk2LanderCanInternal/internal/mk2LanderCanInternal
[LOG 18:01:32.557] Config(INTERNAL) Squad/Spaces/MK3CockpitInternal/internal_MK3/MK3_Cockpit_Int
[LOG 18:01:32.557] Config(INTERNAL) Squad/Spaces/MK3_CrewCab_Int/internal_MK3_CrewCab/MK3_CrewCab_Int
[LOG 18:01:32.557] Config(INTERNAL) Squad/Spaces/Placeholder/internal/Placeholder
[LOG 18:01:32.557] Config(INTERNAL) Squad/Spaces/PodCockpit/internal/PodCockpit
[LOG 18:01:32.557] Config(STRATEGY_DEPARTMENT) Squad/Strategies/Departments/Finances
[LOG 18:01:32.557] Config(STRATEGY_DEPARTMENT) Squad/Strategies/Departments/Science
[LOG 18:01:32.557] Config(STRATEGY_DEPARTMENT) Squad/Strategies/Departments/Public Relations
[LOG 18:01:32.557] Config(STRATEGY_DEPARTMENT) Squad/Strategies/Departments/Operations
[LOG 18:01:32.557] Config(STRATEGY) Squad/Strategies/Strategies/AppreciationCampaignCfg
[LOG 18:01:32.558] Config(STRATEGY) Squad/Strategies/Strategies/FundraisingCampaignCfg
[LOG 18:01:32.558] Config(STRATEGY) Squad/Strategies/Strategies/OpenSourceTechProgramCfg
[LOG 18:01:32.558] Config(STRATEGY) Squad/Strategies/Strategies/UnpaidResearchProgramCfg
[LOG 18:01:32.558] Config(STRATEGY) Squad/Strategies/Strategies/OutsourcedResearchCfg
[LOG 18:01:32.558] Config(STRATEGY) Squad/Strategies/Strategies/PatentsLicensingCfg
[LOG 18:01:32.558] Config(STRATEGY) Squad/Strategies/Strategies/AgressiveNegotiations
[LOG 18:01:32.558] Config(STRATEGY) Squad/Strategies/Strategies/RecoveryTransponders
[LOG 18:01:32.558] Config(STRATEGY) Squad/Strategies/Strategies/BailoutGrant
[LOG 18:01:32.558] Config(STRATEGY) Squad/Strategies/Strategies/researchIPsellout
[LOG 18:01:32.558] Config(STRATEGY) Squad/Strategies/Strategies/LeadershipInitiative
[LOG 18:01:32.558] Config(TUTORIAL) Squad/Tutorials/FlightSuborbital/FlightSuborbital
[LOG 18:01:32.558] Config(TUTORIAL) Squad/Tutorials/FromMun/FromMun
[LOG 18:01:32.558] Config(TUTORIAL) Squad/Tutorials/GoForOrbit/GoForOrbit
[LOG 18:01:32.558] Config(MISSIONPACK) SquadExpansion/MakingHistory/Missions/MissionPacks/squad_MakingHistory
[LOG 18:01:32.558] Config(MISSIONPACK) SquadExpansion/MakingHistory/Missions/MissionPacks/squad_MakingHistory_Other
[LOG 18:01:32.558] Config(MISSIONPACK) SquadExpansion/MakingHistory/Missions/MissionPacks/squad_MakingHistory_Tutorial
[LOG 18:01:32.558] Config(MEBASICNODE) SquadExpansion/MakingHistory/Nodes/AccuracyLogic/TestAccuracyLogic
[LOG 18:01:32.558] Config(MEBASICNODE) SquadExpansion/MakingHistory/Nodes/ActionChancePartResourceLevels/ActionPartResourceAmount
[LOG 18:01:32.558] Config(MEBASICNODE) SquadExpansion/MakingHistory/Nodes/ActionExplode/ActionVesselExplode
[LOG 18:01:32.558] Config(MEBASICNODE) SquadExpansion/MakingHistory/Nodes/ActionMissionScore/MissionScore
[LOG 18:01:32.558] Config(MEBASICNODE) SquadExpansion/MakingHistory/Nodes/ActionModifierFunds/ModifyFunds
[LOG 18:01:32.558] Config(MEBASICNODE) SquadExpansion/MakingHistory/Nodes/ActionModifierScore/MissionScore
[LOG 18:01:32.558] Config(MEBASICNODE) SquadExpansion/MakingHistory/Nodes/ActionPartExplode/ActionPartExplode
[LOG 18:01:32.558] Config(MEBASICNODE) SquadExpansion/MakingHistory/Nodes/ActionPartResourceDrain/ActionPartResourceDrain
[LOG 18:01:32.558] Config(MEBASICNODE) SquadExpansion/MakingHistory/Nodes/ActionVesselActionGroup/ActionVesselActionGroup
[LOG 18:01:32.558] Config(MEBASICNODE) SquadExpansion/MakingHistory/Nodes/ActionVesselStage/ActionVesselStage
[LOG 18:01:32.559] Config(MEBASICNODE) SquadExpansion/MakingHistory/Nodes/CreateAsteroid/CreateAsteroid
[LOG 18:01:32.559] Config(MEBASICNODE) SquadExpansion/MakingHistory/Nodes/CreateComet/CreateComet
[LOG 18:01:32.559] Config(MEBASICNODE) SquadExpansion/MakingHistory/Nodes/CreateFlag/CreateFlag
[LOG 18:01:32.559] Config(MEBASICNODE) SquadExpansion/MakingHistory/Nodes/CreateLaunchSite/CreateLaunchSite
[LOG 18:01:32.559] Config(MEBASICNODE) SquadExpansion/MakingHistory/Nodes/CreateVessel/CreateVessel
[LOG 18:01:32.559] Config(MEBASICNODE) SquadExpansion/MakingHistory/Nodes/CrewAssignment/TestCrewAssignment
[LOG 18:01:32.559] Config(MEBASICNODE) SquadExpansion/MakingHistory/Nodes/Destroyed/Crashed
[LOG 18:01:32.559] Config(MEBASICNODE) SquadExpansion/MakingHistory/Nodes/DialogMessage/DialogMessage
[LOG 18:01:32.559] Config(MEBASICNODE) SquadExpansion/MakingHistory/Nodes/Distance/Distance
[LOG 18:01:32.559] Config(MEBASICNODE) SquadExpansion/MakingHistory/Nodes/EmptyFalse/EmptyFalse
[LOG 18:01:32.559] Config(MEBASICNODE) SquadExpansion/MakingHistory/Nodes/EmptyTrue/EmptyTrue
[LOG 18:01:32.559] Config(MEBASICNODE) SquadExpansion/MakingHistory/Nodes/EscapeSOI/SOILeft
[LOG 18:01:32.559] Config(MEBASICNODE) SquadExpansion/MakingHistory/Nodes/EVA/EVA
[LOG 18:01:32.559] Config(MEBASICNODE) SquadExpansion/MakingHistory/Nodes/Flying/Flying
[LOG 18:01:32.559] Config(MEBASICNODE) SquadExpansion/MakingHistory/Nodes/FundsRecovery/FundsRecovery
[LOG 18:01:32.559] Config(MEBASICNODE) SquadExpansion/MakingHistory/Nodes/KerbalBoarded/TestKerbalBoarded
[LOG 18:01:32.559] Config(MEBASICNODE) SquadExpansion/MakingHistory/Nodes/KerbalKilled/EVA
[LOG 18:01:32.559] Config(MEBASICNODE) SquadExpansion/MakingHistory/Nodes/KerbalRecovery/KerbalRecovery
[LOG 18:01:32.559] Config(MEBASICNODE) SquadExpansion/MakingHistory/Nodes/KerbalRescue/KerbalRescue
[LOG 18:01:32.559] Config(MEBASICNODE) SquadExpansion/MakingHistory/Nodes/Landed/Landed
[LOG 18:01:32.559] Config(MEBASICNODE) SquadExpansion/MakingHistory/Nodes/Message/Message
[LOG 18:01:32.559] Config(MEBASICNODE) SquadExpansion/MakingHistory/Nodes/MissionFunds/MissionFunds
[LOG 18:01:32.559] Config(MEBASICNODE) SquadExpansion/MakingHistory/Nodes/MissionScore/MissionScore
[LOG 18:01:32.559] Config(MEBASICNODE) SquadExpansion/MakingHistory/Nodes/Orbit/Orbit
[LOG 18:01:32.559] Config(MEBASICNODE) SquadExpansion/MakingHistory/Nodes/OrbitParams/OrbitParams
[LOG 18:01:32.559] Config(MEBASICNODE) SquadExpansion/MakingHistory/Nodes/PartDocking/TestPartDocking
[LOG 18:01:32.559] Config(MEBASICNODE) SquadExpansion/MakingHistory/Nodes/PartFailure/PartFailure
[LOG 18:01:32.559] Config(MEBASICNODE) SquadExpansion/MakingHistory/Nodes/PartGrapple/TestGrapple
[LOG 18:01:32.560] Config(MEBASICNODE) SquadExpansion/MakingHistory/Nodes/PartRepair/PartRepair
[LOG 18:01:32.560] Config(MEBASICNODE) SquadExpansion/MakingHistory/Nodes/PlaceKerbal/CreateKerbal
[LOG 18:01:32.560] Config(MEBASICNODE) SquadExpansion/MakingHistory/Nodes/PlantFlag/PlantFlag
[LOG 18:01:32.560] Config(MEBASICNODE) SquadExpansion/MakingHistory/Nodes/ReachSOI/ReachSOI
[LOG 18:01:32.560] Config(MEBASICNODE) SquadExpansion/MakingHistory/Nodes/Resource/ResourceAmount
[LOG 18:01:32.560] Config(MEBASICNODE) SquadExpansion/MakingHistory/Nodes/ResourceRecovery/TestResourcesRecovery
[LOG 18:01:32.560] Config(MEBASICNODE) SquadExpansion/MakingHistory/Nodes/ScienceExperiment/ScienceExperiment
[LOG 18:01:32.560] Config(MEBASICNODE) SquadExpansion/MakingHistory/Nodes/SetCamera/SetCamera
[LOG 18:01:32.560] Config(MEBASICNODE) SquadExpansion/MakingHistory/Nodes/SplashDown/SplashDown
[LOG 18:01:32.560] Config(MEBASICNODE) SquadExpansion/MakingHistory/Nodes/StageActivated/TestVesselStageActivated
[LOG 18:01:32.560] Config(MEBASICNODE) SquadExpansion/MakingHistory/Nodes/TakeKerbal/TestTakeKerbal
[LOG 18:01:32.560] Config(MEBASICNODE) SquadExpansion/MakingHistory/Nodes/TestFlyThrough/TestFlyThrough
[LOG 18:01:32.560] Config(MEBASICNODE) SquadExpansion/MakingHistory/Nodes/TestGoTo/TestGoTo
[LOG 18:01:32.560] Config(MEBASICNODE) SquadExpansion/MakingHistory/Nodes/TimeMET/TimeMET
[LOG 18:01:32.560] Config(MEBASICNODE) SquadExpansion/MakingHistory/Nodes/TimeOfMission/TimeOfMission
[LOG 18:01:32.560] Config(MEBASICNODE) SquadExpansion/MakingHistory/Nodes/TimeSinceNode/TestTimeSinceNode
[LOG 18:01:32.560] Config(MEBASICNODE) SquadExpansion/MakingHistory/Nodes/VesselActiveCount/TestVesselActiveCount
[LOG 18:01:32.560] Config(MEBASICNODE) SquadExpansion/MakingHistory/Nodes/VesselAltitudeGoal/VesselAltitudeGoal
[LOG 18:01:32.560] Config(MEBASICNODE) SquadExpansion/MakingHistory/Nodes/VesselCrewCount/VeselCrewCount
[LOG 18:01:32.560] Config(MEBASICNODE) SquadExpansion/MakingHistory/Nodes/VesselMassLogic/VesselMass
[LOG 18:01:32.560] Config(MEBASICNODE) SquadExpansion/MakingHistory/Nodes/VesselPartCount/PartCount
[LOG 18:01:32.560] Config(MEBASICNODE) SquadExpansion/MakingHistory/Nodes/VesselRecovery/TestVesselRecovery
[LOG 18:01:32.560] Config(MEBASICNODE) SquadExpansion/MakingHistory/Nodes/VesselStage/TestVesselStage
[LOG 18:01:32.560] Config(MEBASICNODE) SquadExpansion/MakingHistory/Nodes/VesselVelocity/VesselVelocity
[LOG 18:01:32.560] Config(PART) SquadExpansion/MakingHistory/Parts/Aero/protectiveRocketNoseMk16/rocketNoseCone_size4/rocketNoseConeSize4
[LOG 18:01:32.560] Config(PART) SquadExpansion/MakingHistory/Parts/Aero/protectiveRocketNoseMk5A/Size_1_5_Cone/Size_1_5_Cone
[LOG 18:01:32.560] Config(PART) SquadExpansion/MakingHistory/Parts/Coupling/Decoupler_1p5/Decoupler_1p5
[LOG 18:01:32.561] Config(PART) SquadExpansion/MakingHistory/Parts/Coupling/Decoupler_4/Decoupler_4
[LOG 18:01:32.561] Config(PART) SquadExpansion/MakingHistory/Parts/Coupling/EnginePlate_1p5/EnginePlate1p5
[LOG 18:01:32.561] Config(PART) SquadExpansion/MakingHistory/Parts/Coupling/EnginePlate_2/EnginePlate2
[LOG 18:01:32.561] Config(PART) SquadExpansion/MakingHistory/Parts/Coupling/EnginePlate_3/EnginePlate3
[LOG 18:01:32.561] Config(PART) SquadExpansion/MakingHistory/Parts/Coupling/EnginePlate_4/EnginePlate4
[LOG 18:01:32.561] Config(PART) SquadExpansion/MakingHistory/Parts/Coupling/EnginePlate_5/EnginePlate5
[LOG 18:01:32.561] Config(PART) SquadExpansion/MakingHistory/Parts/Coupling/InflatableAirlock/InflatableAirlock
[LOG 18:01:32.561] Config(PART) SquadExpansion/MakingHistory/Parts/Coupling/Separator_1p5/Separator_1p5
[LOG 18:01:32.561] Config(PART) SquadExpansion/MakingHistory/Parts/Coupling/Separator_4/Separator_4
[LOG 18:01:32.561] Config(PART) SquadExpansion/MakingHistory/Parts/Coupling/Size1p5_Strut_Decoupler/Size1p5_Strut_Decoupler
[LOG 18:01:32.561] Config(PART) SquadExpansion/MakingHistory/Parts/Engine/LiquidEngineKE-1/LiquidEngineKE-1
[LOG 18:01:32.561] Config(PART) SquadExpansion/MakingHistory/Parts/Engine/LiquidEngineLV-T91/LiquidEngineLV-T91
[LOG 18:01:32.561] Config(PART) SquadExpansion/MakingHistory/Parts/Engine/LiquidEngineLV-TX87/LiquidEngineLV-TX87
[LOG 18:01:32.561] Config(PART) SquadExpansion/MakingHistory/Parts/Engine/LiquidEngineRE-I2/LiquidEngineRE-I2
[LOG 18:01:32.561] Config(PART) SquadExpansion/MakingHistory/Parts/Engine/LiquidEngineRE-J10/LiquidEngineRE-J10
[LOG 18:01:32.561] Config(PART) SquadExpansion/MakingHistory/Parts/Engine/LiquidEngineRK-7/LiquidEngineRK-7
[LOG 18:01:32.561] Config(PART) SquadExpansion/MakingHistory/Parts/Engine/LiquidEngineRV-1/LiquidEngineRV-1
[LOG 18:01:32.561] Config(PART) SquadExpansion/MakingHistory/Parts/Engine/solidBoosterTHK/solidBoosterTHK/Pollux
[LOG 18:01:32.561] Config(PART) SquadExpansion/MakingHistory/Parts/FuelTank/MonoPropMini/monopropMiniSphere
[LOG 18:01:32.561] Config(PART) SquadExpansion/MakingHistory/Parts/FuelTank/Size1p5_Monoprop/Size1p5_Monoprop
[LOG 18:01:32.562] Config(PART) SquadExpansion/MakingHistory/Parts/FuelTank/Size1p5_Size0_Adapter_01/Size1p5_Size0_Adapter_01
[LOG 18:01:32.562] Config(PART) SquadExpansion/MakingHistory/Parts/FuelTank/Size1p5_Size1_Adapter_01/Size1p5_Size1_Adapter_01
[LOG 18:01:32.562] Config(PART) SquadExpansion/MakingHistory/Parts/FuelTank/Size1p5_Size1_Adapter_02/Size1p5_Size1_Adapter_02
[LOG 18:01:32.562] Config(PART) SquadExpansion/MakingHistory/Parts/FuelTank/Size1p5_Size2_Adapter_01/Size1p5_Size2_Adapter_01
[LOG 18:01:32.562] Config(PART) SquadExpansion/MakingHistory/Parts/FuelTank/Size1p5_Tank_01/Size1p5_Tank_01
[LOG 18:01:32.562] Config(PART) SquadExpansion/MakingHistory/Parts/FuelTank/Size1p5_Tank_02/Size1p5_Tank_02
[LOG 18:01:32.562] Config(PART) SquadExpansion/MakingHistory/Parts/FuelTank/Size1p5_Tank_03/Size1p5_Tank_03
[LOG 18:01:32.562] Config(PART) SquadExpansion/MakingHistory/Parts/FuelTank/Size1p5_Tank_04/Size1p5_Tank_04
[LOG 18:01:32.562] Config(PART) SquadExpansion/MakingHistory/Parts/FuelTank/Size1p5_Tank_05/Size1p5_Tank_05
[LOG 18:01:32.562] Config(PART) SquadExpansion/MakingHistory/Parts/FuelTank/Size3_Size4_Adapter_01/Size3_Size4_Adapter_01
[LOG 18:01:32.562] Config(PART) SquadExpansion/MakingHistory/Parts/FuelTank/Size4_EngineAdapter_01/Size4_EngineAdapter_01
[LOG 18:01:32.562] Config(PART) SquadExpansion/MakingHistory/Parts/FuelTank/Size4_Tank_01/Size4_Tank_01
[LOG 18:01:32.562] Config(PART) SquadExpansion/MakingHistory/Parts/FuelTank/Size4_Tank_02/Size4_Tank_02
[LOG 18:01:32.562] Config(PART) SquadExpansion/MakingHistory/Parts/FuelTank/Size4_Tank_03/Size4_Tank_03
[LOG 18:01:32.562] Config(PART) SquadExpansion/MakingHistory/Parts/FuelTank/Size4_Tank_04/Size4_Tank_04
[LOG 18:01:32.562] Config(PART) SquadExpansion/MakingHistory/Parts/Ground/RoverWheel/roverWheelM1-F
[LOG 18:01:32.562] Config(PART) SquadExpansion/MakingHistory/Parts/Payload/fairingSize1p5/fairingSize1p5
[LOG 18:01:32.562] Config(PART) SquadExpansion/MakingHistory/Parts/Payload/fairingSize4/fairingSize4
[LOG 18:01:32.562] Config(PART) SquadExpansion/MakingHistory/Parts/Payload/Size1to0ServiceModule/Size1to0ServiceModule
[LOG 18:01:32.562] Config(PART) SquadExpansion/MakingHistory/Parts/Payload/SM18/ServiceModule18
[LOG 18:01:32.562] Config(PART) SquadExpansion/MakingHistory/Parts/Payload/SM25/ServiceModule25
[LOG 18:01:32.562] Config(PART) SquadExpansion/MakingHistory/Parts/Pods/KV1Pod/kv1Pod
[LOG 18:01:32.562] Config(PART) SquadExpansion/MakingHistory/Parts/Pods/KV2Pod/kv2Pod
[LOG 18:01:32.562] Config(PART) SquadExpansion/MakingHistory/Parts/Pods/KV3Pod/kv3Pod
[LOG 18:01:32.562] Config(PART) SquadExpansion/MakingHistory/Parts/Pods/Mk2Pod/Mk2Pod
[LOG 18:01:32.562] Config(PART) SquadExpansion/MakingHistory/Parts/Pods/Size1_5_Lander/MEMLander
[LOG 18:01:32.562] Config(PART) SquadExpansion/MakingHistory/Parts/Prebuilt/kerbalEVAfemaleVintage/kerbalEVAfemaleVintage
[LOG 18:01:32.563] Config(PART) SquadExpansion/MakingHistory/Parts/Prebuilt/kerbalEVAVintage/kerbalEVAVintage
[LOG 18:01:32.563] Config(PART) SquadExpansion/MakingHistory/Parts/Structural/EquiTriangle0/EquiTriangle0
[LOG 18:01:32.563] Config(PART) SquadExpansion/MakingHistory/Parts/Structural/EquiTriangle1/EquiTriangle1
[LOG 18:01:32.563] Config(PART) SquadExpansion/MakingHistory/Parts/Structural/EquiTriangle1p5/EquiTriangle1p5
[LOG 18:01:32.563] Config(PART) SquadExpansion/MakingHistory/Parts/Structural/EquiTriangle2/EquiTriangle2
[LOG 18:01:32.563] Config(PART) SquadExpansion/MakingHistory/Parts/Structural/Panel0/Panel0
[LOG 18:01:32.563] Config(PART) SquadExpansion/MakingHistory/Parts/Structural/Panel1/Panel1
[LOG 18:01:32.563] Config(PART) SquadExpansion/MakingHistory/Parts/Structural/Panel1p5/Panel1p5
[LOG 18:01:32.563] Config(PART) SquadExpansion/MakingHistory/Parts/Structural/Panel2/Panel2
[LOG 18:01:32.563] Config(PART) SquadExpansion/MakingHistory/Parts/Structural/Triangle0/Triangle0
[LOG 18:01:32.563] Config(PART) SquadExpansion/MakingHistory/Parts/Structural/Triangle1/Triangle1
[LOG 18:01:32.563] Config(PART) SquadExpansion/MakingHistory/Parts/Structural/Triangle1p5/Triangle1p5
[LOG 18:01:32.563] Config(PART) SquadExpansion/MakingHistory/Parts/Structural/Triangle2/Triangle2
[LOG 18:01:32.563] Config(PART) SquadExpansion/MakingHistory/Parts/Structural/Tube1/Tube1
[LOG 18:01:32.563] Config(PART) SquadExpansion/MakingHistory/Parts/Structural/Tube1p5/Tube1p5
[LOG 18:01:32.563] Config(PART) SquadExpansion/MakingHistory/Parts/Structural/Tube2/Tube2
[LOG 18:01:32.563] Config(PART) SquadExpansion/MakingHistory/Parts/Structural/Tube3/Tube3
[LOG 18:01:32.563] Config(PART) SquadExpansion/MakingHistory/Parts/Structural/Tube4/Tube4
[LOG 18:01:32.563] Config(PART) SquadExpansion/MakingHistory/Parts/Thermal/HeatShield1p5/HeatShield1p5
[LOG 18:01:32.563] Config(PART) SquadExpansion/MakingHistory/Parts/Utility/flags/flagSize1p5/flagSize1p5/flagPartSize1p5
[LOG 18:01:32.563] Config(PART) SquadExpansion/MakingHistory/Parts/Utility/flags/flagSize4/flagSize4/flagPartSize4
[LOG 18:01:32.563] Config(INTERNAL) SquadExpansion/MakingHistory/Spaces/KVPods/Airlock_Internal/Airlock_IVA
[LOG 18:01:32.563] Config(INTERNAL) SquadExpansion/MakingHistory/Spaces/KVPods/KV1_Internal/KV1_IVA
[LOG 18:01:32.563] Config(INTERNAL) SquadExpansion/MakingHistory/Spaces/KVPods/KV2_Internal/KV2_IVA
[LOG 18:01:32.564] Config(INTERNAL) SquadExpansion/MakingHistory/Spaces/KVPods/KV3_Internal/KV3_IVA
[LOG 18:01:32.564] Config(INTERNAL) SquadExpansion/MakingHistory/Spaces/MEM/MEM_IVA/MEM_IVA
[LOG 18:01:32.564] Config(INTERNAL) SquadExpansion/MakingHistory/Spaces/Mk2Pod/Mk2Pod_Internal/MK2POD_IVA
[LOG 18:01:32.564] Config(Contracts) SquadExpansion/Serenity/Contracts/contracts/Contracts
[LOG 18:01:32.564] Config(EXPERIENCE_TRAIT) SquadExpansion/Serenity/Experience/Traits/Engineer
[LOG 18:01:32.564] Config(EXPERIENCE_TRAIT) SquadExpansion/Serenity/Experience/Traits/Scientist
[LOG 18:01:32.564] Config(Localization) SquadExpansion/Serenity/Localization/dictionary/Localization
[LOG 18:01:32.564] Config(PART) SquadExpansion/Serenity/Parts/Aero/FanShroud_01/FanShroud_01
[LOG 18:01:32.564] Config(PART) SquadExpansion/Serenity/Parts/Aero/FanShroud_02/FanShroud_02
[LOG 18:01:32.564] Config(PART) SquadExpansion/Serenity/Parts/Aero/FanShroud_03/FanShroud_03
[LOG 18:01:32.564] Config(PART) SquadExpansion/Serenity/Parts/Aero/noseconeTiny/noseconeTiny
[LOG 18:01:32.564] Config(PART) SquadExpansion/Serenity/Parts/Aero/noseconeVS/noseconeVS
[LOG 18:01:32.564] Config(PART) SquadExpansion/Serenity/Parts/DeployedScience/centralStation/DeployedCentralStation
[LOG 18:01:32.564] Config(PART) SquadExpansion/Serenity/Parts/DeployedScience/gooObservation/DeployedGoExOb
[LOG 18:01:32.564] Config(PART) SquadExpansion/Serenity/Parts/DeployedScience/ionCollector/DeployedIONExp
[LOG 18:01:32.564] Config(PART) SquadExpansion/Serenity/Parts/DeployedScience/rtg/DeployedRTG
[LOG 18:01:32.564] Config(PART) SquadExpansion/Serenity/Parts/DeployedScience/satDish/DeployedSatDish
[LOG 18:01:32.564] Config(PART) SquadExpansion/Serenity/Parts/DeployedScience/seismicSensor/DeployedSeismicSensor
[LOG 18:01:32.564] Config(PART) SquadExpansion/Serenity/Parts/DeployedScience/solarPanel/DeployedSolarPanel
[LOG 18:01:32.564] Config(PART) SquadExpansion/Serenity/Parts/DeployedScience/weatherStation/DeployedWeatherStn
[LOG 18:01:32.564] Config(PART) SquadExpansion/Serenity/Parts/Prebuilt/kerbalEVA/kerbalEVA
[LOG 18:01:32.564] Config(PART) SquadExpansion/Serenity/Parts/Prebuilt/kerbalEVAfemale/kerbalEVAfemale
[LOG 18:01:32.564] Config(PART) SquadExpansion/Serenity/Parts/Prebuilt/kerbalEVAfemaleFuture/kerbalEVAfemaleFuture
[LOG 18:01:32.565] Config(PART) SquadExpansion/Serenity/Parts/Prebuilt/kerbalEVAfemaleVintage/kerbalEVAfemaleVintage
[LOG 18:01:32.565] Config(PART) SquadExpansion/Serenity/Parts/Prebuilt/kerbalEVAFuture/kerbalEVAFuture
[LOG 18:01:32.565] Config(PART) SquadExpansion/Serenity/Parts/Prebuilt/kerbalEVASlimSuit/kerbalEVASlimSuit
[LOG 18:01:32.565] Config(PART) SquadExpansion/Serenity/Parts/Prebuilt/kerbalEVASlimSuitFemale/kerbalEVASlimSuitFemale
[LOG 18:01:32.565] Config(PART) SquadExpansion/Serenity/Parts/Prebuilt/kerbalEVAVintage/kerbalEVAVintage
[LOG 18:01:32.565] Config(PART) SquadExpansion/Serenity/Parts/Propellers/largeFanBlade/largeFanBlade
[LOG 18:01:32.565] Config(PART) SquadExpansion/Serenity/Parts/Propellers/largeHeliBlade/largeHeliBlade
[LOG 18:01:32.565] Config(PART) SquadExpansion/Serenity/Parts/Propellers/largePropeller/largePropeller
[LOG 18:01:32.565] Config(PART) SquadExpansion/Serenity/Parts/Propellers/mediumFanBlade/mediumFanBlade
[LOG 18:01:32.565] Config(PART) SquadExpansion/Serenity/Parts/Propellers/mediumHeliBlade/mediumHeliBlade
[LOG 18:01:32.565] Config(PART) SquadExpansion/Serenity/Parts/Propellers/mediumPropeller/mediumPropeller
[LOG 18:01:32.566] Config(PART) SquadExpansion/Serenity/Parts/Propellers/smallFanBlade/smallFanBlade
[LOG 18:01:32.566] Config(PART) SquadExpansion/Serenity/Parts/Propellers/smallHeliBlade/smallHeliBlade
[LOG 18:01:32.566] Config(PART) SquadExpansion/Serenity/Parts/Propellers/smallPropeller/smallPropeller
[LOG 18:01:32.566] Config(PART) SquadExpansion/Serenity/Parts/Robotics/hinge_01/hinge_01
[LOG 18:01:32.566] Config(PART) SquadExpansion/Serenity/Parts/Robotics/hinge_01_s/hinge_01_s
[LOG 18:01:32.566] Config(PART) SquadExpansion/Serenity/Parts/Robotics/hinge_03/hinge_03
[LOG 18:01:32.566] Config(PART) SquadExpansion/Serenity/Parts/Robotics/hinge_03_s/hinge_03_s
[LOG 18:01:32.566] Config(PART) SquadExpansion/Serenity/Parts/Robotics/hinge_04/hinge_04
[LOG 18:01:32.566] Config(PART) SquadExpansion/Serenity/Parts/Robotics/piston_01/piston_01
[LOG 18:01:32.566] Config(PART) SquadExpansion/Serenity/Parts/Robotics/piston_02/piston_02
[LOG 18:01:32.566] Config(PART) SquadExpansion/Serenity/Parts/Robotics/piston_03/piston_03
[LOG 18:01:32.566] Config(PART) SquadExpansion/Serenity/Parts/Robotics/piston_04/piston_04
[LOG 18:01:32.566] Config(PART) SquadExpansion/Serenity/Parts/Robotics/RotorEngine_02/RotorEngine_02
[LOG 18:01:32.566] Config(PART) SquadExpansion/Serenity/Parts/Robotics/RotorEngine_03/RotorEngine_03
[LOG 18:01:32.566] Config(PART) SquadExpansion/Serenity/Parts/Robotics/rotor_01/rotor_01
[LOG 18:01:32.566] Config(PART) SquadExpansion/Serenity/Parts/Robotics/rotor_01s/rotor_01s
[LOG 18:01:32.566] Config(PART) SquadExpansion/Serenity/Parts/Robotics/rotor_02/rotor_02
[LOG 18:01:32.566] Config(PART) SquadExpansion/Serenity/Parts/Robotics/rotor_02s/rotor_02s
[LOG 18:01:32.567] Config(PART) SquadExpansion/Serenity/Parts/Robotics/rotor_03/rotor_03
[LOG 18:01:32.567] Config(PART) SquadExpansion/Serenity/Parts/Robotics/rotor_03s/rotor_03s
[LOG 18:01:32.567] Config(PART) SquadExpansion/Serenity/Parts/Robotics/rotoServo_00/rotoServo_00
[LOG 18:01:32.567] Config(PART) SquadExpansion/Serenity/Parts/Robotics/rotoServo_02/rotoServo_02
[LOG 18:01:32.567] Config(PART) SquadExpansion/Serenity/Parts/Robotics/rotoServo_03/rotoServo_03
[LOG 18:01:32.567] Config(PART) SquadExpansion/Serenity/Parts/Robotics/rotoServo_04/rotoServo_04
[LOG 18:01:32.567] Config(PART) SquadExpansion/Serenity/Parts/Robotics/Controllers/KAL1000/controller1000
[LOG 18:01:32.567] Config(PART) SquadExpansion/Serenity/Parts/Science/RobotArmScanner/RobotArmScanner_S1/RobotArmScanner_S1
[LOG 18:01:32.567] Config(PART) SquadExpansion/Serenity/Parts/Science/RobotArmScanner/RobotArmScanner_S2/RobotArmScanner_S2
[LOG 18:01:32.567] Config(PART) SquadExpansion/Serenity/Parts/Science/RobotArmScanner/RobotArmScanner_S3/RobotArmScanner_S3
[LOG 18:01:32.567] Config(PART) SquadExpansion/Serenity/Parts/Structural/gripPads/lGripPad/lGripPad
[LOG 18:01:32.567] Config(PART) SquadExpansion/Serenity/Parts/Structural/gripPads/lGripStrip/lGripStrip
[LOG 18:01:32.567] Config(PART) SquadExpansion/Serenity/Parts/Structural/gripPads/mGripPad/mGripPad
[LOG 18:01:32.567] Config(PART) SquadExpansion/Serenity/Parts/Structural/gripPads/sGripPad/sGripPad
[LOG 18:01:32.567] Config(PART) SquadExpansion/Serenity/Parts/Structural/gripPads/sGripStrip/sGripStrip
[LOG 18:01:32.567] Config(DEPLOYEDSCIENCE) SquadExpansion/Serenity/Resources/DeployedScience/DEPLOYEDSCIENCE
[LOG 18:01:32.567] Config(PHYSICMATERIAL_DEFINITION) SquadExpansion/Serenity/Resources/PhysicsMaterials/MediumGrip
[LOG 18:01:32.567] Config(PHYSICMATERIAL_DEFINITION) SquadExpansion/Serenity/Resources/PhysicsMaterials/HighGrip
[LOG 18:01:32.567] Config(PHYSICMATERIAL_DEFINITION) SquadExpansion/Serenity/Resources/PhysicsMaterials/ExtremeGrip
[LOG 18:01:32.567] Config(PHYSICMATERIAL_DEFINITION) SquadExpansion/Serenity/Resources/PhysicsMaterials/LowGrip
[LOG 18:01:32.567] Config(PHYSICMATERIAL_DEFINITION) SquadExpansion/Serenity/Resources/PhysicsMaterials/Default
[LOG 18:01:32.567] Config(ROC_DEFINITION) SquadExpansion/Serenity/Resources/rocsdef/ROC_DEFINITION
[LOG 18:01:32.568] Config(ROC_DEFINITION) SquadExpansion/Serenity/Resources/rocsdef/ROC_DEFINITION
[LOG 18:01:32.568] Config(ROC_DEFINITION) SquadExpansion/Serenity/Resources/rocsdef/ROC_DEFINITION
[LOG 18:01:32.568] Config(ROC_DEFINITION) SquadExpansion/Serenity/Resources/rocsdef/ROC_DEFINITION
[LOG 18:01:32.568] Config(ROC_DEFINITION) SquadExpansion/Serenity/Resources/rocsdef/ROC_DEFINITION
[LOG 18:01:32.568] Config(ROC_DEFINITION) SquadExpansion/Serenity/Resources/rocsdef/ROC_DEFINITION
[LOG 18:01:32.568] Config(ROC_DEFINITION) SquadExpansion/Serenity/Resources/rocsdef/ROC_DEFINITION
[LOG 18:01:32.568] Config(ROC_DEFINITION) SquadExpansion/Serenity/Resources/rocsdef/ROC_DEFINITION
[LOG 18:01:32.568] Config(ROC_DEFINITION) SquadExpansion/Serenity/Resources/rocsdef/ROC_DEFINITION
[LOG 18:01:32.568] Config(ROC_DEFINITION) SquadExpansion/Serenity/Resources/rocsdef/ROC_DEFINITION
[LOG 18:01:32.568] Config(ROC_DEFINITION) SquadExpansion/Serenity/Resources/rocsdef/ROC_DEFINITION
[LOG 18:01:32.568] Config(ROC_DEFINITION) SquadExpansion/Serenity/Resources/rocsdef/ROC_DEFINITION
[LOG 18:01:32.568] Config(ROC_DEFINITION) SquadExpansion/Serenity/Resources/rocsdef/ROC_DEFINITION
[LOG 18:01:32.568] Config(ROC_DEFINITION) SquadExpansion/Serenity/Resources/rocsdef/ROC_DEFINITION
[LOG 18:01:32.568] Config(ROC_DEFINITION) SquadExpansion/Serenity/Resources/rocsdef/ROC_DEFINITION
[LOG 18:01:32.568] Config(ROC_DEFINITION) SquadExpansion/Serenity/Resources/rocsdef/ROC_DEFINITION
[LOG 18:01:32.568] Config(ROC_DEFINITION) SquadExpansion/Serenity/Resources/rocsdef/ROC_DEFINITION
[LOG 18:01:32.568] Config(ROC_DEFINITION) SquadExpansion/Serenity/Resources/rocsdef/ROC_DEFINITION
[LOG 18:01:32.568] Config(ROC_DEFINITION) SquadExpansion/Serenity/Resources/rocsdef/ROC_DEFINITION
[LOG 18:01:32.568] Config(ROC_DEFINITION) SquadExpansion/Serenity/Resources/rocsdef/ROC_DEFINITION
[LOG 18:01:32.569] Config(ROC_DEFINITION) SquadExpansion/Serenity/Resources/rocsdef/ROC_DEFINITION
[LOG 18:01:32.569] Config(ROC_DEFINITION) SquadExpansion/Serenity/Resources/rocsdef/ROC_DEFINITION
[LOG 18:01:32.569] Config(ROC_DEFINITION) SquadExpansion/Serenity/Resources/rocsdef/ROC_DEFINITION
[LOG 18:01:32.569] Config(ROC_DEFINITION) SquadExpansion/Serenity/Resources/rocsdef/ROC_DEFINITION
[LOG 18:01:32.569] Config(ROC_DEFINITION) SquadExpansion/Serenity/Resources/rocsdef/ROC_DEFINITION
[LOG 18:01:32.569] Config(ROC_DEFINITION) SquadExpansion/Serenity/Resources/rocsdef/ROC_DEFINITION
[LOG 18:01:32.569] Config(ROC_DEFINITION) SquadExpansion/Serenity/Resources/rocsdef/ROC_DEFINITION
[LOG 18:01:32.569] Config(ROC_DEFINITION) SquadExpansion/Serenity/Resources/rocsdef/ROC_DEFINITION
[LOG 18:01:32.569] Config(ROC_DEFINITION) SquadExpansion/Serenity/Resources/rocsdef/ROC_DEFINITION
[LOG 18:01:32.569] Config(ROC_DEFINITION) SquadExpansion/Serenity/Resources/rocsdef/ROC_DEFINITION
[LOG 18:01:32.569] Config(ROC_DEFINITION) SquadExpansion/Serenity/Resources/rocsdef/ROC_DEFINITION
[LOG 18:01:32.569] Config(ROC_DEFINITION) SquadExpansion/Serenity/Resources/rocsdef/ROC_DEFINITION
[LOG 18:01:32.569] Config(ROC_DEFINITION) SquadExpansion/Serenity/Resources/rocsdef/ROC_DEFINITION
[LOG 18:01:32.569] Config(ROC_DEFINITION) SquadExpansion/Serenity/Resources/rocsdef/ROC_DEFINITION
[LOG 18:01:32.569] Config(EXPERIMENT_DEFINITION) SquadExpansion/Serenity/Resources/ScienceDefs/EXPERIMENT_DEFINITION
[LOG 18:01:32.569] Config(EXPERIMENT_DEFINITION) SquadExpansion/Serenity/Resources/ScienceDefs/EXPERIMENT_DEFINITION
[LOG 18:01:32.569] Config(EXPERIMENT_DEFINITION) SquadExpansion/Serenity/Resources/ScienceDefs/EXPERIMENT_DEFINITION
[LOG 18:01:32.569] Config(EXPERIMENT_DEFINITION) SquadExpansion/Serenity/Resources/ScienceDefs/EXPERIMENT_DEFINITION
[LOG 18:01:32.569] Config(EXPERIMENT_DEFINITION) SquadExpansion/Serenity/Resources/ScienceDefs/EXPERIMENT_DEFINITION
[LOG 18:01:32.569] Config(EXPERIMENT_DEFINITION) SquadExpansion/Serenity/Resources/ScienceDefs/EXPERIMENT_DEFINITION
[LOG 18:01:32.569] Config(EXPERIMENT_DEFINITION) SquadExpansion/Serenity/Resources/ScienceDefs/EXPERIMENT_DEFINITION
[LOG 18:01:32.569] Config(EXPERIMENT_DEFINITION) SquadExpansion/Serenity/Resources/ScienceDefs/EXPERIMENT_DEFINITION
[LOG 18:01:32.569] Config(EXPERIMENT_DEFINITION) SquadExpansion/Serenity/Resources/ScienceDefs/EXPERIMENT_DEFINITION
[LOG 18:01:32.570] Config(EXPERIMENT_DEFINITION) SquadExpansion/Serenity/Resources/ScienceDefs/EXPERIMENT_DEFINITION
[LOG 18:01:32.570] Config(EXPERIMENT_DEFINITION) SquadExpansion/Serenity/Resources/ScienceDefs/EXPERIMENT_DEFINITION
[LOG 18:01:32.570] Config(EXPERIMENT_DEFINITION) SquadExpansion/Serenity/Resources/ScienceDefs/EXPERIMENT_DEFINITION
[LOG 18:01:32.570] Config(EXPERIMENT_DEFINITION) SquadExpansion/Serenity/Resources/ScienceDefs/EXPERIMENT_DEFINITION
[LOG 18:01:32.570] Config(EXPERIMENT_DEFINITION) SquadExpansion/Serenity/Resources/ScienceDefs/EXPERIMENT_DEFINITION
[LOG 18:01:32.570] Config(EXPERIMENT_DEFINITION) SquadExpansion/Serenity/Resources/ScienceDefs/EXPERIMENT_DEFINITION
[LOG 18:01:32.570] Config(EXPERIMENT_DEFINITION) SquadExpansion/Serenity/Resources/ScienceDefs/EXPERIMENT_DEFINITION
[LOG 18:01:32.570] Config(EXPERIMENT_DEFINITION) SquadExpansion/Serenity/Resources/ScienceDefs/EXPERIMENT_DEFINITION
[LOG 18:01:32.570] Config(EXPERIMENT_DEFINITION) SquadExpansion/Serenity/Resources/ScienceDefs/EXPERIMENT_DEFINITION
[LOG 18:01:32.570] Config(EXPERIMENT_DEFINITION) SquadExpansion/Serenity/Resources/ScienceDefs/EXPERIMENT_DEFINITION
[LOG 18:01:32.570] Config(EXPERIMENT_DEFINITION) SquadExpansion/Serenity/Resources/ScienceDefs/EXPERIMENT_DEFINITION
[LOG 18:01:32.570] Config(EXPERIMENT_DEFINITION) SquadExpansion/Serenity/Resources/ScienceDefs/EXPERIMENT_DEFINITION
[LOG 18:01:32.570] Config(EXPERIMENT_DEFINITION) SquadExpansion/Serenity/Resources/ScienceDefs/EXPERIMENT_DEFINITION
[LOG 18:01:32.570] Config(EXPERIMENT_DEFINITION) SquadExpansion/Serenity/Resources/ScienceDefs/EXPERIMENT_DEFINITION
[LOG 18:01:32.570] Config(EXPERIMENT_DEFINITION) SquadExpansion/Serenity/Resources/ScienceDefs/EXPERIMENT_DEFINITION
[LOG 18:01:32.570] Config(EXPERIMENT_DEFINITION) SquadExpansion/Serenity/Resources/ScienceDefs/EXPERIMENT_DEFINITION
[LOG 18:01:32.570] Config(EXPERIMENT_DEFINITION) SquadExpansion/Serenity/Resources/ScienceDefs/EXPERIMENT_DEFINITION
[LOG 18:01:32.570] Config(EXPERIMENT_DEFINITION) SquadExpansion/Serenity/Resources/ScienceDefs/EXPERIMENT_DEFINITION
[LOG 18:01:32.570] Config(EXPERIMENT_DEFINITION) SquadExpansion/Serenity/Resources/ScienceDefs/EXPERIMENT_DEFINITION
[LOG 18:01:32.570] Config(EXPERIMENT_DEFINITION) SquadExpansion/Serenity/Resources/ScienceDefs/EXPERIMENT_DEFINITION
[LOG 18:01:32.570] Config(EXPERIMENT_DEFINITION) SquadExpansion/Serenity/Resources/ScienceDefs/EXPERIMENT_DEFINITION
[LOG 18:01:32.570] Config(EXPERIMENT_DEFINITION) SquadExpansion/Serenity/Resources/ScienceDefs/EXPERIMENT_DEFINITION
[LOG 18:01:32.570] Config(EXPERIMENT_DEFINITION) SquadExpansion/Serenity/Resources/ScienceDefs/EXPERIMENT_DEFINITION
[LOG 18:01:32.570] Config(EXPERIMENT_DEFINITION) SquadExpansion/Serenity/Resources/ScienceDefs/EXPERIMENT_DEFINITION
[LOG 18:01:32.570] Config(EXPERIMENT_DEFINITION) SquadExpansion/Serenity/Resources/ScienceDefs/EXPERIMENT_DEFINITION
[LOG 18:01:32.570] Config(EXPERIMENT_DEFINITION) SquadExpansion/Serenity/Resources/ScienceDefs/EXPERIMENT_DEFINITION
[LOG 18:01:32.570] Config(EXPERIMENT_DEFINITION) SquadExpansion/Serenity/Resources/ScienceDefs/EXPERIMENT_DEFINITION
[LOG 18:01:32.570] Config(EXPERIMENT_DEFINITION) SquadExpansion/Serenity/Resources/ScienceDefs/EXPERIMENT_DEFINITION
[LOG 18:01:32.570] Config(EXPERIMENT_DEFINITION) SquadExpansion/Serenity/Resources/ScienceDefs/EXPERIMENT_DEFINITION
[LOG 18:01:32.571] Config(STORY_DEF) SquadExpansion/Serenity/Resources/StoryDefs/STORY_DEF
[LOG 18:01:32.571] Compiling Configs Completed.
[LOG 18:01:32.575] Resource LiquidFuel added to database
[LOG 18:01:32.575] Resource Oxidizer added to database
[LOG 18:01:32.575] Resource SolidFuel added to database
[LOG 18:01:32.575] Resource MonoPropellant added to database
[LOG 18:01:32.575] Resource XenonGas added to database
[LOG 18:01:32.575] Resource ElectricCharge added to database
[LOG 18:01:32.575] Resource IntakeAir added to database
[LOG 18:01:32.575] Resource EVA Propellant added to database
[LOG 18:01:32.575] Resource Ore added to database
[LOG 18:01:32.576] Resource Ablator added to database
[LOG 18:01:32.577] Resource MediumGrip added to database
[LOG 18:01:32.577] Resource HighGrip added to database
[LOG 18:01:32.577] Resource ExtremeGrip added to database
[LOG 18:01:32.577] Resource LowGrip added to database
[LOG 18:01:32.577] Resource Default added to database
[LOG 18:01:32.577] CodeAssetLoader: Compiling all code assets
[LOG 18:01:32.582] ExperienceSystemConfig: Added Effect 'DeployedSciencePowerSkill' to Trait 'Ingénieur'
[LOG 18:01:32.582] ExperienceSystemConfig: Added Effect 'DeployedScienceExpSkill' to Trait 'Scientifique'
[LOG 18:01:32.587] ConfigNode[]
[LOG 18:01:32.587] GameDatabase: Assets loaded in 40.026s
[LOG 18:01:32.588] [ModuleManager] Waited 0.000s for patching to finish
[LOG 18:01:32.589] [ModuleManager] Applying patched game database
[LOG 18:01:32.591] [ModuleManager] Dumping ModuleManager log to main log
[LOG 18:01:32.591] [ModuleManager] 
#### BEGIN MODULEMANAGER LOG ####


[LOG 18:00:56.475] Log started at 2026-10-07 18:00:56.475
[LOG 18:00:59.333] Checking Cache
[LOG 18:00:59.711] SHA generated in 0.374s
[LOG 18:00:59.711]       SHA = A5-86-8E-56-EF-A3-60-BD-B3-07-5D-12-47-5C-3D-95-0D-A2-03-43-FA-8C-1B-91-02-8D-5E-9E-52-24-AA-14
[LOG 18:01:00.159] Cache SHA = 3A-98-4C-56-E0-3D-D0-7F-D9-8C-F7-4A-BE-27-9C-75-86-CF-0A-5F-4D-29-BE-69-7A-15-28-58-65-5B-F0-AE
[LOG 18:01:00.159] useCache = False
[LOG 18:01:00.160] Pre patch init
[LOG 18:01:00.365] compiling list of loaded mods...
Mod DLLs found:
  Name                                    Assembly Version         Assembly File Version    KSPAssembly Version      SHA256

  Assembly-CSharp                         0.0.0.0                  0.0.0.0                  1.12                     d9e42483f25ee80a9c11d6c1c0a0d29b4ec78c1e08d76c971b71580c9cce51e4
  ModuleManager                           4.2.3.0                  4.2.3.0                  2.5                      95847827ab293b9e82a19b7efb97ffea3e98cc03b181862536ac8eb572e30d7d
  0Harmony                                2.2.1.0                  2.2.1.0                                           19ce60ac3280f72ec1751d36a40cb7e2fece2934df8345969dc7feb83bd633e4
  HarmonyInstallChecker                   2.2.1.0                  2.2.1.0                  1.0                      f11e659e91a52c21c5bda78e52b82a7bdc246bcab6a999733af3c69a11a9dc0e
  0_MultipleModuleInPartAPI               1.0.0.0                  1.0.0.0                  1.0                      df4a22fb0535de7fa154ca234b50dd7c2fc6be879e4a877d9bad1f87bafafcbf
  KSPCommunityFixes                       1.41.0.0                 1.41.1.0                 1.41                     e08ebbec7ab34f4f7ff56d6e900051bb0d259a4bc092881d7db3ca2f9f2e9a11
  KSPDiagColliders                        1.0.9774.39745           1.0.9774.39745                                    101c69226e20a5389301c3635c44de6bc8dcc6cf19bf830573da4ed76d691283
  KSPMCPServer                            0.0.0.0                  0.0.0.0                                           24775670af8b42f374ef7e3f9b227746906ca17948a001d3fa891f8813d09cd9
Non-DLL mods added (:FOR[xxx]):
Mods by directory (sub directories of GameData):
  000_Harmony
  Squad
  SquadExpansion
Mods added by assemblies:

[LOG 18:01:00.367] Loading Physics.cfg
[LOG 18:01:00.374] Extracting patches
[LOG 18:01:00.385] Deleting root node in file KSPCommunityFixes/MMPatches/ModSupport/FixDockingNodes node: @PART[*]:HAS[@MODULE[ModuleDockingNodeFixed]]:NEEDS[FixDockingNodes]:FINAL as it can't satisfy its NEEDS
[LOG 18:01:00.386] Deleting root node in file KSPCommunityFixes/MMPatches/ModSupport/KSPRecall node: @KSP_COMMUNITY_FIXES:NEEDS[AttachedOnEditor] as it can't satisfy its NEEDS
[LOG 18:01:00.386] Deleting root node in file KSPCommunityFixes/MMPatches/ModSupport/UniversalStorage node: @KSP_COMMUNITY_FIXES:NEEDS[UniversalStorage2] as it can't satisfy its NEEDS
[LOG 18:01:00.468] Applying patches
[LOG 18:01:00.469] :INSERT (initial) pass
[LOG 18:01:00.534] :FIRST pass
[LOG 18:01:00.537] Applying update KSPCommunityFixes/MMPatches/StockTweaks/LadderToggleableLight/@PART[telescopicLadderBay]:FIRST to Squad/Parts/Utility/ladderTelescopicBay/ladderTelescopicBay.cfg/PART[telescopicLadderBay]
[LOG 18:01:00.548] Applying update KSPCommunityFixes/MMPatches/StockTweaks/LadderToggleableLight/@PART[telescopicLadderBay]:HAS[#LadderToggleableLight[?rue]]:FIRST to Squad/Parts/Utility/ladderTelescopicBay/ladderTelescopicBay.cfg/PART[telescopicLadderBay]
[LOG 18:01:00.548] Applying update KSPCommunityFixes/MMPatches/StockTweaks/LadderToggleableLight/@PART[telescopicLadderBay]:HAS[#LadderToggleableLight]:FIRST to Squad/Parts/Utility/ladderTelescopicBay/ladderTelescopicBay.cfg/PART[telescopicLadderBay]
[LOG 18:01:00.549] Applying update KSPCommunityFixes/MMPatches/StockTweaks/LandingGearLights/@PART[GearSmall]:FIRST to Squad/Parts/Wheel/LandingGear/GearMedium.cfg/PART[GearSmall]
[LOG 18:01:00.551] Applying update KSPCommunityFixes/MMPatches/StockTweaks/LandingGearLights/@PART[SmallGearBay]:FIRST to Squad/Parts/Wheel/LandingGear/GearSmall.cfg/PART[SmallGearBay]
[LOG 18:01:00.551] :LEGACY (default) pass
[LOG 18:01:00.553] :BEFORE[0_MULTIPLEMODULEINPARTAPI] pass
[LOG 18:01:00.553] :FOR[0_MULTIPLEMODULEINPARTAPI] pass
[LOG 18:01:00.553] :AFTER[0_MULTIPLEMODULEINPARTAPI] pass
[LOG 18:01:00.553] :BEFORE[000_HARMONY] pass
[LOG 18:01:00.553] :FOR[000_HARMONY] pass
[LOG 18:01:00.553] :AFTER[000_HARMONY] pass
[LOG 18:01:00.553] :BEFORE[0HARMONY] pass
[LOG 18:01:00.553] :FOR[0HARMONY] pass
[LOG 18:01:00.553] :AFTER[0HARMONY] pass
[LOG 18:01:00.553] :BEFORE[ASSEMBLY-CSHARP] pass
[LOG 18:01:00.553] :FOR[ASSEMBLY-CSHARP] pass
[LOG 18:01:00.553] :AFTER[ASSEMBLY-CSHARP] pass
[LOG 18:01:00.553] :BEFORE[HARMONYINSTALLCHECKER] pass
[LOG 18:01:00.553] :FOR[HARMONYINSTALLCHECKER] pass
[LOG 18:01:00.553] :AFTER[HARMONYINSTALLCHECKER] pass
[LOG 18:01:00.553] :BEFORE[KSPCOMMUNITYFIXES] pass
[LOG 18:01:00.553] :FOR[KSPCOMMUNITYFIXES] pass
[LOG 18:01:00.553] Applying update KSPCommunityFixes/MMPatches/StockTweaks/ManufacturerFixes/@PART[sasModule]:FOR[KSPCommunityFixes] to Squad/Parts/Command/inlineReactionWheel/inlineReactionWheel.cfg/PART[sasModule]
[LOG 18:01:00.554] Applying update KSPCommunityFixes/MMPatches/StockTweaks/ManufacturerFixes/@PART[xenonTankRadial]:FOR[KSPCommunityFixes] to Squad/Parts/FuelTank/xenonTankRadial/xenonTankRadial.cfg/PART[xenonTankRadial]
[LOG 18:01:00.554] Applying update KSPCommunityFixes/MMPatches/StockTweaks/ManufacturerFixes/@PART[winglet|fireworksLauncherSmall|fireworksLauncherBig]:FOR[KSPCommunityFixes] to Squad/Parts/Aero/wingletAV-T1/wingletAV-T1.cfg/PART[winglet]
[LOG 18:01:00.555] Applying update KSPCommunityFixes/MMPatches/StockTweaks/ManufacturerFixes/@PART[winglet|fireworksLauncherSmall|fireworksLauncherBig]:FOR[KSPCommunityFixes] to Squad/Parts/Utility/Fireworks/fireworksLauncherBig.cfg/PART[fireworksLauncherBig]
[LOG 18:01:00.555] Applying update KSPCommunityFixes/MMPatches/StockTweaks/ManufacturerFixes/@PART[winglet|fireworksLauncherSmall|fireworksLauncherBig]:FOR[KSPCommunityFixes] to Squad/Parts/Utility/Fireworks/fireworksLauncherSmall.cfg/PART[fireworksLauncherSmall]
[LOG 18:01:00.556] Applying update KSPCommunityFixes/MMPatches/StockTweaks/ManufacturerFixes/@PART[solidBooster_sm_v2|solidBooster_v2]:FOR[KSPCommunityFixes] to Squad/Parts/Engine/Size1_SRBs/solidBoosterRT-10_v2.cfg/PART[solidBooster_v2]
[LOG 18:01:00.556] Applying update KSPCommunityFixes/MMPatches/StockTweaks/ManufacturerFixes/@PART[solidBooster_sm_v2|solidBooster_v2]:FOR[KSPCommunityFixes] to Squad/Parts/Engine/Size1_SRBs/solidBoosterRT-5_v2.cfg/PART[solidBooster_sm_v2]
[LOG 18:01:00.557] Applying update KSPCommunityFixes/MMPatches/StockTweaks/ManufacturerFixes/@PART[ServiceBay_125_v2|ServiceBay_250_v2]:FOR[KSPCommunityFixes] to Squad/Parts/Utility/ServiceBay_v2/ServiceBay_125_v2.cfg/PART[ServiceBay_125_v2]
[LOG 18:01:00.557] Applying update KSPCommunityFixes/MMPatches/StockTweaks/ManufacturerFixes/@PART[ServiceBay_125_v2|ServiceBay_250_v2]:FOR[KSPCommunityFixes] to Squad/Parts/Utility/ServiceBay_v2/ServiceBay_250_v2.cfg/PART[ServiceBay_250_v2]
[LOG 18:01:00.558] Applying update KSPCommunityFixes/MMPatches/StockTweaks/ManufacturerFixes/@PART[externalTankCapsule]:FOR[KSPCommunityFixes] to Squad/Parts/FuelTank/FoilTanks/RadialTank_Capsule.cfg/PART[externalTankCapsule]
[LOG 18:01:00.559] Applying update KSPCommunityFixes/MMPatches/StockTweaks/ManufacturerFixes/@PART[RCSFuelTank|rcsTankMini|RCSTank1-2]:FOR[KSPCommunityFixes] to Squad/Parts/FuelTank/RCSFuelTankR1/RCSFuelTankR1.cfg/PART[RCSTank1-2]
[LOG 18:01:00.559] Applying update KSPCommunityFixes/MMPatches/StockTweaks/ManufacturerFixes/@PART[RCSFuelTank|rcsTankMini|RCSTank1-2]:FOR[KSPCommunityFixes] to Squad/Parts/FuelTank/RCSFuelTankR10/RCSFuelTankR10.cfg/PART[rcsTankMini]
[LOG 18:01:00.559] Applying update KSPCommunityFixes/MMPatches/StockTweaks/ManufacturerFixes/@PART[RCSFuelTank|rcsTankMini|RCSTank1-2]:FOR[KSPCommunityFixes] to Squad/Parts/FuelTank/RCSFuelTankR25/RCSFuelTankR25.cfg/PART[RCSFuelTank]
[LOG 18:01:00.559] Applying update KSPCommunityFixes/MMPatches/StockTweaks/ManufacturerFixes/@PART[landerCabinSmall]:FOR[KSPCommunityFixes] to Squad/Parts/Command/mk1LanderCan/mk1LanderCan.cfg/PART[landerCabinSmall]
[LOG 18:01:00.560] Applying update KSPCommunityFixes/MMPatches/StockTweaks/ManufacturerFixes/@PART[dockingPortLateral]:FOR[KSPCommunityFixes] to Squad/Parts/Utility/dockingPortInline/dockingPortInline.cfg/PART[dockingPortLateral]
[LOG 18:01:00.560] Applying update KSPCommunityFixes/MMPatches/StockTweaks/ManufacturerFixes/@PART[EnginePlate4]:FOR[KSPCommunityFixes]:NEEDS[SquadExpansion/MakingHistory] to SquadExpansion/MakingHistory/Parts/Coupling/EnginePlate_4.cfg/PART[EnginePlate4]
[LOG 18:01:00.561] Applying update KSPCommunityFixes/MMPatches/StockTweaks/ManufacturerFixes/@PART[Mk2Pod]:FOR[KSPCommunityFixes]:NEEDS[SquadExpansion/MakingHistory] to SquadExpansion/MakingHistory/Parts/Pods/Mk2Pod.cfg/PART[Mk2Pod]
[LOG 18:01:00.561] Applying update KSPCommunityFixes/MMPatches/StockTweaks/ManufacturerFixes/@PART[evaChute|parachuteSingle|parachuteRadial|radialDrogue|parachuteLarge|parachuteDrogue]:FOR[KSPCommunityFixes] to Squad/Parts/Cargo/Parachute/Parachute.cfg/PART[evaChute]
[LOG 18:01:00.562] Applying update KSPCommunityFixes/MMPatches/StockTweaks/ManufacturerFixes/@PART[evaChute|parachuteSingle|parachuteRadial|radialDrogue|parachuteLarge|parachuteDrogue]:FOR[KSPCommunityFixes] to Squad/Parts/Utility/parachuteMk1/parachuteMk1.cfg/PART[parachuteSingle]
[LOG 18:01:00.562] Applying update KSPCommunityFixes/MMPatches/StockTweaks/ManufacturerFixes/@PART[evaChute|parachuteSingle|parachuteRadial|radialDrogue|parachuteLarge|parachuteDrogue]:FOR[KSPCommunityFixes] to Squad/Parts/Utility/parachuteMk12-R/parachuteMk12-R.cfg/PART[radialDrogue]
[LOG 18:01:00.562] Applying update KSPCommunityFixes/MMPatches/StockTweaks/ManufacturerFixes/@PART[evaChute|parachuteSingle|parachuteRadial|radialDrogue|parachuteLarge|parachuteDrogue]:FOR[KSPCommunityFixes] to Squad/Parts/Utility/parachuteMk16-XL/parachuteMk16-XL.cfg/PART[parachuteLarge]
[LOG 18:01:00.562] Applying update KSPCommunityFixes/MMPatches/StockTweaks/ManufacturerFixes/@PART[evaChute|parachuteSingle|parachuteRadial|radialDrogue|parachuteLarge|parachuteDrogue]:FOR[KSPCommunityFixes] to Squad/Parts/Utility/parachuteMk2-R/parachuteMk2-R.cfg/PART[parachuteRadial]
[LOG 18:01:00.562] Applying update KSPCommunityFixes/MMPatches/StockTweaks/ManufacturerFixes/@PART[evaChute|parachuteSingle|parachuteRadial|radialDrogue|parachuteLarge|parachuteDrogue]:FOR[KSPCommunityFixes] to Squad/Parts/Utility/parachuteMk25/parachuteMk25.cfg/PART[parachuteDrogue]
[LOG 18:01:00.564] Applying update KSPCommunityFixes/MMPatches/StockTweaks/ManufacturerFixes/@PART[stackPoint1|dockingPort1|dockingPort2|dockingPort3|dockingPortLarge]:FOR[KSPCommunityFixes] to Squad/Parts/Utility/dockingPort/dockingPort.cfg/PART[dockingPort2]
[LOG 18:01:00.564] Applying update KSPCommunityFixes/MMPatches/StockTweaks/ManufacturerFixes/@PART[stackPoint1|dockingPort1|dockingPort2|dockingPort3|dockingPortLarge]:FOR[KSPCommunityFixes] to Squad/Parts/Utility/dockingPortJr/dockingPortJr.cfg/PART[dockingPort3]
[LOG 18:01:00.564] Applying update KSPCommunityFixes/MMPatches/StockTweaks/ManufacturerFixes/@PART[stackPoint1|dockingPort1|dockingPort2|dockingPort3|dockingPortLarge]:FOR[KSPCommunityFixes] to Squad/Parts/Utility/dockingPortShielded/dockingPortShielded.cfg/PART[dockingPort1]
[LOG 18:01:00.564] Applying update KSPCommunityFixes/MMPatches/StockTweaks/ManufacturerFixes/@PART[stackPoint1|dockingPort1|dockingPort2|dockingPort3|dockingPortLarge]:FOR[KSPCommunityFixes] to Squad/Parts/Utility/dockingPortSr/dockingPortSr.cfg/PART[dockingPortLarge]
[LOG 18:01:00.564] Applying update KSPCommunityFixes/MMPatches/StockTweaks/ManufacturerFixes/@PART[stackPoint1|dockingPort1|dockingPort2|dockingPort3|dockingPortLarge]:FOR[KSPCommunityFixes] to Squad/Parts/Utility/radialAttachmentPoint/radialAttachmentPoint.cfg/PART[stackPoint1]
[LOG 18:01:00.565] :AFTER[KSPCOMMUNITYFIXES] pass
[LOG 18:01:00.565] :BEFORE[KSPDIAGCOLLIDERS] pass
[LOG 18:01:00.565] :FOR[KSPDIAGCOLLIDERS] pass
[LOG 18:01:00.565] :AFTER[KSPDIAGCOLLIDERS] pass
[LOG 18:01:00.565] :BEFORE[KSPMCPSERVER] pass
[LOG 18:01:00.565] :FOR[KSPMCPSERVER] pass
[LOG 18:01:00.565] :AFTER[KSPMCPSERVER] pass
[LOG 18:01:00.565] :BEFORE[MODULEMANAGER] pass
[LOG 18:01:00.565] :FOR[MODULEMANAGER] pass
[LOG 18:01:00.565] :AFTER[MODULEMANAGER] pass
[LOG 18:01:00.565] :BEFORE[SQUAD] pass
[LOG 18:01:00.565] :FOR[SQUAD] pass
[LOG 18:01:00.565] :AFTER[SQUAD] pass
[LOG 18:01:00.565] :BEFORE[SQUADEXPANSION] pass
[LOG 18:01:00.565] :FOR[SQUADEXPANSION] pass
[LOG 18:01:00.565] :AFTER[SQUADEXPANSION] pass
[LOG 18:01:00.566] :LAST[999_KSP-RECALL] pass
[LOG 18:01:00.579] :FINAL pass
[LOG 18:01:00.580] Done patching
[LOG 18:01:00.580] Saving Cache
[LOG 18:01:00.657] Saving cache
[LOG 18:01:01.160] ModuleManager: 33 patches applied

[LOG 18:01:01.160] Ran in 1.826s
[LOG 18:01:02.205] Done!



#### END MODULEMANAGER LOG ####
[LOG 18:01:32.593] [ModuleManager] Running tests...
[LOG 18:01:32.594] [ModuleManager] tests complete.
[LOG 18:01:32.595] [ModuleManager] Reloading resources definitions
[LOG 18:01:32.595] Resource LiquidFuel added to database
[LOG 18:01:32.595] Resource Oxidizer added to database
[LOG 18:01:32.595] Resource SolidFuel added to database
[LOG 18:01:32.595] Resource MonoPropellant added to database
[LOG 18:01:32.595] Resource XenonGas added to database
[LOG 18:01:32.595] Resource ElectricCharge added to database
[LOG 18:01:32.595] Resource IntakeAir added to database
[LOG 18:01:32.595] Resource EVA Propellant added to database
[LOG 18:01:32.595] Resource Ore added to database
[LOG 18:01:32.595] Resource Ablator added to database
[LOG 18:01:32.595] [ModuleManager] Reloading Trait configs
[LOG 18:01:32.596] ExperienceSystemConfig: Added Effect 'DeployedSciencePowerSkill' to Trait 'Ingénieur'
[LOG 18:01:32.596] ExperienceSystemConfig: Added Effect 'DeployedScienceExpSkill' to Trait 'Scientifique'
[LOG 18:01:32.596] [ModuleManager] Reloading Part Upgrades
[LOG 18:01:32.596] [ModuleManager] Setting modded physics as the active one
[LOG 18:01:32.598] PhysicsGlobals: Loading database
[LOG 18:01:32.599] [ModuleManager] Running post patch callbacks
[LOG 18:01:32.611] [KSPCommunityFixes] Patch AutoStrutDrift applied.
[LOG 18:01:32.615] [KSPCommunityFixes] Patch EditorAnimatedPartsShipModified applied.
[LOG 18:01:32.622] [KSPCommunityFixes] Patch DragCubeLoadException applied.
[LOG 18:01:32.629] [KSPCommunityFixes] Patch DoubleCurvePreserveTangents applied.
[LOG 18:01:32.696] [KSPCommunityFixes] Patch DockingPortRotationDriftAndFixes applied.
[LOG 18:01:32.775] [KSPCommunityFixes] Patch DockingPortConserveMomentum applied.
[LOG 18:01:32.782] [KSPCommunityFixes] Patch DebugConsoleDontStealInput applied.
[LOG 18:01:32.793] [KSPCommunityFixes] Patch CorrectDragForFlags applied.
[LOG 18:01:32.795] [KSPCommunityFixes] Patch CometMiningNotRemovingMass applied.
[LOG 18:01:32.802] [KSPCommunityFixes] Patch ChutePhantomSymmetry applied.
[LOG 18:01:32.805] [KSPCommunityFixes] Patch CometSpawnerUniqueFlightId applied.
[LOG 18:01:32.807] [KSPCommunityFixes] Patch AsteroidSpawnerUniqueFlightId applied.
[LOG 18:01:32.809] [KSPCommunityFixes] Patch AsteroidInfiniteMining applied.
[LOG 18:01:32.858] [KSPCommunityFixes] Patch PersistentIConfigNode applied.
[LOG 18:01:32.859] [KSPCommunityFixes] Patch OnSymmetryFieldChanged not applied (not enabled in Settings.cfg)
[LOG 18:01:32.859] [KSPCommunityFixes] Patch ModUpgradePipeline not applied (not enabled in Settings.cfg)
[LOG 18:01:32.859] [KSPCommunityFixes] Patch KSPFieldEnumDesc not applied (not enabled in Settings.cfg)
[LOG 18:01:32.861] [KSPCommunityFixes] Patch EventProfilerMarkers not applied (not enabled in Settings.cfg)
[LOG 18:01:32.861] [KSPCommunityFixes] Patch DockingPortLockedEvents not applied (not enabled in Settings.cfg)
[LOG 18:01:32.864] [KSPCommunityFixes] Patch DepartmentHeadImage applied.
[LOG 18:01:32.878] [KSPCommunityFixes] Patch BaseFieldListUseFieldHost applied.
[LOG 18:01:32.952] [KSPCommunityFixes] Patch ResourceConverterPerf applied.
[LOG 18:01:32.963] [KSPCommunityFixes] Patch ProgressTrackingSpeedBoost applied.
[LOG 18:01:32.968] [KSPCommunityFixes] Patch PQSUpdateNoMemoryAlloc applied.
[LOG 18:01:32.968] [KSPCommunityFixes] Patch PQSOnlyStartOnce not applied (not enabled in Settings.cfg)
[LOG 18:01:32.983] [KSPCommunityFixes] Patch PQSCoroutineLeak applied.
[LOG 18:01:33.023] [KSPCommunityFixes] Patch PartSystemsFastUpdate applied.
[LOG 18:01:33.047] [KSPCommunityFixes] Patch PartParsingPerf applied.
[LOG 18:01:33.052] [KSPCommunityFixes] Patch EnginePlateAirstreamShieldedTopPart applied.
[LOG 18:01:33.066] [KSPCommunityFixes] Patch EVAConstructionMass applied.
[LOG 18:01:33.076] [KSPCommunityFixes] Patch EVAConstructionUninitializedInventory applied.
[LOG 18:01:33.084] [KSPCommunityFixes] Patch EVAKerbalRecovery applied.
[LOG 18:01:33.094] [KSPCommunityFixes] Patch TimeWarpOrbitShift applied.
[LOG 18:01:33.096] [KSPCommunityFixes] Patch TimeWarpBodyCollision applied.
[LOG 18:01:33.122] [KSPCommunityFixes] Patch ThumbnailSpotlight applied.
[LOG 18:01:33.129] [KSPCommunityFixes] Patch SymmetryReferenceOnDelete applied.
[LOG 18:01:33.130] [KSPCommunityFixes] Patch StrategyDuration not applied (not enabled in Settings.cfg)
[LOG 18:01:33.133] [KSPCommunityFixes] Patch StockAlarmDescPreserveLineBreak applied.
[LOG 18:01:33.175] [KSPCommunityFixes] Patch StickySplashedFixer applied.
[LOG 18:01:33.186] [KSPCommunityFixes] Patch ScatterDistribution applied.
[LOG 18:01:33.220] [KSPCommunityFixes] Patch RoboticsDrift applied.
[LOG 18:01:33.223] [KSPCommunityFixes] Patch RestoreMaxPhysicsDT applied.
[LOG 18:01:33.245] [KSPCommunityFixes] Patch RespawnDeadKerbals applied.
[LOG 18:01:33.250] [KSPCommunityFixes] Patch RescaledRoboticParts applied.
[LOG 18:01:33.254] [KSPCommunityFixes] Patch ReRootPreserveSurfaceAttach applied.
[LOG 18:01:33.279] [KSPCommunityFixes] Patch OptimizedModuleRaycasts applied.
[LOG 18:01:33.287] GetSubclassesOfParentClass: Found 1 types with ModuleInventoryPart parent in 8 assemblies.
[LOG 18:01:33.292] [KSPCommunityFixes] Patch RefundingOnRecovery applied.
[LOG 18:01:33.293] [KSPCommunityFixes] Patch PatchedConicEncounterFlickering applied.
[LOG 18:01:33.307] [KSPCommunityFixes] Patch PartListTooltipIconSpin applied.
[LOG 18:01:33.313] [KSPCommunityFixes] Patch PackedPartsRotation applied.
[LOG 18:01:33.328] [KSPCommunityFixes] Patch ModulePartVariantsNodePersistence applied.
[LOG 18:01:33.331] [KSPCommunityFixes] Patch ModuleAnimateGenericCrewModSpawnIVA applied.
[LOG 18:01:33.333] [KSPCommunityFixes] Patch ModuleActiveRadiatorNoParentException applied.
[LOG 18:01:33.337] [KSPCommunityFixes] Patch MapTargetBodyWithEncounter applied.
[LOG 18:01:33.340] [KSPCommunityFixes] Patch LostSoundAfterSceneSwitch applied.
[LOG 18:01:33.349] [KSPCommunityFixes] Patch LadderToggleableLight applied.
[LOG 18:01:33.371] [KSPCommunityFixes] Patch InventoryPartMass applied.
[LOG 18:01:33.383] [KSPCommunityFixes] Patch HarvesterECConsumption applied.
[LOG 18:01:33.385] [KSPCommunityFixes] Patch FixGetUnivseralTime applied.
[LOG 18:01:33.409] [KSPCommunityFixes] Patch ExtendedDeployableParts applied.
[LOG 18:01:33.412] [KSPCommunityFixes] Patch PropellantFlowDescription applied.
[LOG 18:01:33.441] [KSPCommunityFixes] Patch OptimisedVectorLines applied.
[LOG 18:01:33.452] [KSPCommunityFixes] Patch ModuleDockingNodeFindOtherNodesFaster applied.
[LOG 18:01:33.460] [KSPCommunityFixes] Patch ModuleColorChangerOptimization applied.
[LOG 18:01:33.469] [KSPCommunityFixes] Patch AutoSavedCraftNameAtLaunch applied.
[LOG 18:01:33.507] [KSPCommunityFixes] Patch PAWCollapsedInventories applied.
[LOG 18:01:33.512] [KSPCommunityFixes] Patch UIFloatEditNumericInput applied.
[LOG 18:01:33.551] [KSPCommunityFixes] Patch PAWStockGroups applied.
[LOG 18:01:33.564] [KSPCommunityFixes] Patch AltimeterHorizontalPosition applied.
[LOG 18:01:33.575] [KSPCommunityFixes] Patch SceneLoadSpeedBoost applied.
[LOG 18:01:33.631] [KSPCommunityFixes] Patch OnDemandPartBuoyancy applied.
[LOG 18:01:33.633] [KSPCommunityFixes] Patch ForceSyncSceneSwitch applied.
[LOG 18:01:33.633] [KSPCommunityFixes] Patch FewerSaves not applied (not enabled in Settings.cfg)
[LOG 18:01:33.634] [KSPCommunityFixes] Patch WheelInertiaLimit applied.
[LOG 18:01:33.635] [KSPCommunityFixes] Patch StockAlarmCustomFormatterDate isn't applicable to this KSP version.
[LOG 18:01:33.649] [KSPCommunityFixes] Patch ROCValidationOOR applied.
[LOG 18:01:33.655] [KSPCommunityFixes] Patch ZeroCostTechNodes applied.
[LOG 18:01:33.658] [KSPCommunityFixes] Patch ReactionWheelsPotentialTorque applied.
[LOG 18:01:33.667] [KSPCommunityFixes] Patch PAWGroupMemory applied.
[LOG 18:01:33.770] [KSPCommunityFixes] Patch PartStartStability applied.
[LOG 18:01:33.784] [KSPCommunityFixes] Patch PartBoundsIgnoreDisabledTransforms applied.
[LOG 18:01:33.854] [KSPCommunityFixes] Patch ModuleIndexingMismatch applied.
[LOG 18:01:33.864] [KSPCommunityFixes] Patch MapSOCorrectWrapping applied.
[LOG 18:01:33.864] [KSPCommunityFixes] Patch KerbalTooltipMaxSustainedG applied.
[LOG 18:01:33.869] [KSPCommunityFixes] Patch KerbalInventoryPersistence applied.
[LOG 18:01:33.869] [KSPCommunityFixes] Patch FlightSceneLoadKraken not applied (not enabled in Settings.cfg)
[LOG 18:01:33.873] [KSPCommunityFixes] Patch FIUpdateRadiation applied.
[LOG 18:01:33.880] [KSPCommunityFixes] Patch FastAndFixedEnumExtensions applied.
[LOG 18:01:33.970] [KSPCommunityFixes] Patch DeltaVHideWhenDisabled applied.
[LOG 18:01:33.981] [KSPCommunityFixes] Patch BlockMapViewPartClick applied.
[LOG 18:01:33.986] [KSPCommunityFixes] Patch PAWItemsOrder applied.
[LOG 18:01:34.203] [KSPCommunityFixes] Patch BetterEditorUndoRedo applied.
[LOG 18:01:34.245] [KSPCommunityFixes] Patch AutostrutActions applied.
[LOG 18:01:34.245] [KSPCommunityFixes] Patch DisableNewGameIntro not applied (not enabled in Settings.cfg)
[LOG 18:01:34.356] [KSPCommunityFixes] Patch MinorPerfTweaks applied.
[LOG 18:01:34.488] [KSPCommunityFixes] Patch MemoryLeaks applied.
[LOG 18:01:34.502] [KSPCommunityFixes] Patch LowerMinPhysicsDTPerFrame applied.
[LOG 18:01:34.508] [KSPCommunityFixes] Patch LocalizerPerf applied.
[LOG 18:01:34.512] [KSPCommunityFixes] Patch IMGUIOptimization applied.
[LOG 18:01:34.536] [KSPCommunityFixes] Patch FloatingOriginPerf applied.
[LOG 18:01:34.634] [KSPCommunityFixes] Patch FlightIntegratorPerf applied.
[LOG 18:01:34.641] [KSPCommunityFixes] Patch FasterPartFindTransform applied.
[LOG 18:01:34.660] [KSPCommunityFixes] Patch FasterEditorPartList applied.
[LOG 18:01:34.662] [KSPCommunityFixes] Patch ExpansionBundlePreload applied.
[LOG 18:01:34.678] [KSPCommunityFixes] Patch DragCubeGeneration applied.
[LOG 18:01:34.684] [KSPCommunityFixes] Patch DisableMapUpdateInFlight applied.
[LOG 18:01:34.686] [KSPCommunityFixes] Patch DisableHiddenPortraits applied.
[LOG 18:01:34.690] [KSPCommunityFixes] Patch DisableManeuverTool applied.
[LOG 18:01:34.722] [KSPCommunityFixes] Patch CraftBrowserOptimisations applied.
[LOG 18:01:34.726] [KSPCommunityFixes] Patch CommNetThrottling applied.
[LOG 18:01:34.733] [KSPCommunityFixes] Patch FairingMouseOverPersistence applied.
[LOG 18:01:34.753] [KSPCommunityFixes] Patch OptionalMakingHistoryDLCFeatures applied.
[LOG 18:01:34.757] [KSPCommunityFixes] Patch ResourceLockActions applied.
[LOG 18:01:34.766] [KSPCommunityFixes] Patch ShowContractFinishDates applied.
[LOG 18:01:34.778] [KSPCommunityFixes] Patch TargetParentBody applied.
[LOG 18:01:34.801] [KSPCommunityFixes] Patch ToolbarShowHide applied.
[LOG 18:01:34.805] [KSPCommunityFixes] Patch ContractProgressEnumCache applied.
[LOG 18:01:34.817] [KSPCommunityFixes] Patch ActiveRadiatorPerf applied.
[LOG 18:01:34.823] [KSPCommunityFixes] Patch CargoBayPerf applied.
[LOG 18:01:34.833] [KSPCommunityFixes] Patch CollisionEnhancerFastUpdate applied.
[LOG 18:01:34.844] [KSPCommunityFixes] Patch CollisionManagerFastUpdate applied.
[LOG 18:01:34.850] [KSPCommunityFixes] Patch AsteroidAndCometDrillCache applied.
[LOG 18:01:34.872] [KSPCommunityFixes] Patch TweakableWheelsAutostrut applied.
[LOG 18:01:34.931] [KSPCommunityFixes] Patch PatchSettings applied.
[LOG 18:01:35.008] [KSPCommunityFixes] Patch UpgradeBugs applied.
[LOG 18:01:35.009] [KSPCommunityFixes] Patch PartTooltipUpgradesApplyToSubstituteParts not applied (not enabled in Settings.cfg)
[LOG 18:01:35.232] [ModuleManager] Calling ConfigNodePerf.ModuleManagerPostLoad()
[LOG 18:01:35.233] [ModuleManager] Post patch ran in 2.645s
[LOG 18:01:35.277] PartLoader: Creating part database
[LOG 18:01:35.278] PartLoader: Compiling Part 'Squad/Parts/Aero/aerodynamicNoseCone/aerodynamicNoseCone/noseCone'
[LOG 18:01:35.303] EffectList: Created 15 effect types
[LOG 18:01:35.433] PartLoader: Part 'Squad/Parts/Aero/aerodynamicNoseCone/aerodynamicNoseCone/noseCone' has no database record. Creating.
[LOG 18:01:35.433] [DragCubeSystem]: Drag cubes not found or cannot be read for part Part. Generating New drag cubes.
[LOG 18:01:35.434] [KSPCF/DragCubeGeneration] Creating drag cubes for part 'noseCone'
[LOG 18:01:36.902] PartLoader: Compiling Part 'Squad/Parts/Aero/airbrake/Airbrake/airbrake1'
[LOG 18:01:36.933] PartLoader: Part 'Squad/Parts/Aero/airbrake/Airbrake/airbrake1' has no database record. Creating.
[LOG 18:01:36.933] [DragCubeSystem]: Drag cubes not found or cannot be read for part Part. Generating New drag cubes.
[LOG 18:01:36.933] [KSPCF/DragCubeGeneration] Creating drag cubes for part 'airbrake1'
[LOG 18:01:37.007] PartLoader: Compiling Part 'Squad/Parts/Aero/airIntakeRadialXM-G50/airIntakeRadialXM-G50/airScoop'
[LOG 18:01:39.126] PartLoader: Part 'Squad/Parts/Aero/airIntakeRadialXM-G50/airIntakeRadialXM-G50/airScoop' has no database record. Creating.
[LOG 18:01:39.126] [DragCubeSystem]: Drag cubes not found or cannot be read for part Part. Generating New drag cubes.
[LOG 18:01:39.126] [KSPCF/DragCubeGeneration] Creating drag cubes for part 'airScoop'
[LOG 18:01:39.136] PartLoader: Compiling Part 'Squad/Parts/Aero/airlinerWings/ControlSurface/airlinerCtrlSrf'
[LOG 18:01:39.154] PartLoader: Part 'Squad/Parts/Aero/airlinerWings/ControlSurface/airlinerCtrlSrf' has no database record. Creating.
[LOG 18:01:39.154] [DragCubeSystem]: Drag cubes not found or cannot be read for part Part. Generating New drag cubes.
[LOG 18:01:39.154] [KSPCF/DragCubeGeneration] Creating drag cubes for part 'airlinerCtrlSrf'
[LOG 18:01:39.179] PartLoader: Compiling Part 'Squad/Parts/Aero/airlinerWings/MainWing/airlinerMainWing'
[LOG 18:01:39.187] PartLoader: Part 'Squad/Parts/Aero/airlinerWings/MainWing/airlinerMainWing' has no database record. Creating.
[LOG 18:01:39.187] [DragCubeSystem]: Drag cubes not found or cannot be read for part Part. Generating New drag cubes.
[LOG 18:01:39.187] [KSPCF/DragCubeGeneration] Creating drag cubes for part 'airlinerMainWing'
[LOG 18:01:39.195] PartLoader: Compiling Part 'Squad/Parts/Aero/airlinerWings/TailFin/airlinerTailFin'
[LOG 18:01:39.208] PartLoader: Part 'Squad/Parts/Aero/airlinerWings/TailFin/airlinerTailFin' has no database record. Creating.
[LOG 18:01:39.208] [DragCubeSystem]: Drag cubes not found or cannot be read for part Part. Generating New drag cubes.
[LOG 18:01:39.208] [KSPCF/DragCubeGeneration] Creating drag cubes for part 'airlinerTailFin'
[LOG 18:01:39.251] PartLoader: Compiling Part 'Squad/Parts/Aero/airplaneFins/advancedCanard/AdvancedCanard'
[LOG 18:01:39.257] PartLoader: Part 'Squad/Parts/Aero/airplaneFins/advancedCanard/AdvancedCanard' has no database record. Creating.
[LOG 18:01:39.257] [DragCubeSystem]: Drag cubes not found or cannot be read for part Part. Generating New drag cubes.
[LOG 18:01:39.257] [KSPCF/DragCubeGeneration] Creating drag cubes for part 'AdvancedCanard'
[LOG 18:01:39.274] PartLoader: Compiling Part 'Squad/Parts/Aero/airplaneFins/standardCanard/CanardController'
[LOG 18:01:39.280] PartLoader: Part 'Squad/Parts/Aero/airplaneFins/standardCanard/CanardController' has no database record. Creating.
[LOG 18:01:39.280] [DragCubeSystem]: Drag cubes not found or cannot be read for part Part. Generating New drag cubes.
[LOG 18:01:39.280] [KSPCF/DragCubeGeneration] Creating drag cubes for part 'CanardController'
[LOG 18:01:39.297] PartLoader: Compiling Part 'Squad/Parts/Aero/airplaneFins/sweptWing/sweptWing'
[LOG 18:01:39.300] PartLoader: Part 'Squad/Parts/Aero/airplaneFins/sweptWing/sweptWing' has no database record. Creating.
[LOG 18:01:39.300] [DragCubeSystem]: Drag cubes not found or cannot be read for part Part. Generating New drag cubes.
[LOG 18:01:39.300] [KSPCF/DragCubeGeneration] Creating drag cubes for part 'sweptWing'
[LOG 18:01:39.304] PartLoader: Compiling Part 'Squad/Parts/Aero/airplaneFins/tailfin/tailfin'
[LOG 18:01:39.309] PartLoader: Part 'Squad/Parts/Aero/airplaneFins/tailfin/tailfin' has no database record. Creating.
[LOG 18:01:39.309] [DragCubeSystem]: Drag cubes not found or cannot be read for part Part. Generating New drag cubes.
[LOG 18:01:39.309] [KSPCF/DragCubeGeneration] Creating drag cubes for part 'tailfin'
[LOG 18:01:39.326] PartLoader: Compiling Part 'Squad/Parts/Aero/basicFin/basicFin/basicFin'
[LOG 18:01:39.330] PartLoader: Part 'Squad/Parts/Aero/basicFin/basicFin/basicFin' has no database record. Creating.
[LOG 18:01:39.330] [DragCubeSystem]: Drag cubes not found or cannot be read for part Part. Generating New drag cubes.
[LOG 18:01:39.330] [KSPCF/DragCubeGeneration] Creating drag cubes for part 'basicFin'
[LOG 18:01:39.334] PartLoader: Compiling Part 'Squad/Parts/Aero/circularIntake/circularIntake/CircularIntake'
[LOG 18:01:39.342] PartLoader: Part 'Squad/Parts/Aero/circularIntake/circularIntake/CircularIntake' has no database record. Creating.
[LOG 18:01:39.343] PartLoader: Compiling Part 'Squad/Parts/Aero/circularIntake/intakeShockCone/shockConeIntake'
[LOG 18:01:39.347] PartLoader: Part 'Squad/Parts/Aero/circularIntake/intakeShockCone/shockConeIntake' has no database record. Creating.
[LOG 18:01:39.348] PartLoader: Compiling Part 'Squad/Parts/Aero/cones/avionicsNoseCone/avionicsNoseCone'
[LOG 18:01:39.368] PartLoader: Part 'Squad/Parts/Aero/cones/avionicsNoseCone/avionicsNoseCone' has no database record. Creating.
[LOG 18:01:39.368] [DragCubeSystem]: Drag cubes not found or cannot be read for part Part. Generating New drag cubes.
[LOG 18:01:39.368] [KSPCF/DragCubeGeneration] Creating drag cubes for part 'avionicsNoseCone'
[LOG 18:01:39.376] PartLoader: Compiling Part 'Squad/Parts/Aero/cones/ConeA/pointyNoseConeA'
[LOG 18:01:39.380] PartLoader: Part 'Squad/Parts/Aero/cones/ConeA/pointyNoseConeA' has no database record. Creating.
[LOG 18:01:39.380] [DragCubeSystem]: Drag cubes not found or cannot be read for part Part. Generating New drag cubes.
[LOG 18:01:39.380] [KSPCF/DragCubeGeneration] Creating drag cubes for part 'pointyNoseConeA'
[LOG 18:01:39.384] PartLoader: Compiling Part 'Squad/Parts/Aero/cones/ConeB/pointyNoseConeB'
[LOG 18:01:39.389] PartLoader: Part 'Squad/Parts/Aero/cones/ConeB/pointyNoseConeB' has no database record. Creating.
[LOG 18:01:39.389] [DragCubeSystem]: Drag cubes not found or cannot be read for part Part. Generating New drag cubes.
[LOG 18:01:39.389] [KSPCF/DragCubeGeneration] Creating drag cubes for part 'pointyNoseConeB'
[LOG 18:01:39.395] PartLoader: Compiling Part 'Squad/Parts/Aero/cones/noseConeAdapter/noseConeAdapter'
[LOG 18:01:39.399] PartLoader: Part 'Squad/Parts/Aero/cones/noseConeAdapter/noseConeAdapter' has no database record. Creating.
[LOG 18:01:39.399] [DragCubeSystem]: Drag cubes not found or cannot be read for part Part. Generating New drag cubes.
[LOG 18:01:39.399] [KSPCF/DragCubeGeneration] Creating drag cubes for part 'noseConeAdapter'
[LOG 18:01:39.405] PartLoader: Compiling Part 'Squad/Parts/Aero/cones/protectiveRocketNoseMk7_v2/rocketNoseCone_v2'
[LOG 18:01:39.410] PartLoader: Part 'Squad/Parts/Aero/cones/protectiveRocketNoseMk7_v2/rocketNoseCone_v2' has no database record. Creating.
[LOG 18:01:39.410] [DragCubeSystem]: Drag cubes not found or cannot be read for part Part. Generating New drag cubes.
[LOG 18:01:39.410] [KSPCF/DragCubeGeneration] Creating drag cubes for part 'rocketNoseCone.v2'
[LOG 18:01:39.416] PartLoader: Compiling Part 'Squad/Parts/Aero/cones/protectiveRocketNoseMk7_v3/rocketNoseCone_v3'
[LOG 18:01:39.420] PartLoader: Part 'Squad/Parts/Aero/cones/protectiveRocketNoseMk7_v3/rocketNoseCone_v3' has no database record. Creating.
[LOG 18:01:39.420] [DragCubeSystem]: Drag cubes not found or cannot be read for part Part. Generating New drag cubes.
[LOG 18:01:39.420] [KSPCF/DragCubeGeneration] Creating drag cubes for part 'rocketNoseCone.v3'
[LOG 18:01:39.426] PartLoader: Compiling Part 'Squad/Parts/Aero/cones/rocketNoseCone_size3/rocketNoseConeSize3'
[LOG 18:01:39.430] PartLoader: Part 'Squad/Parts/Aero/cones/rocketNoseCone_size3/rocketNoseConeSize3' has no database record. Creating.
[LOG 18:01:39.430] [DragCubeSystem]: Drag cubes not found or cannot be read for part Part. Generating New drag cubes.
[LOG 18:01:39.430] [KSPCF/DragCubeGeneration] Creating drag cubes for part 'rocketNoseConeSize3'
[LOG 18:01:39.436] PartLoader: Compiling Part 'Squad/Parts/Aero/cones/smallNoseCone/standardNoseCone'
[LOG 18:01:39.442] PartLoader: Part 'Squad/Parts/Aero/cones/smallNoseCone/standardNoseCone' has no database record. Creating.
[LOG 18:01:39.442] [DragCubeSystem]: Drag cubes not found or cannot be read for part Part. Generating New drag cubes.
[LOG 18:01:39.442] [KSPCF/DragCubeGeneration] Creating drag cubes for part 'standardNoseCone'
[LOG 18:01:39.447] PartLoader: Compiling Part 'Squad/Parts/Aero/cones/tailConnectorA/airplaneTail'
[LOG 18:01:39.451] PartLoader: Part 'Squad/Parts/Aero/cones/tailConnectorA/airplaneTail' has no database record. Creating.
[LOG 18:01:39.451] [DragCubeSystem]: Drag cubes not found or cannot be read for part Part. Generating New drag cubes.
[LOG 18:01:39.451] [KSPCF/DragCubeGeneration] Creating drag cubes for part 'airplaneTail'
[LOG 18:01:39.455] PartLoader: Compiling Part 'Squad/Parts/Aero/cones/tailConnectorB/airplaneTailB'
[LOG 18:01:39.460] PartLoader: Part 'Squad/Parts/Aero/cones/tailConnectorB/airplaneTailB' has no database record. Creating.
[LOG 18:01:39.460] [DragCubeSystem]: Drag cubes not found or cannot be read for part Part. Generating New drag cubes.
[LOG 18:01:39.460] [KSPCF/DragCubeGeneration] Creating drag cubes for part 'airplaneTailB'
[LOG 18:01:39.465] PartLoader: Compiling Part 'Squad/Parts/Aero/fairings/fairingSize1/fairingSize1'
[LOG 18:01:39.543] PartLoader: Part 'Squad/Parts/Aero/fairings/fairingSize1/fairingSize1' has no database record. Creating.
[LOG 18:01:39.543] [DragCubeSystem]: Drag cubes not found or cannot be read for part Part. Generating New drag cubes.
[LOG 18:01:39.543] [KSPCF/DragCubeGeneration] Creating drag cubes for part 'fairingSize1'
[LOG 18:01:39.548] PartLoader: Compiling Part 'Squad/Parts/Aero/fairings/fairingSize2/fairingSize2'
[LOG 18:01:39.558] PartLoader: Part 'Squad/Parts/Aero/fairings/fairingSize2/fairingSize2' has no database record. Creating.
[LOG 18:01:39.558] [DragCubeSystem]: Drag cubes not found or cannot be read for part Part. Generating New drag cubes.
[LOG 18:01:39.558] [KSPCF/DragCubeGeneration] Creating drag cubes for part 'fairingSize2'
[LOG 18:01:39.563] PartLoader: Compiling Part 'Squad/Parts/Aero/fairings/fairingSize3/fairingSize3'
[LOG 18:01:39.578] PartLoader: Part 'Squad/Parts/Aero/fairings/fairingSize3/fairingSize3' has no database record. Creating.
[LOG 18:01:39.578] [DragCubeSystem]: Drag cubes not found or cannot be read for part Part. Generating New drag cubes.
[LOG 18:01:39.579] [KSPCF/DragCubeGeneration] Creating drag cubes for part 'fairingSize3'
[LOG 18:01:39.582] PartLoader: Compiling Part 'Squad/Parts/Aero/HeatShield/HeatShield0/HeatShield0'
[LOG 18:01:39.599] PartLoader: Part 'Squad/Parts/Aero/HeatShield/HeatShield0/HeatShield0' has no database record. Creating.
[LOG 18:01:39.599] [DragCubeSystem]: Drag cubes not found or cannot be read for part Part. Generating New drag cubes.
[LOG 18:01:39.599] [KSPCF/DragCubeGeneration] Creating drag cubes for part 'HeatShield0'
[LOG 18:01:39.606] PartLoader: Compiling Part 'Squad/Parts/Aero/HeatShield/HeatShield1/HeatShield1'
[LOG 18:01:39.616] PartLoader: Part 'Squad/Parts/Aero/HeatShield/HeatShield1/HeatShield1' has no database record. Creating.
[LOG 18:01:39.616] [DragCubeSystem]: Drag cubes not found or cannot be read for part Part. Generating New drag cubes.
[LOG 18:01:39.616] [KSPCF/DragCubeGeneration] Creating drag cubes for part 'HeatShield1'
[LOG 18:01:39.631] PartLoader: Compiling Part 'Squad/Parts/Aero/HeatShield/HeatShield2/HeatShield2'
[LOG 18:01:39.638] PartLoader: Part 'Squad/Parts/Aero/HeatShield/HeatShield2/HeatShield2' has no database record. Creating.
[LOG 18:01:39.638] [DragCubeSystem]: Drag cubes not found or cannot be read for part Part. Generating New drag cubes.
[LOG 18:01:39.638] [KSPCF/DragCubeGeneration] Creating drag cubes for part 'HeatShield2'
[LOG 18:01:39.651] PartLoader: Compiling Part 'Squad/Parts/Aero/HeatShield/HeatShield3/HeatShield3'
[LOG 18:01:39.659] PartLoader: Part 'Squad/Parts/Aero/HeatShield/HeatShield3/HeatShield3' has no database record. Creating.
[LOG 18:01:39.659] [DragCubeSystem]: Drag cubes not found or cannot be read for part Part. Generating New drag cubes.
[LOG 18:01:39.659] [KSPCF/DragCubeGeneration] Creating drag cubes for part 'HeatShield3'
[LOG 18:01:39.671] PartLoader: Compiling Part 'Squad/Parts/Aero/InflatableHeatShield/HeatShield/InflatableHeatShield'
[LOG 18:01:39.681] PartLoader: Part 'Squad/Parts/Aero/InflatableHeatShield/HeatShield/InflatableHeatShield' has no database record. Creating.
[LOG 18:01:39.681] [DragCubeSystem]: Drag cubes not found or cannot be read for part Part. Generating New drag cubes.
[LOG 18:01:39.681] [KSPCF/DragCubeGeneration] Creating drag cubes for part 'InflatableHeatShield'
[LOG 18:01:39.694] PartLoader: Compiling Part 'Squad/Parts/Aero/intakeRadialLong/intakeRadialLong/IntakeRadialLong'
[LOG 18:01:39.699] PartLoader: Part 'Squad/Parts/Aero/intakeRadialLong/intakeRadialLong/IntakeRadialLong' has no database record. Creating.
[LOG 18:01:39.699] [DragCubeSystem]: Drag cubes not found or cannot be read for part Part. Generating New drag cubes.
[LOG 18:01:39.699] [KSPCF/DragCubeGeneration] Creating drag cubes for part 'IntakeRadialLong'
[LOG 18:01:39.703] PartLoader: Compiling Part 'Squad/Parts/Aero/miniIntake/SmallIntake/miniIntake'
[LOG 18:01:39.706] PartLoader: Part 'Squad/Parts/Aero/miniIntake/SmallIntake/miniIntake' has no database record. Creating.
[LOG 18:01:39.707] PartLoader: Compiling Part 'Squad/Parts/Aero/ramAirIntake/ramAirIntake/ramAirIntake'
[LOG 18:01:39.710] PartLoader: Part 'Squad/Parts/Aero/ramAirIntake/ramAirIntake/ramAirIntake' has no database record. Creating.
[LOG 18:01:39.711] PartLoader: Compiling Part 'Squad/Parts/Aero/shuttleWings/delta/wingShuttleDelta'
[LOG 18:01:39.713] PartLoader: Part 'Squad/Parts/Aero/shuttleWings/delta/wingShuttleDelta' has no database record. Creating.
[LOG 18:01:39.713] [DragCubeSystem]: Drag cubes not found or cannot be read for part Part. Generating New drag cubes.
[LOG 18:01:39.713] [KSPCF/DragCubeGeneration] Creating drag cubes for part 'wingShuttleDelta'
[LOG 18:01:39.717] PartLoader: Compiling Part 'Squad/Parts/Aero/shuttleWings/elevon1/wingShuttleElevon1'
[LOG 18:01:39.721] PartLoader: Part 'Squad/Parts/Aero/shuttleWings/elevon1/wingShuttleElevon1' has no database record. Creating.
[LOG 18:01:39.721] [DragCubeSystem]: Drag cubes not found or cannot be read for part Part. Generating New drag cubes.
[LOG 18:01:39.721] [KSPCF/DragCubeGeneration] Creating drag cubes for part 'wingShuttleElevon1'
[LOG 18:01:39.736] PartLoader: Compiling Part 'Squad/Parts/Aero/shuttleWings/elevon2/wingShuttleElevon2'
[LOG 18:01:39.742] PartLoader: Part 'Squad/Parts/Aero/shuttleWings/elevon2/wingShuttleElevon2' has no database record. Creating.
[LOG 18:01:39.742] [DragCubeSystem]: Drag cubes not found or cannot be read for part Part. Generating New drag cubes.
[LOG 18:01:39.742] [KSPCF/DragCubeGeneration] Creating drag cubes for part 'wingShuttleElevon2'
[LOG 18:01:39.757] PartLoader: Compiling Part 'Squad/Parts/Aero/shuttleWings/rudder/wingShuttleRudder'
[LOG 18:01:39.761] PartLoader: Part 'Squad/Parts/Aero/shuttleWings/rudder/wingShuttleRudder' has no database record. Creating.
[LOG 18:01:39.761] [DragCubeSystem]: Drag cubes not found or cannot be read for part Part. Generating New drag cubes.
[LOG 18:01:39.761] [KSPCF/DragCubeGeneration] Creating drag cubes for part 'wingShuttleRudder'
[LOG 18:01:39.776] PartLoader: Compiling Part 'Squad/Parts/Aero/shuttleWings/strake/wingShuttleStrake'
[LOG 18:01:39.781] PartLoader: Part 'Squad/Parts/Aero/shuttleWings/strake/wingShuttleStrake' has no database record. Creating.
[LOG 18:01:39.781] [DragCubeSystem]: Drag cubes not found or cannot be read for part Part. Generating New drag cubes.
[LOG 18:01:39.781] [KSPCF/DragCubeGeneration] Creating drag cubes for part 'wingShuttleStrake'
[LOG 18:01:39.785] PartLoader: Compiling Part 'Squad/Parts/Aero/wingletAV-R8/wingletAV-R8/R8winglet'
[LOG 18:01:39.791] PartLoader: Part 'Squad/Parts/Aero/wingletAV-R8/wingletAV-R8/R8winglet' has no database record. Creating.
[LOG 18:01:39.792] [DragCubeSystem]: Drag cubes not found or cannot be read for part Part. Generating New drag cubes.
[LOG 18:01:39.792] [KSPCF/DragCubeGeneration] Creating drag cubes for part 'R8winglet'
[LOG 18:01:39.807] PartLoader: Compiling Part 'Squad/Parts/Aero/wingletAV-T1/wingletAV-T1/winglet'
[LOG 18:01:39.810] PartLoader: Part 'Squad/Parts/Aero/wingletAV-T1/wingletAV-T1/winglet' has no database record. Creating.
[LOG 18:01:39.810] [DragCubeSystem]: Drag cubes not found or cannot be read for part Part. Generating New drag cubes.
[LOG 18:01:39.810] [KSPCF/DragCubeGeneration] Creating drag cubes for part 'winglet'
[LOG 18:01:39.815] PartLoader: Compiling Part 'Squad/Parts/Aero/wingletDeltaDeluxe/wingletDeltaDeluxe/winglet3'
[LOG 18:01:39.820] PartLoader: Part 'Squad/Parts/Aero/wingletDeltaDeluxe/wingletDeltaDeluxe/winglet3' has no database record. Creating.
[LOG 18:01:39.821] [DragCubeSystem]: Drag cubes not found or cannot be read for part Part. Generating New drag cubes.
[LOG 18:01:39.821] [KSPCF/DragCubeGeneration] Creating drag cubes for part 'winglet3'
[LOG 18:01:39.836] PartLoader: Compiling Part 'Squad/Parts/Aero/wings/connector1/wingConnector'
[LOG 18:01:39.840] PartLoader: Part 'Squad/Parts/Aero/wings/connector1/wingConnector' has no database record. Creating.
[LOG 18:01:39.840] [DragCubeSystem]: Drag cubes not found or cannot be read for part Part. Generating New drag cubes.
[LOG 18:01:39.841] [KSPCF/DragCubeGeneration] Creating drag cubes for part 'wingConnector'
[LOG 18:01:39.844] PartLoader: Compiling Part 'Squad/Parts/Aero/wings/connector2/wingConnector2'
[LOG 18:01:39.847] PartLoader: Part 'Squad/Parts/Aero/wings/connector2/wingConnector2' has no database record. Creating.
[LOG 18:01:39.847] [DragCubeSystem]: Drag cubes not found or cannot be read for part Part. Generating New drag cubes.
[LOG 18:01:39.847] [KSPCF/DragCubeGeneration] Creating drag cubes for part 'wingConnector2'
[LOG 18:01:39.850] PartLoader: Compiling Part 'Squad/Parts/Aero/wings/connector3/wingConnector3'
[LOG 18:01:39.854] PartLoader: Part 'Squad/Parts/Aero/wings/connector3/wingConnector3' has no database record. Creating.
[LOG 18:01:39.854] [DragCubeSystem]: Drag cubes not found or cannot be read for part Part. Generating New drag cubes.
[LOG 18:01:39.854] [KSPCF/DragCubeGeneration] Creating drag cubes for part 'wingConnector3'
[LOG 18:01:39.858] PartLoader: Compiling Part 'Squad/Parts/Aero/wings/connector4/wingConnector4'
[LOG 18:01:39.862] PartLoader: Part 'Squad/Parts/Aero/wings/connector4/wingConnector4' has no database record. Creating.
[LOG 18:01:39.863] [DragCubeSystem]: Drag cubes not found or cannot be read for part Part. Generating New drag cubes.
[LOG 18:01:39.863] [KSPCF/DragCubeGeneration] Creating drag cubes for part 'wingConnector4'
[LOG 18:01:39.867] PartLoader: Compiling Part 'Squad/Parts/Aero/wings/connector5/wingConnector5'
[LOG 18:01:39.870] PartLoader: Part 'Squad/Parts/Aero/wings/connector5/wingConnector5' has no database record. Creating.
[LOG 18:01:39.870] [DragCubeSystem]: Drag cubes not found or cannot be read for part Part. Generating New drag cubes.
[LOG 18:01:39.871] [KSPCF/DragCubeGeneration] Creating drag cubes for part 'wingConnector5'
[LOG 18:01:39.875] PartLoader: Compiling Part 'Squad/Parts/Aero/wings/delta/deltaWing'
[LOG 18:01:39.879] PartLoader: Part 'Squad/Parts/Aero/wings/delta/deltaWing' has no database record. Creating.
[LOG 18:01:39.879] [DragCubeSystem]: Drag cubes not found or cannot be read for part Part. Generating New drag cubes.
[LOG 18:01:39.879] [KSPCF/DragCubeGeneration] Creating drag cubes for part 'deltaWing'
[LOG 18:01:39.882] PartLoader: Compiling Part 'Squad/Parts/Aero/wings/delta_small/delta_small'
[LOG 18:01:39.886] PartLoader: Part 'Squad/Parts/Aero/wings/delta_small/delta_small' has no database record. Creating.
[LOG 18:01:39.886] [DragCubeSystem]: Drag cubes not found or cannot be read for part Part. Generating New drag cubes.
[LOG 18:01:39.887] [KSPCF/DragCubeGeneration] Creating drag cubes for part 'delta.small'
[LOG 18:01:39.890] PartLoader: Compiling Part 'Squad/Parts/Aero/wings/elevon1/StandardCtrlSrf'
[LOG 18:01:39.896] PartLoader: Part 'Squad/Parts/Aero/wings/elevon1/StandardCtrlSrf' has no database record. Creating.
[LOG 18:01:39.896] [DragCubeSystem]: Drag cubes not found or cannot be read for part Part. Generating New drag cubes.
[LOG 18:01:39.896] [KSPCF/DragCubeGeneration] Creating drag cubes for part 'StandardCtrlSrf'
[LOG 18:01:39.912] PartLoader: Compiling Part 'Squad/Parts/Aero/wings/elevon2/elevon2'
[LOG 18:01:39.916] PartLoader: Part 'Squad/Parts/Aero/wings/elevon2/elevon2' has no database record. Creating.
[LOG 18:01:39.916] [DragCubeSystem]: Drag cubes not found or cannot be read for part Part. Generating New drag cubes.
[LOG 18:01:39.916] [KSPCF/DragCubeGeneration] Creating drag cubes for part 'elevon2'
[LOG 18:01:39.930] PartLoader: Compiling Part 'Squad/Parts/Aero/wings/elevon3/elevon3'
[LOG 18:01:39.936] PartLoader: Part 'Squad/Parts/Aero/wings/elevon3/elevon3' has no database record. Creating.
[LOG 18:01:39.936] [DragCubeSystem]: Drag cubes not found or cannot be read for part Part. Generating New drag cubes.
[LOG 18:01:39.936] [KSPCF/DragCubeGeneration] Creating drag cubes for part 'elevon3'
[LOG 18:01:39.952] PartLoader: Compiling Part 'Squad/Parts/Aero/wings/elevon4/smallCtrlSrf'
[LOG 18:01:39.958] PartLoader: Part 'Squad/Parts/Aero/wings/elevon4/smallCtrlSrf' has no database record. Creating.
[LOG 18:01:39.958] [DragCubeSystem]: Drag cubes not found or cannot be read for part Part. Generating New drag cubes.
[LOG 18:01:39.958] [KSPCF/DragCubeGeneration] Creating drag cubes for part 'smallCtrlSrf'
[LOG 18:01:39.972] PartLoader: Compiling Part 'Squad/Parts/Aero/wings/elevon5/elevon5'
[LOG 18:01:39.977] PartLoader: Part 'Squad/Parts/Aero/wings/elevon5/elevon5' has no database record. Creating.
[LOG 18:01:39.977] [DragCubeSystem]: Drag cubes not found or cannot be read for part Part. Generating New drag cubes.
[LOG 18:01:39.977] [KSPCF/DragCubeGeneration] Creating drag cubes for part 'elevon5'
[LOG 18:01:39.992] PartLoader: Compiling Part 'Squad/Parts/Aero/wings/strake/wingStrake'
[LOG 18:01:39.995] PartLoader: Part 'Squad/Parts/Aero/wings/strake/wingStrake' has no database record. Creating.
[LOG 18:01:39.995] [DragCubeSystem]: Drag cubes not found or cannot be read for part Part. Generating New drag cubes.
[LOG 18:01:39.995] [KSPCF/DragCubeGeneration] Creating drag cubes for part 'wingStrake'
[LOG 18:01:39.998] PartLoader: Compiling Part 'Squad/Parts/Aero/wings/structural1/structuralWing'
[LOG 18:01:40.001] PartLoader: Part 'Squad/Parts/Aero/wings/structural1/structuralWing' has no database record. Creating.
[LOG 18:01:40.001] [DragCubeSystem]: Drag cubes not found or cannot be read for part Part. Generating New drag cubes.
[LOG 18:01:40.001] [KSPCF/DragCubeGeneration] Creating drag cubes for part 'structuralWing'
[LOG 18:01:40.004] PartLoader: Compiling Part 'Squad/Parts/Aero/wings/structural2/structuralWing2'
[LOG 18:01:40.008] PartLoader: Part 'Squad/Parts/Aero/wings/structural2/structuralWing2' has no database record. Creating.
[LOG 18:01:40.008] [DragCubeSystem]: Drag cubes not found or cannot be read for part Part. Generating New drag cubes.
[LOG 18:01:40.008] [KSPCF/DragCubeGeneration] Creating drag cubes for part 'structuralWing2'
[LOG 18:01:40.012] PartLoader: Compiling Part 'Squad/Parts/Aero/wings/structural3/structuralWing3'
[LOG 18:01:40.015] PartLoader: Part 'Squad/Parts/Aero/wings/structural3/structuralWing3' has no database record. Creating.
[LOG 18:01:40.015] [DragCubeSystem]: Drag cubes not found or cannot be read for part Part. Generating New drag cubes.
[LOG 18:01:40.015] [KSPCF/DragCubeGeneration] Creating drag cubes for part 'structuralWing3'
[LOG 18:01:40.018] PartLoader: Compiling Part 'Squad/Parts/Aero/wings/structural4/structuralWing4'
[LOG 18:01:40.022] PartLoader: Part 'Squad/Parts/Aero/wings/structural4/structuralWing4' has no database record. Creating.
[LOG 18:01:40.022] [DragCubeSystem]: Drag cubes not found or cannot be read for part Part. Generating New drag cubes.
[LOG 18:01:40.022] [KSPCF/DragCubeGeneration] Creating drag cubes for part 'structuralWing4'
[LOG 18:01:40.026] PartLoader: Compiling Part 'Squad/Parts/Aero/wings/swept1/sweptWing1'
[LOG 18:01:40.029] PartLoader: Part 'Squad/Parts/Aero/wings/swept1/sweptWing1' has no database record. Creating.
[LOG 18:01:40.029] [DragCubeSystem]: Drag cubes not found or cannot be read for part Part. Generating New drag cubes.
[LOG 18:01:40.029] [KSPCF/DragCubeGeneration] Creating drag cubes for part 'sweptWing1'
[LOG 18:01:40.032] PartLoader: Compiling Part 'Squad/Parts/Aero/wings/swept2/sweptWing2'
[LOG 18:01:40.035] PartLoader: Part 'Squad/Parts/Aero/wings/swept2/sweptWing2' has no database record. Creating.
[LOG 18:01:40.035] [DragCubeSystem]: Drag cubes not found or cannot be read for part Part. Generating New drag cubes.
[LOG 18:01:40.035] [KSPCF/DragCubeGeneration] Creating drag cubes for part 'sweptWing2'
[LOG 18:01:40.039] PartLoader: Compiling Part 'Squad/Parts/Cargo/CargoContainers/cargoContainer/cargoContainer'
[WRN 18:01:40.042] [Part]: Cannot have ModuleCargoPart and ModuleInventoryPart on same Part [cargoContainer'. Removed ModuleCargoPart
[LOG 18:01:40.053] PartLoader: Part 'Squad/Parts/Cargo/CargoContainers/cargoContainer/cargoContainer' has no database record. Creating.
[LOG 18:01:40.053] [DragCubeSystem]: Drag cubes not found or cannot be read for part Part. Generating New drag cubes.
[LOG 18:01:40.053] [KSPCF/DragCubeGeneration] Creating drag cubes for part 'cargoContainer'
[LOG 18:01:40.059] PartLoader: Compiling Part 'Squad/Parts/Cargo/CargoContainers/smallCargoContainer/smallCargoContainer'
[WRN 18:01:40.061] [Part]: Cannot have ModuleCargoPart and ModuleInventoryPart on same Part [smallCargoContainer'. Removed ModuleCargoPart
[LOG 18:01:40.063] PartLoader: Part 'Squad/Parts/Cargo/CargoContainers/smallCargoContainer/smallCargoContainer' has no database record. Creating.
[LOG 18:01:40.063] [DragCubeSystem]: Drag cubes not found or cannot be read for part Part. Generating New drag cubes.
[LOG 18:01:40.063] [KSPCF/DragCubeGeneration] Creating drag cubes for part 'smallCargoContainer'
[LOG 18:01:40.067] PartLoader: Compiling Part 'Squad/Parts/Cargo/Cylinder/Cylinder/evaCylinder'
[LOG 18:01:40.070] PartLoader: Part 'Squad/Parts/Cargo/Cylinder/Cylinder/evaCylinder' has no database record. Creating.
[LOG 18:01:40.070] [DragCubeSystem]: Drag cubes not found or cannot be read for part Part. Generating New drag cubes.
[LOG 18:01:40.070] [KSPCF/DragCubeGeneration] Creating drag cubes for part 'evaCylinder'
[LOG 18:01:40.075] PartLoader: Compiling Part 'Squad/Parts/Cargo/GroundAnchor/groundAnchor/groundAnchor'
[LOG 18:01:40.099] PartLoader: Part 'Squad/Parts/Cargo/GroundAnchor/groundAnchor/groundAnchor' has no database record. Creating.
[LOG 18:01:40.099] [DragCubeSystem]: Drag cubes not found or cannot be read for part Part. Generating New drag cubes.
[LOG 18:01:40.099] [KSPCF/DragCubeGeneration] Creating drag cubes for part 'groundAnchor'
[LOG 18:01:40.112] PartLoader: Compiling Part 'Squad/Parts/Cargo/Jetpack/Jetpack/evaJetpack'
[LOG 18:01:40.116] PartLoader: Part 'Squad/Parts/Cargo/Jetpack/Jetpack/evaJetpack' has no database record. Creating.
[LOG 18:01:40.116] [DragCubeSystem]: Drag cubes not found or cannot be read for part Part. Generating New drag cubes.
[LOG 18:01:40.116] [KSPCF/DragCubeGeneration] Creating drag cubes for part 'evaJetpack'
[LOG 18:01:40.121] PartLoader: Compiling Part 'Squad/Parts/Cargo/Parachute/Parachute/evaChute'
[LOG 18:01:40.124] PartLoader: Part 'Squad/Parts/Cargo/Parachute/Parachute/evaChute' has no database record. Creating.
[LOG 18:01:40.124] [DragCubeSystem]: Drag cubes not found or cannot be read for part Part. Generating New drag cubes.
[LOG 18:01:40.124] [KSPCF/DragCubeGeneration] Creating drag cubes for part 'evaChute'
[LOG 18:01:40.129] PartLoader: Compiling Part 'Squad/Parts/Cargo/RepairKit/RepairKit/evaRepairKit'
[LOG 18:01:40.133] PartLoader: Part 'Squad/Parts/Cargo/RepairKit/RepairKit/evaRepairKit' has no database record. Creating.
[LOG 18:01:40.134] [DragCubeSystem]: Drag cubes not found or cannot be read for part Part. Generating New drag cubes.
[LOG 18:01:40.134] [KSPCF/DragCubeGeneration] Creating drag cubes for part 'evaRepairKit'
[LOG 18:01:40.139] PartLoader: Compiling Part 'Squad/Parts/Cargo/ScienceKit/evaScienceKit/evaScienceKit'
[LOG 18:01:40.143] PartLoader: Part 'Squad/Parts/Cargo/ScienceKit/evaScienceKit/evaScienceKit' has no database record. Creating.
[LOG 18:01:40.143] [DragCubeSystem]: Drag cubes not found or cannot be read for part Part. Generating New drag cubes.
[LOG 18:01:40.143] [KSPCF/DragCubeGeneration] Creating drag cubes for part 'evaScienceKit'
[LOG 18:01:40.148] PartLoader: Compiling Part 'Squad/Parts/Cargo/StorageUnits/CargoStorageUnit/CargoStorageUnit'
[WRN 18:01:40.149] [Part]: Cannot have ModuleCargoPart and ModuleInventoryPart on same Part [CargoStorageUnit'. Removed ModuleCargoPart
[LOG 18:01:40.156] PartLoader: Part 'Squad/Parts/Cargo/StorageUnits/CargoStorageUnit/CargoStorageUnit' has no database record. Creating.
[LOG 18:01:40.156] [DragCubeSystem]: Drag cubes not found or cannot be read for part Part. Generating New drag cubes.
[LOG 18:01:40.156] [KSPCF/DragCubeGeneration] Creating drag cubes for part 'CargoStorageUnit'
[LOG 18:01:40.162] PartLoader: Compiling Part 'Squad/Parts/Cargo/StorageUnits/ConformalStorageUnit/ConformalStorageUnit'
[WRN 18:01:40.165] [Part]: Cannot have ModuleCargoPart and ModuleInventoryPart on same Part [ConformalStorageUnit'. Removed ModuleCargoPart
[LOG 18:01:40.167] PartLoader: Part 'Squad/Parts/Cargo/StorageUnits/ConformalStorageUnit/ConformalStorageUnit' has no database record. Creating.
[LOG 18:01:40.167] [DragCubeSystem]: Drag cubes not found or cannot be read for part Part. Generating New drag cubes.
[LOG 18:01:40.167] [KSPCF/DragCubeGeneration] Creating drag cubes for part 'ConformalStorageUnit'
[LOG 18:01:40.172] PartLoader: Compiling Part 'Squad/Parts/Command/advancedSasModuleLarge/advSasModuleLarge/asasmodule1-2'
[LOG 18:01:40.183] PartLoader: Part 'Squad/Parts/Command/advancedSasModuleLarge/advSasModuleLarge/asasmodule1-2' has no database record. Creating.
[LOG 18:01:40.185] PartLoader: Compiling Part 'Squad/Parts/Command/cupola/cupola/cupola'
[LOG 18:01:40.224] PartLoader: Part 'Squad/Parts/Command/cupola/cupola/cupola' has no database record. Creating.
[LOG 18:01:40.224] [DragCubeSystem]: Drag cubes not found or cannot be read for part Part. Generating New drag cubes.
[LOG 18:01:40.224] [KSPCF/DragCubeGeneration] Creating drag cubes for part 'cupola'
[LOG 18:01:40.235] PartLoader: Compiling Part 'Squad/Parts/Command/externalCommandSeat/externalCommandSeat/seatExternalCmd'
[LOG 18:01:40.244] PartLoader: Part 'Squad/Parts/Command/externalCommandSeat/externalCommandSeat/seatExternalCmd' has no database record. Creating.
[LOG 18:01:40.244] [DragCubeSystem]: Drag cubes not found or cannot be read for part Part. Generating New drag cubes.
[LOG 18:01:40.244] [KSPCF/DragCubeGeneration] Creating drag cubes for part 'seatExternalCmd'
[LOG 18:01:40.248] PartLoader: Compiling Part 'Squad/Parts/Command/hitchhikerStorageContainer/hitchikerStorageContainer/crewCabin'
[LOG 18:01:40.252] PartLoader: Part 'Squad/Parts/Command/hitchhikerStorageContainer/hitchikerStorageContainer/crewCabin' has no database record. Creating.
[LOG 18:01:40.252] [DragCubeSystem]: Drag cubes not found or cannot be read for part Part. Generating New drag cubes.
[LOG 18:01:40.252] [KSPCF/DragCubeGeneration] Creating drag cubes for part 'crewCabin'
[LOG 18:01:40.258] PartLoader: Compiling Part 'Squad/Parts/Command/inlineAdvancedStabilizer/inlineAdvancedStabilizer/advSasModule'
[LOG 18:01:40.263] PartLoader: Part 'Squad/Parts/Command/inlineAdvancedStabilizer/inlineAdvancedStabilizer/advSasModule' has no database record. Creating.
[LOG 18:01:40.263] [DragCubeSystem]: Drag cubes not found or cannot be read for part Part. Generating New drag cubes.
[LOG 18:01:40.263] [KSPCF/DragCubeGeneration] Creating drag cubes for part 'advSasModule'
[LOG 18:01:40.268] PartLoader: Compiling Part 'Squad/Parts/Command/inlineReactionWheel/inlineReactionWheel/sasModule'
[LOG 18:01:40.272] PartLoader: Part 'Squad/Parts/Command/inlineReactionWheel/inlineReactionWheel/sasModule' has no database record. Creating.
[LOG 18:01:40.272] [DragCubeSystem]: Drag cubes not found or cannot be read for part Part. Generating New drag cubes.
[LOG 18:01:40.272] [KSPCF/DragCubeGeneration] Creating drag cubes for part 'sasModule'
[LOG 18:01:40.277] PartLoader: Compiling Part 'Squad/Parts/Command/Mk1-3Pod/mk1-3/mk1-3pod'
[LOG 18:01:40.303] PartLoader: Part 'Squad/Parts/Command/Mk1-3Pod/mk1-3/mk1-3pod' has no database record. Creating.
[LOG 18:01:40.303] [DragCubeSystem]: Drag cubes not found or cannot be read for part Part. Generating New drag cubes.
[LOG 18:01:40.303] [KSPCF/DragCubeGeneration] Creating drag cubes for part 'mk1-3pod'
[LOG 18:01:40.313] PartLoader: Compiling Part 'Squad/Parts/Command/mk1Cockpits/mk1Cockpit/Mark1Cockpit'
[WRN 18:01:40.316] [Part]: Cannot have ModuleCargoPart and ModuleInventoryPart on same Part [Mark1Cockpit'. Removed ModuleCargoPart
[LOG 18:01:40.320] PartLoader: Part 'Squad/Parts/Command/mk1Cockpits/mk1Cockpit/Mark1Cockpit' has no database record. Creating.
[LOG 18:01:40.320] [DragCubeSystem]: Drag cubes not found or cannot be read for part Part. Generating New drag cubes.
[LOG 18:01:40.320] [KSPCF/DragCubeGeneration] Creating drag cubes for part 'Mark1Cockpit'
[LOG 18:01:40.327] PartLoader: Compiling Part 'Squad/Parts/Command/mk1Cockpits/mk1CrewCabin/MK1CrewCabin'
[WRN 18:01:40.331] [Part]: Cannot have ModuleCargoPart and ModuleInventoryPart on same Part [MK1CrewCabin'. Removed ModuleCargoPart
[LOG 18:01:40.339] PartLoader: Part 'Squad/Parts/Command/mk1Cockpits/mk1CrewCabin/MK1CrewCabin' has no database record. Creating.
[LOG 18:01:40.339] [DragCubeSystem]: Drag cubes not found or cannot be read for part Part. Generating New drag cubes.
[LOG 18:01:40.339] [KSPCF/DragCubeGeneration] Creating drag cubes for part 'MK1CrewCabin'
[LOG 18:01:40.343] PartLoader: Compiling Part 'Squad/Parts/Command/mk1Cockpits/mk1InlineCockpit/Mark2Cockpit'
[WRN 18:01:40.347] [Part]: Cannot have ModuleCargoPart and ModuleInventoryPart on same Part [Mark2Cockpit'. Removed ModuleCargoPart
[LOG 18:01:40.350] PartLoader: Part 'Squad/Parts/Command/mk1Cockpits/mk1InlineCockpit/Mark2Cockpit' has no database record. Creating.
[LOG 18:01:40.350] [DragCubeSystem]: Drag cubes not found or cannot be read for part Part. Generating New drag cubes.
[LOG 18:01:40.350] [KSPCF/DragCubeGeneration] Creating drag cubes for part 'Mark2Cockpit'
[LOG 18:01:40.355] PartLoader: Compiling Part 'Squad/Parts/Command/mk1LanderCan/mk1LanderCan/landerCabinSmall'
[WRN 18:01:40.359] [Part]: Cannot have ModuleCargoPart and ModuleInventoryPart on same Part [landerCabinSmall'. Removed ModuleCargoPart
[LOG 18:01:40.362] PartLoader: Part 'Squad/Parts/Command/mk1LanderCan/mk1LanderCan/landerCabinSmall' has no database record. Creating.
[LOG 18:01:40.362] [DragCubeSystem]: Drag cubes not found or cannot be read for part Part. Generating New drag cubes.
[LOG 18:01:40.362] [KSPCF/DragCubeGeneration] Creating drag cubes for part 'landerCabinSmall'
[LOG 18:01:40.368] PartLoader: Compiling Part 'Squad/Parts/Command/mk1pod_v2/mk1Pod_v2/mk1pod_v2'
[WRN 18:01:40.372] [Part]: Cannot have ModuleCargoPart and ModuleInventoryPart on same Part [mk1pod.v2'. Removed ModuleCargoPart
[LOG 18:01:40.380] PartLoader: Part 'Squad/Parts/Command/mk1pod_v2/mk1Pod_v2/mk1pod_v2' has no database record. Creating.
[LOG 18:01:40.380] [DragCubeSystem]: Drag cubes not found or cannot be read for part Part. Generating New drag cubes.
[LOG 18:01:40.381] [KSPCF/DragCubeGeneration] Creating drag cubes for part 'mk1pod.v2'
[LOG 18:01:40.387] PartLoader: Compiling Part 'Squad/Parts/Command/mk2CockpitInline/mk2CockpitInline/mk2Cockpit_Inline'
[WRN 18:01:40.393] [Part]: Cannot have ModuleCargoPart and ModuleInventoryPart on same Part [mk2Cockpit.Inline'. Removed ModuleCargoPart
[LOG 18:01:40.398] PartLoader: Part 'Squad/Parts/Command/mk2CockpitInline/mk2CockpitInline/mk2Cockpit_Inline' has no database record. Creating.
[LOG 18:01:40.398] [DragCubeSystem]: Drag cubes not found or cannot be read for part Part. Generating New drag cubes.
[LOG 18:01:40.398] [KSPCF/DragCubeGeneration] Creating drag cubes for part 'mk2Cockpit.Inline'
[LOG 18:01:40.404] PartLoader: Compiling Part 'Squad/Parts/Command/mk2CockpitStandard/mk2CockpitStandard/mk2Cockpit_Standard'
[WRN 18:01:40.409] [Part]: Cannot have ModuleCargoPart and ModuleInventoryPart on same Part [mk2Cockpit.Standard'. Removed ModuleCargoPart
[LOG 18:01:40.420] PartLoader: Part 'Squad/Parts/Command/mk2CockpitStandard/mk2CockpitStandard/mk2Cockpit_Standard' has no database record. Creating.
[LOG 18:01:40.420] [DragCubeSystem]: Drag cubes not found or cannot be read for part Part. Generating New drag cubes.
[LOG 18:01:40.420] [KSPCF/DragCubeGeneration] Creating drag cubes for part 'mk2Cockpit.Standard'
[LOG 18:01:40.426] PartLoader: Compiling Part 'Squad/Parts/Command/mk2DroneCore/mk2Dronecore/mk2DroneCore'
[LOG 18:01:40.440] PartLoader: Part 'Squad/Parts/Command/mk2DroneCore/mk2Dronecore/mk2DroneCore' has no database record. Creating.
[LOG 18:01:40.441] PartLoader: Compiling Part 'Squad/Parts/Command/mk2LanderCan/mk2LanderCan/mk2LanderCabin'
[WRN 18:01:40.444] [Part]: Cannot have ModuleCargoPart and ModuleInventoryPart on same Part [mk2LanderCabin'. Removed ModuleCargoPart
[LOG 18:01:40.448] PartLoader: Part 'Squad/Parts/Command/mk2LanderCan/mk2LanderCan/mk2LanderCabin' has no database record. Creating.
[LOG 18:01:40.448] [DragCubeSystem]: Drag cubes not found or cannot be read for part Part. Generating New drag cubes.
[LOG 18:01:40.448] [KSPCF/DragCubeGeneration] Creating drag cubes for part 'mk2LanderCabin'
[LOG 18:01:40.455] PartLoader: Compiling Part 'Squad/Parts/Command/mk2LanderCan_v2/mk2LanderCan_v2/mk2LanderCabin_v2'
[WRN 18:01:40.460] [Part]: Cannot have ModuleCargoPart and ModuleInventoryPart on same Part [mk2LanderCabin.v2'. Removed ModuleCargoPart
[LOG 18:01:40.465] PartLoader: Part 'Squad/Parts/Command/mk2LanderCan_v2/mk2LanderCan_v2/mk2LanderCabin_v2' has no database record. Creating.
[LOG 18:01:40.465] [DragCubeSystem]: Drag cubes not found or cannot be read for part Part. Generating New drag cubes.
[LOG 18:01:40.465] [KSPCF/DragCubeGeneration] Creating drag cubes for part 'mk2LanderCabin.v2'
[LOG 18:01:40.471] PartLoader: Compiling Part 'Squad/Parts/Command/mk3CockpitShuttle/mk3CockpitShuttle/mk3Cockpit_Shuttle'
[LOG 18:01:40.482] PartLoader: Part 'Squad/Parts/Command/mk3CockpitShuttle/mk3CockpitShuttle/mk3Cockpit_Shuttle' has no database record. Creating.
[LOG 18:01:40.482] [DragCubeSystem]: Drag cubes not found or cannot be read for part Part. Generating New drag cubes.
[LOG 18:01:40.482] [KSPCF/DragCubeGeneration] Creating drag cubes for part 'mk3Cockpit.Shuttle'
[LOG 18:01:40.489] PartLoader: Compiling Part 'Squad/Parts/Command/MpoProbe/MpoProbe/MpoProbe'
[LOG 18:01:40.496] PartLoader: Part 'Squad/Parts/Command/MpoProbe/MpoProbe/MpoProbe' has no database record. Creating.
[LOG 18:01:40.496] [DragCubeSystem]: Drag cubes not found or cannot be read for part Part. Generating New drag cubes.
[LOG 18:01:40.496] [KSPCF/DragCubeGeneration] Creating drag cubes for part 'MpoProbe'
[LOG 18:01:40.502] PartLoader: Compiling Part 'Squad/Parts/Command/MtmStage/MTM_Stage/MtmStage'
[LOG 18:01:40.509] PartLoader: Part 'Squad/Parts/Command/MtmStage/MTM_Stage/MtmStage' has no database record. Creating.
[LOG 18:01:40.509] [DragCubeSystem]: Drag cubes not found or cannot be read for part Part. Generating New drag cubes.
[LOG 18:01:40.509] [KSPCF/DragCubeGeneration] Creating drag cubes for part 'MtmStage'
[LOG 18:01:40.514] PartLoader: Compiling Part 'Squad/Parts/Command/probeCoreCube/probeCoreCube/probeCoreCube'
[LOG 18:01:40.519] PartLoader: Part 'Squad/Parts/Command/probeCoreCube/probeCoreCube/probeCoreCube' has no database record. Creating.
[LOG 18:01:40.520] PartLoader: Compiling Part 'Squad/Parts/Command/probeCoreHex/probeCoreHex/probeCoreHex'
[LOG 18:01:40.525] PartLoader: Part 'Squad/Parts/Command/probeCoreHex/probeCoreHex/probeCoreHex' has no database record. Creating.
[LOG 18:01:40.525] [DragCubeSystem]: Drag cubes not found or cannot be read for part Part. Generating New drag cubes.
[LOG 18:01:40.525] [KSPCF/DragCubeGeneration] Creating drag cubes for part 'probeCoreHex'
[LOG 18:01:40.531] PartLoader: Compiling Part 'Squad/Parts/Command/probeCoreHex_v2/probeCoreHex_v2/probeCoreHex_v2'
[LOG 18:01:40.536] PartLoader: Part 'Squad/Parts/Command/probeCoreHex_v2/probeCoreHex_v2/probeCoreHex_v2' has no database record. Creating.
[LOG 18:01:40.536] [DragCubeSystem]: Drag cubes not found or cannot be read for part Part. Generating New drag cubes.
[LOG 18:01:40.536] [KSPCF/DragCubeGeneration] Creating drag cubes for part 'probeCoreHex.v2'
[LOG 18:01:40.544] PartLoader: Compiling Part 'Squad/Parts/Command/probeCoreOcto2_v2/probeCoreOcto2_v2/probeCoreOcto2_v2'
[LOG 18:01:40.552] PartLoader: Part 'Squad/Parts/Command/probeCoreOcto2_v2/probeCoreOcto2_v2/probeCoreOcto2_v2' has no database record. Creating.
[LOG 18:01:40.552] [DragCubeSystem]: Drag cubes not found or cannot be read for part Part. Generating New drag cubes.
[LOG 18:01:40.552] [KSPCF/DragCubeGeneration] Creating drag cubes for part 'probeCoreOcto2.v2'
[LOG 18:01:40.558] PartLoader: Compiling Part 'Squad/Parts/Command/probeCoreOcto_v2/probeCoreOcto_v2/probeCoreOcto_v2'
[LOG 18:01:40.564] PartLoader: Part 'Squad/Parts/Command/probeCoreOcto_v2/probeCoreOcto_v2/probeCoreOcto_v2' has no database record. Creating.
[LOG 18:01:40.564] [DragCubeSystem]: Drag cubes not found or cannot be read for part Part. Generating New drag cubes.
[LOG 18:01:40.564] [KSPCF/DragCubeGeneration] Creating drag cubes for part 'probeCoreOcto.v2'
[LOG 18:01:40.571] PartLoader: Compiling Part 'Squad/Parts/Command/probeRoverBody/probeRoverBody/roverBody'
[LOG 18:01:40.579] PartLoader: Part 'Squad/Parts/Command/probeRoverBody/probeRoverBody/roverBody' has no database record. Creating.
[LOG 18:01:40.579] [DragCubeSystem]: Drag cubes not found or cannot be read for part Part. Generating New drag cubes.
[LOG 18:01:40.579] [KSPCF/DragCubeGeneration] Creating drag cubes for part 'roverBody'
[LOG 18:01:40.584] PartLoader: Compiling Part 'Squad/Parts/Command/probeRoverBody_v2/probeRoverBody_v2/roverBody_v2'
[LOG 18:01:40.593] PartLoader: Part 'Squad/Parts/Command/probeRoverBody_v2/probeRoverBody_v2/roverBody_v2' has no database record. Creating.
[LOG 18:01:40.593] [DragCubeSystem]: Drag cubes not found or cannot be read for part Part. Generating New drag cubes.
[LOG 18:01:40.593] [KSPCF/DragCubeGeneration] Creating drag cubes for part 'roverBody.v2'
[LOG 18:01:40.613] PartLoader: Compiling Part 'Squad/Parts/Command/probeStackLarge/probeStackLarge/probeStackLarge'
[LOG 18:01:40.620] PartLoader: Part 'Squad/Parts/Command/probeStackLarge/probeStackLarge/probeStackLarge' has no database record. Creating.
[LOG 18:01:40.621] [DragCubeSystem]: Drag cubes not found or cannot be read for part Part. Generating New drag cubes.
[LOG 18:01:40.621] [KSPCF/DragCubeGeneration] Creating drag cubes for part 'probeStackLarge'
[LOG 18:01:40.626] PartLoader: Compiling Part 'Squad/Parts/Command/probeStackSmall/probeStackSmall/probeStackSmall'
[LOG 18:01:40.636] PartLoader: Part 'Squad/Parts/Command/probeStackSmall/probeStackSmall/probeStackSmall' has no database record. Creating.
[LOG 18:01:40.636] [DragCubeSystem]: Drag cubes not found or cannot be read for part Part. Generating New drag cubes.
[LOG 18:01:40.636] [KSPCF/DragCubeGeneration] Creating drag cubes for part 'probeStackSmall'
[LOG 18:01:40.644] PartLoader: Compiling Part 'Squad/Parts/Command/probeStackSphere_v2/probeStackSphere_v2/probeCoreSphere_v2'
[LOG 18:01:40.650] PartLoader: Part 'Squad/Parts/Command/probeStackSphere_v2/probeStackSphere_v2/probeCoreSphere_v2' has no database record. Creating.
[LOG 18:01:40.651] PartLoader: Compiling Part 'Squad/Parts/CompoundParts/FuelLine/fuelLine/fuelLine'
[LOG 18:01:40.678] PartLoader: Part 'Squad/Parts/CompoundParts/FuelLine/fuelLine/fuelLine' has no database record. Creating.
[LOG 18:01:40.678] [DragCubeSystem]: Drag cubes not found or cannot be read for part CompoundPart. Generating New drag cubes.
[LOG 18:01:40.678] [KSPCF/DragCubeGeneration] Creating drag cubes for part 'fuelLine'
[LOG 18:01:40.683] PartLoader: Compiling Part 'Squad/Parts/CompoundParts/strutConnector/strutConnector/strutConnector'
[LOG 18:01:40.689] PartLoader: Part 'Squad/Parts/CompoundParts/strutConnector/strutConnector/strutConnector' has no database record. Creating.
[LOG 18:01:40.689] [DragCubeSystem]: Drag cubes not found or cannot be read for part CompoundPart. Generating New drag cubes.
[LOG 18:01:40.689] [KSPCF/DragCubeGeneration] Creating drag cubes for part 'strutConnector'
[LOG 18:01:40.694] PartLoader: Compiling Part 'Squad/Parts/Coupling/Decoupler_0/Decoupler_0'
[LOG 18:01:40.701] PartLoader: Part 'Squad/Parts/Coupling/Decoupler_0/Decoupler_0' has no database record. Creating.
[LOG 18:01:40.701] PartLoader: Compiling Part 'Squad/Parts/Coupling/Decoupler_1/Decoupler_1'
[LOG 18:01:40.707] PartLoader: Part 'Squad/Parts/Coupling/Decoupler_1/Decoupler_1' has no database record. Creating.
[LOG 18:01:40.708] PartLoader: Compiling Part 'Squad/Parts/Coupling/Decoupler_2/Decoupler_2'
[LOG 18:01:40.713] PartLoader: Part 'Squad/Parts/Coupling/Decoupler_2/Decoupler_2' has no database record. Creating.
[LOG 18:01:40.714] PartLoader: Compiling Part 'Squad/Parts/Coupling/Decoupler_3/Decoupler_3'
[LOG 18:01:40.721] PartLoader: Part 'Squad/Parts/Coupling/Decoupler_3/Decoupler_3' has no database record. Creating.
[LOG 18:01:40.722] PartLoader: Compiling Part 'Squad/Parts/Coupling/Separator_0/Separator_0'
[LOG 18:01:40.730] PartLoader: Part 'Squad/Parts/Coupling/Separator_0/Separator_0' has no database record. Creating.
[LOG 18:01:40.730] PartLoader: Compiling Part 'Squad/Parts/Coupling/Separator_1/Separator_1'
[LOG 18:01:40.736] PartLoader: Part 'Squad/Parts/Coupling/Separator_1/Separator_1' has no database record. Creating.
[LOG 18:01:40.737] PartLoader: Compiling Part 'Squad/Parts/Coupling/Separator_2/Separator_2'
[LOG 18:01:40.742] PartLoader: Part 'Squad/Parts/Coupling/Separator_2/Separator_2' has no database record. Creating.
[LOG 18:01:40.742] PartLoader: Compiling Part 'Squad/Parts/Coupling/Separator_3/Separator_3'
[LOG 18:01:40.746] PartLoader: Part 'Squad/Parts/Coupling/Separator_3/Separator_3' has no database record. Creating.
[LOG 18:01:40.747] PartLoader: Compiling Part 'Squad/Parts/Electrical/10CSolarPanels/OX-10C/solarPanelOX10C'
[LOG 18:01:40.761] PartLoader: Part 'Squad/Parts/Electrical/10CSolarPanels/OX-10C/solarPanelOX10C' has no database record. Creating.
[LOG 18:01:40.761] [DragCubeSystem]: Drag cubes not found or cannot be read for part Part. Generating New drag cubes.
[LOG 18:01:40.762] [KSPCF/DragCubeGeneration] Creating drag cubes for part 'solarPanelOX10C'
[LOG 18:01:40.779] PartLoader: Compiling Part 'Squad/Parts/Electrical/10CSolarPanels/SP-10C/solarPanelSP10C'
[LOG 18:01:40.783] PartLoader: Part 'Squad/Parts/Electrical/10CSolarPanels/SP-10C/solarPanelSP10C' has no database record. Creating.
[LOG 18:01:40.783] [DragCubeSystem]: Drag cubes not found or cannot be read for part Part. Generating New drag cubes.
[LOG 18:01:40.783] [KSPCF/DragCubeGeneration] Creating drag cubes for part 'solarPanelSP10C'
[LOG 18:01:40.801] PartLoader: Compiling Part 'Squad/Parts/Electrical/10LSolarPanels/OX-10L/solarPanelOX10L'
[LOG 18:01:40.804] PartLoader: Part 'Squad/Parts/Electrical/10LSolarPanels/OX-10L/solarPanelOX10L' has no database record. Creating.
[LOG 18:01:40.805] [DragCubeSystem]: Drag cubes not found or cannot be read for part Part. Generating New drag cubes.
[LOG 18:01:40.805] [KSPCF/DragCubeGeneration] Creating drag cubes for part 'solarPanelOX10L'
[LOG 18:01:40.822] PartLoader: Compiling Part 'Squad/Parts/Electrical/10LSolarPanels/SP-10L/solarPanelSP10L'
[LOG 18:01:40.827] PartLoader: Part 'Squad/Parts/Electrical/10LSolarPanels/SP-10L/solarPanelSP10L' has no database record. Creating.
[LOG 18:01:40.827] [DragCubeSystem]: Drag cubes not found or cannot be read for part Part. Generating New drag cubes.
[LOG 18:01:40.827] [KSPCF/DragCubeGeneration] Creating drag cubes for part 'solarPanelSP10L'
[LOG 18:01:40.844] PartLoader: Compiling Part 'Squad/Parts/Electrical/1x6ShroudSolarPanels/1x6ShroudSolarPanels/solarPanels2'
[LOG 18:01:40.848] PartLoader: Part 'Squad/Parts/Electrical/1x6ShroudSolarPanels/1x6ShroudSolarPanels/solarPanels2' has no database record. Creating.
[LOG 18:01:40.848] [DragCubeSystem]: Drag cubes not found or cannot be read for part Part. Generating New drag cubes.
[LOG 18:01:40.848] [KSPCF/DragCubeGeneration] Creating drag cubes for part 'solarPanels2'
[LOG 18:01:40.865] PartLoader: Compiling Part 'Squad/Parts/Electrical/1x6SolarPanels/1x6SolarPanels/solarPanels4'
[LOG 18:01:40.868] PartLoader: Part 'Squad/Parts/Electrical/1x6SolarPanels/1x6SolarPanels/solarPanels4' has no database record. Creating.
[LOG 18:01:40.868] [DragCubeSystem]: Drag cubes not found or cannot be read for part Part. Generating New drag cubes.
[LOG 18:01:40.868] [KSPCF/DragCubeGeneration] Creating drag cubes for part 'solarPanels4'
[LOG 18:01:40.883] PartLoader: Compiling Part 'Squad/Parts/Electrical/3x2ShroudSolarPanels/3x2ShroudSolarPanels/solarPanels1'
[LOG 18:01:40.887] PartLoader: Part 'Squad/Parts/Electrical/3x2ShroudSolarPanels/3x2ShroudSolarPanels/solarPanels1' has no database record. Creating.
[LOG 18:01:40.887] [DragCubeSystem]: Drag cubes not found or cannot be read for part Part. Generating New drag cubes.
[LOG 18:01:40.887] [KSPCF/DragCubeGeneration] Creating drag cubes for part 'solarPanels1'
[LOG 18:01:40.901] PartLoader: Compiling Part 'Squad/Parts/Electrical/3x2SolarPanels/3x2SolarPanels/solarPanels3'
[LOG 18:01:40.905] PartLoader: Part 'Squad/Parts/Electrical/3x2SolarPanels/3x2SolarPanels/solarPanels3' has no database record. Creating.
[LOG 18:01:40.905] [DragCubeSystem]: Drag cubes not found or cannot be read for part Part. Generating New drag cubes.
[LOG 18:01:40.905] [KSPCF/DragCubeGeneration] Creating drag cubes for part 'solarPanels3'
[LOG 18:01:40.922] PartLoader: Compiling Part 'Squad/Parts/Electrical/gigantorXlSolarArray/gigantorXlSolarArray/largeSolarPanel'
[LOG 18:01:40.926] PartLoader: Part 'Squad/Parts/Electrical/gigantorXlSolarArray/gigantorXlSolarArray/largeSolarPanel' has no database record. Creating.
[LOG 18:01:40.926] [DragCubeSystem]: Drag cubes not found or cannot be read for part Part. Generating New drag cubes.
[LOG 18:01:40.926] [KSPCF/DragCubeGeneration] Creating drag cubes for part 'largeSolarPanel'
[LOG 18:01:40.941] PartLoader: Compiling Part 'Squad/Parts/Electrical/radialFlatSolarPanel/radialFlatSolarPanel/solarPanels5'
[LOG 18:01:40.944] PartLoader: Part 'Squad/Parts/Electrical/radialFlatSolarPanel/radialFlatSolarPanel/solarPanels5' has no database record. Creating.
[LOG 18:01:40.944] [DragCubeSystem]: Drag cubes not found or cannot be read for part Part. Generating New drag cubes.
[LOG 18:01:40.944] [KSPCF/DragCubeGeneration] Creating drag cubes for part 'solarPanels5'
[LOG 18:01:40.951] PartLoader: Compiling Part 'Squad/Parts/Electrical/RTG/RTG/rtg'
[LOG 18:01:40.963] PartLoader: Part 'Squad/Parts/Electrical/RTG/RTG/rtg' has no database record. Creating.
[LOG 18:01:40.963] [DragCubeSystem]: Drag cubes not found or cannot be read for part Part. Generating New drag cubes.
[LOG 18:01:40.964] [KSPCF/DragCubeGeneration] Creating drag cubes for part 'rtg'
[LOG 18:01:40.970] PartLoader: Compiling Part 'Squad/Parts/Electrical/z-100Battery/z-100Battery/batteryPack'
[LOG 18:01:40.973] PartLoader: Part 'Squad/Parts/Electrical/z-100Battery/z-100Battery/batteryPack' has no database record. Creating.
[LOG 18:01:40.973] [DragCubeSystem]: Drag cubes not found or cannot be read for part Part. Generating New drag cubes.
[LOG 18:01:40.973] [KSPCF/DragCubeGeneration] Creating drag cubes for part 'batteryPack'
[LOG 18:01:40.977] PartLoader: Compiling Part 'Squad/Parts/Electrical/z-1kBattery/z-1kBattery/batteryBank'
[LOG 18:01:40.980] PartLoader: Part 'Squad/Parts/Electrical/z-1kBattery/z-1kBattery/batteryBank' has no database record. Creating.
[LOG 18:01:40.981] [DragCubeSystem]: Drag cubes not found or cannot be read for part Part. Generating New drag cubes.
[LOG 18:01:40.981] [KSPCF/DragCubeGeneration] Creating drag cubes for part 'batteryBank'
[LOG 18:01:40.985] PartLoader: Compiling Part 'Squad/Parts/Electrical/z-200Battery/z-200Battery/batteryBankMini'
[LOG 18:01:40.987] PartLoader: Part 'Squad/Parts/Electrical/z-200Battery/z-200Battery/batteryBankMini' has no database record. Creating.
[LOG 18:01:40.987] [DragCubeSystem]: Drag cubes not found or cannot be read for part Part. Generating New drag cubes.
[LOG 18:01:40.987] [KSPCF/DragCubeGeneration] Creating drag cubes for part 'batteryBankMini'
[LOG 18:01:40.991] PartLoader: Compiling Part 'Squad/Parts/Electrical/z-400Battery/z-400Battery/ksp_r_largeBatteryPack'
[LOG 18:01:40.995] PartLoader: Part 'Squad/Parts/Electrical/z-400Battery/z-400Battery/ksp_r_largeBatteryPack' has no database record. Creating.
[LOG 18:01:40.995] [DragCubeSystem]: Drag cubes not found or cannot be read for part Part. Generating New drag cubes.
[LOG 18:01:40.995] [KSPCF/DragCubeGeneration] Creating drag cubes for part 'ksp.r.largeBatteryPack'
[LOG 18:01:40.999] PartLoader: Compiling Part 'Squad/Parts/Electrical/z-4kBattery/z-4kBattery/batteryBankLarge'
[LOG 18:01:41.003] PartLoader: Part 'Squad/Parts/Electrical/z-4kBattery/z-4kBattery/batteryBankLarge' has no database record. Creating.
[LOG 18:01:41.003] [DragCubeSystem]: Drag cubes not found or cannot be read for part Part. Generating New drag cubes.
[LOG 18:01:41.003] [KSPCF/DragCubeGeneration] Creating drag cubes for part 'batteryBankLarge'
[LOG 18:01:41.007] PartLoader: Compiling Part 'Squad/Parts/Engine/ionEngine/ionEngine/ionEngine'
[LOG 18:01:41.032] PartLoader: Part 'Squad/Parts/Engine/ionEngine/ionEngine/ionEngine' has no database record. Creating.
[LOG 18:01:41.032] [DragCubeSystem]: Drag cubes not found or cannot be read for part Part. Generating New drag cubes.
[LOG 18:01:41.032] [KSPCF/DragCubeGeneration] Creating drag cubes for part 'ionEngine'
[LOG 18:01:41.039] PartLoader: Compiling Part 'Squad/Parts/Engine/jetEngines/jetEngineAfterburning/turboJet'
[LOG 18:01:41.077] PartLoader: Part 'Squad/Parts/Engine/jetEngines/jetEngineAfterburning/turboJet' has no database record. Creating.
[LOG 18:01:41.077] [DragCubeSystem]: Drag cubes not found or cannot be read for part Part. Generating New drag cubes.
[LOG 18:01:41.077] [KSPCF/DragCubeGeneration] Creating drag cubes for part 'turboJet'
[LOG 18:01:41.085] PartLoader: Compiling Part 'Squad/Parts/Engine/jetEngines/jetEngineBasic/JetEngine'
[LOG 18:01:41.094] PartLoader: Part 'Squad/Parts/Engine/jetEngines/jetEngineBasic/JetEngine' has no database record. Creating.
[LOG 18:01:41.094] [DragCubeSystem]: Drag cubes not found or cannot be read for part Part. Generating New drag cubes.
[LOG 18:01:41.094] [KSPCF/DragCubeGeneration] Creating drag cubes for part 'JetEngine'
[LOG 18:01:41.107] PartLoader: Compiling Part 'Squad/Parts/Engine/jetEngines/jetEngineBig/turboFanSize2'
[LOG 18:01:41.116] PartLoader: Part 'Squad/Parts/Engine/jetEngines/jetEngineBig/turboFanSize2' has no database record. Creating.
[LOG 18:01:41.116] [DragCubeSystem]: Drag cubes not found or cannot be read for part Part. Generating New drag cubes.
[LOG 18:01:41.116] [KSPCF/DragCubeGeneration] Creating drag cubes for part 'turboFanSize2'
[LOG 18:01:41.131] PartLoader: Compiling Part 'Squad/Parts/Engine/jetEngines/jetEngineTurbo/turboFanEngine'
[LOG 18:01:41.140] PartLoader: Part 'Squad/Parts/Engine/jetEngines/jetEngineTurbo/turboFanEngine' has no database record. Creating.
[LOG 18:01:41.140] [DragCubeSystem]: Drag cubes not found or cannot be read for part Part. Generating New drag cubes.
[LOG 18:01:41.140] [KSPCF/DragCubeGeneration] Creating drag cubes for part 'turboFanEngine'
[LOG 18:01:41.146] PartLoader: Compiling Part 'Squad/Parts/Engine/liquidEngine24-77/liquidEngine24-77/smallRadialEngine'
[LOG 18:01:41.152] PartLoader: Part 'Squad/Parts/Engine/liquidEngine24-77/liquidEngine24-77/smallRadialEngine' has no database record. Creating.
[LOG 18:01:41.152] [DragCubeSystem]: Drag cubes not found or cannot be read for part Part. Generating New drag cubes.
[LOG 18:01:41.152] [KSPCF/DragCubeGeneration] Creating drag cubes for part 'smallRadialEngine'
[LOG 18:01:41.158] PartLoader: Compiling Part 'Squad/Parts/Engine/liquidEngine24-77_v2/liquidEngine24-77_v2/smallRadialEngine_v2'
[LOG 18:01:41.169] PartLoader: Part 'Squad/Parts/Engine/liquidEngine24-77_v2/liquidEngine24-77_v2/smallRadialEngine_v2' has no database record. Creating.
[LOG 18:01:41.169] [DragCubeSystem]: Drag cubes not found or cannot be read for part Part. Generating New drag cubes.
[LOG 18:01:41.169] [KSPCF/DragCubeGeneration] Creating drag cubes for part 'smallRadialEngine.v2'
[LOG 18:01:41.175] PartLoader: Compiling Part 'Squad/Parts/Engine/liquidEngine48-7S_v2/liquidEngine48-7S_v2/liquidEngineMini_v2'
[LOG 18:01:41.183] PartLoader: Part 'Squad/Parts/Engine/liquidEngine48-7S_v2/liquidEngine48-7S_v2/liquidEngineMini_v2' has no database record. Creating.
[LOG 18:01:41.183] [DragCubeSystem]: Drag cubes not found or cannot be read for part Part. Generating New drag cubes.
[LOG 18:01:41.183] [KSPCF/DragCubeGeneration] Creating drag cubes for part 'liquidEngineMini.v2'
[LOG 18:01:41.213] PartLoader: Compiling Part 'Squad/Parts/Engine/liquidEngineAerospike/liquidEngineAerospike/toroidalAerospike'
[LOG 18:01:41.294] PartLoader: Part 'Squad/Parts/Engine/liquidEngineAerospike/liquidEngineAerospike/toroidalAerospike' has no database record. Creating.
[LOG 18:01:41.294] [DragCubeSystem]: Drag cubes not found or cannot be read for part Part. Generating New drag cubes.
[LOG 18:01:41.294] [KSPCF/DragCubeGeneration] Creating drag cubes for part 'toroidalAerospike'
[LOG 18:01:41.327] PartLoader: Compiling Part 'Squad/Parts/Engine/liquidEngineLV-1_v2/liquidEngineLV-1R _v2/radialEngineMini_v2'
[LOG 18:01:41.335] PartLoader: Part 'Squad/Parts/Engine/liquidEngineLV-1_v2/liquidEngineLV-1R _v2/radialEngineMini_v2' has no database record. Creating.
[LOG 18:01:41.335] [DragCubeSystem]: Drag cubes not found or cannot be read for part Part. Generating New drag cubes.
[LOG 18:01:41.335] [KSPCF/DragCubeGeneration] Creating drag cubes for part 'radialEngineMini.v2'
[LOG 18:01:41.350] PartLoader: Compiling Part 'Squad/Parts/Engine/liquidEngineLV-1_v2/liquidEngineLV-1_v2/microEngine_v2'
[LOG 18:01:41.358] PartLoader: Part 'Squad/Parts/Engine/liquidEngineLV-1_v2/liquidEngineLV-1_v2/microEngine_v2' has no database record. Creating.
[LOG 18:01:41.358] [DragCubeSystem]: Drag cubes not found or cannot be read for part Part. Generating New drag cubes.
[LOG 18:01:41.358] [KSPCF/DragCubeGeneration] Creating drag cubes for part 'microEngine.v2'
[LOG 18:01:41.373] PartLoader: Compiling Part 'Squad/Parts/Engine/liquidEngineLV-909_v2/liquidEngineLV-909_v2/liquidEngine3_v2'
[LOG 18:01:41.384] PartLoader: Part 'Squad/Parts/Engine/liquidEngineLV-909_v2/liquidEngineLV-909_v2/liquidEngine3_v2' has no database record. Creating.
[LOG 18:01:41.384] [DragCubeSystem]: Drag cubes not found or cannot be read for part Part. Generating New drag cubes.
[LOG 18:01:41.384] [KSPCF/DragCubeGeneration] Creating drag cubes for part 'liquidEngine3.v2'
[LOG 18:01:41.413] PartLoader: Compiling Part 'Squad/Parts/Engine/liquidEngineLV-N/liquidEngineLV-N/nuclearEngine'
[LOG 18:01:41.420] PartLoader: Part 'Squad/Parts/Engine/liquidEngineLV-N/liquidEngineLV-N/nuclearEngine' has no database record. Creating.
[LOG 18:01:41.420] [DragCubeSystem]: Drag cubes not found or cannot be read for part Part. Generating New drag cubes.
[LOG 18:01:41.420] [KSPCF/DragCubeGeneration] Part 'nuclearEngine' has defined a procedural drag cube setup
[LOG 18:01:41.421] PartLoader: Compiling Part 'Squad/Parts/Engine/liquidEngineLV-T30/liquidEngineLV-T30/liquidEngine'
[LOG 18:01:41.428] PartLoader: Part 'Squad/Parts/Engine/liquidEngineLV-T30/liquidEngineLV-T30/liquidEngine' has no database record. Creating.
[LOG 18:01:41.428] [DragCubeSystem]: Drag cubes not found or cannot be read for part Part. Generating New drag cubes.
[LOG 18:01:41.428] [KSPCF/DragCubeGeneration] Creating drag cubes for part 'liquidEngine'
[LOG 18:01:41.441] PartLoader: Compiling Part 'Squad/Parts/Engine/liquidEngineLV-T30_v2/liquidEngineLV-T30_v2/liquidEngine_v2'
[LOG 18:01:41.448] PartLoader: Part 'Squad/Parts/Engine/liquidEngineLV-T30_v2/liquidEngineLV-T30_v2/liquidEngine_v2' has no database record. Creating.
[LOG 18:01:41.449] PartLoader: Compiling Part 'Squad/Parts/Engine/liquidEngineLV-T45/liquidEngineLV-T45/liquidEngine2'
[LOG 18:01:41.456] PartLoader: Part 'Squad/Parts/Engine/liquidEngineLV-T45/liquidEngineLV-T45/liquidEngine2' has no database record. Creating.
[LOG 18:01:41.456] [DragCubeSystem]: Drag cubes not found or cannot be read for part Part. Generating New drag cubes.
[LOG 18:01:41.456] [KSPCF/DragCubeGeneration] Creating drag cubes for part 'liquidEngine2'
[LOG 18:01:41.470] PartLoader: Compiling Part 'Squad/Parts/Engine/liquidEngineLV-T45_v2/liquidEngineLV-T45_v2/liquidEngine2_v2'
[LOG 18:01:41.481] PartLoader: Part 'Squad/Parts/Engine/liquidEngineLV-T45_v2/liquidEngineLV-T45_v2/liquidEngine2_v2' has no database record. Creating.
[LOG 18:01:41.483] PartLoader: Compiling Part 'Squad/Parts/Engine/liquidEngineMainsail_v2/liquidEngineMainsail_v2/liquidEngineMainsail_v2'
[LOG 18:01:41.507] PartLoader: Part 'Squad/Parts/Engine/liquidEngineMainsail_v2/liquidEngineMainsail_v2/liquidEngineMainsail_v2' has no database record. Creating.
[LOG 18:01:41.507] [DragCubeSystem]: Drag cubes not found or cannot be read for part Part. Generating New drag cubes.
[LOG 18:01:41.507] [KSPCF/DragCubeGeneration] Creating drag cubes for part 'liquidEngineMainsail.v2'
[LOG 18:01:41.541] PartLoader: Compiling Part 'Squad/Parts/Engine/liquidEngineMk55/liquidEngineMk55/radialLiquidEngine1-2'
[LOG 18:01:41.553] PartLoader: Part 'Squad/Parts/Engine/liquidEngineMk55/liquidEngineMk55/radialLiquidEngine1-2' has no database record. Creating.
[LOG 18:01:41.553] [DragCubeSystem]: Drag cubes not found or cannot be read for part Part. Generating New drag cubes.
[LOG 18:01:41.553] [KSPCF/DragCubeGeneration] Creating drag cubes for part 'radialLiquidEngine1-2'
[LOG 18:01:41.558] PartLoader: Compiling Part 'Squad/Parts/Engine/liquidEnginePoodle_v2/liquidEnginePoodle_v2/liquidEngine2-2_v2'
[LOG 18:01:41.570] PartLoader: Part 'Squad/Parts/Engine/liquidEnginePoodle_v2/liquidEnginePoodle_v2/liquidEngine2-2_v2' has no database record. Creating.
[LOG 18:01:41.571] PartLoader: Compiling Part 'Squad/Parts/Engine/liquidEngineSkipper_v2/skipperLiquidEngine_v2/engineLargeSkipper_v2'
[LOG 18:01:41.580] PartLoader: Part 'Squad/Parts/Engine/liquidEngineSkipper_v2/skipperLiquidEngine_v2/engineLargeSkipper_v2' has no database record. Creating.
[LOG 18:01:41.580] [DragCubeSystem]: Drag cubes not found or cannot be read for part Part. Generating New drag cubes.
[LOG 18:01:41.580] [KSPCF/DragCubeGeneration] Creating drag cubes for part 'engineLargeSkipper.v2'
[LOG 18:01:41.631] PartLoader: Compiling Part 'Squad/Parts/Engine/liquidEngineSSME/SSME/SSME'
[LOG 18:01:41.640] PartLoader: Part 'Squad/Parts/Engine/liquidEngineSSME/SSME/SSME' has no database record. Creating.
[LOG 18:01:41.640] [DragCubeSystem]: Drag cubes not found or cannot be read for part Part. Generating New drag cubes.
[LOG 18:01:41.640] [KSPCF/DragCubeGeneration] Creating drag cubes for part 'SSME'
[LOG 18:01:41.654] PartLoader: Compiling Part 'Squad/Parts/Engine/MassiveSRB/part/MassiveBooster'
[LOG 18:01:41.667] PartLoader: Part 'Squad/Parts/Engine/MassiveSRB/part/MassiveBooster' has no database record. Creating.
[LOG 18:01:41.667] [DragCubeSystem]: Drag cubes not found or cannot be read for part Part. Generating New drag cubes.
[LOG 18:01:41.667] [KSPCF/DragCubeGeneration] Creating drag cubes for part 'MassiveBooster'
[LOG 18:01:41.672] PartLoader: Compiling Part 'Squad/Parts/Engine/miniJet/SmallJetEngine/miniJetEngine'
[LOG 18:01:41.679] PartLoader: Part 'Squad/Parts/Engine/miniJet/SmallJetEngine/miniJetEngine' has no database record. Creating.
[LOG 18:01:41.679] [DragCubeSystem]: Drag cubes not found or cannot be read for part Part. Generating New drag cubes.
[LOG 18:01:41.679] [KSPCF/DragCubeGeneration] Creating drag cubes for part 'miniJetEngine'
[LOG 18:01:41.685] PartLoader: Compiling Part 'Squad/Parts/Engine/OMSEngine/omsEngine/omsEngine'
[LOG 18:01:41.691] PartLoader: Part 'Squad/Parts/Engine/OMSEngine/omsEngine/omsEngine' has no database record. Creating.
[LOG 18:01:41.692] [DragCubeSystem]: Drag cubes not found or cannot be read for part Part. Generating New drag cubes.
[LOG 18:01:41.692] [KSPCF/DragCubeGeneration] Creating drag cubes for part 'omsEngine'
[LOG 18:01:41.697] PartLoader: Compiling Part 'Squad/Parts/Engine/rapierEngine/rapierEngine/RAPIER'
[LOG 18:01:41.709] PartLoader: Part 'Squad/Parts/Engine/rapierEngine/rapierEngine/RAPIER' has no database record. Creating.
[LOG 18:01:41.709] [DragCubeSystem]: Drag cubes not found or cannot be read for part Part. Generating New drag cubes.
[LOG 18:01:41.709] [KSPCF/DragCubeGeneration] Creating drag cubes for part 'RAPIER'
[LOG 18:01:41.715] PartLoader: Compiling Part 'Squad/Parts/Engine/Size1_SRBs/solidBoosterRT-10_v2/solidBooster_v2'
[LOG 18:01:41.725] PartLoader: Part 'Squad/Parts/Engine/Size1_SRBs/solidBoosterRT-10_v2/solidBooster_v2' has no database record. Creating.
[LOG 18:01:41.725] [DragCubeSystem]: Drag cubes not found or cannot be read for part Part. Generating New drag cubes.
[LOG 18:01:41.725] [KSPCF/DragCubeGeneration] Creating drag cubes for part 'solidBooster.v2'
[LOG 18:01:41.738] PartLoader: Compiling Part 'Squad/Parts/Engine/Size1_SRBs/solidBoosterRT-5_v2/solidBooster_sm_v2'
[LOG 18:01:41.746] PartLoader: Part 'Squad/Parts/Engine/Size1_SRBs/solidBoosterRT-5_v2/solidBooster_sm_v2' has no database record. Creating.
[LOG 18:01:41.746] [DragCubeSystem]: Drag cubes not found or cannot be read for part Part. Generating New drag cubes.
[LOG 18:01:41.746] [KSPCF/DragCubeGeneration] Creating drag cubes for part 'solidBooster.sm.v2'
[LOG 18:01:41.763] PartLoader: Compiling Part 'Squad/Parts/Engine/Size2LFB/part/Size2LFB'
[LOG 18:01:41.775] PartLoader: Part 'Squad/Parts/Engine/Size2LFB/part/Size2LFB' has no database record. Creating.
[LOG 18:01:41.776] [DragCubeSystem]: Drag cubes not found or cannot be read for part Part. Generating New drag cubes.
[LOG 18:01:41.776] [KSPCF/DragCubeGeneration] Creating drag cubes for part 'Size2LFB'
[LOG 18:01:41.781] PartLoader: Compiling Part 'Squad/Parts/Engine/Size2LFB_v2/part/Size2LFB_v2'
[LOG 18:01:41.788] PartLoader: Part 'Squad/Parts/Engine/Size2LFB_v2/part/Size2LFB_v2' has no database record. Creating.
[LOG 18:01:41.788] [DragCubeSystem]: Drag cubes not found or cannot be read for part Part. Generating New drag cubes.
[LOG 18:01:41.788] [KSPCF/DragCubeGeneration] Creating drag cubes for part 'Size2LFB.v2'
[LOG 18:01:41.796] PartLoader: Compiling Part 'Squad/Parts/Engine/Size3AdvancedEngine/part/Size3AdvancedEngine'
[LOG 18:01:41.807] PartLoader: Part 'Squad/Parts/Engine/Size3AdvancedEngine/part/Size3AdvancedEngine' has no database record. Creating.
[LOG 18:01:41.807] [DragCubeSystem]: Drag cubes not found or cannot be read for part Part. Generating New drag cubes.
[LOG 18:01:41.807] [KSPCF/DragCubeGeneration] Creating drag cubes for part 'Size3AdvancedEngine'
[LOG 18:01:41.822] PartLoader: Compiling Part 'Squad/Parts/Engine/Size3EngineCluster/part/Size3EngineCluster'
[LOG 18:01:41.830] PartLoader: Part 'Squad/Parts/Engine/Size3EngineCluster/part/Size3EngineCluster' has no database record. Creating.
[LOG 18:01:41.830] [DragCubeSystem]: Drag cubes not found or cannot be read for part Part. Generating New drag cubes.
[LOG 18:01:41.830] [KSPCF/DragCubeGeneration] Creating drag cubes for part 'Size3EngineCluster'
[LOG 18:01:41.836] PartLoader: Compiling Part 'Squad/Parts/Engine/solidBoosterBACC/solidBoosterBACC/solidBooster1-1'
[LOG 18:01:41.844] PartLoader: Part 'Squad/Parts/Engine/solidBoosterBACC/solidBoosterBACC/solidBooster1-1' has no database record. Creating.
[LOG 18:01:41.844] [DragCubeSystem]: Drag cubes not found or cannot be read for part Part. Generating New drag cubes.
[LOG 18:01:41.844] [KSPCF/DragCubeGeneration] Creating drag cubes for part 'solidBooster1-1'
[LOG 18:01:41.849] PartLoader: Compiling Part 'Squad/Parts/Engine/solidBoosterS2-17/solidBoosterS2-17/Thoroughbred'
[LOG 18:01:41.882] PartLoader: Part 'Squad/Parts/Engine/solidBoosterS2-17/solidBoosterS2-17/Thoroughbred' has no database record. Creating.
[LOG 18:01:41.882] [DragCubeSystem]: Drag cubes not found or cannot be read for part Part. Generating New drag cubes.
[LOG 18:01:41.882] [KSPCF/DragCubeGeneration] Creating drag cubes for part 'Thoroughbred'
[LOG 18:01:41.888] PartLoader: Compiling Part 'Squad/Parts/Engine/solidBoosterS2-33/solidBoosterS2-33/Clydesdale'
[LOG 18:01:41.896] PartLoader: Part 'Squad/Parts/Engine/solidBoosterS2-33/solidBoosterS2-33/Clydesdale' has no database record. Creating.
[LOG 18:01:41.896] [DragCubeSystem]: Drag cubes not found or cannot be read for part Part. Generating New drag cubes.
[LOG 18:01:41.896] [KSPCF/DragCubeGeneration] Creating drag cubes for part 'Clydesdale'
[LOG 18:01:41.902] PartLoader: Compiling Part 'Squad/Parts/Engine/solidBoosterSep/solidBoosterSep/sepMotor1'
[LOG 18:01:41.907] [ModuleCargoPart]: Setting stackableQuantity to 1 as sepMotor1 contains resources
[LOG 18:01:41.911] PartLoader: Part 'Squad/Parts/Engine/solidBoosterSep/solidBoosterSep/sepMotor1' has no database record. Creating.
[LOG 18:01:41.911] [DragCubeSystem]: Drag cubes not found or cannot be read for part Part. Generating New drag cubes.
[LOG 18:01:41.911] [KSPCF/DragCubeGeneration] Creating drag cubes for part 'sepMotor1'
[LOG 18:01:41.918] PartLoader: Compiling Part 'Squad/Parts/Engine/SolidBoostersF/SolidBoosterF3S0/Shrimp'
[LOG 18:01:41.927] PartLoader: Part 'Squad/Parts/Engine/SolidBoostersF/SolidBoosterF3S0/Shrimp' has no database record. Creating.
[LOG 18:01:41.927] [DragCubeSystem]: Drag cubes not found or cannot be read for part Part. Generating New drag cubes.
[LOG 18:01:41.927] [KSPCF/DragCubeGeneration] Creating drag cubes for part 'Shrimp'
[LOG 18:01:41.933] PartLoader: Compiling Part 'Squad/Parts/Engine/SolidBoostersF/SolidBoosterFM1/Mite'
[LOG 18:01:41.942] PartLoader: Part 'Squad/Parts/Engine/SolidBoostersF/SolidBoosterFM1/Mite' has no database record. Creating.
[LOG 18:01:41.942] [DragCubeSystem]: Drag cubes not found or cannot be read for part Part. Generating New drag cubes.
[LOG 18:01:41.942] [KSPCF/DragCubeGeneration] Creating drag cubes for part 'Mite'
[LOG 18:01:41.947] PartLoader: Compiling Part 'Squad/Parts/FuelTank/adapterTanks/Mk3-Mk2/adapterMk3-Mk2'
[LOG 18:01:41.951] PartLoader: Part 'Squad/Parts/FuelTank/adapterTanks/Mk3-Mk2/adapterMk3-Mk2' has no database record. Creating.
[LOG 18:01:41.951] [DragCubeSystem]: Drag cubes not found or cannot be read for part Part. Generating New drag cubes.
[LOG 18:01:41.951] [KSPCF/DragCubeGeneration] Creating drag cubes for part 'adapterMk3-Mk2'
[LOG 18:01:41.956] PartLoader: Compiling Part 'Squad/Parts/FuelTank/adapterTanks/Mk3-ShuttleAdapter/adapterEngines'
[LOG 18:01:41.960] PartLoader: Part 'Squad/Parts/FuelTank/adapterTanks/Mk3-ShuttleAdapter/adapterEngines' has no database record. Creating.
[LOG 18:01:41.960] [DragCubeSystem]: Drag cubes not found or cannot be read for part Part. Generating New drag cubes.
[LOG 18:01:41.960] [KSPCF/DragCubeGeneration] Creating drag cubes for part 'adapterEngines'
[LOG 18:01:41.964] PartLoader: Compiling Part 'Squad/Parts/FuelTank/adapterTanks/Mk3-Size2/adapterMk3-Size2'
[LOG 18:01:41.968] PartLoader: Part 'Squad/Parts/FuelTank/adapterTanks/Mk3-Size2/adapterMk3-Size2' has no database record. Creating.
[LOG 18:01:41.968] [DragCubeSystem]: Drag cubes not found or cannot be read for part Part. Generating New drag cubes.
[LOG 18:01:41.968] [KSPCF/DragCubeGeneration] Creating drag cubes for part 'adapterMk3-Size2'
[LOG 18:01:41.973] PartLoader: Compiling Part 'Squad/Parts/FuelTank/adapterTanks/Mk3-Size2Slant/adapterMk3-Size2Slant'
[LOG 18:01:41.977] PartLoader: Part 'Squad/Parts/FuelTank/adapterTanks/Mk3-Size2Slant/adapterMk3-Size2Slant' has no database record. Creating.
[LOG 18:01:41.977] [DragCubeSystem]: Drag cubes not found or cannot be read for part Part. Generating New drag cubes.
[LOG 18:01:41.977] [KSPCF/DragCubeGeneration] Creating drag cubes for part 'adapterMk3-Size2Slant'
[LOG 18:01:41.983] PartLoader: Compiling Part 'Squad/Parts/FuelTank/adapterTanks/Size2-Mk2/adapterSize2-Mk2'
[LOG 18:01:41.989] PartLoader: Part 'Squad/Parts/FuelTank/adapterTanks/Size2-Mk2/adapterSize2-Mk2' has no database record. Creating.
[LOG 18:01:41.989] [DragCubeSystem]: Drag cubes not found or cannot be read for part Part. Generating New drag cubes.
[LOG 18:01:41.989] [KSPCF/DragCubeGeneration] Creating drag cubes for part 'adapterSize2-Mk2'
[LOG 18:01:41.993] PartLoader: Compiling Part 'Squad/Parts/FuelTank/adapterTanks/Size2-Size1/adapterSize2-Size1'
[LOG 18:01:41.997] PartLoader: Part 'Squad/Parts/FuelTank/adapterTanks/Size2-Size1/adapterSize2-Size1' has no database record. Creating.
[LOG 18:01:41.997] [DragCubeSystem]: Drag cubes not found or cannot be read for part Part. Generating New drag cubes.
[LOG 18:01:41.997] [KSPCF/DragCubeGeneration] Creating drag cubes for part 'adapterSize2-Size1'
[LOG 18:01:42.003] PartLoader: Compiling Part 'Squad/Parts/FuelTank/adapterTanks/Size2-Size1Slant/adapterSize2-Size1Slant'
[LOG 18:01:42.006] PartLoader: Part 'Squad/Parts/FuelTank/adapterTanks/Size2-Size1Slant/adapterSize2-Size1Slant' has no database record. Creating.
[LOG 18:01:42.006] [DragCubeSystem]: Drag cubes not found or cannot be read for part Part. Generating New drag cubes.
[LOG 18:01:42.006] [KSPCF/DragCubeGeneration] Creating drag cubes for part 'adapterSize2-Size1Slant'
[LOG 18:01:42.012] PartLoader: Compiling Part 'Squad/Parts/FuelTank/adapterTanks/Size3-Mk3/adapterSize3-Mk3'
[LOG 18:01:42.015] PartLoader: Part 'Squad/Parts/FuelTank/adapterTanks/Size3-Mk3/adapterSize3-Mk3' has no database record. Creating.
[LOG 18:01:42.015] [DragCubeSystem]: Drag cubes not found or cannot be read for part Part. Generating New drag cubes.
[LOG 18:01:42.015] [KSPCF/DragCubeGeneration] Creating drag cubes for part 'adapterSize3-Mk3'
[LOG 18:01:42.019] PartLoader: Compiling Part 'Squad/Parts/FuelTank/drainTankFTE-1/ReleaseValve/ReleaseValve'
[LOG 18:01:42.053] PartLoader: Part 'Squad/Parts/FuelTank/drainTankFTE-1/ReleaseValve/ReleaseValve' has no database record. Creating.
[LOG 18:01:42.053] [DragCubeSystem]: Drag cubes not found or cannot be read for part Part. Generating New drag cubes.
[LOG 18:01:42.053] [KSPCF/DragCubeGeneration] Creating drag cubes for part 'ReleaseValve'
[LOG 18:01:42.057] PartLoader: Compiling Part 'Squad/Parts/FuelTank/FoilTanks/RadialTank_Capsule/externalTankCapsule'
[LOG 18:01:42.061] PartLoader: Part 'Squad/Parts/FuelTank/FoilTanks/RadialTank_Capsule/externalTankCapsule' has no database record. Creating.
[LOG 18:01:42.061] [DragCubeSystem]: Drag cubes not found or cannot be read for part Part. Generating New drag cubes.
[LOG 18:01:42.061] [KSPCF/DragCubeGeneration] Creating drag cubes for part 'externalTankCapsule'
[LOG 18:01:42.066] PartLoader: Compiling Part 'Squad/Parts/FuelTank/FoilTanks/RadialTank_Round/externalTankRound'
[LOG 18:01:42.069] PartLoader: Part 'Squad/Parts/FuelTank/FoilTanks/RadialTank_Round/externalTankRound' has no database record. Creating.
[LOG 18:01:42.069] [DragCubeSystem]: Drag cubes not found or cannot be read for part Part. Generating New drag cubes.
[LOG 18:01:42.069] [KSPCF/DragCubeGeneration] Creating drag cubes for part 'externalTankRound'
[LOG 18:01:42.074] PartLoader: Compiling Part 'Squad/Parts/FuelTank/FoilTanks/ToroidTank/externalTankToroid'
[LOG 18:01:42.077] PartLoader: Part 'Squad/Parts/FuelTank/FoilTanks/ToroidTank/externalTankToroid' has no database record. Creating.
[LOG 18:01:42.077] [DragCubeSystem]: Drag cubes not found or cannot be read for part Part. Generating New drag cubes.
[LOG 18:01:42.077] [KSPCF/DragCubeGeneration] Creating drag cubes for part 'externalTankToroid'
[LOG 18:01:42.082] PartLoader: Compiling Part 'Squad/Parts/FuelTank/fuelTankOscarB/fuelTankOscarB/miniFuelTank'
[LOG 18:01:42.086] PartLoader: Part 'Squad/Parts/FuelTank/fuelTankOscarB/fuelTankOscarB/miniFuelTank' has no database record. Creating.
[LOG 18:01:42.087] [DragCubeSystem]: Drag cubes not found or cannot be read for part Part. Generating New drag cubes.
[LOG 18:01:42.087] [KSPCF/DragCubeGeneration] Creating drag cubes for part 'miniFuelTank'
[LOG 18:01:42.092] PartLoader: Compiling Part 'Squad/Parts/FuelTank/miniFuselage/miniFuselage/miniFuselage'
[LOG 18:01:42.095] PartLoader: Part 'Squad/Parts/FuelTank/miniFuselage/miniFuselage/miniFuselage' has no database record. Creating.
[LOG 18:01:42.095] [DragCubeSystem]: Drag cubes not found or cannot be read for part Part. Generating New drag cubes.
[LOG 18:01:42.095] [KSPCF/DragCubeGeneration] Creating drag cubes for part 'miniFuselage'
[LOG 18:01:42.100] PartLoader: Compiling Part 'Squad/Parts/FuelTank/mk2Adapters/bicoupler/mk2_1m_Bicoupler'
[LOG 18:01:42.104] PartLoader: Part 'Squad/Parts/FuelTank/mk2Adapters/bicoupler/mk2_1m_Bicoupler' has no database record. Creating.
[LOG 18:01:42.104] [DragCubeSystem]: Drag cubes not found or cannot be read for part Part. Generating New drag cubes.
[LOG 18:01:42.104] [KSPCF/DragCubeGeneration] Creating drag cubes for part 'mk2.1m.Bicoupler'
[LOG 18:01:42.110] PartLoader: Compiling Part 'Squad/Parts/FuelTank/mk2Adapters/long/mk2_1m_AdapterLong'
[LOG 18:01:42.114] PartLoader: Part 'Squad/Parts/FuelTank/mk2Adapters/long/mk2_1m_AdapterLong' has no database record. Creating.
[LOG 18:01:42.114] [DragCubeSystem]: Drag cubes not found or cannot be read for part Part. Generating New drag cubes.
[LOG 18:01:42.114] [KSPCF/DragCubeGeneration] Creating drag cubes for part 'mk2.1m.AdapterLong'
[LOG 18:01:42.119] PartLoader: Compiling Part 'Squad/Parts/FuelTank/mk2Adapters/standard/mk2SpacePlaneAdapter'
[LOG 18:01:42.123] PartLoader: Part 'Squad/Parts/FuelTank/mk2Adapters/standard/mk2SpacePlaneAdapter' has no database record. Creating.
[LOG 18:01:42.123] [DragCubeSystem]: Drag cubes not found or cannot be read for part Part. Generating New drag cubes.
[LOG 18:01:42.123] [KSPCF/DragCubeGeneration] Creating drag cubes for part 'mk2SpacePlaneAdapter'
[LOG 18:01:42.128] PartLoader: Compiling Part 'Squad/Parts/FuelTank/mk2FuselageLong/LFO_long/mk2FuselageLongLFO'
[LOG 18:01:42.131] PartLoader: Part 'Squad/Parts/FuelTank/mk2FuselageLong/LFO_long/mk2FuselageLongLFO' has no database record. Creating.
[LOG 18:01:42.131] [DragCubeSystem]: Drag cubes not found or cannot be read for part Part. Generating New drag cubes.
[LOG 18:01:42.131] [KSPCF/DragCubeGeneration] Creating drag cubes for part 'mk2FuselageLongLFO'
[LOG 18:01:42.136] PartLoader: Compiling Part 'Squad/Parts/FuelTank/mk2FuselageLong/L_long/mk2Fuselage'
[LOG 18:01:42.140] PartLoader: Part 'Squad/Parts/FuelTank/mk2FuselageLong/L_long/mk2Fuselage' has no database record. Creating.
[LOG 18:01:42.140] [DragCubeSystem]: Drag cubes not found or cannot be read for part Part. Generating New drag cubes.
[LOG 18:01:42.140] [KSPCF/DragCubeGeneration] Creating drag cubes for part 'mk2Fuselage'
[LOG 18:01:42.145] PartLoader: Compiling Part 'Squad/Parts/FuelTank/mk2FuselageShort/LFO_short/mk2FuselageShortLFO'
[LOG 18:01:42.148] PartLoader: Part 'Squad/Parts/FuelTank/mk2FuselageShort/LFO_short/mk2FuselageShortLFO' has no database record. Creating.
[LOG 18:01:42.149] [DragCubeSystem]: Drag cubes not found or cannot be read for part Part. Generating New drag cubes.
[LOG 18:01:42.149] [KSPCF/DragCubeGeneration] Creating drag cubes for part 'mk2FuselageShortLFO'
[LOG 18:01:42.153] PartLoader: Compiling Part 'Squad/Parts/FuelTank/mk2FuselageShort/L_short/mk2FuselageShortLiquid'
[LOG 18:01:42.159] PartLoader: Part 'Squad/Parts/FuelTank/mk2FuselageShort/L_short/mk2FuselageShortLiquid' has no database record. Creating.
[LOG 18:01:42.159] [DragCubeSystem]: Drag cubes not found or cannot be read for part Part. Generating New drag cubes.
[LOG 18:01:42.159] [KSPCF/DragCubeGeneration] Creating drag cubes for part 'mk2FuselageShortLiquid'
[LOG 18:01:42.164] PartLoader: Compiling Part 'Squad/Parts/FuelTank/mk2FuselageShort/Mono_short/mk2FuselageShortMono'
[LOG 18:01:42.167] PartLoader: Part 'Squad/Parts/FuelTank/mk2FuselageShort/Mono_short/mk2FuselageShortMono' has no database record. Creating.
[LOG 18:01:42.167] [DragCubeSystem]: Drag cubes not found or cannot be read for part Part. Generating New drag cubes.
[LOG 18:01:42.167] [KSPCF/DragCubeGeneration] Creating drag cubes for part 'mk2FuselageShortMono'
[LOG 18:01:42.172] PartLoader: Compiling Part 'Squad/Parts/FuelTank/mk3Fuselage/CREW/mk3CrewCabin'
[LOG 18:01:42.178] PartLoader: Part 'Squad/Parts/FuelTank/mk3Fuselage/CREW/mk3CrewCabin' has no database record. Creating.
[LOG 18:01:42.178] [DragCubeSystem]: Drag cubes not found or cannot be read for part Part. Generating New drag cubes.
[LOG 18:01:42.178] [KSPCF/DragCubeGeneration] Creating drag cubes for part 'mk3CrewCabin'
[LOG 18:01:42.184] PartLoader: Compiling Part 'Squad/Parts/FuelTank/mk3Fuselage/LFO_100/mk3FuselageLFO_100'
[LOG 18:01:42.186] PartLoader: Part 'Squad/Parts/FuelTank/mk3Fuselage/LFO_100/mk3FuselageLFO_100' has no database record. Creating.
[LOG 18:01:42.186] [DragCubeSystem]: Drag cubes not found or cannot be read for part Part. Generating New drag cubes.
[LOG 18:01:42.186] [KSPCF/DragCubeGeneration] Creating drag cubes for part 'mk3FuselageLFO.100'
[LOG 18:01:42.193] PartLoader: Compiling Part 'Squad/Parts/FuelTank/mk3Fuselage/LFO_25/mk3FuselageLFO_25'
[LOG 18:01:42.196] PartLoader: Part 'Squad/Parts/FuelTank/mk3Fuselage/LFO_25/mk3FuselageLFO_25' has no database record. Creating.
[LOG 18:01:42.196] [DragCubeSystem]: Drag cubes not found or cannot be read for part Part. Generating New drag cubes.
[LOG 18:01:42.196] [KSPCF/DragCubeGeneration] Creating drag cubes for part 'mk3FuselageLFO.25'
[LOG 18:01:42.202] PartLoader: Compiling Part 'Squad/Parts/FuelTank/mk3Fuselage/LFO_50/mk3FuselageLFO_50'
[LOG 18:01:42.204] PartLoader: Part 'Squad/Parts/FuelTank/mk3Fuselage/LFO_50/mk3FuselageLFO_50' has no database record. Creating.
[LOG 18:01:42.204] [DragCubeSystem]: Drag cubes not found or cannot be read for part Part. Generating New drag cubes.
[LOG 18:01:42.204] [KSPCF/DragCubeGeneration] Creating drag cubes for part 'mk3FuselageLFO.50'
[LOG 18:01:42.210] PartLoader: Compiling Part 'Squad/Parts/FuelTank/mk3Fuselage/LF_100/mk3FuselageLF_100'
[LOG 18:01:42.212] PartLoader: Part 'Squad/Parts/FuelTank/mk3Fuselage/LF_100/mk3FuselageLF_100' has no database record. Creating.
[LOG 18:01:42.212] [DragCubeSystem]: Drag cubes not found or cannot be read for part Part. Generating New drag cubes.
[LOG 18:01:42.212] [KSPCF/DragCubeGeneration] Creating drag cubes for part 'mk3FuselageLF.100'
[LOG 18:01:42.217] PartLoader: Compiling Part 'Squad/Parts/FuelTank/mk3Fuselage/LF_25/mk3FuselageLF_25'
[LOG 18:01:42.220] PartLoader: Part 'Squad/Parts/FuelTank/mk3Fuselage/LF_25/mk3FuselageLF_25' has no database record. Creating.
[LOG 18:01:42.220] [DragCubeSystem]: Drag cubes not found or cannot be read for part Part. Generating New drag cubes.
[LOG 18:01:42.220] [KSPCF/DragCubeGeneration] Creating drag cubes for part 'mk3FuselageLF.25'
[LOG 18:01:42.225] PartLoader: Compiling Part 'Squad/Parts/FuelTank/mk3Fuselage/LF_50/mk3FuselageLF_50'
[LOG 18:01:42.228] PartLoader: Part 'Squad/Parts/FuelTank/mk3Fuselage/LF_50/mk3FuselageLF_50' has no database record. Creating.
[LOG 18:01:42.228] [DragCubeSystem]: Drag cubes not found or cannot be read for part Part. Generating New drag cubes.
[LOG 18:01:42.228] [KSPCF/DragCubeGeneration] Creating drag cubes for part 'mk3FuselageLF.50'
[LOG 18:01:42.232] PartLoader: Compiling Part 'Squad/Parts/FuelTank/mk3Fuselage/MONO/mk3FuselageMONO'
[LOG 18:01:42.236] PartLoader: Part 'Squad/Parts/FuelTank/mk3Fuselage/MONO/mk3FuselageMONO' has no database record. Creating.
[LOG 18:01:42.236] [DragCubeSystem]: Drag cubes not found or cannot be read for part Part. Generating New drag cubes.
[LOG 18:01:42.236] [KSPCF/DragCubeGeneration] Creating drag cubes for part 'mk3FuselageMONO'
[LOG 18:01:42.242] PartLoader: Compiling Part 'Squad/Parts/FuelTank/RCSFuelTankR1/RCSFuelTankR1/RCSTank1-2'
[LOG 18:01:42.245] PartLoader: Part 'Squad/Parts/FuelTank/RCSFuelTankR1/RCSFuelTankR1/RCSTank1-2' has no database record. Creating.
[LOG 18:01:42.245] [DragCubeSystem]: Drag cubes not found or cannot be read for part Part. Generating New drag cubes.
[LOG 18:01:42.245] [KSPCF/DragCubeGeneration] Creating drag cubes for part 'RCSTank1-2'
[LOG 18:01:42.251] PartLoader: Compiling Part 'Squad/Parts/FuelTank/RCSFuelTankR10/RCSFuelTankR10/rcsTankMini'
[LOG 18:01:42.255] PartLoader: Part 'Squad/Parts/FuelTank/RCSFuelTankR10/RCSFuelTankR10/rcsTankMini' has no database record. Creating.
[LOG 18:01:42.255] [DragCubeSystem]: Drag cubes not found or cannot be read for part Part. Generating New drag cubes.
[LOG 18:01:42.255] [KSPCF/DragCubeGeneration] Creating drag cubes for part 'rcsTankMini'
[LOG 18:01:42.260] PartLoader: Compiling Part 'Squad/Parts/FuelTank/RCSFuelTankR25/RCSFuelTankR25/RCSFuelTank'
[LOG 18:01:42.264] PartLoader: Part 'Squad/Parts/FuelTank/RCSFuelTankR25/RCSFuelTankR25/RCSFuelTank' has no database record. Creating.
[LOG 18:01:42.264] [DragCubeSystem]: Drag cubes not found or cannot be read for part Part. Generating New drag cubes.
[LOG 18:01:42.264] [KSPCF/DragCubeGeneration] Creating drag cubes for part 'RCSFuelTank'
[LOG 18:01:42.269] PartLoader: Compiling Part 'Squad/Parts/FuelTank/RCSTankRadial/radialRCSTank/radialRCSTank'
[LOG 18:01:42.273] PartLoader: Part 'Squad/Parts/FuelTank/RCSTankRadial/radialRCSTank/radialRCSTank' has no database record. Creating.
[LOG 18:01:42.273] [DragCubeSystem]: Drag cubes not found or cannot be read for part Part. Generating New drag cubes.
[LOG 18:01:42.273] [KSPCF/DragCubeGeneration] Creating drag cubes for part 'radialRCSTank'
[LOG 18:01:42.279] PartLoader: Compiling Part 'Squad/Parts/FuelTank/RCStankRadialLong/RCSTankRadialLong/rcsTankRadialLong'
[LOG 18:01:42.283] PartLoader: Part 'Squad/Parts/FuelTank/RCStankRadialLong/RCSTankRadialLong/rcsTankRadialLong' has no database record. Creating.
[LOG 18:01:42.283] [DragCubeSystem]: Drag cubes not found or cannot be read for part Part. Generating New drag cubes.
[LOG 18:01:42.283] [KSPCF/DragCubeGeneration] Creating drag cubes for part 'rcsTankRadialLong'
[LOG 18:01:42.288] PartLoader: Compiling Part 'Squad/Parts/FuelTank/RockomaxTanks/Rockomax16/Rockomax16_BW'
[LOG 18:01:42.291] PartLoader: Part 'Squad/Parts/FuelTank/RockomaxTanks/Rockomax16/Rockomax16_BW' has no database record. Creating.
[LOG 18:01:42.292] [DragCubeSystem]: Drag cubes not found or cannot be read for part Part. Generating New drag cubes.
[LOG 18:01:42.292] [KSPCF/DragCubeGeneration] Creating drag cubes for part 'Rockomax16.BW'
[LOG 18:01:42.296] PartLoader: Compiling Part 'Squad/Parts/FuelTank/RockomaxTanks/Rockomax32/Rockomax32_BW'
[LOG 18:01:42.301] PartLoader: Part 'Squad/Parts/FuelTank/RockomaxTanks/Rockomax32/Rockomax32_BW' has no database record. Creating.
[LOG 18:01:42.301] [DragCubeSystem]: Drag cubes not found or cannot be read for part Part. Generating New drag cubes.
[LOG 18:01:42.301] [KSPCF/DragCubeGeneration] Creating drag cubes for part 'Rockomax32.BW'
[LOG 18:01:42.319] PartLoader: Compiling Part 'Squad/Parts/FuelTank/RockomaxTanks/Rockomax64/Rockomax64_BW'
[LOG 18:01:42.322] PartLoader: Part 'Squad/Parts/FuelTank/RockomaxTanks/Rockomax64/Rockomax64_BW' has no database record. Creating.
[LOG 18:01:42.322] [DragCubeSystem]: Drag cubes not found or cannot be read for part Part. Generating New drag cubes.
[LOG 18:01:42.322] [KSPCF/DragCubeGeneration] Creating drag cubes for part 'Rockomax64.BW'
[LOG 18:01:42.332] PartLoader: Compiling Part 'Squad/Parts/FuelTank/RockomaxTanks/Rockomax8/Rockomax8BW'
[LOG 18:01:42.335] PartLoader: Part 'Squad/Parts/FuelTank/RockomaxTanks/Rockomax8/Rockomax8BW' has no database record. Creating.
[LOG 18:01:42.335] [DragCubeSystem]: Drag cubes not found or cannot be read for part Part. Generating New drag cubes.
[LOG 18:01:42.335] [KSPCF/DragCubeGeneration] Creating drag cubes for part 'Rockomax8BW'
[LOG 18:01:42.345] PartLoader: Compiling Part 'Squad/Parts/FuelTank/Size1_Tanks/fuelTankT100/fuelTankSmallFlat'
[LOG 18:01:42.348] PartLoader: Part 'Squad/Parts/FuelTank/Size1_Tanks/fuelTankT100/fuelTankSmallFlat' has no database record. Creating.
[LOG 18:01:42.348] [DragCubeSystem]: Drag cubes not found or cannot be read for part Part. Generating New drag cubes.
[LOG 18:01:42.348] [KSPCF/DragCubeGeneration] Creating drag cubes for part 'fuelTankSmallFlat'
[LOG 18:01:42.352] PartLoader: Compiling Part 'Squad/Parts/FuelTank/Size1_Tanks/fuelTankT200/fuelTankSmall'
[LOG 18:01:42.356] PartLoader: Part 'Squad/Parts/FuelTank/Size1_Tanks/fuelTankT200/fuelTankSmall' has no database record. Creating.
[LOG 18:01:42.356] [DragCubeSystem]: Drag cubes not found or cannot be read for part Part. Generating New drag cubes.
[LOG 18:01:42.356] [KSPCF/DragCubeGeneration] Creating drag cubes for part 'fuelTankSmall'
[LOG 18:01:42.362] PartLoader: Compiling Part 'Squad/Parts/FuelTank/Size1_Tanks/fuelTankT400/fuelTank'
[LOG 18:01:42.365] PartLoader: Part 'Squad/Parts/FuelTank/Size1_Tanks/fuelTankT400/fuelTank' has no database record. Creating.
[LOG 18:01:42.365] [DragCubeSystem]: Drag cubes not found or cannot be read for part Part. Generating New drag cubes.
[LOG 18:01:42.365] [KSPCF/DragCubeGeneration] Creating drag cubes for part 'fuelTank'
[LOG 18:01:42.370] PartLoader: Compiling Part 'Squad/Parts/FuelTank/Size1_Tanks/fuelTankT800/fuelTank_long'
[LOG 18:01:42.373] PartLoader: Part 'Squad/Parts/FuelTank/Size1_Tanks/fuelTankT800/fuelTank_long' has no database record. Creating.
[LOG 18:01:42.373] [DragCubeSystem]: Drag cubes not found or cannot be read for part Part. Generating New drag cubes.
[LOG 18:01:42.373] [KSPCF/DragCubeGeneration] Creating drag cubes for part 'fuelTank.long'
[LOG 18:01:42.378] PartLoader: Compiling Part 'Squad/Parts/FuelTank/Size3Tanks/large/Size3LargeTank'
[LOG 18:01:42.381] PartLoader: Part 'Squad/Parts/FuelTank/Size3Tanks/large/Size3LargeTank' has no database record. Creating.
[LOG 18:01:42.381] [DragCubeSystem]: Drag cubes not found or cannot be read for part Part. Generating New drag cubes.
[LOG 18:01:42.381] [KSPCF/DragCubeGeneration] Creating drag cubes for part 'Size3LargeTank'
[LOG 18:01:42.385] PartLoader: Compiling Part 'Squad/Parts/FuelTank/Size3Tanks/medium/Size3MediumTank'
[LOG 18:01:42.387] PartLoader: Part 'Squad/Parts/FuelTank/Size3Tanks/medium/Size3MediumTank' has no database record. Creating.
[LOG 18:01:42.387] [DragCubeSystem]: Drag cubes not found or cannot be read for part Part. Generating New drag cubes.
[LOG 18:01:42.387] [KSPCF/DragCubeGeneration] Creating drag cubes for part 'Size3MediumTank'
[LOG 18:01:42.392] PartLoader: Compiling Part 'Squad/Parts/FuelTank/Size3Tanks/small/Size3SmallTank'
[LOG 18:01:42.395] PartLoader: Part 'Squad/Parts/FuelTank/Size3Tanks/small/Size3SmallTank' has no database record. Creating.
[LOG 18:01:42.395] [DragCubeSystem]: Drag cubes not found or cannot be read for part Part. Generating New drag cubes.
[LOG 18:01:42.395] [KSPCF/DragCubeGeneration] Creating drag cubes for part 'Size3SmallTank'
[LOG 18:01:42.399] PartLoader: Compiling Part 'Squad/Parts/FuelTank/xenonTank/xenonTank/xenonTank'
[LOG 18:01:42.401] PartLoader: Part 'Squad/Parts/FuelTank/xenonTank/xenonTank/xenonTank' has no database record. Creating.
[LOG 18:01:42.401] [DragCubeSystem]: Drag cubes not found or cannot be read for part Part. Generating New drag cubes.
[LOG 18:01:42.401] [KSPCF/DragCubeGeneration] Creating drag cubes for part 'xenonTank'
[LOG 18:01:42.405] PartLoader: Compiling Part 'Squad/Parts/FuelTank/xenonTankLarge/xenonTankLarge/xenonTankLarge'
[LOG 18:01:42.408] PartLoader: Part 'Squad/Parts/FuelTank/xenonTankLarge/xenonTankLarge/xenonTankLarge' has no database record. Creating.
[LOG 18:01:42.408] [DragCubeSystem]: Drag cubes not found or cannot be read for part Part. Generating New drag cubes.
[LOG 18:01:42.408] [KSPCF/DragCubeGeneration] Creating drag cubes for part 'xenonTankLarge'
[LOG 18:01:42.413] PartLoader: Compiling Part 'Squad/Parts/FuelTank/xenonTankRadial/xenonTankRadial/xenonTankRadial'
[LOG 18:01:42.416] PartLoader: Part 'Squad/Parts/FuelTank/xenonTankRadial/xenonTankRadial/xenonTankRadial' has no database record. Creating.
[LOG 18:01:42.416] [DragCubeSystem]: Drag cubes not found or cannot be read for part Part. Generating New drag cubes.
[LOG 18:01:42.416] [KSPCF/DragCubeGeneration] Creating drag cubes for part 'xenonTankRadial'
[LOG 18:01:42.420] PartLoader: Compiling Part 'Squad/Parts/Misc/AsteroidDay/CamSat/InfraredTelescope'
[LOG 18:01:42.426] PartLoader: Part 'Squad/Parts/Misc/AsteroidDay/CamSat/InfraredTelescope' has no database record. Creating.
[LOG 18:01:42.426] [DragCubeSystem]: Drag cubes not found or cannot be read for part Part. Generating New drag cubes.
[LOG 18:01:42.426] [KSPCF/DragCubeGeneration] Creating drag cubes for part 'InfraredTelescope'
[LOG 18:01:42.430] PartLoader: Compiling Part 'Squad/Parts/Misc/AsteroidDay/HECS2/HECS2_ProbeCore'
[LOG 18:01:42.439] PartLoader: Part 'Squad/Parts/Misc/AsteroidDay/HECS2/HECS2_ProbeCore' has no database record. Creating.
[LOG 18:01:42.439] [DragCubeSystem]: Drag cubes not found or cannot be read for part Part. Generating New drag cubes.
[LOG 18:01:42.439] [KSPCF/DragCubeGeneration] Creating drag cubes for part 'HECS2.ProbeCore'
[LOG 18:01:42.444] PartLoader: Compiling Part 'Squad/Parts/Misc/AsteroidDay/HighGainAntenna/HighGainAntenna'
[LOG 18:01:42.453] PartLoader: Part 'Squad/Parts/Misc/AsteroidDay/HighGainAntenna/HighGainAntenna' has no database record. Creating.
[LOG 18:01:42.453] [DragCubeSystem]: Drag cubes not found or cannot be read for part Part. Generating New drag cubes.
[LOG 18:01:42.453] [KSPCF/DragCubeGeneration] Creating drag cubes for part 'HighGainAntenna'
[LOG 18:01:42.465] PartLoader: Compiling Part 'Squad/Parts/Misc/AsteroidDay/LgRadialSolar/LgRadialSolarPanel'
[LOG 18:01:42.469] PartLoader: Part 'Squad/Parts/Misc/AsteroidDay/LgRadialSolar/LgRadialSolarPanel' has no database record. Creating.
[LOG 18:01:42.469] [DragCubeSystem]: Drag cubes not found or cannot be read for part Part. Generating New drag cubes.
[LOG 18:01:42.469] [KSPCF/DragCubeGeneration] Creating drag cubes for part 'LgRadialSolarPanel'
[LOG 18:01:42.476] PartLoader: Compiling Part 'Squad/Parts/Misc/PotatoComet/part/PotatoComet'
[LOG 18:01:42.488] PartLoader: Part 'Squad/Parts/Misc/PotatoComet/part/PotatoComet' has no database record. Creating.
[LOG 18:01:42.488] PartLoader: Compiling Part 'Squad/Parts/Misc/PotatoRoid/part/PotatoRoid'
[LOG 18:01:42.502] PartLoader: Part 'Squad/Parts/Misc/PotatoRoid/part/PotatoRoid' has no database record. Creating.
[LOG 18:01:42.503] PartLoader: Compiling Part 'Squad/Parts/Prebuilt/flag/flag'
[LOG 18:01:42.507] PartLoader: Compiling Part 'Squad/Parts/Prebuilt/kerbalEVA/kerbalEVA'
[LOG 18:01:42.525] PartLoader: Compiling Part 'Squad/Parts/Prebuilt/kerbalEVAfemale/kerbalEVAfemale'
[LOG 18:01:42.532] PartLoader: Compiling Part 'Squad/Parts/Prebuilt/kerbalEVASlimSuit/kerbalEVASlimSuit'
[LOG 18:01:42.538] PartLoader: Compiling Part 'Squad/Parts/Prebuilt/kerbalEVASlimSuitFemale/kerbalEVASlimSuitFemale'
[LOG 18:01:42.545] PartLoader: Compiling Part 'Squad/Parts/Resources/FuelCell/FuelCell/FuelCell'
[LOG 18:01:42.558] PartLoader: Part 'Squad/Parts/Resources/FuelCell/FuelCell/FuelCell' has no database record. Creating.
[LOG 18:01:42.558] [DragCubeSystem]: Drag cubes not found or cannot be read for part Part. Generating New drag cubes.
[LOG 18:01:42.558] [KSPCF/DragCubeGeneration] Creating drag cubes for part 'FuelCell'
[LOG 18:01:42.564] PartLoader: Compiling Part 'Squad/Parts/Resources/FuelCell/FuelCellArray/FuelCellArray'
[LOG 18:01:42.568] PartLoader: Part 'Squad/Parts/Resources/FuelCell/FuelCellArray/FuelCellArray' has no database record. Creating.
[LOG 18:01:42.568] [DragCubeSystem]: Drag cubes not found or cannot be read for part Part. Generating New drag cubes.
[LOG 18:01:42.568] [KSPCF/DragCubeGeneration] Creating drag cubes for part 'FuelCellArray'
[LOG 18:01:42.573] PartLoader: Compiling Part 'Squad/Parts/Resources/ISRU/ISRU/ISRU'
[LOG 18:01:42.581] PartLoader: Part 'Squad/Parts/Resources/ISRU/ISRU/ISRU' has no database record. Creating.
[LOG 18:01:42.581] [DragCubeSystem]: Drag cubes not found or cannot be read for part Part. Generating New drag cubes.
[LOG 18:01:42.581] [KSPCF/DragCubeGeneration] Creating drag cubes for part 'ISRU'
[LOG 18:01:42.595] PartLoader: Compiling Part 'Squad/Parts/Resources/LargeTank/LargeTank/LargeTank'
[LOG 18:01:42.601] PartLoader: Part 'Squad/Parts/Resources/LargeTank/LargeTank/LargeTank' has no database record. Creating.
[LOG 18:01:42.601] [DragCubeSystem]: Drag cubes not found or cannot be read for part Part. Generating New drag cubes.
[LOG 18:01:42.601] [KSPCF/DragCubeGeneration] Creating drag cubes for part 'LargeTank'
[LOG 18:01:42.606] PartLoader: Compiling Part 'Squad/Parts/Resources/MiniDrill/MiniDrill/MiniDrill'
[LOG 18:01:42.625] PartLoader: Part 'Squad/Parts/Resources/MiniDrill/MiniDrill/MiniDrill' has no database record. Creating.
[LOG 18:01:42.625] [DragCubeSystem]: Drag cubes not found or cannot be read for part Part. Generating New drag cubes.
[LOG 18:01:42.625] [KSPCF/DragCubeGeneration] Creating drag cubes for part 'MiniDrill'
[LOG 18:01:42.652] PartLoader: Compiling Part 'Squad/Parts/Resources/MiniISRU/MiniISRU/MiniISRU'
[LOG 18:01:42.660] PartLoader: Part 'Squad/Parts/Resources/MiniISRU/MiniISRU/MiniISRU' has no database record. Creating.
[LOG 18:01:42.660] [DragCubeSystem]: Drag cubes not found or cannot be read for part Part. Generating New drag cubes.
[LOG 18:01:42.660] [KSPCF/DragCubeGeneration] Creating drag cubes for part 'MiniISRU'
[LOG 18:01:42.666] PartLoader: Compiling Part 'Squad/Parts/Resources/OrbitalScanner/OrbitalScanner/OrbitalScanner'
[LOG 18:01:42.677] PartLoader: Part 'Squad/Parts/Resources/OrbitalScanner/OrbitalScanner/OrbitalScanner' has no database record. Creating.
[LOG 18:01:42.677] [DragCubeSystem]: Drag cubes not found or cannot be read for part Part. Generating New drag cubes.
[LOG 18:01:42.677] [KSPCF/DragCubeGeneration] Creating drag cubes for part 'OrbitalScanner'
[LOG 18:01:42.689] PartLoader: Compiling Part 'Squad/Parts/Resources/RadialDrill/RadialDrill/RadialDrill'
[LOG 18:01:42.696] PartLoader: Part 'Squad/Parts/Resources/RadialDrill/RadialDrill/RadialDrill' has no database record. Creating.
[LOG 18:01:42.696] [DragCubeSystem]: Drag cubes not found or cannot be read for part Part. Generating New drag cubes.
[LOG 18:01:42.696] [KSPCF/DragCubeGeneration] Creating drag cubes for part 'RadialDrill'
[LOG 18:01:42.721] PartLoader: Compiling Part 'Squad/Parts/Resources/RadialTank/RadialTank/RadialOreTank'
[LOG 18:01:42.724] PartLoader: Part 'Squad/Parts/Resources/RadialTank/RadialTank/RadialOreTank' has no database record. Creating.
[LOG 18:01:42.724] [DragCubeSystem]: Drag cubes not found or cannot be read for part Part. Generating New drag cubes.
[LOG 18:01:42.724] [KSPCF/DragCubeGeneration] Creating drag cubes for part 'RadialOreTank'
[LOG 18:01:42.729] PartLoader: Compiling Part 'Squad/Parts/Resources/SmallTank/SmallTank/SmallTank'
[LOG 18:01:42.731] PartLoader: Part 'Squad/Parts/Resources/SmallTank/SmallTank/SmallTank' has no database record. Creating.
[LOG 18:01:42.731] [DragCubeSystem]: Drag cubes not found or cannot be read for part Part. Generating New drag cubes.
[LOG 18:01:42.731] [KSPCF/DragCubeGeneration] Creating drag cubes for part 'SmallTank'
[LOG 18:01:42.735] PartLoader: Compiling Part 'Squad/Parts/Resources/SurfaceScanner/SurfaceScanner/SurfaceScanner'
[LOG 18:01:42.757] PartLoader: Part 'Squad/Parts/Resources/SurfaceScanner/SurfaceScanner/SurfaceScanner' has no database record. Creating.
[LOG 18:01:42.757] [DragCubeSystem]: Drag cubes not found or cannot be read for part Part. Generating New drag cubes.
[LOG 18:01:42.758] [KSPCF/DragCubeGeneration] Creating drag cubes for part 'SurfaceScanner'
[LOG 18:01:42.762] PartLoader: Compiling Part 'Squad/Parts/Resources/SurveyScanner/SurveyScanner/SurveyScanner'
[LOG 18:01:42.773] PartLoader: Part 'Squad/Parts/Resources/SurveyScanner/SurveyScanner/SurveyScanner' has no database record. Creating.
[LOG 18:01:42.773] [DragCubeSystem]: Drag cubes not found or cannot be read for part Part. Generating New drag cubes.
[LOG 18:01:42.773] [KSPCF/DragCubeGeneration] Creating drag cubes for part 'SurveyScanner'
[LOG 18:01:42.785] PartLoader: Compiling Part 'Squad/Parts/Science/AtmosphereSensor/sensorAtmosphere/sensorAtmosphere'
[LOG 18:01:42.788] PartLoader: Part 'Squad/Parts/Science/AtmosphereSensor/sensorAtmosphere/sensorAtmosphere' has no database record. Creating.
[LOG 18:01:42.788] [DragCubeSystem]: Drag cubes not found or cannot be read for part Part. Generating New drag cubes.
[LOG 18:01:42.788] [KSPCF/DragCubeGeneration] Creating drag cubes for part 'sensorAtmosphere'
[LOG 18:01:42.793] PartLoader: Compiling Part 'Squad/Parts/Science/GooExperiment/gooExperiment/GooExperiment'
[LOG 18:01:42.797] PartLoader: Part 'Squad/Parts/Science/GooExperiment/gooExperiment/GooExperiment' has no database record. Creating.
[LOG 18:01:42.797] [DragCubeSystem]: Drag cubes not found or cannot be read for part Part. Generating New drag cubes.
[LOG 18:01:42.797] [KSPCF/DragCubeGeneration] Creating drag cubes for part 'GooExperiment'
[LOG 18:01:42.808] PartLoader: Compiling Part 'Squad/Parts/Science/LargeCrewedLab/largeCrewedLab/Large_Crewed_Lab'
[LOG 18:01:42.827] PartLoader: Part 'Squad/Parts/Science/LargeCrewedLab/largeCrewedLab/Large_Crewed_Lab' has no database record. Creating.
[LOG 18:01:42.827] [DragCubeSystem]: Drag cubes not found or cannot be read for part Part. Generating New drag cubes.
[LOG 18:01:42.827] [KSPCF/DragCubeGeneration] Creating drag cubes for part 'Large.Crewed.Lab'
[LOG 18:01:42.833] PartLoader: Compiling Part 'Squad/Parts/Science/Magnetometer/Magnetometer/Magnetometer'
[LOG 18:01:42.845] PartLoader: Part 'Squad/Parts/Science/Magnetometer/Magnetometer/Magnetometer' has no database record. Creating.
[LOG 18:01:42.845] [DragCubeSystem]: Drag cubes not found or cannot be read for part Part. Generating New drag cubes.
[LOG 18:01:42.845] [KSPCF/DragCubeGeneration] Creating drag cubes for part 'Magnetometer'
[LOG 18:01:42.865] PartLoader: Compiling Part 'Squad/Parts/Science/MaterialBay/materialBay/science_module'
[LOG 18:01:42.871] PartLoader: Part 'Squad/Parts/Science/MaterialBay/materialBay/science_module' has no database record. Creating.
[LOG 18:01:42.872] [DragCubeSystem]: Drag cubes not found or cannot be read for part Part. Generating New drag cubes.
[LOG 18:01:42.872] [KSPCF/DragCubeGeneration] Creating drag cubes for part 'science.module'
[LOG 18:01:42.893] PartLoader: Compiling Part 'Squad/Parts/Science/ScienceBox/ScienceBox/ScienceBox'
[LOG 18:01:42.897] PartLoader: Part 'Squad/Parts/Science/ScienceBox/ScienceBox/ScienceBox' has no database record. Creating.
[LOG 18:01:42.897] [DragCubeSystem]: Drag cubes not found or cannot be read for part Part. Generating New drag cubes.
[LOG 18:01:42.897] [KSPCF/DragCubeGeneration] Creating drag cubes for part 'ScienceBox'
[LOG 18:01:42.902] PartLoader: Compiling Part 'Squad/Parts/Science/sensorAccelerometer/sensorAccelerometer/sensorAccelerometer'
[LOG 18:01:42.911] PartLoader: Part 'Squad/Parts/Science/sensorAccelerometer/sensorAccelerometer/sensorAccelerometer' has no database record. Creating.
[LOG 18:01:42.911] [DragCubeSystem]: Drag cubes not found or cannot be read for part Part. Generating New drag cubes.
[LOG 18:01:42.911] [KSPCF/DragCubeGeneration] Creating drag cubes for part 'sensorAccelerometer'
[LOG 18:01:42.916] PartLoader: Compiling Part 'Squad/Parts/Science/sensorBarometer/sensorBarometer/sensorBarometer'
[LOG 18:01:42.924] PartLoader: Part 'Squad/Parts/Science/sensorBarometer/sensorBarometer/sensorBarometer' has no database record. Creating.
[LOG 18:01:42.924] [DragCubeSystem]: Drag cubes not found or cannot be read for part Part. Generating New drag cubes.
[LOG 18:01:42.925] [KSPCF/DragCubeGeneration] Creating drag cubes for part 'sensorBarometer'
[LOG 18:01:42.931] PartLoader: Compiling Part 'Squad/Parts/Science/sensorGravimeter/sensorGravimeter/sensorGravimeter'
[LOG 18:01:42.947] PartLoader: Part 'Squad/Parts/Science/sensorGravimeter/sensorGravimeter/sensorGravimeter' has no database record. Creating.
[LOG 18:01:42.947] [DragCubeSystem]: Drag cubes not found or cannot be read for part Part. Generating New drag cubes.
[LOG 18:01:42.947] [KSPCF/DragCubeGeneration] Creating drag cubes for part 'sensorGravimeter'
[LOG 18:01:42.953] PartLoader: Compiling Part 'Squad/Parts/Science/sensorThermometer/sensorThermometer/sensorThermometer'
[LOG 18:01:42.959] PartLoader: Part 'Squad/Parts/Science/sensorThermometer/sensorThermometer/sensorThermometer' has no database record. Creating.
[LOG 18:01:42.959] [DragCubeSystem]: Drag cubes not found or cannot be read for part Part. Generating New drag cubes.
[LOG 18:01:42.959] [KSPCF/DragCubeGeneration] Creating drag cubes for part 'sensorThermometer'
[LOG 18:01:42.965] PartLoader: Compiling Part 'Squad/Parts/Structural/FLAdapters/adapterSmallMiniShort/adapterSmallMiniShort'
[LOG 18:01:42.970] PartLoader: Part 'Squad/Parts/Structural/FLAdapters/adapterSmallMiniShort/adapterSmallMiniShort' has no database record. Creating.
[LOG 18:01:42.970] [DragCubeSystem]: Drag cubes not found or cannot be read for part Part. Generating New drag cubes.
[LOG 18:01:42.970] [KSPCF/DragCubeGeneration] Creating drag cubes for part 'adapterSmallMiniShort'
[LOG 18:01:42.975] PartLoader: Compiling Part 'Squad/Parts/Structural/FLAdapters/adapterSmallMiniTall/adapterSmallMiniTall'
[LOG 18:01:42.981] PartLoader: Part 'Squad/Parts/Structural/FLAdapters/adapterSmallMiniTall/adapterSmallMiniTall' has no database record. Creating.
[LOG 18:01:42.981] [DragCubeSystem]: Drag cubes not found or cannot be read for part Part. Generating New drag cubes.
[LOG 18:01:42.981] [KSPCF/DragCubeGeneration] Creating drag cubes for part 'adapterSmallMiniTall'
[LOG 18:01:42.986] PartLoader: Compiling Part 'Squad/Parts/Structural/mk1Parts/engineBodyRadial/radialEngineBody'
[LOG 18:01:42.989] PartLoader: Part 'Squad/Parts/Structural/mk1Parts/engineBodyRadial/radialEngineBody' has no database record. Creating.
[LOG 18:01:42.989] [DragCubeSystem]: Drag cubes not found or cannot be read for part Part. Generating New drag cubes.
[LOG 18:01:42.989] [KSPCF/DragCubeGeneration] Creating drag cubes for part 'radialEngineBody'
[LOG 18:01:42.996] PartLoader: Compiling Part 'Squad/Parts/Structural/mk1Parts/engineNacelle/nacelleBody'
[LOG 18:01:43.000] PartLoader: Part 'Squad/Parts/Structural/mk1Parts/engineNacelle/nacelleBody' has no database record. Creating.
[LOG 18:01:43.000] [DragCubeSystem]: Drag cubes not found or cannot be read for part Part. Generating New drag cubes.
[LOG 18:01:43.000] [KSPCF/DragCubeGeneration] Creating drag cubes for part 'nacelleBody'
[LOG 18:01:43.004] PartLoader: Compiling Part 'Squad/Parts/Structural/mk1Parts/mk1Fuselage/MK1Fuselage'
[LOG 18:01:43.008] PartLoader: Part 'Squad/Parts/Structural/mk1Parts/mk1Fuselage/MK1Fuselage' has no database record. Creating.
[LOG 18:01:43.008] [DragCubeSystem]: Drag cubes not found or cannot be read for part Part. Generating New drag cubes.
[LOG 18:01:43.008] [KSPCF/DragCubeGeneration] Creating drag cubes for part 'MK1Fuselage'
[LOG 18:01:43.013] PartLoader: Compiling Part 'Squad/Parts/Structural/mk1Parts/mk1FuselageIntake/MK1IntakeFuselage'
[LOG 18:01:43.017] PartLoader: Part 'Squad/Parts/Structural/mk1Parts/mk1FuselageIntake/MK1IntakeFuselage' has no database record. Creating.
[LOG 18:01:43.017] [DragCubeSystem]: Drag cubes not found or cannot be read for part Part. Generating New drag cubes.
[LOG 18:01:43.017] [KSPCF/DragCubeGeneration] Creating drag cubes for part 'MK1IntakeFuselage'
[LOG 18:01:43.023] PartLoader: Compiling Part 'Squad/Parts/Structural/mk1Parts/mk1Structural/Mk1FuselageStructural'
[LOG 18:01:43.028] PartLoader: Part 'Squad/Parts/Structural/mk1Parts/mk1Structural/Mk1FuselageStructural' has no database record. Creating.
[LOG 18:01:43.028] PartLoader: Compiling Part 'Squad/Parts/Structural/Size3To2Adapter_v2/Size2to3_v2/Size3To2Adapter_v2'
[LOG 18:01:43.032] PartLoader: Part 'Squad/Parts/Structural/Size3To2Adapter_v2/Size2to3_v2/Size3To2Adapter_v2' has no database record. Creating.
[LOG 18:01:43.033] PartLoader: Compiling Part 'Squad/Parts/Structural/stackAdapters/adapterLargeSmallBi/adapterLargeSmallBi'
[LOG 18:01:43.040] PartLoader: Part 'Squad/Parts/Structural/stackAdapters/adapterLargeSmallBi/adapterLargeSmallBi' has no database record. Creating.
[LOG 18:01:43.040] [DragCubeSystem]: Drag cubes not found or cannot be read for part Part. Generating New drag cubes.
[LOG 18:01:43.040] [KSPCF/DragCubeGeneration] Creating drag cubes for part 'adapterLargeSmallBi'
[LOG 18:01:43.045] PartLoader: Compiling Part 'Squad/Parts/Structural/stackAdapters/adapterLargeSmallQuad/adapterLargeSmallQuad'
[LOG 18:01:43.049] PartLoader: Part 'Squad/Parts/Structural/stackAdapters/adapterLargeSmallQuad/adapterLargeSmallQuad' has no database record. Creating.
[LOG 18:01:43.049] [DragCubeSystem]: Drag cubes not found or cannot be read for part Part. Generating New drag cubes.
[LOG 18:01:43.049] [KSPCF/DragCubeGeneration] Creating drag cubes for part 'adapterLargeSmallQuad'
[LOG 18:01:43.054] PartLoader: Compiling Part 'Squad/Parts/Structural/stackAdapters/adapterLargeSmallTri/adapterLargeSmallTri'
[LOG 18:01:43.058] PartLoader: Part 'Squad/Parts/Structural/stackAdapters/adapterLargeSmallTri/adapterLargeSmallTri' has no database record. Creating.
[LOG 18:01:43.058] [DragCubeSystem]: Drag cubes not found or cannot be read for part Part. Generating New drag cubes.
[LOG 18:01:43.059] [KSPCF/DragCubeGeneration] Creating drag cubes for part 'adapterLargeSmallTri'
[LOG 18:01:43.062] PartLoader: Compiling Part 'Squad/Parts/Structural/stationHub/stationHub/stationHub'
[LOG 18:01:43.066] PartLoader: Part 'Squad/Parts/Structural/stationHub/stationHub/stationHub' has no database record. Creating.
[LOG 18:01:43.067] [DragCubeSystem]: Drag cubes not found or cannot be read for part Part. Generating New drag cubes.
[LOG 18:01:43.067] [KSPCF/DragCubeGeneration] Creating drag cubes for part 'stationHub'
[LOG 18:01:43.073] PartLoader: Compiling Part 'Squad/Parts/Structural/structuralIBeam200/structuralIBeam200/structuralIBeam2'
[LOG 18:01:43.076] PartLoader: Part 'Squad/Parts/Structural/structuralIBeam200/structuralIBeam200/structuralIBeam2' has no database record. Creating.
[LOG 18:01:43.076] [DragCubeSystem]: Drag cubes not found or cannot be read for part Part. Generating New drag cubes.
[LOG 18:01:43.077] [KSPCF/DragCubeGeneration] Creating drag cubes for part 'structuralIBeam2'
[LOG 18:01:43.081] PartLoader: Compiling Part 'Squad/Parts/Structural/structuralIBeam200Pocket/structuralIBeam200Pocket/structuralIBeam3'
[LOG 18:01:43.084] PartLoader: Part 'Squad/Parts/Structural/structuralIBeam200Pocket/structuralIBeam200Pocket/structuralIBeam3' has no database record. Creating.
[LOG 18:01:43.085] [DragCubeSystem]: Drag cubes not found or cannot be read for part Part. Generating New drag cubes.
[LOG 18:01:43.085] [KSPCF/DragCubeGeneration] Creating drag cubes for part 'structuralIBeam3'
[LOG 18:01:43.089] PartLoader: Compiling Part 'Squad/Parts/Structural/structuralIBeam650/structuralIBeam650/structuralIBeam1'
[LOG 18:01:43.093] PartLoader: Part 'Squad/Parts/Structural/structuralIBeam650/structuralIBeam650/structuralIBeam1' has no database record. Creating.
[LOG 18:01:43.093] [DragCubeSystem]: Drag cubes not found or cannot be read for part Part. Generating New drag cubes.
[LOG 18:01:43.093] [KSPCF/DragCubeGeneration] Creating drag cubes for part 'structuralIBeam1'
[LOG 18:01:43.097] PartLoader: Compiling Part 'Squad/Parts/Structural/structuralMicronode/structuralMicronode/structuralMiniNode'
[LOG 18:01:43.101] PartLoader: Part 'Squad/Parts/Structural/structuralMicronode/structuralMicronode/structuralMiniNode' has no database record. Creating.
[LOG 18:01:43.101] [DragCubeSystem]: Drag cubes not found or cannot be read for part Part. Generating New drag cubes.
[LOG 18:01:43.102] [KSPCF/DragCubeGeneration] Creating drag cubes for part 'structuralMiniNode'
[LOG 18:01:43.107] PartLoader: Compiling Part 'Squad/Parts/Structural/structuralPanel1x1/structuralPanel1x1/structuralPanel1'
[LOG 18:01:43.110] PartLoader: Part 'Squad/Parts/Structural/structuralPanel1x1/structuralPanel1x1/structuralPanel1' has no database record. Creating.
[LOG 18:01:43.110] [DragCubeSystem]: Drag cubes not found or cannot be read for part Part. Generating New drag cubes.
[LOG 18:01:43.110] [KSPCF/DragCubeGeneration] Creating drag cubes for part 'structuralPanel1'
[LOG 18:01:43.114] PartLoader: Compiling Part 'Squad/Parts/Structural/structuralPanel2x2/structuralPanel2x2/structuralPanel2'
[LOG 18:01:43.117] PartLoader: Part 'Squad/Parts/Structural/structuralPanel2x2/structuralPanel2x2/structuralPanel2' has no database record. Creating.
[LOG 18:01:43.117] [DragCubeSystem]: Drag cubes not found or cannot be read for part Part. Generating New drag cubes.
[LOG 18:01:43.117] [KSPCF/DragCubeGeneration] Creating drag cubes for part 'structuralPanel2'
[LOG 18:01:43.121] PartLoader: Compiling Part 'Squad/Parts/Structural/structuralPylons/smallHardpoint/smallHardpoint'
[LOG 18:01:43.127] PartLoader: Part 'Squad/Parts/Structural/structuralPylons/smallHardpoint/smallHardpoint' has no database record. Creating.
[LOG 18:01:43.128] [DragCubeSystem]: Drag cubes not found or cannot be read for part Part. Generating New drag cubes.
[LOG 18:01:43.128] [KSPCF/DragCubeGeneration] Creating drag cubes for part 'smallHardpoint'
[LOG 18:01:43.132] PartLoader: Compiling Part 'Squad/Parts/Structural/structuralPylons/structuralPylon/structuralPylon'
[LOG 18:01:43.137] PartLoader: Part 'Squad/Parts/Structural/structuralPylons/structuralPylon/structuralPylon' has no database record. Creating.
[LOG 18:01:43.137] [DragCubeSystem]: Drag cubes not found or cannot be read for part Part. Generating New drag cubes.
[LOG 18:01:43.137] [KSPCF/DragCubeGeneration] Creating drag cubes for part 'structuralPylon'
[LOG 18:01:43.143] PartLoader: Compiling Part 'Squad/Parts/Structural/strutCubicOcto/strutCubicOcto/strutCube'
[LOG 18:01:43.147] PartLoader: Part 'Squad/Parts/Structural/strutCubicOcto/strutCubicOcto/strutCube' has no database record. Creating.
[LOG 18:01:43.147] [DragCubeSystem]: Drag cubes not found or cannot be read for part Part. Generating New drag cubes.
[LOG 18:01:43.147] [KSPCF/DragCubeGeneration] Creating drag cubes for part 'strutCube'
[LOG 18:01:43.151] PartLoader: Compiling Part 'Squad/Parts/Structural/strutOcto/strutOcto/strutOcto'
[LOG 18:01:43.155] PartLoader: Part 'Squad/Parts/Structural/strutOcto/strutOcto/strutOcto' has no database record. Creating.
[LOG 18:01:43.156] [DragCubeSystem]: Drag cubes not found or cannot be read for part Part. Generating New drag cubes.
[LOG 18:01:43.156] [KSPCF/DragCubeGeneration] Creating drag cubes for part 'strutOcto'
[LOG 18:01:43.160] PartLoader: Compiling Part 'Squad/Parts/Structural/trussGirderAdapter/trussGirderAdapter/trussAdapter'
[LOG 18:01:43.163] PartLoader: Part 'Squad/Parts/Structural/trussGirderAdapter/trussGirderAdapter/trussAdapter' has no database record. Creating.
[LOG 18:01:43.163] [DragCubeSystem]: Drag cubes not found or cannot be read for part Part. Generating New drag cubes.
[LOG 18:01:43.163] [KSPCF/DragCubeGeneration] Creating drag cubes for part 'trussAdapter'
[LOG 18:01:43.168] PartLoader: Compiling Part 'Squad/Parts/Structural/trussGirderL/trussGirderL/trussPiece1x'
[LOG 18:01:43.172] PartLoader: Part 'Squad/Parts/Structural/trussGirderL/trussGirderL/trussPiece1x' has no database record. Creating.
[LOG 18:01:43.172] [DragCubeSystem]: Drag cubes not found or cannot be read for part Part. Generating New drag cubes.
[LOG 18:01:43.172] [KSPCF/DragCubeGeneration] Creating drag cubes for part 'trussPiece1x'
[LOG 18:01:43.180] PartLoader: Compiling Part 'Squad/Parts/Structural/trussGirderXL/trussGirderXL/trussPiece3x'
[LOG 18:01:43.184] PartLoader: Part 'Squad/Parts/Structural/trussGirderXL/trussGirderXL/trussPiece3x' has no database record. Creating.
[LOG 18:01:43.184] [DragCubeSystem]: Drag cubes not found or cannot be read for part Part. Generating New drag cubes.
[LOG 18:01:43.184] [KSPCF/DragCubeGeneration] Creating drag cubes for part 'trussPiece3x'
[LOG 18:01:43.188] PartLoader: Compiling Part 'Squad/Parts/Thermal/FoldingRadiators/foldingRadLarge/foldingRadLarge'
[LOG 18:01:43.207] PartLoader: Part 'Squad/Parts/Thermal/FoldingRadiators/foldingRadLarge/foldingRadLarge' has no database record. Creating.
[LOG 18:01:43.209] PartLoader: Compiling Part 'Squad/Parts/Thermal/FoldingRadiators/foldingRadMed/foldingRadMed'
[LOG 18:01:43.214] PartLoader: Part 'Squad/Parts/Thermal/FoldingRadiators/foldingRadMed/foldingRadMed' has no database record. Creating.
[LOG 18:01:43.215] PartLoader: Compiling Part 'Squad/Parts/Thermal/FoldingRadiators/foldingRadSmall/foldingRadSmall'
[LOG 18:01:43.220] PartLoader: Part 'Squad/Parts/Thermal/FoldingRadiators/foldingRadSmall/foldingRadSmall' has no database record. Creating.
[LOG 18:01:43.221] PartLoader: Compiling Part 'Squad/Parts/Thermal/RadiatorPanels/radPanelEdge/radPanelEdge'
[LOG 18:01:43.228] PartLoader: Part 'Squad/Parts/Thermal/RadiatorPanels/radPanelEdge/radPanelEdge' has no database record. Creating.
[LOG 18:01:43.228] [DragCubeSystem]: Drag cubes not found or cannot be read for part Part. Generating New drag cubes.
[LOG 18:01:43.228] [KSPCF/DragCubeGeneration] Creating drag cubes for part 'radPanelEdge'
[LOG 18:01:43.233] PartLoader: Compiling Part 'Squad/Parts/Thermal/RadiatorPanels/radPanelLg/radPanelLg'
[LOG 18:01:43.237] PartLoader: Part 'Squad/Parts/Thermal/RadiatorPanels/radPanelLg/radPanelLg' has no database record. Creating.
[LOG 18:01:43.237] [DragCubeSystem]: Drag cubes not found or cannot be read for part Part. Generating New drag cubes.
[LOG 18:01:43.237] [KSPCF/DragCubeGeneration] Creating drag cubes for part 'radPanelLg'
[LOG 18:01:43.242] PartLoader: Compiling Part 'Squad/Parts/Thermal/RadiatorPanels/radPanelSm/radPanelSm'
[LOG 18:01:43.245] PartLoader: Part 'Squad/Parts/Thermal/RadiatorPanels/radPanelSm/radPanelSm' has no database record. Creating.
[LOG 18:01:43.246] [DragCubeSystem]: Drag cubes not found or cannot be read for part Part. Generating New drag cubes.
[LOG 18:01:43.246] [KSPCF/DragCubeGeneration] Creating drag cubes for part 'radPanelSm'
[LOG 18:01:43.250] PartLoader: Compiling Part 'Squad/Parts/Utility/commDish88-88/commDish88-88/commDish'
[LOG 18:01:43.255] PartLoader: Part 'Squad/Parts/Utility/commDish88-88/commDish88-88/commDish' has no database record. Creating.
[LOG 18:01:43.256] [DragCubeSystem]: Drag cubes not found or cannot be read for part Part. Generating New drag cubes.
[LOG 18:01:43.256] [KSPCF/DragCubeGeneration] Creating drag cubes for part 'commDish'
[LOG 18:01:43.274] PartLoader: Compiling Part 'Squad/Parts/Utility/commsAntennaDTS-M1/commsAntennaDTS-M1/mediumDishAntenna'
[LOG 18:01:43.278] PartLoader: Part 'Squad/Parts/Utility/commsAntennaDTS-M1/commsAntennaDTS-M1/mediumDishAntenna' has no database record. Creating.
[LOG 18:01:43.279] [DragCubeSystem]: Drag cubes not found or cannot be read for part Part. Generating New drag cubes.
[LOG 18:01:43.279] [KSPCF/DragCubeGeneration] Creating drag cubes for part 'mediumDishAntenna'
[LOG 18:01:43.293] PartLoader: Compiling Part 'Squad/Parts/Utility/commsDish16/commsAntenna16/longAntenna'
[LOG 18:01:43.299] PartLoader: Part 'Squad/Parts/Utility/commsDish16/commsAntenna16/longAntenna' has no database record. Creating.
[LOG 18:01:43.299] [DragCubeSystem]: Drag cubes not found or cannot be read for part Part. Generating New drag cubes.
[LOG 18:01:43.299] [KSPCF/DragCubeGeneration] Creating drag cubes for part 'longAntenna'
[LOG 18:01:43.313] PartLoader: Compiling Part 'Squad/Parts/Utility/decouplerRadialHDM/decouplerRadialHDM/radialDecoupler1-2'
[LOG 18:01:43.320] PartLoader: Part 'Squad/Parts/Utility/decouplerRadialHDM/decouplerRadialHDM/radialDecoupler1-2' has no database record. Creating.
[LOG 18:01:43.320] [DragCubeSystem]: Drag cubes not found or cannot be read for part Part. Generating New drag cubes.
[LOG 18:01:43.320] [KSPCF/DragCubeGeneration] Creating drag cubes for part 'radialDecoupler1-2'
[LOG 18:01:43.327] PartLoader: Compiling Part 'Squad/Parts/Utility/decouplerRadialTT-38K/decouplerRadialTT-38K/radialDecoupler'
[LOG 18:01:43.333] PartLoader: Part 'Squad/Parts/Utility/decouplerRadialTT-38K/decouplerRadialTT-38K/radialDecoupler' has no database record. Creating.
[LOG 18:01:43.333] [DragCubeSystem]: Drag cubes not found or cannot be read for part Part. Generating New drag cubes.
[LOG 18:01:43.333] [KSPCF/DragCubeGeneration] Creating drag cubes for part 'radialDecoupler'
[LOG 18:01:43.339] PartLoader: Compiling Part 'Squad/Parts/Utility/decouplerRadialTT-70/decouplerRadialTT-70/radialDecoupler2'
[LOG 18:01:43.347] PartLoader: Part 'Squad/Parts/Utility/decouplerRadialTT-70/decouplerRadialTT-70/radialDecoupler2' has no database record. Creating.
[LOG 18:01:43.347] [DragCubeSystem]: Drag cubes not found or cannot be read for part Part. Generating New drag cubes.
[LOG 18:01:43.347] [KSPCF/DragCubeGeneration] Creating drag cubes for part 'radialDecoupler2'
[LOG 18:01:43.353] PartLoader: Compiling Part 'Squad/Parts/Utility/DirectAntennas/C16S/SurfAntenna'
[LOG 18:01:43.359] PartLoader: Part 'Squad/Parts/Utility/DirectAntennas/C16S/SurfAntenna' has no database record. Creating.
[LOG 18:01:43.359] [DragCubeSystem]: Drag cubes not found or cannot be read for part Part. Generating New drag cubes.
[LOG 18:01:43.359] [KSPCF/DragCubeGeneration] Creating drag cubes for part 'SurfAntenna'
[LOG 18:01:43.367] PartLoader: Compiling Part 'Squad/Parts/Utility/DirectAntennas/HG-5/HighGainAntenna5'
[LOG 18:01:43.375] PartLoader: Part 'Squad/Parts/Utility/DirectAntennas/HG-5/HighGainAntenna5' has no database record. Creating.
[LOG 18:01:43.375] [DragCubeSystem]: Drag cubes not found or cannot be read for part Part. Generating New drag cubes.
[LOG 18:01:43.375] [KSPCF/DragCubeGeneration] Creating drag cubes for part 'HighGainAntenna5'
[LOG 18:01:43.389] PartLoader: Compiling Part 'Squad/Parts/Utility/DirectAntennas/HG-5_v2/HighGainAntenna5_v2'
[LOG 18:01:43.394] PartLoader: Part 'Squad/Parts/Utility/DirectAntennas/HG-5_v2/HighGainAntenna5_v2' has no database record. Creating.
[LOG 18:01:43.394] [DragCubeSystem]: Drag cubes not found or cannot be read for part Part. Generating New drag cubes.
[LOG 18:01:43.394] [KSPCF/DragCubeGeneration] Creating drag cubes for part 'HighGainAntenna5.v2'
[LOG 18:01:43.406] PartLoader: Compiling Part 'Squad/Parts/Utility/dockingPort/dockingPort/dockingPort2'
[LOG 18:01:43.423] PartLoader: Part 'Squad/Parts/Utility/dockingPort/dockingPort/dockingPort2' has no database record. Creating.
[LOG 18:01:43.423] [DragCubeSystem]: Drag cubes not found or cannot be read for part Part. Generating New drag cubes.
[LOG 18:01:43.423] [KSPCF/DragCubeGeneration] Creating drag cubes for part 'dockingPort2'
[LOG 18:01:43.431] PartLoader: Compiling Part 'Squad/Parts/Utility/dockingPortInline/dockingPortInline/dockingPortLateral'
[LOG 18:01:43.441] PartLoader: Part 'Squad/Parts/Utility/dockingPortInline/dockingPortInline/dockingPortLateral' has no database record. Creating.
[LOG 18:01:43.441] [DragCubeSystem]: Drag cubes not found or cannot be read for part Part. Generating New drag cubes.
[LOG 18:01:43.441] [KSPCF/DragCubeGeneration] Creating drag cubes for part 'dockingPortLateral'
[LOG 18:01:43.458] PartLoader: Compiling Part 'Squad/Parts/Utility/dockingPortJr/dockingPortJr/dockingPort3'
[LOG 18:01:43.465] PartLoader: Part 'Squad/Parts/Utility/dockingPortJr/dockingPortJr/dockingPort3' has no database record. Creating.
[LOG 18:01:43.465] [DragCubeSystem]: Drag cubes not found or cannot be read for part Part. Generating New drag cubes.
[LOG 18:01:43.466] [KSPCF/DragCubeGeneration] Creating drag cubes for part 'dockingPort3'
[LOG 18:01:43.470] PartLoader: Compiling Part 'Squad/Parts/Utility/dockingPortShielded/dockingPortShielded/dockingPort1'
[LOG 18:01:43.480] PartLoader: Part 'Squad/Parts/Utility/dockingPortShielded/dockingPortShielded/dockingPort1' has no database record. Creating.
[LOG 18:01:43.480] [DragCubeSystem]: Drag cubes not found or cannot be read for part Part. Generating New drag cubes.
[LOG 18:01:43.480] [KSPCF/DragCubeGeneration] Creating drag cubes for part 'dockingPort1'
[LOG 18:01:43.496] PartLoader: Compiling Part 'Squad/Parts/Utility/dockingPortSr/dockingPortSr/dockingPortLarge'
[LOG 18:01:43.506] PartLoader: Part 'Squad/Parts/Utility/dockingPortSr/dockingPortSr/dockingPortLarge' has no database record. Creating.
[LOG 18:01:43.506] [DragCubeSystem]: Drag cubes not found or cannot be read for part Part. Generating New drag cubes.
[LOG 18:01:43.506] [KSPCF/DragCubeGeneration] Creating drag cubes for part 'dockingPortLarge'
[LOG 18:01:43.512] PartLoader: Compiling Part 'Squad/Parts/Utility/Fireworks/fireworksLauncherBig/fireworksLauncherBig'
[LOG 18:01:43.540] PartLoader: Part 'Squad/Parts/Utility/Fireworks/fireworksLauncherBig/fireworksLauncherBig' has no database record. Creating.
[LOG 18:01:43.540] [DragCubeSystem]: Drag cubes not found or cannot be read for part Part. Generating New drag cubes.
[LOG 18:01:43.540] [KSPCF/DragCubeGeneration] Creating drag cubes for part 'fireworksLauncherBig'
[LOG 18:01:43.548] PartLoader: Compiling Part 'Squad/Parts/Utility/Fireworks/fireworksLauncherSmall/fireworksLauncherSmall'
[LOG 18:01:43.564] PartLoader: Part 'Squad/Parts/Utility/Fireworks/fireworksLauncherSmall/fireworksLauncherSmall' has no database record. Creating.
[LOG 18:01:43.564] [DragCubeSystem]: Drag cubes not found or cannot be read for part Part. Generating New drag cubes.
[LOG 18:01:43.564] [KSPCF/DragCubeGeneration] Creating drag cubes for part 'fireworksLauncherSmall'
[LOG 18:01:43.581] PartLoader: Compiling Part 'Squad/Parts/Utility/flags/flagFlat/flagFlat/flagPartFlat'
[LOG 18:01:43.595] PartLoader: Part 'Squad/Parts/Utility/flags/flagFlat/flagFlat/flagPartFlat' has no database record. Creating.
[LOG 18:01:43.595] [DragCubeSystem]: Drag cubes not found or cannot be read for part Part. Generating New drag cubes.
[LOG 18:01:43.595] [KSPCF/DragCubeGeneration] Creating drag cubes for part 'flagPartFlat'
[LOG 18:01:43.601] PartLoader: Compiling Part 'Squad/Parts/Utility/flags/flagSize0/flagSize0/flagPartSize0'
[LOG 18:01:43.608] PartLoader: Part 'Squad/Parts/Utility/flags/flagSize0/flagSize0/flagPartSize0' has no database record. Creating.
[LOG 18:01:43.608] [DragCubeSystem]: Drag cubes not found or cannot be read for part Part. Generating New drag cubes.
[LOG 18:01:43.608] [KSPCF/DragCubeGeneration] Creating drag cubes for part 'flagPartSize0'
[LOG 18:01:43.614] PartLoader: Compiling Part 'Squad/Parts/Utility/flags/flagSize1/flagSize1/flagPartSize1'
[LOG 18:01:43.618] PartLoader: Part 'Squad/Parts/Utility/flags/flagSize1/flagSize1/flagPartSize1' has no database record. Creating.
[LOG 18:01:43.618] [DragCubeSystem]: Drag cubes not found or cannot be read for part Part. Generating New drag cubes.
[LOG 18:01:43.619] [KSPCF/DragCubeGeneration] Creating drag cubes for part 'flagPartSize1'
[LOG 18:01:43.622] PartLoader: Compiling Part 'Squad/Parts/Utility/flags/flagSize2/flagSize2/flagPartSize2'
[LOG 18:01:43.631] PartLoader: Part 'Squad/Parts/Utility/flags/flagSize2/flagSize2/flagPartSize2' has no database record. Creating.
[LOG 18:01:43.631] [DragCubeSystem]: Drag cubes not found or cannot be read for part Part. Generating New drag cubes.
[LOG 18:01:43.631] [KSPCF/DragCubeGeneration] Creating drag cubes for part 'flagPartSize2'
[LOG 18:01:43.635] PartLoader: Compiling Part 'Squad/Parts/Utility/flags/flagSize3/flagSize3/flagPartSize3'
[LOG 18:01:43.641] PartLoader: Part 'Squad/Parts/Utility/flags/flagSize3/flagSize3/flagPartSize3' has no database record. Creating.
[LOG 18:01:43.641] [DragCubeSystem]: Drag cubes not found or cannot be read for part Part. Generating New drag cubes.
[LOG 18:01:43.641] [KSPCF/DragCubeGeneration] Creating drag cubes for part 'flagPartSize3'
[LOG 18:01:43.646] PartLoader: Compiling Part 'Squad/Parts/Utility/GrapplingDevice/part/GrapplingDevice'
[LOG 18:01:43.659] PartLoader: Part 'Squad/Parts/Utility/GrapplingDevice/part/GrapplingDevice' has no database record. Creating.
[LOG 18:01:43.659] [DragCubeSystem]: Drag cubes not found or cannot be read for part Part. Generating New drag cubes.
[LOG 18:01:43.659] [KSPCF/DragCubeGeneration] Creating drag cubes for part 'GrapplingDevice'
[LOG 18:01:43.676] PartLoader: Compiling Part 'Squad/Parts/Utility/ladderRadial/ladderRadial/ladder1'
[LOG 18:01:43.679] PartLoader: Part 'Squad/Parts/Utility/ladderRadial/ladderRadial/ladder1' has no database record. Creating.
[LOG 18:01:43.679] [DragCubeSystem]: Drag cubes not found or cannot be read for part Part. Generating New drag cubes.
[LOG 18:01:43.679] [KSPCF/DragCubeGeneration] Creating drag cubes for part 'ladder1'
[LOG 18:01:43.682] PartLoader: Compiling Part 'Squad/Parts/Utility/ladderTelescopic/ladderTelescopic/telescopicLadder'
[LOG 18:01:43.688] PartLoader: Part 'Squad/Parts/Utility/ladderTelescopic/ladderTelescopic/telescopicLadder' has no database record. Creating.
[LOG 18:01:43.688] [DragCubeSystem]: Drag cubes not found or cannot be read for part Part. Generating New drag cubes.
[LOG 18:01:43.688] [KSPCF/DragCubeGeneration] Creating drag cubes for part 'telescopicLadder'
[LOG 18:01:43.701] PartLoader: Compiling Part 'Squad/Parts/Utility/ladderTelescopicBay/ladderTelescopicBay/telescopicLadderBay'
[LOG 18:01:43.716] PartLoader: Part 'Squad/Parts/Utility/ladderTelescopicBay/ladderTelescopicBay/telescopicLadderBay' has no database record. Creating.
[LOG 18:01:43.716] [DragCubeSystem]: Drag cubes not found or cannot be read for part Part. Generating New drag cubes.
[LOG 18:01:43.716] [KSPCF/DragCubeGeneration] Creating drag cubes for part 'telescopicLadderBay'
[LOG 18:01:43.730] PartLoader: Compiling Part 'Squad/Parts/Utility/landingLegLT-1/landingLegLT-1/landingLeg1'
[LOG 18:01:43.761] PartLoader: Part 'Squad/Parts/Utility/landingLegLT-1/landingLegLT-1/landingLeg1' has no database record. Creating.
[LOG 18:01:43.761] [DragCubeSystem]: Drag cubes not found or cannot be read for part Part. Generating New drag cubes.
[LOG 18:01:43.761] [KSPCF/DragCubeGeneration] Creating drag cubes for part 'landingLeg1'
[LOG 18:01:43.774] PartLoader: Compiling Part 'Squad/Parts/Utility/landingLegLT-2/landingLegLT-2/landingLeg1-2'
[LOG 18:01:43.785] PartLoader: Part 'Squad/Parts/Utility/landingLegLT-2/landingLegLT-2/landingLeg1-2' has no database record. Creating.
[LOG 18:01:43.785] [DragCubeSystem]: Drag cubes not found or cannot be read for part Part. Generating New drag cubes.
[LOG 18:01:43.785] [KSPCF/DragCubeGeneration] Creating drag cubes for part 'landingLeg1-2'
[LOG 18:01:43.801] PartLoader: Compiling Part 'Squad/Parts/Utility/landingLegLT-5/landingLegLT-5/miniLandingLeg'
[LOG 18:01:43.815] PartLoader: Part 'Squad/Parts/Utility/landingLegLT-5/landingLegLT-5/miniLandingLeg' has no database record. Creating.
[LOG 18:01:43.815] [DragCubeSystem]: Drag cubes not found or cannot be read for part Part. Generating New drag cubes.
[LOG 18:01:43.815] [KSPCF/DragCubeGeneration] Creating drag cubes for part 'miniLandingLeg'
[LOG 18:01:43.834] PartLoader: Compiling Part 'Squad/Parts/Utility/launchClamp1/launchClamp1/launchClamp1'
[LOG 18:01:43.844] PartLoader: Part 'Squad/Parts/Utility/launchClamp1/launchClamp1/launchClamp1' has no database record. Creating.
[LOG 18:01:43.844] [DragCubeSystem]: Drag cubes not found or cannot be read for part Part. Generating New drag cubes.
[LOG 18:01:43.844] [KSPCF/DragCubeGeneration] Creating drag cubes for part 'launchClamp1'
[LOG 18:01:43.848] PartLoader: Compiling Part 'Squad/Parts/Utility/launchEscapeSystem/part/LaunchEscapeSystem'
[LOG 18:01:43.856] PartLoader: Part 'Squad/Parts/Utility/launchEscapeSystem/part/LaunchEscapeSystem' has no database record. Creating.
[LOG 18:01:43.856] [DragCubeSystem]: Drag cubes not found or cannot be read for part Part. Generating New drag cubes.
[LOG 18:01:43.856] [KSPCF/DragCubeGeneration] Creating drag cubes for part 'LaunchEscapeSystem'
[LOG 18:01:43.863] PartLoader: Compiling Part 'Squad/Parts/Utility/Lights/domeLight1/domeLight1'
[LOG 18:01:43.867] PartLoader: Part 'Squad/Parts/Utility/Lights/domeLight1/domeLight1' has no database record. Creating.
[LOG 18:01:43.867] [DragCubeSystem]: Drag cubes not found or cannot be read for part Part. Generating New drag cubes.
[LOG 18:01:43.867] [KSPCF/DragCubeGeneration] Creating drag cubes for part 'domeLight1'
[LOG 18:01:43.871] PartLoader: Compiling Part 'Squad/Parts/Utility/Lights/groundLight1/groundLight1'
[LOG 18:01:43.877] PartLoader: Part 'Squad/Parts/Utility/Lights/groundLight1/groundLight1' has no database record. Creating.
[LOG 18:01:43.877] [DragCubeSystem]: Drag cubes not found or cannot be read for part Part. Generating New drag cubes.
[LOG 18:01:43.877] [KSPCF/DragCubeGeneration] Creating drag cubes for part 'groundLight1'
[LOG 18:01:43.882] PartLoader: Compiling Part 'Squad/Parts/Utility/Lights/groundLight2/groundLight2'
[LOG 18:01:43.889] PartLoader: Part 'Squad/Parts/Utility/Lights/groundLight2/groundLight2' has no database record. Creating.
[LOG 18:01:43.889] [DragCubeSystem]: Drag cubes not found or cannot be read for part Part. Generating New drag cubes.
[LOG 18:01:43.889] [KSPCF/DragCubeGeneration] Creating drag cubes for part 'groundLight2'
[LOG 18:01:43.894] PartLoader: Compiling Part 'Squad/Parts/Utility/Lights/navLight1/navLight1'
[LOG 18:01:43.902] PartLoader: Part 'Squad/Parts/Utility/Lights/navLight1/navLight1' has no database record. Creating.
[LOG 18:01:43.902] [DragCubeSystem]: Drag cubes not found or cannot be read for part Part. Generating New drag cubes.
[LOG 18:01:43.902] [KSPCF/DragCubeGeneration] Creating drag cubes for part 'navLight1'
[LOG 18:01:43.909] PartLoader: Compiling Part 'Squad/Parts/Utility/Lights/spotLight1/spotLight3'
[LOG 18:01:43.917] PartLoader: Part 'Squad/Parts/Utility/Lights/spotLight1/spotLight3' has no database record. Creating.
[LOG 18:01:43.917] [DragCubeSystem]: Drag cubes not found or cannot be read for part Part. Generating New drag cubes.
[LOG 18:01:43.917] [KSPCF/DragCubeGeneration] Creating drag cubes for part 'spotLight3'
[LOG 18:01:43.923] PartLoader: Compiling Part 'Squad/Parts/Utility/Lights/stripLight1/stripLight1'
[LOG 18:01:43.928] PartLoader: Part 'Squad/Parts/Utility/Lights/stripLight1/stripLight1' has no database record. Creating.
[LOG 18:01:43.928] [DragCubeSystem]: Drag cubes not found or cannot be read for part Part. Generating New drag cubes.
[LOG 18:01:43.928] [KSPCF/DragCubeGeneration] Creating drag cubes for part 'stripLight1'
[LOG 18:01:43.934] PartLoader: Compiling Part 'Squad/Parts/Utility/linearVernorRCS/linearRCS/linearRcs'
[LOG 18:01:43.948] PartLoader: Part 'Squad/Parts/Utility/linearVernorRCS/linearRCS/linearRcs' has no database record. Creating.
[LOG 18:01:43.948] [DragCubeSystem]: Drag cubes not found or cannot be read for part Part. Generating New drag cubes.
[LOG 18:01:43.948] [KSPCF/DragCubeGeneration] Creating drag cubes for part 'linearRcs'
[LOG 18:01:43.955] PartLoader: Compiling Part 'Squad/Parts/Utility/linearVernorRCS/vernorEngine/vernierEngine'
[LOG 18:01:43.962] PartLoader: Part 'Squad/Parts/Utility/linearVernorRCS/vernorEngine/vernierEngine' has no database record. Creating.
[LOG 18:01:43.963] [DragCubeSystem]: Drag cubes not found or cannot be read for part Part. Generating New drag cubes.
[LOG 18:01:43.963] [KSPCF/DragCubeGeneration] Creating drag cubes for part 'vernierEngine'
[LOG 18:01:43.971] PartLoader: Compiling Part 'Squad/Parts/Utility/mk2CargoBay/BayL/mk2CargoBayL'
[LOG 18:01:43.983] PartLoader: Part 'Squad/Parts/Utility/mk2CargoBay/BayL/mk2CargoBayL' has no database record. Creating.
[LOG 18:01:43.984] PartLoader: Compiling Part 'Squad/Parts/Utility/mk2CargoBay/BayS/mk2CargoBayS'
[LOG 18:01:43.989] PartLoader: Part 'Squad/Parts/Utility/mk2CargoBay/BayS/mk2CargoBayS' has no database record. Creating.
[LOG 18:01:43.990] PartLoader: Compiling Part 'Squad/Parts/Utility/mk2CrewCabin/mk2CrewCabin/mk2CrewCabin'
[WRN 18:01:43.994] [Part]: Cannot have ModuleCargoPart and ModuleInventoryPart on same Part [mk2CrewCabin'. Removed ModuleCargoPart
[LOG 18:01:43.998] PartLoader: Part 'Squad/Parts/Utility/mk2CrewCabin/mk2CrewCabin/mk2CrewCabin' has no database record. Creating.
[LOG 18:01:43.998] [DragCubeSystem]: Drag cubes not found or cannot be read for part Part. Generating New drag cubes.
[LOG 18:01:43.998] [KSPCF/DragCubeGeneration] Creating drag cubes for part 'mk2CrewCabin'
[LOG 18:01:44.005] PartLoader: Compiling Part 'Squad/Parts/Utility/mk2DockingPort/mk2DockingPort/mk2DockingPort'
[LOG 18:01:44.016] PartLoader: Part 'Squad/Parts/Utility/mk2DockingPort/mk2DockingPort/mk2DockingPort' has no database record. Creating.
[LOG 18:01:44.018] PartLoader: Compiling Part 'Squad/Parts/Utility/mk3CargoBay/long/mk3CargoBayL'
[LOG 18:01:44.025] PartLoader: Part 'Squad/Parts/Utility/mk3CargoBay/long/mk3CargoBayL' has no database record. Creating.
[LOG 18:01:44.025] PartLoader: Compiling Part 'Squad/Parts/Utility/mk3CargoBay/medium/mk3CargoBayM'
[LOG 18:01:44.031] PartLoader: Part 'Squad/Parts/Utility/mk3CargoBay/medium/mk3CargoBayM' has no database record. Creating.
[LOG 18:01:44.032] PartLoader: Compiling Part 'Squad/Parts/Utility/mk3CargoBay/ramp/mk3CargoRamp'
[LOG 18:01:44.040] PartLoader: Part 'Squad/Parts/Utility/mk3CargoBay/ramp/mk3CargoRamp' has no database record. Creating.
[LOG 18:01:44.040] PartLoader: Compiling Part 'Squad/Parts/Utility/mk3CargoBay/short/mk3CargoBayS'
[LOG 18:01:44.051] PartLoader: Part 'Squad/Parts/Utility/mk3CargoBay/short/mk3CargoBayS' has no database record. Creating.
[LOG 18:01:44.052] PartLoader: Compiling Part 'Squad/Parts/Utility/parachuteMk1/parachuteMk1/parachuteSingle'
[LOG 18:01:44.071] PartLoader: Part 'Squad/Parts/Utility/parachuteMk1/parachuteMk1/parachuteSingle' has no database record. Creating.
[LOG 18:01:44.071] [DragCubeSystem]: Drag cubes not found or cannot be read for part Part. Generating New drag cubes.
[LOG 18:01:44.071] [KSPCF/DragCubeGeneration] Creating drag cubes for part 'parachuteSingle'
[LOG 18:01:44.096] PartLoader: Compiling Part 'Squad/Parts/Utility/parachuteMk12-R/parachuteMk12-R/radialDrogue'
[LOG 18:01:44.102] PartLoader: Part 'Squad/Parts/Utility/parachuteMk12-R/parachuteMk12-R/radialDrogue' has no database record. Creating.
[LOG 18:01:44.102] [DragCubeSystem]: Drag cubes not found or cannot be read for part Part. Generating New drag cubes.
[LOG 18:01:44.102] [KSPCF/DragCubeGeneration] Creating drag cubes for part 'radialDrogue'
[LOG 18:01:44.123] PartLoader: Compiling Part 'Squad/Parts/Utility/parachuteMk16-XL/parachuteMk16-XL/parachuteLarge'
[LOG 18:01:44.131] PartLoader: Part 'Squad/Parts/Utility/parachuteMk16-XL/parachuteMk16-XL/parachuteLarge' has no database record. Creating.
[LOG 18:01:44.131] [DragCubeSystem]: Drag cubes not found or cannot be read for part Part. Generating New drag cubes.
[LOG 18:01:44.131] [KSPCF/DragCubeGeneration] Creating drag cubes for part 'parachuteLarge'
[LOG 18:01:44.152] PartLoader: Compiling Part 'Squad/Parts/Utility/parachuteMk2-R/parachuteMk2-R/parachuteRadial'
[LOG 18:01:44.158] PartLoader: Part 'Squad/Parts/Utility/parachuteMk2-R/parachuteMk2-R/parachuteRadial' has no database record. Creating.
[LOG 18:01:44.158] [DragCubeSystem]: Drag cubes not found or cannot be read for part Part. Generating New drag cubes.
[LOG 18:01:44.158] [KSPCF/DragCubeGeneration] Creating drag cubes for part 'parachuteRadial'
[LOG 18:01:44.176] PartLoader: Compiling Part 'Squad/Parts/Utility/parachuteMk25/parachuteMk25/parachuteDrogue'
[LOG 18:01:44.180] PartLoader: Part 'Squad/Parts/Utility/parachuteMk25/parachuteMk25/parachuteDrogue' has no database record. Creating.
[LOG 18:01:44.180] [DragCubeSystem]: Drag cubes not found or cannot be read for part Part. Generating New drag cubes.
[LOG 18:01:44.180] [KSPCF/DragCubeGeneration] Creating drag cubes for part 'parachuteDrogue'
[LOG 18:01:44.198] PartLoader: Compiling Part 'Squad/Parts/Utility/radialAttachmentPoint/radialAttachmentPoint/stackPoint1'
[LOG 18:01:44.202] PartLoader: Part 'Squad/Parts/Utility/radialAttachmentPoint/radialAttachmentPoint/stackPoint1' has no database record. Creating.
[LOG 18:01:44.202] [DragCubeSystem]: Drag cubes not found or cannot be read for part Part. Generating New drag cubes.
[LOG 18:01:44.202] [KSPCF/DragCubeGeneration] Creating drag cubes for part 'stackPoint1'
[LOG 18:01:44.207] PartLoader: Compiling Part 'Squad/Parts/Utility/rcsBlockRV-105_v2/rcsBlockRV-105/RCSBlock_v2'
[LOG 18:01:44.215] PartLoader: Part 'Squad/Parts/Utility/rcsBlockRV-105_v2/rcsBlockRV-105/RCSBlock_v2' has no database record. Creating.
[LOG 18:01:44.215] [DragCubeSystem]: Drag cubes not found or cannot be read for part Part. Generating New drag cubes.
[LOG 18:01:44.215] [KSPCF/DragCubeGeneration] Creating drag cubes for part 'RCSBlock.v2'
[LOG 18:01:44.243] PartLoader: Compiling Part 'Squad/Parts/Utility/rcsBlockRV-105_v2/RCSblock_01_small/RCSblock_01_small'
[LOG 18:01:44.252] PartLoader: Part 'Squad/Parts/Utility/rcsBlockRV-105_v2/RCSblock_01_small/RCSblock_01_small' has no database record. Creating.
[LOG 18:01:44.252] [DragCubeSystem]: Drag cubes not found or cannot be read for part Part. Generating New drag cubes.
[LOG 18:01:44.252] [KSPCF/DragCubeGeneration] Creating drag cubes for part 'RCSblock.01.small'
[LOG 18:01:44.280] PartLoader: Compiling Part 'Squad/Parts/Utility/rcsSmallLinear/RCSLinearSmall/RCSLinearSmall'
[LOG 18:01:44.286] PartLoader: Part 'Squad/Parts/Utility/rcsSmallLinear/RCSLinearSmall/RCSLinearSmall' has no database record. Creating.
[LOG 18:01:44.286] [DragCubeSystem]: Drag cubes not found or cannot be read for part Part. Generating New drag cubes.
[LOG 18:01:44.286] [KSPCF/DragCubeGeneration] Creating drag cubes for part 'RCSLinearSmall'
[LOG 18:01:44.302] PartLoader: Compiling Part 'Squad/Parts/Utility/RelayAntennas/RA-100/RelayAntenna100'
[LOG 18:01:44.305] PartLoader: Part 'Squad/Parts/Utility/RelayAntennas/RA-100/RelayAntenna100' has no database record. Creating.
[LOG 18:01:44.305] [DragCubeSystem]: Drag cubes not found or cannot be read for part Part. Generating New drag cubes.
[LOG 18:01:44.305] [KSPCF/DragCubeGeneration] Creating drag cubes for part 'RelayAntenna100'
[LOG 18:01:44.311] PartLoader: Compiling Part 'Squad/Parts/Utility/RelayAntennas/RA-5/RelayAntenna5'
[LOG 18:01:44.314] PartLoader: Part 'Squad/Parts/Utility/RelayAntennas/RA-5/RelayAntenna5' has no database record. Creating.
[LOG 18:01:44.314] [DragCubeSystem]: Drag cubes not found or cannot be read for part Part. Generating New drag cubes.
[LOG 18:01:44.314] [KSPCF/DragCubeGeneration] Creating drag cubes for part 'RelayAntenna5'
[LOG 18:01:44.319] PartLoader: Compiling Part 'Squad/Parts/Utility/RelayAntennas/RA-50/RelayAntenna50'
[LOG 18:01:44.322] PartLoader: Part 'Squad/Parts/Utility/RelayAntennas/RA-50/RelayAntenna50' has no database record. Creating.
[LOG 18:01:44.322] [DragCubeSystem]: Drag cubes not found or cannot be read for part Part. Generating New drag cubes.
[LOG 18:01:44.322] [KSPCF/DragCubeGeneration] Creating drag cubes for part 'RelayAntenna50'
[LOG 18:01:44.328] PartLoader: Compiling Part 'Squad/Parts/Utility/rockomaxAdapters/largeAdapter/largeAdapter'
[LOG 18:01:44.332] PartLoader: Part 'Squad/Parts/Utility/rockomaxAdapters/largeAdapter/largeAdapter' has no database record. Creating.
[LOG 18:01:44.332] [DragCubeSystem]: Drag cubes not found or cannot be read for part Part. Generating New drag cubes.
[LOG 18:01:44.332] [KSPCF/DragCubeGeneration] Creating drag cubes for part 'largeAdapter'
[LOG 18:01:44.339] PartLoader: Compiling Part 'Squad/Parts/Utility/rockomaxAdapters/largeAdapterShort/largeAdapter2'
[LOG 18:01:44.343] PartLoader: Part 'Squad/Parts/Utility/rockomaxAdapters/largeAdapterShort/largeAdapter2' has no database record. Creating.
[LOG 18:01:44.343] [DragCubeSystem]: Drag cubes not found or cannot be read for part Part. Generating New drag cubes.
[LOG 18:01:44.344] [KSPCF/DragCubeGeneration] Creating drag cubes for part 'largeAdapter2'
[LOG 18:01:44.347] PartLoader: Compiling Part 'Squad/Parts/Utility/ServiceBay_v2/ServiceBay_125_v2/ServiceBay_125_v2'
[LOG 18:01:44.353] PartLoader: Part 'Squad/Parts/Utility/ServiceBay_v2/ServiceBay_125_v2/ServiceBay_125_v2' has no database record. Creating.
[LOG 18:01:44.353] [DragCubeSystem]: Drag cubes not found or cannot be read for part Part. Generating New drag cubes.
[LOG 18:01:44.353] [KSPCF/DragCubeGeneration] Creating drag cubes for part 'ServiceBay.125.v2'
[LOG 18:01:44.368] PartLoader: Compiling Part 'Squad/Parts/Utility/ServiceBay_v2/ServiceBay_250_v2/ServiceBay_250_v2'
[LOG 18:01:44.376] PartLoader: Part 'Squad/Parts/Utility/ServiceBay_v2/ServiceBay_250_v2/ServiceBay_250_v2' has no database record. Creating.
[LOG 18:01:44.376] [DragCubeSystem]: Drag cubes not found or cannot be read for part Part. Generating New drag cubes.
[LOG 18:01:44.376] [KSPCF/DragCubeGeneration] Creating drag cubes for part 'ServiceBay.250.v2'
[LOG 18:01:44.391] PartLoader: Compiling Part 'Squad/Parts/Utility/smallClaw/smallClaw/smallClaw'
[LOG 18:01:44.401] PartLoader: Part 'Squad/Parts/Utility/smallClaw/smallClaw/smallClaw' has no database record. Creating.
[LOG 18:01:44.401] [DragCubeSystem]: Drag cubes not found or cannot be read for part Part. Generating New drag cubes.
[LOG 18:01:44.401] [KSPCF/DragCubeGeneration] Creating drag cubes for part 'smallClaw'
[LOG 18:01:44.426] PartLoader: Compiling Part 'Squad/Parts/Utility/spotLightMk1/spotLightMk1/spotLight1'
[LOG 18:01:44.430] PartLoader: Part 'Squad/Parts/Utility/spotLightMk1/spotLightMk1/spotLight1' has no database record. Creating.
[LOG 18:01:44.430] [DragCubeSystem]: Drag cubes not found or cannot be read for part Part. Generating New drag cubes.
[LOG 18:01:44.430] [KSPCF/DragCubeGeneration] Creating drag cubes for part 'spotLight1'
[LOG 18:01:44.449] PartLoader: Compiling Part 'Squad/Parts/Utility/spotLightMk1_v2/spotLightMk1_v2/spotLight1_v2'
[LOG 18:01:44.454] PartLoader: Part 'Squad/Parts/Utility/spotLightMk1_v2/spotLightMk1_v2/spotLight1_v2' has no database record. Creating.
[LOG 18:01:44.454] [DragCubeSystem]: Drag cubes not found or cannot be read for part Part. Generating New drag cubes.
[LOG 18:01:44.454] [KSPCF/DragCubeGeneration] Creating drag cubes for part 'spotLight1.v2'
[LOG 18:01:44.459] PartLoader: Compiling Part 'Squad/Parts/Utility/spotLightMk2/spotLightMk2/spotLight2'
[LOG 18:01:44.463] PartLoader: Part 'Squad/Parts/Utility/spotLightMk2/spotLightMk2/spotLight2' has no database record. Creating.
[LOG 18:01:44.463] [DragCubeSystem]: Drag cubes not found or cannot be read for part Part. Generating New drag cubes.
[LOG 18:01:44.463] [KSPCF/DragCubeGeneration] Creating drag cubes for part 'spotLight2'
[LOG 18:01:44.467] PartLoader: Compiling Part 'Squad/Parts/Utility/spotLightMk2_v2/spotLightMk2_v2/spotLight2_v2'
[LOG 18:01:44.472] PartLoader: Part 'Squad/Parts/Utility/spotLightMk2_v2/spotLightMk2_v2/spotLight2_v2' has no database record. Creating.
[LOG 18:01:44.472] [DragCubeSystem]: Drag cubes not found or cannot be read for part Part. Generating New drag cubes.
[LOG 18:01:44.472] [KSPCF/DragCubeGeneration] Creating drag cubes for part 'spotLight2.v2'
[LOG 18:01:44.477] PartLoader: Compiling Part 'Squad/Parts/Utility/stackCouplers/stackBiCoupler_v2/stackBiCoupler_v2'
[LOG 18:01:44.480] PartLoader: Part 'Squad/Parts/Utility/stackCouplers/stackBiCoupler_v2/stackBiCoupler_v2' has no database record. Creating.
[LOG 18:01:44.480] [DragCubeSystem]: Drag cubes not found or cannot be read for part Part. Generating New drag cubes.
[LOG 18:01:44.480] [KSPCF/DragCubeGeneration] Creating drag cubes for part 'stackBiCoupler.v2'
[LOG 18:01:44.484] PartLoader: Compiling Part 'Squad/Parts/Utility/stackCouplers/stackQuadCoupler/stackQuadCoupler'
[LOG 18:01:44.488] PartLoader: Part 'Squad/Parts/Utility/stackCouplers/stackQuadCoupler/stackQuadCoupler' has no database record. Creating.
[LOG 18:01:44.488] [DragCubeSystem]: Drag cubes not found or cannot be read for part Part. Generating New drag cubes.
[LOG 18:01:44.488] [KSPCF/DragCubeGeneration] Creating drag cubes for part 'stackQuadCoupler'
[LOG 18:01:44.492] PartLoader: Compiling Part 'Squad/Parts/Utility/stackCouplers/stackTriCoupler_v2/stackTriCoupler_v2'
[LOG 18:01:44.495] PartLoader: Part 'Squad/Parts/Utility/stackCouplers/stackTriCoupler_v2/stackTriCoupler_v2' has no database record. Creating.
[LOG 18:01:44.495] [DragCubeSystem]: Drag cubes not found or cannot be read for part Part. Generating New drag cubes.
[LOG 18:01:44.495] [KSPCF/DragCubeGeneration] Creating drag cubes for part 'stackTriCoupler.v2'
[LOG 18:01:44.500] PartLoader: Compiling Part 'Squad/Parts/Wheel/LandingGear/GearExtraLarge/GearLarge'
[LOG 18:01:44.520] PartLoader: Part 'Squad/Parts/Wheel/LandingGear/GearExtraLarge/GearLarge' has no database record. Creating.
[LOG 18:01:44.520] [DragCubeSystem]: Drag cubes not found or cannot be read for part Part. Generating New drag cubes.
[LOG 18:01:44.520] [KSPCF/DragCubeGeneration] Creating drag cubes for part 'GearLarge'
[LOG 18:01:44.541] PartLoader: Compiling Part 'Squad/Parts/Wheel/LandingGear/GearFixed/GearFixed'
[LOG 18:01:44.549] PartLoader: Part 'Squad/Parts/Wheel/LandingGear/GearFixed/GearFixed' has no database record. Creating.
[LOG 18:01:44.549] [DragCubeSystem]: Drag cubes not found or cannot be read for part Part. Generating New drag cubes.
[LOG 18:01:44.549] [KSPCF/DragCubeGeneration] Creating drag cubes for part 'GearFixed'
[LOG 18:01:44.553] PartLoader: Compiling Part 'Squad/Parts/Wheel/LandingGear/GearFree/GearFree'
[LOG 18:01:44.570] PartLoader: Part 'Squad/Parts/Wheel/LandingGear/GearFree/GearFree' has no database record. Creating.
[LOG 18:01:44.571] [DragCubeSystem]: Drag cubes not found or cannot be read for part Part. Generating New drag cubes.
[LOG 18:01:44.571] [KSPCF/DragCubeGeneration] Creating drag cubes for part 'GearFree'
[LOG 18:01:44.576] PartLoader: Compiling Part 'Squad/Parts/Wheel/LandingGear/GearLarge/GearMedium'
[LOG 18:01:44.593] PartLoader: Part 'Squad/Parts/Wheel/LandingGear/GearLarge/GearMedium' has no database record. Creating.
[LOG 18:01:44.593] [DragCubeSystem]: Drag cubes not found or cannot be read for part Part. Generating New drag cubes.
[LOG 18:01:44.593] [KSPCF/DragCubeGeneration] Creating drag cubes for part 'GearMedium'
[LOG 18:01:44.619] PartLoader: Compiling Part 'Squad/Parts/Wheel/LandingGear/GearMedium/GearSmall'
[LOG 18:01:44.634] PartLoader: Part 'Squad/Parts/Wheel/LandingGear/GearMedium/GearSmall' has no database record. Creating.
[LOG 18:01:44.634] [DragCubeSystem]: Drag cubes not found or cannot be read for part Part. Generating New drag cubes.
[LOG 18:01:44.634] [KSPCF/DragCubeGeneration] Creating drag cubes for part 'GearSmall'
[LOG 18:01:44.650] PartLoader: Compiling Part 'Squad/Parts/Wheel/LandingGear/GearSmall/SmallGearBay'
[LOG 18:01:44.664] PartLoader: Part 'Squad/Parts/Wheel/LandingGear/GearSmall/SmallGearBay' has no database record. Creating.
[LOG 18:01:44.664] [DragCubeSystem]: Drag cubes not found or cannot be read for part Part. Generating New drag cubes.
[LOG 18:01:44.664] [KSPCF/DragCubeGeneration] Creating drag cubes for part 'SmallGearBay'
[LOG 18:01:44.681] PartLoader: Compiling Part 'Squad/Parts/Wheel/roverWheelM1/roverWheelM1/roverWheel1'
[LOG 18:01:44.694] PartLoader: Part 'Squad/Parts/Wheel/roverWheelM1/roverWheelM1/roverWheel1' has no database record. Creating.
[LOG 18:01:44.695] [DragCubeSystem]: Drag cubes not found or cannot be read for part Part. Generating New drag cubes.
[LOG 18:01:44.695] [KSPCF/DragCubeGeneration] Creating drag cubes for part 'roverWheel1'
[LOG 18:01:44.701] PartLoader: Compiling Part 'Squad/Parts/Wheel/roverWheelS2/roverWheelS2/roverWheel2'
[LOG 18:01:44.713] PartLoader: Part 'Squad/Parts/Wheel/roverWheelS2/roverWheelS2/roverWheel2' has no database record. Creating.
[LOG 18:01:44.713] [DragCubeSystem]: Drag cubes not found or cannot be read for part Part. Generating New drag cubes.
[LOG 18:01:44.713] [KSPCF/DragCubeGeneration] Creating drag cubes for part 'roverWheel2'
[LOG 18:01:44.719] PartLoader: Compiling Part 'Squad/Parts/Wheel/roverWheelTR-2L/roverWheelTR-2L/wheelMed'
[LOG 18:01:44.727] PartLoader: Part 'Squad/Parts/Wheel/roverWheelTR-2L/roverWheelTR-2L/wheelMed' has no database record. Creating.
[LOG 18:01:44.727] [DragCubeSystem]: Drag cubes not found or cannot be read for part Part. Generating New drag cubes.
[LOG 18:01:44.727] [KSPCF/DragCubeGeneration] Creating drag cubes for part 'wheelMed'
[LOG 18:01:44.733] PartLoader: Compiling Part 'Squad/Parts/Wheel/roverWheelXL3/roverWheelXL3/roverWheel3'
[LOG 18:01:44.743] PartLoader: Part 'Squad/Parts/Wheel/roverWheelXL3/roverWheelXL3/roverWheel3' has no database record. Creating.
[LOG 18:01:44.743] [DragCubeSystem]: Drag cubes not found or cannot be read for part Part. Generating New drag cubes.
[LOG 18:01:44.743] [KSPCF/DragCubeGeneration] Creating drag cubes for part 'roverWheel3'
[LOG 18:01:44.750] PartLoader: Compiling Part 'SquadExpansion/MakingHistory/Parts/Aero/protectiveRocketNoseMk16/rocketNoseCone_size4/rocketNoseConeSize4'
[LOG 18:01:44.753] PartLoader: Part 'SquadExpansion/MakingHistory/Parts/Aero/protectiveRocketNoseMk16/rocketNoseCone_size4/rocketNoseConeSize4' has no database record. Creating.
[LOG 18:01:44.753] [DragCubeSystem]: Drag cubes not found or cannot be read for part Part. Generating New drag cubes.
[LOG 18:01:44.753] [KSPCF/DragCubeGeneration] Creating drag cubes for part 'rocketNoseConeSize4'
[LOG 18:01:44.758] PartLoader: Compiling Part 'SquadExpansion/MakingHistory/Parts/Aero/protectiveRocketNoseMk5A/Size_1_5_Cone/Size_1_5_Cone'
[LOG 18:01:44.761] PartLoader: Part 'SquadExpansion/MakingHistory/Parts/Aero/protectiveRocketNoseMk5A/Size_1_5_Cone/Size_1_5_Cone' has no database record. Creating.
[LOG 18:01:44.761] [DragCubeSystem]: Drag cubes not found or cannot be read for part Part. Generating New drag cubes.
[LOG 18:01:44.761] [KSPCF/DragCubeGeneration] Creating drag cubes for part 'Size.1.5.Cone'
[LOG 18:01:44.766] PartLoader: Compiling Part 'SquadExpansion/MakingHistory/Parts/Coupling/Decoupler_1p5/Decoupler_1p5'
[LOG 18:01:44.771] PartLoader: Part 'SquadExpansion/MakingHistory/Parts/Coupling/Decoupler_1p5/Decoupler_1p5' has no database record. Creating.
[LOG 18:01:44.771] PartLoader: Compiling Part 'SquadExpansion/MakingHistory/Parts/Coupling/Decoupler_4/Decoupler_4'
[LOG 18:01:44.776] PartLoader: Part 'SquadExpansion/MakingHistory/Parts/Coupling/Decoupler_4/Decoupler_4' has no database record. Creating.
[LOG 18:01:44.776] PartLoader: Compiling Part 'SquadExpansion/MakingHistory/Parts/Coupling/EnginePlate_1p5/EnginePlate1p5'
[LOG 18:01:44.788] PartLoader: Part 'SquadExpansion/MakingHistory/Parts/Coupling/EnginePlate_1p5/EnginePlate1p5' has no database record. Creating.
[LOG 18:01:44.788] [DragCubeSystem]: Drag cubes not found or cannot be read for part Part. Generating New drag cubes.
[LOG 18:01:44.788] [KSPCF/DragCubeGeneration] Part 'EnginePlate1p5' has defined a procedural drag cube setup
[LOG 18:01:44.789] PartLoader: Compiling Part 'SquadExpansion/MakingHistory/Parts/Coupling/EnginePlate_2/EnginePlate2'
[LOG 18:01:44.799] PartLoader: Part 'SquadExpansion/MakingHistory/Parts/Coupling/EnginePlate_2/EnginePlate2' has no database record. Creating.
[LOG 18:01:44.799] [DragCubeSystem]: Drag cubes not found or cannot be read for part Part. Generating New drag cubes.
[LOG 18:01:44.799] [KSPCF/DragCubeGeneration] Part 'EnginePlate2' has defined a procedural drag cube setup
[LOG 18:01:44.800] PartLoader: Compiling Part 'SquadExpansion/MakingHistory/Parts/Coupling/EnginePlate_3/EnginePlate3'
[LOG 18:01:44.809] PartLoader: Part 'SquadExpansion/MakingHistory/Parts/Coupling/EnginePlate_3/EnginePlate3' has no database record. Creating.
[LOG 18:01:44.809] [DragCubeSystem]: Drag cubes not found or cannot be read for part Part. Generating New drag cubes.
[LOG 18:01:44.809] [KSPCF/DragCubeGeneration] Part 'EnginePlate3' has defined a procedural drag cube setup
[LOG 18:01:44.809] PartLoader: Compiling Part 'SquadExpansion/MakingHistory/Parts/Coupling/EnginePlate_4/EnginePlate4'
[LOG 18:01:44.816] PartLoader: Part 'SquadExpansion/MakingHistory/Parts/Coupling/EnginePlate_4/EnginePlate4' has no database record. Creating.
[LOG 18:01:44.816] [DragCubeSystem]: Drag cubes not found or cannot be read for part Part. Generating New drag cubes.
[LOG 18:01:44.816] [KSPCF/DragCubeGeneration] Part 'EnginePlate4' has defined a procedural drag cube setup
[LOG 18:01:44.816] PartLoader: Compiling Part 'SquadExpansion/MakingHistory/Parts/Coupling/EnginePlate_5/EnginePlate5'
[LOG 18:01:44.825] PartLoader: Part 'SquadExpansion/MakingHistory/Parts/Coupling/EnginePlate_5/EnginePlate5' has no database record. Creating.
[LOG 18:01:44.825] [DragCubeSystem]: Drag cubes not found or cannot be read for part Part. Generating New drag cubes.
[LOG 18:01:44.825] [KSPCF/DragCubeGeneration] Part 'EnginePlate5' has defined a procedural drag cube setup
[LOG 18:01:44.826] PartLoader: Compiling Part 'SquadExpansion/MakingHistory/Parts/Coupling/InflatableAirlock/InflatableAirlock'
[LOG 18:01:44.831] PartLoader: Part 'SquadExpansion/MakingHistory/Parts/Coupling/InflatableAirlock/InflatableAirlock' has no database record. Creating.
[LOG 18:01:44.832] [DragCubeSystem]: Drag cubes not found or cannot be read for part Part. Generating New drag cubes.
[LOG 18:01:44.832] [KSPCF/DragCubeGeneration] Creating drag cubes for part 'InflatableAirlock'
[LOG 18:01:44.845] PartLoader: Compiling Part 'SquadExpansion/MakingHistory/Parts/Coupling/Separator_1p5/Separator_1p5'
[LOG 18:01:44.850] PartLoader: Part 'SquadExpansion/MakingHistory/Parts/Coupling/Separator_1p5/Separator_1p5' has no database record. Creating.
[LOG 18:01:44.850] PartLoader: Compiling Part 'SquadExpansion/MakingHistory/Parts/Coupling/Separator_4/Separator_4'
[LOG 18:01:44.855] PartLoader: Part 'SquadExpansion/MakingHistory/Parts/Coupling/Separator_4/Separator_4' has no database record. Creating.
[LOG 18:01:44.855] PartLoader: Compiling Part 'SquadExpansion/MakingHistory/Parts/Coupling/Size1p5_Strut_Decoupler/Size1p5_Strut_Decoupler'
[LOG 18:01:44.862] PartLoader: Part 'SquadExpansion/MakingHistory/Parts/Coupling/Size1p5_Strut_Decoupler/Size1p5_Strut_Decoupler' has no database record. Creating.
[LOG 18:01:44.862] PartLoader: Compiling Part 'SquadExpansion/MakingHistory/Parts/Engine/LiquidEngineKE-1/LiquidEngineKE-1'
[LOG 18:01:44.875] PartLoader: Part 'SquadExpansion/MakingHistory/Parts/Engine/LiquidEngineKE-1/LiquidEngineKE-1' has no database record. Creating.
[LOG 18:01:44.875] [DragCubeSystem]: Drag cubes not found or cannot be read for part Part. Generating New drag cubes.
[LOG 18:01:44.875] [KSPCF/DragCubeGeneration] Creating drag cubes for part 'LiquidEngineKE-1'
[LOG 18:01:44.910] PartLoader: Compiling Part 'SquadExpansion/MakingHistory/Parts/Engine/LiquidEngineLV-T91/LiquidEngineLV-T91'
[LOG 18:01:44.920] PartLoader: Part 'SquadExpansion/MakingHistory/Parts/Engine/LiquidEngineLV-T91/LiquidEngineLV-T91' has no database record. Creating.
[LOG 18:01:44.920] [DragCubeSystem]: Drag cubes not found or cannot be read for part Part. Generating New drag cubes.
[LOG 18:01:44.920] [KSPCF/DragCubeGeneration] Creating drag cubes for part 'LiquidEngineLV-T91'
[LOG 18:01:44.949] PartLoader: Compiling Part 'SquadExpansion/MakingHistory/Parts/Engine/LiquidEngineLV-TX87/LiquidEngineLV-TX87'
[LOG 18:01:44.962] PartLoader: Part 'SquadExpansion/MakingHistory/Parts/Engine/LiquidEngineLV-TX87/LiquidEngineLV-TX87' has no database record. Creating.
[LOG 18:01:44.962] [DragCubeSystem]: Drag cubes not found or cannot be read for part Part. Generating New drag cubes.
[LOG 18:01:44.962] [KSPCF/DragCubeGeneration] Creating drag cubes for part 'LiquidEngineLV-TX87'
[LOG 18:01:44.992] PartLoader: Compiling Part 'SquadExpansion/MakingHistory/Parts/Engine/LiquidEngineRE-I2/LiquidEngineRE-I2'
[LOG 18:01:45.002] PartLoader: Part 'SquadExpansion/MakingHistory/Parts/Engine/LiquidEngineRE-I2/LiquidEngineRE-I2' has no database record. Creating.
[LOG 18:01:45.002] [DragCubeSystem]: Drag cubes not found or cannot be read for part Part. Generating New drag cubes.
[LOG 18:01:45.002] [KSPCF/DragCubeGeneration] Creating drag cubes for part 'LiquidEngineRE-I2'
[LOG 18:01:45.027] PartLoader: Compiling Part 'SquadExpansion/MakingHistory/Parts/Engine/LiquidEngineRE-J10/LiquidEngineRE-J10'
[LOG 18:01:45.035] PartLoader: Part 'SquadExpansion/MakingHistory/Parts/Engine/LiquidEngineRE-J10/LiquidEngineRE-J10' has no database record. Creating.
[LOG 18:01:45.035] [DragCubeSystem]: Drag cubes not found or cannot be read for part Part. Generating New drag cubes.
[LOG 18:01:45.036] [KSPCF/DragCubeGeneration] Creating drag cubes for part 'LiquidEngineRE-J10'
[LOG 18:01:45.058] PartLoader: Compiling Part 'SquadExpansion/MakingHistory/Parts/Engine/LiquidEngineRK-7/LiquidEngineRK-7'
[LOG 18:01:45.065] PartLoader: Part 'SquadExpansion/MakingHistory/Parts/Engine/LiquidEngineRK-7/LiquidEngineRK-7' has no database record. Creating.
[LOG 18:01:45.066] [DragCubeSystem]: Drag cubes not found or cannot be read for part Part. Generating New drag cubes.
[LOG 18:01:45.066] [KSPCF/DragCubeGeneration] Creating drag cubes for part 'LiquidEngineRK-7'
[LOG 18:01:45.093] PartLoader: Compiling Part 'SquadExpansion/MakingHistory/Parts/Engine/LiquidEngineRV-1/LiquidEngineRV-1'
[LOG 18:01:45.102] PartLoader: Part 'SquadExpansion/MakingHistory/Parts/Engine/LiquidEngineRV-1/LiquidEngineRV-1' has no database record. Creating.
[LOG 18:01:45.102] [DragCubeSystem]: Drag cubes not found or cannot be read for part Part. Generating New drag cubes.
[LOG 18:01:45.102] [KSPCF/DragCubeGeneration] Creating drag cubes for part 'LiquidEngineRV-1'
[LOG 18:01:45.107] PartLoader: Compiling Part 'SquadExpansion/MakingHistory/Parts/Engine/solidBoosterTHK/solidBoosterTHK/Pollux'
[LOG 18:01:45.112] PartLoader: Part 'SquadExpansion/MakingHistory/Parts/Engine/solidBoosterTHK/solidBoosterTHK/Pollux' has no database record. Creating.
[LOG 18:01:45.112] [DragCubeSystem]: Drag cubes not found or cannot be read for part Part. Generating New drag cubes.
[LOG 18:01:45.112] [KSPCF/DragCubeGeneration] Creating drag cubes for part 'Pollux'
[LOG 18:01:45.117] PartLoader: Compiling Part 'SquadExpansion/MakingHistory/Parts/FuelTank/MonoPropMini/monopropMiniSphere'
[LOG 18:01:45.120] PartLoader: Part 'SquadExpansion/MakingHistory/Parts/FuelTank/MonoPropMini/monopropMiniSphere' has no database record. Creating.
[LOG 18:01:45.120] [DragCubeSystem]: Drag cubes not found or cannot be read for part Part. Generating New drag cubes.
[LOG 18:01:45.121] [KSPCF/DragCubeGeneration] Creating drag cubes for part 'monopropMiniSphere'
[LOG 18:01:45.126] PartLoader: Compiling Part 'SquadExpansion/MakingHistory/Parts/FuelTank/Size1p5_Monoprop/Size1p5_Monoprop'
[LOG 18:01:45.129] PartLoader: Part 'SquadExpansion/MakingHistory/Parts/FuelTank/Size1p5_Monoprop/Size1p5_Monoprop' has no database record. Creating.
[LOG 18:01:45.129] [DragCubeSystem]: Drag cubes not found or cannot be read for part Part. Generating New drag cubes.
[LOG 18:01:45.129] [KSPCF/DragCubeGeneration] Creating drag cubes for part 'Size1p5.Monoprop'
[LOG 18:01:45.133] PartLoader: Compiling Part 'SquadExpansion/MakingHistory/Parts/FuelTank/Size1p5_Size0_Adapter_01/Size1p5_Size0_Adapter_01'
[LOG 18:01:45.136] PartLoader: Part 'SquadExpansion/MakingHistory/Parts/FuelTank/Size1p5_Size0_Adapter_01/Size1p5_Size0_Adapter_01' has no database record. Creating.
[LOG 18:01:45.136] [DragCubeSystem]: Drag cubes not found or cannot be read for part Part. Generating New drag cubes.
[LOG 18:01:45.136] [KSPCF/DragCubeGeneration] Creating drag cubes for part 'Size1p5.Size0.Adapter.01'
[LOG 18:01:45.141] PartLoader: Compiling Part 'SquadExpansion/MakingHistory/Parts/FuelTank/Size1p5_Size1_Adapter_01/Size1p5_Size1_Adapter_01'
[LOG 18:01:45.144] PartLoader: Part 'SquadExpansion/MakingHistory/Parts/FuelTank/Size1p5_Size1_Adapter_01/Size1p5_Size1_Adapter_01' has no database record. Creating.
[LOG 18:01:45.144] [DragCubeSystem]: Drag cubes not found or cannot be read for part Part. Generating New drag cubes.
[LOG 18:01:45.144] [KSPCF/DragCubeGeneration] Creating drag cubes for part 'Size1p5.Size1.Adapter.01'
[LOG 18:01:45.149] PartLoader: Compiling Part 'SquadExpansion/MakingHistory/Parts/FuelTank/Size1p5_Size1_Adapter_02/Size1p5_Size1_Adapter_02'
[LOG 18:01:45.153] PartLoader: Part 'SquadExpansion/MakingHistory/Parts/FuelTank/Size1p5_Size1_Adapter_02/Size1p5_Size1_Adapter_02' has no database record. Creating.
[LOG 18:01:45.153] [DragCubeSystem]: Drag cubes not found or cannot be read for part Part. Generating New drag cubes.
[LOG 18:01:45.153] [KSPCF/DragCubeGeneration] Creating drag cubes for part 'Size1p5.Size1.Adapter.02'
[LOG 18:01:45.159] PartLoader: Compiling Part 'SquadExpansion/MakingHistory/Parts/FuelTank/Size1p5_Size2_Adapter_01/Size1p5_Size2_Adapter_01'
[LOG 18:01:45.163] PartLoader: Part 'SquadExpansion/MakingHistory/Parts/FuelTank/Size1p5_Size2_Adapter_01/Size1p5_Size2_Adapter_01' has no database record. Creating.
[LOG 18:01:45.163] [DragCubeSystem]: Drag cubes not found or cannot be read for part Part. Generating New drag cubes.
[LOG 18:01:45.163] [KSPCF/DragCubeGeneration] Creating drag cubes for part 'Size1p5.Size2.Adapter.01'
[LOG 18:01:45.168] PartLoader: Compiling Part 'SquadExpansion/MakingHistory/Parts/FuelTank/Size1p5_Tank_01/Size1p5_Tank_01'
[LOG 18:01:45.171] PartLoader: Part 'SquadExpansion/MakingHistory/Parts/FuelTank/Size1p5_Tank_01/Size1p5_Tank_01' has no database record. Creating.
[LOG 18:01:45.171] [DragCubeSystem]: Drag cubes not found or cannot be read for part Part. Generating New drag cubes.
[LOG 18:01:45.171] [KSPCF/DragCubeGeneration] Creating drag cubes for part 'Size1p5.Tank.01'
[LOG 18:01:45.177] PartLoader: Compiling Part 'SquadExpansion/MakingHistory/Parts/FuelTank/Size1p5_Tank_02/Size1p5_Tank_02'
[LOG 18:01:45.180] PartLoader: Part 'SquadExpansion/MakingHistory/Parts/FuelTank/Size1p5_Tank_02/Size1p5_Tank_02' has no database record. Creating.
[LOG 18:01:45.180] [DragCubeSystem]: Drag cubes not found or cannot be read for part Part. Generating New drag cubes.
[LOG 18:01:45.181] [KSPCF/DragCubeGeneration] Creating drag cubes for part 'Size1p5.Tank.02'
[LOG 18:01:45.186] PartLoader: Compiling Part 'SquadExpansion/MakingHistory/Parts/FuelTank/Size1p5_Tank_03/Size1p5_Tank_03'
[LOG 18:01:45.190] PartLoader: Part 'SquadExpansion/MakingHistory/Parts/FuelTank/Size1p5_Tank_03/Size1p5_Tank_03' has no database record. Creating.
[LOG 18:01:45.190] [DragCubeSystem]: Drag cubes not found or cannot be read for part Part. Generating New drag cubes.
[LOG 18:01:45.190] [KSPCF/DragCubeGeneration] Creating drag cubes for part 'Size1p5.Tank.03'
[LOG 18:01:45.198] PartLoader: Compiling Part 'SquadExpansion/MakingHistory/Parts/FuelTank/Size1p5_Tank_04/Size1p5_Tank_04'
[LOG 18:01:45.202] PartLoader: Part 'SquadExpansion/MakingHistory/Parts/FuelTank/Size1p5_Tank_04/Size1p5_Tank_04' has no database record. Creating.
[LOG 18:01:45.202] [DragCubeSystem]: Drag cubes not found or cannot be read for part Part. Generating New drag cubes.
[LOG 18:01:45.202] [KSPCF/DragCubeGeneration] Creating drag cubes for part 'Size1p5.Tank.04'
[LOG 18:01:45.208] PartLoader: Compiling Part 'SquadExpansion/MakingHistory/Parts/FuelTank/Size1p5_Tank_05/Size1p5_Tank_05'
[LOG 18:01:45.214] PartLoader: Part 'SquadExpansion/MakingHistory/Parts/FuelTank/Size1p5_Tank_05/Size1p5_Tank_05' has no database record. Creating.
[LOG 18:01:45.214] [DragCubeSystem]: Drag cubes not found or cannot be read for part Part. Generating New drag cubes.
[LOG 18:01:45.214] [KSPCF/DragCubeGeneration] Creating drag cubes for part 'Size1p5.Tank.05'
[LOG 18:01:45.220] PartLoader: Compiling Part 'SquadExpansion/MakingHistory/Parts/FuelTank/Size3_Size4_Adapter_01/Size3_Size4_Adapter_01'
[LOG 18:01:45.224] PartLoader: Part 'SquadExpansion/MakingHistory/Parts/FuelTank/Size3_Size4_Adapter_01/Size3_Size4_Adapter_01' has no database record. Creating.
[LOG 18:01:45.224] [DragCubeSystem]: Drag cubes not found or cannot be read for part Part. Generating New drag cubes.
[LOG 18:01:45.224] [KSPCF/DragCubeGeneration] Creating drag cubes for part 'Size3.Size4.Adapter.01'
[LOG 18:01:45.231] PartLoader: Compiling Part 'SquadExpansion/MakingHistory/Parts/FuelTank/Size4_EngineAdapter_01/Size4_EngineAdapter_01'
[LOG 18:01:45.234] PartLoader: Part 'SquadExpansion/MakingHistory/Parts/FuelTank/Size4_EngineAdapter_01/Size4_EngineAdapter_01' has no database record. Creating.
[LOG 18:01:45.234] [DragCubeSystem]: Drag cubes not found or cannot be read for part Part. Generating New drag cubes.
[LOG 18:01:45.234] [KSPCF/DragCubeGeneration] Creating drag cubes for part 'Size4.EngineAdapter.01'
[LOG 18:01:45.239] PartLoader: Compiling Part 'SquadExpansion/MakingHistory/Parts/FuelTank/Size4_Tank_01/Size4_Tank_01'
[LOG 18:01:45.243] PartLoader: Part 'SquadExpansion/MakingHistory/Parts/FuelTank/Size4_Tank_01/Size4_Tank_01' has no database record. Creating.
[LOG 18:01:45.244] [DragCubeSystem]: Drag cubes not found or cannot be read for part Part. Generating New drag cubes.
[LOG 18:01:45.244] [KSPCF/DragCubeGeneration] Creating drag cubes for part 'Size4.Tank.01'
[LOG 18:01:45.248] PartLoader: Compiling Part 'SquadExpansion/MakingHistory/Parts/FuelTank/Size4_Tank_02/Size4_Tank_02'
[LOG 18:01:45.251] PartLoader: Part 'SquadExpansion/MakingHistory/Parts/FuelTank/Size4_Tank_02/Size4_Tank_02' has no database record. Creating.
[LOG 18:01:45.251] [DragCubeSystem]: Drag cubes not found or cannot be read for part Part. Generating New drag cubes.
[LOG 18:01:45.251] [KSPCF/DragCubeGeneration] Creating drag cubes for part 'Size4.Tank.02'
[LOG 18:01:45.256] PartLoader: Compiling Part 'SquadExpansion/MakingHistory/Parts/FuelTank/Size4_Tank_03/Size4_Tank_03'
[LOG 18:01:45.259] PartLoader: Part 'SquadExpansion/MakingHistory/Parts/FuelTank/Size4_Tank_03/Size4_Tank_03' has no database record. Creating.
[LOG 18:01:45.259] [DragCubeSystem]: Drag cubes not found or cannot be read for part Part. Generating New drag cubes.
[LOG 18:01:45.259] [KSPCF/DragCubeGeneration] Creating drag cubes for part 'Size4.Tank.03'
[LOG 18:01:45.265] PartLoader: Compiling Part 'SquadExpansion/MakingHistory/Parts/FuelTank/Size4_Tank_04/Size4_Tank_04'
[LOG 18:01:45.268] PartLoader: Part 'SquadExpansion/MakingHistory/Parts/FuelTank/Size4_Tank_04/Size4_Tank_04' has no database record. Creating.
[LOG 18:01:45.268] [DragCubeSystem]: Drag cubes not found or cannot be read for part Part. Generating New drag cubes.
[LOG 18:01:45.268] [KSPCF/DragCubeGeneration] Creating drag cubes for part 'Size4.Tank.04'
[LOG 18:01:45.272] PartLoader: Compiling Part 'SquadExpansion/MakingHistory/Parts/Ground/RoverWheel/roverWheelM1-F'
[LOG 18:01:45.281] PartLoader: Part 'SquadExpansion/MakingHistory/Parts/Ground/RoverWheel/roverWheelM1-F' has no database record. Creating.
[LOG 18:01:45.281] [DragCubeSystem]: Drag cubes not found or cannot be read for part Part. Generating New drag cubes.
[LOG 18:01:45.281] [KSPCF/DragCubeGeneration] Creating drag cubes for part 'roverWheelM1-F'
[LOG 18:01:45.296] PartLoader: Compiling Part 'SquadExpansion/MakingHistory/Parts/Payload/fairingSize1p5/fairingSize1p5'
[LOG 18:01:45.306] PartLoader: Part 'SquadExpansion/MakingHistory/Parts/Payload/fairingSize1p5/fairingSize1p5' has no database record. Creating.
[LOG 18:01:45.306] [DragCubeSystem]: Drag cubes not found or cannot be read for part Part. Generating New drag cubes.
[LOG 18:01:45.306] [KSPCF/DragCubeGeneration] Creating drag cubes for part 'fairingSize1p5'
[LOG 18:01:45.312] PartLoader: Compiling Part 'SquadExpansion/MakingHistory/Parts/Payload/fairingSize4/fairingSize4'
[LOG 18:01:45.321] PartLoader: Part 'SquadExpansion/MakingHistory/Parts/Payload/fairingSize4/fairingSize4' has no database record. Creating.
[LOG 18:01:45.321] [DragCubeSystem]: Drag cubes not found or cannot be read for part Part. Generating New drag cubes.
[LOG 18:01:45.321] [KSPCF/DragCubeGeneration] Creating drag cubes for part 'fairingSize4'
[LOG 18:01:45.328] PartLoader: Compiling Part 'SquadExpansion/MakingHistory/Parts/Payload/Size1to0ServiceModule/Size1to0ServiceModule'
[LOG 18:01:45.337] PartLoader: Part 'SquadExpansion/MakingHistory/Parts/Payload/Size1to0ServiceModule/Size1to0ServiceModule' has no database record. Creating.
[LOG 18:01:45.337] [DragCubeSystem]: Drag cubes not found or cannot be read for part Part. Generating New drag cubes.
[LOG 18:01:45.337] [KSPCF/DragCubeGeneration] Part 'Size1to0ServiceModule' has defined a procedural drag cube setup
[LOG 18:01:45.338] PartLoader: Compiling Part 'SquadExpansion/MakingHistory/Parts/Payload/SM18/ServiceModule18'
[LOG 18:01:45.347] PartLoader: Part 'SquadExpansion/MakingHistory/Parts/Payload/SM18/ServiceModule18' has no database record. Creating.
[LOG 18:01:45.347] [DragCubeSystem]: Drag cubes not found or cannot be read for part Part. Generating New drag cubes.
[LOG 18:01:45.347] [KSPCF/DragCubeGeneration] Part 'ServiceModule18' has defined a procedural drag cube setup
[LOG 18:01:45.348] PartLoader: Compiling Part 'SquadExpansion/MakingHistory/Parts/Payload/SM25/ServiceModule25'
[LOG 18:01:45.354] PartLoader: Part 'SquadExpansion/MakingHistory/Parts/Payload/SM25/ServiceModule25' has no database record. Creating.
[LOG 18:01:45.354] [DragCubeSystem]: Drag cubes not found or cannot be read for part Part. Generating New drag cubes.
[LOG 18:01:45.354] [KSPCF/DragCubeGeneration] Part 'ServiceModule25' has defined a procedural drag cube setup
[LOG 18:01:45.355] PartLoader: Compiling Part 'SquadExpansion/MakingHistory/Parts/Pods/KV1Pod/kv1Pod'
[WRN 18:01:45.359] [Part]: Cannot have ModuleCargoPart and ModuleInventoryPart on same Part [kv1Pod'. Removed ModuleCargoPart
[LOG 18:01:45.364] PartLoader: Part 'SquadExpansion/MakingHistory/Parts/Pods/KV1Pod/kv1Pod' has no database record. Creating.
[LOG 18:01:45.366] PartLoader: Compiling Part 'SquadExpansion/MakingHistory/Parts/Pods/KV2Pod/kv2Pod'
[WRN 18:01:45.370] [Part]: Cannot have ModuleCargoPart and ModuleInventoryPart on same Part [kv2Pod'. Removed ModuleCargoPart
[LOG 18:01:45.375] PartLoader: Part 'SquadExpansion/MakingHistory/Parts/Pods/KV2Pod/kv2Pod' has no database record. Creating.
[LOG 18:01:45.377] PartLoader: Compiling Part 'SquadExpansion/MakingHistory/Parts/Pods/KV3Pod/kv3Pod'
[WRN 18:01:45.381] [Part]: Cannot have ModuleCargoPart and ModuleInventoryPart on same Part [kv3Pod'. Removed ModuleCargoPart
[LOG 18:01:45.384] PartLoader: Part 'SquadExpansion/MakingHistory/Parts/Pods/KV3Pod/kv3Pod' has no database record. Creating.
[LOG 18:01:45.386] PartLoader: Compiling Part 'SquadExpansion/MakingHistory/Parts/Pods/Mk2Pod/Mk2Pod'
[WRN 18:01:45.389] [Part]: Cannot have ModuleCargoPart and ModuleInventoryPart on same Part [Mk2Pod'. Removed ModuleCargoPart
[LOG 18:01:45.394] PartLoader: Part 'SquadExpansion/MakingHistory/Parts/Pods/Mk2Pod/Mk2Pod' has no database record. Creating.
[LOG 18:01:45.394] [DragCubeSystem]: Drag cubes not found or cannot be read for part Part. Generating New drag cubes.
[LOG 18:01:45.394] [KSPCF/DragCubeGeneration] Creating drag cubes for part 'Mk2Pod'
[LOG 18:01:45.400] PartLoader: Compiling Part 'SquadExpansion/MakingHistory/Parts/Pods/Size1_5_Lander/MEMLander'
[WRN 18:01:45.405] [Part]: Cannot add ModuleCargoPart as this Part 'MEMLander' already has a ModuleInventoryPart PartModule and they are mutually exclusive.
[LOG 18:01:45.409] PartLoader: Part 'SquadExpansion/MakingHistory/Parts/Pods/Size1_5_Lander/MEMLander' has no database record. Creating.
[LOG 18:01:45.409] [DragCubeSystem]: Drag cubes not found or cannot be read for part Part. Generating New drag cubes.
[LOG 18:01:45.409] [KSPCF/DragCubeGeneration] Creating drag cubes for part 'MEMLander'
[LOG 18:01:45.416] PartLoader: Compiling Part 'SquadExpansion/MakingHistory/Parts/Prebuilt/kerbalEVAfemaleVintage/kerbalEVAfemaleVintage'
[LOG 18:01:45.422] PartLoader: Compiling Part 'SquadExpansion/MakingHistory/Parts/Prebuilt/kerbalEVAVintage/kerbalEVAVintage'
[LOG 18:01:45.431] PartLoader: Compiling Part 'SquadExpansion/MakingHistory/Parts/Structural/EquiTriangle0/EquiTriangle0'
[LOG 18:01:45.438] PartLoader: Part 'SquadExpansion/MakingHistory/Parts/Structural/EquiTriangle0/EquiTriangle0' has no database record. Creating.
[LOG 18:01:45.438] [DragCubeSystem]: Drag cubes not found or cannot be read for part Part. Generating New drag cubes.
[LOG 18:01:45.438] [KSPCF/DragCubeGeneration] Creating drag cubes for part 'EquiTriangle0'
[LOG 18:01:45.444] PartLoader: Compiling Part 'SquadExpansion/MakingHistory/Parts/Structural/EquiTriangle1/EquiTriangle1'
[LOG 18:01:45.449] PartLoader: Part 'SquadExpansion/MakingHistory/Parts/Structural/EquiTriangle1/EquiTriangle1' has no database record. Creating.
[LOG 18:01:45.449] [DragCubeSystem]: Drag cubes not found or cannot be read for part Part. Generating New drag cubes.
[LOG 18:01:45.449] [KSPCF/DragCubeGeneration] Creating drag cubes for part 'EquiTriangle1'
[LOG 18:01:45.453] PartLoader: Compiling Part 'SquadExpansion/MakingHistory/Parts/Structural/EquiTriangle1p5/EquiTriangle1p5'
[LOG 18:01:45.459] PartLoader: Part 'SquadExpansion/MakingHistory/Parts/Structural/EquiTriangle1p5/EquiTriangle1p5' has no database record. Creating.
[LOG 18:01:45.459] [DragCubeSystem]: Drag cubes not found or cannot be read for part Part. Generating New drag cubes.
[LOG 18:01:45.459] [KSPCF/DragCubeGeneration] Creating drag cubes for part 'EquiTriangle1p5'
[LOG 18:01:45.463] PartLoader: Compiling Part 'SquadExpansion/MakingHistory/Parts/Structural/EquiTriangle2/EquiTriangle2'
[LOG 18:01:45.467] PartLoader: Part 'SquadExpansion/MakingHistory/Parts/Structural/EquiTriangle2/EquiTriangle2' has no database record. Creating.
[LOG 18:01:45.467] [DragCubeSystem]: Drag cubes not found or cannot be read for part Part. Generating New drag cubes.
[LOG 18:01:45.467] [KSPCF/DragCubeGeneration] Creating drag cubes for part 'EquiTriangle2'
[LOG 18:01:45.472] PartLoader: Compiling Part 'SquadExpansion/MakingHistory/Parts/Structural/Panel0/Panel0'
[LOG 18:01:45.477] PartLoader: Part 'SquadExpansion/MakingHistory/Parts/Structural/Panel0/Panel0' has no database record. Creating.
[LOG 18:01:45.477] [DragCubeSystem]: Drag cubes not found or cannot be read for part Part. Generating New drag cubes.
[LOG 18:01:45.477] [KSPCF/DragCubeGeneration] Creating drag cubes for part 'Panel0'
[LOG 18:01:45.482] PartLoader: Compiling Part 'SquadExpansion/MakingHistory/Parts/Structural/Panel1/Panel1'
[LOG 18:01:45.485] PartLoader: Part 'SquadExpansion/MakingHistory/Parts/Structural/Panel1/Panel1' has no database record. Creating.
[LOG 18:01:45.485] [DragCubeSystem]: Drag cubes not found or cannot be read for part Part. Generating New drag cubes.
[LOG 18:01:45.485] [KSPCF/DragCubeGeneration] Creating drag cubes for part 'Panel1'
[LOG 18:01:45.490] PartLoader: Compiling Part 'SquadExpansion/MakingHistory/Parts/Structural/Panel1p5/Panel1p5'
[LOG 18:01:45.494] PartLoader: Part 'SquadExpansion/MakingHistory/Parts/Structural/Panel1p5/Panel1p5' has no database record. Creating.
[LOG 18:01:45.494] [DragCubeSystem]: Drag cubes not found or cannot be read for part Part. Generating New drag cubes.
[LOG 18:01:45.494] [KSPCF/DragCubeGeneration] Creating drag cubes for part 'Panel1p5'
[LOG 18:01:45.499] PartLoader: Compiling Part 'SquadExpansion/MakingHistory/Parts/Structural/Panel2/Panel2'
[LOG 18:01:45.503] PartLoader: Part 'SquadExpansion/MakingHistory/Parts/Structural/Panel2/Panel2' has no database record. Creating.
[LOG 18:01:45.503] [DragCubeSystem]: Drag cubes not found or cannot be read for part Part. Generating New drag cubes.
[LOG 18:01:45.503] [KSPCF/DragCubeGeneration] Creating drag cubes for part 'Panel2'
[LOG 18:01:45.509] PartLoader: Compiling Part 'SquadExpansion/MakingHistory/Parts/Structural/Triangle0/Triangle0'
[LOG 18:01:45.512] PartLoader: Part 'SquadExpansion/MakingHistory/Parts/Structural/Triangle0/Triangle0' has no database record. Creating.
[LOG 18:01:45.512] [DragCubeSystem]: Drag cubes not found or cannot be read for part Part. Generating New drag cubes.
[LOG 18:01:45.512] [KSPCF/DragCubeGeneration] Creating drag cubes for part 'Triangle0'
[LOG 18:01:45.516] PartLoader: Compiling Part 'SquadExpansion/MakingHistory/Parts/Structural/Triangle1/Triangle1'
[LOG 18:01:45.520] PartLoader: Part 'SquadExpansion/MakingHistory/Parts/Structural/Triangle1/Triangle1' has no database record. Creating.
[LOG 18:01:45.520] [DragCubeSystem]: Drag cubes not found or cannot be read for part Part. Generating New drag cubes.
[LOG 18:01:45.520] [KSPCF/DragCubeGeneration] Creating drag cubes for part 'Triangle1'
[LOG 18:01:45.525] PartLoader: Compiling Part 'SquadExpansion/MakingHistory/Parts/Structural/Triangle1p5/Triangle1p5'
[LOG 18:01:45.530] PartLoader: Part 'SquadExpansion/MakingHistory/Parts/Structural/Triangle1p5/Triangle1p5' has no database record. Creating.
[LOG 18:01:45.531] [DragCubeSystem]: Drag cubes not found or cannot be read for part Part. Generating New drag cubes.
[LOG 18:01:45.531] [KSPCF/DragCubeGeneration] Creating drag cubes for part 'Triangle1p5'
[LOG 18:01:45.535] PartLoader: Compiling Part 'SquadExpansion/MakingHistory/Parts/Structural/Triangle2/Triangle2'
[LOG 18:01:45.542] PartLoader: Part 'SquadExpansion/MakingHistory/Parts/Structural/Triangle2/Triangle2' has no database record. Creating.
[LOG 18:01:45.542] [DragCubeSystem]: Drag cubes not found or cannot be read for part Part. Generating New drag cubes.
[LOG 18:01:45.543] [KSPCF/DragCubeGeneration] Creating drag cubes for part 'Triangle2'
[LOG 18:01:45.546] PartLoader: Compiling Part 'SquadExpansion/MakingHistory/Parts/Structural/Tube1/Tube1'
[LOG 18:01:45.551] PartLoader: Part 'SquadExpansion/MakingHistory/Parts/Structural/Tube1/Tube1' has no database record. Creating.
[LOG 18:01:45.551] PartLoader: Compiling Part 'SquadExpansion/MakingHistory/Parts/Structural/Tube1p5/Tube1p5'
[LOG 18:01:45.556] PartLoader: Part 'SquadExpansion/MakingHistory/Parts/Structural/Tube1p5/Tube1p5' has no database record. Creating.
[LOG 18:01:45.556] PartLoader: Compiling Part 'SquadExpansion/MakingHistory/Parts/Structural/Tube2/Tube2'
[LOG 18:01:45.561] PartLoader: Part 'SquadExpansion/MakingHistory/Parts/Structural/Tube2/Tube2' has no database record. Creating.
[LOG 18:01:45.561] PartLoader: Compiling Part 'SquadExpansion/MakingHistory/Parts/Structural/Tube3/Tube3'
[LOG 18:01:45.566] PartLoader: Part 'SquadExpansion/MakingHistory/Parts/Structural/Tube3/Tube3' has no database record. Creating.
[LOG 18:01:45.566] PartLoader: Compiling Part 'SquadExpansion/MakingHistory/Parts/Structural/Tube4/Tube4'
[LOG 18:01:45.570] PartLoader: Part 'SquadExpansion/MakingHistory/Parts/Structural/Tube4/Tube4' has no database record. Creating.
[LOG 18:01:45.570] PartLoader: Compiling Part 'SquadExpansion/MakingHistory/Parts/Thermal/HeatShield1p5/HeatShield1p5'
[LOG 18:01:45.578] PartLoader: Part 'SquadExpansion/MakingHistory/Parts/Thermal/HeatShield1p5/HeatShield1p5' has no database record. Creating.
[LOG 18:01:45.578] [DragCubeSystem]: Drag cubes not found or cannot be read for part Part. Generating New drag cubes.
[LOG 18:01:45.578] [KSPCF/DragCubeGeneration] Creating drag cubes for part 'HeatShield1p5'
[LOG 18:01:45.592] PartLoader: Compiling Part 'SquadExpansion/MakingHistory/Parts/Utility/flags/flagSize1p5/flagSize1p5/flagPartSize1p5'
[LOG 18:01:45.600] PartLoader: Part 'SquadExpansion/MakingHistory/Parts/Utility/flags/flagSize1p5/flagSize1p5/flagPartSize1p5' has no database record. Creating.
[LOG 18:01:45.600] [DragCubeSystem]: Drag cubes not found or cannot be read for part Part. Generating New drag cubes.
[LOG 18:01:45.600] [KSPCF/DragCubeGeneration] Creating drag cubes for part 'flagPartSize1p5'
[LOG 18:01:45.604] PartLoader: Compiling Part 'SquadExpansion/MakingHistory/Parts/Utility/flags/flagSize4/flagSize4/flagPartSize4'
[LOG 18:01:45.612] PartLoader: Part 'SquadExpansion/MakingHistory/Parts/Utility/flags/flagSize4/flagSize4/flagPartSize4' has no database record. Creating.
[LOG 18:01:45.612] [DragCubeSystem]: Drag cubes not found or cannot be read for part Part. Generating New drag cubes.
[LOG 18:01:45.612] [KSPCF/DragCubeGeneration] Creating drag cubes for part 'flagPartSize4'
[LOG 18:01:45.616] PartLoader: Compiling Part 'SquadExpansion/Serenity/Parts/Aero/FanShroud_01/FanShroud_01'
[LOG 18:01:45.620] PartLoader: Part 'SquadExpansion/Serenity/Parts/Aero/FanShroud_01/FanShroud_01' has no database record. Creating.
[LOG 18:01:45.621] [DragCubeSystem]: Drag cubes not found or cannot be read for part Part. Generating New drag cubes.
[LOG 18:01:45.621] [KSPCF/DragCubeGeneration] Creating drag cubes for part 'FanShroud.01'
[LOG 18:01:45.625] PartLoader: Compiling Part 'SquadExpansion/Serenity/Parts/Aero/FanShroud_02/FanShroud_02'
[LOG 18:01:45.629] PartLoader: Part 'SquadExpansion/Serenity/Parts/Aero/FanShroud_02/FanShroud_02' has no database record. Creating.
[LOG 18:01:45.629] [DragCubeSystem]: Drag cubes not found or cannot be read for part Part. Generating New drag cubes.
[LOG 18:01:45.629] [KSPCF/DragCubeGeneration] Creating drag cubes for part 'FanShroud.02'
[LOG 18:01:45.633] PartLoader: Compiling Part 'SquadExpansion/Serenity/Parts/Aero/FanShroud_03/FanShroud_03'
[LOG 18:01:45.636] PartLoader: Part 'SquadExpansion/Serenity/Parts/Aero/FanShroud_03/FanShroud_03' has no database record. Creating.
[LOG 18:01:45.636] [DragCubeSystem]: Drag cubes not found or cannot be read for part Part. Generating New drag cubes.
[LOG 18:01:45.636] [KSPCF/DragCubeGeneration] Creating drag cubes for part 'FanShroud.03'
[LOG 18:01:45.641] PartLoader: Compiling Part 'SquadExpansion/Serenity/Parts/Aero/noseconeTiny/noseconeTiny'
[LOG 18:01:45.644] PartLoader: Part 'SquadExpansion/Serenity/Parts/Aero/noseconeTiny/noseconeTiny' has no database record. Creating.
[LOG 18:01:45.644] [DragCubeSystem]: Drag cubes not found or cannot be read for part Part. Generating New drag cubes.
[LOG 18:01:45.644] [KSPCF/DragCubeGeneration] Creating drag cubes for part 'noseconeTiny'
[LOG 18:01:45.648] PartLoader: Compiling Part 'SquadExpansion/Serenity/Parts/Aero/noseconeVS/noseconeVS'
[LOG 18:01:45.651] PartLoader: Part 'SquadExpansion/Serenity/Parts/Aero/noseconeVS/noseconeVS' has no database record. Creating.
[LOG 18:01:45.651] [DragCubeSystem]: Drag cubes not found or cannot be read for part Part. Generating New drag cubes.
[LOG 18:01:45.651] [KSPCF/DragCubeGeneration] Creating drag cubes for part 'noseconeVS'
[LOG 18:01:45.656] PartLoader: Compiling Part 'SquadExpansion/Serenity/Parts/DeployedScience/centralStation/DeployedCentralStation'
[LOG 18:01:45.668] PartLoader: Part 'SquadExpansion/Serenity/Parts/DeployedScience/centralStation/DeployedCentralStation' has no database record. Creating.
[LOG 18:01:45.668] [DragCubeSystem]: Drag cubes not found or cannot be read for part Part. Generating New drag cubes.
[LOG 18:01:45.668] [KSPCF/DragCubeGeneration] Creating drag cubes for part 'DeployedCentralStation'
[LOG 18:01:45.693] PartLoader: Compiling Part 'SquadExpansion/Serenity/Parts/DeployedScience/gooObservation/DeployedGoExOb'
[LOG 18:01:45.702] PartLoader: Part 'SquadExpansion/Serenity/Parts/DeployedScience/gooObservation/DeployedGoExOb' has no database record. Creating.
[LOG 18:01:45.702] [DragCubeSystem]: Drag cubes not found or cannot be read for part Part. Generating New drag cubes.
[LOG 18:01:45.702] [KSPCF/DragCubeGeneration] Creating drag cubes for part 'DeployedGoExOb'
[LOG 18:01:45.728] PartLoader: Compiling Part 'SquadExpansion/Serenity/Parts/DeployedScience/ionCollector/DeployedIONExp'
[LOG 18:01:45.732] PartLoader: Part 'SquadExpansion/Serenity/Parts/DeployedScience/ionCollector/DeployedIONExp' has no database record. Creating.
[LOG 18:01:45.732] [DragCubeSystem]: Drag cubes not found or cannot be read for part Part. Generating New drag cubes.
[LOG 18:01:45.732] [KSPCF/DragCubeGeneration] Creating drag cubes for part 'DeployedIONExp'
[LOG 18:01:45.744] PartLoader: Compiling Part 'SquadExpansion/Serenity/Parts/DeployedScience/rtg/DeployedRTG'
[LOG 18:01:45.751] PartLoader: Part 'SquadExpansion/Serenity/Parts/DeployedScience/rtg/DeployedRTG' has no database record. Creating.
[LOG 18:01:45.751] [DragCubeSystem]: Drag cubes not found or cannot be read for part Part. Generating New drag cubes.
[LOG 18:01:45.751] [KSPCF/DragCubeGeneration] Creating drag cubes for part 'DeployedRTG'
[LOG 18:01:45.766] PartLoader: Compiling Part 'SquadExpansion/Serenity/Parts/DeployedScience/satDish/DeployedSatDish'
[LOG 18:01:45.776] PartLoader: Part 'SquadExpansion/Serenity/Parts/DeployedScience/satDish/DeployedSatDish' has no database record. Creating.
[LOG 18:01:45.776] [DragCubeSystem]: Drag cubes not found or cannot be read for part Part. Generating New drag cubes.
[LOG 18:01:45.776] [KSPCF/DragCubeGeneration] Creating drag cubes for part 'DeployedSatDish'
[LOG 18:01:45.791] PartLoader: Compiling Part 'SquadExpansion/Serenity/Parts/DeployedScience/seismicSensor/DeployedSeismicSensor'
[LOG 18:01:45.796] PartLoader: Part 'SquadExpansion/Serenity/Parts/DeployedScience/seismicSensor/DeployedSeismicSensor' has no database record. Creating.
[LOG 18:01:45.796] [DragCubeSystem]: Drag cubes not found or cannot be read for part Part. Generating New drag cubes.
[LOG 18:01:45.796] [KSPCF/DragCubeGeneration] Creating drag cubes for part 'DeployedSeismicSensor'
[LOG 18:01:45.811] PartLoader: Compiling Part 'SquadExpansion/Serenity/Parts/DeployedScience/solarPanel/DeployedSolarPanel'
[LOG 18:01:45.816] PartLoader: Part 'SquadExpansion/Serenity/Parts/DeployedScience/solarPanel/DeployedSolarPanel' has no database record. Creating.
[LOG 18:01:45.816] [DragCubeSystem]: Drag cubes not found or cannot be read for part Part. Generating New drag cubes.
[LOG 18:01:45.816] [KSPCF/DragCubeGeneration] Creating drag cubes for part 'DeployedSolarPanel'
[LOG 18:01:45.833] PartLoader: Compiling Part 'SquadExpansion/Serenity/Parts/DeployedScience/weatherStation/DeployedWeatherStn'
[LOG 18:01:45.842] PartLoader: Part 'SquadExpansion/Serenity/Parts/DeployedScience/weatherStation/DeployedWeatherStn' has no database record. Creating.
[LOG 18:01:45.842] [DragCubeSystem]: Drag cubes not found or cannot be read for part Part. Generating New drag cubes.
[LOG 18:01:45.842] [KSPCF/DragCubeGeneration] Creating drag cubes for part 'DeployedWeatherStn'
[LOG 18:01:45.867] PartLoader: Compiling Part 'SquadExpansion/Serenity/Parts/Prebuilt/kerbalEVA/kerbalEVA'
[LOG 18:01:45.869] PartLoader: Compiling Part 'SquadExpansion/Serenity/Parts/Prebuilt/kerbalEVAfemale/kerbalEVAfemale'
[LOG 18:01:45.871] PartLoader: Compiling Part 'SquadExpansion/Serenity/Parts/Prebuilt/kerbalEVAfemaleFuture/kerbalEVAfemaleFuture'
[LOG 18:01:45.878] PartLoader: Compiling Part 'SquadExpansion/Serenity/Parts/Prebuilt/kerbalEVAfemaleVintage/kerbalEVAfemaleVintage'
[LOG 18:01:45.880] PartLoader: Compiling Part 'SquadExpansion/Serenity/Parts/Prebuilt/kerbalEVAFuture/kerbalEVAFuture'
[LOG 18:01:45.887] PartLoader: Compiling Part 'SquadExpansion/Serenity/Parts/Prebuilt/kerbalEVASlimSuit/kerbalEVASlimSuit'
[LOG 18:01:45.889] PartLoader: Compiling Part 'SquadExpansion/Serenity/Parts/Prebuilt/kerbalEVASlimSuitFemale/kerbalEVASlimSuitFemale'
[LOG 18:01:45.891] PartLoader: Compiling Part 'SquadExpansion/Serenity/Parts/Prebuilt/kerbalEVAVintage/kerbalEVAVintage'
[LOG 18:01:45.893] PartLoader: Compiling Part 'SquadExpansion/Serenity/Parts/Propellers/largeFanBlade/largeFanBlade'
[LOG 18:01:45.899] PartLoader: Part 'SquadExpansion/Serenity/Parts/Propellers/largeFanBlade/largeFanBlade' has no database record. Creating.
[LOG 18:01:45.899] [DragCubeSystem]: Drag cubes not found or cannot be read for part Part. Generating New drag cubes.
[LOG 18:01:45.899] [KSPCF/DragCubeGeneration] Creating drag cubes for part 'largeFanBlade'
[LOG 18:01:45.915] PartLoader: Compiling Part 'SquadExpansion/Serenity/Parts/Propellers/largeHeliBlade/largeHeliBlade'
[LOG 18:01:45.920] PartLoader: Part 'SquadExpansion/Serenity/Parts/Propellers/largeHeliBlade/largeHeliBlade' has no database record. Creating.
[LOG 18:01:45.920] [DragCubeSystem]: Drag cubes not found or cannot be read for part Part. Generating New drag cubes.
[LOG 18:01:45.920] [KSPCF/DragCubeGeneration] Creating drag cubes for part 'largeHeliBlade'
[LOG 18:01:45.936] PartLoader: Compiling Part 'SquadExpansion/Serenity/Parts/Propellers/largePropeller/largePropeller'
[LOG 18:01:45.941] PartLoader: Part 'SquadExpansion/Serenity/Parts/Propellers/largePropeller/largePropeller' has no database record. Creating.
[LOG 18:01:45.941] [DragCubeSystem]: Drag cubes not found or cannot be read for part Part. Generating New drag cubes.
[LOG 18:01:45.941] [KSPCF/DragCubeGeneration] Creating drag cubes for part 'largePropeller'
[LOG 18:01:45.959] PartLoader: Compiling Part 'SquadExpansion/Serenity/Parts/Propellers/mediumFanBlade/mediumFanBlade'
[LOG 18:01:45.964] PartLoader: Part 'SquadExpansion/Serenity/Parts/Propellers/mediumFanBlade/mediumFanBlade' has no database record. Creating.
[LOG 18:01:45.964] [DragCubeSystem]: Drag cubes not found or cannot be read for part Part. Generating New drag cubes.
[LOG 18:01:45.964] [KSPCF/DragCubeGeneration] Creating drag cubes for part 'mediumFanBlade'
[LOG 18:01:45.980] PartLoader: Compiling Part 'SquadExpansion/Serenity/Parts/Propellers/mediumHeliBlade/mediumHeliBlade'
[LOG 18:01:45.988] PartLoader: Part 'SquadExpansion/Serenity/Parts/Propellers/mediumHeliBlade/mediumHeliBlade' has no database record. Creating.
[LOG 18:01:45.988] [DragCubeSystem]: Drag cubes not found or cannot be read for part Part. Generating New drag cubes.
[LOG 18:01:45.988] [KSPCF/DragCubeGeneration] Creating drag cubes for part 'mediumHeliBlade'
[LOG 18:01:46.010] PartLoader: Compiling Part 'SquadExpansion/Serenity/Parts/Propellers/mediumPropeller/mediumPropeller'
[LOG 18:01:46.017] PartLoader: Part 'SquadExpansion/Serenity/Parts/Propellers/mediumPropeller/mediumPropeller' has no database record. Creating.
[LOG 18:01:46.017] [DragCubeSystem]: Drag cubes not found or cannot be read for part Part. Generating New drag cubes.
[LOG 18:01:46.017] [KSPCF/DragCubeGeneration] Creating drag cubes for part 'mediumPropeller'
[LOG 18:01:46.042] PartLoader: Compiling Part 'SquadExpansion/Serenity/Parts/Propellers/smallFanBlade/smallFanBlade'
[LOG 18:01:46.048] PartLoader: Part 'SquadExpansion/Serenity/Parts/Propellers/smallFanBlade/smallFanBlade' has no database record. Creating.
[LOG 18:01:46.048] [DragCubeSystem]: Drag cubes not found or cannot be read for part Part. Generating New drag cubes.
[LOG 18:01:46.048] [KSPCF/DragCubeGeneration] Creating drag cubes for part 'smallFanBlade'
[LOG 18:01:46.076] PartLoader: Compiling Part 'SquadExpansion/Serenity/Parts/Propellers/smallHeliBlade/smallHeliBlade'
[LOG 18:01:46.081] PartLoader: Part 'SquadExpansion/Serenity/Parts/Propellers/smallHeliBlade/smallHeliBlade' has no database record. Creating.
[LOG 18:01:46.081] [DragCubeSystem]: Drag cubes not found or cannot be read for part Part. Generating New drag cubes.
[LOG 18:01:46.081] [KSPCF/DragCubeGeneration] Creating drag cubes for part 'smallHeliBlade'
[LOG 18:01:46.096] PartLoader: Compiling Part 'SquadExpansion/Serenity/Parts/Propellers/smallPropeller/smallPropeller'
[LOG 18:01:46.101] PartLoader: Part 'SquadExpansion/Serenity/Parts/Propellers/smallPropeller/smallPropeller' has no database record. Creating.
[LOG 18:01:46.101] [DragCubeSystem]: Drag cubes not found or cannot be read for part Part. Generating New drag cubes.
[LOG 18:01:46.101] [KSPCF/DragCubeGeneration] Creating drag cubes for part 'smallPropeller'
[LOG 18:01:46.116] PartLoader: Compiling Part 'SquadExpansion/Serenity/Parts/Robotics/hinge_01/hinge_01'
[LOG 18:01:46.133] PartLoader: Part 'SquadExpansion/Serenity/Parts/Robotics/hinge_01/hinge_01' has no database record. Creating.
[LOG 18:01:46.133] [DragCubeSystem]: Drag cubes not found or cannot be read for part Part. Generating New drag cubes.
[LOG 18:01:46.133] [KSPCF/DragCubeGeneration] Creating drag cubes for part 'hinge.01'
[LOG 18:01:46.138] PartLoader: Compiling Part 'SquadExpansion/Serenity/Parts/Robotics/hinge_01_s/hinge_01_s'
[LOG 18:01:46.145] PartLoader: Part 'SquadExpansion/Serenity/Parts/Robotics/hinge_01_s/hinge_01_s' has no database record. Creating.
[LOG 18:01:46.145] [DragCubeSystem]: Drag cubes not found or cannot be read for part Part. Generating New drag cubes.
[LOG 18:01:46.145] [KSPCF/DragCubeGeneration] Creating drag cubes for part 'hinge.01.s'
[LOG 18:01:46.152] PartLoader: Compiling Part 'SquadExpansion/Serenity/Parts/Robotics/hinge_03/hinge_03'
[LOG 18:01:46.159] PartLoader: Part 'SquadExpansion/Serenity/Parts/Robotics/hinge_03/hinge_03' has no database record. Creating.
[LOG 18:01:46.159] PartLoader: Compiling Part 'SquadExpansion/Serenity/Parts/Robotics/hinge_03_s/hinge_03_s'
[LOG 18:01:46.166] PartLoader: Part 'SquadExpansion/Serenity/Parts/Robotics/hinge_03_s/hinge_03_s' has no database record. Creating.
[LOG 18:01:46.166] PartLoader: Compiling Part 'SquadExpansion/Serenity/Parts/Robotics/hinge_04/hinge_04'
[LOG 18:01:46.174] PartLoader: Part 'SquadExpansion/Serenity/Parts/Robotics/hinge_04/hinge_04' has no database record. Creating.
[LOG 18:01:46.174] PartLoader: Compiling Part 'SquadExpansion/Serenity/Parts/Robotics/piston_01/piston_01'
[LOG 18:01:46.189] PartLoader: Part 'SquadExpansion/Serenity/Parts/Robotics/piston_01/piston_01' has no database record. Creating.
[LOG 18:01:46.191] PartLoader: Compiling Part 'SquadExpansion/Serenity/Parts/Robotics/piston_02/piston_02'
[LOG 18:01:46.200] PartLoader: Part 'SquadExpansion/Serenity/Parts/Robotics/piston_02/piston_02' has no database record. Creating.
[LOG 18:01:46.201] PartLoader: Compiling Part 'SquadExpansion/Serenity/Parts/Robotics/piston_03/piston_03'
[LOG 18:01:46.210] PartLoader: Part 'SquadExpansion/Serenity/Parts/Robotics/piston_03/piston_03' has no database record. Creating.
[LOG 18:01:46.211] PartLoader: Compiling Part 'SquadExpansion/Serenity/Parts/Robotics/piston_04/piston_04'
[LOG 18:01:46.217] PartLoader: Part 'SquadExpansion/Serenity/Parts/Robotics/piston_04/piston_04' has no database record. Creating.
[LOG 18:01:46.217] PartLoader: Compiling Part 'SquadExpansion/Serenity/Parts/Robotics/RotorEngine_02/RotorEngine_02'
[LOG 18:01:46.232] PartLoader: Part 'SquadExpansion/Serenity/Parts/Robotics/RotorEngine_02/RotorEngine_02' has no database record. Creating.
[LOG 18:01:46.232] [DragCubeSystem]: Drag cubes not found or cannot be read for part Part. Generating New drag cubes.
[LOG 18:01:46.232] [KSPCF/DragCubeGeneration] Creating drag cubes for part 'RotorEngine.02'
[LOG 18:01:46.239] PartLoader: Compiling Part 'SquadExpansion/Serenity/Parts/Robotics/RotorEngine_03/RotorEngine_03'
[LOG 18:01:46.246] PartLoader: Part 'SquadExpansion/Serenity/Parts/Robotics/RotorEngine_03/RotorEngine_03' has no database record. Creating.
[LOG 18:01:46.246] [DragCubeSystem]: Drag cubes not found or cannot be read for part Part. Generating New drag cubes.
[LOG 18:01:46.247] [KSPCF/DragCubeGeneration] Creating drag cubes for part 'RotorEngine.03'
[LOG 18:01:46.252] PartLoader: Compiling Part 'SquadExpansion/Serenity/Parts/Robotics/rotor_01/rotor_01'
[LOG 18:01:46.259] PartLoader: Part 'SquadExpansion/Serenity/Parts/Robotics/rotor_01/rotor_01' has no database record. Creating.
[LOG 18:01:46.259] [DragCubeSystem]: Drag cubes not found or cannot be read for part Part. Generating New drag cubes.
[LOG 18:01:46.259] [KSPCF/DragCubeGeneration] Creating drag cubes for part 'rotor.01'
[LOG 18:01:46.265] PartLoader: Compiling Part 'SquadExpansion/Serenity/Parts/Robotics/rotor_01s/rotor_01s'
[LOG 18:01:46.271] PartLoader: Part 'SquadExpansion/Serenity/Parts/Robotics/rotor_01s/rotor_01s' has no database record. Creating.
[LOG 18:01:46.271] [DragCubeSystem]: Drag cubes not found or cannot be read for part Part. Generating New drag cubes.
[LOG 18:01:46.271] [KSPCF/DragCubeGeneration] Creating drag cubes for part 'rotor.01s'
[LOG 18:01:46.276] PartLoader: Compiling Part 'SquadExpansion/Serenity/Parts/Robotics/rotor_02/rotor_02'
[LOG 18:01:46.282] PartLoader: Part 'SquadExpansion/Serenity/Parts/Robotics/rotor_02/rotor_02' has no database record. Creating.
[LOG 18:01:46.282] [DragCubeSystem]: Drag cubes not found or cannot be read for part Part. Generating New drag cubes.
[LOG 18:01:46.282] [KSPCF/DragCubeGeneration] Creating drag cubes for part 'rotor.02'
[LOG 18:01:46.287] PartLoader: Compiling Part 'SquadExpansion/Serenity/Parts/Robotics/rotor_02s/rotor_02s'
[LOG 18:01:46.294] PartLoader: Part 'SquadExpansion/Serenity/Parts/Robotics/rotor_02s/rotor_02s' has no database record. Creating.
[LOG 18:01:46.294] [DragCubeSystem]: Drag cubes not found or cannot be read for part Part. Generating New drag cubes.
[LOG 18:01:46.294] [KSPCF/DragCubeGeneration] Creating drag cubes for part 'rotor.02s'
[LOG 18:01:46.299] PartLoader: Compiling Part 'SquadExpansion/Serenity/Parts/Robotics/rotor_03/rotor_03'
[LOG 18:01:46.306] PartLoader: Part 'SquadExpansion/Serenity/Parts/Robotics/rotor_03/rotor_03' has no database record. Creating.
[LOG 18:01:46.306] [DragCubeSystem]: Drag cubes not found or cannot be read for part Part. Generating New drag cubes.
[LOG 18:01:46.306] [KSPCF/DragCubeGeneration] Creating drag cubes for part 'rotor.03'
[LOG 18:01:46.311] PartLoader: Compiling Part 'SquadExpansion/Serenity/Parts/Robotics/rotor_03s/rotor_03s'
[LOG 18:01:46.317] PartLoader: Part 'SquadExpansion/Serenity/Parts/Robotics/rotor_03s/rotor_03s' has no database record. Creating.
[LOG 18:01:46.317] [DragCubeSystem]: Drag cubes not found or cannot be read for part Part. Generating New drag cubes.
[LOG 18:01:46.317] [KSPCF/DragCubeGeneration] Creating drag cubes for part 'rotor.03s'
[LOG 18:01:46.322] PartLoader: Compiling Part 'SquadExpansion/Serenity/Parts/Robotics/rotoServo_00/rotoServo_00'
[LOG 18:01:46.335] PartLoader: Part 'SquadExpansion/Serenity/Parts/Robotics/rotoServo_00/rotoServo_00' has no database record. Creating.
[LOG 18:01:46.335] [DragCubeSystem]: Drag cubes not found or cannot be read for part Part. Generating New drag cubes.
[LOG 18:01:46.335] [KSPCF/DragCubeGeneration] Creating drag cubes for part 'rotoServo.00'
[LOG 18:01:46.341] PartLoader: Compiling Part 'SquadExpansion/Serenity/Parts/Robotics/rotoServo_02/rotoServo_02'
[LOG 18:01:46.347] PartLoader: Part 'SquadExpansion/Serenity/Parts/Robotics/rotoServo_02/rotoServo_02' has no database record. Creating.
[LOG 18:01:46.347] [DragCubeSystem]: Drag cubes not found or cannot be read for part Part. Generating New drag cubes.
[LOG 18:01:46.348] [KSPCF/DragCubeGeneration] Creating drag cubes for part 'rotoServo.02'
[LOG 18:01:46.352] PartLoader: Compiling Part 'SquadExpansion/Serenity/Parts/Robotics/rotoServo_03/rotoServo_03'
[LOG 18:01:46.358] PartLoader: Part 'SquadExpansion/Serenity/Parts/Robotics/rotoServo_03/rotoServo_03' has no database record. Creating.
[LOG 18:01:46.358] [DragCubeSystem]: Drag cubes not found or cannot be read for part Part. Generating New drag cubes.
[LOG 18:01:46.358] [KSPCF/DragCubeGeneration] Creating drag cubes for part 'rotoServo.03'
[LOG 18:01:46.363] PartLoader: Compiling Part 'SquadExpansion/Serenity/Parts/Robotics/rotoServo_04/rotoServo_04'
[LOG 18:01:46.372] PartLoader: Part 'SquadExpansion/Serenity/Parts/Robotics/rotoServo_04/rotoServo_04' has no database record. Creating.
[LOG 18:01:46.372] [DragCubeSystem]: Drag cubes not found or cannot be read for part Part. Generating New drag cubes.
[LOG 18:01:46.372] [KSPCF/DragCubeGeneration] Creating drag cubes for part 'rotoServo.04'
[LOG 18:01:46.376] PartLoader: Compiling Part 'SquadExpansion/Serenity/Parts/Robotics/Controllers/KAL1000/controller1000'
[LOG 18:01:46.386] PartLoader: Part 'SquadExpansion/Serenity/Parts/Robotics/Controllers/KAL1000/controller1000' has no database record. Creating.
[LOG 18:01:46.386] [DragCubeSystem]: Drag cubes not found or cannot be read for part Part. Generating New drag cubes.
[LOG 18:01:46.387] [KSPCF/DragCubeGeneration] Creating drag cubes for part 'controller1000'
[LOG 18:01:46.391] PartLoader: Compiling Part 'SquadExpansion/Serenity/Parts/Science/RobotArmScanner/RobotArmScanner_S1/RobotArmScanner_S1'
[LOG 18:01:46.403] PartLoader: Part 'SquadExpansion/Serenity/Parts/Science/RobotArmScanner/RobotArmScanner_S1/RobotArmScanner_S1' has no database record. Creating.
[LOG 18:01:46.403] [DragCubeSystem]: Drag cubes not found or cannot be read for part Part. Generating New drag cubes.
[LOG 18:01:46.403] [KSPCF/DragCubeGeneration] Creating drag cubes for part 'RobotArmScanner.S1'
[LOG 18:01:46.420] PartLoader: Compiling Part 'SquadExpansion/Serenity/Parts/Science/RobotArmScanner/RobotArmScanner_S2/RobotArmScanner_S2'
[LOG 18:01:46.426] PartLoader: Part 'SquadExpansion/Serenity/Parts/Science/RobotArmScanner/RobotArmScanner_S2/RobotArmScanner_S2' has no database record. Creating.
[LOG 18:01:46.426] [DragCubeSystem]: Drag cubes not found or cannot be read for part Part. Generating New drag cubes.
[LOG 18:01:46.426] [KSPCF/DragCubeGeneration] Creating drag cubes for part 'RobotArmScanner.S2'
[LOG 18:01:46.445] PartLoader: Compiling Part 'SquadExpansion/Serenity/Parts/Science/RobotArmScanner/RobotArmScanner_S3/RobotArmScanner_S3'
[LOG 18:01:46.452] PartLoader: Part 'SquadExpansion/Serenity/Parts/Science/RobotArmScanner/RobotArmScanner_S3/RobotArmScanner_S3' has no database record. Creating.
[LOG 18:01:46.452] [DragCubeSystem]: Drag cubes not found or cannot be read for part Part. Generating New drag cubes.
[LOG 18:01:46.452] [KSPCF/DragCubeGeneration] Creating drag cubes for part 'RobotArmScanner.S3'
[LOG 18:01:46.468] PartLoader: Compiling Part 'SquadExpansion/Serenity/Parts/Structural/gripPads/lGripPad/lGripPad'
[LOG 18:01:46.476] PartLoader: Part 'SquadExpansion/Serenity/Parts/Structural/gripPads/lGripPad/lGripPad' has no database record. Creating.
[LOG 18:01:46.476] [DragCubeSystem]: Drag cubes not found or cannot be read for part Part. Generating New drag cubes.
[LOG 18:01:46.476] [KSPCF/DragCubeGeneration] Creating drag cubes for part 'lGripPad'
[LOG 18:01:46.487] PartLoader: Compiling Part 'SquadExpansion/Serenity/Parts/Structural/gripPads/lGripStrip/lGripStrip'
[LOG 18:01:46.490] PartLoader: Part 'SquadExpansion/Serenity/Parts/Structural/gripPads/lGripStrip/lGripStrip' has no database record. Creating.
[LOG 18:01:46.491] [DragCubeSystem]: Drag cubes not found or cannot be read for part Part. Generating New drag cubes.
[LOG 18:01:46.491] [KSPCF/DragCubeGeneration] Creating drag cubes for part 'lGripStrip'
[LOG 18:01:46.495] PartLoader: Compiling Part 'SquadExpansion/Serenity/Parts/Structural/gripPads/mGripPad/mGripPad'
[LOG 18:01:46.498] PartLoader: Part 'SquadExpansion/Serenity/Parts/Structural/gripPads/mGripPad/mGripPad' has no database record. Creating.
[LOG 18:01:46.498] [DragCubeSystem]: Drag cubes not found or cannot be read for part Part. Generating New drag cubes.
[LOG 18:01:46.498] [KSPCF/DragCubeGeneration] Creating drag cubes for part 'mGripPad'
[LOG 18:01:46.509] PartLoader: Compiling Part 'SquadExpansion/Serenity/Parts/Structural/gripPads/sGripPad/sGripPad'
[LOG 18:01:46.513] PartLoader: Part 'SquadExpansion/Serenity/Parts/Structural/gripPads/sGripPad/sGripPad' has no database record. Creating.
[LOG 18:01:46.513] [DragCubeSystem]: Drag cubes not found or cannot be read for part Part. Generating New drag cubes.
[LOG 18:01:46.513] [KSPCF/DragCubeGeneration] Creating drag cubes for part 'sGripPad'
[LOG 18:01:46.525] PartLoader: Compiling Part 'SquadExpansion/Serenity/Parts/Structural/gripPads/sGripStrip/sGripStrip'
[LOG 18:01:46.528] PartLoader: Part 'SquadExpansion/Serenity/Parts/Structural/gripPads/sGripStrip/sGripStrip' has no database record. Creating.
[LOG 18:01:46.528] [DragCubeSystem]: Drag cubes not found or cannot be read for part Part. Generating New drag cubes.
[LOG 18:01:46.528] [KSPCF/DragCubeGeneration] Creating drag cubes for part 'sGripStrip'
[LOG 18:01:46.533] PartLoader: Compiling Internal Prop 'Squad/Props/AltimeterThreeHands/prop/AltimeterThreeHands'
[LOG 18:01:46.536] PartLoader: Compiling Internal Prop 'Squad/Props/AtmosphereDepth/prop/AtmosphereDepth'
[LOG 18:01:46.538] PartLoader: Compiling Internal Prop 'Squad/Props/AxisIndicator/pitchConfig/AxisIndicatorPitch'
[LOG 18:01:46.539] PartLoader: Compiling Internal Prop 'Squad/Props/AxisIndicator/rollConfig/AxisIndicatorRoll'
[LOG 18:01:46.542] PartLoader: Compiling Internal Prop 'Squad/Props/AxisIndicator/yawConfig/AxisIndicatorYaw'
[LOG 18:01:46.544] PartLoader: Compiling Internal Prop 'Squad/Props/buttonsGeneric/circularButton/genericCircularButton'
[LOG 18:01:46.546] PartLoader: Compiling Internal Prop 'Squad/Props/buttonsGeneric/clusterButtons/genericClusterButtons'
[LOG 18:01:46.547] PartLoader: Compiling Internal Prop 'Squad/Props/buttonsGeneric/clusterButtons2/genericClusterButtons2'
[LOG 18:01:46.547] PartLoader: Compiling Internal Prop 'Squad/Props/buttonsGeneric/clusterKnob/genericClusterKnobs'
[LOG 18:01:46.548] PartLoader: Compiling Internal Prop 'Squad/Props/buttonsGeneric/clusterKnob2/genericClusterKnobs2'
[LOG 18:01:46.548] PartLoader: Compiling Internal Prop 'Squad/Props/buttonsGeneric/clusterMixed/genericClusterMixed'
[LOG 18:01:46.549] PartLoader: Compiling Internal Prop 'Squad/Props/buttonsGeneric/clusterSwitches01/genericClusterSwitches01'
[LOG 18:01:46.549] PartLoader: Compiling Internal Prop 'Squad/Props/buttonsGeneric/clusterSwitches02/genericClusterSwitches02'
[LOG 18:01:46.550] PartLoader: Compiling Internal Prop 'Squad/Props/buttonsGeneric/clusterSwitches03/genericClusterSwitches03'
[LOG 18:01:46.550] PartLoader: Compiling Internal Prop 'Squad/Props/buttonsGeneric/clusterSwitches04/genericClusterSwitches04'
[LOG 18:01:46.551] PartLoader: Compiling Internal Prop 'Squad/Props/buttonsGeneric/clusterSwitches05/genericClusterSwitches05'
[LOG 18:01:46.551] PartLoader: Compiling Internal Prop 'Squad/Props/buttonsGeneric/clusterSwitches06/genericClusterSwitches06'
[LOG 18:01:46.552] PartLoader: Compiling Internal Prop 'Squad/Props/buttonsGeneric/clusterSwitches07/genericClusterSwitches07'
[LOG 18:01:46.553] PartLoader: Compiling Internal Prop 'Squad/Props/buttonsGeneric/directionalKnob/genericDirectionalKnob'
[LOG 18:01:46.553] PartLoader: Compiling Internal Prop 'Squad/Props/buttonsGeneric/directionalKnob2/genericDirectionalKnob2'
[LOG 18:01:46.554] PartLoader: Compiling Internal Prop 'Squad/Props/buttonsGeneric/pullSwitch/genericPullSwitch'
[LOG 18:01:46.554] PartLoader: Compiling Internal Prop 'Squad/Props/buttonsGeneric/squareButton/genericSquareButton'
[LOG 18:01:46.555] PartLoader: Compiling Internal Prop 'Squad/Props/buttonsGeneric/standingSwitch/genericStandingSwitch'
[LOG 18:01:46.556] PartLoader: Compiling Internal Prop 'Squad/Props/buttonsGeneric/switch/genericSwitch'
[LOG 18:01:46.556] PartLoader: Compiling Internal Prop 'Squad/Props/buttonsGeneric/switchWithGuards/genericSwitchWithGuards'
[LOG 18:01:46.557] PartLoader: Compiling Internal Prop 'Squad/Props/ButtonSquare/prop/ButtonSquare'
[LOG 18:01:46.561] PartLoader: Compiling Internal Prop 'Squad/Props/circularButton/prop/circularButton'
[LOG 18:01:46.562] PartLoader: Compiling Internal Prop 'Squad/Props/Compass/prop/Compass'
[LOG 18:01:46.564] PartLoader: Compiling Internal Prop 'Squad/Props/directionalKnob/prop/directionalKnob'
[LOG 18:01:46.564] PartLoader: Compiling Internal Prop 'Squad/Props/directionalKnob2/prop/directionalKnob2'
[LOG 18:01:46.565] PartLoader: Compiling Internal Prop 'Squad/Props/IndicatorPanel/prop/IndicatorPanel'
[LOG 18:01:46.569] PartLoader: Compiling Internal Prop 'Squad/Props/IVANavBall/prop/NavBall'
[LOG 18:01:46.573] PartLoader: Compiling Internal Prop 'Squad/Props/IVANavBallNoBase/prop/NavBallNoBase'
[LOG 18:01:46.573] PartLoader: Compiling Internal Prop 'Squad/Props/ledPanelSpeed/prop/ledPanelSpeed'
[LOG 18:01:46.576] PartLoader: Compiling Internal Prop 'Squad/Props/Monitor/DockingMode/MonitorDockingMode'
[LOG 18:01:46.577] PartLoader: Compiling Internal Prop 'Squad/Props/NavBall/prop/NavBall'
[LOG 18:01:46.578] PartLoader: Compiling Internal Prop 'Squad/Props/PropsGeneric/Button_DockingMode/Button_DockingMode'
[LOG 18:01:46.578] PartLoader: Compiling Internal Prop 'Squad/Props/PropsGeneric/CargoBagA/CargoBagA'
[LOG 18:01:46.579] PartLoader: Compiling Internal Prop 'Squad/Props/PropsGeneric/CargoBagB/CargoBagB'
[LOG 18:01:46.579] PartLoader: Compiling Internal Prop 'Squad/Props/PropsGeneric/CargoBagC/CargoBagC'
[LOG 18:01:46.580] PartLoader: Compiling Internal Prop 'Squad/Props/PropsGeneric/Hatch_Plane/Hatch_Plane'
[LOG 18:01:46.580] PartLoader: Compiling Internal Prop 'Squad/Props/PropsGeneric/Hatch_Plane_Curve90/Hatch_Plane_Curve90'
[LOG 18:01:46.581] PartLoader: Compiling Internal Prop 'Squad/Props/PropsGeneric/Hatch_Plane_Frame/Hatch_Plane_Frame'
[LOG 18:01:46.582] PartLoader: Compiling Internal Prop 'Squad/Props/PropsGeneric/Seat_Passenger/Seat_Passenger'
[LOG 18:01:46.582] PartLoader: Compiling Internal Prop 'Squad/Props/PropsGeneric/Seat_Pilot/Seat_Pilot'
[LOG 18:01:46.583] PartLoader: Compiling Internal Prop 'Squad/Props/PropsGeneric/Seat_Pilot_Helmet/Seat_Pilot_Helmet'
[LOG 18:01:46.583] PartLoader: Compiling Internal Prop 'Squad/Props/PropsGeneric/SideStick/SideStick'
[LOG 18:01:46.584] PartLoader: Compiling Internal Prop 'Squad/Props/pullSwitch/prop/pullSwitch'
[LOG 18:01:46.584] PartLoader: Compiling Internal Prop 'Squad/Props/radarAltitude/prop/RadarAltimeter'
[LOG 18:01:46.586] PartLoader: Compiling Internal Prop 'Squad/Props/squareButton/prop/squareButton'
[LOG 18:01:46.587] PartLoader: Compiling Internal Prop 'Squad/Props/standingSwitch/prop/standingSwitch'
[LOG 18:01:46.587] PartLoader: Compiling Internal Prop 'Squad/Props/switch/prop/switch'
[LOG 18:01:46.588] PartLoader: Compiling Internal Prop 'Squad/Props/switchGuard/prop/switchGuard'
[LOG 18:01:46.588] PartLoader: Compiling Internal Prop 'Squad/Props/switchWithGuards/prop/switchWithGuards'
[LOG 18:01:46.589] PartLoader: Compiling Internal Prop 'Squad/Props/throttle/prop/throttle'
[LOG 18:01:46.591] PartLoader: Compiling Internal Prop 'Squad/Props/VSI/prop/VSI'
[LOG 18:01:46.593] PartLoader: Compiling Internal Space 'Squad/Spaces/crewCabinInternals/internal/crewCabinInternals'
[LOG 18:01:46.602] PartLoader: Compiling Internal Space 'Squad/Spaces/cupolaInternal/internal/cupolaInternal'
[LOG 18:01:46.618] PartLoader: Compiling Internal Space 'Squad/Spaces/GenericSpace1/internal/GenericSpace1'
[LOG 18:01:46.619] PartLoader: Compiling Internal Space 'Squad/Spaces/GenericSpace3/internal/GenericSpace3'
[LOG 18:01:46.621] PartLoader: Compiling Internal Space 'Squad/Spaces/landerCabinInternals/internal/landerCabinInternals'
[LOG 18:01:46.624] PartLoader: Compiling Internal Space 'Squad/Spaces/landerCabinSmallInternal/internal/landerCabinSmallInternal'
[LOG 18:01:46.629] PartLoader: Compiling Internal Space 'Squad/Spaces/LargeCrewedLabInternals/internal/Mobile_Processing_Lab_Int'
[LOG 18:01:46.633] PartLoader: Compiling Internal Space 'Squad/Spaces/Mk1-3/internal/Mk1-3'
[LOG 18:01:46.641] PartLoader: Compiling Internal Space 'Squad/Spaces/mk1CabinInternal/internal/mk1CabinInternal'
[LOG 18:01:46.647] PartLoader: Compiling Internal Space 'Squad/Spaces/mk1CockpitInternal/internal/mk1CockpitInternal'
[LOG 18:01:46.656] PartLoader: Compiling Internal Space 'Squad/Spaces/mk1InlineInternal/internal/mk1InlineInternal'
[LOG 18:01:46.664] PartLoader: Compiling Internal Space 'Squad/Spaces/mk1PodCockpit/internal/mk1PodCockpit'
[LOG 18:01:46.668] PartLoader: Compiling Internal Space 'Squad/Spaces/mk1pod_IVA/mk1pod_Internal/mk1pod_IVA'
[LOG 18:01:46.676] PartLoader: Compiling Internal Space 'Squad/Spaces/mk2CockpitStandardInternal/internal/mk2CockpitStandardInternals'
[LOG 18:01:46.685] PartLoader: Compiling Internal Space 'Squad/Spaces/Mk2CrewCabinInternal/internal_MK2_CrewCab/MK2_CrewCab_Int'
[LOG 18:01:46.690] PartLoader: Compiling Internal Space 'Squad/Spaces/mk2InlineInternal/internal/mk2InlineInternal'
[LOG 18:01:46.703] PartLoader: Compiling Internal Space 'Squad/Spaces/mk2LanderCanInternal/internal/mk2LanderCanInternal'
[LOG 18:01:46.713] PartLoader: Compiling Internal Space 'Squad/Spaces/MK3CockpitInternal/internal_MK3/MK3_Cockpit_Int'
[LOG 18:01:46.728] PartLoader: Compiling Internal Space 'Squad/Spaces/MK3_CrewCab_Int/internal_MK3_CrewCab/MK3_CrewCab_Int'
[LOG 18:01:46.731] InternalSeat: Cannot find portraitCamera of name 'Camera_Left003'
[LOG 18:01:46.740] PartLoader: Compiling Internal Space 'Squad/Spaces/Placeholder/internal/Placeholder'
[LOG 18:01:46.751] PartLoader: Compiling Internal Space 'Squad/Spaces/PodCockpit/internal/PodCockpit'
[LOG 18:01:46.759] PartLoader: Compiling Internal Space 'SquadExpansion/MakingHistory/Spaces/KVPods/Airlock_Internal/Airlock_IVA'
[LOG 18:01:46.760] PartLoader: Compiling Internal Space 'SquadExpansion/MakingHistory/Spaces/KVPods/KV1_Internal/KV1_IVA'
[LOG 18:01:46.763] PartLoader: Compiling Internal Space 'SquadExpansion/MakingHistory/Spaces/KVPods/KV2_Internal/KV2_IVA'
[LOG 18:01:46.768] PartLoader: Compiling Internal Space 'SquadExpansion/MakingHistory/Spaces/KVPods/KV3_Internal/KV3_IVA'
[LOG 18:01:46.775] PartLoader: Compiling Internal Space 'SquadExpansion/MakingHistory/Spaces/MEM/MEM_IVA/MEM_IVA'
[LOG 18:01:46.783] PartLoader: Compiling Internal Space 'SquadExpansion/MakingHistory/Spaces/Mk2Pod/Mk2Pod_Internal/MK2POD_IVA'
[LOG 18:01:46.875] Assets:
[LOG 18:01:46.875] anim_missionsapp_idle.anim
[LOG 18:01:46.875] anim_missionsapp_idle_warning.anim
[LOG 18:01:46.875] anim_missionsapp_warning.anim
[LOG 18:01:46.876] anim_missionssapp.anim
[LOG 18:01:46.876] animcontroller_missionsappmaster.controller
[LOG 18:01:46.876] app_bg.tif
[LOG 18:01:46.876] app_bottom_gray.tif
[LOG 18:01:46.876] app_divider_pulldown_body.tif
[LOG 18:01:46.876] app_divider_pulldown_footer.tif
[LOG 18:01:46.876] app_divider_pulldown_header.tif
[LOG 18:01:46.876] app_divider_pulldown_header_over.tif
[LOG 18:01:46.876] app_header_gray.tif
[LOG 18:01:46.876] app_missions_icon_active.tif
[LOG 18:01:46.876] app_missions_icon_complete.tif
[LOG 18:01:46.876] app_missions_icon_failed.tif
[LOG 18:01:46.876] app_missions_icon_inactive.tif
[LOG 18:01:46.876] spritesheet_missionsapp.tif
[LOG 18:01:46.876] spritesheet_missionsappwarning.tif
[LOG 18:01:46.876] missionbriefingdialog.prefab
[LOG 18:01:46.877] missionbriefingtag.prefab
[LOG 18:01:46.877] awardwidget.prefab
[LOG 18:01:46.877] missionenddialog.prefab
[LOG 18:01:46.877] missionitemwidget.prefab
[LOG 18:01:46.877] missionplaybutton.prefab
[LOG 18:01:46.877] missionplaydialog.prefab
[LOG 18:01:46.877] missionsteamitemwidget.prefab
[LOG 18:01:46.877] missionvalidationdialog.prefab
[LOG 18:01:46.877] validationentry.prefab
[LOG 18:01:46.877] comettoken.fbx
[LOG 18:01:46.877] comettoken.jpg
[LOG 18:01:46.877] placementegizmo_comet.mat
[LOG 18:01:46.877] placementegizmo_comet_tail.mat
[LOG 18:01:46.877] femalevintagepreview.prefab
[LOG 18:01:46.877] malevintagepreview.prefab
[LOG 18:01:46.877] checkpointentrywidget.prefab
[LOG 18:01:46.877] crewmanagementdialog.prefab
[LOG 18:01:46.877] listitem_vesseltitle.prefab
[LOG 18:01:46.877] missionbrowser.prefab
[LOG 18:01:46.877] missioncheckpointbrowser.prefab
[LOG 18:01:46.878] missioncrewlistitem.prefab
[LOG 18:01:46.878] missionentrywidget.prefab
[LOG 18:01:46.878] missiontemplateentrywidget.prefab
[LOG 18:01:46.878] partcategorizerbutton.prefab
[LOG 18:01:46.878] partselectorbrowser.prefab
[LOG 18:01:46.878] partselectorentry.prefab
[LOG 18:01:46.878] gaputil_vesselframe.prefab
[LOG 18:01:46.878] meguiconnector.prefab
[LOG 18:01:46.878] meguinode.prefab
[LOG 18:01:46.878] meguinodecategorybutton.prefab
[LOG 18:01:46.878] meguinodeicon.prefab
[LOG 18:01:46.878] meguinodeicongroup.prefab
[LOG 18:01:46.878] meguiscrollviewitem.prefab
[LOG 18:01:46.879] meiconloaderbasicnode.prefab
[LOG 18:01:46.879] meiconloadergap.prefab
[LOG 18:01:46.879] meiconloadernodecategorizer.prefab
[LOG 18:01:46.879] menodecanvas.prefab
[LOG 18:01:46.879] missioneditorscreen.prefab
[LOG 18:01:46.879] nodelisttooltip.prefab
[LOG 18:01:46.879] nodelisttooltipextinfolistspacer.prefab
[LOG 18:01:46.879] orbitgizmo.prefab
[LOG 18:01:46.879] biomeshighlight.shader
[LOG 18:01:46.879] projector-surfacegizmo.shader
[LOG 18:01:46.879] scaledplanetbiomeshighlight.shader
[LOG 18:01:46.879] sprites-alwaysover.shader
[LOG 18:01:46.879] ui-unlit-infinite.shader
[LOG 18:01:46.879] ui-unlit-solid.shader
[LOG 18:01:46.879] assetgraph_connectionpoint_inputmark.png
[LOG 18:01:46.879] assetgraph_inputbg.png
[LOG 18:01:46.879] boldly.png
[LOG 18:01:46.879] carpool.png
[LOG 18:01:46.879] frugal.png
[LOG 18:01:46.879] homesick.png
[LOG 18:01:46.880] keys.png
[LOG 18:01:46.880] saint.png
[LOG 18:01:46.880] sinner.png
[LOG 18:01:46.880] thespot.png
[LOG 18:01:46.880] timekeeper.png
[LOG 18:01:46.880] helmetbronze.png
[LOG 18:01:46.880] helmetgold.png
[LOG 18:01:46.880] helmetsilver.png
[LOG 18:01:46.880] action-part-resource-drain.png
[LOG 18:01:46.880] change-part-resource-levels.png
[LOG 18:01:46.880] create-asteroid.png
[LOG 18:01:46.880] create-kerbal.png
[LOG 18:01:46.880] create-vessel.png
[LOG 18:01:46.880] crew-assignment.png
[LOG 18:01:46.880] dialog-message.png
[LOG 18:01:46.880] display-message.png
[LOG 18:01:46.880] fail-part.png
[LOG 18:01:46.880] fly-through.png
[LOG 18:01:46.881] funds-recovery.png
[LOG 18:01:46.881] generic-node.png
[LOG 18:01:46.881] go-to.png
[LOG 18:01:46.881] kerbal-boarded.png
[LOG 18:01:46.881] kerbal-recovery.png
[LOG 18:01:46.881] kerbal-rescue.png
[LOG 18:01:46.881] launch-site.png
[LOG 18:01:46.881] leave-soi.png
[LOG 18:01:46.881] orbit.png
[LOG 18:01:46.881] part-explode.png
[LOG 18:01:46.881] plant-flag.png
[LOG 18:01:46.881] reach-soi.png
[LOG 18:01:46.881] repair-part.png
[LOG 18:01:46.881] resource-amount.png
[LOG 18:01:46.881] resource-recovery.png
[LOG 18:01:46.881] science-experiment.png
[LOG 18:01:46.881] score.png
[LOG 18:01:46.881] take-tourist.png
[LOG 18:01:46.881] test-altitude.png
[LOG 18:01:46.882] test-eva.png
[LOG 18:01:46.882] test-grapple.png
[LOG 18:01:46.882] time-of-flight.png
[LOG 18:01:46.882] time-of-mission.png
[LOG 18:01:46.882] time-since-node.png
[LOG 18:01:46.882] vessel-crashed.png
[LOG 18:01:46.882] vessel-crew-count.png
[LOG 18:01:46.882] vessel-explode.png
[LOG 18:01:46.882] vessel-flying.png
[LOG 18:01:46.882] vessel-landed.png
[LOG 18:01:46.882] vessel-mass.png
[LOG 18:01:46.882] vessel-splashed.png
[LOG 18:01:46.882] vessel-stage-activated.png
[LOG 18:01:46.882] vessel-stage.png
[LOG 18:01:46.882] arrange-graph.png
[LOG 18:01:46.882] builderbuttons_briefing.png
[LOG 18:01:46.882] builderbuttons_reset.png
[LOG 18:01:46.882] builderbuttons_trackingstation.png
[LOG 18:01:46.883] frame-graph.png
[LOG 18:01:46.883] lock.png
[LOG 18:01:46.883] maximize.png
[LOG 18:01:46.883] minimize.png
[LOG 18:01:46.883] pin.png
[LOG 18:01:46.883] pin_down.png
[LOG 18:01:46.883] redo.png
[LOG 18:01:46.883] reset.png
[LOG 18:01:46.883] tracking-station.png
[LOG 18:01:46.883] undo.png
[LOG 18:01:46.883] visible-in-gap.png
[LOG 18:01:46.883] location.png
[LOG 18:01:46.883] logic.png
[LOG 18:01:46.883] science.png
[LOG 18:01:46.883] utility.png
[LOG 18:01:46.883] vessel.png
[LOG 18:01:46.883] eye.png
[LOG 18:01:46.883] iconmb.png
[LOG 18:01:46.883] me_btn_generic_normal.tif
[LOG 18:01:46.883] me_button_generic_normal.tif
[LOG 18:01:46.883] nodecat_bg.png
[LOG 18:01:46.884] nodecat_divider.tif
[LOG 18:01:46.884] nodecat_divider_bottom.tif
[LOG 18:01:46.884] pholderwarningicon.png
[LOG 18:01:46.884] reseticon.png
[LOG 18:01:46.884] validityindicator.controller
[LOG 18:01:46.884] validtyinidicatorpulse.anim
[LOG 18:01:46.884] broadorbittoggle button.png
[LOG 18:01:46.884] maneuvertoggle button.png
[LOG 18:01:46.884] orbitalgizmoicons.png
[LOG 18:01:46.884] reset orbit button.png
[LOG 18:01:46.884] nodelabel.prefab
[LOG 18:01:46.884] kerbaleva_female_exp.prefab
[LOG 18:01:46.884] kerbaleva_rd_exp.prefab
[LOG 18:01:46.884] missioneditorevabody.mat
[LOG 18:01:46.884] missioneditorevabodyalternate.mat
[LOG 18:01:46.884] missioneditorevabodybrown.mat
[LOG 18:01:46.884] missioneditorevaeyeballs.mat
[LOG 18:01:46.884] missioneditorevaeyes.mat
[LOG 18:01:46.884] missioneditorevahead.mat
[LOG 18:01:46.884] missioneditorevahelmet.mat
[LOG 18:01:46.885] missioneditorevahelmetred.mat
[LOG 18:01:46.885] missioneditorevajetpack.mat
[LOG 18:01:46.885] missioneditorevalight.mat
[LOG 18:01:46.885] kbevafemalevintage.prefab
[LOG 18:01:46.885] kbevavintage.prefab
[LOG 18:01:46.885] evalight.fbx
[LOG 18:01:46.885] kbeva@new.fbx
[LOG 18:01:46.885] kbeva@newfem.fbx
[LOG 18:01:46.885] mevahelmetlight.fbx
[LOG 18:01:46.885] evajetpackscondary.dds
[LOG 18:01:46.885] evajetpacksecondary_n.dds
[LOG 18:01:46.885] evalight.png
[LOG 18:01:46.885] kerbalmainnrm.dds
[LOG 18:01:46.885] me_suit_difuse_blue.dds
[LOG 18:01:46.885] me_suit_difuse_low_polybrown.dds
[LOG 18:01:46.885] me_suit_difuse_orange.dds
[LOG 18:01:46.885] kerbalfemalevintage.prefab
[LOG 18:01:46.885] kerbalmalevintage.prefab
[LOG 18:01:46.885] evahelmet.mat
[LOG 18:01:46.885] evatexture.mat
[LOG 18:01:46.885] kerbalgirl_06_basecolor.mat
[LOG 18:01:46.886] kerbalhead.mat
[LOG 18:01:46.886] lambert6.mat
[LOG 18:01:46.886] mat_eyeballs.mat
[LOG 18:01:46.886] mat_eyes01.mat
[LOG 18:01:46.886] material #4.mat
[LOG 18:01:46.886] mesh_female_kerbalastronaut01_kerbalgirl_export_15_lambert20.mat
[LOG 18:01:46.886] mesh_female_kerbalastronaut01_kerbalgirl_export_15_lambert21.mat
[LOG 18:01:46.886] kbfemale_iva_mecanim.fbx
[LOG 18:01:46.886] kbiva_mecanim.fbx
[LOG 18:01:46.886] kerbalicon_eva_female_vintage.tif
[LOG 18:01:46.886] kerbalicon_eva_vintage.tif
[LOG 18:01:46.886] kerbalicon_suit_female_vintage.tif
[LOG 18:01:46.886] kerbalicon_suit_orange_female_vintage.tif
[LOG 18:01:46.886] kerbalicon_suit_orange_vintage.tif
[LOG 18:01:46.886] kerbalicon_suit_vintage.tif
[LOG 18:01:46.886] gap_celestialbody_camerasetup.prefab
[LOG 18:01:46.886] gap_celestialbody_collisionsphere.prefab
[LOG 18:01:46.886] gap_celestialbody_surfacegizmo_area.prefab
[LOG 18:01:46.886] gap_celestialbody_surfacegizmo_basic.prefab
[LOG 18:01:46.886] gap_celestialbody_surfacegizmo_icon.prefab
[LOG 18:01:46.887] gap_celestialbody_surfacegizmo_vessel.prefab
[LOG 18:01:46.887] gap_celestialbody_surfacegizmo_volume.prefab
[LOG 18:01:46.887] gap_proceduralasteroid.prefab
[LOG 18:01:46.887] gap_proceduralcomet.prefab
[LOG 18:01:46.887] gapbuttonprefab.prefab
[LOG 18:01:46.887] gapkerbal_femaleveteran.prefab
[LOG 18:01:46.887] gapkerbal_femaleveteran_vintage.prefab
[LOG 18:01:46.887] gapkerbal_male_slimsuit.prefab
[LOG 18:01:46.887] gapkerbal_maleveteran.prefab
[LOG 18:01:46.887] gapkerbal_maleveteran_vintage.prefab
[LOG 18:01:46.887] gapscrollablesidebarbutton.prefab
[LOG 18:01:46.887] gapsidebarbutton.prefab
[LOG 18:01:46.887] gaptoggleprefab.prefab
[LOG 18:01:46.887] gaputil_biselector.prefab
[LOG 18:01:46.887] gaputil_celestialbody.prefab
[LOG 18:01:46.887] vesseldisplay_camerasetup.prefab
[LOG 18:01:46.887] desert_airfield.prefab
[LOG 18:01:46.887] desert_groundobjects.prefab
[LOG 18:01:46.887] desert_launch_site.prefab
[LOG 18:01:46.887] larkes.prefab
[LOG 18:01:46.888] floor bottom.mat
[LOG 18:01:46.888] floor top.mat
[LOG 18:01:46.888] legs.mat
[LOG 18:01:46.888] ramp.mat
[LOG 18:01:46.888] stairs grid lights pivot.mat
[LOG 18:01:46.888] supports 1.mat
[LOG 18:01:46.888] supports 2.mat
[LOG 18:01:46.888] tunnels.mat
[LOG 18:01:46.888] floor bottom.dds
[LOG 18:01:46.888] floor top.dds
[LOG 18:01:46.888] floor top_normal.dds
[LOG 18:01:46.888] legs.dds
[LOG 18:01:46.888] ramp.dds
[LOG 18:01:46.888] stairs grid lights pivot.dds
[LOG 18:01:46.888] supports 1.dds
[LOG 18:01:46.888] supports 2.dds
[LOG 18:01:46.888] tunnels.dds
[LOG 18:01:46.888] diffuse.mat
[LOG 18:01:46.888] floor bottom_base_color.mat
[LOG 18:01:46.888] floor top_base_color.mat
[LOG 18:01:46.888] legs_base_color.mat
[LOG 18:01:46.888] ramp_base_color.mat
[LOG 18:01:46.889] stairs grid lights pivot_base_colormodpsd.mat
[LOG 18:01:46.889] stairs_grid_lights_pivot_base_color.mat
[LOG 18:01:46.889] supports 1_base_color.mat
[LOG 18:01:46.889] supports 2_base_color.mat
[LOG 18:01:46.889] tunnels_base_color.mat
[LOG 18:01:46.889] mobilelaunchpad_19.fbx
[LOG 18:01:46.889] pontoons.fbx
[LOG 18:01:46.889] pontoons_diffuse.dds
[LOG 18:01:46.889] ramp_normal.png
[LOG 18:01:46.889] 1001_base_color.mat
[LOG 18:01:46.889] desert groundtransition.mat
[LOG 18:01:46.889] desert groundtransition_highquality.mat
[LOG 18:01:46.889] desert groundtransition_lowquality.mat
[LOG 18:01:46.889] desert groundtransition_mediumquality.mat
[LOG 18:01:46.889] desert groundtransition_ultraquality.mat
[LOG 18:01:46.889] desert runway sand.mat
[LOG 18:01:46.889] desert runway stone.mat
[LOG 18:01:46.889] mobilelaunchpad.prefab
[LOG 18:01:46.889] woomerang_groundobjects.prefab
[LOG 18:01:46.889] woomerang_launch_site.prefab
[LOG 18:01:46.890] Scenes:
[LOG 18:01:46.890] kspMissionEditor.unity
[LOG 18:01:55.467] Assets:
[LOG 18:01:55.467] appanim_missionsapp.prefab
[LOG 18:01:55.467] cascading_body_missionheader.prefab
[LOG 18:01:55.467] cascading_body_missioninfo.prefab
[LOG 18:01:55.467] cascading_body_missionobjective.prefab
[LOG 18:01:55.467] cascading_body_missionsvesselheader.prefab
[LOG 18:01:55.467] cascading_body_missionsvesselitem.prefab
[LOG 18:01:55.467] cascading_body_settingsbutton.prefab
[LOG 18:01:55.467] cascading_body_settingstoggle.prefab
[LOG 18:01:55.467] missionsapp.prefab
[LOG 18:01:55.467] axislimitline.prefab
[LOG 18:01:55.467] controlleraction.prefab
[LOG 18:01:55.467] controlleraxis.prefab
[LOG 18:01:55.467] controllerwindow.prefab
[LOG 18:01:55.468] curvepanelpoint.prefab
[LOG 18:01:55.468] curvepanelpointaction.prefab
[LOG 18:01:55.468] axis_align_ends.png
[LOG 18:01:55.468] axis_clamp_values.png
[LOG 18:01:55.468] axis_copy.png
[LOG 18:01:55.468] axis_flip_horizontal.png
[LOG 18:01:55.468] axis_flip_vertical.png
[LOG 18:01:55.468] axis_move_down-trackrow.png
[LOG 18:01:55.468] axis_move_down.png
[LOG 18:01:55.468] axis_move_up-trackrow.png
[LOG 18:01:55.468] axis_move_up.png
[LOG 18:01:55.468] axis_paste.png
[LOG 18:01:55.468] axis_preset_flat.png
[LOG 18:01:55.468] axis_preset_sawtooth.png
[LOG 18:01:55.468] axis_preset_sine.png
[LOG 18:01:55.468] axis_preset_square.png
[LOG 18:01:55.468] axis_preset_triangle.png
[LOG 18:01:55.468] axis_select_all.png
[LOG 18:01:55.468] background_squared_inset.png
[LOG 18:01:55.468] close.png
[LOG 18:01:55.468] direction_forward.png
[LOG 18:01:55.468] direction_reverse.png
[LOG 18:01:55.468] edit.png
[LOG 18:01:55.468] fieldlimitline.png
[LOG 18:01:55.468] keyframe_add.png
[LOG 18:01:55.468] keyframe_clamp_value.png
[LOG 18:01:55.468] keyframe_delete.png
[LOG 18:01:55.468] keyframe_linear.png
[LOG 18:01:55.469] keyframe_smooth.png
[LOG 18:01:55.469] keyframe_step_backward.png
[LOG 18:01:55.469] keyframe_step_forward.png
[LOG 18:01:55.469] line.png
[LOG 18:01:55.469] line_dashed.png
[LOG 18:01:55.469] loop_pingpong.png
[LOG 18:01:55.469] loop_playonce.png
[LOG 18:01:55.469] loop_repeat.png
[LOG 18:01:55.469] node.png
[LOG 18:01:55.469] node_circle.png
[LOG 18:01:55.469] node_square.png
[LOG 18:01:55.469] pause.png
[LOG 18:01:55.469] play.png
[LOG 18:01:55.469] pointer.png
[LOG 18:01:55.469] remove-axis.png
[LOG 18:01:55.469] remove_key.png
[LOG 18:01:55.469] resize_icon.png
[LOG 18:01:55.469] sequence_resize_button_states.png
[LOG 18:01:55.469] sequence_resize_maintain.png
[LOG 18:01:55.469] sequence_resize_scale.png
[LOG 18:01:55.469] sequence_speed.png
[LOG 18:01:55.469] tracking_editor_button_states.png
[LOG 18:01:55.469] femalefuturepreview.prefab
[LOG 18:01:55.469] malefuturepreview.prefab
[LOG 18:01:55.469] kbfemale@controlpanel_a.fbx
[LOG 18:01:55.469] kbfemale@controlpanel_b.fbx
[LOG 18:01:55.469] kbfemale@controlpanel_c.fbx
[LOG 18:01:55.469] kbfemale@rocksample.fbx
[LOG 18:01:55.469] hammerfemale.fbx
[LOG 18:01:55.469] hammermale.fbx
[LOG 18:01:55.470] kbeva@controlpanel_a.fbx
[LOG 18:01:55.470] kbeva@controlpanel_b.fbx
[LOG 18:01:55.470] kbeva@controlpanel_c.fbx
[LOG 18:01:55.470] kbeva@rocksample.fbx
[LOG 18:01:55.470] kerbaleva_female_future.prefab
[LOG 18:01:55.470] kerbaleva_rd_future.prefab
[LOG 18:01:55.470] futureevabody.mat
[LOG 18:01:55.470] futureevabodyalternate.mat
[LOG 18:01:55.470] futureevajetpack.mat
[LOG 18:01:55.470] futureevalight.mat
[LOG 18:01:55.470] futurehelmet.mat
[LOG 18:01:55.470] kbevafemalefuture.prefab
[LOG 18:01:55.470] kbevafuture.prefab
[LOG 18:01:55.470] kbeva@new.fbx
[LOG 18:01:55.470] kbeva@newfem.fbx
[LOG 18:01:55.470] mevahelmetlight.fbx
[LOG 18:01:55.470] serenityfemaleeva.fbx
[LOG 18:01:55.470] serenityflares.fbx
[LOG 18:01:55.470] serenitymaleeva.fbx
[LOG 18:01:55.470] evajetpacknrm.dds
[LOG 18:01:55.470] futuresuit_diffuse_orange.dds
[LOG 18:01:55.470] futuresuit_diffuse_whiteblue.dds
[LOG 18:01:55.470] futuresuit_diffuse_whiteorange.dds
[LOG 18:01:55.470] futuresuit_emissive.dds
[LOG 18:01:55.470] futuresuit_evalight.png
[LOG 18:01:55.470] futuresuitmainnrm.dds
[LOG 18:01:55.470] ksp_ig_jetpack_diffuse.jpg
[LOG 18:01:55.470] kerbalfemalefuture.prefab
[LOG 18:01:55.471] kerbalmalefuture.prefab
[LOG 18:01:55.471] futuresuit_diffuse.mat
[LOG 18:01:55.471] serenityfemaleiva.fbx
[LOG 18:01:55.471] serenitymaleiva.fbx
[LOG 18:01:55.471] kerbalicon_eva_female_future.tif
[LOG 18:01:55.471] kerbalicon_eva_future.tif
[LOG 18:01:55.471] kerbalicon_suit_female_future.tif
[LOG 18:01:55.471] kerbalicon_suit_future.tif
[LOG 18:01:55.471] kerbalicon_suit_orange_female_future.tif
[LOG 18:01:55.471] kerbalicon_suit_orange_future.tif
[LOG 18:01:55.471] bottom_emissor.mat
[LOG 18:01:55.471] burst_emissor.mat
[LOG 18:01:55.471] burstprojectiles_emissor.mat
[LOG 18:01:55.471] constantburst_emissor.mat
[LOG 18:01:55.471] snowflakes_emissor.mat
[LOG 18:01:55.471] vapor_emissor.mat
[LOG 18:01:55.471] base_0.mat
[LOG 18:01:55.471] base_1.mat
[LOG 18:01:55.471] base_2.mat
[LOG 18:01:55.471] base_3_1.mat
[LOG 18:01:55.471] base_3_2.mat
[LOG 18:01:55.471] vapor.mat
[LOG 18:01:55.471] burst.png
[LOG 18:01:55.471] cloud2.png
[LOG 18:01:55.471] v1.png
[LOG 18:01:55.471] v2.png
[LOG 18:01:55.471] v3.png
[LOG 18:01:55.471] v5.png
[LOG 18:01:55.471] gapkerbal_female_future.prefab
[LOG 18:01:55.471] gapkerbal_male_future.prefab
[LOG 18:01:55.472] hammerfemale.prefab
[LOG 18:01:55.472] hammermale.prefab
[LOG 18:01:55.472] bopgravelpile.prefab
[LOG 18:01:55.472] bopgravelpile.fbx
[LOG 18:01:55.472] bop_gravel pile_d.mat
[LOG 18:01:55.472] lambert1.mat
[LOG 18:01:55.472] bop_gravel pile_d.png
[LOG 18:01:55.472] bop_gravel pile_d.tga
[LOG 18:01:55.472] bop_gravel pile_n.png
[LOG 18:01:55.472] bop_gravel pile_s.png
[LOG 18:01:55.472] drescrater.prefab
[LOG 18:01:55.472] dresmeteorite.prefab
[LOG 18:01:55.472] drescrater.fbx
[LOG 18:01:55.472] dresmeteorite.fbx
[LOG 18:01:55.472] dres_crater_d.mat
[LOG 18:01:55.472] dres_meteorite_d.mat
[LOG 18:01:55.472] lambert1.mat
[LOG 18:01:55.472] dres_crater_d.tga
[LOG 18:01:55.472] dres_crater_n.png
[LOG 18:01:55.472] dres_meteorite_d.tga
[LOG 18:01:55.472] dres_meteorite_n.png
[LOG 18:01:55.472] dunablueberries.prefab
[LOG 18:01:55.472] dunadune.prefab
[LOG 18:01:55.472] dunameteorite.prefab
[LOG 18:01:55.472] dunastone.prefab
[LOG 18:01:55.472] dunaasteroid.fbx
[LOG 18:01:55.472] dunablueberries.fbx
[LOG 18:01:55.472] dunadune.fbx
[LOG 18:01:55.472] dunastone.fbx
[LOG 18:01:55.472] duna_asteroid_d.mat
[LOG 18:01:55.473] duna_dune_d.mat
[LOG 18:01:55.473] duna_stone_d.mat
[LOG 18:01:55.473] dune_blueberries_d.mat
[LOG 18:01:55.473] lambert1.mat
[LOG 18:01:55.473] duna_asteroid_d.tga
[LOG 18:01:55.473] duna_asteroid_n.png
[LOG 18:01:55.473] duna_dune_d.tga
[LOG 18:01:55.473] duna_dune_n.tga
[LOG 18:01:55.473] duna_stone_d.tga
[LOG 18:01:55.473] duna_stone_n.png
[LOG 18:01:55.473] dune_blueberries_d.tga
[LOG 18:01:55.473] dune_blueberries_n.png
[LOG 18:01:55.473] eelooberg.prefab
[LOG 18:01:55.473] eeloobrownboulder.prefab
[LOG 18:01:55.473] eelooicechunk.prefab
[LOG 18:01:55.473] eelooberg.fbx
[LOG 18:01:55.473] eelooboulder.fbx
[LOG 18:01:55.473] eelooicechunk.fbx
[LOG 18:01:55.473] eeloo_alien_glacier_d.mat
[LOG 18:01:55.473] eeloo_brown_ boulder_d.mat
[LOG 18:01:55.473] eeloo_ice chunk_d.mat
[LOG 18:01:55.473] lambert1.mat
[LOG 18:01:55.473] eeloo_alien_glacier_d.tga
[LOG 18:01:55.473] eeloo_alien_glacier_e.tga
[LOG 18:01:55.473] eeloo_alien_glacier_n.png
[LOG 18:01:55.474] eeloo_brown_ boulder_d.tga
[LOG 18:01:55.474] eeloo_brown_ boulder_n.png
[LOG 18:01:55.474] eeloo_ice chunk_d.tga
[LOG 18:01:55.474] eeloo_ice chunk_e.tga
[LOG 18:01:55.474] eeloo_ice chunk_n.png
[LOG 18:01:55.474] eeloo_ice chunk_s.tga
[LOG 18:01:55.474] evebasaltformation.prefab
[LOG 18:01:55.474] evepancakedome.prefab
[LOG 18:01:55.474] evevolcanicrock.prefab
[LOG 18:01:55.474] evebasaltformation.fbx
[LOG 18:01:55.474] evepancakeformation.fbx
[LOG 18:01:55.474] evevolcanicrock.fbx
[LOG 18:01:55.474] eve basalt formation_d.mat
[LOG 18:01:55.474] eve pancake formation_d.mat
[LOG 18:01:55.474] eve volcanic rock_d.mat
[LOG 18:01:55.474] lambert1.mat
[LOG 18:01:55.474] eve basalt formation_d.tga
[LOG 18:01:55.474] eve basalt formation_n.tga
[LOG 18:01:55.474] eve pancake formation_d.tga
[LOG 18:01:55.474] eve pancake formation_e.png
[LOG 18:01:55.474] eve pancake formation_n.png
[LOG 18:01:55.474] eve volcanic rock_d.tga
[LOG 18:01:55.474] eve volcanic rock_n.png
[LOG 18:01:55.474] gillyridgeline.fbx
[LOG 18:01:55.474] gilly ridegeline_d.mat
[LOG 18:01:55.474] lambert1.mat
[LOG 18:01:55.474] gillyridgeline.prefab
[LOG 18:01:55.475] gilly ridegeline_d.tga
[LOG 18:01:55.475] gilly ridegeline_n.png
[LOG 18:01:55.475] dunaejecta.prefab
[LOG 18:01:55.475] ikedunaejecta.fbx
[LOG 18:01:55.475] ike_duna_ejecta_mat.mat
[LOG 18:01:55.475] ike duna ejecta_d.tga
[LOG 18:01:55.475] ike duna ejecta_n.png
[LOG 18:01:55.475] kerbinbaobabtree.fbx
[LOG 18:01:55.475] kerbinquartz.fbx
[LOG 18:01:55.475] baobaptree.mat
[LOG 18:01:55.475] kerbin_baobab_tree_d.mat
[LOG 18:01:55.475] kerbin_boabob_tree_d.mat
[LOG 18:01:55.475] kerbin_giant_quartz_d.mat
[LOG 18:01:55.475] lambert1.mat
[LOG 18:01:55.475] lambert2.mat
[LOG 18:01:55.475] kerbinbaobabtree.prefab
[LOG 18:01:55.475] kerbinquartz.prefab
[LOG 18:01:55.475] kerbin_baobab_tree_alpha.png
[LOG 18:01:55.475] kerbin_baobab_tree_d.tga
[LOG 18:01:55.475] kerbin_baobab_tree_n.png
[LOG 18:01:55.475] kerbin_giant_quartz_d.tga
[LOG 18:01:55.475] kerbin_giant_quartz_e.tga
[LOG 18:01:55.475] kerbin_giant_quartz_n.tga
[LOG 18:01:55.475] kerbin_giant_quartz_s.tga
[LOG 18:01:55.475] laytheboulder.fbx
[LOG 18:01:55.475] laythegeyser.fbx
[LOG 18:01:55.475] laythestone.fbx
[LOG 18:01:55.475] lambert1.mat
[LOG 18:01:55.475] laythe_boulder_d.mat
[LOG 18:01:55.476] laythe_geyser_d.mat
[LOG 18:01:55.476] laythe_stone_d.mat
[LOG 18:01:55.476] laytheboulder.prefab
[LOG 18:01:55.476] laythegeyser.prefab
[LOG 18:01:55.476] laythestone.prefab
[LOG 18:01:55.476] laythe_boulder_d.tga
[LOG 18:01:55.476] laythe_boulder_n.png
[LOG 18:01:55.476] laythe_geyser_d.tga
[LOG 18:01:55.476] laythe_geyser_n.png
[LOG 18:01:55.476] laythe_stone_d.tga
[LOG 18:01:55.476] laythe_stone_n.png
[LOG 18:01:55.476] greensandstone.fbx
[LOG 18:01:55.476] lambert1.mat
[LOG 18:01:55.476] minmus_green_sandstone_d.mat
[LOG 18:01:55.476] minmus_olivine_formation_d.mat
[LOG 18:01:55.476] minmusolivineformation.fbx
[LOG 18:01:55.476] minmus_greensandstone.prefab
[LOG 18:01:55.476] minmus_olivineformation.prefab
[LOG 18:01:55.476] minmus_green_sandstone_d.tga
[LOG 18:01:55.476] minmus_green_sandstone_n.png
[LOG 18:01:55.476] minmus_olivine_formation_d.tga
[LOG 18:01:55.476] minmus_olivine_formation_n.png
[LOG 18:01:55.476] lambert1.mat
[LOG 18:01:55.476] moho wrinkleridge_d.mat
[LOG 18:01:55.476] moho_stone_d.mat
[LOG 18:01:55.476] mohostone.fbx
[LOG 18:01:55.476] mohowrinkleridge.fbx
[LOG 18:01:55.477] mohostone.prefab
[LOG 18:01:55.477] mohowrinkleridge.prefab
[LOG 18:01:55.477] moho wrinkleridge_d.tga
[LOG 18:01:55.477] moho wrinkleridge_e.png
[LOG 18:01:55.477] moho wrinkleridge_n.png
[LOG 18:01:55.477] moho_stone_d.tga
[LOG 18:01:55.477] moho_stone_n.png
[LOG 18:01:55.477] lambert1.mat
[LOG 18:01:55.477] mun_crater_d.mat
[LOG 18:01:55.477] mun_large_crater_d.mat
[LOG 18:01:55.477] mun_stone_d.mat
[LOG 18:01:55.477] muncrater.fbx
[LOG 18:01:55.477] munlargecrater.fbx
[LOG 18:01:55.477] munstone.fbx
[LOG 18:01:55.477] muncrater.prefab
[LOG 18:01:55.477] munlargecrater.prefab
[LOG 18:01:55.477] munstone.prefab
[LOG 18:01:55.477] mun_crater_d.tga
[LOG 18:01:55.477] mun_crater_n.png
[LOG 18:01:55.477] mun_large_crater_d.tga
[LOG 18:01:55.477] mun_large_crater_n.png
[LOG 18:01:55.477] mun_stone_d.tga
[LOG 18:01:55.477] mun_stone_n.png
[LOG 18:01:55.477] lambert1.mat
[LOG 18:01:55.477] pol_yellowstone_d.mat
[LOG 18:01:55.477] polyellowstone.fbx
[LOG 18:01:55.477] pol_yellowstones.prefab
[LOG 18:01:55.477] pol_yellowstone_d.png
[LOG 18:01:55.477] pol_yellowstone_n.png
[LOG 18:01:55.477] lambert1.mat
[LOG 18:01:55.478] tylo_checkerboard_d.mat
[LOG 18:01:55.478] tylo_dark boulder_d.mat
[LOG 18:01:55.478] tylo_light_d.mat
[LOG 18:01:55.478] tyloboulder.fbx
[LOG 18:01:55.478] tylocheckerboard.fbx
[LOG 18:01:55.478] tylolightstone.fbx
[LOG 18:01:55.478] tylo_ checkerboard_n.png
[LOG 18:01:55.478] tylo_checkerboard_d.png
[LOG 18:01:55.478] tylo_dark boulder_d.tga
[LOG 18:01:55.478] tylo_dark boulder_n.png
[LOG 18:01:55.478] tylo_light_d.tga
[LOG 18:01:55.478] tylo_light_n.png
[LOG 18:01:55.478] tylocheckerboard.prefab
[LOG 18:01:55.478] tylodarkboulder.prefab
[LOG 18:01:55.478] tylolightstone.prefab
[LOG 18:01:55.478] cryovolcano_d.mat
[LOG 18:01:55.478] lambert1.mat
[LOG 18:01:55.478] vallicechunk_d.mat
[LOG 18:01:55.478] vallstone_d.mat
[LOG 18:01:55.478] vall_cryovolcano.fbx
[LOG 18:01:55.478] vall_icechunk.fbx
[LOG 18:01:55.478] vall_stone.fbx
[LOG 18:01:55.478] cryovolcano_d.tga
[LOG 18:01:55.478] cryovolcano_e.png
[LOG 18:01:55.478] cryovolcano_n.jpg
[LOG 18:01:55.478] cryovolcano_s.jpg
[LOG 18:01:55.478] vallicechunk_d.jpg
[LOG 18:01:55.478] vallicechunk_e.jpg
[LOG 18:01:55.478] vallicechunk_n.jpg
[LOG 18:01:55.479] vallicechunk_s.jpg
[LOG 18:01:55.479] vallstone_d.jpg
[LOG 18:01:55.479] vallstone_e.jpg
[LOG 18:01:55.479] vallstone_n.jpg
[LOG 18:01:55.479] vallstone_s.jpg
[LOG 18:01:55.479] vallcryovolcano.prefab
[LOG 18:01:55.479] vallicechunk.prefab
[LOG 18:01:55.479] vallstone.prefab
[LOG 18:01:55.479] vfx_spark.mat
[LOG 18:01:55.479] vfx_welding_flare.mat
[LOG 18:01:55.479] cometdustmaterial.mat
[LOG 18:01:55.479] cometgeysermat.mat
[LOG 18:01:55.487] GetTypesOfModulesImplementingInterface2: Found 69 types with IPartModuleAdjuster interface in 8 assemblies.
[LOG 18:01:55.495] GetSubclassesOfParentClass: Found 0 types with ModuleActiveRadiator parent in 8 assemblies.
[LOG 18:01:55.502] GetSubclassesOfParentClass: Found 0 types with ModuleAlternator parent in 8 assemblies.
[LOG 18:01:55.510] GetSubclassesOfParentClass: Found 1 types with ModuleControlSurface parent in 8 assemblies.
[LOG 18:01:55.517] GetSubclassesOfParentClass: Found 0 types with ModuleDataTransmitter parent in 8 assemblies.
[LOG 18:01:55.527] GetSubclassesOfParentClass: Found 0 types with ModuleDeployableSolarPanel parent in 8 assemblies.
[LOG 18:01:55.534] GetSubclassesOfParentClass: Found 1 types with ModuleEngines parent in 8 assemblies.
[LOG 18:01:55.543] GetSubclassesOfParentClass: Found 0 types with ModuleGenerator parent in 8 assemblies.
[LOG 18:01:55.549] GetSubclassesOfParentClass: Found 0 types with ModuleGimbal parent in 8 assemblies.
[LOG 18:01:55.557] GetSubclassesOfParentClass: Found 2 types with ModuleLiftingSurface parent in 8 assemblies.
[LOG 18:01:55.564] GetSubclassesOfParentClass: Found 0 types with ModuleLight parent in 8 assemblies.
[LOG 18:01:55.571] GetSubclassesOfParentClass: Found 0 types with ModuleReactionWheel parent in 8 assemblies.
[LOG 18:01:55.579] GetSubclassesOfParentClass: Found 0 types with ModuleSAS parent in 8 assemblies.
[LOG 18:01:55.586] GetSubclassesOfParentClass: Found 0 types with ModuleWheelBrakes parent in 8 assemblies.
[LOG 18:01:55.594] GetSubclassesOfParentClass: Found 1 types with ModuleWheelMotor parent in 8 assemblies.
[LOG 18:01:55.594] GetSubclassesOfParentClass: Using cached results for ModuleActiveRadiator
[LOG 18:01:55.602] GetSubclassesOfParentClass: Found 0 types with ModuleAnchoredDecoupler parent in 8 assemblies.
[LOG 18:01:55.610] GetSubclassesOfParentClass: Found 0 types with ModuleCargoBay parent in 8 assemblies.
[LOG 18:01:55.610] GetSubclassesOfParentClass: Using cached results for ModuleControlSurface
[LOG 18:01:55.610] GetSubclassesOfParentClass: Using cached results for ModuleDataTransmitter
[LOG 18:01:55.619] GetSubclassesOfParentClass: Found 0 types with ModuleDecouple parent in 8 assemblies.
[LOG 18:01:55.628] GetSubclassesOfParentClass: Found 4 types with ModuleDeployablePart parent in 8 assemblies.
[LOG 18:01:55.638] GetSubclassesOfParentClass: Found 0 types with ModuleDockingNode parent in 8 assemblies.
[LOG 18:01:55.638] GetSubclassesOfParentClass: Using cached results for ModuleEngines
[LOG 18:01:55.645] GetSubclassesOfParentClass: Found 0 types with CModuleFuelLine parent in 8 assemblies.
[LOG 18:01:55.654] GetSubclassesOfParentClass: Found 0 types with ModuleGPS parent in 8 assemblies.
[LOG 18:01:55.661] GetSubclassesOfParentClass: Found 0 types with ModuleGrappleNode parent in 8 assemblies.
[LOG 18:01:55.662] GetSubclassesOfParentClass: Using cached results for ModuleGrappleNode
[LOG 18:01:55.670] GetSubclassesOfParentClass: Found 0 types with ModuleKerbNetAccess parent in 8 assemblies.
[LOG 18:01:55.671] GetSubclassesOfParentClass: Using cached results for ModuleLight
[LOG 18:01:55.671] GetSubclassesOfParentClass: Using cached results for ModuleLight
[LOG 18:01:55.679] GetSubclassesOfParentClass: Found 0 types with ModuleProbeControlPoint parent in 8 assemblies.
[LOG 18:01:55.687] GetSubclassesOfParentClass: Found 1 types with ModuleRCS parent in 8 assemblies.
[LOG 18:01:55.687] GetSubclassesOfParentClass: Using cached results for ModuleRCS
[LOG 18:01:55.688] GetSubclassesOfParentClass: Using cached results for ModuleReactionWheel
[LOG 18:01:55.688] GetSubclassesOfParentClass: Using cached results for ModuleReactionWheel
[LOG 18:01:55.695] GetSubclassesOfParentClass: Found 0 types with ModuleResourceIntake parent in 8 assemblies.
[LOG 18:01:55.702] GetSubclassesOfParentClass: Found 0 types with ModuleScienceExperiment parent in 8 assemblies.
[LOG 18:01:55.709] GetSubclassesOfParentClass: Found 0 types with ModuleToggleCrossfeed parent in 8 assemblies.
[LOG 18:01:55.722] GetSubclassesOfParentClass: Found 0 types with ModuleWheelDeployment parent in 8 assemblies.
[LOG 18:01:55.766] ExpansionsLoader: Expansions loaded in 8.894s
[LOG 18:01:55.766] Loading Systems: Elapsed time is 63.47277s
[LOG 18:02:19.177] [AddonLoader]: Instantiating addon 'KSPCFFastLoaderPSystemSetup' from assembly 'KSPCommunityFixes'
[LOG 18:02:19.557] [Agent]: Found 19 agent mentality types
[LOG 18:02:19.559] [AgentList]: 31 agents parsed and loaded.
[LOG 18:02:19.602] [UIMasterController]: HideUI
[LOG 18:02:19.775] [CelestialBody]: Kerbin's solar day length is 6h, 0m, 0s long. sidereal day length is 5h, 59m, 9s long
[LOG 18:02:26.302] [UIMasterController]: HideUI
[LOG 18:02:26.309] [HighLogic]: =========================== Scene Change : From LOADING to MAINMENU =====================
[LOG 18:02:27.495] [AddonLoader]: Instantiating addon 'ContractDefs' from assembly 'KSP'
[LOG 18:02:27.522] [AddonLoader]: Instantiating addon 'KSPCFFastLoaderReport' from assembly 'KSPCommunityFixes'
[LOG 18:02:27.550] [UIMasterController]: ShowUI
[LOG 18:02:27.822] [GameParameters]: Loaded custom parameter class CommNetParams.
[LOG 18:02:27.823] [GameParameters]: Loaded custom parameter class MissionParamsGeneral.
[LOG 18:02:27.823] [GameParameters]: Loaded custom parameter class MissionParamsFacilities.
[LOG 18:02:27.823] [GameParameters]: Loaded custom parameter class MissionParamsExtras.
[LOG 18:02:27.824] [GameParameters]: Loaded custom parameter class AdvancedParams.
[LOG 18:02:27.846] [ReflectionUtil]: Found 40 types with UpgradeModule attribute in 8 assemblies.
[LOG 18:02:27.861] [KSPCF:FastLoader] Intel(R) Core(TM) i7-4790K CPU @ 4.00GHz | 32687 MB | NVIDIA GeForce GTX 1060 6GB (6029 MB)
Total loading time to main menu : 108.590s
- Configs and assemblies loaded in 17.477s
- Configs reload done in 1.340s
- Configs translated in 0.017s
- 2338 assets loaded in 32.654s :
  - 86 audio assets (79.689 MiB) in 4.510s, 17.67 MiB/s
  - 1625 texture assets (1.293 GiB) in 22.025s, 60.138 MiB/s
  - 626 model assets (64.41 MiB) in 6.118s, 10.528 MiB/s
- Asset bundles loaded in 0.676s
- GameDatabase (configs, resources, traits, upgrades...) loaded in 0.071s
- Built-in parts copied in 0.041s
- Part and internal configs extracted in 0.001s
- 483 parts and 1927 modules compiled in 11.254s
  - 4.0 modules/part, 23.300 ms/part, 5.840 ms/module
  - PartIcon compilation : 1.241s
- 27 internal spaces and 56 props compiled in 0.258s
- 2 DLC (Making History, Breaking Ground) loaded in 8.928s
- Planetary system loaded in 9.143s
[LOG 18:02:27.861] Texture queries : 1709, slow path : 1 (0.06 %)
[LOG 18:02:27.866] [ModuleManager] Total loading Time = 91.398s
[LOG 18:02:27.909] [ScenarioTypes]: List Created 23 scenario types loaded from 8 loaded assemblies.
[LOG 18:02:27.923] [ApplicationLauncher] Awake False
[LOG 18:02:27.924] [ApplicationLauncher] SpawnSimpleLayout: VerticalTopDown
[LOG 18:02:27.938] [UiApp] Awake: 
[LOG 18:02:27.939] [ApplicationLauncher] OnSceneLoadedGUIReady: scene MAINMENU ShouldBeVisible() True ShouldBeOnTop() True iIsPositionedAtTop True
[LOG 18:02:27.988] [UIApp] Adding  to Application Launcher
[LOG 18:02:27.991] [ApplicationLauncher] SetHidden: 
[LOG 18:02:27.995] [MessageSystem] OnAppInitialized
[LOG 18:02:27.996] [MessageSystem] Reposition 0.0683857 25018
[LOG 18:02:30.422] [ExperienceSystem]: Found 0 trait types
[LOG 18:02:30.430] [ExperienceSystem]: Found 20 effect types
[LOG 18:02:30.430] Game State Created.
[LOG 18:02:30.455] [ScenarioTypes]: List Created 23 scenario types loaded from 8 loaded assemblies.
[LOG 18:02:30.462] Game State Saved to saves/claude-carriere/persistent
[LOG 18:02:30.466] [UIMasterController]: HideUI
[LOG 18:02:30.468] [HighLogic]: =========================== Scene Change : From MAINMENU to SPACECENTER =====================
[LOG 18:02:31.263] [AddonLoader]: Instantiating addon 'CustomConfigsManager' from assembly 'ModuleManager'
[LOG 18:02:34.694] [UIMasterController]: ShowUI
[LOG 18:02:35.018] [SceneLoadSpeedBoost] Save loaded from cache in 0ms
[LOG 18:02:35.036] GetSubclassesOfParentClass: Found 7 types with AlarmTypeBase parent in 8 assemblies.
[LOG 18:02:35.056] [R&D]: No tech nodes defined. Assuming initial state
[WRN 18:02:35.058] [R&D Tech start]: Tech Node did not contain cost data. Looking for node in TechTree.cfg. This message should not appear again for this node.
[LOG 18:02:35.066] [ScenarioDestructibles]: Loading... 0 objects registered
[LOG 18:02:35.070] [ScenarioUpgradeableFacilities]: Loading in initial state... 
[LOG 18:02:35.071] [ScenarioUpgradeableFacilities]: Loading... 0 objects registered
[LOG 18:02:35.080] [StrategySystem]: Found 0 strategy types
[LOG 18:02:35.087] [StrategySystem]: Found 4 effect types
[LOG 18:02:35.794] [ContractSystem]: Found 22 contract types
[LOG 18:02:35.802] [ContractSystem]: Found 49 parameter types
[LOG 18:02:35.809] [ContractSystem]: Found 5 predicate types
[LOG 18:02:35.838] [CustomConfigsManager] Setting modded tech tree as the active one
[LOG 18:02:35.918] [UiApp] Awake: Contracts
[LOG 18:02:35.918] [UiApp] Awake: KSPedia
[LOG 18:02:35.918] [UiApp] Awake: Missions App
[LOG 18:02:35.918] [UiApp] Awake: AlarmClock
[LOG 18:02:35.919] [GenericAppFrame] Reposition 0 25789
[LOG 18:02:35.919] [ApplicationLauncher] OnSceneLoadedGUIReady: scene SPACECENTER ShouldBeVisible() True ShouldBeOnTop() False iIsPositionedAtTop True
[LOG 18:02:35.919] [ApplicationLauncher] SpawnSimpleLayout: HorizontalRightLeft
[LOG 18:02:35.922] [ApplicationLauncher] SetVisible: 
[LOG 18:02:36.041] Flight State Captured
[LOG 18:02:36.045] Saving Achievements Tree...
[LOG 18:02:36.049] [MessageSystem] Save Messages
[LOG 18:02:36.060] Game State Saved to saves/claude-carriere/persistent
[LOG 18:02:36.070] [MessageSystem] Reposition 0.02 25790
[LOG 18:02:36.071] [GenericAppFrame] Reposition 0.02 25790
[LOG 18:02:36.071] [GenericAppFrame] Reposition 0.02 25790
[LOG 18:02:36.186] [UIApp] Adding AlarmClock to Application Launcher
[LOG 18:02:36.187] [UIApp] Adding Missions App to Application Launcher
[LOG 18:02:36.188] [UIApp] Adding Contracts to Application Launcher
[LOG 18:02:36.225] [GenericAppFrame] Reposition 0.0997415 25796
[LOG 18:02:36.232] [MissionsApp] OnAppStarted(): id: -385326
[LOG 18:02:36.232] MissionsApp does not execute in this game mode, destroying this instance
[LOG 18:02:36.232] [UIApp] OnDestroy: Missions App
[LOG 18:02:36.235] [GenericAppFrame] Reposition 0.0997415 25796
[LOG 18:02:36.248] [UIApp] Adding KSPedia to Application Launcher
[LOG 18:02:36.250] Flight State Captured
[LOG 18:02:36.251] Saving Achievements Tree...
[LOG 18:02:36.252] [MessageSystem] Save Messages
[LOG 18:02:36.264] Game State Saved to saves/claude-carriere/persistent
[LOG 18:02:38.731] Flight State Captured
[LOG 18:02:38.731] Saving Achievements Tree...
[LOG 18:02:38.731] [MessageSystem] Save Messages
[LOG 18:02:38.741] Game State Saved to saves/claude-carriere/persistent
[LOG 18:02:40.862] Flight State Captured
[LOG 18:02:40.862] Saving Achievements Tree...
[LOG 18:02:40.863] [MessageSystem] Save Messages
[LOG 18:02:40.873] Game State Saved to saves/claude-carriere/persistent
[LOG 18:02:42.450] Game Paused!
[LOG 18:02:42.451] [UIMasterController]: ShowUI
[LOG 18:02:48.407] Game Unpaused!
[LOG 18:02:48.410] Flight State Captured
[LOG 18:02:48.410] Saving Achievements Tree...
[LOG 18:02:48.411] [MessageSystem] Save Messages
[LOG 18:02:48.422] Game State Saved to saves/claude-carriere/persistent
[LOG 18:02:48.433] [UIMasterController] RemoveCanvas:ResearchAndDevelopment
[LOG 18:02:56.758] Flight State Captured
[LOG 18:02:56.758] Saving Achievements Tree...
[LOG 18:02:56.759] [MessageSystem] Save Messages
[LOG 18:02:56.770] Game State Saved to saves/claude-carriere/persistent
[LOG 18:02:58.346] Flight State Captured
[LOG 18:02:58.346] Saving Achievements Tree...
[LOG 18:02:58.346] [MessageSystem] Save Messages
[LOG 18:02:58.357] Game State Saved to saves/claude-carriere/persistent
[LOG 18:02:58.369] [UIMasterController]: HideUI
[LOG 18:02:58.380] [HighLogic]: =========================== Scene Change : From SPACECENTER to EDITOR =====================
[LOG 18:02:58.837] [UIApp] OnDestroy: Contracts
[LOG 18:02:58.838] [UIApp] OnDestroy: KSPedia
[LOG 18:02:58.838] [UIApp] OnDestroy: AlarmClock
[LOG 18:02:58.844] [KSPCF:MemoryLeaks] Removed a onPlanetariumTargetChange callback owned by a destroyed Assembly-CSharp:CommNetVessel instance
[LOG 18:02:58.848] [KSPCF:MemoryLeaks] Removed a OnDestructibleLoaded callback owned by a destroyed Assembly-CSharp:RunwayCollisionHandler instance
[LOG 18:02:58.849] [KSPCF:MemoryLeaks] Removed a OnInViewChange callback owned by a destroyed Assembly-CSharp:BuildingPickerItem instance
[LOG 18:02:58.852] [KSPCF:MemoryLeaks] Leaving scene "SpaceCenter", cleaned 7 memory leaks in 0.012s. GameEvents callbacks : 351. Allocated memory : 804.766 MiB (managed heap), 2.189 GiB (unmanaged)
[LOG 18:02:58.863] UICanvasPrefabSpawner SceneLogic spawning Editor
[LOG 18:02:58.901] Aucun verrouillage commandes en cours
[LOG 18:02:59.055] [UIMasterController]: ShowUI
[LOG 18:02:59.644] [UIMasterController]: ShowUI
[LOG 18:03:00.448] [UIMasterController]: ShowUI
[LOG 18:03:00.461] ------------------- initializing editor mode... ------------------
[LOG 18:03:00.461] editor started
[LOG 18:03:00.462] [SceneLoadSpeedBoost] Save loaded from cache in 0ms
[LOG 18:03:00.466] GetSubclassesOfParentClass: Using cached results for AlarmTypeBase
[LOG 18:03:00.468] Loading Depletion Nodes
[LOG 18:03:00.468] DepNodeCount:  0
[LOG 18:03:00.468] Loading Biome Nodes
[LOG 18:03:00.468] BiomeNodeCount:  0
[LOG 18:03:00.468] Loading Planet Nodes
[LOG 18:03:00.468] PlanetNodeCount:  0
[LOG 18:03:00.473] [ScenarioDestructibles]: Loading... 0 objects registered
[LOG 18:03:00.473] [ScenarioUpgradeableFacilities]: Loading... 0 objects registered
[WRN 18:03:00.888] HighlightingSystem : Framebuffer depth data is not available and can't be used to occlude highlighting. Highlighting occluders enabled.
[LOG 18:03:00.939] [UiApp] Awake: EngineersReport
[LOG 18:03:00.939] [UiApp] Awake: Contracts
[LOG 18:03:00.939] [UiApp] Awake: KSPedia
[LOG 18:03:00.940] [UiApp] Awake: Missions App
[LOG 18:03:00.940] [UiApp] Awake: DeltaVApp
[LOG 18:03:00.940] [UiApp] Awake: ActionGroupsApp
[LOG 18:03:00.940] [UiApp] Awake: AlarmClock
[LOG 18:03:00.940] [ApplicationLauncher] OnSceneLoadedGUIReady: scene EDITOR ShouldBeVisible() True ShouldBeOnTop() False iIsPositionedAtTop False
[LOG 18:03:00.991] Saving Achievements Tree...
[LOG 18:03:00.992] [MessageSystem] Save Messages
[LOG 18:03:01.003] Game State Saved to saves/claude-carriere/persistent
[LOG 18:03:01.013] [MessageSystem] Reposition 0.02 28587
[LOG 18:03:01.014] [GenericAppFrame] Reposition 0.02 28587
[LOG 18:03:01.014] [GenericAppFrame] Reposition 0.02 28587
[LOG 18:03:01.114] [UIApp] Adding AlarmClock to Application Launcher
[LOG 18:03:01.116] [UIApp] Adding ActionGroupsApp to Application Launcher
[LOG 18:03:01.117] [ApplicationLauncher] SetHidden: 
[LOG 18:03:01.118] [UIApp] Adding Missions App to Application Launcher
[LOG 18:03:01.119] [UIApp] Adding Contracts to Application Launcher
[LOG 18:03:01.121] [UIApp] Adding EngineersReport to Application Launcher
[LOG 18:03:01.149] [GenericAppFrame] Reposition 0.128488 28593
[LOG 18:03:01.157] [ActionGroupsApp] OnAppStarted(): id: -430180
[LOG 18:03:01.158] [GenericAppFrame] Reposition 0.128488 28593
[LOG 18:03:01.160] [UIApp] Adding DeltaVApp to Application Launcher
[LOG 18:03:01.162] [MissionsApp] OnAppStarted(): id: -430168
[LOG 18:03:01.162] MissionsApp does not execute in this game mode, destroying this instance
[LOG 18:03:01.162] [UIApp] OnDestroy: Missions App
[LOG 18:03:01.163] [GenericAppFrame] Reposition 0.128488 28593
[LOG 18:03:01.165] [GenericAppFrame] Reposition 0.128488 28593
[LOG 18:03:01.221] [GenericAppFrame] Reposition 0.168488 28594
[LOG 18:03:01.245] [UIApp] Adding KSPedia to Application Launcher
[LOG 18:03:03.114] Launching vessel from LaunchPad. Craft file: D:\ksp-dev\saves\claude-carriere\Ships\VAB\VAB-Dropper.craft
[LOG 18:03:03.114] Saving Achievements Tree...
[LOG 18:03:03.114] [MessageSystem] Save Messages
[LOG 18:03:03.126] Game State Saved to saves/claude-carriere/persistent
[LOG 18:03:03.137] [UIMasterController]: HideUI
[LOG 18:03:03.232] [HighLogic]: =========================== Scene Change : From EDITOR to FLIGHT =====================
[LOG 18:03:03.857] [UIApp] OnDestroy: DeltaVApp
[LOG 18:03:03.869] [UIApp] OnDestroy: AlarmClock
[LOG 18:03:03.869] [UIApp] OnDestroy: ActionGroupsApp
[LOG 18:03:03.869] [UIApp] OnDestroy: EngineersReport
[LOG 18:03:03.870] [UIApp] OnDestroy: Contracts
[LOG 18:03:03.871] [UIApp] OnDestroy: KSPedia
[LOG 18:03:03.875] [KSPCF:MemoryLeaks] Removed a onEditorScreenChange callback owned by a destroyed Assembly-CSharp:EditorLogic instance
[LOG 18:03:03.876] [KSPCF:MemoryLeaks] Leaving scene "Editor", cleaned 5 memory leaks in 0.003s. GameEvents callbacks : 485. Allocated memory : 693.496 MiB (managed heap), 2.073 GiB (unmanaged)
[LOG 18:03:03.891] UICanvasPrefabSpawner FlightUI spawning Flight
[LOG 18:03:03.940] UICanvasPrefabSpawner FlightUI spawning VesselLabels
[LOG 18:03:03.941] [UiApp] Awake: ResourceDisplay
[LOG 18:03:04.067] [AddonLoader]: Instantiating addon 'AeroGUI' from assembly 'KSP'
[LOG 18:03:04.085] [AddonLoader]: Instantiating addon 'KSPDiagColliders' from assembly 'KSPDiagColliders'
[LOG 18:03:04.092] [KSPDiagColliders] shader Hidden/Internal-Colored, depth test settable: True; display: colliders, hidden by what stands in front
[LOG 18:03:04.093] [PlanetariumCamera]: Focus: Kerbin
[LOG 18:03:04.095] [UIMasterController]: HideUI
[LOG 18:03:04.543] [UIMasterController]: HideUI
[LOG 18:03:04.543] ------------------- initializing flight mode... ------------------
[LOG 18:03:04.544] [SceneLoadSpeedBoost] Save loaded from cache in 0ms
[LOG 18:03:04.547] [MessageSystem] Save Messages
[LOG 18:03:04.548] GetSubclassesOfParentClass: Using cached results for AlarmTypeBase
[LOG 18:03:04.549] Loading Depletion Nodes
[LOG 18:03:04.549] DepNodeCount:  0
[LOG 18:03:04.549] Loading Biome Nodes
[LOG 18:03:04.549] BiomeNodeCount:  0
[LOG 18:03:04.549] Loading Planet Nodes
[LOG 18:03:04.549] PlanetNodeCount:  0
[LOG 18:03:04.553] [ScenarioDestructibles]: Loading... 0 objects registered
[LOG 18:03:04.554] [ScenarioUpgradeableFacilities]: Loading... 0 objects registered
[LOG 18:03:04.561] Loading ship from file: D:\ksp-dev\saves\claude-carriere\Ships\VAB\VAB-Dropper.craft
[LOG 18:03:04.562] [UIMasterController]: HideUI
[LOG 18:03:04.585] VAB-Dropper loaded!
[LOG 18:03:07.526] putting ship to ground: -9.280001
[LOG 18:03:07.546] [VAB-Dropper]: Ready to Launch - waiting to start physics...
[LOG 18:03:07.567] [FLIGHT GLOBALS]: Switching To Vessel VAB-Dropper ---------------------- 
[LOG 18:03:07.569] setting new dominant body: Kerbin
FlightGlobals.mainBody: Kerbin
[LOG 18:03:07.572] Reference Frame: Rotating
[LOG 18:03:07.586] Vessel assembly complete!
[LOG 18:03:11.271] all systems started
[LOG 18:03:11.481] [KSPDiagColliders] body Kerbin, colliders drawn within 300 m of the active vessel
[LOG 18:03:11.515] [KSPDiagColliders] collider localSpace/Kerbin/Kerbin/KSC/SpaceCenter/LaunchPad/Facility/building/LP_lev3/gasTanks/bigDeepTank1 (MeshCollider, on, layer 15), centre 16 m from the active vessel
[LOG 18:03:11.515] [KSPDiagColliders] collider localSpace/Kerbin/Kerbin/KSC/SpaceCenter/LaunchPad/Facility/building/LP_lev3/gasTanks/bigDeepTank2 (MeshCollider, on, layer 15), centre 16 m from the active vessel
[LOG 18:03:11.515] [KSPDiagColliders] collider localSpace/Kerbin/Kerbin/KSC/SpaceCenter/LaunchPad/Facility/building/LP_lev3/gasTanks/bigDeepTank3 (MeshCollider, on, layer 15), centre 15 m from the active vessel
[LOG 18:03:11.515] [KSPDiagColliders] collider localSpace/Kerbin/Kerbin/KSC/SpaceCenter/LaunchPad/Facility/building/LP_lev3/gasTanks/bigDeepTank4 (MeshCollider, on, layer 15), centre 16 m from the active vessel
[LOG 18:03:11.515] [KSPDiagColliders] collider localSpace/Kerbin/Kerbin/KSC/SpaceCenter/LaunchPad/Facility/building/LP_lev3/gasTanks/bigDeepTank5 (MeshCollider, on, layer 15), centre 16 m from the active vessel
[LOG 18:03:11.516] [KSPDiagColliders] collider localSpace/Kerbin/Kerbin/KSC/SpaceCenter/LaunchPad/Facility/building/LP_lev3/gasTanks/deepTank1 (CapsuleCollider, on, layer 15), centre 29 m from the active vessel
[LOG 18:03:11.516] [KSPDiagColliders] collider localSpace/Kerbin/Kerbin/KSC/SpaceCenter/LaunchPad/Facility/building/LP_lev3/gasTanks/deepTank2 (CapsuleCollider, on, layer 15), centre 29 m from the active vessel
[LOG 18:03:11.516] [KSPDiagColliders] collider localSpace/Kerbin/Kerbin/KSC/SpaceCenter/LaunchPad/Facility/building/LP_lev3/gasTanks/deepTank3 (CapsuleCollider, on, layer 15), centre 30 m from the active vessel
[LOG 18:03:11.517] [KSPDiagColliders] collider localSpace/Kerbin/Kerbin/KSC/SpaceCenter/LaunchPad/Facility/building/LP_lev3/gasTanks/deepTank4 (CapsuleCollider, on, layer 15), centre 28 m from the active vessel
[LOG 18:03:11.517] [KSPDiagColliders] collider localSpace/Kerbin/Kerbin/KSC/SpaceCenter/LaunchPad/Facility/building/LP_lev3/gasTanks/deepTank5 (CapsuleCollider, on, layer 15), centre 28 m from the active vessel
[LOG 18:03:11.517] [KSPDiagColliders] collider localSpace/Kerbin/Kerbin/KSC/SpaceCenter/LaunchPad/Facility/building/LP_lev3/LP_lev3 1/concreteSlopes/concreteSlope1 (MeshCollider, on, layer 15), centre 20 m from the active vessel
[LOG 18:03:11.517] [KSPDiagColliders] collider localSpace/Kerbin/Kerbin/KSC/SpaceCenter/LaunchPad/Facility/building/LP_lev3/LP_lev3 1/concreteSlopes/concreteSlope2 (MeshCollider, on, layer 15), centre 24 m from the active vessel
[LOG 18:03:11.517] [KSPDiagColliders] collider localSpace/Kerbin/Kerbin/KSC/SpaceCenter/LaunchPad/Facility/building/LP_lev3/LP_lev3 1/concreteSlopes/concreteSlope3 (MeshCollider, on, layer 15), centre 25 m from the active vessel
[LOG 18:03:11.517] [KSPDiagColliders] collider localSpace/Kerbin/Kerbin/KSC/SpaceCenter/LaunchPad/Facility/building/LP_lev3/LP_lev3 1/LP_barsAlpha (MeshCollider, on, layer 15), centre 9 m from the active vessel
[LOG 18:03:11.518] [KSPDiagColliders] collider localSpace/Kerbin/Kerbin/KSC/SpaceCenter/LaunchPad/Facility/building/LP_lev3/LP_lev3 1/LP_main (MeshCollider, on, layer 15), centre 23 m from the active vessel
[LOG 18:03:11.519] [KSPDiagColliders] collider localSpace/Kerbin/Kerbin/KSC/SpaceCenter/LaunchPad/Facility/building/LP_lev3/LP_lev3 1/LP_main/LP_main (MeshCollider, on, layer 15), centre 23 m from the active vessel
[LOG 18:03:11.519] [KSPDiagColliders] collider localSpace/Kerbin/Kerbin/KSC/SpaceCenter/LaunchPad/Facility/grounds/LP_ground (MeshCollider, on, layer 15), centre 14 m from the active vessel
[LOG 18:03:11.520] [KSPDiagColliders] collider localSpace/Kerbin/Kerbin/KSC/SpaceCenter/LaunchPad/Facility/SmallTanks/Building/gasTank1 (MeshCollider, on, layer 15), centre 28 m from the active vessel
[LOG 18:03:11.520] [KSPDiagColliders] collider localSpace/Kerbin/Kerbin/KSC/SpaceCenter/LaunchPad/Facility/SmallTanks/Building/gasTank2 (MeshCollider, on, layer 15), centre 28 m from the active vessel
[LOG 18:03:11.521] [KSPDiagColliders] collider localSpace/Kerbin/Kerbin/KSC/SpaceCenter/LaunchPad/Facility/SmallTanks/Building/gasTank3 (MeshCollider, on, layer 15), centre 28 m from the active vessel
[LOG 18:03:11.521] [KSPDiagColliders] collider localSpace/Kerbin/Kerbin/KSC/SpaceCenter/LaunchPad/Facility/SmallTanks/Building/gasTank4 (MeshCollider, on, layer 15), centre 28 m from the active vessel
[LOG 18:03:11.522] [KSPDiagColliders] collider localSpace/Kerbin/Kerbin/KSC/SpaceCenter/LaunchPad/Facility/SmallTanks/Building/gasTank5 (MeshCollider, on, layer 15), centre 28 m from the active vessel
[LOG 18:03:11.522] [KSPDiagColliders] collider localSpace/Kerbin/Kerbin/KSC/SpaceCenter/LaunchPad/Facility/SmallTanks/Building/gasTank6 (MeshCollider, on, layer 15), centre 28 m from the active vessel
[LOG 18:03:11.533] [KSPDiagColliders] collider localSpace/Kerbin/Kerbin/KSC/SpaceCenter/LaunchPad/Facility/BigTanks/gasTower/gasTower_mainStructure (MeshCollider, on, layer 15), centre 91 m from the active vessel
[LOG 18:03:11.534] [KSPDiagColliders] collider localSpace/Kerbin/Kerbin/KSC/SpaceCenter/LaunchPad/Facility/BigTanks/gasTower/gasTower_pipes (MeshCollider, on, layer 15), centre 50 m from the active vessel
[LOG 18:03:11.534] [KSPDiagColliders] collider localSpace/Kerbin/Kerbin/KSC/SpaceCenter/LaunchPad/Facility/Flag/flagPole_lev2/model01/Base (MeshCollider, on, layer 15), centre 76 m from the active vessel
[LOG 18:03:11.534] [KSPDiagColliders] collider localSpace/Kerbin/Kerbin/KSC/SpaceCenter/LaunchPad/Facility/Flag/flagPole_lev2/model01/Pole (MeshCollider, on, layer 15), centre 75 m from the active vessel
[LOG 18:03:11.555] [KSPDiagColliders] collider localSpace/Kerbin/Kerbin/KSC/SpaceCenter/Runway/Facility/runway_lev1_v2 (MeshCollider, on, layer 15), centre 731 m from the active vessel
[LOG 18:03:11.555] [KSPDiagColliders] collider localSpace/Kerbin/Kerbin/KSC/SpaceCenter/Crawlerway/Facility/crawler_level2 (MeshCollider, on, layer 15), centre 327 m from the active vessel
[LOG 18:03:11.557] [KSPDiagColliders] drawn within 300 m: 2 ground quad(s), 29 collider(s) of statics on, 0 switched off
[LOG 18:03:11.719] [UiApp] Awake: CurrencyWidgetsApp
[LOG 18:03:11.719] [UiApp] Awake: Contracts
[LOG 18:03:11.719] [UiApp] Awake: ResourceDisplay
[LOG 18:03:11.719] [UiApp] Awake: KSPedia
[LOG 18:03:11.719] [UiApp] Awake: Missions App
[LOG 18:03:11.719] [UiApp] Awake: DeltaVApp
[LOG 18:03:11.719] [UiApp] Awake: ActionGroupsApp
[LOG 18:03:11.719] [UiApp] Awake: Construction
[LOG 18:03:11.719] [UiApp] Awake: Cargo
[LOG 18:03:11.720] [UiApp] Awake: AlarmClock
[LOG 18:03:11.720] [UiApp] Awake: ManeuverTool
[LOG 18:03:11.720] [ApplicationLauncher] OnSceneLoadedGUIReady: scene FLIGHT ShouldBeVisible() True ShouldBeOnTop() True iIsPositionedAtTop False
[LOG 18:03:11.720] [ApplicationLauncher] SpawnSimpleLayout: VerticalTopDown
[LOG 18:03:11.724] [KnowledgeBase] OnAppLauncherReady 28829
[LOG 18:03:11.756] [FlightIntegrator]: Reloaded drag cube for zeroed cube root part Rockomax32.BW on vessel VAB-Dropper
[LOG 18:03:11.768] [FlightIntegrator]: Vessel VAB-Dropper has been unloaded 1.79769313486232E+308, applying analytic temperature 311.091781561771
[LOG 18:03:11.769] [MessageSystem] Reposition 0.02 28830
[LOG 18:03:11.769] [GenericAppFrame] Reposition 0.02 28830
[LOG 18:03:11.769] [GenericAppFrame] Reposition 0.02 28830
[LOG 18:03:11.881] [PlanetariumCamera]: Focus: VAB-Dropper
[LOG 18:03:11.901] [UIApp] Adding ResourceDisplay to Application Launcher
[LOG 18:03:11.902] [UIApp] Adding ResourceDisplay to Application Launcher
[LOG 18:03:11.912] [ResourceDisplay] OnAppStarted(): id: -461908
[LOG 18:03:11.913] [GenericAppFrame] Reposition 0.1221685 28834
[LOG 18:03:11.914] [ResourceDisplay] OnAppStarted(): id: 293310
[LOG 18:03:11.914] ResourceDisplay already exist, destroying this instance
[LOG 18:03:11.914] [UIApp] OnDestroy: ResourceDisplay
[LOG 18:03:11.928] [UIApp] Adding AlarmClock to Application Launcher
[LOG 18:03:11.929] [UIApp] Adding ActionGroupsApp to Application Launcher
[LOG 18:03:11.930] [ApplicationLauncher] SetHidden: 
[LOG 18:03:11.931] [UIApp] Adding Missions App to Application Launcher
[LOG 18:03:11.932] [UIApp] Adding Contracts to Application Launcher
[LOG 18:03:11.933] CURRENCY WIDGET True True True
[LOG 18:03:11.933] [UIApp] Adding CurrencyWidgetsApp to Application Launcher
[LOG 18:03:11.962] [GenericAppFrame] Reposition 0.1537018 28836
[LOG 18:03:11.970] [ActionGroupsApp] OnAppStarted(): id: -461932
[LOG 18:03:11.971] [GenericAppFrame] Reposition 0.1537018 28836
[LOG 18:03:11.972] [UIApp] Adding DeltaVApp to Application Launcher
[LOG 18:03:11.973] [MissionsApp] OnAppStarted(): id: -461920
[LOG 18:03:11.973] MissionsApp does not execute in this game mode, destroying this instance
[LOG 18:03:11.973] [UIApp] OnDestroy: Missions App
[LOG 18:03:11.974] [GenericAppFrame] Reposition 0.1537018 28836
[LOG 18:03:11.991] [GenericAppFrame] Reposition 0.1937018 28837
[LOG 18:03:12.004] [UIApp] Adding Cargo to Application Launcher
[LOG 18:03:12.007] [UIApp] Adding Construction to Application Launcher
[LOG 18:03:12.008] [UIApp] Adding KSPedia to Application Launcher
[WRN 18:03:12.015] HighlightingSystem : Framebuffer depth data is not available and can't be used to occlude highlighting. Highlighting occluders enabled.
[LOG 18:03:12.022] [ApplicationLauncher] SetHidden: 
[LOG 18:03:12.066] Flight State Captured
[LOG 18:03:12.066] Saving Achievements Tree...
[LOG 18:03:12.067] [MessageSystem] Save Messages
[LOG 18:03:12.082] Game State Saved as persistent
[LOG 18:03:12.786] [VAB-Dropper]: ground contact! - error. Moving Vessel  down -0.200m
[LOG 18:03:12.787] Unpacking VAB-Dropper
[LOG 18:03:12.799] [UIMasterController]: ShowUI
[LOG 18:03:22.878] [KSPDiagColliders] under 'VAB-Dropper' PRELAUNCH lat=-0.097208 lon=-74.557611: [LP_barsAlpha (LP_lev3 1) 4962.602 mm, active=True] [LP_main (LP_main) 4802.157 mm, active=True] [LP_main (LP_lev3 1) 4776.435 mm, active=True] [Kerbin Zn1232223323 (PQStorage) -158.040 mm, active=True]
[LOG 18:03:26.106] Killed all parts in permanent ground contact on vessel VAB-Dropper.
[LOG 18:03:26.107] Packing VAB-Dropper for orbit
[LOG 18:03:26.109] setting new dominant body: Kerbin
FlightGlobals.mainBody: Kerbin
[LOG 18:03:26.112] Reference Frame: Rotating
[LOG 18:03:26.173] Part Rockomax32.BW exited collision with LP_barsAlpha, but it wasn't in collision count list!
[LOG 18:03:26.176] Unpacking VAB-Dropper
[LOG 18:03:26.255] [KSPDiagColliders] collider localSpace/Kerbin/Kerbin/KSC/SpaceCenter/AstronautComplex/Facility/ground/AC_lev1_groundplane (MeshCollider, on, layer 15), centre 437 m from the active vessel
[LOG 18:03:26.255] [KSPDiagColliders] collider localSpace/Kerbin/Kerbin/KSC/SpaceCenter/MissionControl/Facility/ground/MC_lev1_groundPlane (MeshCollider, on, layer 15), centre 429 m from the active vessel
[LOG 18:03:26.293] [KSPDiagColliders] collider localSpace/Kerbin/Kerbin/KSC/SpaceCenter/ResearchAndDevelopment/Facility/MainBuilding/Building/MainBuilding_Detail (MeshCollider, on, layer 15), centre 393 m from the active vessel
[LOG 18:03:26.871] [KSPDiagColliders] collider localSpace/Kerbin/Kerbin/KSC/SpaceCenter/ResearchAndDevelopment/Facility/MainBuilding/Building/MainBuilding_Mesh (MeshCollider, on, layer 15), centre 397 m from the active vessel
[LOG 18:03:26.875] [KSPDiagColliders] collider localSpace/Kerbin/Kerbin/KSC/SpaceCenter/ResearchAndDevelopment/Facility/model_rnd_exterior_main_v3_ground (MeshCollider, on, layer 15), centre 447 m from the active vessel
[LOG 18:03:26.875] [KSPDiagColliders] collider localSpace/Kerbin/Kerbin/KSC/SpaceCenter/SpaceplaneHangar/Facility/Ground/SPH_1_ground (MeshCollider, on, layer 15), centre 450 m from the active vessel
[LOG 18:03:26.876] [KSPDiagColliders] collider localSpace/Kerbin/Kerbin/KSC/SpaceCenter/TrackingStation/Facility/ground/tracaking_station_apollo_ground (MeshCollider, on, layer 15), centre 521 m from the active vessel
[LOG 18:03:26.998] [KSPDiagColliders] collider localSpace/Kerbin/Kerbin/KSC/SpaceCenter/VehicleAssemblyBuilding/Facility/VAB2/building/VAB_lev1 (MeshCollider, on, layer 15), centre 312 m from the active vessel
[LOG 18:03:26.999] [KSPDiagColliders] collider localSpace/Kerbin/Kerbin/KSC/SpaceCenter/VehicleAssemblyBuilding/Facility/grounds/VAB_lev2_groundPlane (MeshCollider, on, layer 15), centre 352 m from the active vessel
[LOG 18:03:26.999] [KSPDiagColliders] collider localSpace/Kerbin/Kerbin/KSC/SpaceCenter/Grounds/VAB_RnD2/Facility/model_filler_1x_type1_v1 (MeshCollider, on, layer 15), centre 370 m from the active vessel
[LOG 18:03:26.999] [KSPDiagColliders] collider localSpace/Kerbin/Kerbin/KSC/SpaceCenter/Grounds/VAB_AC/Facility/filler_apollo_x2 (MeshCollider, on, layer 15), centre 376 m from the active vessel
[LOG 18:03:26.999] [KSPDiagColliders] drawn within 300 m: 2 ground quad(s), 12 collider(s) of statics on, 0 switched off
[LOG 18:03:27.158] [Progress Node Reached]: RecordsAltitude
[LOG 18:03:27.161] [Progress Node Reached]: RecordsSpeed
[LOG 18:03:27.163] [Progress Node Reached]: RecordsDistance
[LOG 18:03:27.835] [KSPDiagColliders] collider localSpace/Kerbin/Kerbin/KSC/SpaceCenter/Grounds/VAB_RnD1/Facility/model_filler_1x_type1_v1 (MeshCollider, on, layer 15), centre 375 m from the active vessel
[LOG 18:03:27.835] [KSPDiagColliders] drawn within 300 m: 2 ground quad(s), 13 collider(s) of statics on, 0 switched off
[LOG 18:03:28.336] [KSPDiagColliders] collider localSpace/Kerbin/Kerbin/KSC/SpaceCenter/Grounds/AC_SPH/Facility/filler_apollo_x1 (MeshCollider, on, layer 15), centre 375 m from the active vessel
[LOG 18:03:28.336] [KSPDiagColliders] collider localSpace/Kerbin/Kerbin/KSC/SpaceCenter/Grounds/VAB_TS1/Facility/filler_apollo_x2 (MeshCollider, on, layer 15), centre 393 m from the active vessel
[LOG 18:03:28.845] [KSPDiagColliders] drawn within 300 m: 2 ground quad(s), 15 collider(s) of statics on, 0 switched off
[LOG 18:03:29.350] [KSPDiagColliders] collider localSpace/Kerbin/Kerbin/KSC/SpaceCenter/Grounds/VAB_TS2/Facility/filler_apollo_x1 (MeshCollider, on, layer 15), centre 372 m from the active vessel
[LOG 18:03:29.350] [KSPDiagColliders] collider localSpace/Kerbin/Kerbin/KSC/SpaceCenter/Grounds/VAB_MC/Facility/filler_apollo_x1 (MeshCollider, on, layer 15), centre 372 m from the active vessel
[LOG 18:03:29.485] Added 1.999999 (2) reputation: 'Progression'.
[LOG 18:03:29.857] [KSPDiagColliders] drawn within 300 m: 2 ground quad(s), 18 collider(s) of statics on, 0 switched off
[LOG 18:03:30.145] [KSPDiagColliders] collider localSpace/Kerbin/Kerbin/KSC/SpaceCenter/ResearchAndDevelopment/Facility/MainBuilding/Building/MainBuilding_Props (MeshCollider, on, layer 15), centre 371 m from the active vessel
[LOG 18:03:30.899] [KSPDiagColliders] drawn within 300 m: 2 ground quad(s), 19 collider(s) of statics on, 0 switched off
[LOG 18:03:31.929] [KSPDiagColliders] collider localSpace/Kerbin/Kerbin/KSC/SpaceCenter/AstronautComplex/Facility/mainBuilding/AC_lev1/right_room_04 (MeshCollider, on, layer 15), centre 309 m from the active vessel
[LOG 18:03:31.930] [KSPDiagColliders] collider localSpace/Kerbin/Kerbin/KSC/SpaceCenter/ResearchAndDevelopment/Facility/SmallLab/Building/SmallLabBlock_Mesh (MeshCollider, on, layer 15), centre 314 m from the active vessel
[LOG 18:03:32.018] [KSPDiagColliders] collider localSpace/Kerbin/Kerbin/KSC/SpaceCenter/ResearchAndDevelopment/Facility/CentralBuilding/Building/CentralBuilding_Mesh (MeshCollider, on, layer 15), centre 352 m from the active vessel
[LOG 18:03:32.028] [KSPDiagColliders] collider localSpace/Kerbin/Kerbin/KSC/SpaceCenter/ResearchAndDevelopment/Facility/CornerLab/Building/CornerLab1_Mesh (MeshCollider, on, layer 15), centre 334 m from the active vessel
[LOG 18:03:32.030] [KSPDiagColliders] collider localSpace/Kerbin/Kerbin/KSC/SpaceCenter/ResearchAndDevelopment/Facility/CornerLab/Building/CornerLab1_Props (MeshCollider, on, layer 15), centre 325 m from the active vessel
[LOG 18:03:32.031] [KSPDiagColliders] collider localSpace/Kerbin/Kerbin/KSC/SpaceCenter/SpaceplaneHangar/Facility/Building/SPH_lev1/support_beams (MeshCollider, on, layer 15), centre 352 m from the active vessel
[LOG 18:03:32.031] [KSPDiagColliders] collider localSpace/Kerbin/Kerbin/KSC/SpaceCenter/Grounds/AC_RnD/Facility/model_filler_1x_type1_v1 (MeshCollider, on, layer 15), centre 374 m from the active vessel
[LOG 18:03:32.032] [KSPDiagColliders] drawn within 300 m: 2 ground quad(s), 26 collider(s) of statics on, 0 switched off
[LOG 18:03:32.218] [KSPDiagColliders] collider localSpace/Kerbin/Kerbin/KSC/SpaceCenter/AstronautComplex/Facility/mainBuilding/AC_lev1/rear_building (MeshCollider, on, layer 15), centre 310 m from the active vessel
[LOG 18:03:32.218] [KSPDiagColliders] collider localSpace/Kerbin/Kerbin/KSC/SpaceCenter/AstronautComplex/Facility/mainBuilding/AC_lev1/right_room_02 (MeshCollider, on, layer 15), centre 308 m from the active vessel
[LOG 18:03:32.218] [KSPDiagColliders] collider localSpace/Kerbin/Kerbin/KSC/SpaceCenter/AstronautComplex/Facility/mainBuilding/AC_lev1/right_room_03 (MeshCollider, on, layer 15), centre 305 m from the active vessel
[LOG 18:03:32.218] [KSPDiagColliders] collider localSpace/Kerbin/Kerbin/KSC/SpaceCenter/AstronautComplex/Facility/mainBuilding/AC_lev1/AC system (MeshCollider, on, layer 15), centre 304 m from the active vessel
[LOG 18:03:32.218] [KSPDiagColliders] collider localSpace/Kerbin/Kerbin/KSC/SpaceCenter/AstronautComplex/Facility/mainBuilding/AC_lev1/AC system (MeshCollider, on, layer 15), centre 301 m from the active vessel
[LOG 18:03:32.218] [KSPDiagColliders] collider localSpace/Kerbin/Kerbin/KSC/SpaceCenter/AstronautComplex/Facility/mainBuilding/AC_lev1/AC system (MeshCollider, on, layer 15), centre 299 m from the active vessel
[LOG 18:03:32.218] [KSPDiagColliders] collider localSpace/Kerbin/Kerbin/KSC/SpaceCenter/AstronautComplex/Facility/mainBuilding/AC_lev1/polySurface2203 (MeshCollider, on, layer 15), centre 301 m from the active vessel
[LOG 18:03:32.219] [KSPDiagColliders] collider localSpace/Kerbin/Kerbin/KSC/SpaceCenter/AstronautComplex/Facility/mainBuilding/AC_lev1/polySurface2203 (MeshCollider, on, layer 15), centre 299 m from the active vessel
[LOG 18:03:32.219] [KSPDiagColliders] collider localSpace/Kerbin/Kerbin/KSC/SpaceCenter/SpaceplaneHangar/Facility/Building/SPH_lev1/polySurface787 (MeshCollider, on, layer 15), centre 345 m from the active vessel
[LOG 18:03:32.220] [KSPDiagColliders] collider localSpace/Kerbin/Kerbin/KSC/SpaceCenter/SpaceplaneHangar/Facility/Building/SPH_lev1/SPH_1_windows810/polySurface780 (MeshCollider, on, layer 15), centre 344 m from the active vessel
[LOG 18:03:32.457] [KSPDiagColliders] collider localSpace/Kerbin/Kerbin/KSC/SpaceCenter/AstronautComplex/Facility/mainBuilding/AC_lev1/Mid_building (MeshCollider, on, layer 15), centre 311 m from the active vessel
[LOG 18:03:32.458] [KSPDiagColliders] collider localSpace/Kerbin/Kerbin/KSC/SpaceCenter/AstronautComplex/Facility/mainBuilding/AC_lev1/right_room_01 (MeshCollider, on, layer 15), centre 304 m from the active vessel
[LOG 18:03:32.458] [KSPDiagColliders] collider localSpace/Kerbin/Kerbin/KSC/SpaceCenter/AstronautComplex/Facility/mainBuilding/AC_lev1/polySurface2784 (MeshCollider, on, layer 15), centre 304 m from the active vessel
[LOG 18:03:32.458] [KSPDiagColliders] collider localSpace/Kerbin/Kerbin/KSC/SpaceCenter/AstronautComplex/Facility/mainBuilding/AC_lev1/AC system (MeshCollider, on, layer 15), centre 302 m from the active vessel
[LOG 18:03:32.458] [KSPDiagColliders] collider localSpace/Kerbin/Kerbin/KSC/SpaceCenter/AstronautComplex/Facility/mainBuilding/AC_lev1/AC system (MeshCollider, on, layer 15), centre 299 m from the active vessel
[LOG 18:03:32.459] [KSPDiagColliders] collider localSpace/Kerbin/Kerbin/KSC/SpaceCenter/AstronautComplex/Facility/mainBuilding/AC_lev1/sunbed (MeshCollider, on, layer 15), centre 298 m from the active vessel
[LOG 18:03:32.459] [KSPDiagColliders] collider localSpace/Kerbin/Kerbin/KSC/SpaceCenter/AstronautComplex/Facility/mainBuilding/AC_lev1/sunbed (MeshCollider, on, layer 15), centre 298 m from the active vessel
[LOG 18:03:32.459] [KSPDiagColliders] collider localSpace/Kerbin/Kerbin/KSC/SpaceCenter/AstronautComplex/Facility/mainBuilding/AC_lev1/sunbed (MeshCollider, on, layer 15), centre 299 m from the active vessel
[LOG 18:03:32.460] [KSPDiagColliders] collider localSpace/Kerbin/Kerbin/KSC/SpaceCenter/AstronautComplex/Facility/mainBuilding/AC_lev1/sunbed (MeshCollider, on, layer 15), centre 296 m from the active vessel
[LOG 18:03:32.460] [KSPDiagColliders] collider localSpace/Kerbin/Kerbin/KSC/SpaceCenter/AstronautComplex/Facility/mainBuilding/AC_lev1/sunbed (MeshCollider, on, layer 15), centre 295 m from the active vessel
[LOG 18:03:32.460] [KSPDiagColliders] collider localSpace/Kerbin/Kerbin/KSC/SpaceCenter/AstronautComplex/Facility/mainBuilding/AC_lev1/sunbed (MeshCollider, on, layer 15), centre 294 m from the active vessel
[LOG 18:03:32.461] [KSPDiagColliders] collider localSpace/Kerbin/Kerbin/KSC/SpaceCenter/AstronautComplex/Facility/mainBuilding/AC_lev1/sunbed (MeshCollider, on, layer 15), centre 292 m from the active vessel
[LOG 18:03:32.461] [KSPDiagColliders] collider localSpace/Kerbin/Kerbin/KSC/SpaceCenter/AstronautComplex/Facility/mainBuilding/AC_lev1/sunbed (MeshCollider, on, layer 15), centre 292 m from the active vessel
[LOG 18:03:32.461] [KSPDiagColliders] collider localSpace/Kerbin/Kerbin/KSC/SpaceCenter/AstronautComplex/Facility/mainBuilding/AC_lev1/sunbed (MeshCollider, on, layer 15), centre 293 m from the active vessel
[LOG 18:03:32.462] [KSPDiagColliders] collider localSpace/Kerbin/Kerbin/KSC/SpaceCenter/AstronautComplex/Facility/mainBuilding/AC_lev1/polySurface2203 (MeshCollider, on, layer 15), centre 301 m from the active vessel
[LOG 18:03:32.462] [KSPDiagColliders] collider localSpace/Kerbin/Kerbin/KSC/SpaceCenter/AstronautComplex/Facility/mainBuilding/AC_lev1/polySurface2203 (MeshCollider, on, layer 15), centre 296 m from the active vessel
[LOG 18:03:32.462] [KSPDiagColliders] collider localSpace/Kerbin/Kerbin/KSC/SpaceCenter/AstronautComplex/Facility/mainBuilding/AC_lev1/AC system (MeshCollider, on, layer 15), centre 299 m from the active vessel
[LOG 18:03:32.462] [KSPDiagColliders] collider localSpace/Kerbin/Kerbin/KSC/SpaceCenter/ResearchAndDevelopment/Facility/SmallLab/Building/SmallLabBlock_Detail (MeshCollider, on, layer 15), centre 299 m from the active vessel
[LOG 18:03:32.463] [KSPDiagColliders] collider localSpace/Kerbin/Kerbin/KSC/SpaceCenter/ResearchAndDevelopment/Facility/SmallLab/Building/SmallLabBlock_Props (MeshCollider, on, layer 15), centre 306 m from the active vessel
[LOG 18:03:32.470] [KSPDiagColliders] collider localSpace/Kerbin/Kerbin/KSC/SpaceCenter/ResearchAndDevelopment/Facility/CentralBuilding/Building/CentralBuilding_Detail (MeshCollider, on, layer 15), centre 335 m from the active vessel
[LOG 18:03:32.471] [KSPDiagColliders] collider localSpace/Kerbin/Kerbin/KSC/SpaceCenter/ResearchAndDevelopment/Facility/Bridge/Bridge_Mesh (MeshCollider, on, layer 15), centre 325 m from the active vessel
[LOG 18:03:32.471] [KSPDiagColliders] collider localSpace/Kerbin/Kerbin/KSC/SpaceCenter/ResearchAndDevelopment/Facility/CornerLab/Building/CornerLab1_Detail (MeshCollider, on, layer 15), centre 324 m from the active vessel
[LOG 18:03:32.471] [KSPDiagColliders] collider localSpace/Kerbin/Kerbin/KSC/SpaceCenter/SpaceplaneHangar/Facility/Building/SPH_lev1/SPH_1_concrete_platform (MeshCollider, on, layer 15), centre 343 m from the active vessel
[LOG 18:03:32.711] [KSPDiagColliders] collider localSpace/Kerbin/Kerbin/KSC/SpaceCenter/AstronautComplex/Facility/mainBuilding/AC_lev1/AC system (MeshCollider, on, layer 15), centre 299 m from the active vessel
[LOG 18:03:32.712] [KSPDiagColliders] collider localSpace/Kerbin/Kerbin/KSC/SpaceCenter/AstronautComplex/Facility/mainBuilding/AC_lev1/polySurface2018 (MeshCollider, on, layer 15), centre 295 m from the active vessel
[LOG 18:03:32.712] [KSPDiagColliders] collider localSpace/Kerbin/Kerbin/KSC/SpaceCenter/AstronautComplex/Facility/mainBuilding/AC_lev1/polySurface2784 (MeshCollider, on, layer 15), centre 302 m from the active vessel
[LOG 18:03:32.712] [KSPDiagColliders] collider localSpace/Kerbin/Kerbin/KSC/SpaceCenter/AstronautComplex/Facility/mainBuilding/AC_lev1/sunbed (MeshCollider, on, layer 15), centre 296 m from the active vessel
[LOG 18:03:32.713] [KSPDiagColliders] collider localSpace/Kerbin/Kerbin/KSC/SpaceCenter/AstronautComplex/Facility/mainBuilding/AC_lev1/sunbed (MeshCollider, on, layer 15), centre 294 m from the active vessel
[LOG 18:03:32.713] [KSPDiagColliders] collider localSpace/Kerbin/Kerbin/KSC/SpaceCenter/AstronautComplex/Facility/mainBuilding/AC_lev1/sunbed (MeshCollider, on, layer 15), centre 293 m from the active vessel
[LOG 18:03:32.713] [KSPDiagColliders] collider localSpace/Kerbin/Kerbin/KSC/SpaceCenter/ResearchAndDevelopment/Facility/CornerLab/Building/ksp_pad_waterTower/Water Tower (MeshCollider, on, layer 15, convex: the physics uses its hull, not the mesh drawn), centre 297 m from the active vessel
[LOG 18:03:32.713] [KSPDiagColliders] collider localSpace/Kerbin/Kerbin/KSC/SpaceCenter/ResearchAndDevelopment/Facility/CornerLab/Building/ksp_pad_waterTower/Water Tower (MeshCollider, on, layer 15, convex: the physics uses its hull, not the mesh drawn), centre 297 m from the active vessel
[LOG 18:03:32.714] [KSPDiagColliders] collider localSpace/Kerbin/Kerbin/KSC/SpaceCenter/ResearchAndDevelopment/Facility/CornerLab/Building/ksp_pad_waterTower/Water Tower (MeshCollider, on, layer 15, convex: the physics uses its hull, not the mesh drawn), centre 302 m from the active vessel
[LOG 18:03:32.714] [KSPDiagColliders] collider localSpace/Kerbin/Kerbin/KSC/SpaceCenter/SpaceplaneHangar/Facility/Building/SPH_lev1/polySurface784 (MeshCollider, on, layer 15), centre 322 m from the active vessel
[LOG 18:03:32.967] [KSPDiagColliders] collider localSpace/Kerbin/Kerbin/KSC/SpaceCenter/AstronautComplex/Facility/mainBuilding/AC_lev1/left_room_01 (MeshCollider, on, layer 15), centre 302 m from the active vessel
[LOG 18:03:32.967] [KSPDiagColliders] collider localSpace/Kerbin/Kerbin/KSC/SpaceCenter/AstronautComplex/Facility/mainBuilding/AC_lev1/polySurface2203 (MeshCollider, on, layer 15), centre 297 m from the active vessel
[LOG 18:03:32.968] [KSPDiagColliders] collider localSpace/Kerbin/Kerbin/KSC/SpaceCenter/AstronautComplex/Facility/mainBuilding/AC_lev1/sunbed (MeshCollider, on, layer 15), centre 300 m from the active vessel
[LOG 18:03:32.968] [KSPDiagColliders] collider localSpace/Kerbin/Kerbin/KSC/SpaceCenter/AstronautComplex/Facility/mainBuilding/AC_lev1/sunbed (MeshCollider, on, layer 15), centre 299 m from the active vessel
[LOG 18:03:32.968] [KSPDiagColliders] collider localSpace/Kerbin/Kerbin/KSC/SpaceCenter/AstronautComplex/Facility/mainBuilding/AC_lev1/AC system (MeshCollider, on, layer 15), centre 302 m from the active vessel
[LOG 18:03:32.968] [KSPDiagColliders] collider localSpace/Kerbin/Kerbin/KSC/SpaceCenter/MissionControl/Facility/mainBuilding/MC_lev1/AC_system_01 (MeshCollider, on, layer 15), centre 301 m from the active vessel
[LOG 18:03:32.969] [KSPDiagColliders] collider localSpace/Kerbin/Kerbin/KSC/SpaceCenter/MissionControl/Facility/mainBuilding/MC_lev1/dark_telescope_01 (MeshCollider, on, layer 15), centre 295 m from the active vessel
[LOG 18:03:32.970] [KSPDiagColliders] collider localSpace/Kerbin/Kerbin/KSC/SpaceCenter/MissionControl/Facility/mainBuilding/MC_lev1/MC_main (MeshCollider, on, layer 15), centre 301 m from the active vessel
[LOG 18:03:32.972] [KSPDiagColliders] collider localSpace/Kerbin/Kerbin/KSC/SpaceCenter/MissionControl/Facility/mainBuilding/MC_lev1/metal_plate_roof (MeshCollider, on, layer 15), centre 296 m from the active vessel
[LOG 18:03:32.972] [KSPDiagColliders] collider localSpace/Kerbin/Kerbin/KSC/SpaceCenter/MissionControl/Facility/mainBuilding/MC_lev1/roof_hatch_01 (MeshCollider, on, layer 15), centre 299 m from the active vessel
[LOG 18:03:32.973] [KSPDiagColliders] collider localSpace/Kerbin/Kerbin/KSC/SpaceCenter/MissionControl/Facility/mainBuilding/MC_lev1/white_telescope_01 (MeshCollider, on, layer 15), centre 299 m from the active vessel
[LOG 18:03:32.974] [KSPDiagColliders] collider localSpace/Kerbin/Kerbin/KSC/SpaceCenter/ResearchAndDevelopment/Facility/CornerLab/Building/ksp_pad_waterTower/Water Tower (BoxCollider, on, layer 15), centre 300 m from the active vessel
[LOG 18:03:32.974] [KSPDiagColliders] collider localSpace/Kerbin/Kerbin/KSC/SpaceCenter/ResearchAndDevelopment/Facility/CornerLab/Building/ksp_pad_waterTower/Water Tower (BoxCollider, on, layer 15), centre 301 m from the active vessel
[LOG 18:03:32.974] [KSPDiagColliders] collider localSpace/Kerbin/Kerbin/KSC/SpaceCenter/ResearchAndDevelopment/Facility/CornerLab/Building/ksp_pad_waterTower/obj_base (MeshCollider, on, layer 15, convex: the physics uses its hull, not the mesh drawn), centre 302 m from the active vessel
[LOG 18:03:32.974] [KSPDiagColliders] collider localSpace/Kerbin/Kerbin/KSC/SpaceCenter/ResearchAndDevelopment/Facility/CornerLab/Building/ksp_pad_waterTower/obj_tower/Water Tower (BoxCollider, on, layer 15), centre 301 m from the active vessel
[LOG 18:03:32.974] [KSPDiagColliders] collider localSpace/Kerbin/Kerbin/KSC/SpaceCenter/ResearchAndDevelopment/Facility/CornerLab/Building/ksp_pad_waterTower/obj_tower/Water Tower (BoxCollider, on, layer 15), centre 300 m from the active vessel
[LOG 18:03:32.974] [KSPDiagColliders] collider localSpace/Kerbin/Kerbin/KSC/SpaceCenter/ResearchAndDevelopment/Facility/CornerLab/Building/ksp_pad_waterTower/obj_tower/Water Tower (BoxCollider, on, layer 15), centre 298 m from the active vessel
[LOG 18:03:32.974] [KSPDiagColliders] collider localSpace/Kerbin/Kerbin/KSC/SpaceCenter/ResearchAndDevelopment/Facility/CornerLab/Building/ksp_pad_waterTower/obj_tower/Water Tower (BoxCollider, on, layer 15), centre 302 m from the active vessel
[LOG 18:03:32.974] [KSPDiagColliders] collider localSpace/Kerbin/Kerbin/KSC/SpaceCenter/ResearchAndDevelopment/Facility/CornerLab/Building/ksp_pad_waterTower/obj_tower/Water Tower (CapsuleCollider, on, layer 15), centre 300 m from the active vessel
[LOG 18:03:32.975] [KSPDiagColliders] collider localSpace/Kerbin/Kerbin/KSC/SpaceCenter/ResearchAndDevelopment/Facility/CornerLab/Building/ksp_pad_waterTower/CornerLab1TowerBase_Mesh (MeshCollider, on, layer 15), centre 303 m from the active vessel
[LOG 18:03:32.975] [KSPDiagColliders] collider localSpace/Kerbin/Kerbin/KSC/SpaceCenter/SpaceplaneHangar/Facility/Building/SPH_lev1/polySurface783 (MeshCollider, on, layer 15), centre 316 m from the active vessel
[LOG 18:03:32.975] [KSPDiagColliders] collider localSpace/Kerbin/Kerbin/KSC/SpaceCenter/SpaceplaneHangar/Facility/Building/SPH_lev1/SPH_1_AC_unit4 (MeshCollider, on, layer 15), centre 314 m from the active vessel
[LOG 18:03:32.977] [KSPDiagColliders] drawn within 300 m: 3 ground quad(s), 91 collider(s) of statics on, 0 switched off
[LOG 18:03:33.220] [KSPDiagColliders] collider localSpace/Kerbin/Kerbin/KSC/SpaceCenter/AstronautComplex/Facility/mainBuilding/AC_lev1/left_room_02 (MeshCollider, on, layer 15), centre 302 m from the active vessel
[LOG 18:03:33.221] [KSPDiagColliders] collider localSpace/Kerbin/Kerbin/KSC/SpaceCenter/AstronautComplex/Facility/mainBuilding/AC_lev1/sunbed (MeshCollider, on, layer 15), centre 294 m from the active vessel
[LOG 18:03:33.222] [KSPDiagColliders] collider localSpace/Kerbin/Kerbin/KSC/SpaceCenter/AstronautComplex/Facility/mainBuilding/AC_lev1/sunbed (MeshCollider, on, layer 15), centre 298 m from the active vessel
[LOG 18:03:33.222] [KSPDiagColliders] collider localSpace/Kerbin/Kerbin/KSC/SpaceCenter/AstronautComplex/Facility/mainBuilding/AC_lev1/sunbed (MeshCollider, on, layer 15), centre 300 m from the active vessel
[LOG 18:03:33.222] [KSPDiagColliders] collider localSpace/Kerbin/Kerbin/KSC/SpaceCenter/AstronautComplex/Facility/mainBuilding/AC_lev1/polySurface2203 (MeshCollider, on, layer 15), centre 297 m from the active vessel
[LOG 18:03:33.222] [KSPDiagColliders] collider localSpace/Kerbin/Kerbin/KSC/SpaceCenter/AstronautComplex/Facility/mainBuilding/AC_lev1/AC system (MeshCollider, on, layer 15), centre 303 m from the active vessel
[LOG 18:03:33.223] [KSPDiagColliders] collider localSpace/Kerbin/Kerbin/KSC/SpaceCenter/MissionControl/Facility/mainBuilding/MC_lev1/metal_plate_roof (MeshCollider, on, layer 15), centre 301 m from the active vessel
[LOG 18:03:33.333] [KSPDiagColliders] collider localSpace/Kerbin/Kerbin/KSC/SpaceCenter/ResearchAndDevelopment/Facility/WindTunnel/Building/WindTunnel_Mesh (MeshCollider, on, layer 15), centre 386 m from the active vessel
[LOG 18:03:33.478] [KSPDiagColliders] collider localSpace/Kerbin/Kerbin/KSC/SpaceCenter/AstronautComplex/Facility/mainBuilding/AC_lev1/left_room_03 (MeshCollider, on, layer 15), centre 305 m from the active vessel
[LOG 18:03:33.478] [KSPDiagColliders] collider localSpace/Kerbin/Kerbin/KSC/SpaceCenter/AstronautComplex/Facility/mainBuilding/AC_lev1/sunbed (MeshCollider, on, layer 15), centre 296 m from the active vessel
[LOG 18:03:33.479] [KSPDiagColliders] collider localSpace/Kerbin/Kerbin/KSC/SpaceCenter/AstronautComplex/Facility/mainBuilding/AC_lev1/sunbed (MeshCollider, on, layer 15), centre 301 m from the active vessel
[LOG 18:03:33.479] [KSPDiagColliders] collider localSpace/Kerbin/Kerbin/KSC/SpaceCenter/AstronautComplex/Facility/mainBuilding/AC_lev1/polySurface2203 (MeshCollider, on, layer 15), centre 300 m from the active vessel
[LOG 18:03:33.479] [KSPDiagColliders] collider localSpace/Kerbin/Kerbin/KSC/SpaceCenter/MissionControl/Facility/mainBuilding/MC_lev1/dark_telescope_01 (MeshCollider, on, layer 15), centre 296 m from the active vessel
[LOG 18:03:33.479] [KSPDiagColliders] collider localSpace/Kerbin/Kerbin/KSC/SpaceCenter/SpaceplaneHangar/Facility/Building/SPH_lev1/SPH_1_AC_unit3 (MeshCollider, on, layer 15), centre 312 m from the active vessel
[LOG 18:03:33.480] [KSPDiagColliders] collider localSpace/Kerbin/Kerbin/KSC/SpaceCenter/TrackingStation/Facility/OuterDish/TS_dish/polySurface41 (BoxCollider, on, layer 15), centre 305 m from the active vessel
[LOG 18:03:33.733] [KSPDiagColliders] collider localSpace/Kerbin/Kerbin/KSC/SpaceCenter/AstronautComplex/Facility/mainBuilding/AC_lev1/left_room_04 (MeshCollider, on, layer 15), centre 307 m from the active vessel
[LOG 18:03:33.734] [KSPDiagColliders] collider localSpace/Kerbin/Kerbin/KSC/SpaceCenter/AstronautComplex/Facility/mainBuilding/AC_lev1/sunbed (MeshCollider, on, layer 15), centre 296 m from the active vessel
[LOG 18:03:33.734] [KSPDiagColliders] collider localSpace/Kerbin/Kerbin/KSC/SpaceCenter/AstronautComplex/Facility/mainBuilding/AC_lev1/sunbed (MeshCollider, on, layer 15), centre 298 m from the active vessel
[LOG 18:03:33.734] [KSPDiagColliders] collider localSpace/Kerbin/Kerbin/KSC/SpaceCenter/AstronautComplex/Facility/mainBuilding/AC_lev1/AC system (MeshCollider, on, layer 15), centre 299 m from the active vessel
[LOG 18:03:33.985] [KSPDiagColliders] collider localSpace/Kerbin/Kerbin/KSC/SpaceCenter/AstronautComplex/Facility/mainBuilding/AC_lev1/sunbed (MeshCollider, on, layer 15), centre 296 m from the active vessel
[LOG 18:03:33.986] [KSPDiagColliders] collider localSpace/Kerbin/Kerbin/KSC/SpaceCenter/AstronautComplex/Facility/mainBuilding/AC_lev1/sunbed (MeshCollider, on, layer 15), centre 298 m from the active vessel
[LOG 18:03:33.987] [KSPDiagColliders] collider localSpace/Kerbin/Kerbin/KSC/SpaceCenter/AstronautComplex/Facility/mainBuilding/AC_lev1/sunbed (MeshCollider, on, layer 15), centre 300 m from the active vessel
[LOG 18:03:33.987] [KSPDiagColliders] collider localSpace/Kerbin/Kerbin/KSC/SpaceCenter/AstronautComplex/Facility/mainBuilding/AC_lev1/polySurface2203 (MeshCollider, on, layer 15), centre 296 m from the active vessel
[LOG 18:03:33.987] [KSPDiagColliders] collider localSpace/Kerbin/Kerbin/KSC/SpaceCenter/AstronautComplex/Facility/mainBuilding/AC_lev1/AC system (MeshCollider, on, layer 15), centre 303 m from the active vessel
[LOG 18:03:33.991] [KSPDiagColliders] collider localSpace/Kerbin/Kerbin/KSC/SpaceCenter/ResearchAndDevelopment/Facility/WindTunnel/Building/WindTunnel_Detail (MeshCollider, on, layer 15), centre 370 m from the active vessel
[LOG 18:03:33.993] [KSPDiagColliders] drawn within 300 m: 4 ground quad(s), 116 collider(s) of statics on, 0 switched off
[LOG 18:03:34.694] Rockomax32.BW Exploded!! - blast awesomeness: 0.5
[LOG 18:03:34.708] [Progress Node Reached]: Landing
[LOG 18:03:34.711] [Progress Node Reached]: Kerbin
[LOG 18:03:34.713] [Progress Node Complete]: Landing
[LOG 18:03:34.735] Rockomax32.BW Exploded!! - blast awesomeness: 0.5
[WRN 18:03:34.759] [FlightPersistence]: Vessel VAB-Dropper not saved because it was dead.
[LOG 18:03:34.759] Flight State Captured
[LOG 18:03:34.759] Saving Achievements Tree...
[LOG 18:03:34.761] Saving Achievements Tree...
[LOG 18:03:34.762] [MessageSystem] Save Messages
[LOG 18:03:34.775] Game State Saved to saves/claude-carriere/persistent
[LOG 18:03:34.783] Rockomax32.BW Exploded!! - blast awesomeness: 0.5
[LOG 18:03:34.819] [KSPDiagColliders] collider localSpace/Kerbin/Kerbin/KSC/SpaceCenter/Administration/Facility/Ground/Admin_lev1_groundPlane (MeshCollider, on, layer 15), centre 414 m from the active vessel
[LOG 18:03:35.080] [KSPDiagColliders] drawn within 300 m: 4 ground quad(s), 117 collider(s) of statics on, 0 switched off
[LOG 18:03:35.273] [FLIGHT GLOBALS]: Switching To Vessel VAB-Dropper Sonde ---------------------- 
[LOG 18:03:35.273] [PlanetariumCamera]: Focus: VAB-Dropper Sonde
[LOG 18:03:35.297] [Progress Node Reached]: RecordsDistance
[LOG 18:03:36.107] [KSPDiagColliders] drawn within 300 m: 4 ground quad(s), 116 collider(s) of statics on, 0 switched off
[LOG 18:03:38.987] [KSPDiagColliders] drawn within 300 m: 4 ground quad(s), 117 collider(s) of statics on, 0 switched off
[LOG 18:03:39.014] [MessageSystem] Load Messages
[LOG 18:03:39.018] [UIMasterController]: HideUI
[LOG 18:03:39.087] [HighLogic]: =========================== Scene Change : From FLIGHT to FLIGHT =====================
[LOG 18:03:39.302] [UIApp] OnDestroy: Contracts
[LOG 18:03:39.303] KbApp.OnDestroy Planet Info
[LOG 18:03:39.303] [UIApp] OnDestroy: ResourceDisplay
[LOG 18:03:39.304] KbApp.OnDestroy NullName
[LOG 18:03:39.305] [PlanetariumCamera]: Focus: Kerbin
[LOG 18:03:39.307] KbApp.OnDestroy Vessel Crew
[LOG 18:03:39.307] KbApp.OnDestroy Planet Parameters
[LOG 18:03:39.307] KbApp.OnDestroy Vessel Info
[LOG 18:03:39.307] [UIApp] OnDestroy: Cargo
[LOG 18:03:39.309] [UIApp] OnDestroy: ActionGroupsApp
[LOG 18:03:39.309] [UIApp] OnDestroy: Construction
[LOG 18:03:39.309] KbApp.OnDestroy Planet Resources
[LOG 18:03:39.309] [UIApp] OnDestroy: KSPedia
[LOG 18:03:39.309] [UIApp] OnDestroy: DeltaVApp
[LOG 18:03:39.310] [UIApp] OnDestroy: ManeuverTool
[LOG 18:03:39.310] [UIApp] OnDestroy: CurrencyWidgetsApp
[LOG 18:03:39.312] KbApp.OnDestroy Unowned Info
[LOG 18:03:39.314] [UIApp] OnDestroy: AlarmClock
[LOG 18:03:39.316] [KSPCF:MemoryLeaks] Removed a OnMapExited callback owned by a destroyed Assembly-CSharp:NavBallToggle instance
[LOG 18:03:39.316] [KSPCF:MemoryLeaks] Removed a OnGameSettingsApplied callback owned by a destroyed Assembly-CSharp:VesselAutopilotUI instance
[LOG 18:03:39.317] [KSPCF:MemoryLeaks] Removed a OnEVAConstructionMode callback owned by a destroyed Assembly-CSharp:ModuleCargoPart instance
[LOG 18:03:39.318] [KSPCF:MemoryLeaks] Removed a OnEVAConstructionMode callback owned by a destroyed Assembly-CSharp:ModuleCargoPart instance
[LOG 18:03:39.318] [KSPCF:MemoryLeaks] Removed a OnEVAConstructionMode callback owned by a destroyed Assembly-CSharp:ModuleCargoPart instance
[LOG 18:03:39.318] [KSPCF:MemoryLeaks] Removed a OnEVAConstructionMode callback owned by a destroyed Assembly-CSharp:ModuleCargoPart instance
[LOG 18:03:39.318] [KSPCF:MemoryLeaks] Removed a OnClick callback owned by a destroyed Assembly-CSharp:EVAConstructionModeEditor instance
[LOG 18:03:39.318] [KSPCF:MemoryLeaks] Removed a TimingManager.Instance.timing5.onLateUpdate callback owned by a destroyed Assembly-CSharp:MapView instance
[LOG 18:03:39.318] [KSPCF:MemoryLeaks] Leaving scene "Flight", cleaned 74 memory leaks in 0.003s. GameEvents callbacks : 453. Allocated memory : 693.488 MiB (managed heap), 2.202 GiB (unmanaged)
[LOG 18:03:39.330] UICanvasPrefabSpawner FlightUI spawning Flight
[LOG 18:03:39.365] UICanvasPrefabSpawner FlightUI spawning VesselLabels
[LOG 18:03:39.366] [UiApp] Awake: ResourceDisplay
[LOG 18:03:39.493] [AddonLoader]: Instantiating addon 'AeroGUI' from assembly 'KSP'
[LOG 18:03:39.513] [AddonLoader]: Instantiating addon 'KSPDiagColliders' from assembly 'KSPDiagColliders'
[LOG 18:03:39.514] [KSPDiagColliders] shader Hidden/Internal-Colored, depth test settable: True; display: colliders, hidden by what stands in front
[LOG 18:03:39.514] [PlanetariumCamera]: Focus: Kerbin
[LOG 18:03:39.514] [UIMasterController]: HideUI
[LOG 18:03:39.949] [UIMasterController]: HideUI
[LOG 18:03:39.949] ------------------- initializing flight mode... ------------------
[LOG 18:03:39.950] GetSubclassesOfParentClass: Using cached results for AlarmTypeBase
[LOG 18:03:39.951] Loading Depletion Nodes
[LOG 18:03:39.951] DepNodeCount:  0
[LOG 18:03:39.951] Loading Biome Nodes
[LOG 18:03:39.951] BiomeNodeCount:  0
[LOG 18:03:39.951] Loading Planet Nodes
[LOG 18:03:39.951] PlanetNodeCount:  0
[LOG 18:03:39.954] [ScenarioDestructibles]: Loading... 0 objects registered
[LOG 18:03:39.955] [ScenarioUpgradeableFacilities]: Loading... 0 objects registered
[LOG 18:03:39.984] Target vessel index: 0  vessel count: 1
[LOG 18:03:39.985] [FLIGHT GLOBALS]: Switching To Vessel VAB-Dropper ---------------------- 
[LOG 18:03:39.985] setting new dominant body: Kerbin
FlightGlobals.mainBody: Kerbin
[LOG 18:03:39.985] Reference Frame: Rotating
[LOG 18:03:39.998] [VAB-Dropper]: landed - waiting for ground contact to resume physics...
[LOG 18:03:39.999] Camera Mode: AUTO
[LOG 18:03:43.275] all systems started
[LOG 18:03:43.345] [KSPDiagColliders] body Kerbin, colliders drawn within 300 m of the active vessel
[LOG 18:03:43.367] [KSPDiagColliders] collider localSpace/Kerbin/Kerbin/KSC/SpaceCenter/LaunchPad/Facility/building/LP_lev3/gasTanks/bigDeepTank1 (MeshCollider, on, layer 15), centre 16 m from the active vessel
[LOG 18:03:43.367] [KSPDiagColliders] collider localSpace/Kerbin/Kerbin/KSC/SpaceCenter/LaunchPad/Facility/building/LP_lev3/gasTanks/bigDeepTank2 (MeshCollider, on, layer 15), centre 16 m from the active vessel
[LOG 18:03:43.367] [KSPDiagColliders] collider localSpace/Kerbin/Kerbin/KSC/SpaceCenter/LaunchPad/Facility/building/LP_lev3/gasTanks/bigDeepTank3 (MeshCollider, on, layer 15), centre 15 m from the active vessel
[LOG 18:03:43.367] [KSPDiagColliders] collider localSpace/Kerbin/Kerbin/KSC/SpaceCenter/LaunchPad/Facility/building/LP_lev3/gasTanks/bigDeepTank4 (MeshCollider, on, layer 15), centre 16 m from the active vessel
[LOG 18:03:43.367] [KSPDiagColliders] collider localSpace/Kerbin/Kerbin/KSC/SpaceCenter/LaunchPad/Facility/building/LP_lev3/gasTanks/bigDeepTank5 (MeshCollider, on, layer 15), centre 16 m from the active vessel
[LOG 18:03:43.367] [KSPDiagColliders] collider localSpace/Kerbin/Kerbin/KSC/SpaceCenter/LaunchPad/Facility/building/LP_lev3/gasTanks/deepTank1 (CapsuleCollider, on, layer 15), centre 29 m from the active vessel
[LOG 18:03:43.367] [KSPDiagColliders] collider localSpace/Kerbin/Kerbin/KSC/SpaceCenter/LaunchPad/Facility/building/LP_lev3/gasTanks/deepTank2 (CapsuleCollider, on, layer 15), centre 29 m from the active vessel
[LOG 18:03:43.368] [KSPDiagColliders] collider localSpace/Kerbin/Kerbin/KSC/SpaceCenter/LaunchPad/Facility/building/LP_lev3/gasTanks/deepTank3 (CapsuleCollider, on, layer 15), centre 30 m from the active vessel
[LOG 18:03:43.368] [KSPDiagColliders] collider localSpace/Kerbin/Kerbin/KSC/SpaceCenter/LaunchPad/Facility/building/LP_lev3/gasTanks/deepTank4 (CapsuleCollider, on, layer 15), centre 28 m from the active vessel
[LOG 18:03:43.368] [KSPDiagColliders] collider localSpace/Kerbin/Kerbin/KSC/SpaceCenter/LaunchPad/Facility/building/LP_lev3/gasTanks/deepTank5 (CapsuleCollider, on, layer 15), centre 28 m from the active vessel
[LOG 18:03:43.368] [KSPDiagColliders] collider localSpace/Kerbin/Kerbin/KSC/SpaceCenter/LaunchPad/Facility/building/LP_lev3/LP_lev3 1/concreteSlopes/concreteSlope1 (MeshCollider, on, layer 15), centre 20 m from the active vessel
[LOG 18:03:43.368] [KSPDiagColliders] collider localSpace/Kerbin/Kerbin/KSC/SpaceCenter/LaunchPad/Facility/building/LP_lev3/LP_lev3 1/concreteSlopes/concreteSlope2 (MeshCollider, on, layer 15), centre 24 m from the active vessel
[LOG 18:03:43.368] [KSPDiagColliders] collider localSpace/Kerbin/Kerbin/KSC/SpaceCenter/LaunchPad/Facility/building/LP_lev3/LP_lev3 1/concreteSlopes/concreteSlope3 (MeshCollider, on, layer 15), centre 25 m from the active vessel
[LOG 18:03:43.368] [KSPDiagColliders] collider localSpace/Kerbin/Kerbin/KSC/SpaceCenter/LaunchPad/Facility/building/LP_lev3/LP_lev3 1/LP_barsAlpha (MeshCollider, on, layer 15), centre 9 m from the active vessel
[LOG 18:03:43.369] [KSPDiagColliders] collider localSpace/Kerbin/Kerbin/KSC/SpaceCenter/LaunchPad/Facility/building/LP_lev3/LP_lev3 1/LP_main (MeshCollider, on, layer 15), centre 23 m from the active vessel
[LOG 18:03:43.369] [KSPDiagColliders] collider localSpace/Kerbin/Kerbin/KSC/SpaceCenter/LaunchPad/Facility/building/LP_lev3/LP_lev3 1/LP_main/LP_main (MeshCollider, on, layer 15), centre 23 m from the active vessel
[LOG 18:03:43.370] [KSPDiagColliders] collider localSpace/Kerbin/Kerbin/KSC/SpaceCenter/LaunchPad/Facility/grounds/LP_ground (MeshCollider, on, layer 15), centre 14 m from the active vessel
[LOG 18:03:43.371] [KSPDiagColliders] collider localSpace/Kerbin/Kerbin/KSC/SpaceCenter/LaunchPad/Facility/SmallTanks/Building/gasTank1 (MeshCollider, on, layer 15), centre 28 m from the active vessel
[LOG 18:03:43.371] [KSPDiagColliders] collider localSpace/Kerbin/Kerbin/KSC/SpaceCenter/LaunchPad/Facility/SmallTanks/Building/gasTank2 (MeshCollider, on, layer 15), centre 28 m from the active vessel
[LOG 18:03:43.372] [KSPDiagColliders] collider localSpace/Kerbin/Kerbin/KSC/SpaceCenter/LaunchPad/Facility/SmallTanks/Building/gasTank3 (MeshCollider, on, layer 15), centre 28 m from the active vessel
[LOG 18:03:43.372] [KSPDiagColliders] collider localSpace/Kerbin/Kerbin/KSC/SpaceCenter/LaunchPad/Facility/SmallTanks/Building/gasTank4 (MeshCollider, on, layer 15), centre 28 m from the active vessel
[LOG 18:03:43.373] [KSPDiagColliders] collider localSpace/Kerbin/Kerbin/KSC/SpaceCenter/LaunchPad/Facility/SmallTanks/Building/gasTank5 (MeshCollider, on, layer 15), centre 28 m from the active vessel
[LOG 18:03:43.373] [KSPDiagColliders] collider localSpace/Kerbin/Kerbin/KSC/SpaceCenter/LaunchPad/Facility/SmallTanks/Building/gasTank6 (MeshCollider, on, layer 15), centre 28 m from the active vessel
[LOG 18:03:43.388] [KSPDiagColliders] collider localSpace/Kerbin/Kerbin/KSC/SpaceCenter/LaunchPad/Facility/BigTanks/gasTower/gasTower_mainStructure (MeshCollider, on, layer 15), centre 91 m from the active vessel
[LOG 18:03:43.388] [KSPDiagColliders] collider localSpace/Kerbin/Kerbin/KSC/SpaceCenter/LaunchPad/Facility/BigTanks/gasTower/gasTower_pipes (MeshCollider, on, layer 15), centre 50 m from the active vessel
[LOG 18:03:43.388] [KSPDiagColliders] collider localSpace/Kerbin/Kerbin/KSC/SpaceCenter/LaunchPad/Facility/Flag/flagPole_lev2/model01/Base (MeshCollider, on, layer 15), centre 76 m from the active vessel
[LOG 18:03:43.388] [KSPDiagColliders] collider localSpace/Kerbin/Kerbin/KSC/SpaceCenter/LaunchPad/Facility/Flag/flagPole_lev2/model01/Pole (MeshCollider, on, layer 15), centre 75 m from the active vessel
[LOG 18:03:43.410] [KSPDiagColliders] collider localSpace/Kerbin/Kerbin/KSC/SpaceCenter/Runway/Facility/runway_lev1_v2 (MeshCollider, on, layer 15), centre 731 m from the active vessel
[LOG 18:03:43.410] [KSPDiagColliders] collider localSpace/Kerbin/Kerbin/KSC/SpaceCenter/Crawlerway/Facility/crawler_level2 (MeshCollider, on, layer 15), centre 327 m from the active vessel
[LOG 18:03:43.410] [KSPDiagColliders] drawn within 300 m: 2 ground quad(s), 29 collider(s) of statics on, 0 switched off
[LOG 18:03:43.466] [UiApp] Awake: CurrencyWidgetsApp
[LOG 18:03:43.466] [UiApp] Awake: Contracts
[LOG 18:03:43.466] [UiApp] Awake: ResourceDisplay
[LOG 18:03:43.466] [UiApp] Awake: KSPedia
[LOG 18:03:43.466] [UiApp] Awake: Missions App
[LOG 18:03:43.466] [UiApp] Awake: DeltaVApp
[LOG 18:03:43.466] [UiApp] Awake: ActionGroupsApp
[LOG 18:03:43.466] [UiApp] Awake: Construction
[LOG 18:03:43.466] [UiApp] Awake: Cargo
[LOG 18:03:43.466] [UiApp] Awake: AlarmClock
[LOG 18:03:43.467] [UiApp] Awake: ManeuverTool
[LOG 18:03:43.467] [ApplicationLauncher] OnSceneLoadedGUIReady: scene FLIGHT ShouldBeVisible() True ShouldBeOnTop() True iIsPositionedAtTop True
[LOG 18:03:43.469] [KnowledgeBase] OnAppLauncherReady 31323
[LOG 18:03:43.514] [FlightIntegrator]: Reloaded drag cube for zeroed cube root part Rockomax32.BW (VAB-Dropper) on vessel VAB-Dropper
[LOG 18:03:43.516] [MessageSystem] Reposition 0.02 31324
[LOG 18:03:43.516] [GenericAppFrame] Reposition 0.02 31324
[LOG 18:03:43.516] [GenericAppFrame] Reposition 0.02 31324
[LOG 18:03:43.637] [PlanetariumCamera]: Focus: VAB-Dropper
[LOG 18:03:43.654] [UIApp] Adding ResourceDisplay to Application Launcher
[LOG 18:03:43.656] [UIApp] Adding ResourceDisplay to Application Launcher
[LOG 18:03:43.666] [ResourceDisplay] OnAppStarted(): id: -489590
[LOG 18:03:43.668] [GenericAppFrame] Reposition 0.1041422 31328
[LOG 18:03:43.668] [ResourceDisplay] OnAppStarted(): id: 293442
[LOG 18:03:43.668] ResourceDisplay already exist, destroying this instance
[LOG 18:03:43.668] [UIApp] OnDestroy: ResourceDisplay
[LOG 18:03:43.682] [UIApp] Adding AlarmClock to Application Launcher
[LOG 18:03:43.683] [UIApp] Adding ActionGroupsApp to Application Launcher
[LOG 18:03:43.684] [ApplicationLauncher] SetHidden: 
[LOG 18:03:43.685] [UIApp] Adding Missions App to Application Launcher
[LOG 18:03:43.686] [UIApp] Adding Contracts to Application Launcher
[LOG 18:03:43.687] CURRENCY WIDGET True True True
[LOG 18:03:43.687] [UIApp] Adding CurrencyWidgetsApp to Application Launcher
[LOG 18:03:43.716] [GenericAppFrame] Reposition 0.1337745 31330
[LOG 18:03:43.722] [ActionGroupsApp] OnAppStarted(): id: -489614
[LOG 18:03:43.723] [GenericAppFrame] Reposition 0.1337745 31330
[LOG 18:03:43.723] [UIApp] Adding DeltaVApp to Application Launcher
[LOG 18:03:43.725] [MissionsApp] OnAppStarted(): id: -489602
[LOG 18:03:43.725] MissionsApp does not execute in this game mode, destroying this instance
[LOG 18:03:43.725] [UIApp] OnDestroy: Missions App
[LOG 18:03:43.726] [GenericAppFrame] Reposition 0.1337745 31330
[LOG 18:03:43.739] [GenericAppFrame] Reposition 0.1737745 31331
[LOG 18:03:43.750] [UIApp] Adding Cargo to Application Launcher
[LOG 18:03:43.753] [UIApp] Adding Construction to Application Launcher
[LOG 18:03:43.754] [UIApp] Adding KSPedia to Application Launcher
[LOG 18:03:43.765] [ApplicationLauncher] SetHidden: 
[LOG 18:03:43.804] Flight State Captured
[LOG 18:03:43.804] Saving Achievements Tree...
[LOG 18:03:43.805] [MessageSystem] Save Messages
[LOG 18:03:43.819] Game State Saved as persistent
[LOG 18:03:44.552] [VAB-Dropper]: ground contact! - error. Moving Vessel  down -0.203m
[LOG 18:03:44.552] Unpacking VAB-Dropper
[LOG 18:03:44.558] [UIMasterController]: ShowUI
[LOG 18:03:54.668] [KSPDiagColliders] under 'VAB-Dropper' PRELAUNCH lat=-0.097210 lon=-74.557630: [LP_barsAlpha (LP_lev3 1) 4959.418 mm, active=True] [LP_main (LP_main) 4871.225 mm, active=True] [LP_main (LP_lev3 1) 4820.048 mm, active=True] [Kerbin Zn1232223323 (PQStorage) -158.926 mm, active=True]
[LOG 18:03:57.817] Killed all parts in permanent ground contact on vessel VAB-Dropper.
[LOG 18:03:57.818] Packing VAB-Dropper for orbit
[LOG 18:03:57.818] setting new dominant body: Kerbin
FlightGlobals.mainBody: Kerbin
[LOG 18:03:57.818] Reference Frame: Rotating
[LOG 18:03:57.874] Part Rockomax32.BW exited collision with LP_barsAlpha, but it wasn't in collision count list!
[LOG 18:03:57.874] Part Rockomax32.BW exited collision with LP_main, but it wasn't in collision count list!
[LOG 18:03:57.874] Part Rockomax32.BW exited collision with LP_main, but it wasn't in collision count list!
[LOG 18:03:57.875] Unpacking VAB-Dropper
[LOG 18:03:57.939] [KSPDiagColliders] collider localSpace/Kerbin/Kerbin/KSC/SpaceCenter/AstronautComplex/Facility/ground/AC_lev1_groundplane (MeshCollider, on, layer 15), centre 437 m from the active vessel
[LOG 18:03:57.939] [KSPDiagColliders] collider localSpace/Kerbin/Kerbin/KSC/SpaceCenter/MissionControl/Facility/ground/MC_lev1_groundPlane (MeshCollider, on, layer 15), centre 429 m from the active vessel
[LOG 18:03:57.964] [KSPDiagColliders] collider localSpace/Kerbin/Kerbin/KSC/SpaceCenter/ResearchAndDevelopment/Facility/MainBuilding/Building/MainBuilding_Detail (MeshCollider, on, layer 15), centre 393 m from the active vessel
[LOG 18:03:58.487] [KSPDiagColliders] collider localSpace/Kerbin/Kerbin/KSC/SpaceCenter/ResearchAndDevelopment/Facility/MainBuilding/Building/MainBuilding_Mesh (MeshCollider, on, layer 15), centre 397 m from the active vessel
[LOG 18:03:58.491] [KSPDiagColliders] collider localSpace/Kerbin/Kerbin/KSC/SpaceCenter/ResearchAndDevelopment/Facility/model_rnd_exterior_main_v3_ground (MeshCollider, on, layer 15), centre 447 m from the active vessel
[LOG 18:03:58.491] [KSPDiagColliders] collider localSpace/Kerbin/Kerbin/KSC/SpaceCenter/SpaceplaneHangar/Facility/Ground/SPH_1_ground (MeshCollider, on, layer 15), centre 450 m from the active vessel
[LOG 18:03:58.491] [KSPDiagColliders] collider localSpace/Kerbin/Kerbin/KSC/SpaceCenter/TrackingStation/Facility/ground/tracaking_station_apollo_ground (MeshCollider, on, layer 15), centre 521 m from the active vessel
[LOG 18:03:58.599] [KSPDiagColliders] collider localSpace/Kerbin/Kerbin/KSC/SpaceCenter/VehicleAssemblyBuilding/Facility/VAB2/building/VAB_lev1 (MeshCollider, on, layer 15), centre 312 m from the active vessel
[LOG 18:03:58.599] [KSPDiagColliders] collider localSpace/Kerbin/Kerbin/KSC/SpaceCenter/VehicleAssemblyBuilding/Facility/grounds/VAB_lev2_groundPlane (MeshCollider, on, layer 15), centre 353 m from the active vessel
[LOG 18:03:58.599] [KSPDiagColliders] collider localSpace/Kerbin/Kerbin/KSC/SpaceCenter/Grounds/VAB_RnD2/Facility/model_filler_1x_type1_v1 (MeshCollider, on, layer 15), centre 370 m from the active vessel
[LOG 18:03:58.599] [KSPDiagColliders] collider localSpace/Kerbin/Kerbin/KSC/SpaceCenter/Grounds/VAB_AC/Facility/filler_apollo_x2 (MeshCollider, on, layer 15), centre 376 m from the active vessel
[LOG 18:03:58.600] [KSPDiagColliders] drawn within 300 m: 2 ground quad(s), 12 collider(s) of statics on, 0 switched off
[LOG 18:03:58.749] [Progress Node Reached]: RecordsAltitude
[LOG 18:03:58.751] [Progress Node Reached]: RecordsSpeed
[LOG 18:03:58.753] [Progress Node Reached]: RecordsDistance
[LOG 18:03:59.378] [KSPDiagColliders] collider localSpace/Kerbin/Kerbin/KSC/SpaceCenter/Grounds/VAB_RnD1/Facility/model_filler_1x_type1_v1 (MeshCollider, on, layer 15), centre 375 m from the active vessel
[LOG 18:03:59.378] [KSPDiagColliders] drawn within 300 m: 2 ground quad(s), 13 collider(s) of statics on, 0 switched off
[LOG 18:03:59.910] [KSPDiagColliders] collider localSpace/Kerbin/Kerbin/KSC/SpaceCenter/Grounds/AC_SPH/Facility/filler_apollo_x1 (MeshCollider, on, layer 15), centre 376 m from the active vessel
[LOG 18:03:59.910] [KSPDiagColliders] collider localSpace/Kerbin/Kerbin/KSC/SpaceCenter/Grounds/VAB_TS1/Facility/filler_apollo_x2 (MeshCollider, on, layer 15), centre 393 m from the active vessel
[LOG 18:04:00.397] [KSPDiagColliders] drawn within 300 m: 2 ground quad(s), 15 collider(s) of statics on, 0 switched off
[LOG 18:04:00.908] [KSPDiagColliders] collider localSpace/Kerbin/Kerbin/KSC/SpaceCenter/Grounds/VAB_TS2/Facility/filler_apollo_x1 (MeshCollider, on, layer 15), centre 372 m from the active vessel
[LOG 18:04:00.908] [KSPDiagColliders] collider localSpace/Kerbin/Kerbin/KSC/SpaceCenter/Grounds/VAB_MC/Facility/filler_apollo_x1 (MeshCollider, on, layer 15), centre 372 m from the active vessel
[LOG 18:04:01.068] Added 1.999999 (2) reputation: 'Progression'.
[LOG 18:04:01.417] [KSPDiagColliders] drawn within 300 m: 2 ground quad(s), 18 collider(s) of statics on, 0 switched off
[LOG 18:04:01.675] [KSPDiagColliders] collider localSpace/Kerbin/Kerbin/KSC/SpaceCenter/ResearchAndDevelopment/Facility/MainBuilding/Building/MainBuilding_Props (MeshCollider, on, layer 15), centre 372 m from the active vessel
[LOG 18:04:02.436] [KSPDiagColliders] drawn within 300 m: 2 ground quad(s), 19 collider(s) of statics on, 0 switched off
[LOG 18:04:03.456] [KSPDiagColliders] collider localSpace/Kerbin/Kerbin/KSC/SpaceCenter/ResearchAndDevelopment/Facility/SmallLab/Building/SmallLabBlock_Mesh (MeshCollider, on, layer 15), centre 316 m from the active vessel
[LOG 18:04:03.457] [KSPDiagColliders] collider localSpace/Kerbin/Kerbin/KSC/SpaceCenter/ResearchAndDevelopment/Facility/CornerLab/Building/CornerLab1_Props (MeshCollider, on, layer 15), centre 327 m from the active vessel
[LOG 18:04:03.457] [KSPDiagColliders] collider localSpace/Kerbin/Kerbin/KSC/SpaceCenter/Grounds/AC_RnD/Facility/model_filler_1x_type1_v1 (MeshCollider, on, layer 15), centre 375 m from the active vessel
[LOG 18:04:03.458] [KSPDiagColliders] drawn within 300 m: 2 ground quad(s), 22 collider(s) of statics on, 0 switched off
[LOG 18:04:03.707] [KSPDiagColliders] collider localSpace/Kerbin/Kerbin/KSC/SpaceCenter/AstronautComplex/Facility/mainBuilding/AC_lev1/rear_building (MeshCollider, on, layer 15), centre 310 m from the active vessel
[LOG 18:04:03.708] [KSPDiagColliders] collider localSpace/Kerbin/Kerbin/KSC/SpaceCenter/AstronautComplex/Facility/mainBuilding/AC_lev1/right_room_02 (MeshCollider, on, layer 15), centre 308 m from the active vessel
[LOG 18:04:03.708] [KSPDiagColliders] collider localSpace/Kerbin/Kerbin/KSC/SpaceCenter/AstronautComplex/Facility/mainBuilding/AC_lev1/right_room_03 (MeshCollider, on, layer 15), centre 304 m from the active vessel
[LOG 18:04:03.708] [KSPDiagColliders] collider localSpace/Kerbin/Kerbin/KSC/SpaceCenter/AstronautComplex/Facility/mainBuilding/AC_lev1/right_room_04 (MeshCollider, on, layer 15), centre 302 m from the active vessel
[LOG 18:04:03.708] [KSPDiagColliders] collider localSpace/Kerbin/Kerbin/KSC/SpaceCenter/AstronautComplex/Facility/mainBuilding/AC_lev1/AC system (MeshCollider, on, layer 15), centre 303 m from the active vessel
[LOG 18:04:03.708] [KSPDiagColliders] collider localSpace/Kerbin/Kerbin/KSC/SpaceCenter/AstronautComplex/Facility/mainBuilding/AC_lev1/AC system (MeshCollider, on, layer 15), centre 300 m from the active vessel
[LOG 18:04:03.708] [KSPDiagColliders] collider localSpace/Kerbin/Kerbin/KSC/SpaceCenter/AstronautComplex/Facility/mainBuilding/AC_lev1/AC system (MeshCollider, on, layer 15), centre 299 m from the active vessel
[LOG 18:04:03.708] [KSPDiagColliders] collider localSpace/Kerbin/Kerbin/KSC/SpaceCenter/AstronautComplex/Facility/mainBuilding/AC_lev1/sunbed (MeshCollider, on, layer 15), centre 301 m from the active vessel
[LOG 18:04:03.709] [KSPDiagColliders] collider localSpace/Kerbin/Kerbin/KSC/SpaceCenter/AstronautComplex/Facility/mainBuilding/AC_lev1/sunbed (MeshCollider, on, layer 15), centre 301 m from the active vessel
[LOG 18:04:03.709] [KSPDiagColliders] collider localSpace/Kerbin/Kerbin/KSC/SpaceCenter/AstronautComplex/Facility/mainBuilding/AC_lev1/polySurface2203 (MeshCollider, on, layer 15), centre 300 m from the active vessel
[LOG 18:04:03.709] [KSPDiagColliders] collider localSpace/Kerbin/Kerbin/KSC/SpaceCenter/AstronautComplex/Facility/mainBuilding/AC_lev1/polySurface2203 (MeshCollider, on, layer 15), centre 298 m from the active vessel
[LOG 18:04:03.786] [KSPDiagColliders] collider localSpace/Kerbin/Kerbin/KSC/SpaceCenter/ResearchAndDevelopment/Facility/CentralBuilding/Building/CentralBuilding_Mesh (MeshCollider, on, layer 15), centre 347 m from the active vessel
[LOG 18:04:03.796] [KSPDiagColliders] collider localSpace/Kerbin/Kerbin/KSC/SpaceCenter/ResearchAndDevelopment/Facility/CornerLab/Building/CornerLab1_Mesh (MeshCollider, on, layer 15), centre 328 m from the active vessel
[LOG 18:04:03.796] [KSPDiagColliders] collider localSpace/Kerbin/Kerbin/KSC/SpaceCenter/SpaceplaneHangar/Facility/Building/SPH_lev1/polySurface787 (MeshCollider, on, layer 15), centre 344 m from the active vessel
[LOG 18:04:03.797] [KSPDiagColliders] collider localSpace/Kerbin/Kerbin/KSC/SpaceCenter/SpaceplaneHangar/Facility/Building/SPH_lev1/SPH_1_windows810/polySurface780 (MeshCollider, on, layer 15), centre 343 m from the active vessel
[LOG 18:04:03.797] [KSPDiagColliders] collider localSpace/Kerbin/Kerbin/KSC/SpaceCenter/SpaceplaneHangar/Facility/Building/SPH_lev1/support_beams (MeshCollider, on, layer 15), centre 346 m from the active vessel
[LOG 18:04:03.978] [KSPDiagColliders] collider localSpace/Kerbin/Kerbin/KSC/SpaceCenter/AstronautComplex/Facility/mainBuilding/AC_lev1/Mid_building (MeshCollider, on, layer 15), centre 313 m from the active vessel
[LOG 18:04:03.979] [KSPDiagColliders] collider localSpace/Kerbin/Kerbin/KSC/SpaceCenter/AstronautComplex/Facility/mainBuilding/AC_lev1/right_room_01 (MeshCollider, on, layer 15), centre 306 m from the active vessel
[LOG 18:04:03.979] [KSPDiagColliders] collider localSpace/Kerbin/Kerbin/KSC/SpaceCenter/AstronautComplex/Facility/mainBuilding/AC_lev1/AC system (MeshCollider, on, layer 15), centre 304 m from the active vessel
[LOG 18:04:03.979] [KSPDiagColliders] collider localSpace/Kerbin/Kerbin/KSC/SpaceCenter/AstronautComplex/Facility/mainBuilding/AC_lev1/AC system (MeshCollider, on, layer 15), centre 302 m from the active vessel
[LOG 18:04:03.979] [KSPDiagColliders] collider localSpace/Kerbin/Kerbin/KSC/SpaceCenter/AstronautComplex/Facility/mainBuilding/AC_lev1/sunbed (MeshCollider, on, layer 15), centre 300 m from the active vessel
[LOG 18:04:03.979] [KSPDiagColliders] collider localSpace/Kerbin/Kerbin/KSC/SpaceCenter/AstronautComplex/Facility/mainBuilding/AC_lev1/sunbed (MeshCollider, on, layer 15), centre 300 m from the active vessel
[LOG 18:04:03.979] [KSPDiagColliders] collider localSpace/Kerbin/Kerbin/KSC/SpaceCenter/AstronautComplex/Facility/mainBuilding/AC_lev1/sunbed (MeshCollider, on, layer 15), centre 298 m from the active vessel
[LOG 18:04:03.980] [KSPDiagColliders] collider localSpace/Kerbin/Kerbin/KSC/SpaceCenter/AstronautComplex/Facility/mainBuilding/AC_lev1/sunbed (MeshCollider, on, layer 15), centre 297 m from the active vessel
[LOG 18:04:03.980] [KSPDiagColliders] collider localSpace/Kerbin/Kerbin/KSC/SpaceCenter/AstronautComplex/Facility/mainBuilding/AC_lev1/sunbed (MeshCollider, on, layer 15), centre 296 m from the active vessel
[LOG 18:04:03.980] [KSPDiagColliders] collider localSpace/Kerbin/Kerbin/KSC/SpaceCenter/AstronautComplex/Facility/mainBuilding/AC_lev1/sunbed (MeshCollider, on, layer 15), centre 295 m from the active vessel
[LOG 18:04:03.980] [KSPDiagColliders] collider localSpace/Kerbin/Kerbin/KSC/SpaceCenter/AstronautComplex/Facility/mainBuilding/AC_lev1/polySurface2203 (MeshCollider, on, layer 15), centre 298 m from the active vessel
[LOG 18:04:03.980] [KSPDiagColliders] collider localSpace/Kerbin/Kerbin/KSC/SpaceCenter/AstronautComplex/Facility/mainBuilding/AC_lev1/AC system (MeshCollider, on, layer 15), centre 301 m from the active vessel
[LOG 18:04:03.981] [KSPDiagColliders] collider localSpace/Kerbin/Kerbin/KSC/SpaceCenter/ResearchAndDevelopment/Facility/SmallLab/Building/SmallLabBlock_Detail (MeshCollider, on, layer 15), centre 301 m from the active vessel
[LOG 18:04:03.981] [KSPDiagColliders] collider localSpace/Kerbin/Kerbin/KSC/SpaceCenter/ResearchAndDevelopment/Facility/SmallLab/Building/SmallLabBlock_Props (MeshCollider, on, layer 15), centre 308 m from the active vessel
[LOG 18:04:03.988] [KSPDiagColliders] collider localSpace/Kerbin/Kerbin/KSC/SpaceCenter/ResearchAndDevelopment/Facility/CentralBuilding/Building/CentralBuilding_Detail (MeshCollider, on, layer 15), centre 337 m from the active vessel
[LOG 18:04:03.989] [KSPDiagColliders] collider localSpace/Kerbin/Kerbin/KSC/SpaceCenter/ResearchAndDevelopment/Facility/Bridge/Bridge_Mesh (MeshCollider, on, layer 15), centre 327 m from the active vessel
[LOG 18:04:03.989] [KSPDiagColliders] collider localSpace/Kerbin/Kerbin/KSC/SpaceCenter/ResearchAndDevelopment/Facility/CornerLab/Building/CornerLab1_Detail (MeshCollider, on, layer 15), centre 326 m from the active vessel
[LOG 18:04:03.989] [KSPDiagColliders] collider localSpace/Kerbin/Kerbin/KSC/SpaceCenter/SpaceplaneHangar/Facility/Building/SPH_lev1/SPH_1_concrete_platform (MeshCollider, on, layer 15), centre 345 m from the active vessel
[LOG 18:04:04.216] [KSPDiagColliders] collider localSpace/Kerbin/Kerbin/KSC/SpaceCenter/AstronautComplex/Facility/mainBuilding/AC_lev1/AC system (MeshCollider, on, layer 15), centre 301 m from the active vessel
[LOG 18:04:04.216] [KSPDiagColliders] collider localSpace/Kerbin/Kerbin/KSC/SpaceCenter/AstronautComplex/Facility/mainBuilding/AC_lev1/polySurface2018 (MeshCollider, on, layer 15), centre 297 m from the active vessel
[LOG 18:04:04.216] [KSPDiagColliders] collider localSpace/Kerbin/Kerbin/KSC/SpaceCenter/AstronautComplex/Facility/mainBuilding/AC_lev1/polySurface2784 (MeshCollider, on, layer 15), centre 304 m from the active vessel
[LOG 18:04:04.216] [KSPDiagColliders] collider localSpace/Kerbin/Kerbin/KSC/SpaceCenter/AstronautComplex/Facility/mainBuilding/AC_lev1/polySurface2784 (MeshCollider, on, layer 15), centre 297 m from the active vessel
[LOG 18:04:04.217] [KSPDiagColliders] collider localSpace/Kerbin/Kerbin/KSC/SpaceCenter/AstronautComplex/Facility/mainBuilding/AC_lev1/sunbed (MeshCollider, on, layer 15), centre 298 m from the active vessel
[LOG 18:04:04.217] [KSPDiagColliders] collider localSpace/Kerbin/Kerbin/KSC/SpaceCenter/AstronautComplex/Facility/mainBuilding/AC_lev1/sunbed (MeshCollider, on, layer 15), centre 297 m from the active vessel
[LOG 18:04:04.217] [KSPDiagColliders] collider localSpace/Kerbin/Kerbin/KSC/SpaceCenter/AstronautComplex/Facility/mainBuilding/AC_lev1/sunbed (MeshCollider, on, layer 15), centre 295 m from the active vessel
[LOG 18:04:04.217] [KSPDiagColliders] collider localSpace/Kerbin/Kerbin/KSC/SpaceCenter/AstronautComplex/Facility/mainBuilding/AC_lev1/sunbed (MeshCollider, on, layer 15), centre 292 m from the active vessel
[LOG 18:04:04.217] [KSPDiagColliders] collider localSpace/Kerbin/Kerbin/KSC/SpaceCenter/AstronautComplex/Facility/mainBuilding/AC_lev1/polySurface2203 (MeshCollider, on, layer 15), centre 294 m from the active vessel
[LOG 18:04:04.218] [KSPDiagColliders] collider localSpace/Kerbin/Kerbin/KSC/SpaceCenter/ResearchAndDevelopment/Facility/CornerLab/Building/ksp_pad_waterTower/Water Tower (MeshCollider, on, layer 15, convex: the physics uses its hull, not the mesh drawn), centre 299 m from the active vessel
[LOG 18:04:04.218] [KSPDiagColliders] collider localSpace/Kerbin/Kerbin/KSC/SpaceCenter/ResearchAndDevelopment/Facility/CornerLab/Building/ksp_pad_waterTower/Water Tower (MeshCollider, on, layer 15, convex: the physics uses its hull, not the mesh drawn), centre 298 m from the active vessel
[LOG 18:04:04.218] [KSPDiagColliders] collider localSpace/Kerbin/Kerbin/KSC/SpaceCenter/ResearchAndDevelopment/Facility/CornerLab/Building/ksp_pad_waterTower/Water Tower (MeshCollider, on, layer 15, convex: the physics uses its hull, not the mesh drawn), centre 304 m from the active vessel
[LOG 18:04:04.218] [KSPDiagColliders] collider localSpace/Kerbin/Kerbin/KSC/SpaceCenter/SpaceplaneHangar/Facility/Building/SPH_lev1/polySurface784 (MeshCollider, on, layer 15), centre 323 m from the active vessel
[LOG 18:04:04.476] [KSPDiagColliders] collider localSpace/Kerbin/Kerbin/KSC/SpaceCenter/AstronautComplex/Facility/mainBuilding/AC_lev1/left_room_01 (MeshCollider, on, layer 15), centre 304 m from the active vessel
[LOG 18:04:04.476] [KSPDiagColliders] collider localSpace/Kerbin/Kerbin/KSC/SpaceCenter/AstronautComplex/Facility/mainBuilding/AC_lev1/polySurface2203 (MeshCollider, on, layer 15), centre 299 m from the active vessel
[LOG 18:04:04.477] [KSPDiagColliders] collider localSpace/Kerbin/Kerbin/KSC/SpaceCenter/AstronautComplex/Facility/mainBuilding/AC_lev1/sunbed (MeshCollider, on, layer 15), centre 301 m from the active vessel
[LOG 18:04:04.477] [KSPDiagColliders] collider localSpace/Kerbin/Kerbin/KSC/SpaceCenter/AstronautComplex/Facility/mainBuilding/AC_lev1/AC system (MeshCollider, on, layer 15), centre 304 m from the active vessel
[LOG 18:04:04.477] [KSPDiagColliders] collider localSpace/Kerbin/Kerbin/KSC/SpaceCenter/MissionControl/Facility/mainBuilding/MC_lev1/AC_system_01 (MeshCollider, on, layer 15), centre 303 m from the active vessel
[LOG 18:04:04.477] [KSPDiagColliders] collider localSpace/Kerbin/Kerbin/KSC/SpaceCenter/MissionControl/Facility/mainBuilding/MC_lev1/dark_telescope_01 (MeshCollider, on, layer 15), centre 297 m from the active vessel
[LOG 18:04:04.478] [KSPDiagColliders] collider localSpace/Kerbin/Kerbin/KSC/SpaceCenter/MissionControl/Facility/mainBuilding/MC_lev1/MC_main (MeshCollider, on, layer 15), centre 303 m from the active vessel
[LOG 18:04:04.479] [KSPDiagColliders] collider localSpace/Kerbin/Kerbin/KSC/SpaceCenter/MissionControl/Facility/mainBuilding/MC_lev1/metal_plate_roof (MeshCollider, on, layer 15), centre 298 m from the active vessel
[LOG 18:04:04.479] [KSPDiagColliders] collider localSpace/Kerbin/Kerbin/KSC/SpaceCenter/MissionControl/Facility/mainBuilding/MC_lev1/roof_hatch_01 (MeshCollider, on, layer 15), centre 301 m from the active vessel
[LOG 18:04:04.479] [KSPDiagColliders] collider localSpace/Kerbin/Kerbin/KSC/SpaceCenter/ResearchAndDevelopment/Facility/CornerLab/Building/ksp_pad_waterTower/obj_base (MeshCollider, on, layer 15, convex: the physics uses its hull, not the mesh drawn), centre 304 m from the active vessel
[LOG 18:04:04.480] [KSPDiagColliders] collider localSpace/Kerbin/Kerbin/KSC/SpaceCenter/ResearchAndDevelopment/Facility/CornerLab/Building/ksp_pad_waterTower/obj_tower/Water Tower (BoxCollider, on, layer 15), centre 303 m from the active vessel
[LOG 18:04:04.480] [KSPDiagColliders] collider localSpace/Kerbin/Kerbin/KSC/SpaceCenter/ResearchAndDevelopment/Facility/CornerLab/Building/ksp_pad_waterTower/obj_tower/Water Tower (BoxCollider, on, layer 15), centre 302 m from the active vessel
[LOG 18:04:04.480] [KSPDiagColliders] collider localSpace/Kerbin/Kerbin/KSC/SpaceCenter/ResearchAndDevelopment/Facility/CornerLab/Building/ksp_pad_waterTower/obj_tower/Water Tower (BoxCollider, on, layer 15), centre 300 m from the active vessel
[LOG 18:04:04.480] [KSPDiagColliders] collider localSpace/Kerbin/Kerbin/KSC/SpaceCenter/ResearchAndDevelopment/Facility/CornerLab/Building/ksp_pad_waterTower/obj_tower/Water Tower (CapsuleCollider, on, layer 15), centre 301 m from the active vessel
[LOG 18:04:04.480] [KSPDiagColliders] collider localSpace/Kerbin/Kerbin/KSC/SpaceCenter/ResearchAndDevelopment/Facility/CornerLab/Building/ksp_pad_waterTower/CornerLab1TowerBase_Mesh (MeshCollider, on, layer 15), centre 305 m from the active vessel
[LOG 18:04:04.480] [KSPDiagColliders] collider localSpace/Kerbin/Kerbin/KSC/SpaceCenter/SpaceplaneHangar/Facility/Building/SPH_lev1/SPH_1_AC_unit4 (MeshCollider, on, layer 15), centre 315 m from the active vessel
[LOG 18:04:04.481] [KSPDiagColliders] drawn within 300 m: 3 ground quad(s), 85 collider(s) of statics on, 0 switched off
[LOG 18:04:04.730] [KSPDiagColliders] collider localSpace/Kerbin/Kerbin/KSC/SpaceCenter/AstronautComplex/Facility/mainBuilding/AC_lev1/left_room_02 (MeshCollider, on, layer 15), centre 303 m from the active vessel
[LOG 18:04:04.730] [KSPDiagColliders] collider localSpace/Kerbin/Kerbin/KSC/SpaceCenter/AstronautComplex/Facility/mainBuilding/AC_lev1/sunbed (MeshCollider, on, layer 15), centre 295 m from the active vessel
[LOG 18:04:04.730] [KSPDiagColliders] collider localSpace/Kerbin/Kerbin/KSC/SpaceCenter/AstronautComplex/Facility/mainBuilding/AC_lev1/sunbed (MeshCollider, on, layer 15), centre 294 m from the active vessel
[LOG 18:04:04.731] [KSPDiagColliders] collider localSpace/Kerbin/Kerbin/KSC/SpaceCenter/AstronautComplex/Facility/mainBuilding/AC_lev1/sunbed (MeshCollider, on, layer 15), centre 299 m from the active vessel
[LOG 18:04:04.731] [KSPDiagColliders] collider localSpace/Kerbin/Kerbin/KSC/SpaceCenter/AstronautComplex/Facility/mainBuilding/AC_lev1/sunbed (MeshCollider, on, layer 15), centre 301 m from the active vessel
[LOG 18:04:04.731] [KSPDiagColliders] collider localSpace/Kerbin/Kerbin/KSC/SpaceCenter/AstronautComplex/Facility/mainBuilding/AC_lev1/polySurface2203 (MeshCollider, on, layer 15), centre 298 m from the active vessel
[LOG 18:04:04.731] [KSPDiagColliders] collider localSpace/Kerbin/Kerbin/KSC/SpaceCenter/AstronautComplex/Facility/mainBuilding/AC_lev1/AC system (MeshCollider, on, layer 15), centre 304 m from the active vessel
[LOG 18:04:04.732] [KSPDiagColliders] collider localSpace/Kerbin/Kerbin/KSC/SpaceCenter/MissionControl/Facility/mainBuilding/MC_lev1/white_telescope_01 (MeshCollider, on, layer 15), centre 293 m from the active vessel
[LOG 18:04:04.732] [KSPDiagColliders] collider localSpace/Kerbin/Kerbin/KSC/SpaceCenter/ResearchAndDevelopment/Facility/CornerLab/Building/ksp_pad_waterTower/Water Tower (BoxCollider, on, layer 15), centre 294 m from the active vessel
[LOG 18:04:04.732] [KSPDiagColliders] collider localSpace/Kerbin/Kerbin/KSC/SpaceCenter/ResearchAndDevelopment/Facility/CornerLab/Building/ksp_pad_waterTower/Water Tower (BoxCollider, on, layer 15), centre 294 m from the active vessel
[LOG 18:04:04.732] [KSPDiagColliders] collider localSpace/Kerbin/Kerbin/KSC/SpaceCenter/ResearchAndDevelopment/Facility/CornerLab/Building/ksp_pad_waterTower/obj_tower/Water Tower (BoxCollider, on, layer 15), centre 296 m from the active vessel
[LOG 18:04:04.823] [KSPDiagColliders] collider localSpace/Kerbin/Kerbin/KSC/SpaceCenter/ResearchAndDevelopment/Facility/WindTunnel/Building/WindTunnel_Mesh (MeshCollider, on, layer 15), centre 387 m from the active vessel
[LOG 18:04:04.823] [KSPDiagColliders] collider localSpace/Kerbin/Kerbin/KSC/SpaceCenter/SpaceplaneHangar/Facility/Building/SPH_lev1/polySurface783 (MeshCollider, on, layer 15), centre 310 m from the active vessel
[LOG 18:04:04.984] [KSPDiagColliders] collider localSpace/Kerbin/Kerbin/KSC/SpaceCenter/AstronautComplex/Facility/mainBuilding/AC_lev1/left_room_03 (MeshCollider, on, layer 15), centre 307 m from the active vessel
[LOG 18:04:04.984] [KSPDiagColliders] collider localSpace/Kerbin/Kerbin/KSC/SpaceCenter/AstronautComplex/Facility/mainBuilding/AC_lev1/sunbed (MeshCollider, on, layer 15), centre 297 m from the active vessel
[LOG 18:04:04.986] [KSPDiagColliders] collider localSpace/Kerbin/Kerbin/KSC/SpaceCenter/MissionControl/Facility/mainBuilding/MC_lev1/metal_plate_roof (MeshCollider, on, layer 15), centre 297 m from the active vessel
[LOG 18:04:04.987] [KSPDiagColliders] collider localSpace/Kerbin/Kerbin/KSC/SpaceCenter/MissionControl/Facility/mainBuilding/MC_lev1/dark_telescope_01 (MeshCollider, on, layer 15), centre 297 m from the active vessel
[LOG 18:04:04.987] [KSPDiagColliders] collider localSpace/Kerbin/Kerbin/KSC/SpaceCenter/SpaceplaneHangar/Facility/Building/SPH_lev1/SPH_1_AC_unit3 (MeshCollider, on, layer 15), centre 313 m from the active vessel
[LOG 18:04:04.987] [KSPDiagColliders] collider localSpace/Kerbin/Kerbin/KSC/SpaceCenter/TrackingStation/Facility/OuterDish/TS_dish/polySurface41 (BoxCollider, on, layer 15), centre 306 m from the active vessel
[LOG 18:04:05.243] [KSPDiagColliders] collider localSpace/Kerbin/Kerbin/KSC/SpaceCenter/AstronautComplex/Facility/mainBuilding/AC_lev1/left_room_04 (MeshCollider, on, layer 15), centre 308 m from the active vessel
[LOG 18:04:05.244] [KSPDiagColliders] collider localSpace/Kerbin/Kerbin/KSC/SpaceCenter/AstronautComplex/Facility/mainBuilding/AC_lev1/sunbed (MeshCollider, on, layer 15), centre 295 m from the active vessel
[LOG 18:04:05.244] [KSPDiagColliders] collider localSpace/Kerbin/Kerbin/KSC/SpaceCenter/AstronautComplex/Facility/mainBuilding/AC_lev1/sunbed (MeshCollider, on, layer 15), centre 297 m from the active vessel
[LOG 18:04:05.244] [KSPDiagColliders] collider localSpace/Kerbin/Kerbin/KSC/SpaceCenter/AstronautComplex/Facility/mainBuilding/AC_lev1/sunbed (MeshCollider, on, layer 15), centre 299 m from the active vessel
[LOG 18:04:05.244] [KSPDiagColliders] collider localSpace/Kerbin/Kerbin/KSC/SpaceCenter/AstronautComplex/Facility/mainBuilding/AC_lev1/polySurface2203 (MeshCollider, on, layer 15), centre 294 m from the active vessel
[LOG 18:04:05.244] [KSPDiagColliders] collider localSpace/Kerbin/Kerbin/KSC/SpaceCenter/AstronautComplex/Facility/mainBuilding/AC_lev1/AC system (MeshCollider, on, layer 15), centre 300 m from the active vessel
[LOG 18:04:05.506] [KSPDiagColliders] collider localSpace/Kerbin/Kerbin/KSC/SpaceCenter/AstronautComplex/Facility/mainBuilding/AC_lev1/sunbed (MeshCollider, on, layer 15), centre 297 m from the active vessel
[LOG 18:04:05.506] [KSPDiagColliders] collider localSpace/Kerbin/Kerbin/KSC/SpaceCenter/AstronautComplex/Facility/mainBuilding/AC_lev1/sunbed (MeshCollider, on, layer 15), centre 299 m from the active vessel
[LOG 18:04:05.506] [KSPDiagColliders] collider localSpace/Kerbin/Kerbin/KSC/SpaceCenter/AstronautComplex/Facility/mainBuilding/AC_lev1/polySurface2203 (MeshCollider, on, layer 15), centre 297 m from the active vessel
[LOG 18:04:05.506] [KSPDiagColliders] collider localSpace/Kerbin/Kerbin/KSC/SpaceCenter/AstronautComplex/Facility/mainBuilding/AC_lev1/AC system (MeshCollider, on, layer 15), centre 304 m from the active vessel
[LOG 18:04:05.510] [KSPDiagColliders] collider localSpace/Kerbin/Kerbin/KSC/SpaceCenter/ResearchAndDevelopment/Facility/WindTunnel/Building/WindTunnel_Detail (MeshCollider, on, layer 15), centre 371 m from the active vessel
[LOG 18:04:05.512] [KSPDiagColliders] drawn within 300 m: 4 ground quad(s), 115 collider(s) of statics on, 0 switched off
[LOG 18:04:05.764] [KSPDiagColliders] collider localSpace/Kerbin/Kerbin/KSC/SpaceCenter/AstronautComplex/Facility/mainBuilding/AC_lev1/sunbed (MeshCollider, on, layer 15), centre 295 m from the active vessel
[LOG 18:04:06.236] Rockomax32.BW (VAB-Dropper) Exploded!! - blast awesomeness: 0.5
[LOG 18:04:06.241] [Progress Node Reached]: Landing
[LOG 18:04:06.244] [Progress Node Reached]: Kerbin
[LOG 18:04:06.247] [Progress Node Complete]: Landing
[WRN 18:04:06.262] [FlightPersistence]: Vessel VAB-Dropper not saved because it was dead.
[LOG 18:04:06.262] Flight State Captured
[LOG 18:04:06.263] Saving Achievements Tree...
[LOG 18:04:06.263] Saving Achievements Tree...
[LOG 18:04:06.263] [MessageSystem] Save Messages
[LOG 18:04:06.273] Game State Saved to saves/claude-carriere/persistent
[LOG 18:04:06.282] Rockomax32.BW Exploded!! - blast awesomeness: 0.5
[LOG 18:04:06.283] Rockomax32.BW Exploded!! - blast awesomeness: 0.5
[LOG 18:04:06.311] [KSPDiagColliders] collider localSpace/Kerbin/Kerbin/KSC/SpaceCenter/Administration/Facility/Ground/Admin_lev1_groundPlane (MeshCollider, on, layer 15), centre 414 m from the active vessel
[LOG 18:04:06.568] [KSPDiagColliders] drawn within 300 m: 4 ground quad(s), 117 collider(s) of statics on, 0 switched off
[LOG 18:04:06.771] [FLIGHT GLOBALS]: Switching To Vessel VAB-Dropper Sonde ---------------------- 
[LOG 18:04:06.771] [PlanetariumCamera]: Focus: VAB-Dropper Sonde
[LOG 18:04:06.789] [Progress Node Reached]: RecordsDistance
[LOG 18:04:07.594] [KSPDiagColliders] drawn within 300 m: 4 ground quad(s), 116 collider(s) of statics on, 0 switched off
[LOG 18:04:10.922] [KSPDiagColliders] drawn within 300 m: 4 ground quad(s), 117 collider(s) of statics on, 0 switched off
[LOG 18:04:11.941] [KSPDiagColliders] drawn within 300 m: 4 ground quad(s), 116 collider(s) of statics on, 0 switched off
[LOG 18:04:12.479] [KSPDiagColliders] collider localSpace/Kerbin/Kerbin/KSC/SpaceCenter/ResearchAndDevelopment/Facility/SideLab/Building/SideLab_Mesh (MeshCollider, on, layer 15), centre 351 m from the active vessel
[LOG 18:04:12.964] [KSPDiagColliders] drawn within 300 m: 4 ground quad(s), 117 collider(s) of statics on, 0 switched off
[LOG 18:04:13.421] probeCoreSphere.v2 Exploded!! - blast awesomeness: 0
[WRN 18:04:29.466] [FlightPersistence]: Vessel VAB-Dropper Sonde not saved because it was dead.
[LOG 18:04:29.466] Flight State Captured
[LOG 18:04:29.466] Saving Achievements Tree...
[LOG 18:04:29.466] Saving Achievements Tree...
[LOG 18:04:29.467] [MessageSystem] Save Messages
[LOG 18:04:29.479] Game State Saved to saves/claude-carriere/persistent
[LOG 18:04:29.487] [UIMasterController]: HideUI
[LOG 18:04:29.496] [HighLogic]: =========================== Scene Change : From FLIGHT to SPACECENTER =====================
[LOG 18:04:29.825] [UIApp] OnDestroy: CurrencyWidgetsApp
[LOG 18:04:29.826] [UIApp] OnDestroy: ResourceDisplay
[LOG 18:04:29.826] KbApp.OnDestroy Unowned Info
[LOG 18:04:29.826] [UIApp] OnDestroy: KSPedia
[LOG 18:04:29.826] [UIApp] OnDestroy: ActionGroupsApp
[LOG 18:04:29.826] KbApp.OnDestroy Vessel Crew
[LOG 18:04:29.826] [UIApp] OnDestroy: Construction
[LOG 18:04:29.826] [UIApp] OnDestroy: Cargo
[LOG 18:04:29.826] KbApp.OnDestroy Planet Info
[LOG 18:04:29.827] [UIApp] OnDestroy: DeltaVApp
[LOG 18:04:29.827] [UIApp] OnDestroy: ManeuverTool
[LOG 18:04:29.827] KbApp.OnDestroy Planet Parameters
[LOG 18:04:29.827] [UIApp] OnDestroy: AlarmClock
[LOG 18:04:29.827] KbApp.OnDestroy Vessel Info
[LOG 18:04:29.827] KbApp.OnDestroy Planet Resources
[LOG 18:04:29.827] KbApp.OnDestroy NullName
[LOG 18:04:29.827] [UIApp] OnDestroy: Contracts
[LOG 18:04:29.830] [KSPCF:MemoryLeaks] Removed a OnMapExited callback owned by a destroyed Assembly-CSharp:NavBallToggle instance
[LOG 18:04:29.830] [KSPCF:MemoryLeaks] Removed a OnGameSettingsApplied callback owned by a destroyed Assembly-CSharp:VesselAutopilotUI instance
[LOG 18:04:29.831] [KSPCF:MemoryLeaks] Removed a OnEVAConstructionMode callback owned by a destroyed Assembly-CSharp:ModuleCargoPart instance
[LOG 18:04:29.831] [KSPCF:MemoryLeaks] Removed a OnEVAConstructionMode callback owned by a destroyed Assembly-CSharp:ModuleCargoPart instance
[LOG 18:04:29.831] [KSPCF:MemoryLeaks] Removed a TimingManager.Instance.timing5.onLateUpdate callback owned by a destroyed Assembly-CSharp:MapView instance
[LOG 18:04:29.831] [KSPCF:MemoryLeaks] Leaving scene "Flight", cleaned 71 memory leaks in 0.002s. GameEvents callbacks : 435. Allocated memory : 723.758 MiB (managed heap), 2.211 GiB (unmanaged)
[LOG 18:04:29.976] [AddonLoader]: Instantiating addon 'CustomConfigsManager' from assembly 'ModuleManager'
[LOG 18:04:33.063] [UIMasterController]: ShowUI
[LOG 18:04:33.504] [SceneLoadSpeedBoost] Save loaded from cache in 0ms
[LOG 18:04:33.506] GetSubclassesOfParentClass: Using cached results for AlarmTypeBase
[LOG 18:04:33.507] Loading Depletion Nodes
[LOG 18:04:33.507] DepNodeCount:  0
[LOG 18:04:33.507] Loading Biome Nodes
[LOG 18:04:33.507] BiomeNodeCount:  0
[LOG 18:04:33.507] Loading Planet Nodes
[LOG 18:04:33.507] PlanetNodeCount:  0
[LOG 18:04:33.511] [ScenarioDestructibles]: Loading... 0 objects registered
[LOG 18:04:33.512] [ScenarioUpgradeableFacilities]: Loading... 0 objects registered
[LOG 18:04:33.554] [UiApp] Awake: Contracts
[LOG 18:04:33.554] [UiApp] Awake: KSPedia
[LOG 18:04:33.555] [UiApp] Awake: Missions App
[LOG 18:04:33.555] [UiApp] Awake: AlarmClock
[LOG 18:04:33.555] [ApplicationLauncher] OnSceneLoadedGUIReady: scene SPACECENTER ShouldBeVisible() True ShouldBeOnTop() False iIsPositionedAtTop True
[LOG 18:04:33.555] [ApplicationLauncher] SpawnSimpleLayout: HorizontalRightLeft
[LOG 18:04:33.624] [MessageSystem] Reposition 0.02 36317
[LOG 18:04:33.624] [GenericAppFrame] Reposition 0.02 36317
[LOG 18:04:33.624] [GenericAppFrame] Reposition 0.02 36317
[LOG 18:04:33.723] [UIApp] Adding AlarmClock to Application Launcher
[LOG 18:04:33.724] [UIApp] Adding Missions App to Application Launcher
[LOG 18:04:33.725] [UIApp] Adding Contracts to Application Launcher
[LOG 18:04:33.754] [GenericAppFrame] Reposition 0.0983095 36323
[LOG 18:04:33.760] [MissionsApp] OnAppStarted(): id: -506952
[LOG 18:04:33.761] MissionsApp does not execute in this game mode, destroying this instance
[LOG 18:04:33.761] [UIApp] OnDestroy: Missions App
[LOG 18:04:33.763] [GenericAppFrame] Reposition 0.0983095 36323
[LOG 18:04:33.779] [UIApp] Adding KSPedia to Application Launcher
[LOG 18:04:40.371] Flight State Captured
[LOG 18:04:40.371] Saving Achievements Tree...
[LOG 18:04:40.371] Saving Achievements Tree...
[LOG 18:04:40.372] [MessageSystem] Save Messages
[LOG 18:04:40.383] Game State Saved to saves/claude-carriere/persistent
[LOG 18:04:40.390] Going to Hangar! CachedShipType: VAB
[LOG 18:04:40.392] [UIMasterController]: HideUI
[LOG 18:04:40.395] [HighLogic]: =========================== Scene Change : From SPACECENTER to EDITOR =====================
[LOG 18:04:40.629] [UIApp] OnDestroy: KSPedia
[LOG 18:04:40.629] [UIApp] OnDestroy: AlarmClock
[LOG 18:04:40.630] [UIApp] OnDestroy: Contracts
[LOG 18:04:40.632] [KSPCF:MemoryLeaks] Removed a OnInViewChange callback owned by a destroyed Assembly-CSharp:BuildingPickerItem instance
[LOG 18:04:40.632] [KSPCF:MemoryLeaks] Leaving scene "SpaceCenter", cleaned 5 memory leaks in 0.002s. GameEvents callbacks : 351. Allocated memory : 691.762 MiB (managed heap), 2.203 GiB (unmanaged)
[LOG 18:04:40.643] UICanvasPrefabSpawner SceneLogic spawning Editor
[LOG 18:04:40.668] Aucun verrouillage commandes en cours
[LOG 18:04:40.817] [UIMasterController]: ShowUI
[LOG 18:04:41.325] [UIMasterController]: ShowUI
[LOG 18:04:41.503] [UIMasterController]: ShowUI
[LOG 18:04:41.513] ------------------- initializing editor mode... ------------------
[LOG 18:04:41.513] editor started
[LOG 18:04:41.514] [SceneLoadSpeedBoost] Save loaded from cache in 0ms
[LOG 18:04:41.516] GetSubclassesOfParentClass: Using cached results for AlarmTypeBase
[LOG 18:04:41.516] Loading Depletion Nodes
[LOG 18:04:41.517] DepNodeCount:  0
[LOG 18:04:41.517] Loading Biome Nodes
[LOG 18:04:41.517] BiomeNodeCount:  0
[LOG 18:04:41.517] Loading Planet Nodes
[LOG 18:04:41.517] PlanetNodeCount:  0
[LOG 18:04:41.519] [ScenarioDestructibles]: Loading... 0 objects registered
[LOG 18:04:41.519] [ScenarioUpgradeableFacilities]: Loading... 0 objects registered
[WRN 18:04:41.743] HighlightingSystem : Framebuffer depth data is not available and can't be used to occlude highlighting. Highlighting occluders enabled.
[LOG 18:04:41.752] [UiApp] Awake: EngineersReport
[LOG 18:04:41.752] [UiApp] Awake: Contracts
[LOG 18:04:41.752] [UiApp] Awake: KSPedia
[LOG 18:04:41.752] [UiApp] Awake: Missions App
[LOG 18:04:41.752] [UiApp] Awake: DeltaVApp
[LOG 18:04:41.752] [UiApp] Awake: ActionGroupsApp
[LOG 18:04:41.753] [UiApp] Awake: AlarmClock
[LOG 18:04:41.753] [ApplicationLauncher] OnSceneLoadedGUIReady: scene EDITOR ShouldBeVisible() True ShouldBeOnTop() False iIsPositionedAtTop False
[LOG 18:04:41.803] [MessageSystem] Reposition 0.02 37351
[LOG 18:04:41.803] [GenericAppFrame] Reposition 0.02 37351
[LOG 18:04:41.803] [GenericAppFrame] Reposition 0.02 37351
[LOG 18:04:41.950] [UIApp] Adding AlarmClock to Application Launcher
[LOG 18:04:41.951] [UIApp] Adding ActionGroupsApp to Application Launcher
[LOG 18:04:41.952] [ApplicationLauncher] SetHidden: 
[LOG 18:04:41.953] [UIApp] Adding Missions App to Application Launcher
[LOG 18:04:41.954] [UIApp] Adding Contracts to Application Launcher
[LOG 18:04:41.955] [UIApp] Adding EngineersReport to Application Launcher
[LOG 18:04:41.983] [GenericAppFrame] Reposition 0.114698 37357
[LOG 18:04:41.990] [ActionGroupsApp] OnAppStarted(): id: -534832
[LOG 18:04:41.991] [GenericAppFrame] Reposition 0.114698 37357
[LOG 18:04:41.991] [UIApp] Adding DeltaVApp to Application Launcher
[LOG 18:04:41.994] [MissionsApp] OnAppStarted(): id: -534820
[LOG 18:04:41.994] MissionsApp does not execute in this game mode, destroying this instance
[LOG 18:04:41.994] [UIApp] OnDestroy: Missions App
[LOG 18:04:41.995] [GenericAppFrame] Reposition 0.114698 37357
[LOG 18:04:41.996] [GenericAppFrame] Reposition 0.114698 37357
[LOG 18:04:42.033] [GenericAppFrame] Reposition 0.154698 37358
[LOG 18:04:42.050] [UIApp] Adding KSPedia to Application Launcher
[LOG 18:04:42.861] Launching vessel from Runway. Craft file: D:\ksp-dev\saves\claude-carriere\Ships\SPH\Diag3-Rover.craft
[LOG 18:04:42.861] Saving Achievements Tree...
[LOG 18:04:42.861] Saving Achievements Tree...
[LOG 18:04:42.862] [MessageSystem] Save Messages
[LOG 18:04:42.874] Game State Saved to saves/claude-carriere/persistent
[LOG 18:04:42.883] [UIMasterController]: HideUI
[LOG 18:04:42.963] [HighLogic]: =========================== Scene Change : From EDITOR to FLIGHT =====================
[LOG 18:04:43.215] [UIApp] OnDestroy: KSPedia
[LOG 18:04:43.215] [UIApp] OnDestroy: EngineersReport
[LOG 18:04:43.216] [UIApp] OnDestroy: Contracts
[LOG 18:04:43.217] [UIApp] OnDestroy: AlarmClock
[LOG 18:04:43.217] [UIApp] OnDestroy: ActionGroupsApp
[LOG 18:04:43.218] [UIApp] OnDestroy: DeltaVApp
[LOG 18:04:43.220] [KSPCF:MemoryLeaks] Removed a onPartActionUICreate callback owned by a destroyed Assembly-CSharp:ModuleInventoryPart instance
[LOG 18:04:43.220] [KSPCF:MemoryLeaks] Removed a onPartActionUICreate callback owned by a destroyed Assembly-CSharp:ModuleInventoryPart instance
[LOG 18:04:43.220] [KSPCF:MemoryLeaks] Removed a onEditorScreenChange callback owned by a destroyed Assembly-CSharp:EditorLogic instance
[LOG 18:04:43.220] [KSPCF:MemoryLeaks] Removed a onEditorPartEvent callback owned by a destroyed Assembly-CSharp:ModuleInventoryPart instance
[LOG 18:04:43.220] [KSPCF:MemoryLeaks] Removed a onEditorPartEvent callback owned by a destroyed Assembly-CSharp:ModuleInventoryPart instance
[LOG 18:04:43.221] [KSPCF:MemoryLeaks] Removed a OnPartPurchased callback owned by a destroyed Assembly-CSharp:ModuleInventoryPart instance
[LOG 18:04:43.221] [KSPCF:MemoryLeaks] Removed a OnPartPurchased callback owned by a destroyed Assembly-CSharp:ModuleInventoryPart instance
[LOG 18:04:43.221] [KSPCF:MemoryLeaks] Removed a onModuleInventoryChanged callback owned by a destroyed Assembly-CSharp:ModuleInventoryPart instance
[LOG 18:04:43.221] [KSPCF:MemoryLeaks] Removed a onModuleInventoryChanged callback owned by a destroyed Assembly-CSharp:ModuleInventoryPart instance
[LOG 18:04:43.221] [KSPCF:MemoryLeaks] Removed a OnDestructibleLoaded callback owned by a destroyed Assembly-CSharp:RunwayCollisionHandler instance
[LOG 18:04:43.222] [KSPCF:MemoryLeaks] Leaving scene "Editor", cleaned 14 memory leaks in 0.003s. GameEvents callbacks : 485. Allocated memory : 693.426 MiB (managed heap), 2.08 GiB (unmanaged)
[LOG 18:04:43.234] UICanvasPrefabSpawner FlightUI spawning Flight
[LOG 18:04:43.266] UICanvasPrefabSpawner FlightUI spawning VesselLabels
[LOG 18:04:43.266] [UiApp] Awake: ResourceDisplay
[LOG 18:04:43.385] [AddonLoader]: Instantiating addon 'AeroGUI' from assembly 'KSP'
[LOG 18:04:43.399] [AddonLoader]: Instantiating addon 'KSPDiagColliders' from assembly 'KSPDiagColliders'
[LOG 18:04:43.399] [KSPDiagColliders] shader Hidden/Internal-Colored, depth test settable: True; display: colliders, hidden by what stands in front
[LOG 18:04:43.399] [PlanetariumCamera]: Focus: Kerbin
[LOG 18:04:43.400] [UIMasterController]: HideUI
[LOG 18:04:43.829] [UIMasterController]: HideUI
[LOG 18:04:43.829] ------------------- initializing flight mode... ------------------
[LOG 18:04:43.829] [SceneLoadSpeedBoost] Save loaded from cache in 0ms
[LOG 18:04:43.833] [MessageSystem] Save Messages
[LOG 18:04:43.834] GetSubclassesOfParentClass: Using cached results for AlarmTypeBase
[LOG 18:04:43.835] Loading Depletion Nodes
[LOG 18:04:43.835] DepNodeCount:  0
[LOG 18:04:43.835] Loading Biome Nodes
[LOG 18:04:43.835] BiomeNodeCount:  0
[LOG 18:04:43.835] Loading Planet Nodes
[LOG 18:04:43.835] PlanetNodeCount:  0
[LOG 18:04:43.837] [ScenarioDestructibles]: Loading... 0 objects registered
[LOG 18:04:43.838] [ScenarioUpgradeableFacilities]: Loading... 0 objects registered
[LOG 18:04:43.841] Loading ship from file: D:\ksp-dev\saves\claude-carriere\Ships\SPH\Diag3-Rover.craft
[LOG 18:04:43.841] [UIMasterController]: HideUI
[LOG 18:04:43.887] Diag3-Rover loaded!
[LOG 18:04:46.641] putting ship to ground: 9.282557
[LOG 18:04:46.645] [Diag3-Rover]: Ready to Launch - waiting to start physics...
[LOG 18:04:46.650] Crewmember Jebediah Kerman assigned to Conserve d'atterrissage Mk2, seat # 0 (crew seat index: 0)
[LOG 18:04:46.650] Crewmember Bill Kerman assigned to Conserve d'atterrissage Mk2, seat # 1 (crew seat index: 1)
[LOG 18:04:46.650] [FLIGHT GLOBALS]: Switching To Vessel Diag3-Rover ---------------------- 
[LOG 18:04:46.650] setting new dominant body: Kerbin
FlightGlobals.mainBody: Kerbin
[LOG 18:04:46.650] Reference Frame: Rotating
[LOG 18:04:46.658] Vessel assembly complete!
[LOG 18:04:50.103] all systems started
[LOG 18:04:50.230] [KSPDiagColliders] body Kerbin, colliders drawn within 300 m of the active vessel
[LOG 18:04:50.272] [KSPDiagColliders] collider localSpace/Kerbin/Kerbin/KSC/SpaceCenter/Runway/Facility/runway_lev1_v2 (MeshCollider, on, layer 15), centre 1066 m from the active vessel
[LOG 18:04:50.272] [KSPDiagColliders] drawn within 300 m: 2 ground quad(s), 1 collider(s) of statics on, 0 switched off
[LOG 18:04:50.354] [UiApp] Awake: CurrencyWidgetsApp
[LOG 18:04:50.354] [UiApp] Awake: Contracts
[LOG 18:04:50.355] [UiApp] Awake: ResourceDisplay
[LOG 18:04:50.355] [UiApp] Awake: KSPedia
[LOG 18:04:50.355] [UiApp] Awake: Missions App
[LOG 18:04:50.355] [UiApp] Awake: DeltaVApp
[LOG 18:04:50.355] [UiApp] Awake: ActionGroupsApp
[LOG 18:04:50.355] [UiApp] Awake: Construction
[LOG 18:04:50.356] [UiApp] Awake: Cargo
[LOG 18:04:50.356] [UiApp] Awake: AlarmClock
[LOG 18:04:50.356] [UiApp] Awake: ManeuverTool
[LOG 18:04:50.356] [ApplicationLauncher] OnSceneLoadedGUIReady: scene FLIGHT ShouldBeVisible() True ShouldBeOnTop() True iIsPositionedAtTop False
[LOG 18:04:50.356] [ApplicationLauncher] SpawnSimpleLayout: VerticalTopDown
[LOG 18:04:50.361] [KnowledgeBase] OnAppLauncherReady 37467
[LOG 18:04:50.400] [FlightIntegrator]: Reloaded drag cube for zeroed cube root part trussPiece3x on vessel Diag3-Rover
[LOG 18:04:50.401] [FlightIntegrator]: Vessel Diag3-Rover has been unloaded 1.79769313486232E+308, applying analytic temperature 303.871197491072
[LOG 18:04:50.405] [MessageSystem] Reposition 0.02 37468
[LOG 18:04:50.406] [GenericAppFrame] Reposition 0.02 37468
[LOG 18:04:50.406] [GenericAppFrame] Reposition 0.02 37468
[LOG 18:04:50.505] [PlanetariumCamera]: Focus: Diag3-Rover
[LOG 18:04:50.524] [UIApp] Adding ResourceDisplay to Application Launcher
[LOG 18:04:50.526] [UIApp] Adding ResourceDisplay to Application Launcher
[LOG 18:04:50.536] [ResourceDisplay] OnAppStarted(): id: -573022
[LOG 18:04:50.537] [GenericAppFrame] Reposition 0.1377166 37472
[LOG 18:04:50.538] [ResourceDisplay] OnAppStarted(): id: 318896
[LOG 18:04:50.538] ResourceDisplay already exist, destroying this instance
[LOG 18:04:50.538] [UIApp] OnDestroy: ResourceDisplay
[LOG 18:04:50.549] [UIApp] Adding AlarmClock to Application Launcher
[LOG 18:04:50.550] [UIApp] Adding ActionGroupsApp to Application Launcher
[LOG 18:04:50.551] [ApplicationLauncher] SetHidden: 
[LOG 18:04:50.551] [UIApp] Adding Missions App to Application Launcher
[LOG 18:04:50.552] [UIApp] Adding Contracts to Application Launcher
[LOG 18:04:50.553] CURRENCY WIDGET True True True
[LOG 18:04:50.553] [UIApp] Adding CurrencyWidgetsApp to Application Launcher
[LOG 18:04:50.581] [GenericAppFrame] Reposition 0.1633444 37474
[LOG 18:04:50.587] [ActionGroupsApp] OnAppStarted(): id: -573046
[LOG 18:04:50.588] [GenericAppFrame] Reposition 0.1633444 37474
[LOG 18:04:50.589] [UIApp] Adding DeltaVApp to Application Launcher
[LOG 18:04:50.590] [MissionsApp] OnAppStarted(): id: -573034
[LOG 18:04:50.590] MissionsApp does not execute in this game mode, destroying this instance
[LOG 18:04:50.590] [UIApp] OnDestroy: Missions App
[LOG 18:04:50.591] [GenericAppFrame] Reposition 0.1633444 37474
[LOG 18:04:50.607] [GenericAppFrame] Reposition 0.2033444 37475
[LOG 18:04:50.617] [UIApp] Adding Cargo to Application Launcher
[LOG 18:04:50.619] [UIApp] Adding Construction to Application Launcher
[LOG 18:04:50.620] [UIApp] Adding KSPedia to Application Launcher
[LOG 18:04:50.634] [ApplicationLauncher] SetHidden: 
[LOG 18:04:50.670] Flight State Captured
[LOG 18:04:50.670] Saving Achievements Tree...
[LOG 18:04:50.670] Saving Achievements Tree...
[LOG 18:04:50.671] [MessageSystem] Save Messages
[LOG 18:04:50.682] Game State Saved as persistent
[LOG 18:04:51.200] Unpacking Diag3-Rover
[LOG 18:04:51.210] [UIMasterController]: ShowUI
[LOG 18:05:01.390] [KSPDiagColliders] under 'Diag3-Rover' PRELAUNCH lat=-0.048904 lon=-74.710154: [runway_lev1_v2 (Facility) 4095.323 mm, active=True] [Kerbin Zn1232223233 (PQStorage) 14.801 mm, active=True]
[LOG 18:05:04.560] Flight State Captured
[LOG 18:05:04.560] Saving Achievements Tree...
[LOG 18:05:04.560] Saving Achievements Tree...
[LOG 18:05:04.561] [MessageSystem] Save Messages
[LOG 18:05:04.565] Game State Saved to saves/claude-carriere/destroyed-buildings-quicksave
[LOG 18:05:04.584] [SceneLoadSpeedBoost] Save loaded from disk in 4ms
[LOG 18:05:04.587] [UIMasterController]: HideUI
[LOG 18:05:04.649] [HighLogic]: =========================== Scene Change : From FLIGHT to FLIGHT =====================
[LOG 18:05:04.818] [PlanetariumCamera]: Focus: Kerbin
[LOG 18:05:04.818] [UIApp] OnDestroy: ResourceDisplay
[LOG 18:05:04.821] KbApp.OnDestroy NullName
[LOG 18:05:04.821] KbApp.OnDestroy Vessel Info
[LOG 18:05:04.821] KbApp.OnDestroy Vessel Crew
[LOG 18:05:04.821] [UIApp] OnDestroy: Construction
[LOG 18:05:04.822] KbApp.OnDestroy Unowned Info
[LOG 18:05:04.822] [UIApp] OnDestroy: ManeuverTool
[LOG 18:05:04.822] [UIApp] OnDestroy: Contracts
[LOG 18:05:04.823] KbApp.OnDestroy Planet Resources
[LOG 18:05:04.823] [UIApp] OnDestroy: AlarmClock
[LOG 18:05:04.823] [UIApp] OnDestroy: DeltaVApp
[LOG 18:05:04.824] [UIApp] OnDestroy: ActionGroupsApp
[LOG 18:05:04.824] KbApp.OnDestroy Planet Info
[LOG 18:05:04.824] [UIApp] OnDestroy: CurrencyWidgetsApp
[LOG 18:05:04.824] KbApp.OnDestroy Planet Parameters
[LOG 18:05:04.824] [UIApp] OnDestroy: KSPedia
[LOG 18:05:04.824] [UIApp] OnDestroy: Cargo
[LOG 18:05:04.826] [KSPCF:MemoryLeaks] Removed a onVesselChange callback owned by a destroyed Assembly-CSharp:ModuleDeployableSolarPanel instance
[LOG 18:05:04.827] [KSPCF:MemoryLeaks] Removed a onVesselChange callback owned by a destroyed Assembly-CSharp:ModuleDeployableSolarPanel instance
[LOG 18:05:04.827] [KSPCF:MemoryLeaks] Removed a onVesselChange callback owned by a destroyed Assembly-CSharp:ModuleDeployableSolarPanel instance
[LOG 18:05:04.827] [KSPCF:MemoryLeaks] Removed a onVesselChange callback owned by a destroyed Assembly-CSharp:ModuleDeployableSolarPanel instance
[LOG 18:05:04.827] [KSPCF:MemoryLeaks] Removed a onVesselChange callback owned by a destroyed Assembly-CSharp:ModuleDeployableSolarPanel instance
[LOG 18:05:04.827] [KSPCF:MemoryLeaks] Removed a onVesselChange callback owned by a destroyed Assembly-CSharp:ModuleDeployableSolarPanel instance
[LOG 18:05:04.828] [KSPCF:MemoryLeaks] Removed a OnMapExited callback owned by a destroyed Assembly-CSharp:NavBallToggle instance
[LOG 18:05:04.828] [KSPCF:MemoryLeaks] Removed a OnGameSettingsApplied callback owned by a destroyed Assembly-CSharp:VesselAutopilotUI instance
[LOG 18:05:04.829] [KSPCF:MemoryLeaks] Removed a onPartActionUICreate callback owned by a destroyed Assembly-CSharp:ModuleInventoryPart instance
[LOG 18:05:04.829] [KSPCF:MemoryLeaks] Removed a onPartActionUICreate callback owned by a destroyed Assembly-CSharp:ModuleInventoryPart instance
[LOG 18:05:04.829] [KSPCF:MemoryLeaks] Removed a onModuleInventoryChanged callback owned by a destroyed Assembly-CSharp:ModuleInventoryPart instance
[LOG 18:05:04.829] [KSPCF:MemoryLeaks] Removed a onModuleInventoryChanged callback owned by a destroyed Assembly-CSharp:ModuleInventoryPart instance
[LOG 18:05:04.830] [KSPCF:MemoryLeaks] Removed a OnEVAConstructionMode callback owned by a destroyed Assembly-CSharp:ModuleCargoPart instance
[LOG 18:05:04.830] [KSPCF:MemoryLeaks] Removed a OnEVAConstructionMode callback owned by a destroyed Assembly-CSharp:ModuleCargoPart instance
[LOG 18:05:04.830] [KSPCF:MemoryLeaks] Removed a OnEVAConstructionMode callback owned by a destroyed Assembly-CSharp:ModuleCargoPart instance
[LOG 18:05:04.830] [KSPCF:MemoryLeaks] Removed a OnEVAConstructionMode callback owned by a destroyed Assembly-CSharp:ModuleCargoPart instance
[LOG 18:05:04.830] [KSPCF:MemoryLeaks] Removed a OnEVAConstructionMode callback owned by a destroyed Assembly-CSharp:ModuleCargoPart instance
[LOG 18:05:04.830] [KSPCF:MemoryLeaks] Removed a OnEVAConstructionMode callback owned by a destroyed Assembly-CSharp:ModuleCargoPart instance
[LOG 18:05:04.830] [KSPCF:MemoryLeaks] Removed a OnEVAConstructionMode callback owned by a destroyed Assembly-CSharp:ModuleCargoPart instance
[LOG 18:05:04.830] [KSPCF:MemoryLeaks] Removed a OnEVAConstructionMode callback owned by a destroyed Assembly-CSharp:ModuleCargoPart instance
[LOG 18:05:04.830] [KSPCF:MemoryLeaks] Removed a OnEVAConstructionMode callback owned by a destroyed Assembly-CSharp:ModuleCargoPart instance
[LOG 18:05:04.830] [KSPCF:MemoryLeaks] Removed a OnEVAConstructionMode callback owned by a destroyed Assembly-CSharp:ModuleCargoPart instance
[LOG 18:05:04.830] [KSPCF:MemoryLeaks] Removed a OnEVAConstructionMode callback owned by a destroyed Assembly-CSharp:ModuleCargoPart instance
[LOG 18:05:04.830] [KSPCF:MemoryLeaks] Removed a OnEVAConstructionMode callback owned by a destroyed Assembly-CSharp:ModuleCargoPart instance
[LOG 18:05:04.830] [KSPCF:MemoryLeaks] Removed a OnEVAConstructionMode callback owned by a destroyed Assembly-CSharp:ModuleCargoPart instance
[LOG 18:05:04.830] [KSPCF:MemoryLeaks] Removed a OnEVAConstructionMode callback owned by a destroyed Assembly-CSharp:ModuleCargoPart instance
[LOG 18:05:04.830] [KSPCF:MemoryLeaks] Removed a OnEVAConstructionMode callback owned by a destroyed Assembly-CSharp:ModuleCargoPart instance
[LOG 18:05:04.830] [KSPCF:MemoryLeaks] Removed a OnEVAConstructionMode callback owned by a destroyed Assembly-CSharp:ModuleCargoPart instance
[LOG 18:05:04.830] [KSPCF:MemoryLeaks] Removed a OnEVAConstructionMode callback owned by a destroyed Assembly-CSharp:ModuleCargoPart instance
[LOG 18:05:04.830] [KSPCF:MemoryLeaks] Removed a OnEVAConstructionMode callback owned by a destroyed Assembly-CSharp:ModuleCargoPart instance
[LOG 18:05:04.830] [KSPCF:MemoryLeaks] Removed a OnEVAConstructionMode callback owned by a destroyed Assembly-CSharp:ModuleCargoPart instance
[LOG 18:05:04.830] [KSPCF:MemoryLeaks] Removed a OnEVAConstructionMode callback owned by a destroyed Assembly-CSharp:ModuleCargoPart instance
[LOG 18:05:04.830] [KSPCF:MemoryLeaks] Removed a OnEVAConstructionMode callback owned by a destroyed Assembly-CSharp:ModuleCargoPart instance
[LOG 18:05:04.831] [KSPCF:MemoryLeaks] Removed a OnEVAConstructionMode callback owned by a destroyed Assembly-CSharp:ModuleCargoPart instance
[LOG 18:05:04.831] [KSPCF:MemoryLeaks] Removed a OnEVAConstructionMode callback owned by a destroyed Assembly-CSharp:ModuleCargoPart instance
[LOG 18:05:04.831] [KSPCF:MemoryLeaks] Removed a OnEVAConstructionMode callback owned by a destroyed Assembly-CSharp:ModuleCargoPart instance
[LOG 18:05:04.831] [KSPCF:MemoryLeaks] Removed a OnEVAConstructionMode callback owned by a destroyed Assembly-CSharp:ModuleCargoPart instance
[LOG 18:05:04.831] [KSPCF:MemoryLeaks] Removed a OnEVAConstructionMode callback owned by a destroyed Assembly-CSharp:ModuleCargoPart instance
[LOG 18:05:04.831] [KSPCF:MemoryLeaks] Removed a OnEVAConstructionMode callback owned by a destroyed Assembly-CSharp:ModuleCargoPart instance
[LOG 18:05:04.831] [KSPCF:MemoryLeaks] Removed a OnEVAConstructionMode callback owned by a destroyed Assembly-CSharp:ModuleCargoPart instance
[LOG 18:05:04.831] [KSPCF:MemoryLeaks] Removed a OnEVAConstructionMode callback owned by a destroyed Assembly-CSharp:ModuleCargoPart instance
[LOG 18:05:04.831] [KSPCF:MemoryLeaks] Removed a OnEVAConstructionMode callback owned by a destroyed Assembly-CSharp:ModuleCargoPart instance
[LOG 18:05:04.831] [KSPCF:MemoryLeaks] Removed a OnEVAConstructionMode callback owned by a destroyed Assembly-CSharp:ModuleCargoPart instance
[LOG 18:05:04.831] [KSPCF:MemoryLeaks] Removed a OnEVAConstructionMode callback owned by a destroyed Assembly-CSharp:ModuleCargoPart instance
[LOG 18:05:04.831] [KSPCF:MemoryLeaks] Removed a OnEVAConstructionMode callback owned by a destroyed Assembly-CSharp:ModuleCargoPart instance
[LOG 18:05:04.831] [KSPCF:MemoryLeaks] Removed a OnEVAConstructionMode callback owned by a destroyed Assembly-CSharp:ModuleCargoPart instance
[LOG 18:05:04.831] [KSPCF:MemoryLeaks] Removed a OnEVAConstructionMode callback owned by a destroyed Assembly-CSharp:ModuleCargoPart instance
[LOG 18:05:04.831] [KSPCF:MemoryLeaks] Removed a OnEVAConstructionMode callback owned by a destroyed Assembly-CSharp:ModuleCargoPart instance
[LOG 18:05:04.831] [KSPCF:MemoryLeaks] Removed a OnClick callback owned by a destroyed Assembly-CSharp:EVAConstructionModeEditor instance
[LOG 18:05:04.832] [KSPCF:MemoryLeaks] Removed a TimingManager.Instance.timing5.onLateUpdate callback owned by a destroyed Assembly-CSharp:MapView instance
[LOG 18:05:04.832] [KSPCF:MemoryLeaks] Leaving scene "Flight", cleaned 100 memory leaks in 0.005s. GameEvents callbacks : 457. Allocated memory : 714.34 MiB (managed heap), 2.222 GiB (unmanaged)
[LOG 18:05:04.843] UICanvasPrefabSpawner FlightUI spawning Flight
[LOG 18:05:04.872] UICanvasPrefabSpawner FlightUI spawning VesselLabels
[LOG 18:05:04.873] [UiApp] Awake: ResourceDisplay
[LOG 18:05:04.992] [AddonLoader]: Instantiating addon 'AeroGUI' from assembly 'KSP'
[LOG 18:05:05.006] [AddonLoader]: Instantiating addon 'KSPDiagColliders' from assembly 'KSPDiagColliders'
[LOG 18:05:05.006] [KSPDiagColliders] shader Hidden/Internal-Colored, depth test settable: True; display: colliders, hidden by what stands in front
[LOG 18:05:05.006] [PlanetariumCamera]: Focus: Kerbin
[LOG 18:05:05.007] [UIMasterController]: HideUI
[LOG 18:05:05.486] [UIMasterController]: HideUI
[LOG 18:05:05.486] ------------------- initializing flight mode... ------------------
[LOG 18:05:05.488] GetSubclassesOfParentClass: Using cached results for AlarmTypeBase
[LOG 18:05:05.489] Loading Depletion Nodes
[LOG 18:05:05.489] DepNodeCount:  0
[LOG 18:05:05.489] Loading Biome Nodes
[LOG 18:05:05.489] BiomeNodeCount:  0
[LOG 18:05:05.490] Loading Planet Nodes
[LOG 18:05:05.490] PlanetNodeCount:  0
[LOG 18:05:05.494] [ScenarioDestructibles]: Loading... 0 objects registered
[LOG 18:05:05.498] [ScenarioUpgradeableFacilities]: Loading... 0 objects registered
[LOG 18:05:05.529] Target vessel index: 0  vessel count: 1
[LOG 18:05:05.529] [FLIGHT GLOBALS]: Switching To Vessel Diag3-Rover ---------------------- 
[LOG 18:05:05.529] setting new dominant body: Kerbin
FlightGlobals.mainBody: Kerbin
[LOG 18:05:05.529] Reference Frame: Rotating
[LOG 18:05:05.576] [Diag3-Rover]: landed - waiting for ground contact to resume physics...
[LOG 18:05:05.576] Camera Mode: AUTO
[LOG 18:05:08.789] all systems started
[LOG 18:05:08.866] [KSPDiagColliders] body Kerbin, colliders drawn within 300 m of the active vessel
[LOG 18:05:08.906] [KSPDiagColliders] collider localSpace/Kerbin/Kerbin/KSC/SpaceCenter/Runway/Facility/runway_lev1_v2 (MeshCollider, on, layer 15), centre 1066 m from the active vessel
[LOG 18:05:08.906] [KSPDiagColliders] drawn within 300 m: 2 ground quad(s), 1 collider(s) of statics on, 0 switched off
[LOG 18:05:08.960] [UiApp] Awake: CurrencyWidgetsApp
[LOG 18:05:08.960] [UiApp] Awake: Contracts
[LOG 18:05:08.960] [UiApp] Awake: ResourceDisplay
[LOG 18:05:08.960] [UiApp] Awake: KSPedia
[LOG 18:05:08.961] [UiApp] Awake: Missions App
[LOG 18:05:08.961] [UiApp] Awake: DeltaVApp
[LOG 18:05:08.961] [UiApp] Awake: ActionGroupsApp
[LOG 18:05:08.961] [UiApp] Awake: Construction
[LOG 18:05:08.961] [UiApp] Awake: Cargo
[LOG 18:05:08.961] [UiApp] Awake: AlarmClock
[LOG 18:05:08.961] [UiApp] Awake: ManeuverTool
[LOG 18:05:08.961] [ApplicationLauncher] OnSceneLoadedGUIReady: scene FLIGHT ShouldBeVisible() True ShouldBeOnTop() True iIsPositionedAtTop True
[LOG 18:05:08.964] [KnowledgeBase] OnAppLauncherReady 38921
[LOG 18:05:09.002] [FlightIntegrator]: Reloaded drag cube for zeroed cube root part trussPiece3x (Diag3-Rover) on vessel Diag3-Rover
[LOG 18:05:09.006] [MessageSystem] Reposition 0.02 38922
[LOG 18:05:09.006] [GenericAppFrame] Reposition 0.02 38922
[LOG 18:05:09.006] [GenericAppFrame] Reposition 0.02 38922
[LOG 18:05:09.094] [PlanetariumCamera]: Focus: Diag3-Rover
[LOG 18:05:09.111] [UIApp] Adding ResourceDisplay to Application Launcher
[LOG 18:05:09.112] [UIApp] Adding ResourceDisplay to Application Launcher
[LOG 18:05:09.122] [ResourceDisplay] OnAppStarted(): id: -603184
[LOG 18:05:09.123] [GenericAppFrame] Reposition 0.1171222 38926
[LOG 18:05:09.123] [ResourceDisplay] OnAppStarted(): id: 319028
[LOG 18:05:09.124] ResourceDisplay already exist, destroying this instance
[LOG 18:05:09.124] [UIApp] OnDestroy: ResourceDisplay
[LOG 18:05:09.136] [UIApp] Adding AlarmClock to Application Launcher
[LOG 18:05:09.138] [UIApp] Adding ActionGroupsApp to Application Launcher
[LOG 18:05:09.139] [ApplicationLauncher] SetHidden: 
[LOG 18:05:09.139] [UIApp] Adding Missions App to Application Launcher
[LOG 18:05:09.141] [UIApp] Adding Contracts to Application Launcher
[LOG 18:05:09.142] CURRENCY WIDGET True True True
[LOG 18:05:09.142] [UIApp] Adding CurrencyWidgetsApp to Application Launcher
[LOG 18:05:09.171] [GenericAppFrame] Reposition 0.1466133 38928
[LOG 18:05:09.177] [ActionGroupsApp] OnAppStarted(): id: -603208
[LOG 18:05:09.178] [GenericAppFrame] Reposition 0.1466133 38928
[LOG 18:05:09.178] [UIApp] Adding DeltaVApp to Application Launcher
[LOG 18:05:09.180] [MissionsApp] OnAppStarted(): id: -603196
[LOG 18:05:09.180] MissionsApp does not execute in this game mode, destroying this instance
[LOG 18:05:09.180] [UIApp] OnDestroy: Missions App
[LOG 18:05:09.181] [GenericAppFrame] Reposition 0.1466133 38928
[LOG 18:05:09.196] [GenericAppFrame] Reposition 0.1866133 38929
[LOG 18:05:09.207] [UIApp] Adding Cargo to Application Launcher
[LOG 18:05:09.209] [UIApp] Adding Construction to Application Launcher
[LOG 18:05:09.210] [UIApp] Adding KSPedia to Application Launcher
[LOG 18:05:09.220] [ApplicationLauncher] SetHidden: 
[LOG 18:05:09.257] Flight State Captured
[LOG 18:05:09.258] Saving Achievements Tree...
[LOG 18:05:09.258] Saving Achievements Tree...
[LOG 18:05:09.259] [MessageSystem] Save Messages
[LOG 18:05:09.271] Game State Saved as persistent
[LOG 18:05:10.013] Unpacking Diag3-Rover
[LOG 18:05:10.020] [UIMasterController]: ShowUI
[LOG 18:05:20.127] [KSPDiagColliders] under 'Diag3-Rover' PRELAUNCH lat=-0.048904 lon=-74.710155: [runway_lev1_v2 (Facility) 4101.326 mm, active=True] [Kerbin Zn1232223233 (PQStorage) 8.194 mm, active=True]
[LOG 18:05:23.304] Flight State Captured
[LOG 18:05:23.304] Saving Achievements Tree...
[LOG 18:05:23.304] Saving Achievements Tree...
[LOG 18:05:23.305] [MessageSystem] Save Messages
[LOG 18:05:23.319] Game State Saved to saves/claude-carriere/persistent
[LOG 18:05:23.328] [UIMasterController]: HideUI
[LOG 18:05:23.335] [HighLogic]: =========================== Scene Change : From FLIGHT to SPACECENTER =====================
[LOG 18:05:23.663] KbApp.OnDestroy Vessel Crew
[LOG 18:05:23.663] KbApp.OnDestroy Planet Info
[LOG 18:05:23.664] KbApp.OnDestroy Planet Parameters
[LOG 18:05:23.664] [UIApp] OnDestroy: Cargo
[LOG 18:05:23.664] [UIApp] OnDestroy: CurrencyWidgetsApp
[LOG 18:05:23.665] [UIApp] OnDestroy: DeltaVApp
[LOG 18:05:23.665] KbApp.OnDestroy Vessel Info
[LOG 18:05:23.665] [UIApp] OnDestroy: ActionGroupsApp
[LOG 18:05:23.665] KbApp.OnDestroy Unowned Info
[LOG 18:05:23.666] [UIApp] OnDestroy: Contracts
[LOG 18:05:23.666] [UIApp] OnDestroy: ManeuverTool
[LOG 18:05:23.666] [UIApp] OnDestroy: ResourceDisplay
[LOG 18:05:23.667] [UIApp] OnDestroy: KSPedia
[LOG 18:05:23.667] [UIApp] OnDestroy: AlarmClock
[LOG 18:05:23.667] KbApp.OnDestroy Planet Resources
[LOG 18:05:23.667] KbApp.OnDestroy NullName
[LOG 18:05:23.668] [UIApp] OnDestroy: Construction
[LOG 18:05:23.669] [KSPCF:MemoryLeaks] Removed a onVesselChange callback owned by a destroyed Assembly-CSharp:ModuleDeployableSolarPanel instance
[LOG 18:05:23.669] [KSPCF:MemoryLeaks] Removed a onVesselChange callback owned by a destroyed Assembly-CSharp:ModuleDeployableSolarPanel instance
[LOG 18:05:23.669] [KSPCF:MemoryLeaks] Removed a onVesselChange callback owned by a destroyed Assembly-CSharp:ModuleDeployableSolarPanel instance
[LOG 18:05:23.669] [KSPCF:MemoryLeaks] Removed a onVesselChange callback owned by a destroyed Assembly-CSharp:ModuleDeployableSolarPanel instance
[LOG 18:05:23.669] [KSPCF:MemoryLeaks] Removed a onVesselChange callback owned by a destroyed Assembly-CSharp:ModuleDeployableSolarPanel instance
[LOG 18:05:23.669] [KSPCF:MemoryLeaks] Removed a onVesselChange callback owned by a destroyed Assembly-CSharp:ModuleDeployableSolarPanel instance
[LOG 18:05:23.670] [KSPCF:MemoryLeaks] Removed a OnMapExited callback owned by a destroyed Assembly-CSharp:NavBallToggle instance
[LOG 18:05:23.670] [KSPCF:MemoryLeaks] Removed a OnGameSettingsApplied callback owned by a destroyed Assembly-CSharp:VesselAutopilotUI instance
[LOG 18:05:23.670] [KSPCF:MemoryLeaks] Removed a onPartActionUICreate callback owned by a destroyed Assembly-CSharp:ModuleInventoryPart instance
[LOG 18:05:23.670] [KSPCF:MemoryLeaks] Removed a onPartActionUICreate callback owned by a destroyed Assembly-CSharp:ModuleInventoryPart instance
[LOG 18:05:23.671] [KSPCF:MemoryLeaks] Removed a onModuleInventoryChanged callback owned by a destroyed Assembly-CSharp:ModuleInventoryPart instance
[LOG 18:05:23.671] [KSPCF:MemoryLeaks] Removed a onModuleInventoryChanged callback owned by a destroyed Assembly-CSharp:ModuleInventoryPart instance
[LOG 18:05:23.671] [KSPCF:MemoryLeaks] Removed a TimingManager.Instance.timing5.onLateUpdate callback owned by a destroyed Assembly-CSharp:MapView instance
[LOG 18:05:23.671] [KSPCF:MemoryLeaks] Leaving scene "Flight", cleaned 63 memory leaks in 0.002s. GameEvents callbacks : 438. Allocated memory : 734.508 MiB (managed heap), 2.229 GiB (unmanaged)
[LOG 18:05:23.804] [AddonLoader]: Instantiating addon 'CustomConfigsManager' from assembly 'ModuleManager'
[LOG 18:05:27.994] [UIMasterController]: ShowUI
[LOG 18:05:28.400] [SceneLoadSpeedBoost] Save loaded from cache in 0ms
[LOG 18:05:28.403] GetSubclassesOfParentClass: Using cached results for AlarmTypeBase
[LOG 18:05:28.404] Loading Depletion Nodes
[LOG 18:05:28.404] DepNodeCount:  0
[LOG 18:05:28.404] Loading Biome Nodes
[LOG 18:05:28.404] BiomeNodeCount:  0
[LOG 18:05:28.404] Loading Planet Nodes
[LOG 18:05:28.404] PlanetNodeCount:  0
[LOG 18:05:28.406] [ScenarioDestructibles]: Loading... 0 objects registered
[LOG 18:05:28.407] [ScenarioUpgradeableFacilities]: Loading... 0 objects registered
[LOG 18:05:28.443] [UiApp] Awake: Contracts
[LOG 18:05:28.443] [UiApp] Awake: KSPedia
[LOG 18:05:28.443] [UiApp] Awake: Missions App
[LOG 18:05:28.443] [UiApp] Awake: AlarmClock
[LOG 18:05:28.443] [ApplicationLauncher] OnSceneLoadedGUIReady: scene SPACECENTER ShouldBeVisible() True ShouldBeOnTop() False iIsPositionedAtTop True
[LOG 18:05:28.443] [ApplicationLauncher] SpawnSimpleLayout: HorizontalRightLeft
[LOG 18:05:28.486] [MessageSystem] Reposition 0.02 40433
[LOG 18:05:28.486] [GenericAppFrame] Reposition 0.02 40433
[LOG 18:05:28.487] [GenericAppFrame] Reposition 0.02 40433
[LOG 18:05:28.664] [UIApp] Adding AlarmClock to Application Launcher
[LOG 18:05:28.665] [UIApp] Adding Missions App to Application Launcher
[LOG 18:05:28.666] [UIApp] Adding Contracts to Application Launcher
[LOG 18:05:28.696] [GenericAppFrame] Reposition 0.1270561 40439
[LOG 18:05:28.702] [MissionsApp] OnAppStarted(): id: -619294
[LOG 18:05:28.702] MissionsApp does not execute in this game mode, destroying this instance
[LOG 18:05:28.702] [UIApp] OnDestroy: Missions App
[LOG 18:05:28.704] [GenericAppFrame] Reposition 0.1270561 40439
[LOG 18:05:28.710] [VesselRecovery]: Diag3-Rover recovered À Piste de décollage. Recovery Value: 100.0% 
[LOG 18:05:28.711] Crewmember Jebediah Kerman is available again
[LOG 18:05:28.714] Crewmember Bill Kerman is available again
[LOG 18:05:28.716] Added 0 (0) reputation: 'VesselRecovery'.
[LOG 18:05:28.716] Added 0 (0) reputation: 'VesselRecovery'.
[LOG 18:05:28.720] [FlightGlobals]: ProtoPartSnapShot persistentId changed from 2350935571 to 1176141. Vessel persistentId 3949932400
[LOG 18:05:28.720] [FlightGlobals]: ProtoPartSnapShot persistentId changed from 1580212255 to 622775884. Vessel persistentId 3949932400
[LOG 18:05:28.720] [FlightGlobals]: ProtoPartSnapShot persistentId changed from 2097561908 to 1621534249. Vessel persistentId 3949932400
[LOG 18:05:28.720] [FlightGlobals]: ProtoPartSnapShot persistentId changed from 3907902451 to 3562145569. Vessel persistentId 3949932400
[LOG 18:05:28.737] Flight State Captured
[LOG 18:05:28.737] Saving Achievements Tree...
[LOG 18:05:28.737] Saving Achievements Tree...
[LOG 18:05:28.738] [MessageSystem] Save Messages
[LOG 18:05:28.750] Game State Saved to saves/claude-carriere/persistent
[LOG 18:05:28.820] [UIApp] Adding KSPedia to Application Launcher
[LOG 18:05:31.674] Flight State Captured
[LOG 18:05:31.674] Saving Achievements Tree...
[LOG 18:05:31.674] Saving Achievements Tree...
[LOG 18:05:31.675] [MessageSystem] Save Messages
[LOG 18:05:31.687] Game State Saved to saves/claude-carriere/persistent
[LOG 18:05:41.617] Flight State Captured
[LOG 18:05:41.617] Saving Achievements Tree...
[LOG 18:05:41.617] Saving Achievements Tree...
[LOG 18:05:41.618] [MessageSystem] Save Messages
[LOG 18:05:41.630] Game State Saved to saves/claude-carriere/persistent
[LOG 18:05:41.639] [UIMasterController]: HideUI
[LOG 18:05:41.641] [HighLogic]: =========================== Scene Change : From SPACECENTER to EDITOR =====================
[LOG 18:05:41.869] [UIApp] OnDestroy: AlarmClock
[LOG 18:05:41.870] [UIApp] OnDestroy: Contracts
[LOG 18:05:41.871] [UIApp] OnDestroy: KSPedia
[LOG 18:05:41.877] [KSPCF:MemoryLeaks] Removed a OnInViewChange callback owned by a destroyed Assembly-CSharp:BuildingPickerItem instance
[LOG 18:05:41.877] [KSPCF:MemoryLeaks] Leaving scene "SpaceCenter", cleaned 5 memory leaks in 0.002s. GameEvents callbacks : 351. Allocated memory : 701.266 MiB (managed heap), 2.222 GiB (unmanaged)
[LOG 18:05:41.888] UICanvasPrefabSpawner SceneLogic spawning Editor
[LOG 18:05:41.914] Aucun verrouillage commandes en cours
[LOG 18:05:42.049] [UIMasterController]: ShowUI
[LOG 18:05:42.569] [UIMasterController]: ShowUI
[LOG 18:05:42.722] [UIMasterController]: ShowUI
[LOG 18:05:42.733] ------------------- initializing editor mode... ------------------
[LOG 18:05:42.733] editor started
[LOG 18:05:42.733] [SceneLoadSpeedBoost] Save loaded from cache in 0ms
[LOG 18:05:42.736] GetSubclassesOfParentClass: Using cached results for AlarmTypeBase
[LOG 18:05:42.737] Loading Depletion Nodes
[LOG 18:05:42.737] DepNodeCount:  0
[LOG 18:05:42.737] Loading Biome Nodes
[LOG 18:05:42.737] BiomeNodeCount:  0
[LOG 18:05:42.737] Loading Planet Nodes
[LOG 18:05:42.737] PlanetNodeCount:  0
[LOG 18:05:42.739] [ScenarioDestructibles]: Loading... 0 objects registered
[LOG 18:05:42.740] [ScenarioUpgradeableFacilities]: Loading... 0 objects registered
[WRN 18:05:42.937] HighlightingSystem : Framebuffer depth data is not available and can't be used to occlude highlighting. Highlighting occluders enabled.
[LOG 18:05:42.943] [UiApp] Awake: EngineersReport
[LOG 18:05:42.943] [UiApp] Awake: Contracts
[LOG 18:05:42.943] [UiApp] Awake: KSPedia
[LOG 18:05:42.943] [UiApp] Awake: Missions App
[LOG 18:05:42.943] [UiApp] Awake: DeltaVApp
[LOG 18:05:42.943] [UiApp] Awake: ActionGroupsApp
[LOG 18:05:42.943] [UiApp] Awake: AlarmClock
[LOG 18:05:42.943] [ApplicationLauncher] OnSceneLoadedGUIReady: scene EDITOR ShouldBeVisible() True ShouldBeOnTop() False iIsPositionedAtTop False
[LOG 18:05:42.985] [MessageSystem] Reposition 0.02 42521
[LOG 18:05:42.985] [GenericAppFrame] Reposition 0.02 42521
[LOG 18:05:42.985] [GenericAppFrame] Reposition 0.02 42521
[LOG 18:05:43.076] [UIApp] Adding AlarmClock to Application Launcher
[LOG 18:05:43.078] [UIApp] Adding ActionGroupsApp to Application Launcher
[LOG 18:05:43.079] [ApplicationLauncher] SetHidden: 
[LOG 18:05:43.080] [UIApp] Adding Missions App to Application Launcher
[LOG 18:05:43.082] [UIApp] Adding Contracts to Application Launcher
[LOG 18:05:43.083] [UIApp] Adding EngineersReport to Application Launcher
[LOG 18:05:43.112] [GenericAppFrame] Reposition 0.1247291 42527
[LOG 18:05:43.121] [ActionGroupsApp] OnAppStarted(): id: -650804
[LOG 18:05:43.122] [GenericAppFrame] Reposition 0.1247291 42527
[LOG 18:05:43.122] [UIApp] Adding DeltaVApp to Application Launcher
[LOG 18:05:43.124] [MissionsApp] OnAppStarted(): id: -650792
[LOG 18:05:43.124] MissionsApp does not execute in this game mode, destroying this instance
[LOG 18:05:43.124] [UIApp] OnDestroy: Missions App
[LOG 18:05:43.125] [GenericAppFrame] Reposition 0.1247291 42527
[LOG 18:05:43.126] [GenericAppFrame] Reposition 0.1247291 42527
[LOG 18:05:43.158] [GenericAppFrame] Reposition 0.1647291 42528
[LOG 18:05:43.176] [UIApp] Adding KSPedia to Application Launcher
[LOG 18:05:44.016] Launching vessel from LaunchPad. Craft file: D:\ksp-dev\saves\claude-carriere\Ships\VAB\Diag3-Rocket.craft
[LOG 18:05:44.016] Saving Achievements Tree...
[LOG 18:05:44.017] Saving Achievements Tree...
[LOG 18:05:44.017] [MessageSystem] Save Messages
[LOG 18:05:44.028] Game State Saved to saves/claude-carriere/persistent
[LOG 18:05:44.037] [UIMasterController]: HideUI
[LOG 18:05:44.111] [HighLogic]: =========================== Scene Change : From EDITOR to FLIGHT =====================
[LOG 18:05:44.364] [UIApp] OnDestroy: ActionGroupsApp
[LOG 18:05:44.365] [UIApp] OnDestroy: DeltaVApp
[LOG 18:05:44.365] [UIApp] OnDestroy: KSPedia
[LOG 18:05:44.365] [UIApp] OnDestroy: AlarmClock
[LOG 18:05:44.365] [UIApp] OnDestroy: Contracts
[LOG 18:05:44.365] [UIApp] OnDestroy: EngineersReport
[LOG 18:05:44.367] [KSPCF:MemoryLeaks] Removed a onPartActionUICreate callback owned by a destroyed Assembly-CSharp:ModuleInventoryPart instance
[LOG 18:05:44.367] [KSPCF:MemoryLeaks] Removed a onPartActionUICreate callback owned by a destroyed Assembly-CSharp:ModuleInventoryPart instance
[LOG 18:05:44.367] [KSPCF:MemoryLeaks] Removed a onPartActionUICreate callback owned by a destroyed Assembly-CSharp:ModuleInventoryPart instance
[LOG 18:05:44.367] [KSPCF:MemoryLeaks] Removed a onPartActionUICreate callback owned by a destroyed Assembly-CSharp:ModuleInventoryPart instance
[LOG 18:05:44.367] [KSPCF:MemoryLeaks] Removed a onEditorScreenChange callback owned by a destroyed Assembly-CSharp:EditorLogic instance
[LOG 18:05:44.368] [KSPCF:MemoryLeaks] Removed a onEditorPartEvent callback owned by a destroyed Assembly-CSharp:ModuleInventoryPart instance
[LOG 18:05:44.368] [KSPCF:MemoryLeaks] Removed a onEditorPartEvent callback owned by a destroyed Assembly-CSharp:ModuleInventoryPart instance
[LOG 18:05:44.368] [KSPCF:MemoryLeaks] Removed a OnPartPurchased callback owned by a destroyed Assembly-CSharp:ModuleInventoryPart instance
[LOG 18:05:44.368] [KSPCF:MemoryLeaks] Removed a OnPartPurchased callback owned by a destroyed Assembly-CSharp:ModuleInventoryPart instance
[LOG 18:05:44.368] [KSPCF:MemoryLeaks] Removed a onModuleInventoryChanged callback owned by a destroyed Assembly-CSharp:ModuleInventoryPart instance
[LOG 18:05:44.368] [KSPCF:MemoryLeaks] Removed a onModuleInventoryChanged callback owned by a destroyed Assembly-CSharp:ModuleInventoryPart instance
[LOG 18:05:44.368] [KSPCF:MemoryLeaks] Removed a onModuleInventoryChanged callback owned by a destroyed Assembly-CSharp:ModuleInventoryPart instance
[LOG 18:05:44.368] [KSPCF:MemoryLeaks] Removed a onModuleInventoryChanged callback owned by a destroyed Assembly-CSharp:ModuleInventoryPart instance
[LOG 18:05:44.369] [KSPCF:MemoryLeaks] Leaving scene "Editor", cleaned 17 memory leaks in 0.002s. GameEvents callbacks : 485. Allocated memory : 696.113 MiB (managed heap), 2.103 GiB (unmanaged)
[LOG 18:05:44.381] UICanvasPrefabSpawner FlightUI spawning Flight
[LOG 18:05:44.415] UICanvasPrefabSpawner FlightUI spawning VesselLabels
[LOG 18:05:44.415] [UiApp] Awake: ResourceDisplay
[LOG 18:05:44.533] [AddonLoader]: Instantiating addon 'AeroGUI' from assembly 'KSP'
[LOG 18:05:44.546] [AddonLoader]: Instantiating addon 'KSPDiagColliders' from assembly 'KSPDiagColliders'
[LOG 18:05:44.547] [KSPDiagColliders] shader Hidden/Internal-Colored, depth test settable: True; display: colliders, hidden by what stands in front
[LOG 18:05:44.547] [PlanetariumCamera]: Focus: Kerbin
[LOG 18:05:44.547] [UIMasterController]: HideUI
[LOG 18:05:44.938] [UIMasterController]: HideUI
[LOG 18:05:44.938] ------------------- initializing flight mode... ------------------
[LOG 18:05:44.938] [SceneLoadSpeedBoost] Save loaded from cache in 0ms
[LOG 18:05:44.941] [MessageSystem] Save Messages
[LOG 18:05:44.941] GetSubclassesOfParentClass: Using cached results for AlarmTypeBase
[LOG 18:05:44.942] Loading Depletion Nodes
[LOG 18:05:44.942] DepNodeCount:  0
[LOG 18:05:44.942] Loading Biome Nodes
[LOG 18:05:44.942] BiomeNodeCount:  0
[LOG 18:05:44.942] Loading Planet Nodes
[LOG 18:05:44.942] PlanetNodeCount:  0
[LOG 18:05:44.944] [ScenarioDestructibles]: Loading... 0 objects registered
[LOG 18:05:44.946] [ScenarioUpgradeableFacilities]: Loading... 0 objects registered
[LOG 18:05:44.948] Loading ship from file: D:\ksp-dev\saves\claude-carriere\Ships\VAB\Diag3-Rocket.craft
[LOG 18:05:44.948] [UIMasterController]: HideUI
[LOG 18:05:44.966] Diag3-Rocket loaded!
[LOG 18:05:47.646] putting ship to ground: 11.36977
[LOG 18:05:47.650] [Diag3-Rocket]: Ready to Launch - waiting to start physics...
[LOG 18:05:47.652] Crewmember Jebediah Kerman assigned to Capsule de commande Mk1, seat # 0 (crew seat index: 0)
[LOG 18:05:47.652] [FLIGHT GLOBALS]: Switching To Vessel Diag3-Rocket ---------------------- 
[LOG 18:05:47.652] setting new dominant body: Kerbin
FlightGlobals.mainBody: Kerbin
[LOG 18:05:47.652] Reference Frame: Rotating
[LOG 18:05:47.658] Vessel assembly complete!
[LOG 18:05:50.870] all systems started
[LOG 18:05:50.982] [KSPDiagColliders] body Kerbin, colliders drawn within 300 m of the active vessel
[LOG 18:05:51.003] [KSPDiagColliders] collider localSpace/Kerbin/Kerbin/KSC/SpaceCenter/LaunchPad/Facility/building/LP_lev3/gasTanks/bigDeepTank1 (MeshCollider, on, layer 15), centre 14 m from the active vessel
[LOG 18:05:51.003] [KSPDiagColliders] collider localSpace/Kerbin/Kerbin/KSC/SpaceCenter/LaunchPad/Facility/building/LP_lev3/gasTanks/bigDeepTank2 (MeshCollider, on, layer 15), centre 13 m from the active vessel
[LOG 18:05:51.003] [KSPDiagColliders] collider localSpace/Kerbin/Kerbin/KSC/SpaceCenter/LaunchPad/Facility/building/LP_lev3/gasTanks/bigDeepTank3 (MeshCollider, on, layer 15), centre 13 m from the active vessel
[LOG 18:05:51.003] [KSPDiagColliders] collider localSpace/Kerbin/Kerbin/KSC/SpaceCenter/LaunchPad/Facility/building/LP_lev3/gasTanks/bigDeepTank4 (MeshCollider, on, layer 15), centre 13 m from the active vessel
[LOG 18:05:51.003] [KSPDiagColliders] collider localSpace/Kerbin/Kerbin/KSC/SpaceCenter/LaunchPad/Facility/building/LP_lev3/gasTanks/bigDeepTank5 (MeshCollider, on, layer 15), centre 13 m from the active vessel
[LOG 18:05:51.003] [KSPDiagColliders] collider localSpace/Kerbin/Kerbin/KSC/SpaceCenter/LaunchPad/Facility/building/LP_lev3/gasTanks/deepTank1 (CapsuleCollider, on, layer 15), centre 27 m from the active vessel
[LOG 18:05:51.003] [KSPDiagColliders] collider localSpace/Kerbin/Kerbin/KSC/SpaceCenter/LaunchPad/Facility/building/LP_lev3/gasTanks/deepTank2 (CapsuleCollider, on, layer 15), centre 27 m from the active vessel
[LOG 18:05:51.004] [KSPDiagColliders] collider localSpace/Kerbin/Kerbin/KSC/SpaceCenter/LaunchPad/Facility/building/LP_lev3/gasTanks/deepTank3 (CapsuleCollider, on, layer 15), centre 29 m from the active vessel
[LOG 18:05:51.004] [KSPDiagColliders] collider localSpace/Kerbin/Kerbin/KSC/SpaceCenter/LaunchPad/Facility/building/LP_lev3/gasTanks/deepTank4 (CapsuleCollider, on, layer 15), centre 26 m from the active vessel
[LOG 18:05:51.004] [KSPDiagColliders] collider localSpace/Kerbin/Kerbin/KSC/SpaceCenter/LaunchPad/Facility/building/LP_lev3/gasTanks/deepTank5 (CapsuleCollider, on, layer 15), centre 26 m from the active vessel
[LOG 18:05:51.004] [KSPDiagColliders] collider localSpace/Kerbin/Kerbin/KSC/SpaceCenter/LaunchPad/Facility/building/LP_lev3/LP_lev3 1/concreteSlopes/concreteSlope1 (MeshCollider, on, layer 15), centre 18 m from the active vessel
[LOG 18:05:51.004] [KSPDiagColliders] collider localSpace/Kerbin/Kerbin/KSC/SpaceCenter/LaunchPad/Facility/building/LP_lev3/LP_lev3 1/concreteSlopes/concreteSlope2 (MeshCollider, on, layer 15), centre 22 m from the active vessel
[LOG 18:05:51.004] [KSPDiagColliders] collider localSpace/Kerbin/Kerbin/KSC/SpaceCenter/LaunchPad/Facility/building/LP_lev3/LP_lev3 1/concreteSlopes/concreteSlope3 (MeshCollider, on, layer 15), centre 23 m from the active vessel
[LOG 18:05:51.004] [KSPDiagColliders] collider localSpace/Kerbin/Kerbin/KSC/SpaceCenter/LaunchPad/Facility/building/LP_lev3/LP_lev3 1/LP_barsAlpha (MeshCollider, on, layer 15), centre 5 m from the active vessel
[LOG 18:05:51.005] [KSPDiagColliders] collider localSpace/Kerbin/Kerbin/KSC/SpaceCenter/LaunchPad/Facility/building/LP_lev3/LP_lev3 1/LP_main (MeshCollider, on, layer 15), centre 21 m from the active vessel
[LOG 18:05:51.005] [KSPDiagColliders] collider localSpace/Kerbin/Kerbin/KSC/SpaceCenter/LaunchPad/Facility/building/LP_lev3/LP_lev3 1/LP_main/LP_main (MeshCollider, on, layer 15), centre 21 m from the active vessel
[LOG 18:05:51.005] [KSPDiagColliders] collider localSpace/Kerbin/Kerbin/KSC/SpaceCenter/LaunchPad/Facility/grounds/LP_ground (MeshCollider, on, layer 15), centre 10 m from the active vessel
[LOG 18:05:51.006] [KSPDiagColliders] collider localSpace/Kerbin/Kerbin/KSC/SpaceCenter/LaunchPad/Facility/SmallTanks/Building/gasTank1 (MeshCollider, on, layer 15), centre 27 m from the active vessel
[LOG 18:05:51.006] [KSPDiagColliders] collider localSpace/Kerbin/Kerbin/KSC/SpaceCenter/LaunchPad/Facility/SmallTanks/Building/gasTank2 (MeshCollider, on, layer 15), centre 27 m from the active vessel
[LOG 18:05:51.007] [KSPDiagColliders] collider localSpace/Kerbin/Kerbin/KSC/SpaceCenter/LaunchPad/Facility/SmallTanks/Building/gasTank3 (MeshCollider, on, layer 15), centre 27 m from the active vessel
[LOG 18:05:51.007] [KSPDiagColliders] collider localSpace/Kerbin/Kerbin/KSC/SpaceCenter/LaunchPad/Facility/SmallTanks/Building/gasTank4 (MeshCollider, on, layer 15), centre 27 m from the active vessel
[LOG 18:05:51.008] [KSPDiagColliders] collider localSpace/Kerbin/Kerbin/KSC/SpaceCenter/LaunchPad/Facility/SmallTanks/Building/gasTank5 (MeshCollider, on, layer 15), centre 27 m from the active vessel
[LOG 18:05:51.008] [KSPDiagColliders] collider localSpace/Kerbin/Kerbin/KSC/SpaceCenter/LaunchPad/Facility/SmallTanks/Building/gasTank6 (MeshCollider, on, layer 15), centre 27 m from the active vessel
[LOG 18:05:51.022] [KSPDiagColliders] collider localSpace/Kerbin/Kerbin/KSC/SpaceCenter/LaunchPad/Facility/BigTanks/gasTower/gasTower_mainStructure (MeshCollider, on, layer 15), centre 91 m from the active vessel
[LOG 18:05:51.022] [KSPDiagColliders] collider localSpace/Kerbin/Kerbin/KSC/SpaceCenter/LaunchPad/Facility/BigTanks/gasTower/gasTower_pipes (MeshCollider, on, layer 15), centre 49 m from the active vessel
[LOG 18:05:51.022] [KSPDiagColliders] collider localSpace/Kerbin/Kerbin/KSC/SpaceCenter/LaunchPad/Facility/Flag/flagPole_lev2/model01/Base (MeshCollider, on, layer 15), centre 75 m from the active vessel
[LOG 18:05:51.022] [KSPDiagColliders] collider localSpace/Kerbin/Kerbin/KSC/SpaceCenter/LaunchPad/Facility/Flag/flagPole_lev2/model01/Pole (MeshCollider, on, layer 15), centre 74 m from the active vessel
[LOG 18:05:51.048] [KSPDiagColliders] collider localSpace/Kerbin/Kerbin/KSC/SpaceCenter/Runway/Facility/runway_lev1_v2 (MeshCollider, on, layer 15), centre 731 m from the active vessel
[LOG 18:05:51.048] [KSPDiagColliders] collider localSpace/Kerbin/Kerbin/KSC/SpaceCenter/Crawlerway/Facility/crawler_level2 (MeshCollider, on, layer 15), centre 326 m from the active vessel
[LOG 18:05:51.048] [KSPDiagColliders] drawn within 300 m: 2 ground quad(s), 29 collider(s) of statics on, 0 switched off
[LOG 18:05:51.102] [UiApp] Awake: CurrencyWidgetsApp
[LOG 18:05:51.102] [UiApp] Awake: Contracts
[LOG 18:05:51.102] [UiApp] Awake: ResourceDisplay
[LOG 18:05:51.102] [UiApp] Awake: KSPedia
[LOG 18:05:51.102] [UiApp] Awake: Missions App
[LOG 18:05:51.102] [UiApp] Awake: DeltaVApp
[LOG 18:05:51.102] [UiApp] Awake: ActionGroupsApp
[LOG 18:05:51.102] [UiApp] Awake: Construction
[LOG 18:05:51.102] [UiApp] Awake: Cargo
[LOG 18:05:51.102] [UiApp] Awake: AlarmClock
[LOG 18:05:51.102] [UiApp] Awake: ManeuverTool
[LOG 18:05:51.102] [ApplicationLauncher] OnSceneLoadedGUIReady: scene FLIGHT ShouldBeVisible() True ShouldBeOnTop() True iIsPositionedAtTop False
[LOG 18:05:51.102] [ApplicationLauncher] SpawnSimpleLayout: VerticalTopDown
[LOG 18:05:51.106] [KnowledgeBase] OnAppLauncherReady 42639
[LOG 18:05:51.147] [FlightIntegrator]: Reloaded drag cube for zeroed cube root part mk1pod.v2 on vessel Diag3-Rocket
[LOG 18:05:51.147] [FlightIntegrator]: Vessel Diag3-Rocket has been unloaded 1.79769313486232E+308, applying analytic temperature 310.033554081265
[LOG 18:05:51.148] [MessageSystem] Reposition 0.02 42640
[LOG 18:05:51.148] [GenericAppFrame] Reposition 0.02 42640
[LOG 18:05:51.148] [GenericAppFrame] Reposition 0.02 42640
[LOG 18:05:51.244] [PlanetariumCamera]: Focus: Diag3-Rocket
[LOG 18:05:51.289] [UIApp] Adding ResourceDisplay to Application Launcher
[LOG 18:05:51.290] [UIApp] Adding ResourceDisplay to Application Launcher
[LOG 18:05:51.301] [ResourceDisplay] OnAppStarted(): id: -692664
[LOG 18:05:51.302] [GenericAppFrame] Reposition 0.1322042 42644
[LOG 18:05:51.303] [ResourceDisplay] OnAppStarted(): id: 344786
[LOG 18:05:51.303] ResourceDisplay already exist, destroying this instance
[LOG 18:05:51.303] [UIApp] OnDestroy: ResourceDisplay
[LOG 18:05:51.317] [UIApp] Adding AlarmClock to Application Launcher
[LOG 18:05:51.318] [UIApp] Adding ActionGroupsApp to Application Launcher
[LOG 18:05:51.319] [ApplicationLauncher] SetHidden: 
[LOG 18:05:51.320] [UIApp] Adding Missions App to Application Launcher
[LOG 18:05:51.321] [UIApp] Adding Contracts to Application Launcher
[LOG 18:05:51.322] CURRENCY WIDGET True True True
[LOG 18:05:51.322] [UIApp] Adding CurrencyWidgetsApp to Application Launcher
[LOG 18:05:51.351] [GenericAppFrame] Reposition 0.1620603 42646
[LOG 18:05:51.357] [ActionGroupsApp] OnAppStarted(): id: -692688
[LOG 18:05:51.357] [GenericAppFrame] Reposition 0.1620603 42646
[LOG 18:05:51.358] [UIApp] Adding DeltaVApp to Application Launcher
[LOG 18:05:51.360] [MissionsApp] OnAppStarted(): id: -692676
[LOG 18:05:51.360] MissionsApp does not execute in this game mode, destroying this instance
[LOG 18:05:51.360] [UIApp] OnDestroy: Missions App
[LOG 18:05:51.361] [GenericAppFrame] Reposition 0.1620603 42646
[LOG 18:05:51.374] [GenericAppFrame] Reposition 0.2020603 42647
[LOG 18:05:51.386] [UIApp] Adding Cargo to Application Launcher
[LOG 18:05:51.388] [UIApp] Adding Construction to Application Launcher
[LOG 18:05:51.389] [UIApp] Adding KSPedia to Application Launcher
[LOG 18:05:51.402] [ApplicationLauncher] SetHidden: 
[LOG 18:05:51.446] Flight State Captured
[LOG 18:05:51.446] Saving Achievements Tree...
[LOG 18:05:51.447] Saving Achievements Tree...
[LOG 18:05:51.448] [MessageSystem] Save Messages
[LOG 18:05:51.461] Game State Saved as persistent
[LOG 18:05:52.169] [Diag3-Rocket]: ground contact! - error. Moving Vessel  down -0.210m
[LOG 18:05:52.169] Unpacking Diag3-Rocket
[LOG 18:05:52.176] [UIMasterController]: ShowUI
[LOG 18:06:02.244] [KSPDiagColliders] under 'Diag3-Rocket' PRELAUNCH lat=-0.097179 lon=-74.557621: [LP_barsAlpha (LP_lev3 1) 4909.820 mm, active=True] [LP_main (LP_main) 4796.015 mm, active=True] [LP_main (LP_lev3 1) 4734.550 mm, active=True] [Kerbin Zn1232223323 (PQStorage) -199.791 mm, active=True]
[LOG 18:06:07.134] [KSP-MCPServer] Quitting KSP, as asked
[LOG 18:06:08.102] [UIApp] OnDestroy: CurrencyWidgetsApp
[LOG 18:06:08.104] [UIApp] OnDestroy: ResourceDisplay
[LOG 18:06:08.105] [PlanetariumCamera]: Focus: Kerbin
[LOG 18:06:08.139] KbApp.OnDestroy Planet Parameters
[LOG 18:06:08.163] [UIApp] OnDestroy: 
[LOG 18:06:08.172] [UIApp] OnDestroy: DeltaVApp
[LOG 18:06:08.172] [UIApp] OnDestroy: ActionGroupsApp
[LOG 18:06:08.173] KbApp.OnDestroy Planet Resources
[EXC 18:06:08.174] NullReferenceException
	UnityEngine.Component.GetComponent[T] () (at <12e76cd50cc64cf19e759e981cb725af>:0)
	DialogCanvasUtil.get_DialogCanvasRect () (at <4b449f2841f84227adfaad3149c8fdba>:0)
	CrewHatchController.get_CrewHatchTooltip () (at <4b449f2841f84227adfaad3149c8fdba>:0)
	CrewHatchController.HideTooltip () (at <4b449f2841f84227adfaad3149c8fdba>:0)
	CrewHatchController.DespawnUIs () (at <4b449f2841f84227adfaad3149c8fdba>:0)
	CrewHatchController.OnDestroy () (at <4b449f2841f84227adfaad3149c8fdba>:0)
	UnityEngine.DebugLogHandler:LogException(Exception, Object)
	ModuleManager.UnityLogHandle.InterceptLogHandler:LogException(Exception, Object)
	UnityEngine.Debug:CallOverridenDebugHandler(Exception, Object)
[LOG 18:06:08.174] [UIApp] OnDestroy: Construction
[LOG 18:06:08.175] [UIApp] OnDestroy: AlarmClock
[LOG 18:06:08.175] [UIApp] OnDestroy: ManeuverTool
[LOG 18:06:08.175] [UIApp] OnDestroy: Contracts
[LOG 18:06:08.177] KbApp.OnDestroy Vessel Info
[LOG 18:06:08.177] [UIApp] OnDestroy: Cargo
[LOG 18:06:08.209] KbApp.OnDestroy NullName
[LOG 18:06:08.210] [UIApp] OnDestroy: KSPedia
[LOG 18:06:08.210] KbApp.OnDestroy Planet Info
