[LOG 20:27:20.833] ******* Log Initiated for Kerbal Space Program - 1.12.5.3190 (WindowsPlayer x64) fr-fr *******
Kerbal Space Program - 1.12.5.3190 (WindowsPlayer x64) fr-fr


OS: Windows 10  (10.0.0) 64bit
CPU: Intel(R) Core(TM) i7-4790K CPU @ 4.00GHz (8)
RAM: 32687
GPU: NVIDIA GeForce GTX 1060 6GB (6029MB)
SM: 50 (Direct3D 11.0 [level 11.1])
RT Formats: ARGB32, Depth, ARGBHalf, Shadowmap, RGB565, ARGB4444, ARGB1555, Default, ARGB2101010, DefaultHDR, ARGB64, ARGBFloat, RGFloat, RGHalf, RFloat, RHalf, R8, ARGBInt, RGInt, RInt, BGRA32, RGB111110Float, RG32, RGBAUShort, RG16, BGRA10101010_XR, BGR101010_XR, R16


Log started: Wed, Oct 07, 2026 20:27:20


[LOG 20:27:20.853] ActionCanvas MASK: 3458764513820540928
[LOG 20:27:20.853] AppCanvas MASK: 3458764513820540928
[LOG 20:27:20.855] MainCanvas MASK: 3458764513820540928
[LOG 20:27:22.605] Load(Assembly): /ModuleManager.4.2.3
[LOG 20:27:22.605] AssemblyLoader: Loading assembly at D:\ksp-dev\GameData\ModuleManager.4.2.3.dll
[LOG 20:27:22.628] AssemblyLoader: KSPAssembly 'ModuleManager' V2.5.0
[LOG 20:27:22.628] Load(Assembly): 000_Harmony/0Harmony
[LOG 20:27:22.628] AssemblyLoader: Loading assembly at D:\ksp-dev\GameData\000_Harmony\0Harmony.dll
[LOG 20:27:22.631] Load(Assembly): 000_Harmony/HarmonyInstallChecker
[LOG 20:27:22.631] AssemblyLoader: Loading assembly at D:\ksp-dev\GameData\000_Harmony\HarmonyInstallChecker.dll
[LOG 20:27:22.632] AssemblyLoader: KSPAssembly 'HarmonyKSP' V1.0.0
[LOG 20:27:22.632] Load(Assembly): KSPCommunityFixes/Plugins/0_MultipleModuleInPartAPI
[LOG 20:27:22.632] AssemblyLoader: Loading assembly at D:\ksp-dev\GameData\KSPCommunityFixes\Plugins\0_MultipleModuleInPartAPI.dll
[LOG 20:27:22.634] AssemblyLoader: KSPAssembly 'MultipleModulePartAPI' V1.0.0
[LOG 20:27:22.634] Load(Assembly): KSPCommunityFixes/Plugins/KSPCommunityFixes
[LOG 20:27:22.634] AssemblyLoader: Loading assembly at D:\ksp-dev\GameData\KSPCommunityFixes\Plugins\KSPCommunityFixes.dll
[LOG 20:27:22.645] AssemblyLoader: KSPAssembly 'KSPCommunityFixes' V1.41.1
[LOG 20:27:22.645] AssemblyLoader: KSPAssemblyDependency 'HarmonyKSP' V1.0.0
[LOG 20:27:22.645] AssemblyLoader: KSPAssemblyDependency 'ModuleManager' V1.0.0
[LOG 20:27:22.645] AssemblyLoader: KSPAssemblyDependency 'MultipleModulePartAPI' V1.0.0
[LOG 20:27:22.645] Load(Assembly): KSPDiagColliders/KSPDiagColliders
[LOG 20:27:22.645] AssemblyLoader: Loading assembly at D:\ksp-dev\GameData\KSPDiagColliders\KSPDiagColliders.dll
[LOG 20:27:22.647] Load(Assembly): KSPMCPServer/KSPMCPServer
[LOG 20:27:22.647] AssemblyLoader: Loading assembly at D:\ksp-dev\GameData\KSPMCPServer\KSPMCPServer.dll
[LOG 20:27:22.650] AssemblyLoader: Loading assemblies
[LOG 20:27:22.745] VesselModules: Found VesselModule of type AxisGroupsModule with order 999
[LOG 20:27:22.792] VesselModules: Found VesselModule of type CometVessel with order 999
[LOG 20:27:22.794] VesselModules: Found VesselModule of type SuspensionLoadBalancer with order 999
[LOG 20:27:22.795] VesselModules: Found VesselModule of type FlightIntegrator with order 0
[LOG 20:27:22.798] VesselModules: Found VesselModule of type CommNetVessel with order 999
[LOG 20:27:22.803] VesselModules: Found 5 VesselModule types
[LOG 20:27:22.812] 
************************************************************************

Environment Info
Win32NT 7FFFFFFFFFFFFFFF  Args: KSP_x64.exe 

Mod DLLs found:
Stock assembly: Assembly-CSharp v0.0.0.0
ModuleManager v4.2.3.0
0Harmony v2.2.1.0
HarmonyInstallChecker v2.2.1.0
0_MultipleModuleInPartAPI v1.0.0.0 / v1.0.0+7969fdc50bf4e350193abe5ba2e89533b12ca02f
KSPCommunityFixes v1.41.0.0 / v1.41.1+7969fdc50bf4e350193abe5ba2e89533b12ca02f / v1.41.1.0
KSPDiagColliders v1.0.9774.39745
KSPMCPServer v0.0.0.0

Folders and files in GameData:
000_Harmony
KSPCommunityFixes
KSPDiagColliders
KSPMCPServer
Stock folder: Squad

Stock folder: SquadExpansion

ModuleManager.4.2.3.dll
ModuleManager.ConfigCache
ModuleManager.ConfigSHA
ModuleManager.Physics
ModuleManager.TechTree

************************************************************************

[LOG 20:27:22.833] [AddonLoader]: Instantiating addon 'ModuleManager' from assembly 'ModuleManager'
[LOG 20:27:22.847] [ModuleManager] Adding post patch to the loading screen 4
[LOG 20:27:22.849] [ModuleManager] Patching started on a new thread, all output will be directed to D:\ksp-dev\Logs\ModuleManager\ModuleManager.log
[LOG 20:27:22.853] [AddonLoader]: Instantiating addon 'HarmonyInstallChecker' from assembly 'HarmonyKSP'
[LOG 20:27:22.854] [AddonLoader]: Instantiating addon 'KSPCommunityFixes' from assembly 'KSPCommunityFixes'
[LOG 20:27:22.855] [AddonLoader]: Instantiating addon 'NoIVA' from assembly 'KSPCommunityFixes'
[LOG 20:27:22.856] [AddonLoader]: Instantiating addon 'ConfigNodePerf' from assembly 'KSPCommunityFixes'
[LOG 20:27:23.112] [AddonLoader]: Instantiating addon 'KSPCFFastLoader' from assembly 'KSPCommunityFixes'
[LOG 20:27:23.115] [KSPCF] Injecting FastLoader...
[LOG 20:27:23.142] [KSPCommunityFixes] Patch GameDatabasePerf applied.
[LOG 20:27:23.241] [AddonLoader]: Instantiating addon 'ReflectionTypeLoadExceptionHandler' from assembly 'KSPCommunityFixes'
[LOG 20:27:23.244] [AddonLoader]: Instantiating addon 'KSPMCPServerMod' from assembly 'KSPMCPServer'
[LOG 20:27:23.415] [KSP-MCPServer] Tool colliders_log_under_crafts from KSPDiagColliders (com.github.lhervier.ksp.diag.colliders.McpTools.LogUnderCrafts)
[LOG 20:27:23.415] [KSP-MCPServer] Tool colliders_move_window from KSPDiagColliders (com.github.lhervier.ksp.diag.colliders.McpTools.MoveWindow)
[LOG 20:27:23.415] [KSP-MCPServer] Tool colliders_show_window from KSPDiagColliders (com.github.lhervier.ksp.diag.colliders.McpTools.ShowWindow)
[LOG 20:27:23.430] [KSP-MCPServer] Listening on http://127.0.0.1:8770/mcp/ with 42 tools
[LOG 20:27:24.899] [KSPCF] Taking over stock loader. An exception will follow, this is intended.
[EXC 20:27:24.904] Exception: Terminating stock loader coroutine, this is intended and not an error
	KSPCommunityFixes.Performance.KSPCFFastLoader.GameDatabase_SetupMainLoaders_Prefix () (at <62bb7f5420994f409a34377c091e8538>:0)
	(wrapper dynamic-method) GameDatabase.GameDatabase.SetupMainLoaders_Patch1(GameDatabase)
	GameDatabase+<LoadObjects>d__90.MoveNext () (at <4b449f2841f84227adfaad3149c8fdba>:0)
	UnityEngine.SetupCoroutine.InvokeMoveNext (System.Collections.IEnumerator enumerator, System.IntPtr returnValueAddress) (at <12e76cd50cc64cf19e759e981cb725af>:0)
	UnityEngine.DebugLogHandler:LogException(Exception, Object)
	ModuleManager.UnityLogHandle.InterceptLogHandler:LogException(Exception, Object)
	UnityEngine.MonoBehaviour:StartCoroutine(IEnumerator)
	<CreateDatabase>d__71:MoveNext()
	UnityEngine.MonoBehaviour:StartCoroutine(IEnumerator)
	GameDatabase:StartLoad()
	<LoadSystems>d__11:MoveNext()
	UnityEngine.MonoBehaviour:StartCoroutine(IEnumerator)
	LoadingScreen:Start()
[LOG 20:27:25.095] Preloading Asset Bundle Definitions
[LOG 20:27:25.437] Load Audio: Squad/Alarms/Sounds/Chirps
[LOG 20:27:25.446] Load Audio: Squad/Alarms/Sounds/Classic
[LOG 20:27:25.447] Load Audio: Squad/Alarms/Sounds/ClockTower
[LOG 20:27:25.447] Load Audio: Squad/Alarms/Sounds/ComputerGlass1
[LOG 20:27:25.447] Load Audio: Squad/Alarms/Sounds/ComputerGlass2
[LOG 20:27:25.447] Load Audio: Squad/Alarms/Sounds/ComputerShort
[LOG 20:27:25.447] Load Audio: Squad/Alarms/Sounds/ComputerTriad
[LOG 20:27:25.447] Load Audio: Squad/Alarms/Sounds/DoorBell
[LOG 20:27:25.448] Load Audio: Squad/Alarms/Sounds/Glass
[LOG 20:27:25.448] Load Audio: Squad/Alarms/Sounds/Klaxon
[LOG 20:27:25.448] Load Audio: Squad/Alarms/Sounds/Mobile
[LOG 20:27:25.448] Load Audio: Squad/Alarms/Sounds/Morning
[LOG 20:27:25.448] Load Audio: Squad/Alarms/Sounds/OldClock
[LOG 20:27:25.448] Load Audio: Squad/Alarms/Sounds/OldHorn
[LOG 20:27:25.448] Load Audio: Squad/Alarms/Sounds/Ripple
[LOG 20:27:25.449] Load Audio: Squad/Sounds/editorLoop01
[LOG 20:27:25.449] Load Audio: Squad/Sounds/elev_loop
[LOG 20:27:25.449] Load Audio: Squad/Sounds/elev_start
[LOG 20:27:25.449] Load Audio: Squad/Sounds/elev_stop
[LOG 20:27:25.449] Load Audio: Squad/Sounds/fireworks_explosion_2
[LOG 20:27:25.449] Load Audio: Squad/Sounds/fireworks_explosion_3
[LOG 20:27:25.450] Load Audio: Squad/Sounds/fireworks_explosion_4
[LOG 20:27:25.450] Load Audio: Squad/Sounds/fireworks_launch_boom
[LOG 20:27:25.450] Load Audio: Squad/Sounds/fireworks_only_crackle_crackle_1
[LOG 20:27:25.450] Load Audio: Squad/Sounds/fireworks_only_crackle_dragon_1
[LOG 20:27:26.161] Load Audio: Squad/Sounds/fireworks_only_crackle_palm_1
[LOG 20:27:26.161] Load Audio: Squad/Sounds/fireworks_whistle
[LOG 20:27:26.161] Load Audio: Squad/Sounds/ksp1_banana_V2_01
[LOG 20:27:26.162] Load Audio: Squad/Sounds/ksp1_banana_V2_04
[LOG 20:27:26.162] Load Audio: Squad/Sounds/ksp1_banana_V2_05
[LOG 20:27:26.162] Load Audio: Squad/Sounds/ksp1_golf_swing_normal
[LOG 20:27:26.162] Load Audio: Squad/Sounds/ksp1_ground_anchor_v2_1
[LOG 20:27:26.162] Load Audio: Squad/Sounds/ksp1_strunts_disconnect_v3_pitched2
[LOG 20:27:26.162] Load Audio: Squad/Sounds/repairKit_repair1
[LOG 20:27:26.163] Load Audio: Squad/Sounds/repairKit_repair2
[LOG 20:27:26.163] Load Audio: Squad/Sounds/sound_ambience_nature
[LOG 20:27:26.163] Load Audio: Squad/Sounds/sound_click_flick
[LOG 20:27:26.163] Load Audio: Squad/Sounds/sound_click_latch
[LOG 20:27:26.163] Load Audio: Squad/Sounds/sound_click_sharp
[LOG 20:27:26.163] Load Audio: Squad/Sounds/sound_click_tick
[LOG 20:27:26.164] Load Audio: Squad/Sounds/sound_click_tock
[LOG 20:27:26.164] Load Audio: Squad/Sounds/sound_decoupler_fire
[LOG 20:27:26.164] Load Audio: Squad/Sounds/sound_delete_bin
[LOG 20:27:26.164] Load Audio: Squad/Sounds/sound_explosion_debris1
[LOG 20:27:26.164] Load Audio: Squad/Sounds/sound_explosion_debris2
[LOG 20:27:26.164] Load Audio: Squad/Sounds/sound_explosion_large
[LOG 20:27:26.164] Load Audio: Squad/Sounds/sound_rocket_mini
[LOG 20:27:26.165] Load Audio: Squad/Sounds/sound_rocket_spurts
[LOG 20:27:26.165] Load Audio: Squad/Sounds/sound_servomotor
[LOG 20:27:26.165] Load Audio: Squad/Sounds/sound_tab_extend
[LOG 20:27:26.174] Load Audio: Squad/Sounds/sound_tab_retreat
[LOG 20:27:26.174] Load Audio: SquadExpansion/Serenity/Sounds/robo_arm_large_end
[LOG 20:27:26.174] Load Audio: SquadExpansion/Serenity/Sounds/robo_arm_large_motor_00
[LOG 20:27:26.174] Load Audio: SquadExpansion/Serenity/Sounds/robo_arm_large_scan
[LOG 20:27:26.175] Load Audio: SquadExpansion/Serenity/Sounds/robo_arm_large_start
[LOG 20:27:26.175] Load Audio: SquadExpansion/Serenity/Sounds/robo_arm_medium_end
[LOG 20:27:26.175] Load Audio: SquadExpansion/Serenity/Sounds/robo_arm_medium_motor_00
[LOG 20:27:26.175] Load Audio: SquadExpansion/Serenity/Sounds/robo_arm_medium_scan
[LOG 20:27:26.175] Load Audio: SquadExpansion/Serenity/Sounds/robo_arm_medium_start
[LOG 20:27:26.175] Load Audio: SquadExpansion/Serenity/Sounds/robo_arm_small_end
[LOG 20:27:26.176] Load Audio: SquadExpansion/Serenity/Sounds/robo_arm_small_motor_00
[LOG 20:27:26.176] Load Audio: SquadExpansion/Serenity/Sounds/robo_arm_small_scan
[LOG 20:27:26.176] Load Audio: SquadExpansion/Serenity/Sounds/robo_arm_small_start
[LOG 20:27:26.176] Load Audio: SquadExpansion/Serenity/Sounds/sfx_cryoVolcano_burst
[LOG 20:27:26.176] Load Audio: SquadExpansion/Serenity/Sounds/sfx_cryoVolcano_idle
[LOG 20:27:26.177] Load Audio: SquadExpansion/Serenity/Sounds/sfx_deployable_booster_antena_end
[LOG 20:27:26.177] Load Audio: SquadExpansion/Serenity/Sounds/sfx_deployable_booster_antena_start
[LOG 20:27:26.177] Load Audio: SquadExpansion/Serenity/Sounds/sfx_deployable_central_station_end
[LOG 20:27:26.177] Load Audio: SquadExpansion/Serenity/Sounds/sfx_deployable_central_station_loop
[LOG 20:27:26.177] Load Audio: SquadExpansion/Serenity/Sounds/sfx_deployable_central_station_start
[LOG 20:27:26.177] Load Audio: SquadExpansion/Serenity/Sounds/sfx_deployable_detector_end
[LOG 20:27:26.178] Load Audio: SquadExpansion/Serenity/Sounds/sfx_deployable_detector_start
[LOG 20:27:26.178] Load Audio: SquadExpansion/Serenity/Sounds/sfx_deployable_GoObEd_end
[LOG 20:27:26.178] Load Audio: SquadExpansion/Serenity/Sounds/sfx_deployable_GoObEd_loop
[LOG 20:27:26.178] Load Audio: SquadExpansion/Serenity/Sounds/sfx_deployable_GoObEd_start
[LOG 20:27:26.216] Load Audio: SquadExpansion/Serenity/Sounds/sfx_deployable_rtg_end
[LOG 20:27:26.216] Load Audio: SquadExpansion/Serenity/Sounds/sfx_deployable_rtg_start
[LOG 20:27:26.216] Load Audio: SquadExpansion/Serenity/Sounds/sfx_deployable_seismometer_end
[LOG 20:27:26.217] Load Audio: SquadExpansion/Serenity/Sounds/sfx_deployable_seismometer_start
[LOG 20:27:26.217] Load Audio: SquadExpansion/Serenity/Sounds/sfx_deployable_solar_panel_end
[LOG 20:27:26.217] Load Audio: SquadExpansion/Serenity/Sounds/sfx_deployable_solar_panel_start
[LOG 20:27:26.217] Load Audio: SquadExpansion/Serenity/Sounds/sfx_deployable_weather_station_end
[LOG 20:27:26.217] Load Audio: SquadExpansion/Serenity/Sounds/sfx_deployable_weather_station_loop
[LOG 20:27:26.217] Load Audio: SquadExpansion/Serenity/Sounds/sfx_deployable_weather_station_start
[LOG 20:27:26.218] Load Audio: SquadExpansion/Serenity/Sounds/sfx_geyser_burst
[LOG 20:27:26.218] Load Audio: SquadExpansion/Serenity/Sounds/sfx_geyser_idle
[LOG 20:27:26.250] Load DDS texture: KSPCommunityFixes/MMPatches/StockTweaks/Icons/Clamp-O-Tron
[LOG 20:27:26.254] Load TRUECOLOR texture: KSPCommunityFixes/MMPatches/StockTweaks/Icons/Clamp-O-Tron_scaled
[LOG 20:27:26.255] Load DDS texture: KSPCommunityFixes/MMPatches/StockTweaks/Icons/FreeFallParachutes
[LOG 20:27:26.255] Load TRUECOLOR texture: KSPCommunityFixes/MMPatches/StockTweaks/Icons/FreeFallParachutes_scaled
[LOG 20:27:26.256] Load DDS texture: KSPCommunityFixes/MMPatches/StockTweaks/Icons/LightYearTireCompany
[LOG 20:27:26.256] Load TRUECOLOR texture: KSPCommunityFixes/MMPatches/StockTweaks/Icons/LightYearTireCompany_scaled
[LOG 20:27:26.256] Load DDS texture: KSPCommunityFixes/MMPatches/StockTweaks/Icons/StratusCorporation
[LOG 20:27:26.256] Load TRUECOLOR texture: KSPCommunityFixes/MMPatches/StockTweaks/Icons/StratusCorporation_scaled
[LOG 20:27:26.257] Load DDS texture: Squad/Agencies/C7AerospaceDivision
[LOG 20:27:26.257] Load TRUECOLOR texture: Squad/Agencies/C7AerospaceDivision_scaled
[LOG 20:27:26.257] Load DDS texture: Squad/Agencies/DinkelsteinKermansConstructionEmporium
[LOG 20:27:26.258] Load TRUECOLOR texture: Squad/Agencies/DinkelsteinKermansConstructionEmporium_scaled
[LOG 20:27:26.258] Load DDS texture: Squad/Agencies/ExperimentalEngineering
[LOG 20:27:26.258] Load TRUECOLOR texture: Squad/Agencies/ExperimentalEngineering_scaled
[LOG 20:27:26.258] Load DDS texture: Squad/Agencies/FlooydResearchLab
[LOG 20:27:26.258] Load TRUECOLOR texture: Squad/Agencies/FlooydResearchLab_scaled
[LOG 20:27:26.259] Load DDS texture: Squad/Agencies/GoliathNationalProducts
[LOG 20:27:26.259] Load TRUECOLOR texture: Squad/Agencies/GoliathNationalProducts_scaled
[LOG 20:27:26.259] Load DDS texture: Squad/Agencies/IntegratedIntegrals
[LOG 20:27:26.260] Load TRUECOLOR texture: Squad/Agencies/IntegratedIntegrals_scaled
[LOG 20:27:26.260] Load DDS texture: Squad/Agencies/IonicSymphonicProtonicElectronics
[LOG 20:27:26.261] Load TRUECOLOR texture: Squad/Agencies/IonicSymphonicProtonicElectronics_scaled
[LOG 20:27:26.261] Load DDS texture: Squad/Agencies/JebsJunkyard
[LOG 20:27:26.262] Load TRUECOLOR texture: Squad/Agencies/JebsJunkyard_scaled
[LOG 20:27:26.262] Load DDS texture: Squad/Agencies/KerbalMotion
[LOG 20:27:26.263] Load TRUECOLOR texture: Squad/Agencies/KerbalMotion_scaled
[LOG 20:27:26.263] Load DDS texture: Squad/Agencies/KerbinWorldFirstRecordKeepingSociety
[LOG 20:27:26.263] Load TRUECOLOR texture: Squad/Agencies/KerbinWorldFirstRecordKeepingSociety_scaled
[LOG 20:27:26.263] Load DDS texture: Squad/Agencies/Kerbodyne
[LOG 20:27:26.263] Load TRUECOLOR texture: Squad/Agencies/Kerbodyne_scaled
[LOG 20:27:26.264] Load DDS texture: Squad/Agencies/Kerlington
[LOG 20:27:26.264] Load TRUECOLOR texture: Squad/Agencies/Kerlington_scaled
[LOG 20:27:26.264] Load DDS texture: Squad/Agencies/MaxoConstructionToys
[LOG 20:27:26.265] Load TRUECOLOR texture: Squad/Agencies/MaxoConstructionToys_scaled
[LOG 20:27:26.265] Load DDS texture: Squad/Agencies/MovingPartsExpertsGroup
[LOG 20:27:26.265] Load TRUECOLOR texture: Squad/Agencies/MovingPartsExpertsGroup_scaled
[LOG 20:27:26.266] Load DDS texture: Squad/Agencies/OMBDemolition
[LOG 20:27:26.266] Load TRUECOLOR texture: Squad/Agencies/OMBDemolition_scaled
[LOG 20:27:26.266] Load DDS texture: Squad/Agencies/PeriapsisCo
[LOG 20:27:26.267] Load TRUECOLOR texture: Squad/Agencies/PeriapsisCo_scaled
[LOG 20:27:26.267] Load DDS texture: Squad/Agencies/Probodobodyne
[LOG 20:27:26.267] Load TRUECOLOR texture: Squad/Agencies/Probodobodyne_scaled
[LOG 20:27:26.267] Load DDS texture: Squad/Agencies/R&D
[LOG 20:27:26.268] Load TRUECOLOR texture: Squad/Agencies/R&D_scaled
[LOG 20:27:26.268] Load DDS texture: Squad/Agencies/ReactionSystemsLtd
[LOG 20:27:26.268] Load TRUECOLOR texture: Squad/Agencies/ReactionSystemsLtd_scaled
[LOG 20:27:26.268] Load DDS texture: Squad/Agencies/Rockomax
[LOG 20:27:26.269] Load TRUECOLOR texture: Squad/Agencies/Rockomax_scaled
[LOG 20:27:26.270] Load DDS texture: Squad/Agencies/Rokea
[LOG 20:27:26.270] Load TRUECOLOR texture: Squad/Agencies/Rokea_scaled
[LOG 20:27:26.271] Load DDS texture: Squad/Agencies/SeansCannery
[LOG 20:27:26.271] Load TRUECOLOR texture: Squad/Agencies/SeansCannery_scaled
[LOG 20:27:26.271] Load DDS texture: Squad/Agencies/SteadlerEngineeringCorps
[LOG 20:27:26.272] Load TRUECOLOR texture: Squad/Agencies/SteadlerEngineeringCorps_scaled
[LOG 20:27:26.272] Load DDS texture: Squad/Agencies/StrutCo
[LOG 20:27:26.272] Load TRUECOLOR texture: Squad/Agencies/StrutCo_scaled
[LOG 20:27:26.272] Load DDS texture: Squad/Agencies/Vac-Co
[LOG 20:27:26.273] Load TRUECOLOR texture: Squad/Agencies/Vac-Co_scaled
[LOG 20:27:26.273] Load DDS texture: Squad/Agencies/WinterOwl
[LOG 20:27:26.276] Load TRUECOLOR texture: Squad/Agencies/WinterOwl_scaled
[LOG 20:27:26.276] Load DDS texture: Squad/Agencies/ZaltonicElectronics
[LOG 20:27:26.276] Load TRUECOLOR texture: Squad/Agencies/ZaltonicElectronics_scaled
[LOG 20:27:26.277] Load Cached PNG Texture: Squad/Alarms/Icons/ap
[LOG 20:27:26.277] Load Cached PNG Texture: Squad/Alarms/Icons/default
[LOG 20:27:26.277] Load Cached PNG Texture: Squad/Alarms/Icons/maneuver
[LOG 20:27:26.277] Load Cached PNG Texture: Squad/Alarms/Icons/pe
[LOG 20:27:26.278] Load Cached PNG Texture: Squad/Alarms/Icons/raw
[LOG 20:27:26.278] Load Cached PNG Texture: Squad/Alarms/Icons/soi
[LOG 20:27:26.278] Load Cached PNG Texture: Squad/Alarms/Icons/xfer
[LOG 20:27:26.279] Load DDS texture: Squad/Contracts/Icons/balloon
[LOG 20:27:26.279] Load DDS texture: Squad/Contracts/Icons/custom
[LOG 20:27:26.280] Load DDS texture: Squad/Contracts/Icons/default
[LOG 20:27:26.280] Load DDS texture: Squad/Contracts/Icons/dish
[LOG 20:27:26.286] Load DDS texture: Squad/Contracts/Icons/eva
[LOG 20:27:26.286] Load DDS texture: Squad/Contracts/Icons/gravity
[LOG 20:27:26.286] Load Cached PNG Texture: Squad/Contracts/Icons/ksc
[LOG 20:27:26.287] Load DDS texture: Squad/Contracts/Icons/launchsite
[LOG 20:27:26.287] Load DDS texture: Squad/Contracts/Icons/marker
[LOG 20:27:26.287] Load DDS texture: Squad/Contracts/Icons/pressure
[LOG 20:27:26.287] Load DDS texture: Squad/Contracts/Icons/report
[LOG 20:27:26.287] Load DDS texture: Squad/Contracts/Icons/runway
[LOG 20:27:26.287] Load DDS texture: Squad/Contracts/Icons/sample
[LOG 20:27:26.287] Load DDS texture: Squad/Contracts/Icons/seismic
[LOG 20:27:26.287] Load DDS texture: Squad/Contracts/Icons/thermometer
[LOG 20:27:26.287] Load DDS texture: Squad/Contracts/Icons/vessel
[LOG 20:27:26.287] Load Cached PNG Texture: Squad/Flags/09
[LOG 20:27:26.287] Load Cached PNG Texture: Squad/Flags/blorbs
[LOG 20:27:26.288] Load Cached PNG Texture: Squad/Flags/bullseye
[LOG 20:27:26.288] Load Cached PNG Texture: Squad/Flags/capsule
[LOG 20:27:26.288] Load Cached PNG Texture: Squad/Flags/circles
[LOG 20:27:26.288] Load Cached PNG Texture: Squad/Flags/default
[LOG 20:27:26.288] Load Cached PNG Texture: Squad/Flags/hexagon
[LOG 20:27:26.288] Load Cached PNG Texture: Squad/Flags/hexagonCircles
[LOG 20:27:26.288] Load Cached PNG Texture: Squad/Flags/kerbal1
[LOG 20:27:26.289] Load Cached PNG Texture: Squad/Flags/kerbal2
[LOG 20:27:26.289] Load Cached PNG Texture: Squad/Flags/kerbin
[LOG 20:27:26.289] Load Cached PNG Texture: Squad/Flags/kerbinmunflag
[LOG 20:27:26.290] Load Cached PNG Texture: Squad/Flags/line
[LOG 20:27:26.290] Load Cached PNG Texture: Squad/Flags/minimalistic
[LOG 20:27:26.290] Load Cached PNG Texture: Squad/Flags/orbit
[LOG 20:27:26.290] Load Cached PNG Texture: Squad/Flags/orbs
[LOG 20:27:26.291] Load Cached PNG Texture: Squad/Flags/retro
[LOG 20:27:26.291] Load Cached PNG Texture: Squad/Flags/rings
[LOG 20:27:26.291] Load Cached PNG Texture: Squad/Flags/rocketScience
[LOG 20:27:26.292] Load Cached PNG Texture: Squad/Flags/satellite
[LOG 20:27:26.292] Load Cached PNG Texture: Squad/Flags/Sentinel_Flag
[LOG 20:27:26.293] Load Cached PNG Texture: Squad/Flags/spheres
[LOG 20:27:26.294] Load Cached PNG Texture: Squad/Flags/squadLogo
[LOG 20:27:26.294] Load Cached PNG Texture: Squad/Flags/squadLogo2
[LOG 20:27:26.295] Load Cached PNG Texture: Squad/Flags/stripes
[LOG 20:27:26.296] Load Cached PNG Texture: Squad/Flags/trees
[LOG 20:27:26.296] Load Cached PNG Texture: Squad/Flags/trippy
[LOG 20:27:26.297] Load Cached PNG Texture: Squad/FlagsAgency/esa_dark_blue
[LOG 20:27:26.297] Load Cached PNG Texture: Squad/FlagsAgency/NASA
[LOG 20:27:26.298] Load Cached PNG Texture: Squad/FlagsAgency/uk_space_agency
[LOG 20:27:26.298] Load Cached PNG Texture: Squad/FlagsOrganization/B612_Foundation_flag
[LOG 20:27:26.299] Load Cached PNG Texture: Squad/FlagsOrganization/electron
[LOG 20:27:26.299] Load Cached PNG Texture: Squad/FlagsOrganization/ESA_Arianespace
[LOG 20:27:26.301] Load Cached PNG Texture: Squad/FlagsOrganization/rocketlab
[LOG 20:27:26.301] Load DDS texture: Squad/FX/DiamondBlue
[LOG 20:27:26.301] Load DDS texture: Squad/FX/FlameBlueOrange
[LOG 20:27:26.302] Load DDS texture: Squad/FX/FlamePurple
[LOG 20:27:26.302] Load DDS texture: Squad/FX/FlameRed
[LOG 20:27:26.303] Load DDS texture: Squad/FX/FlameRedOrange
[LOG 20:27:26.304] Load DDS texture: Squad/FX/Monoprop
[LOG 20:27:26.304] Load DDS texture: Squad/FX/plasma2
[LOG 20:27:26.304] Load DDS texture: Squad/FX/rocketplume2
[LOG 20:27:26.304] Load DDS texture: Squad/FX/shockDiamond2
[LOG 20:27:26.304] Load DDS texture: Squad/FX/smokepuff1
[LOG 20:27:26.308] Load DDS texture: Squad/Interiors/Administration/AdminBuilding_Lvl1
[LOG 20:27:26.320] Load DDS texture: Squad/Interiors/Administration/AdminBuilding_Lvl2
[LOG 20:27:26.325] Load DDS texture: Squad/Interiors/Administration/AdminBuilding_Lvl3
[LOG 20:27:26.335] Load DDS texture: Squad/MenuProps/MunOrBust
[LOG 20:27:26.338] Load Cached PNG Texture: Squad/Missions/Banners/Fail/default
[LOG 20:27:26.338] Load PNG texture: Squad/Missions/Banners/Menu/default
[WRN 20:27:26.344] Texture isn't eligible for DXT compression, width and height must be multiples of 4
[LOG 20:27:26.344] Load Cached PNG Texture: Squad/Missions/Banners/Success/default
[LOG 20:27:26.344] Load PNG texture: Squad/Missions/ESA-BepiColombo/Banners/Fail/ESA_MB_Fail_01
[WRN 20:27:26.348] Texture isn't eligible for DXT compression, width and height must be multiples of 4
[LOG 20:27:26.349] Load PNG texture: Squad/Missions/ESA-BepiColombo/Banners/Menu/ESA_MB_Select_01
[WRN 20:27:26.353] Texture isn't eligible for DXT compression, width and height must be multiples of 4
[LOG 20:27:26.354] Load PNG texture: Squad/Missions/ESA-BepiColombo/Banners/Success/ESA_MB_Success_01
[WRN 20:27:26.359] Texture isn't eligible for DXT compression, width and height must be multiples of 4
[LOG 20:27:26.359] Load PNG texture: Squad/Missions/ESA-BepiColombo-Short/Banners/Fail/ESA_MB_Fail_01
[WRN 20:27:26.363] Texture isn't eligible for DXT compression, width and height must be multiples of 4
[LOG 20:27:26.363] Load PNG texture: Squad/Missions/ESA-BepiColombo-Short/Banners/Menu/ESA_MB_Select_01
[WRN 20:27:26.367] Texture isn't eligible for DXT compression, width and height must be multiples of 4
[LOG 20:27:26.367] Load PNG texture: Squad/Missions/ESA-BepiColombo-Short/Banners/Success/ESA_MB_Success_01
[WRN 20:27:26.373] Texture isn't eligible for DXT compression, width and height must be multiples of 4
[LOG 20:27:26.377] Load PNG texture: Squad/Missions/ESA-Rosetta/Banners/Fail/ESA_MB_Fail_02
[WRN 20:27:26.382] Texture isn't eligible for DXT compression, width and height must be multiples of 4
[LOG 20:27:26.382] Load PNG texture: Squad/Missions/ESA-Rosetta/Banners/Menu/ESA_MB_Select_02
[WRN 20:27:26.386] Texture isn't eligible for DXT compression, width and height must be multiples of 4
[LOG 20:27:26.386] Load PNG texture: Squad/Missions/ESA-Rosetta/Banners/Success/ESA_MB_Success_02
[WRN 20:27:26.391] Texture isn't eligible for DXT compression, width and height must be multiples of 4
[LOG 20:27:26.391] Load Cached PNG Texture: Squad/PartList/SimpleIcons/ablator
[LOG 20:27:26.391] Load Cached PNG Texture: Squad/PartList/SimpleIcons/active_radiator
[LOG 20:27:26.391] Load Cached PNG Texture: Squad/PartList/SimpleIcons/asteroid_drill
[LOG 20:27:26.391] Load Cached PNG Texture: Squad/PartList/SimpleIcons/cargo_part
[LOG 20:27:26.391] Load Cached PNG Texture: Squad/PartList/SimpleIcons/comet_drill
[LOG 20:27:26.392] Load Cached PNG Texture: Squad/PartList/SimpleIcons/core_heat
[LOG 20:27:26.392] Load Cached PNG Texture: Squad/PartList/SimpleIcons/cs_main
[LOG 20:27:26.392] Load Cached PNG Texture: Squad/PartList/SimpleIcons/cs_mk2
[LOG 20:27:26.392] Load Cached PNG Texture: Squad/PartList/SimpleIcons/cs_mk3
[LOG 20:27:26.392] Load Cached PNG Texture: Squad/PartList/SimpleIcons/cs_size0
[LOG 20:27:26.392] Load Cached PNG Texture: Squad/PartList/SimpleIcons/cs_size1
[LOG 20:27:26.392] Load Cached PNG Texture: Squad/PartList/SimpleIcons/cs_size1p5
[LOG 20:27:26.392] Load Cached PNG Texture: Squad/PartList/SimpleIcons/cs_size2
[LOG 20:27:26.393] Load Cached PNG Texture: Squad/PartList/SimpleIcons/cs_size3
[LOG 20:27:26.393] Load Cached PNG Texture: Squad/PartList/SimpleIcons/cs_size4
[LOG 20:27:26.393] Load Cached PNG Texture: Squad/PartList/SimpleIcons/cs_surface
[LOG 20:27:26.393] Load Cached PNG Texture: Squad/PartList/SimpleIcons/custom_built_fairing
[LOG 20:27:26.393] Load Cached PNG Texture: Squad/PartList/SimpleIcons/deployable_antenna
[LOG 20:27:26.393] Load Cached PNG Texture: Squad/PartList/SimpleIcons/deployable_comms_part
[LOG 20:27:26.393] Load Cached PNG Texture: Squad/PartList/SimpleIcons/deployable_ground_part
[LOG 20:27:26.393] Load Cached PNG Texture: Squad/PartList/SimpleIcons/deployable_part
[LOG 20:27:26.394] Load Cached PNG Texture: Squad/PartList/SimpleIcons/deployable_radiator
[LOG 20:27:26.394] Load Cached PNG Texture: Squad/PartList/SimpleIcons/deployed_science_control_unit
[LOG 20:27:26.394] Load Cached PNG Texture: Squad/PartList/SimpleIcons/deployed_science_experiment
[LOG 20:27:26.394] Load Cached PNG Texture: Squad/PartList/SimpleIcons/deployed_science_part
[LOG 20:27:26.394] Load Cached PNG Texture: Squad/PartList/SimpleIcons/enviro_sensor
[LOG 20:27:26.394] Load Cached PNG Texture: Squad/PartList/SimpleIcons/experience_management
[LOG 20:27:26.395] Load Cached PNG Texture: Squad/PartList/SimpleIcons/fuels_monopropellant
[LOG 20:27:26.395] Load Cached PNG Texture: Squad/PartList/SimpleIcons/fuels_ore
[LOG 20:27:26.395] Load Cached PNG Texture: Squad/PartList/SimpleIcons/fuels_oxidizer
[LOG 20:27:26.395] Load Cached PNG Texture: Squad/PartList/SimpleIcons/fuels_solidfuel
[LOG 20:27:26.395] Load Cached PNG Texture: Squad/PartList/SimpleIcons/fuels_xenongas
[LOG 20:27:26.395] Load Cached PNG Texture: Squad/PartList/SimpleIcons/inventory_part
[LOG 20:27:26.395] Load Cached PNG Texture: Squad/PartList/SimpleIcons/kerbnet_access
[LOG 20:27:26.396] Load Cached PNG Texture: Squad/PartList/SimpleIcons/number1
[LOG 20:27:26.396] Load Cached PNG Texture: Squad/PartList/SimpleIcons/number2
[LOG 20:27:26.396] Load Cached PNG Texture: Squad/PartList/SimpleIcons/number3
[LOG 20:27:26.396] Load Cached PNG Texture: Squad/PartList/SimpleIcons/number4
[LOG 20:27:26.396] Load Cached PNG Texture: Squad/PartList/SimpleIcons/number5
[LOG 20:27:26.396] Load Cached PNG Texture: Squad/PartList/SimpleIcons/number6
[LOG 20:27:26.397] Load Cached PNG Texture: Squad/PartList/SimpleIcons/number7
[LOG 20:27:26.397] Load Cached PNG Texture: Squad/PartList/SimpleIcons/number8
[LOG 20:27:26.397] Load Cached PNG Texture: Squad/PartList/SimpleIcons/number9
[LOG 20:27:26.397] Load Cached PNG Texture: Squad/PartList/SimpleIcons/probe_control_unit
[LOG 20:27:26.397] Load Cached PNG Texture: Squad/PartList/SimpleIcons/R&D_node_icon_advaerodynamics
[LOG 20:27:26.397] Load Cached PNG Texture: Squad/PartList/SimpleIcons/R&D_node_icon_advancedmotors
[LOG 20:27:26.397] Load Cached PNG Texture: Squad/PartList/SimpleIcons/R&D_node_icon_advconstruction
[LOG 20:27:26.398] Load Cached PNG Texture: Squad/PartList/SimpleIcons/R&D_node_icon_advelectrics
[LOG 20:27:26.398] Load Cached PNG Texture: Squad/PartList/SimpleIcons/R&D_node_icon_advexploration
[LOG 20:27:26.398] Load Cached PNG Texture: Squad/PartList/SimpleIcons/R&D_node_icon_advflightcontrol
[LOG 20:27:26.398] Load Cached PNG Texture: Squad/PartList/SimpleIcons/R&D_node_icon_advlanding
[LOG 20:27:26.398] Load Cached PNG Texture: Squad/PartList/SimpleIcons/R&D_node_icon_advmetalworks
[LOG 20:27:26.399] Load Cached PNG Texture: Squad/PartList/SimpleIcons/R&D_node_icon_advrocketry
[LOG 20:27:26.399] Load Cached PNG Texture: Squad/PartList/SimpleIcons/R&D_node_icon_advsciencetech
[LOG 20:27:26.399] Load Cached PNG Texture: Squad/PartList/SimpleIcons/R&D_node_icon_advunmanned
[LOG 20:27:26.399] Load Cached PNG Texture: Squad/PartList/SimpleIcons/R&D_node_icon_aerodynamicsystems
[LOG 20:27:26.400] Load Cached PNG Texture: Squad/PartList/SimpleIcons/R&D_node_icon_aerospacetech
[LOG 20:27:26.400] Load Cached PNG Texture: Squad/PartList/SimpleIcons/R&D_node_icon_automation
[LOG 20:27:26.400] Load Cached PNG Texture: Squad/PartList/SimpleIcons/R&D_node_icon_basicprobes
[LOG 20:27:26.400] Load Cached PNG Texture: Squad/PartList/SimpleIcons/R&D_node_icon_basicrocketry
[LOG 20:27:26.400] Load Cached PNG Texture: Squad/PartList/SimpleIcons/R&D_node_icon_composites
[LOG 20:27:26.400] Load Cached PNG Texture: Squad/PartList/SimpleIcons/R&D_node_icon_electrics
[LOG 20:27:26.400] Load Cached PNG Texture: Squad/PartList/SimpleIcons/R&D_node_icon_electronics
[LOG 20:27:26.401] Load Cached PNG Texture: Squad/PartList/SimpleIcons/R&D_node_icon_evatech
[LOG 20:27:26.401] Load Cached PNG Texture: Squad/PartList/SimpleIcons/R&D_node_icon_experimentalaerodynamics
[LOG 20:27:26.401] Load Cached PNG Texture: Squad/PartList/SimpleIcons/R&D_node_icon_experimentalelectrics
[LOG 20:27:26.401] Load Cached PNG Texture: Squad/PartList/SimpleIcons/R&D_node_icon_experimentalmotors
[LOG 20:27:26.401] Load Cached PNG Texture: Squad/PartList/SimpleIcons/R&D_node_icon_experimentalrocketry
[LOG 20:27:26.401] Load Cached PNG Texture: Squad/PartList/SimpleIcons/R&D_node_icon_experimentalscience
[LOG 20:27:26.402] Load Cached PNG Texture: Squad/PartList/SimpleIcons/R&D_node_icon_fieldscience
[LOG 20:27:26.405] Load Cached PNG Texture: Squad/PartList/SimpleIcons/R&D_node_icon_flightcontrol
[LOG 20:27:26.406] Load Cached PNG Texture: Squad/PartList/SimpleIcons/R&D_node_icon_fuelsystems
[LOG 20:27:26.406] Load Cached PNG Texture: Squad/PartList/SimpleIcons/R&D_node_icon_generalconstruction
[LOG 20:27:26.406] Load Cached PNG Texture: Squad/PartList/SimpleIcons/R&D_node_icon_generalrocketry
[LOG 20:27:26.406] Load Cached PNG Texture: Squad/PartList/SimpleIcons/R&D_node_icon_generic
[LOG 20:27:26.406] Load Cached PNG Texture: Squad/PartList/SimpleIcons/R&D_node_icon_heavierrocketry
[LOG 20:27:26.406] Load Cached PNG Texture: Squad/PartList/SimpleIcons/R&D_node_icon_heavyaerodynamics
[LOG 20:27:26.406] Load Cached PNG Texture: Squad/PartList/SimpleIcons/R&D_node_icon_heavyrocketry
[LOG 20:27:26.406] Load Cached PNG Texture: Squad/PartList/SimpleIcons/R&D_node_icon_highaltitudeflight
[LOG 20:27:26.406] Load Cached PNG Texture: Squad/PartList/SimpleIcons/R&D_node_icon_highaltitudepropulsion
[LOG 20:27:26.406] Load Cached PNG Texture: Squad/PartList/SimpleIcons/R&D_node_icon_hypersonicflight
[LOG 20:27:26.406] Load Cached PNG Texture: Squad/PartList/SimpleIcons/R&D_node_icon_ionpropulsion
[LOG 20:27:26.407] Load Cached PNG Texture: Squad/PartList/SimpleIcons/R&D_node_icon_landing
[LOG 20:27:26.407] Load Cached PNG Texture: Squad/PartList/SimpleIcons/R&D_node_icon_largecontrol
[LOG 20:27:26.407] Load Cached PNG Texture: Squad/PartList/SimpleIcons/R&D_node_icon_largeelectrics
[LOG 20:27:26.407] Load Cached PNG Texture: Squad/PartList/SimpleIcons/R&D_node_icon_largeprobes
[LOG 20:27:26.407] Load Cached PNG Texture: Squad/PartList/SimpleIcons/R&D_node_icon_metamaterials
[LOG 20:27:26.412] Load Cached PNG Texture: Squad/PartList/SimpleIcons/R&D_node_icon_nanolathing
[LOG 20:27:26.412] Load Cached PNG Texture: Squad/PartList/SimpleIcons/R&D_node_icon_nuclearpropulsion
[LOG 20:27:26.412] Load Cached PNG Texture: Squad/PartList/SimpleIcons/R&D_node_icon_precisionengineering
[LOG 20:27:26.412] Load Cached PNG Texture: Squad/PartList/SimpleIcons/R&D_node_icon_robotics
[LOG 20:27:26.412] Load Cached PNG Texture: Squad/PartList/SimpleIcons/R&D_node_icon_sciencetech
[LOG 20:27:26.412] Load Cached PNG Texture: Squad/PartList/SimpleIcons/R&D_node_icon_specializedconstruction
[LOG 20:27:26.412] Load Cached PNG Texture: Squad/PartList/SimpleIcons/R&D_node_icon_specializedcontrol
[LOG 20:27:26.413] Load Cached PNG Texture: Squad/PartList/SimpleIcons/R&D_node_icon_specializedelectrics
[LOG 20:27:26.413] Load Cached PNG Texture: Squad/PartList/SimpleIcons/R&D_node_icon_stability
[LOG 20:27:26.413] Load Cached PNG Texture: Squad/PartList/SimpleIcons/R&D_node_icon_start
[LOG 20:27:26.413] Load Cached PNG Texture: Squad/PartList/SimpleIcons/R&D_node_icon_supersonicflight
[LOG 20:27:26.413] Load Cached PNG Texture: Squad/PartList/SimpleIcons/R&D_node_icon_survivability
[LOG 20:27:26.413] Load Cached PNG Texture: Squad/PartList/SimpleIcons/R&D_node_icon_unmannedtech
[LOG 20:27:26.413] Load Cached PNG Texture: Squad/PartList/SimpleIcons/R&D_node_icon_veryheavyrocketry
[LOG 20:27:26.413] Load Cached PNG Texture: Squad/PartList/SimpleIcons/rcsfx
[LOG 20:27:26.413] Load Cached PNG Texture: Squad/PartList/SimpleIcons/RDicon_aerospaceTech2
[LOG 20:27:26.413] Load Cached PNG Texture: Squad/PartList/SimpleIcons/RDicon_commandmodules
[LOG 20:27:26.413] Load Cached PNG Texture: Squad/PartList/SimpleIcons/RDicon_fuelSystems-advanced
[LOG 20:27:26.414] Load Cached PNG Texture: Squad/PartList/SimpleIcons/RDicon_fuelSystems-highPerformance
[LOG 20:27:26.414] Load Cached PNG Texture: Squad/PartList/SimpleIcons/RDicon_largeVolumeContainment
[LOG 20:27:26.414] Load Cached PNG Texture: Squad/PartList/SimpleIcons/RDicon_miniaturization
[LOG 20:27:26.414] Load Cached PNG Texture: Squad/PartList/SimpleIcons/RDicon_propulsion-precision
[LOG 20:27:26.414] Load Cached PNG Texture: Squad/PartList/SimpleIcons/RDicon_propulsionSystems
[LOG 20:27:26.414] Load Cached PNG Texture: Squad/PartList/SimpleIcons/RDicon_telescope
[LOG 20:27:26.414] Load Cached PNG Texture: Squad/PartList/SimpleIcons/robotic_controller
[LOG 20:27:26.414] Load Cached PNG Texture: Squad/PartList/SimpleIcons/robotic_rotation_servo
[LOG 20:27:26.414] Load Cached PNG Texture: Squad/PartList/SimpleIcons/robotic_servo_hinge
[LOG 20:27:26.414] Load Cached PNG Texture: Squad/PartList/SimpleIcons/robotic_servo_piston
[LOG 20:27:26.414] Load Cached PNG Texture: Squad/PartList/SimpleIcons/robotic_servo_rotor
[LOG 20:27:26.414] Load Cached PNG Texture: Squad/PartList/SimpleIcons/scanner_arm
[LOG 20:27:26.414] Load Cached PNG Texture: Squad/PartList/SimpleIcons/variant
[LOG 20:27:26.415] Load Cached PNG Texture: Squad/Parts/@thumbs/adapterSmallMiniShort_icon0
[LOG 20:27:26.415] Load Cached PNG Texture: Squad/Parts/@thumbs/adapterSmallMiniShort_icon1
[LOG 20:27:26.415] Load Cached PNG Texture: Squad/Parts/@thumbs/adapterSmallMiniTall_icon0
[LOG 20:27:26.415] Load Cached PNG Texture: Squad/Parts/@thumbs/adapterSmallMiniTall_icon1
[LOG 20:27:26.415] Load Cached PNG Texture: Squad/Parts/@thumbs/AdvancedCanard_icon
[LOG 20:27:26.415] Load Cached PNG Texture: Squad/Parts/@thumbs/advSasModule_icon
[LOG 20:27:26.415] Load Cached PNG Texture: Squad/Parts/@thumbs/airbrake1_icon
[LOG 20:27:26.415] Load Cached PNG Texture: Squad/Parts/@thumbs/airScoop_icon
[LOG 20:27:26.415] Load Cached PNG Texture: Squad/Parts/@thumbs/avionicsNoseCone_icon
[LOG 20:27:26.415] Load Cached PNG Texture: Squad/Parts/@thumbs/basicFin_icon
[LOG 20:27:26.415] Load Cached PNG Texture: Squad/Parts/@thumbs/batteryBankMini_icon
[LOG 20:27:26.416] Load Cached PNG Texture: Squad/Parts/@thumbs/batteryBank_icon
[LOG 20:27:26.416] Load Cached PNG Texture: Squad/Parts/@thumbs/batteryPack_icon
[LOG 20:27:26.416] Load Cached PNG Texture: Squad/Parts/@thumbs/cargoContainer_icon
[LOG 20:27:26.416] Load Cached PNG Texture: Squad/Parts/@thumbs/CargoStorageUnit_icon
[LOG 20:27:26.416] Load Cached PNG Texture: Squad/Parts/@thumbs/CircularIntake_icon
[LOG 20:27:26.416] Load Cached PNG Texture: Squad/Parts/@thumbs/commDish_icon
[LOG 20:27:26.416] Load Cached PNG Texture: Squad/Parts/@thumbs/Decoupler.0_icon0
[LOG 20:27:26.416] Load Cached PNG Texture: Squad/Parts/@thumbs/Decoupler.0_icon1
[LOG 20:27:26.416] Load Cached PNG Texture: Squad/Parts/@thumbs/Decoupler.1_icon0
[LOG 20:27:26.416] Load Cached PNG Texture: Squad/Parts/@thumbs/Decoupler.1_icon1
[LOG 20:27:26.416] Load Cached PNG Texture: Squad/Parts/@thumbs/dockingPort1_icon
[LOG 20:27:26.417] Load Cached PNG Texture: Squad/Parts/@thumbs/dockingPort2_icon
[LOG 20:27:26.417] Load Cached PNG Texture: Squad/Parts/@thumbs/dockingPort3_icon
[LOG 20:27:26.417] Load Cached PNG Texture: Squad/Parts/@thumbs/domeLight1_icon0
[LOG 20:27:26.417] Load Cached PNG Texture: Squad/Parts/@thumbs/domeLight1_icon1
[LOG 20:27:26.418] Load Cached PNG Texture: Squad/Parts/@thumbs/elevon2_icon
[LOG 20:27:26.420] Load Cached PNG Texture: Squad/Parts/@thumbs/elevon3_icon
[LOG 20:27:26.420] Load Cached PNG Texture: Squad/Parts/@thumbs/elevon5_icon
[LOG 20:27:26.421] Load Cached PNG Texture: Squad/Parts/@thumbs/evaChute_icon
[LOG 20:27:26.421] Load Cached PNG Texture: Squad/Parts/@thumbs/evaCylinder_icon
[LOG 20:27:26.422] Load Cached PNG Texture: Squad/Parts/@thumbs/evaJetpack_icon
[LOG 20:27:26.423] Load Cached PNG Texture: Squad/Parts/@thumbs/evaRepairKit_icon
[LOG 20:27:26.423] Load Cached PNG Texture: Squad/Parts/@thumbs/evaScienceKit_icon
[LOG 20:27:26.424] Load Cached PNG Texture: Squad/Parts/@thumbs/externalTankCapsule_icon0
[LOG 20:27:26.424] Load Cached PNG Texture: Squad/Parts/@thumbs/externalTankCapsule_icon1
[LOG 20:27:26.425] Load Cached PNG Texture: Squad/Parts/@thumbs/externalTankRound_icon0
[LOG 20:27:26.425] Load Cached PNG Texture: Squad/Parts/@thumbs/externalTankRound_icon1
[LOG 20:27:26.426] Load Cached PNG Texture: Squad/Parts/@thumbs/externalTankToroid_icon0
[LOG 20:27:26.426] Load Cached PNG Texture: Squad/Parts/@thumbs/externalTankToroid_icon1
[LOG 20:27:26.429] Load Cached PNG Texture: Squad/Parts/@thumbs/fireworksLauncherBig_icon
[LOG 20:27:26.431] Load Cached PNG Texture: Squad/Parts/@thumbs/fireworksLauncherSmall_icon
[LOG 20:27:26.431] Load Cached PNG Texture: Squad/Parts/@thumbs/foldingRadMed_icon
[LOG 20:27:26.431] Load Cached PNG Texture: Squad/Parts/@thumbs/foldingRadSmall_icon
[LOG 20:27:26.433] Load Cached PNG Texture: Squad/Parts/@thumbs/FuelCellArray_icon
[LOG 20:27:26.433] Load Cached PNG Texture: Squad/Parts/@thumbs/FuelCell_icon
[LOG 20:27:26.434] Load Cached PNG Texture: Squad/Parts/@thumbs/fuelTank.long_icon0
[LOG 20:27:26.434] Load Cached PNG Texture: Squad/Parts/@thumbs/fuelTankSmallFlat_icon0
[LOG 20:27:26.436] Load Cached PNG Texture: Squad/Parts/@thumbs/fuelTankSmallFlat_icon1
[LOG 20:27:26.436] Load Cached PNG Texture: Squad/Parts/@thumbs/fuelTankSmallFlat_icon2
[LOG 20:27:26.438] Load Cached PNG Texture: Squad/Parts/@thumbs/fuelTankSmallFlat_icon3
[LOG 20:27:26.438] Load Cached PNG Texture: Squad/Parts/@thumbs/fuelTankSmall_icon0
[LOG 20:27:26.438] Load Cached PNG Texture: Squad/Parts/@thumbs/fuelTankSmall_icon1
[LOG 20:27:26.439] Load Cached PNG Texture: Squad/Parts/@thumbs/fuelTankSmall_icon2
[LOG 20:27:26.439] Load Cached PNG Texture: Squad/Parts/@thumbs/fuelTankSmall_icon3
[LOG 20:27:26.440] Load Cached PNG Texture: Squad/Parts/@thumbs/fuelTank_icon0
[LOG 20:27:26.440] Load Cached PNG Texture: Squad/Parts/@thumbs/GearFixed_icon
[LOG 20:27:26.441] Load Cached PNG Texture: Squad/Parts/@thumbs/GearFree_icon
[LOG 20:27:26.442] Load Cached PNG Texture: Squad/Parts/@thumbs/GearSmall_icon
[LOG 20:27:26.442] Load Cached PNG Texture: Squad/Parts/@thumbs/GooExperiment_icon
[LOG 20:27:26.443] Load Cached PNG Texture: Squad/Parts/@thumbs/groundAnchor_icon
[LOG 20:27:26.443] Load Cached PNG Texture: Squad/Parts/@thumbs/groundLight1_icon
[LOG 20:27:26.448] Load Cached PNG Texture: Squad/Parts/@thumbs/groundLight2_icon
[LOG 20:27:26.448] Load Cached PNG Texture: Squad/Parts/@thumbs/HeatShield0_icon
[LOG 20:27:26.448] Load Cached PNG Texture: Squad/Parts/@thumbs/HeatShield1_icon
[LOG 20:27:26.452] Load Cached PNG Texture: Squad/Parts/@thumbs/HECS2.ProbeCore_icon
[LOG 20:27:26.452] Load Cached PNG Texture: Squad/Parts/@thumbs/HighGainAntenna5.v2_icon
[LOG 20:27:26.455] Load Cached PNG Texture: Squad/Parts/@thumbs/HighGainAntenna5_icon
[LOG 20:27:26.462] Load Cached PNG Texture: Squad/Parts/@thumbs/HighGainAntenna_icon
[LOG 20:27:26.462] Load Cached PNG Texture: Squad/Parts/@thumbs/IntakeRadialLong_icon
[LOG 20:27:26.462] Load Cached PNG Texture: Squad/Parts/@thumbs/ionEngine_icon
[LOG 20:27:26.463] Load Cached PNG Texture: Squad/Parts/@thumbs/ksp.r.largeBatteryPack_icon
[LOG 20:27:26.463] Load Cached PNG Texture: Squad/Parts/@thumbs/ladder1_icon
[LOG 20:27:26.464] Load Cached PNG Texture: Squad/Parts/@thumbs/landingLeg1-2_icon
[LOG 20:27:26.464] Load Cached PNG Texture: Squad/Parts/@thumbs/landingLeg1_icon
[LOG 20:27:26.464] Load Cached PNG Texture: Squad/Parts/@thumbs/launchClamp1_icon
[LOG 20:27:26.465] Load Cached PNG Texture: Squad/Parts/@thumbs/LgRadialSolarPanel_icon
[LOG 20:27:26.465] Load Cached PNG Texture: Squad/Parts/@thumbs/linearRcs_icon
[LOG 20:27:26.465] Load Cached PNG Texture: Squad/Parts/@thumbs/liquidEngine2.v2_icon0
[LOG 20:27:26.466] Load Cached PNG Texture: Squad/Parts/@thumbs/liquidEngine3.v2_icon0
[LOG 20:27:26.466] Load Cached PNG Texture: Squad/Parts/@thumbs/liquidEngine3.v2_icon1
[LOG 20:27:26.469] Load Cached PNG Texture: Squad/Parts/@thumbs/liquidEngine3.v2_icon2
[LOG 20:27:26.469] Load Cached PNG Texture: Squad/Parts/@thumbs/liquidEngineMini.v2_icon0
[LOG 20:27:26.470] Load Cached PNG Texture: Squad/Parts/@thumbs/liquidEngineMini.v2_icon1
[LOG 20:27:26.470] Load Cached PNG Texture: Squad/Parts/@thumbs/liquidEngineMini.v2_icon2
[LOG 20:27:26.482] Load Cached PNG Texture: Squad/Parts/@thumbs/longAntenna_icon
[LOG 20:27:26.483] Load Cached PNG Texture: Squad/Parts/@thumbs/Magnetometer_icon
[LOG 20:27:26.483] Load Cached PNG Texture: Squad/Parts/@thumbs/mediumDishAntenna_icon
[LOG 20:27:26.483] Load Cached PNG Texture: Squad/Parts/@thumbs/microEngine.v2_icon0
[LOG 20:27:26.484] Load Cached PNG Texture: Squad/Parts/@thumbs/microEngine.v2_icon1
[LOG 20:27:26.484] Load Cached PNG Texture: Squad/Parts/@thumbs/MiniDrill_icon
[LOG 20:27:26.485] Load Cached PNG Texture: Squad/Parts/@thumbs/miniFuelTank_icon
[LOG 20:27:26.485] Load Cached PNG Texture: Squad/Parts/@thumbs/miniFuselage_icon
[LOG 20:27:26.486] Load Cached PNG Texture: Squad/Parts/@thumbs/miniIntake_icon
[LOG 20:27:26.486] Load Cached PNG Texture: Squad/Parts/@thumbs/miniJetEngine_icon
[LOG 20:27:26.487] Load Cached PNG Texture: Squad/Parts/@thumbs/miniLandingLeg_icon
[LOG 20:27:26.487] Load Cached PNG Texture: Squad/Parts/@thumbs/Mite_icon
[LOG 20:27:26.488] Load Cached PNG Texture: Squad/Parts/@thumbs/mk1pod.v2_icon0
[LOG 20:27:26.488] Load Cached PNG Texture: Squad/Parts/@thumbs/mk2DroneCore_icon
[LOG 20:27:26.489] Load Cached PNG Texture: Squad/Parts/@thumbs/mk2LanderCabin.v2_icon1
[LOG 20:27:26.489] Load Cached PNG Texture: Squad/Parts/@thumbs/MpoProbe_icon
[LOG 20:27:26.489] Load Cached PNG Texture: Squad/Parts/@thumbs/navLight1_icon0
[LOG 20:27:26.490] Load Cached PNG Texture: Squad/Parts/@thumbs/navLight1_icon1
[LOG 20:27:26.490] Load Cached PNG Texture: Squad/Parts/@thumbs/noseCone_icon0
[LOG 20:27:26.495] Load Cached PNG Texture: Squad/Parts/@thumbs/noseCone_icon1
[LOG 20:27:26.495] Load Cached PNG Texture: Squad/Parts/@thumbs/noseCone_icon2
[LOG 20:27:26.495] Load Cached PNG Texture: Squad/Parts/@thumbs/omsEngine_icon
[LOG 20:27:26.496] Load Cached PNG Texture: Squad/Parts/@thumbs/OrbitalScanner_icon
[LOG 20:27:26.496] Load Cached PNG Texture: Squad/Parts/@thumbs/parachuteDrogue_icon
[LOG 20:27:26.497] Load Cached PNG Texture: Squad/Parts/@thumbs/parachuteLarge_icon
[LOG 20:27:26.498] Load Cached PNG Texture: Squad/Parts/@thumbs/parachuteRadial_icon
[LOG 20:27:26.500] Load Cached PNG Texture: Squad/Parts/@thumbs/parachuteSingle_icon
[LOG 20:27:26.509] Load Cached PNG Texture: Squad/Parts/@thumbs/probeCoreCube_icon
[LOG 20:27:26.509] Load Cached PNG Texture: Squad/Parts/@thumbs/probeCoreHex.v2_icon
[LOG 20:27:26.510] Load Cached PNG Texture: Squad/Parts/@thumbs/probeCoreOcto.v2_icon
[LOG 20:27:26.512] Load Cached PNG Texture: Squad/Parts/@thumbs/probeCoreOcto2.v2_icon
[LOG 20:27:26.515] Load Cached PNG Texture: Squad/Parts/@thumbs/probeCoreSphere.v2_icon
[LOG 20:27:26.517] Load Cached PNG Texture: Squad/Parts/@thumbs/probeStackLarge_icon
[LOG 20:27:26.518] Load Cached PNG Texture: Squad/Parts/@thumbs/probeStackSmall_icon
[LOG 20:27:26.518] Load Cached PNG Texture: Squad/Parts/@thumbs/R8winglet_icon
[LOG 20:27:26.518] Load Cached PNG Texture: Squad/Parts/@thumbs/radialDecoupler1-2_icon
[LOG 20:27:26.518] Load Cached PNG Texture: Squad/Parts/@thumbs/radialDecoupler2_icon
[LOG 20:27:26.519] Load Cached PNG Texture: Squad/Parts/@thumbs/radialDecoupler_icon
[LOG 20:27:26.519] Load Cached PNG Texture: Squad/Parts/@thumbs/radialDrogue_icon
[LOG 20:27:26.521] Load Cached PNG Texture: Squad/Parts/@thumbs/radialEngineMini.v2_icon0
[LOG 20:27:26.526] Load Cached PNG Texture: Squad/Parts/@thumbs/radialEngineMini.v2_icon1
[LOG 20:27:26.526] Load Cached PNG Texture: Squad/Parts/@thumbs/radialLiquidEngine1-2_icon
[LOG 20:27:26.527] Load Cached PNG Texture: Squad/Parts/@thumbs/RadialOreTank_icon
[LOG 20:27:26.530] Load Cached PNG Texture: Squad/Parts/@thumbs/radialRCSTank_icon
[LOG 20:27:26.530] Load Cached PNG Texture: Squad/Parts/@thumbs/radPanelEdge_icon
[LOG 20:27:26.530] Load Cached PNG Texture: Squad/Parts/@thumbs/radPanelLg_icon
[LOG 20:27:26.533] Load Cached PNG Texture: Squad/Parts/@thumbs/radPanelSm_icon
[LOG 20:27:26.533] Load Cached PNG Texture: Squad/Parts/@thumbs/RCSblock.01.small_icon0
[LOG 20:27:26.534] Load Cached PNG Texture: Squad/Parts/@thumbs/RCSblock.01.small_icon1
[LOG 20:27:26.534] Load Cached PNG Texture: Squad/Parts/@thumbs/RCSblock.01.small_icon2
[LOG 20:27:26.567] Load Cached PNG Texture: Squad/Parts/@thumbs/RCSblock.01.small_icon3
[LOG 20:27:26.569] Load Cached PNG Texture: Squad/Parts/@thumbs/RCSblock.01.small_icon4
[LOG 20:27:26.569] Load Cached PNG Texture: Squad/Parts/@thumbs/RCSBlock.v2_icon
[LOG 20:27:26.570] Load Cached PNG Texture: Squad/Parts/@thumbs/RCSBlock.v2_icon0
[LOG 20:27:26.570] Load Cached PNG Texture: Squad/Parts/@thumbs/RCSBlock.v2_icon1
[LOG 20:27:26.570] Load Cached PNG Texture: Squad/Parts/@thumbs/RCSBlock.v2_icon2
[LOG 20:27:26.570] Load Cached PNG Texture: Squad/Parts/@thumbs/RCSBlock.v2_icon3
[LOG 20:27:26.570] Load Cached PNG Texture: Squad/Parts/@thumbs/RCSBlock.v2_icon4
[LOG 20:27:26.571] Load Cached PNG Texture: Squad/Parts/@thumbs/RCSFuelTank_icon
[LOG 20:27:26.571] Load Cached PNG Texture: Squad/Parts/@thumbs/RCSLinearSmall_icon
[LOG 20:27:26.571] Load Cached PNG Texture: Squad/Parts/@thumbs/rcsTankMini_icon
[LOG 20:27:26.571] Load Cached PNG Texture: Squad/Parts/@thumbs/RelayAntenna5_icon
[LOG 20:27:26.571] Load Cached PNG Texture: Squad/Parts/@thumbs/ReleaseValve_icon
[LOG 20:27:26.571] Load Cached PNG Texture: Squad/Parts/@thumbs/roverBody.v2_icon0
[LOG 20:27:26.571] Load Cached PNG Texture: Squad/Parts/@thumbs/roverBody.v2_icon1
[LOG 20:27:26.572] Load Cached PNG Texture: Squad/Parts/@thumbs/roverBody.v2_icon2
[LOG 20:27:26.572] Load Cached PNG Texture: Squad/Parts/@thumbs/roverWheel1_icon
[LOG 20:27:26.572] Load Cached PNG Texture: Squad/Parts/@thumbs/roverWheel2_icon
[LOG 20:27:26.572] Load Cached PNG Texture: Squad/Parts/@thumbs/rtg_icon
[LOG 20:27:26.572] Load Cached PNG Texture: Squad/Parts/@thumbs/sasModule_icon
[LOG 20:27:26.572] Load Cached PNG Texture: Squad/Parts/@thumbs/science.module_icon
[LOG 20:27:26.572] Load Cached PNG Texture: Squad/Parts/@thumbs/ScienceBox_icon
[LOG 20:27:26.572] Load Cached PNG Texture: Squad/Parts/@thumbs/seatExternalCmd_icon
[LOG 20:27:26.573] Load Cached PNG Texture: Squad/Parts/@thumbs/sensorAccelerometer_icon
[LOG 20:27:26.573] Load Cached PNG Texture: Squad/Parts/@thumbs/sensorAtmosphere_icon
[LOG 20:27:26.573] Load Cached PNG Texture: Squad/Parts/@thumbs/sensorBarometer_icon
[LOG 20:27:26.573] Load Cached PNG Texture: Squad/Parts/@thumbs/sensorGravimeter_icon
[LOG 20:27:26.573] Load Cached PNG Texture: Squad/Parts/@thumbs/sensorThermometer_icon
[LOG 20:27:26.573] Load Cached PNG Texture: Squad/Parts/@thumbs/Separator.0_icon0
[LOG 20:27:26.573] Load Cached PNG Texture: Squad/Parts/@thumbs/Separator.0_icon1
[LOG 20:27:26.573] Load Cached PNG Texture: Squad/Parts/@thumbs/Separator.1_icon0
[LOG 20:27:26.574] Load Cached PNG Texture: Squad/Parts/@thumbs/Separator.1_icon1
[LOG 20:27:26.574] Load Cached PNG Texture: Squad/Parts/@thumbs/sepMotor1_icon
[LOG 20:27:26.574] Load Cached PNG Texture: Squad/Parts/@thumbs/ServiceBay.125.v2_icon
[LOG 20:27:26.574] Load Cached PNG Texture: Squad/Parts/@thumbs/shockConeIntake_icon
[LOG 20:27:26.574] Load Cached PNG Texture: Squad/Parts/@thumbs/Shrimp_icon
[LOG 20:27:26.574] Load Cached PNG Texture: Squad/Parts/@thumbs/smallCargoContainer_icon
[LOG 20:27:26.574] Load Cached PNG Texture: Squad/Parts/@thumbs/smallClaw_icon0
[LOG 20:27:26.574] Load Cached PNG Texture: Squad/Parts/@thumbs/smallClaw_icon1
[LOG 20:27:26.574] Load Cached PNG Texture: Squad/Parts/@thumbs/smallCtrlSrf_icon
[LOG 20:27:26.574] Load Cached PNG Texture: Squad/Parts/@thumbs/SmallGearBay_icon
[LOG 20:27:26.574] Load Cached PNG Texture: Squad/Parts/@thumbs/smallHardpoint_icon
[LOG 20:27:26.574] Load Cached PNG Texture: Squad/Parts/@thumbs/smallRadialEngine.v2_icon0
[LOG 20:27:26.574] Load Cached PNG Texture: Squad/Parts/@thumbs/smallRadialEngine.v2_icon1
[LOG 20:27:26.575] Load Cached PNG Texture: Squad/Parts/@thumbs/solarPanelOX10C_icon
[LOG 20:27:26.575] Load Cached PNG Texture: Squad/Parts/@thumbs/solarPanelOX10L_icon
[LOG 20:27:26.575] Load Cached PNG Texture: Squad/Parts/@thumbs/solarPanels1_icon
[LOG 20:27:26.575] Load Cached PNG Texture: Squad/Parts/@thumbs/solarPanels2_icon
[LOG 20:27:26.575] Load Cached PNG Texture: Squad/Parts/@thumbs/solarPanels3_icon
[LOG 20:27:26.575] Load Cached PNG Texture: Squad/Parts/@thumbs/solarPanels4_icon
[LOG 20:27:26.575] Load Cached PNG Texture: Squad/Parts/@thumbs/solarPanels5_icon
[LOG 20:27:26.575] Load Cached PNG Texture: Squad/Parts/@thumbs/solarPanelSP10C_icon
[LOG 20:27:26.575] Load Cached PNG Texture: Squad/Parts/@thumbs/solarPanelSP10L_icon
[LOG 20:27:26.575] Load Cached PNG Texture: Squad/Parts/@thumbs/solidBooster.sm.v2_icon0
[LOG 20:27:26.575] Load Cached PNG Texture: Squad/Parts/@thumbs/solidBooster.v2_icon0
[LOG 20:27:26.576] Load Cached PNG Texture: Squad/Parts/@thumbs/spotLight1_icon
[LOG 20:27:26.576] Load Cached PNG Texture: Squad/Parts/@thumbs/spotLight2_icon
[LOG 20:27:26.576] Load Cached PNG Texture: Squad/Parts/@thumbs/spotLight3_icon0
[LOG 20:27:26.576] Load Cached PNG Texture: Squad/Parts/@thumbs/spotLight3_icon1
[LOG 20:27:26.577] Load Cached PNG Texture: Squad/Parts/@thumbs/stackPoint1_icon
[LOG 20:27:26.578] Load Cached PNG Texture: Squad/Parts/@thumbs/StandardCtrlSrf_icon
[LOG 20:27:26.578] Load Cached PNG Texture: Squad/Parts/@thumbs/standardNoseCone_icon
[LOG 20:27:26.578] Load Cached PNG Texture: Squad/Parts/@thumbs/stripLight1_icon0
[LOG 20:27:26.579] Load Cached PNG Texture: Squad/Parts/@thumbs/stripLight1_icon1
[LOG 20:27:26.579] Load Cached PNG Texture: Squad/Parts/@thumbs/structuralIBeam1_icon
[LOG 20:27:26.579] Load Cached PNG Texture: Squad/Parts/@thumbs/structuralIBeam3_icon
[LOG 20:27:26.580] Load Cached PNG Texture: Squad/Parts/@thumbs/structuralMiniNode_icon
[LOG 20:27:26.580] Load Cached PNG Texture: Squad/Parts/@thumbs/structuralPanel1_icon
[LOG 20:27:26.581] Load Cached PNG Texture: Squad/Parts/@thumbs/structuralPanel2_icon
[LOG 20:27:26.581] Load Cached PNG Texture: Squad/Parts/@thumbs/structuralWing4_icon
[LOG 20:27:26.582] Load Cached PNG Texture: Squad/Parts/@thumbs/strutCube_icon
[LOG 20:27:26.582] Load Cached PNG Texture: Squad/Parts/@thumbs/strutOcto_icon
[LOG 20:27:26.584] Load Cached PNG Texture: Squad/Parts/@thumbs/SurfaceScanner_icon
[LOG 20:27:26.587] Load Cached PNG Texture: Squad/Parts/@thumbs/SurfAntenna_icon
[LOG 20:27:26.587] Load Cached PNG Texture: Squad/Parts/@thumbs/telescopicLadderBay_icon
[LOG 20:27:26.588] Load Cached PNG Texture: Squad/Parts/@thumbs/telescopicLadder_icon
[LOG 20:27:26.588] Load Cached PNG Texture: Squad/Parts/@thumbs/toroidalAerospike_icon
[LOG 20:27:26.588] Load Cached PNG Texture: Squad/Parts/@thumbs/trussAdapter_icon
[LOG 20:27:26.589] Load Cached PNG Texture: Squad/Parts/@thumbs/trussPiece1x_icon
[LOG 20:27:26.589] Load Cached PNG Texture: Squad/Parts/@thumbs/trussPiece3x_icon
[LOG 20:27:26.590] Load Cached PNG Texture: Squad/Parts/@thumbs/vernierEngine_icon
[LOG 20:27:26.590] Load Cached PNG Texture: Squad/Parts/@thumbs/wheelMed_icon
[LOG 20:27:26.593] Load Cached PNG Texture: Squad/Parts/@thumbs/wingConnector4_icon
[LOG 20:27:26.596] Load Cached PNG Texture: Squad/Parts/@thumbs/wingConnector5_icon
[LOG 20:27:26.597] Load Cached PNG Texture: Squad/Parts/@thumbs/winglet3_icon
[LOG 20:27:26.597] Load Cached PNG Texture: Squad/Parts/@thumbs/winglet_icon
[LOG 20:27:26.603] Load Cached PNG Texture: Squad/Parts/@thumbs/wingShuttleElevon1_icon
[LOG 20:27:26.604] Load Cached PNG Texture: Squad/Parts/@thumbs/xenonTankLarge_icon
[LOG 20:27:26.604] Load Cached PNG Texture: Squad/Parts/@thumbs/xenonTankRadial_icon
[LOG 20:27:26.605] Load Cached PNG Texture: Squad/Parts/@thumbs/xenonTank_icon
[LOG 20:27:26.605] Load DDS texture: Squad/Parts/Aero/aerodynamicNoseCone/Rockomax_Adapters_diffuse
[LOG 20:27:26.607] Load DDS texture: Squad/Parts/Aero/aerodynamicNoseCone/Rockomax_Adapters_normal
[LOG 20:27:26.607] Load DDS texture: Squad/Parts/Aero/airbrake/airbrake
[LOG 20:27:26.607] Load DDS texture: Squad/Parts/Aero/airIntakeRadialXM-G50/RadialIntake
[LOG 20:27:26.609] Load DDS texture: Squad/Parts/Aero/airlinerWings/AirlinerWings
[LOG 20:27:26.618] Load DDS texture: Squad/Parts/Aero/airplaneFins/AirplaneFins
[LOG 20:27:26.624] Load DDS texture: Squad/Parts/Aero/basicFin/BasicFin
[LOG 20:27:26.624] Load DDS texture: Squad/Parts/Aero/circularIntake/CircluarIntakes
[LOG 20:27:26.624] Load DDS texture: Squad/Parts/Aero/circularIntake/CircluarIntakes_Heat
[LOG 20:27:26.624] Load DDS texture: Squad/Parts/Aero/cones/Assets/Cones
[LOG 20:27:26.625] Load DDS texture: Squad/Parts/Aero/cones/Assets/ConesDiffuse
[LOG 20:27:26.626] Load DDS texture: Squad/Parts/Aero/cones/Assets/ConesDiffuse_Orange
[LOG 20:27:26.627] Load DDS texture: Squad/Parts/Aero/cones/Assets/ConesDiffuse_White
[LOG 20:27:26.630] Load DDS texture: Squad/Parts/Aero/cones/Assets/ConesHeat
[LOG 20:27:26.631] Load DDS texture: Squad/Parts/Aero/cones/Assets/ConesHeat_Orange
[LOG 20:27:26.634] Load DDS texture: Squad/Parts/Aero/cones/Assets/ConesHeat_White
[LOG 20:27:26.637] Load DDS texture: Squad/Parts/Aero/cones/Assets/Cones_Heat
[LOG 20:27:26.637] Load Cached PNG Texture: Squad/Parts/Aero/cones/Assets/rocketNoseCones_O
[LOG 20:27:26.643] Load Cached PNG Texture: Squad/Parts/Aero/cones/Assets/rocketNoseCones_O_Normal
[LOG 20:27:26.644] Load DDS texture: Squad/Parts/Aero/cones/Assets/rocketNoseCones_W
[LOG 20:27:26.654] Load DDS texture: Squad/Parts/Aero/cones/Assets/Rockomax_Adapters_diffuse
[LOG 20:27:26.655] Load DDS texture: Squad/Parts/Aero/cones/Assets/Rockomax_Adapters_normal
[LOG 20:27:26.655] Load DDS texture: Squad/Parts/Aero/fairings/AutoTruss
[LOG 20:27:26.655] Load DDS texture: Squad/Parts/Aero/fairings/FairingBase
[LOG 20:27:26.655] Load DDS texture: Squad/Parts/Aero/fairings/FairingBaseNormals
[LOG 20:27:26.660] Load DDS texture: Squad/Parts/Aero/fairings/FairingBaseNormals_bw
[LOG 20:27:26.661] Load DDS texture: Squad/Parts/Aero/fairings/FairingBaseNormals_goldSilver
[LOG 20:27:26.667] Load DDS texture: Squad/Parts/Aero/fairings/FairingBaseNormals_orange
[LOG 20:27:26.667] Load Cached PNG Texture: Squad/Parts/Aero/fairings/FairingBase_black
[LOG 20:27:26.675] Load DDS texture: Squad/Parts/Aero/fairings/FairingBase_bw
[LOG 20:27:26.676] Load DDS texture: Squad/Parts/Aero/fairings/FairingBase_goldDiffuse
[LOG 20:27:26.676] Load DDS texture: Squad/Parts/Aero/fairings/FairingBase_goldSpecular
[LOG 20:27:26.680] Load DDS texture: Squad/Parts/Aero/fairings/FairingBase_orange
[LOG 20:27:26.681] Load DDS texture: Squad/Parts/Aero/fairings/FairingBase_silverDiffuse
[LOG 20:27:26.681] Load DDS texture: Squad/Parts/Aero/fairings/FairingBase_silverSpecular
[LOG 20:27:26.681] Load DDS texture: Squad/Parts/Aero/fairings/fairingsCap
[LOG 20:27:26.681] Load DDS texture: Squad/Parts/Aero/fairings/FairingsMat_silverSpecular
[LOG 20:27:26.687] Load DDS texture: Squad/Parts/Aero/fairings/fairings_diff
[LOG 20:27:26.688] Load DDS texture: Squad/Parts/Aero/fairings/fairings_diff_grey
[LOG 20:27:26.690] Load DDS texture: Squad/Parts/Aero/fairings/fairings_diff_orange
[LOG 20:27:26.690] Load DDS texture: Squad/Parts/Aero/fairings/fairings_grey_normals
[LOG 20:27:26.691] Load DDS texture: Squad/Parts/Aero/fairings/fairings_normals
[LOG 20:27:26.692] Load DDS texture: Squad/Parts/Aero/fairings/fairings_normals_silver
[LOG 20:27:26.692] Load DDS texture: Squad/Parts/Aero/fairings/fairings_orange_normals
[LOG 20:27:26.694] Load DDS texture: Squad/Parts/Aero/fairings/fairings_silverDiffuse
[LOG 20:27:26.696] Load DDS texture: Squad/Parts/Aero/HeatShield/Fairing
[LOG 20:27:26.697] Load DDS texture: Squad/Parts/Aero/HeatShield/heatshield
[LOG 20:27:26.697] Load DDS texture: Squad/Parts/Aero/InflatableHeatShield/HeatShield
[LOG 20:27:26.698] Load DDS texture: Squad/Parts/Aero/InflatableHeatShield/HeatShieldFairing
[LOG 20:27:26.698] Load DDS texture: Squad/Parts/Aero/InflatableHeatShield/HeatShield_NRM
[LOG 20:27:26.700] Load DDS texture: Squad/Parts/Aero/intakeRadialLong/Radial_long
[LOG 20:27:26.700] Load DDS texture: Squad/Parts/Aero/miniIntake/SmallIntake
[LOG 20:27:26.700] Load DDS texture: Squad/Parts/Aero/ramAirIntake/RampIntake
[LOG 20:27:26.700] Load DDS texture: Squad/Parts/Aero/ramAirIntake/RampIntake_Heat
[LOG 20:27:26.701] Load DDS texture: Squad/Parts/Aero/shuttleWings/ShuttleWings
[LOG 20:27:26.714] Load DDS texture: Squad/Parts/Aero/wingletAV-R8/model000
[LOG 20:27:26.714] Load DDS texture: Squad/Parts/Aero/wingletAV-R8/model001
[LOG 20:27:26.715] Load DDS texture: Squad/Parts/Aero/wingletAV-T1/model000
[LOG 20:27:26.715] Load DDS texture: Squad/Parts/Aero/wingletAV-T1/model001
[LOG 20:27:26.715] Load DDS texture: Squad/Parts/Aero/wingletDeltaDeluxe/model000
[LOG 20:27:26.715] Load DDS texture: Squad/Parts/Aero/wings/Wings
[LOG 20:27:26.716] Load DDS texture: Squad/Parts/Cargo/CargoContainers/cargoContainer_diff
[LOG 20:27:26.717] Load DDS texture: Squad/Parts/Cargo/CargoContainers/smallCargoContainer_diffuse
[LOG 20:27:26.717] Load DDS texture: Squad/Parts/Cargo/CargoContainers/smallCargoContainer_nrm
[LOG 20:27:26.718] Load DDS texture: Squad/Parts/Cargo/CargoContainers/smallCargoContainer_specular
[LOG 20:27:26.718] Load DDS texture: Squad/Parts/Cargo/Cylinder/EVAcylinder_diffuse
[LOG 20:27:26.719] Load DDS texture: Squad/Parts/Cargo/Cylinder/EVAcylinder_nrm
[LOG 20:27:26.719] Load DDS texture: Squad/Parts/Cargo/GroundAnchor/groundAnchor_diffuse
[LOG 20:27:26.720] Load DDS texture: Squad/Parts/Cargo/GroundAnchor/groundAnchor_nrm
[LOG 20:27:26.721] Load DDS texture: Squad/Parts/Cargo/Jetpack/EVAjetpack
[LOG 20:27:26.723] Load DDS texture: Squad/Parts/Cargo/Jetpack/EVAjetpackEmmisive
[LOG 20:27:26.723] Load DDS texture: Squad/Parts/Cargo/Jetpack/EVAjetpackNRM
[LOG 20:27:26.725] Load DDS texture: Squad/Parts/Cargo/Parachute/backpack_Diff
[LOG 20:27:26.740] Load DDS texture: Squad/Parts/Cargo/Parachute/backpack_NM
[LOG 20:27:26.751] Load DDS texture: Squad/Parts/Cargo/RepairKit/RepairKit_Diffuse
[LOG 20:27:26.753] Load DDS texture: Squad/Parts/Cargo/RepairKit/RepairKit_Normal
[LOG 20:27:26.754] Load DDS texture: Squad/Parts/Cargo/ScienceKit/ExperimentKit_Material_Diffuse
[LOG 20:27:26.755] Load DDS texture: Squad/Parts/Cargo/ScienceKit/ExperimentKit_Material_Emissive
[LOG 20:27:26.757] Load DDS texture: Squad/Parts/Cargo/ScienceKit/ExperimentKit_Material_Normal
[LOG 20:27:26.760] Load DDS texture: Squad/Parts/Cargo/StorageUnits/Assets/Cargo_Material_Diffuse
[LOG 20:27:26.775] Load DDS texture: Squad/Parts/Cargo/StorageUnits/Assets/Cargo_Material_Normal
[LOG 20:27:26.788] Load DDS texture: Squad/Parts/Command/advancedSasModuleLarge/model000
[LOG 20:27:26.788] Load DDS texture: Squad/Parts/Command/advancedSasModuleLarge/model001
[LOG 20:27:26.788] Load DDS texture: Squad/Parts/Command/cupola/cupola_Emissive
[LOG 20:27:26.788] Load DDS texture: Squad/Parts/Command/cupola/ksp_l_cupola_diff
[LOG 20:27:26.789] Load DDS texture: Squad/Parts/Command/cupola/ksp_l_cupola_normal
[LOG 20:27:26.790] Load DDS texture: Squad/Parts/Command/cupola/window
[LOG 20:27:26.791] Load DDS texture: Squad/Parts/Command/externalCommandSeat/model000
[LOG 20:27:26.793] Load DDS texture: Squad/Parts/Command/hitchhikerStorageContainer/cabin
[LOG 20:27:26.795] Load DDS texture: Squad/Parts/Command/hitchhikerStorageContainer/cabin_Illum
[LOG 20:27:26.795] Load DDS texture: Squad/Parts/Command/hitchhikerStorageContainer/cabin_n
[LOG 20:27:26.796] Load DDS texture: Squad/Parts/Command/hitchhikerStorageContainer/window
[LOG 20:27:26.796] Load DDS texture: Squad/Parts/Command/inlineAdvancedStabilizer/model000
[LOG 20:27:26.797] Load DDS texture: Squad/Parts/Command/inlineAdvancedStabilizer/model001
[LOG 20:27:26.797] Load DDS texture: Squad/Parts/Command/inlineReactionWheel/model000
[LOG 20:27:26.797] Load DDS texture: Squad/Parts/Command/inlineReactionWheel/model001
[LOG 20:27:26.798] Load DDS texture: Squad/Parts/Command/inlineReactionWheel/model002
[LOG 20:27:26.798] Load DDS texture: Squad/Parts/Command/Mk1-2Pod/mk 1-2 external shell Variant-Hatch
[LOG 20:27:26.799] Load DDS texture: Squad/Parts/Command/Mk1-3Pod/M1-3 Pod
[LOG 20:27:26.800] Load DDS texture: Squad/Parts/Command/Mk1-3Pod/M1-3 Pod_GLOW
[LOG 20:27:26.801] Load DDS texture: Squad/Parts/Command/mk1Cockpits/GLOW
[LOG 20:27:26.801] Load DDS texture: Squad/Parts/Command/mk1Cockpits/Mk1Cockpit
[LOG 20:27:26.803] Load DDS texture: Squad/Parts/Command/mk1LanderCan/ksp_s_landerCan_diff
[LOG 20:27:26.804] Load DDS texture: Squad/Parts/Command/mk1LanderCan/ksp_s_landerCan_normal
[LOG 20:27:26.804] Load DDS texture: Squad/Parts/Command/mk1LanderCan/ksp_s_landerCan_psd_illum
[LOG 20:27:26.804] Load DDS texture: Squad/Parts/Command/mk1pod/outer shell
[LOG 20:27:26.804] Load DDS texture: Squad/Parts/Command/mk1pod_v2/Mk1_v2
[LOG 20:27:26.805] Load DDS texture: Squad/Parts/Command/mk1pod_v2/Mk1_v2_GLOW
[LOG 20:27:26.806] Load DDS texture: Squad/Parts/Command/mk1pod_v2/Mk1_v2_GW
[LOG 20:27:26.807] Load DDS texture: Squad/Parts/Command/mk1pod_v2/Mk1_v2_N
[LOG 20:27:26.807] Load DDS texture: Squad/Parts/Command/mk1pod_v2/Mk1_v2_W
[LOG 20:27:26.808] Load DDS texture: Squad/Parts/Command/mk1pod_v2/Mk1_v2_W_N
[LOG 20:27:26.810] Load DDS texture: Squad/Parts/Command/mk2CockpitInline/Cockpit_inline_A
[LOG 20:27:26.813] Load DDS texture: Squad/Parts/Command/mk2CockpitInline/Cockpit_inline_Emissive
[LOG 20:27:26.813] Load DDS texture: Squad/Parts/Command/mk2CockpitInline/Cockpit_inline_normal
[LOG 20:27:26.814] Load DDS texture: Squad/Parts/Command/mk2CockpitStandard/Cockpit
[LOG 20:27:26.816] Load DDS texture: Squad/Parts/Command/mk2CockpitStandard/Cockpit_Lum
[LOG 20:27:26.817] Load DDS texture: Squad/Parts/Command/mk2CockpitStandard/Cockpit_NRM
[LOG 20:27:26.822] Load DDS texture: Squad/Parts/Command/mk2DroneCore/mk2Dronecore
[LOG 20:27:26.822] Load DDS texture: Squad/Parts/Command/mk2LanderCan/Illum
[LOG 20:27:26.822] Load DDS texture: Squad/Parts/Command/mk2LanderCan/ladder
[LOG 20:27:26.823] Load DDS texture: Squad/Parts/Command/mk2LanderCan/outershell
[LOG 20:27:26.823] Load DDS texture: Squad/Parts/Command/mk2LanderCan/outershell_n
[LOG 20:27:26.825] Load DDS texture: Squad/Parts/Command/mk2LanderCan/window
[LOG 20:27:26.825] Load DDS texture: Squad/Parts/Command/mk2LanderCan_v2/Mk2Can
[LOG 20:27:26.837] Load DDS texture: Squad/Parts/Command/mk2LanderCan_v2/Mk2Can_glow
[LOG 20:27:26.844] Load DDS texture: Squad/Parts/Command/mk3CockpitShuttle/Mk3CockpitShuttle
[LOG 20:27:26.845] Load DDS texture: Squad/Parts/Command/mk3CockpitShuttle/Mk3CockpitShuttle_LUM
[LOG 20:27:26.845] Load DDS texture: Squad/Parts/Command/MpoProbe/MpoProbe_diffuse
[LOG 20:27:26.846] Load DDS texture: Squad/Parts/Command/MpoProbe/MpoProbe_nrm
[LOG 20:27:26.851] Load DDS texture: Squad/Parts/Command/MpoProbe/MpoProbe_specular
[LOG 20:27:26.853] Load DDS texture: Squad/Parts/Command/MtmStage/mtmStage_diffuse
[LOG 20:27:26.855] Load DDS texture: Squad/Parts/Command/MtmStage/mtmStage_nrm
[LOG 20:27:26.856] Load DDS texture: Squad/Parts/Command/MtmStage/mtmStage_specular
[LOG 20:27:26.857] Load DDS texture: Squad/Parts/Command/probeCoreCube/QBE_New_diffuse
[LOG 20:27:26.858] Load Cached PNG Texture: Squad/Parts/Command/probeCoreCube/QBE_New_NRM
[LOG 20:27:26.859] Load DDS texture: Squad/Parts/Command/probeCoreCube/QBE_New_specular
[LOG 20:27:26.860] Load DDS texture: Squad/Parts/Command/probeCoreHex/ksp_m_hexProbe_diff
[LOG 20:27:26.865] Load DDS texture: Squad/Parts/Command/probeCoreHex/ksp_m_hexProbe_normal
[LOG 20:27:26.866] Load DDS texture: Squad/Parts/Command/probeCoreHex_v2/hecsDiffuse
[LOG 20:27:26.866] Load DDS texture: Squad/Parts/Command/probeCoreHex_v2/hecsNormal
[LOG 20:27:26.866] Load DDS texture: Squad/Parts/Command/probeCoreOcto2_v2/octoDiffuse
[LOG 20:27:26.866] Load DDS texture: Squad/Parts/Command/probeCoreOcto2_v2/octoNormal
[LOG 20:27:26.866] Load DDS texture: Squad/Parts/Command/probeCoreOcto2_v2/octoSpecular
[LOG 20:27:26.866] Load DDS texture: Squad/Parts/Command/probeCoreOcto_v2/octoDiffuse
[LOG 20:27:26.867] Load DDS texture: Squad/Parts/Command/probeCoreOcto_v2/octoNormal
[LOG 20:27:26.867] Load DDS texture: Squad/Parts/Command/probeCoreOcto_v2/octoSpecular
[LOG 20:27:26.867] Load DDS texture: Squad/Parts/Command/probeRoverBody/model000
[LOG 20:27:26.867] Load DDS texture: Squad/Parts/Command/probeRoverBody/model001
[LOG 20:27:26.868] Load DDS texture: Squad/Parts/Command/probeRoverBody_v2/probeRoverBody_v2_gold_diffuse
[LOG 20:27:26.868] Load Cached PNG Texture: Squad/Parts/Command/probeRoverBody_v2/probeRoverBody_v2_gold_NRM
[LOG 20:27:26.870] Load DDS texture: Squad/Parts/Command/probeRoverBody_v2/probeRoverBody_v2_gold_specular
[LOG 20:27:26.872] Load DDS texture: Squad/Parts/Command/probeRoverBody_v2/probeRoverBody_v2_silver_diffuse
[LOG 20:27:26.874] Load Cached PNG Texture: Squad/Parts/Command/probeRoverBody_v2/probeRoverBody_v2_silver_NRM
[LOG 20:27:26.875] Load DDS texture: Squad/Parts/Command/probeRoverBody_v2/probeRoverBody_v2_silver_specular
[LOG 20:27:26.877] Load DDS texture: Squad/Parts/Command/probeRoverBody_v2/QBE_New_diffuse
[LOG 20:27:26.877] Load DDS texture: Squad/Parts/Command/probeRoverBody_v2/QBE_New_NRM
[LOG 20:27:26.877] Load DDS texture: Squad/Parts/Command/probeRoverBody_v2/QBE_New_specular
[LOG 20:27:26.877] Load DDS texture: Squad/Parts/Command/probeStackLarge/model000
[LOG 20:27:26.879] Load DDS texture: Squad/Parts/Command/probeStackLarge/model001
[LOG 20:27:26.881] Load DDS texture: Squad/Parts/Command/probeStackSmall/model000
[LOG 20:27:26.896] Load DDS texture: Squad/Parts/Command/probeStackSmall/model001
[LOG 20:27:26.896] Load DDS texture: Squad/Parts/Command/probeStackSphere_v2/probeStackSphere_diffuse
[LOG 20:27:26.898] Load DDS texture: Squad/Parts/Command/probeStackSphere_v2/probeStackSphere_normal
[LOG 20:27:26.900] Load DDS texture: Squad/Parts/Command/probeStackSphere_v2/probeStackSphere_specular
[LOG 20:27:26.901] Load Cached PNG Texture: Squad/Parts/CompoundParts/@thumbs/fuelLine_icon0
[LOG 20:27:26.901] Load Cached PNG Texture: Squad/Parts/CompoundParts/@thumbs/fuelLine_icon1
[LOG 20:27:26.902] Load Cached PNG Texture: Squad/Parts/CompoundParts/@thumbs/strutConnector_icon0
[LOG 20:27:26.902] Load Cached PNG Texture: Squad/Parts/CompoundParts/@thumbs/strutConnector_icon1
[LOG 20:27:26.902] Load DDS texture: Squad/Parts/CompoundParts/FuelLine/FTX-2 External Fuel Duct
[LOG 20:27:26.902] Load DDS texture: Squad/Parts/CompoundParts/FuelLine/FTX-2 External Fuel Duct_ESA
[LOG 20:27:26.902] Load DDS texture: Squad/Parts/CompoundParts/strutConnector/EAS-4 Strut Connector
[LOG 20:27:26.903] Load DDS texture: Squad/Parts/CompoundParts/strutConnector/EAS-4 Strut Connector_white
[LOG 20:27:26.903] Load DDS texture: Squad/Parts/Coupling/Assets/Decouplers
[LOG 20:27:26.908] Load DDS texture: Squad/Parts/Coupling/Assets/Decouplers_N
[LOG 20:27:26.922] Load DDS texture: Squad/Parts/Coupling/Assets/Decouplers_whiteYellow
[LOG 20:27:26.924] Load DDS texture: Squad/Parts/Coupling/Assets/Decouplers_whiteYellow_N
[LOG 20:27:26.932] Load DDS texture: Squad/Parts/Electrical/10CSolarPanels/assets/circularSolarPanel_diffuse
[LOG 20:27:26.933] Load DDS texture: Squad/Parts/Electrical/10CSolarPanels/assets/circularSolarPanel_nrm
[LOG 20:27:26.936] Load DDS texture: Squad/Parts/Electrical/10LSolarPanels/assets/retractableSolarPanel_diffuse
[LOG 20:27:26.937] Load DDS texture: Squad/Parts/Electrical/10LSolarPanels/assets/retractableSolarPanel_nrm
[LOG 20:27:26.938] Load DDS texture: Squad/Parts/Electrical/1x6ShroudSolarPanels/model000
[LOG 20:27:26.939] Load DDS texture: Squad/Parts/Electrical/1x6ShroudSolarPanels/model001
[LOG 20:27:26.939] Load DDS texture: Squad/Parts/Electrical/1x6ShroudSolarPanels/model002
[LOG 20:27:26.940] Load DDS texture: Squad/Parts/Electrical/1x6SolarPanels/model000
[LOG 20:27:26.940] Load DDS texture: Squad/Parts/Electrical/1x6SolarPanels/model001
[LOG 20:27:26.940] Load DDS texture: Squad/Parts/Electrical/1x6SolarPanels/model002
[LOG 20:27:26.940] Load DDS texture: Squad/Parts/Electrical/3x2ShroudSolarPanels/model000
[LOG 20:27:26.941] Load DDS texture: Squad/Parts/Electrical/3x2ShroudSolarPanels/model001
[LOG 20:27:26.941] Load DDS texture: Squad/Parts/Electrical/3x2ShroudSolarPanels/model002
[LOG 20:27:26.941] Load DDS texture: Squad/Parts/Electrical/3x2SolarPanels/model000
[LOG 20:27:26.941] Load DDS texture: Squad/Parts/Electrical/3x2SolarPanels/model001
[LOG 20:27:26.942] Load DDS texture: Squad/Parts/Electrical/3x2SolarPanels/model002
[LOG 20:27:26.942] Load DDS texture: Squad/Parts/Electrical/gigantorXlSolarArray/panel
[LOG 20:27:26.942] Load DDS texture: Squad/Parts/Electrical/radialFlatSolarPanel/model000
[LOG 20:27:26.945] Load DDS texture: Squad/Parts/Electrical/RTG/model000
[LOG 20:27:26.946] Load DDS texture: Squad/Parts/Electrical/z-100Battery/model000
[LOG 20:27:26.946] Load DDS texture: Squad/Parts/Electrical/z-1kBattery/model000
[LOG 20:27:26.946] Load DDS texture: Squad/Parts/Electrical/z-1kBattery/model001
[LOG 20:27:26.946] Load DDS texture: Squad/Parts/Electrical/z-200Battery/ksp_m_batteryPack_diff
[LOG 20:27:26.946] Load DDS texture: Squad/Parts/Electrical/z-400Battery/model000
[LOG 20:27:26.946] Load DDS texture: Squad/Parts/Electrical/z-4kBattery/ksp_l_batteryPack_diff
[LOG 20:27:26.946] Load DDS texture: Squad/Parts/Electrical/z-4kBattery/ksp_l_batteryPack_normal
[LOG 20:27:26.947] Load DDS texture: Squad/Parts/Engine/ionEngine/model000
[LOG 20:27:26.947] Load DDS texture: Squad/Parts/Engine/jetEngines/Jet Engines
[LOG 20:27:26.947] Load DDS texture: Squad/Parts/Engine/jetEngines/Jet_Heat
[LOG 20:27:26.947] Load DDS texture: Squad/Parts/Engine/liquidEngine24-77/engine
[LOG 20:27:26.948] Load DDS texture: Squad/Parts/Engine/liquidEngine24-77_v2/Twitch
[LOG 20:27:26.949] Load DDS texture: Squad/Parts/Engine/liquidEngine24-77_v2/Twitch_G
[LOG 20:27:26.949] Load DDS texture: Squad/Parts/Engine/liquidEngine24-77_v2/Twitch_GLOW
[LOG 20:27:26.949] Load DDS texture: Squad/Parts/Engine/liquidEngine48-7S/ksp_m_liquidEngine_diff
[LOG 20:27:26.949] Load DDS texture: Squad/Parts/Engine/liquidEngine48-7S_v2/Spark
[LOG 20:27:26.950] Load DDS texture: Squad/Parts/Engine/liquidEngine48-7S_v2/Spark_Glow
[LOG 20:27:26.950] Load DDS texture: Squad/Parts/Engine/liquidEngineAerospike/Aerospike
[LOG 20:27:26.950] Load DDS texture: Squad/Parts/Engine/liquidEngineAerospike/Aerospike_Heat
[LOG 20:27:26.950] Load DDS texture: Squad/Parts/Engine/liquidEngineLV-1_v2/Assets/Ant_and_Spider_diffuse
[LOG 20:27:26.950] Load DDS texture: Squad/Parts/Engine/liquidEngineLV-1_v2/Assets/Ant_and_Spider_emissive
[LOG 20:27:26.951] Load DDS texture: Squad/Parts/Engine/liquidEngineLV-1_v2/Assets/Ant_and_Spider_normal
[LOG 20:27:26.951] Load DDS texture: Squad/Parts/Engine/liquidEngineLV-1_v2/Assets/Ant_and_Spider_specular
[LOG 20:27:26.957] Load DDS texture: Squad/Parts/Engine/liquidEngineLV-909_v2/Terrier
[LOG 20:27:26.958] Load DDS texture: Squad/Parts/Engine/liquidEngineLV-909_v2/TerrierFairing
[LOG 20:27:26.958] Load DDS texture: Squad/Parts/Engine/liquidEngineLV-909_v2/Terrier_glow
[LOG 20:27:26.959] Load DDS texture: Squad/Parts/Engine/liquidEngineLV-N/model000
[LOG 20:27:26.960] Load DDS texture: Squad/Parts/Engine/liquidEngineLV-N/model001
[LOG 20:27:26.960] Load DDS texture: Squad/Parts/Engine/liquidEngineLV-N/model002
[LOG 20:27:26.960] Load DDS texture: Squad/Parts/Engine/liquidEngineLV-N/model003
[LOG 20:27:26.960] Load DDS texture: Squad/Parts/Engine/liquidEngineLV-T30/model000
[LOG 20:27:26.960] Load DDS texture: Squad/Parts/Engine/liquidEngineLV-T30/model001
[LOG 20:27:26.961] Load DDS texture: Squad/Parts/Engine/liquidEngineLV-T30/model002
[LOG 20:27:26.961] Load DDS texture: Squad/Parts/Engine/liquidEngineLV-T30_v2/Engine_Emissive
[LOG 20:27:26.970] Load DDS texture: Squad/Parts/Engine/liquidEngineLV-T30_v2/Engine_Normal
[LOG 20:27:26.975] Load DDS texture: Squad/Parts/Engine/liquidEngineLV-T30_v2/Fairing
[LOG 20:27:26.976] Load DDS texture: Squad/Parts/Engine/liquidEngineLV-T30_v2/Reliant_v2-shroud_Diffuse
[LOG 20:27:26.983] Load DDS texture: Squad/Parts/Engine/liquidEngineLV-T30_v2/Reliant_v2_Diffuse
[LOG 20:27:26.989] Load DDS texture: Squad/Parts/Engine/liquidEngineLV-T45/model000
[LOG 20:27:26.991] Load DDS texture: Squad/Parts/Engine/liquidEngineLV-T45/model001
[LOG 20:27:26.991] Load DDS texture: Squad/Parts/Engine/liquidEngineLV-T45/model002
[LOG 20:27:26.991] Load DDS texture: Squad/Parts/Engine/liquidEngineLV-T45/model003
[LOG 20:27:26.991] Load DDS texture: Squad/Parts/Engine/liquidEngineLV-T45_v2/Engine_Emissive
[LOG 20:27:26.996] Load DDS texture: Squad/Parts/Engine/liquidEngineLV-T45_v2/Fairing
[LOG 20:27:26.997] Load DDS texture: Squad/Parts/Engine/liquidEngineLV-T45_v2/Swivel_v2_Diffuse
[LOG 20:27:27.006] Load DDS texture: Squad/Parts/Engine/liquidEngineLV-T45_v2/Swivel_v2_Normal
[LOG 20:27:27.012] Load DDS texture: Squad/Parts/Engine/liquidEngineMainsail_v2/mainsail_diffuse
[LOG 20:27:27.018] Load DDS texture: Squad/Parts/Engine/liquidEngineMainsail_v2/mainsail_emissive
[LOG 20:27:27.020] Load DDS texture: Squad/Parts/Engine/liquidEngineMainsail_v2/mainsail_nrm
[LOG 20:27:27.027] Load DDS texture: Squad/Parts/Engine/liquidEngineMainsail_v2/mainsail_specular
[LOG 20:27:27.036] Load DDS texture: Squad/Parts/Engine/liquidEngineMainsail_v2/Shroud
[LOG 20:27:27.078] Load DDS texture: Squad/Parts/Engine/liquidEngineMk55/Thud
[LOG 20:27:27.078] Load DDS texture: Squad/Parts/Engine/liquidEngineMk55/Thud_Heat
[LOG 20:27:27.078] Load DDS texture: Squad/Parts/Engine/liquidEnginePoodle_v2/poodle
[LOG 20:27:27.079] Load DDS texture: Squad/Parts/Engine/liquidEnginePoodle_v2/PoodleShroud
[LOG 20:27:27.080] Load DDS texture: Squad/Parts/Engine/liquidEnginePoodle_v2/poodle_Glow
[LOG 20:27:27.081] Load DDS texture: Squad/Parts/Engine/liquidEnginePoodle_v2/Poodle_SingleBell_Poodle_Diffuse
[LOG 20:27:27.083] Load DDS texture: Squad/Parts/Engine/liquidEnginePoodle_v2/Poodle_SingleBell_Poodle_Emissive
[LOG 20:27:27.085] Load DDS texture: Squad/Parts/Engine/liquidEnginePoodle_v2/Poodle_SingleBell_Poodle_Normal
[LOG 20:27:27.086] Load DDS texture: Squad/Parts/Engine/liquidEngineSkipper_v2/Shroud
[LOG 20:27:27.087] Load DDS texture: Squad/Parts/Engine/liquidEngineSkipper_v2/skipper_v2_diffuse
[LOG 20:27:27.099] Load DDS texture: Squad/Parts/Engine/liquidEngineSkipper_v2/skipper_v2_emissive
[LOG 20:27:27.105] Load DDS texture: Squad/Parts/Engine/liquidEngineSkipper_v2/skipper_v2_normal
[LOG 20:27:27.117] Load DDS texture: Squad/Parts/Engine/liquidEngineSSME/SSME
[LOG 20:27:27.117] Load DDS texture: Squad/Parts/Engine/liquidEngineSSME/SSME_GLOW
[LOG 20:27:27.117] Load DDS texture: Squad/Parts/Engine/liquidEngineSSME/SSME_NRM
[LOG 20:27:27.117] Load DDS texture: Squad/Parts/Engine/MassiveSRB/solid_booster_cm
[LOG 20:27:27.118] Load DDS texture: Squad/Parts/Engine/MassiveSRB/solid_booster_cm_esa
[LOG 20:27:27.119] Load DDS texture: Squad/Parts/Engine/MassiveSRB/solid_booster_em
[LOG 20:27:27.120] Load DDS texture: Squad/Parts/Engine/MassiveSRB/solid_booster_nm
[LOG 20:27:27.122] Load DDS texture: Squad/Parts/Engine/miniJet/SmallJet
[LOG 20:27:27.123] Load DDS texture: Squad/Parts/Engine/OMSEngine/Puff_diffuse
[LOG 20:27:27.123] Load DDS texture: Squad/Parts/Engine/OMSEngine/Puff_emissive
[LOG 20:27:27.123] Load DDS texture: Squad/Parts/Engine/OMSEngine/Puff_normal
[LOG 20:27:27.123] Load DDS texture: Squad/Parts/Engine/OMSEngine/Puff_specular
[LOG 20:27:27.123] Load DDS texture: Squad/Parts/Engine/rapierEngine/rapierDiffuse
[LOG 20:27:27.123] Load DDS texture: Squad/Parts/Engine/rapierEngine/rapieremit
[LOG 20:27:27.123] Load DDS texture: Squad/Parts/Engine/Size1_SRBs/SRB_O
[LOG 20:27:27.124] Load DDS texture: Squad/Parts/Engine/Size1_SRBs/SRB_W
[LOG 20:27:27.125] Load DDS texture: Squad/Parts/Engine/Size1_SRBs/SRB_Y
[LOG 20:27:27.125] Load DDS texture: Squad/Parts/Engine/Size2LFB/Size2LFBEmissive
[LOG 20:27:27.125] Load DDS texture: Squad/Parts/Engine/Size2LFB/twin_nozzle_booster_cm
[LOG 20:27:27.131] Load DDS texture: Squad/Parts/Engine/Size2LFB/twin_nozzle_booster_nm
[LOG 20:27:27.133] Load DDS texture: Squad/Parts/Engine/Size2LFB_v2/Size2LFBEmissive
[LOG 20:27:27.133] Load DDS texture: Squad/Parts/Engine/Size2LFB_v2/twin_nozzle_booster_cm
[LOG 20:27:27.134] Load DDS texture: Squad/Parts/Engine/Size2LFB_v2/twin_nozzle_booster_nm
[LOG 20:27:27.135] Load DDS texture: Squad/Parts/Engine/Size3AdvancedEngine/decoupler_and_adaptor_cm
[LOG 20:27:27.137] Load DDS texture: Squad/Parts/Engine/Size3AdvancedEngine/Size3AdvancedEngineDiffuse
[LOG 20:27:27.138] Load DDS texture: Squad/Parts/Engine/Size3AdvancedEngine/Size3AdvancedEngineEmissive
[LOG 20:27:27.138] Load DDS texture: Squad/Parts/Engine/Size3AdvancedEngine/Size3AdvancedEngineNormal
[LOG 20:27:27.138] Load DDS texture: Squad/Parts/Engine/Size3EngineCluster/ClusterEngineEmit
[LOG 20:27:27.139] Load DDS texture: Squad/Parts/Engine/Size3EngineCluster/four_nozzle_engine_cm
[LOG 20:27:27.141] Load DDS texture: Squad/Parts/Engine/Size3EngineCluster/four_nozzle_engine_nm
[LOG 20:27:27.142] Load DDS texture: Squad/Parts/Engine/solidBoosterBACC/model000
[LOG 20:27:27.174] Load DDS texture: Squad/Parts/Engine/solidBoosterBACC/model001
[LOG 20:27:27.175] Load DDS texture: Squad/Parts/Engine/solidBoosterBACC/model002
[LOG 20:27:27.176] Load DDS texture: Squad/Parts/Engine/solidBoosterRT-5/RT5
[LOG 20:27:27.176] Load DDS texture: Squad/Parts/Engine/solidBoosterS2-17/solidBoosterS2-17_diffuse
[LOG 20:27:27.188] Load DDS texture: Squad/Parts/Engine/solidBoosterS2-17/solidBoosterS2-17_emissive
[LOG 20:27:27.207] Load DDS texture: Squad/Parts/Engine/solidBoosterS2-17/solidBoosterS2-17_normal
[LOG 20:27:27.223] Load DDS texture: Squad/Parts/Engine/solidBoosterS2-33/solidBoosterS2-33_diffuse
[LOG 20:27:27.254] Load DDS texture: Squad/Parts/Engine/solidBoosterS2-33/solidBoosterS2-33_emissive
[LOG 20:27:27.297] Load DDS texture: Squad/Parts/Engine/solidBoosterS2-33/solidBoosterS2-33_normal
[LOG 20:27:27.355] Load DDS texture: Squad/Parts/Engine/solidBoosterSep/model000
[LOG 20:27:27.355] Load DDS texture: Squad/Parts/Engine/solidBoosterSep/motor
[LOG 20:27:27.355] Load DDS texture: Squad/Parts/Engine/SolidBoostersF/Assets/SolidBoosterF3S0_diffuse
[LOG 20:27:27.355] Load DDS texture: Squad/Parts/Engine/SolidBoostersF/Assets/SolidBoosterF3S0_emissive
[LOG 20:27:27.356] Load DDS texture: Squad/Parts/Engine/SolidBoostersF/Assets/SolidBoosterF3S0_normal
[LOG 20:27:27.356] Load DDS texture: Squad/Parts/FuelTank/adapterTanks/Mk3Adapters
[LOG 20:27:27.359] Load DDS texture: Squad/Parts/FuelTank/drainTankFTE-1/fuelValve_diffuse
[LOG 20:27:27.359] Load DDS texture: Squad/Parts/FuelTank/drainTankFTE-1/fuelValve_nrm
[LOG 20:27:27.359] Load DDS texture: Squad/Parts/FuelTank/FoilTanks/RadialTanks
[LOG 20:27:27.361] Load DDS texture: Squad/Parts/FuelTank/FoilTanks/RadialTanksGold_specular
[LOG 20:27:27.363] Load DDS texture: Squad/Parts/FuelTank/FoilTanks/RadialTanksSilver_specular
[LOG 20:27:27.364] Load DDS texture: Squad/Parts/FuelTank/FoilTanks/RadialTanks_N
[LOG 20:27:27.375] Load DDS texture: Squad/Parts/FuelTank/FoilTanks/RadialTanks_silver
[LOG 20:27:27.376] Load DDS texture: Squad/Parts/FuelTank/fuelTankOscarB/model000
[LOG 20:27:27.376] Load DDS texture: Squad/Parts/FuelTank/fuelTankOscarB/model001
[LOG 20:27:27.377] Load DDS texture: Squad/Parts/FuelTank/fuelTankOscarB/tank
[LOG 20:27:27.377] Load DDS texture: Squad/Parts/FuelTank/fuelTankOscarB/tank_n
[LOG 20:27:27.377] Load DDS texture: Squad/Parts/FuelTank/miniFuselage/Fuselage
[LOG 20:27:27.377] Load DDS texture: Squad/Parts/FuelTank/mk2Adapters/mk2adapters1m
[LOG 20:27:27.381] Load DDS texture: Squad/Parts/FuelTank/mk2FuselageLong/mk2Fuselage
[LOG 20:27:27.384] Load DDS texture: Squad/Parts/FuelTank/mk2FuselageShort/mk2FuselageShort
[LOG 20:27:27.390] Load DDS texture: Squad/Parts/FuelTank/mk3Fuselage/Mk3Fuselage
[LOG 20:27:27.394] Load DDS texture: Squad/Parts/FuelTank/mk3Fuselage/Mk3Fuselage_LUM
[LOG 20:27:27.394] Load DDS texture: Squad/Parts/FuelTank/RCSFuelTankR1/RCSFuelTankR1_01
[LOG 20:27:27.395] Load DDS texture: Squad/Parts/FuelTank/RCSFuelTankR1/RCSFuelTankR1_02
[LOG 20:27:27.395] Load DDS texture: Squad/Parts/FuelTank/RCSFuelTankR1/RCSFuelTankR1_N
[LOG 20:27:27.396] Load DDS texture: Squad/Parts/FuelTank/RCSFuelTankR10/ksp_m_rcsTank_diff
[LOG 20:27:27.397] Load DDS texture: Squad/Parts/FuelTank/RCSFuelTankR10/ksp_m_rcsTank_normal
[LOG 20:27:27.397] Load DDS texture: Squad/Parts/FuelTank/RCSFuelTankR25/FL-R25 RCS Fuel Tank_D
[LOG 20:27:27.398] Load DDS texture: Squad/Parts/FuelTank/RCSFuelTankR25/FL-R25 RCS Fuel Tank_N
[LOG 20:27:27.398] Load DDS texture: Squad/Parts/FuelTank/RCSTankRadial/model000
[LOG 20:27:27.398] Load DDS texture: Squad/Parts/FuelTank/RCStankRadialLong/ksp_r_rcsCylTank_diff
[LOG 20:27:27.399] Load DDS texture: Squad/Parts/FuelTank/RockomaxTanks/Assets/rockomax_16 [AlbedoM] BW
[LOG 20:27:27.409] Load DDS texture: Squad/Parts/FuelTank/RockomaxTanks/Assets/rockomax_16 [AlbedoM] ESA
[LOG 20:27:27.416] Load DDS texture: Squad/Parts/FuelTank/RockomaxTanks/Assets/rockomax_16 [AlbedoM] O
[LOG 20:27:27.422] Load DDS texture: Squad/Parts/FuelTank/RockomaxTanks/Assets/rockomax_16 [Normal] BW
[LOG 20:27:27.428] Load DDS texture: Squad/Parts/FuelTank/RockomaxTanks/Assets/rockomax_16 [Normal]ESA
[LOG 20:27:27.435] Load DDS texture: Squad/Parts/FuelTank/RockomaxTanks/Assets/rockomax_16 [Normal]O
[LOG 20:27:27.444] Load DDS texture: Squad/Parts/FuelTank/RockomaxTanks/Assets/rockomax_32 [AlbedoM] ESA
[LOG 20:27:27.445] Load DDS texture: Squad/Parts/FuelTank/RockomaxTanks/Assets/rockomax_32 [Normal]ESA
[LOG 20:27:27.446] Load DDS texture: Squad/Parts/FuelTank/Size1_Tanks/125Tanks_BW
[LOG 20:27:27.450] Load DDS texture: Squad/Parts/FuelTank/Size1_Tanks/125Tanks_D
[LOG 20:27:27.452] Load DDS texture: Squad/Parts/FuelTank/Size1_Tanks/125Tanks_N
[LOG 20:27:27.455] Load DDS texture: Squad/Parts/FuelTank/Size1_Tanks/125Tanks_O
[LOG 20:27:27.460] Load DDS texture: Squad/Parts/FuelTank/Size1_Tanks/125Tanks_W
[LOG 20:27:27.464] Load DDS texture: Squad/Parts/FuelTank/Size3Tanks/fueltTanks_cm
[LOG 20:27:27.465] Load Cached PNG Texture: Squad/Parts/FuelTank/Size3Tanks/Size3Tanks
[LOG 20:27:27.467] Load Cached PNG Texture: Squad/Parts/FuelTank/Size3Tanks/Size3Tanks_Norm
[LOG 20:27:27.469] Load Cached PNG Texture: Squad/Parts/FuelTank/Size3Tanks/Size3Tanks_Orange
[LOG 20:27:27.470] Load Cached PNG Texture: Squad/Parts/FuelTank/Size3Tanks/Size3Tanks_Orange_Norm
[LOG 20:27:27.472] Load DDS texture: Squad/Parts/FuelTank/xenonTank/model000
[LOG 20:27:27.474] Load DDS texture: Squad/Parts/FuelTank/xenonTank/model001
[LOG 20:27:27.474] Load DDS texture: Squad/Parts/FuelTank/xenonTankLarge/tank
[LOG 20:27:27.474] Load DDS texture: Squad/Parts/FuelTank/xenonTankRadial/ksp_r_xenonTank_diff
[LOG 20:27:27.474] Load DDS texture: Squad/Parts/Misc/AsteroidDay/CamSat
[LOG 20:27:27.475] Load DDS texture: Squad/Parts/Misc/AsteroidDay/CamSat_glow
[LOG 20:27:27.475] Load DDS texture: Squad/Parts/Misc/AsteroidDay/CamSat_N_NRM
[LOG 20:27:27.476] Load DDS texture: Squad/Parts/Misc/AsteroidDay/default
[LOG 20:27:27.476] Load DDS texture: Squad/Parts/Misc/AsteroidDay/hecsDiffuse
[LOG 20:27:27.476] Load DDS texture: Squad/Parts/Misc/AsteroidDay/hecsNormal
[LOG 20:27:27.476] Load DDS texture: Squad/Parts/Misc/AsteroidDay/hecsSpecular
[LOG 20:27:27.476] Load DDS texture: Squad/Parts/Misc/AsteroidDay/JumboHexProbe
[LOG 20:27:27.476] Load DDS texture: Squad/Parts/Misc/AsteroidDay/JumboHexProbe_NORM_NRM
[LOG 20:27:27.477] Load DDS texture: Squad/Parts/Resources/FuelCell/FCLamp
[LOG 20:27:27.477] Load DDS texture: Squad/Parts/Resources/FuelCell/FuelCellRack
[LOG 20:27:27.477] Load DDS texture: Squad/Parts/Resources/FuelCell/fuellcell
[LOG 20:27:27.477] Load DDS texture: Squad/Parts/Resources/ISRU/Processor_Large
[LOG 20:27:27.477] Load DDS texture: Squad/Parts/Resources/LargeTank/ksp_l_resourceContainer_diff
[LOG 20:27:27.477] Load DDS texture: Squad/Parts/Resources/LargeTank/ksp_l_resourceContainer_norm
[LOG 20:27:27.479] Load DDS texture: Squad/Parts/Resources/MiniDrill/DustParticle
[LOG 20:27:27.479] Load DDS texture: Squad/Parts/Resources/MiniDrill/ksp_r_rockProbe_diff
[LOG 20:27:27.479] Load DDS texture: Squad/Parts/Resources/MiniDrill/RockParticle
[LOG 20:27:27.479] Load DDS texture: Squad/Parts/Resources/MiniISRU/ksp_s_processorSmall_diff
[LOG 20:27:27.480] Load DDS texture: Squad/Parts/Resources/OrbitalScanner/detector
[LOG 20:27:27.480] Load DDS texture: Squad/Parts/Resources/RadialDrill/DustParticle
[LOG 20:27:27.480] Load DDS texture: Squad/Parts/Resources/RadialDrill/RockParticle
[LOG 20:27:27.480] Load DDS texture: Squad/Parts/Resources/RadialDrill/TriBitDrill
[LOG 20:27:27.481] Load DDS texture: Squad/Parts/Resources/RadialTank/ksp_r_resourceContainer_psd_2
[LOG 20:27:27.481] Load DDS texture: Squad/Parts/Resources/SmallTank/ksp_s_resourceContainer_diff
[LOG 20:27:27.483] Load DDS texture: Squad/Parts/Resources/SmallTank/ksp_s_resourceContainer_normal
[LOG 20:27:27.485] Load DDS texture: Squad/Parts/Resources/SurfaceScanner/ksp_r_samplerAir_diff
[LOG 20:27:27.486] Load DDS texture: Squad/Parts/Resources/SurveyScanner/dish
[LOG 20:27:27.487] Load DDS texture: Squad/Parts/Resources/SurveyScanner/dish_n
[LOG 20:27:27.488] Load DDS texture: Squad/Parts/Science/AtmosphereSensor/ksp_r_hydroscoop_diff
[LOG 20:27:27.488] Load DDS texture: Squad/Parts/Science/GooExperiment/GooExperiment
[LOG 20:27:27.490] Load DDS texture: Squad/Parts/Science/LargeCrewedLab/Large_Crewed_Lab
[LOG 20:27:27.492] Load DDS texture: Squad/Parts/Science/LargeCrewedLab/Large_Crewed_Lab_glow
[LOG 20:27:27.496] Load DDS texture: Squad/Parts/Science/LargeCrewedLab/window
[LOG 20:27:27.496] Load DDS texture: Squad/Parts/Science/Magnetometer/Magnetometer_diffuse
[LOG 20:27:27.497] Load DDS texture: Squad/Parts/Science/Magnetometer/Magnetometer_nrm
[LOG 20:27:27.497] Load DDS texture: Squad/Parts/Science/MaterialBay/science_module_small
[LOG 20:27:27.497] Load DDS texture: Squad/Parts/Science/MaterialBay/science_module_small_emit
[LOG 20:27:27.498] Load DDS texture: Squad/Parts/Science/MaterialBay/science_module_small_nrm
[LOG 20:27:27.499] Load DDS texture: Squad/Parts/Science/MaterialBay/wires
[LOG 20:27:27.499] Load DDS texture: Squad/Parts/Science/ScienceBox/Container
[LOG 20:27:27.500] Load DDS texture: Squad/Parts/Science/sensorAccelerometer/model000
[LOG 20:27:27.500] Load DDS texture: Squad/Parts/Science/sensorBarometer/model000
[LOG 20:27:27.500] Load DDS texture: Squad/Parts/Science/sensorGravimeter/model000
[LOG 20:27:27.500] Load DDS texture: Squad/Parts/Science/sensorThermometer/model000
[LOG 20:27:27.500] Load DDS texture: Squad/Parts/Structural/FLAdapters/Assets/FLA-Adapters_diffuse
[LOG 20:27:27.501] Load DDS texture: Squad/Parts/Structural/FLAdapters/Assets/FLA-Adapters_diffuse_O
[LOG 20:27:27.502] Load DDS texture: Squad/Parts/Structural/FLAdapters/Assets/FLA-Adapters_normal
[LOG 20:27:27.503] Load DDS texture: Squad/Parts/Structural/FLAdapters/Assets/FLA-Adapters_normal_O
[LOG 20:27:27.504] Load DDS texture: Squad/Parts/Structural/mk1Parts/Mk1Structural
[LOG 20:27:27.505] Load DDS texture: Squad/Parts/Structural/mk1Parts/Mk1StructuralHeat
[LOG 20:27:27.506] Load Cached PNG Texture: Squad/Parts/Structural/mk1Parts/@thumbs/MK1Fuselage_icon
[LOG 20:27:27.506] Load DDS texture: Squad/Parts/Structural/Size3To2Adapter_v2/Size2to3_BW_Diffuse
[LOG 20:27:27.515] Load DDS texture: Squad/Parts/Structural/Size3To2Adapter_v2/Size2to3_DUMMY_NRM
[LOG 20:27:27.516] Load DDS texture: Squad/Parts/Structural/Size3To2Adapter_v2/Size2to3_O_Diffuse
[LOG 20:27:27.523] Load DDS texture: Squad/Parts/Structural/Size3To2Adapter_v2/Size2to3_W_Diffuse
[LOG 20:27:27.530] Load DDS texture: Squad/Parts/Structural/Size3To2Adapter_v2/Size2to3_W_NRM
[LOG 20:27:27.536] Load DDS texture: Squad/Parts/Structural/stackAdapters/Assets/stackAdapters_diffuse
[LOG 20:27:27.537] Load DDS texture: Squad/Parts/Structural/stackAdapters/Assets/stackAdapters_diffuse_Dark
[LOG 20:27:27.538] Load DDS texture: Squad/Parts/Structural/stackAdapters/Assets/stackAdapters_diffuse_Orange
[LOG 20:27:27.539] Load DDS texture: Squad/Parts/Structural/stackAdapters/Assets/stackAdapters_normal
[LOG 20:27:27.540] Load DDS texture: Squad/Parts/Structural/stackAdapters/Assets/stackAdapters_normal_Orange
[LOG 20:27:27.540] Load DDS texture: Squad/Parts/Structural/stationHub/model000
[LOG 20:27:27.541] Load DDS texture: Squad/Parts/Structural/stationHub/model001
[LOG 20:27:27.541] Load DDS texture: Squad/Parts/Structural/structuralIBeam200/model000
[LOG 20:27:27.541] Load DDS texture: Squad/Parts/Structural/structuralIBeam200Pocket/model000
[LOG 20:27:27.541] Load DDS texture: Squad/Parts/Structural/structuralIBeam650/model000
[LOG 20:27:27.541] Load DDS texture: Squad/Parts/Structural/structuralMicronode/model000
[LOG 20:27:27.541] Load DDS texture: Squad/Parts/Structural/structuralPanel1x1/model000
[LOG 20:27:27.541] Load DDS texture: Squad/Parts/Structural/structuralPanel1x1/model001
[LOG 20:27:27.542] Load DDS texture: Squad/Parts/Structural/structuralPanel2x2/model000
[LOG 20:27:27.542] Load DDS texture: Squad/Parts/Structural/structuralPanel2x2/model001
[LOG 20:27:27.542] Load DDS texture: Squad/Parts/Structural/structuralPylons/Pylons
[LOG 20:27:27.542] Load DDS texture: Squad/Parts/Structural/strutCubicOcto/cubestrut
[LOG 20:27:27.543] Load DDS texture: Squad/Parts/Structural/strutOcto/model000
[LOG 20:27:27.543] Load DDS texture: Squad/Parts/Structural/trussGirderAdapter/model000
[LOG 20:27:27.543] Load DDS texture: Squad/Parts/Structural/trussGirderAdapter/model001
[LOG 20:27:27.543] Load DDS texture: Squad/Parts/Structural/trussGirderL/model000
[LOG 20:27:27.544] Load DDS texture: Squad/Parts/Structural/trussGirderXL/model000
[LOG 20:27:27.544] Load DDS texture: Squad/Parts/Thermal/FoldingRadiators/radiator
[LOG 20:27:27.545] Load DDS texture: Squad/Parts/Thermal/FoldingRadiators/radiator_N_NRM
[LOG 20:27:27.545] Load DDS texture: Squad/Parts/Thermal/RadiatorPanels/radPanel
[LOG 20:27:27.546] Load DDS texture: Squad/Parts/Thermal/RadiatorPanels/radPanel_N_NRM
[LOG 20:27:27.549] Load DDS texture: Squad/Parts/Utility/commDish88-88/comm_dish_array
[LOG 20:27:27.550] Load DDS texture: Squad/Parts/Utility/commDish88-88/comm_dish_v2_diff
[LOG 20:27:27.550] Load DDS texture: Squad/Parts/Utility/commDish88-88/model000
[LOG 20:27:27.550] Load DDS texture: Squad/Parts/Utility/commsAntennaDTS-M1/mediumDishAntenna
[LOG 20:27:27.551] Load DDS texture: Squad/Parts/Utility/commsAntennaDTS-M1/mediumDishAntenna_Emit
[LOG 20:27:27.552] Load DDS texture: Squad/Parts/Utility/commsDish16/model000
[LOG 20:27:27.552] Load DDS texture: Squad/Parts/Utility/decouplerRadialHDM/model000
[LOG 20:27:27.552] Load DDS texture: Squad/Parts/Utility/decouplerRadialTT-38K/model000
[LOG 20:27:27.552] Load DDS texture: Squad/Parts/Utility/decouplerRadialTT-38K/model001
[LOG 20:27:27.552] Load DDS texture: Squad/Parts/Utility/decouplerRadialTT-70/model000
[LOG 20:27:27.552] Load DDS texture: Squad/Parts/Utility/DirectAntennas/MiniAntenna
[LOG 20:27:27.552] Load DDS texture: Squad/Parts/Utility/dockingPort/Arrow Pointer
[LOG 20:27:27.552] Load DDS texture: Squad/Parts/Utility/dockingPort/DockingPorts_Clampotron_Diffuse
[LOG 20:27:27.558] Load DDS texture: Squad/Parts/Utility/dockingPort/DockingPorts_Clampotron_Emissive
[LOG 20:27:27.559] Load DDS texture: Squad/Parts/Utility/dockingPort/DockingPorts_Clampotron_Normal
[LOG 20:27:27.565] Load DDS texture: Squad/Parts/Utility/dockingPortInline/Arrow Pointer
[LOG 20:27:27.567] Load DDS texture: Squad/Parts/Utility/dockingPortInline/ClampotronLinear_ClampotronLinear_Diffuse
[LOG 20:27:27.573] Load DDS texture: Squad/Parts/Utility/dockingPortInline/ClampotronLinear_ClampotronLinear_Emissive
[LOG 20:27:27.574] Load DDS texture: Squad/Parts/Utility/dockingPortInline/ClampotronLinear_ClampotronLinear_Normal
[LOG 20:27:27.583] Load DDS texture: Squad/Parts/Utility/dockingPortInline/DockingPorts_Clampotron_Diffuse
[LOG 20:27:27.588] Load DDS texture: Squad/Parts/Utility/dockingPortInline/DockingPorts_Clampotron_Emissive
[LOG 20:27:27.590] Load DDS texture: Squad/Parts/Utility/dockingPortInline/DockingPorts_Clampotron_Normal
[LOG 20:27:27.595] Load DDS texture: Squad/Parts/Utility/dockingPortJr/Arrow Pointer
[LOG 20:27:27.596] Load DDS texture: Squad/Parts/Utility/dockingPortJr/DockingPorts_ClampotronJR_Diffuse
[LOG 20:27:27.597] Load DDS texture: Squad/Parts/Utility/dockingPortJr/DockingPorts_ClampotronJR_Normal
[LOG 20:27:27.598] Load DDS texture: Squad/Parts/Utility/dockingPortJr/model000
[LOG 20:27:27.598] Load DDS texture: Squad/Parts/Utility/dockingPortShielded/Arrow Pointer
[LOG 20:27:27.598] Load DDS texture: Squad/Parts/Utility/dockingPortShielded/Clamp-O-Tron Shielded Docking Port_ClampotronShielded_Diffuse
[LOG 20:27:27.603] Load DDS texture: Squad/Parts/Utility/dockingPortShielded/Clamp-O-Tron Shielded Docking Port_ClampotronShielded_Normal
[LOG 20:27:27.612] Load DDS texture: Squad/Parts/Utility/dockingPortShielded/DockingPorts_Clampotron_Diffuse
[LOG 20:27:27.622] Load DDS texture: Squad/Parts/Utility/dockingPortShielded/DockingPorts_Clampotron_Emissive
[LOG 20:27:27.622] Load DDS texture: Squad/Parts/Utility/dockingPortShielded/DockingPorts_Clampotron_Normal
[LOG 20:27:27.629] Load DDS texture: Squad/Parts/Utility/dockingPortSr/Arrow Pointer
[LOG 20:27:27.629] Load DDS texture: Squad/Parts/Utility/dockingPortSr/ClampotronSr_ClampotronSr_Diffuse
[LOG 20:27:27.635] Load DDS texture: Squad/Parts/Utility/dockingPortSr/ClampotronSr_ClampotronSr_Diffuse_gray
[LOG 20:27:27.641] Load DDS texture: Squad/Parts/Utility/dockingPortSr/ClampotronSr_ClampotronSr_Emissive
[LOG 20:27:27.643] Load DDS texture: Squad/Parts/Utility/dockingPortSr/ClampotronSr_ClampotronSr_Normal
[LOG 20:27:27.648] Load Cached PNG Texture: Squad/Parts/Utility/Fireworks/Assets/fireworks_launcher_big 1
[LOG 20:27:27.655] Load Cached PNG Texture: Squad/Parts/Utility/Fireworks/Assets/fireworks_launcher_big
[LOG 20:27:27.661] Load Cached PNG Texture: Squad/Parts/Utility/flags/backgroundTextures/dark_background
[LOG 20:27:27.661] Load Cached PNG Texture: Squad/Parts/Utility/flags/backgroundTextures/orange_background
[LOG 20:27:27.661] Load Cached PNG Texture: Squad/Parts/Utility/flags/backgroundTextures/white_background
[LOG 20:27:27.661] Load DDS texture: Squad/Parts/Utility/GrapplingDevice/grabberDiffuse
[LOG 20:27:27.662] Load DDS texture: Squad/Parts/Utility/GrapplingDevice/grabberDiffuse_dark
[LOG 20:27:27.663] Load DDS texture: Squad/Parts/Utility/GrapplingDevice/grabberNRM
[LOG 20:27:27.663] Load DDS texture: Squad/Parts/Utility/GrapplingDevice/window
[LOG 20:27:27.663] Load DDS texture: Squad/Parts/Utility/ladderRadial/model000
[LOG 20:27:27.663] Load DDS texture: Squad/Parts/Utility/ladderTelescopic/model000
[LOG 20:27:27.666] Load DDS texture: Squad/Parts/Utility/ladderTelescopic/model001
[LOG 20:27:27.666] Load DDS texture: Squad/Parts/Utility/ladderTelescopic/model002
[LOG 20:27:27.667] Load DDS texture: Squad/Parts/Utility/ladderTelescopicBay/model000
[LOG 20:27:27.667] Load DDS texture: Squad/Parts/Utility/ladderTelescopicBay/model001
[LOG 20:27:27.668] Load DDS texture: Squad/Parts/Utility/landingLegLT-1/ksp_r_landingStrut_diff
[LOG 20:27:27.668] Load DDS texture: Squad/Parts/Utility/landingLegLT-2/landingLeg
[LOG 20:27:27.669] Load DDS texture: Squad/Parts/Utility/landingLegLT-5/leg
[LOG 20:27:27.669] Load DDS texture: Squad/Parts/Utility/landingLegLT-5/model000
[LOG 20:27:27.669] Load DDS texture: Squad/Parts/Utility/launchClamp1/model000
[LOG 20:27:27.669] Load DDS texture: Squad/Parts/Utility/launchClamp1/model001
[LOG 20:27:27.669] Load DDS texture: Squad/Parts/Utility/launchEscapeSystem/LES_Diffuse
[LOG 20:27:27.674] Load DDS texture: Squad/Parts/Utility/Lights/Assets/Lights_Attacheable_Lights_Diffuse
[LOG 20:27:27.674] Load DDS texture: Squad/Parts/Utility/Lights/Assets/Lights_Attacheable_Lights_Diffuse_white
[LOG 20:27:27.675] Load DDS texture: Squad/Parts/Utility/Lights/Assets/Lights_Attacheable_Lights_Emissive
[LOG 20:27:27.675] Load DDS texture: Squad/Parts/Utility/Lights/Assets/Lights_Attacheable_Lights_Normal
[LOG 20:27:27.675] Load DDS texture: Squad/Parts/Utility/Lights/Assets/Lights_Rectangle_Light_Diffuse
[LOG 20:27:27.681] Load DDS texture: Squad/Parts/Utility/Lights/Assets/Lights_Rectangle_Light_Diffuse_white
[LOG 20:27:27.691] Load DDS texture: Squad/Parts/Utility/Lights/Assets/Lights_Rectangle_Light_Emissive
[LOG 20:27:27.697] Load DDS texture: Squad/Parts/Utility/Lights/Assets/Lights_Rectangle_Light_Normal
[LOG 20:27:27.704] Load DDS texture: Squad/Parts/Utility/Lights/Assets/Lights_Worklights_Diffuse
[LOG 20:27:27.705] Load DDS texture: Squad/Parts/Utility/Lights/Assets/Lights_Worklights_Emissive
[LOG 20:27:27.706] Load DDS texture: Squad/Parts/Utility/Lights/Assets/Lights_Worklights_Normal
[LOG 20:27:27.707] Load DDS texture: Squad/Parts/Utility/Lights/Assets/Spotlight_Attacheable_Lights_Diffuse
[LOG 20:27:27.707] Load DDS texture: Squad/Parts/Utility/Lights/Assets/Spotlight_Attacheable_Lights_Diffuse_white
[LOG 20:27:27.708] Load DDS texture: Squad/Parts/Utility/Lights/Assets/Spotlight_Attacheable_Lights_Emissive
[LOG 20:27:27.708] Load DDS texture: Squad/Parts/Utility/Lights/Assets/Spotlight_Attacheable_Lights_Normal
[LOG 20:27:27.708] Load DDS texture: Squad/Parts/Utility/linearVernorRCS/Assets/linear_vernor_diffuse
[LOG 20:27:27.708] Load DDS texture: Squad/Parts/Utility/linearVernorRCS/Assets/linear_vernor_emissive
[LOG 20:27:27.708] Load DDS texture: Squad/Parts/Utility/linearVernorRCS/Assets/linear_vernor_normalDummy
[LOG 20:27:27.709] Load DDS texture: Squad/Parts/Utility/linearVernorRCS/Assets/linear_vernor_specular
[LOG 20:27:27.709] Load DDS texture: Squad/Parts/Utility/mk2CargoBay/mk2CargoBay
[LOG 20:27:27.709] Load DDS texture: Squad/Parts/Utility/mk2CrewCabin/mk2CrewCabin
[LOG 20:27:27.710] Load DDS texture: Squad/Parts/Utility/mk2CrewCabin/mk2CrewCabin_LUM
[LOG 20:27:27.710] Load DDS texture: Squad/Parts/Utility/mk2DockingPort/Arrow Pointer
[LOG 20:27:27.710] Load DDS texture: Squad/Parts/Utility/mk2DockingPort/Mk2Clampotron_Caps_Diffuse
[LOG 20:27:27.710] Load DDS texture: Squad/Parts/Utility/mk2DockingPort/Mk2Clampotron_Caps_Emmisive
[LOG 20:27:27.711] Load DDS texture: Squad/Parts/Utility/mk2DockingPort/Mk2Clampotron_Caps_Normal
[LOG 20:27:27.711] Load DDS texture: Squad/Parts/Utility/mk2DockingPort/Mk2Clampotron_Mk2Clampotron_Diffuse
[LOG 20:27:27.718] Load DDS texture: Squad/Parts/Utility/mk2DockingPort/Mk2Clampotron_Mk2Clampotron_Emissive
[LOG 20:27:27.719] Load DDS texture: Squad/Parts/Utility/mk2DockingPort/Mk2Clampotron_Mk2Clampotron_Normal
[LOG 20:27:27.732] Load DDS texture: Squad/Parts/Utility/mk2DockingPort/mk2DockingPort
[LOG 20:27:27.733] Load DDS texture: Squad/Parts/Utility/mk3CargoBay/Mk3CargoBay
[LOG 20:27:27.733] Load DDS texture: Squad/Parts/Utility/parachuteMk1/model000
[LOG 20:27:27.734] Load DDS texture: Squad/Parts/Utility/parachuteMk1/model001
[LOG 20:27:27.734] Load DDS texture: Squad/Parts/Utility/parachuteMk12-R/model000
[LOG 20:27:27.734] Load DDS texture: Squad/Parts/Utility/parachuteMk12-R/model001
[LOG 20:27:27.734] Load DDS texture: Squad/Parts/Utility/parachuteMk16-XL/model000
[LOG 20:27:27.734] Load DDS texture: Squad/Parts/Utility/parachuteMk16-XL/model001
[LOG 20:27:27.734] Load DDS texture: Squad/Parts/Utility/parachuteMk2-R/model000
[LOG 20:27:27.734] Load DDS texture: Squad/Parts/Utility/parachuteMk2-R/model001
[LOG 20:27:27.735] Load DDS texture: Squad/Parts/Utility/parachuteMk25/model000
[LOG 20:27:27.735] Load DDS texture: Squad/Parts/Utility/parachuteMk25/model001
[LOG 20:27:27.735] Load DDS texture: Squad/Parts/Utility/radialAttachmentPoint/model000
[LOG 20:27:27.736] Load DDS texture: Squad/Parts/Utility/radialAttachmentPoint/model001
[LOG 20:27:27.736] Load DDS texture: Squad/Parts/Utility/rcsBlockRV-105_v2/rcsBlock_diffuse
[LOG 20:27:27.736] Load DDS texture: Squad/Parts/Utility/rcsBlockRV-105_v2/rcsThrusterBlock_normal
[LOG 20:27:27.736] Load DDS texture: Squad/Parts/Utility/rcsBlockRV-105_v2/rcsThruster_emissive
[LOG 20:27:27.736] Load DDS texture: Squad/Parts/Utility/rcsBlockRV-105_v2/rcsThruster_specular
[LOG 20:27:27.736] Load DDS texture: Squad/Parts/Utility/rcsBlockRV-105_v2/RCS_Block_Diffuse
[LOG 20:27:27.736] Load DDS texture: Squad/Parts/Utility/rcsBlockRV-105_v2/RCS_Block_Emissive
[LOG 20:27:27.737] Load DDS texture: Squad/Parts/Utility/rcsBlockRV-105_v2/RCS_Block_Normal
[LOG 20:27:27.737] Load DDS texture: Squad/Parts/Utility/rcsBlockRV-105_v2/RCS_Block_Specular
[LOG 20:27:27.737] Load DDS texture: Squad/Parts/Utility/rcsSmallLinear/Assets/RCS_Linear_Base_Diffuse
[LOG 20:27:27.738] Load DDS texture: Squad/Parts/Utility/rcsSmallLinear/Assets/RCS_Linear_Diffuse
[LOG 20:27:27.738] Load DDS texture: Squad/Parts/Utility/rcsSmallLinear/Assets/RCS_Linear_Emissive
[LOG 20:27:27.738] Load DDS texture: Squad/Parts/Utility/rcsSmallLinear/Assets/RCS_Linear_Normal
[LOG 20:27:27.738] Load DDS texture: Squad/Parts/Utility/rcsSmallLinear/Assets/RCS_Linear_Specular
[LOG 20:27:27.739] Load DDS texture: Squad/Parts/Utility/RelayAntennas/DishAntenna
[LOG 20:27:27.739] Load DDS texture: Squad/Parts/Utility/RelayAntennas/MiniAntenna
[LOG 20:27:27.739] Load DDS texture: Squad/Parts/Utility/rockomaxAdapters/Assets/Rockomax_Adapters_diffuse
[LOG 20:27:27.740] Load DDS texture: Squad/Parts/Utility/rockomaxAdapters/Assets/Rockomax_Adapters_diffuse_O
[LOG 20:27:27.741] Load DDS texture: Squad/Parts/Utility/rockomaxAdapters/Assets/Rockomax_Adapters_diffuse_W
[LOG 20:27:27.742] Load DDS texture: Squad/Parts/Utility/rockomaxAdapters/Assets/Rockomax_Adapters_normal
[LOG 20:27:27.743] Load DDS texture: Squad/Parts/Utility/rockomaxAdapters/Assets/Rockomax_Adapters_normal_O
[LOG 20:27:27.745] Load DDS texture: Squad/Parts/Utility/ServiceBay/ServiceBay
[LOG 20:27:27.746] Load Cached PNG Texture: Squad/Parts/Utility/ServiceBay_v2/Assets/Scratch
[LOG 20:27:27.747] Load Cached PNG Texture: Squad/Parts/Utility/ServiceBay_v2/Assets/ServiceBay_bump
[LOG 20:27:27.748] Load Cached PNG Texture: Squad/Parts/Utility/ServiceBay_v2/Assets/ServiceBay_v2
[LOG 20:27:27.749] Load DDS texture: Squad/Parts/Utility/smallClaw/grabberSmallDiffuse
[LOG 20:27:27.749] Load DDS texture: Squad/Parts/Utility/smallClaw/grabberSmallDiffuseDark
[LOG 20:27:27.750] Load DDS texture: Squad/Parts/Utility/smallClaw/grabberSmallNRM
[LOG 20:27:27.750] Load DDS texture: Squad/Parts/Utility/smallClaw/window
[LOG 20:27:27.750] Load DDS texture: Squad/Parts/Utility/spotLightMk1/light1
[LOG 20:27:27.750] Load DDS texture: Squad/Parts/Utility/spotLightMk1/light1_em
[LOG 20:27:27.751] Load DDS texture: Squad/Parts/Utility/spotLightMk1_v2/spotLightMk1_Diffuse
[LOG 20:27:27.751] Load DDS texture: Squad/Parts/Utility/spotLightMk1_v2/spotLightMk1_Diffuse_white
[LOG 20:27:27.751] Load DDS texture: Squad/Parts/Utility/spotLightMk1_v2/spotLightMk1_Emissive
[LOG 20:27:27.751] Load DDS texture: Squad/Parts/Utility/spotLightMk1_v2/spotLightMk1_Normal
[LOG 20:27:27.752] Load DDS texture: Squad/Parts/Utility/spotLightMk2/light2
[LOG 20:27:27.752] Load DDS texture: Squad/Parts/Utility/spotLightMk2/light2_em
[LOG 20:27:27.752] Load DDS texture: Squad/Parts/Utility/spotLightMk2_v2/spotLightMk2_Diffuse
[LOG 20:27:27.752] Load DDS texture: Squad/Parts/Utility/spotLightMk2_v2/spotLightMk2_Diffuse_white
[LOG 20:27:27.753] Load DDS texture: Squad/Parts/Utility/spotLightMk2_v2/spotLightMk2_Emissive
[LOG 20:27:27.753] Load DDS texture: Squad/Parts/Utility/spotLightMk2_v2/spotLightMk2_Normal
[LOG 20:27:27.754] Load DDS texture: Squad/Parts/Utility/stackCouplers/Assets/stackCouplersDiffuse
[LOG 20:27:27.754] Load DDS texture: Squad/Parts/Utility/stackCouplers/Assets/stackCouplersDiffuse_Dark
[LOG 20:27:27.756] Load DDS texture: Squad/Parts/Utility/stackCouplers/Assets/stackCouplersDiffuse_Orange
[LOG 20:27:27.758] Load DDS texture: Squad/Parts/Utility/stackCouplers/Assets/stackCouplers_NRM
[LOG 20:27:27.763] Load DDS texture: Squad/Parts/Utility/stackCouplers/Assets/stackCouplers_Orange_NRM
[LOG 20:27:27.764] Load DDS texture: Squad/Parts/Wheel/LandingGear/Flare
[LOG 20:27:27.765] Load DDS texture: Squad/Parts/Wheel/LandingGear/LandingGear
[LOG 20:27:27.766] Load DDS texture: Squad/Parts/Wheel/LandingGear/LandingGear_Emissive
[LOG 20:27:27.767] Load DDS texture: Squad/Parts/Wheel/roverWheelM1/model000
[LOG 20:27:27.767] Load DDS texture: Squad/Parts/Wheel/roverWheelM1/roverwheel1
[LOG 20:27:27.767] Load DDS texture: Squad/Parts/Wheel/roverWheelS2/model000
[LOG 20:27:27.767] Load DDS texture: Squad/Parts/Wheel/roverWheelS2/model001
[LOG 20:27:27.768] Load DDS texture: Squad/Parts/Wheel/roverWheelS2/roverwheel2
[LOG 20:27:27.768] Load DDS texture: Squad/Parts/Wheel/roverWheelS2/roverwheel2_n
[LOG 20:27:27.768] Load DDS texture: Squad/Parts/Wheel/roverWheelTR-2L/ksp_r_medWheel_diff
[LOG 20:27:27.769] Load DDS texture: Squad/Parts/Wheel/roverWheelTR-2L/ksp_r_medWheel_normal
[LOG 20:27:27.770] Load DDS texture: Squad/Parts/Wheel/roverWheelTR-2L/ksp_r_medWheel_wheel_diff
[LOG 20:27:27.771] Load DDS texture: Squad/Parts/Wheel/roverWheelTR-2L/ksp_r_medWheel_wheel_normal
[LOG 20:27:27.773] Load DDS texture: Squad/Parts/Wheel/roverWheelXL3/mount
[LOG 20:27:27.774] Load DDS texture: Squad/Parts/Wheel/roverWheelXL3/mount_n
[LOG 20:27:27.774] Load DDS texture: Squad/Parts/Wheel/roverWheelXL3/wheel
[LOG 20:27:27.775] Load DDS texture: Squad/Parts/Wheel/roverWheelXL3/wheel_n
[LOG 20:27:27.775] Load DDS texture: Squad/Props/AltimeterThreeHands/model000
[LOG 20:27:27.775] Load DDS texture: Squad/Props/AltimeterThreeHands/model001
[LOG 20:27:27.775] Load DDS texture: Squad/Props/AtmosphereDepth/model000
[LOG 20:27:27.775] Load DDS texture: Squad/Props/AtmosphereDepth/model001
[LOG 20:27:27.775] Load DDS texture: Squad/Props/AxisIndicator/model000
[LOG 20:27:27.776] Load DDS texture: Squad/Props/buttonsGeneric/ButtonsAndSwitches
[LOG 20:27:27.776] Load DDS texture: Squad/Props/ButtonSquare/model000
[LOG 20:27:27.776] Load DDS texture: Squad/Props/circularButton/model000
[LOG 20:27:27.776] Load DDS texture: Squad/Props/Compass/model000
[LOG 20:27:27.777] Load DDS texture: Squad/Props/directionalKnob/model000
[LOG 20:27:27.777] Load DDS texture: Squad/Props/directionalKnob2/model000
[LOG 20:27:27.777] Load DDS texture: Squad/Props/IndicatorPanel/model000
[LOG 20:27:27.778] Load DDS texture: Squad/Props/IndicatorPanel/model001
[LOG 20:27:27.778] Load DDS texture: Squad/Props/IVANavBall/Arrows8dir
[LOG 20:27:27.779] Load DDS texture: Squad/Props/IVANavBall/IVANavBall
[LOG 20:27:27.779] Load DDS texture: Squad/Props/IVANavBall/IVANavBall_Glow
[LOG 20:27:27.779] Load DDS texture: Squad/Props/IVANavBall/ManeuverNode_vectors
[LOG 20:27:27.779] Load DDS texture: Squad/Props/IVANavBall/navball2
[LOG 20:27:27.779] Load DDS texture: Squad/Props/IVANavBall/navBall_DV_IVA
[LOG 20:27:27.779] Load DDS texture: Squad/Props/IVANavBall/navBall_vectors_IVA
[LOG 20:27:27.780] Load Cached PNG Texture: Squad/Props/IVANavBallNoBase/Arrows8dir
[LOG 20:27:27.780] Load Cached PNG Texture: Squad/Props/IVANavBallNoBase/IVANavBall
[LOG 20:27:27.780] Load Cached PNG Texture: Squad/Props/IVANavBallNoBase/ManeuverNode_vectors
[LOG 20:27:27.780] Load Cached PNG Texture: Squad/Props/IVANavBallNoBase/navball2
[LOG 20:27:27.780] Load Cached PNG Texture: Squad/Props/IVANavBallNoBase/navBall_DV_IVA
[LOG 20:27:27.780] Load Cached PNG Texture: Squad/Props/IVANavBallNoBase/navBall_vectors_IVA
[LOG 20:27:27.780] Load DDS texture: Squad/Props/ledPanelSpeed/circularButton
[LOG 20:27:27.780] Load DDS texture: Squad/Props/ledPanelSpeed/ledPanel
[LOG 20:27:27.780] Load DDS texture: Squad/Props/Monitor/Emissives
[LOG 20:27:27.780] Load DDS texture: Squad/Props/Monitor/Emissives_glow
[LOG 20:27:27.781] Load DDS texture: Squad/Props/Monitor/Monitor
[LOG 20:27:27.781] Load DDS texture: Squad/Props/NavBall/GaugeGee
[LOG 20:27:27.781] Load DDS texture: Squad/Props/NavBall/GaugeThrottle
[LOG 20:27:27.781] Load DDS texture: Squad/Props/NavBall/model000
[LOG 20:27:27.781] Load DDS texture: Squad/Props/NavBall/model001
[LOG 20:27:27.781] Load DDS texture: Squad/Props/NavBall/model002
[LOG 20:27:27.782] Load DDS texture: Squad/Props/NavBall/model003
[LOG 20:27:27.782] Load DDS texture: Squad/Props/PropsGeneric/propsGeneric
[LOG 20:27:27.783] Load DDS texture: Squad/Props/pullSwitch/model000
[LOG 20:27:27.783] Load DDS texture: Squad/Props/pullSwitch/model001
[LOG 20:27:27.789] Load DDS texture: Squad/Props/radarAltitude/model000
[LOG 20:27:27.789] Load DDS texture: Squad/Props/squareButton/model000
[LOG 20:27:27.789] Load DDS texture: Squad/Props/standingSwitch/model000
[LOG 20:27:27.789] Load DDS texture: Squad/Props/standingSwitch/model001
[LOG 20:27:27.789] Load DDS texture: Squad/Props/switch/model000
[LOG 20:27:27.789] Load DDS texture: Squad/Props/switchGuard/model000
[LOG 20:27:27.790] Load DDS texture: Squad/Props/switchWithGuards/model000
[LOG 20:27:27.790] Load DDS texture: Squad/Props/switchWithGuards/model001
[LOG 20:27:27.790] Load DDS texture: Squad/Props/switchWithGuards/model002
[LOG 20:27:27.790] Load DDS texture: Squad/Props/throttle/model000
[LOG 20:27:27.790] Load DDS texture: Squad/Props/throttle/model001
[LOG 20:27:27.791] Load DDS texture: Squad/Props/VSI/model000
[LOG 20:27:27.791] Load DDS texture: Squad/Spaces/crewCabinInternals/model000
[LOG 20:27:27.791] Load DDS texture: Squad/Spaces/crewCabinInternals/model001
[LOG 20:27:27.798] Load DDS texture: Squad/Spaces/crewCabinInternals/model002
[LOG 20:27:27.798] Load DDS texture: Squad/Spaces/crewCabinInternals/model003
[LOG 20:27:27.799] Load DDS texture: Squad/Spaces/crewCabinInternals/model004
[LOG 20:27:27.799] Load DDS texture: Squad/Spaces/crewCabinInternals/model005
[LOG 20:27:27.800] Load DDS texture: Squad/Spaces/cupolaInternal/ksp_l_cupola_internal_diff
[LOG 20:27:27.805] Load DDS texture: Squad/Spaces/cupolaInternal/ksp_l_cupola_internal_normal
[LOG 20:27:27.811] Load DDS texture: Squad/Spaces/cupolaInternal/ksp_l_cupola_internal_windows_alpha
[LOG 20:27:27.813] Load DDS texture: Squad/Spaces/cupolaInternal/pilot Seat
[LOG 20:27:27.814] Load DDS texture: Squad/Spaces/GenericSpace1/model000
[LOG 20:27:27.814] Load DDS texture: Squad/Spaces/GenericSpace1/model001
[LOG 20:27:27.816] Load DDS texture: Squad/Spaces/GenericSpace1/model002
[LOG 20:27:27.817] Load DDS texture: Squad/Spaces/GenericSpace1/model003
[LOG 20:27:27.817] Load DDS texture: Squad/Spaces/GenericSpace1/model004
[LOG 20:27:27.818] Load DDS texture: Squad/Spaces/GenericSpace1/model005
[LOG 20:27:27.820] Load DDS texture: Squad/Spaces/GenericSpace3/model000
[LOG 20:27:27.820] Load DDS texture: Squad/Spaces/GenericSpace3/model001
[LOG 20:27:27.821] Load DDS texture: Squad/Spaces/GenericSpace3/model002
[LOG 20:27:27.821] Load DDS texture: Squad/Spaces/GenericSpace3/model003
[LOG 20:27:27.823] Load DDS texture: Squad/Spaces/GenericSpace3/model004
[LOG 20:27:27.823] Load DDS texture: Squad/Spaces/GenericSpace3/model005
[LOG 20:27:27.825] Load DDS texture: Squad/Spaces/GenericSpace3/model006
[LOG 20:27:27.825] Load DDS texture: Squad/Spaces/GenericSpace3/model007
[LOG 20:27:27.826] Load DDS texture: Squad/Spaces/landerCabinInternals/model000
[LOG 20:27:27.827] Load DDS texture: Squad/Spaces/landerCabinInternals/model001
[LOG 20:27:27.829] Load DDS texture: Squad/Spaces/landerCabinInternals/model002
[LOG 20:27:27.833] Load DDS texture: Squad/Spaces/landerCabinInternals/model003
[LOG 20:27:27.838] Load DDS texture: Squad/Spaces/landerCabinInternals/model004
[LOG 20:27:27.839] Load DDS texture: Squad/Spaces/landerCabinInternals/model005
[LOG 20:27:27.839] Load DDS texture: Squad/Spaces/landerCabinInternals/model006
[LOG 20:27:27.840] Load DDS texture: Squad/Spaces/landerCabinInternals/model007
[LOG 20:27:27.840] Load DDS texture: Squad/Spaces/landerCabinSmallInternal/ksp_s_landerCan_internal_diff
[LOG 20:27:27.844] Load DDS texture: Squad/Spaces/landerCabinSmallInternal/ksp_s_landerCan_internal_normal
[LOG 20:27:27.851] Load DDS texture: Squad/Spaces/landerCabinSmallInternal/ksp_s_landerCan_internal_window_alpha
[LOG 20:27:27.852] Load DDS texture: Squad/Spaces/landerCabinSmallInternal/pilot Seat
[LOG 20:27:27.853] Load DDS texture: Squad/Spaces/LargeCrewedLabInternals/Glass
[LOG 20:27:27.853] Load DDS texture: Squad/Spaces/LargeCrewedLabInternals/MPL_Int
[LOG 20:27:27.857] Load DDS texture: Squad/Spaces/LargeCrewedLabInternals/MPL_Int_n_NRM
[LOG 20:27:27.858] Load DDS texture: Squad/Spaces/Mk1-3/Mk1_3_IvaProps_Diffuse
[LOG 20:27:27.862] Load DDS texture: Squad/Spaces/Mk1-3/Mk1_3_IvaProps_Normal
[LOG 20:27:27.868] Load DDS texture: Squad/Spaces/Mk1-3/Mk1_3_IvaShell_Diffuse
[LOG 20:27:27.872] Load DDS texture: Squad/Spaces/Mk1-3/Mk1_3_IvaShell_Emissive
[LOG 20:27:27.877] Load DDS texture: Squad/Spaces/Mk1-3/Mk1_3_IvaShell_Normal
[LOG 20:27:27.882] Load DDS texture: Squad/Spaces/Mk1-3/pilot Seat
[LOG 20:27:27.884] Load DDS texture: Squad/Spaces/mk1CabinInternal/Cabin_Lightmap
[LOG 20:27:27.884] Load DDS texture: Squad/Spaces/mk1CabinInternal/CockpitGeneric
[LOG 20:27:27.885] Load DDS texture: Squad/Spaces/mk1CabinInternal/CockpitGeneric_NRM
[LOG 20:27:27.885] Load DDS texture: Squad/Spaces/mk1CockpitInternal/CockpitGeneric
[LOG 20:27:27.885] Load DDS texture: Squad/Spaces/mk1CockpitInternal/CockpitGeneric_NRM
[LOG 20:27:27.885] Load DDS texture: Squad/Spaces/mk1CockpitInternal/IVAMAP
[LOG 20:27:27.885] Load DDS texture: Squad/Spaces/mk1CockpitInternal/Windows
[LOG 20:27:27.886] Load DDS texture: Squad/Spaces/mk1InlineInternal/Canopy
[LOG 20:27:27.886] Load DDS texture: Squad/Spaces/mk1InlineInternal/CockpitGeneric
[LOG 20:27:27.886] Load DDS texture: Squad/Spaces/mk1InlineInternal/CockpitGeneric_NRM
[LOG 20:27:27.886] Load DDS texture: Squad/Spaces/mk1InlineInternal/Mk1Inline_Lightmap
[LOG 20:27:27.887] Load DDS texture: Squad/Spaces/mk1PodCockpit/model000
[LOG 20:27:27.890] Load DDS texture: Squad/Spaces/mk1PodCockpit/model001
[LOG 20:27:27.891] Load DDS texture: Squad/Spaces/mk1PodCockpit/model002
[LOG 20:27:27.891] Load DDS texture: Squad/Spaces/mk1PodCockpit/model003
[LOG 20:27:27.892] Load DDS texture: Squad/Spaces/mk1PodCockpit/model004
[LOG 20:27:27.894] Load DDS texture: Squad/Spaces/mk1PodCockpit/model005
[LOG 20:27:27.894] Load DDS texture: Squad/Spaces/mk1PodCockpit/model006
[LOG 20:27:27.895] Load DDS texture: Squad/Spaces/mk1PodCockpit/model007
[LOG 20:27:27.895] Load DDS texture: Squad/Spaces/mk1pod_IVA/mk1pod_iva_props_diffuse
[LOG 20:27:27.902] Load DDS texture: Squad/Spaces/mk1pod_IVA/mk1pod_iva_props_emissive
[LOG 20:27:27.902] Load DDS texture: Squad/Spaces/mk1pod_IVA/mk1pod_iva_props_normal
[LOG 20:27:27.908] Load DDS texture: Squad/Spaces/mk1pod_IVA/mk1pod_iva_shell_diffuse
[LOG 20:27:27.914] Load DDS texture: Squad/Spaces/mk1pod_IVA/mk1pod_iva_shell_normal
[LOG 20:27:27.921] Load MBM texture: Squad/Spaces/mk1pod_IVA/pilot Seat
[LOG 20:27:27.968] Load DDS texture: Squad/Spaces/mk2CockpitStandardInternal/CargoBagA
[LOG 20:27:27.968] Load DDS texture: Squad/Spaces/mk2CockpitStandardInternal/Mk2StandardIVA
[LOG 20:27:27.969] Load DDS texture: Squad/Spaces/mk2CockpitStandardInternal/Pilotseat
[LOG 20:27:27.970] Load DDS texture: Squad/Spaces/mk2CockpitStandardInternal/Windows
[LOG 20:27:27.970] Load DDS texture: Squad/Spaces/Mk2CrewCabinInternal/CargoBagA
[LOG 20:27:27.970] Load DDS texture: Squad/Spaces/Mk2CrewCabinInternal/Glass
[LOG 20:27:27.970] Load DDS texture: Squad/Spaces/Mk2CrewCabinInternal/Mk2StandardIVA
[LOG 20:27:27.971] Load DDS texture: Squad/Spaces/Mk2CrewCabinInternal/Pilotseat
[LOG 20:27:27.971] Load DDS texture: Squad/Spaces/mk2InlineInternal/CockpitGeneric
[LOG 20:27:27.972] Load DDS texture: Squad/Spaces/mk2InlineInternal/CockpitGeneric_NRM
[LOG 20:27:27.973] Load DDS texture: Squad/Spaces/mk2InlineInternal/Mk2InlineLightmap
[LOG 20:27:27.974] Load DDS texture: Squad/Spaces/mk2InlineInternal/propsGeneric
[LOG 20:27:27.974] Load DDS texture: Squad/Spaces/mk2LanderCanInternal/mk2LanderCan_props_diffuse
[LOG 20:27:27.981] Load DDS texture: Squad/Spaces/mk2LanderCanInternal/mk2LanderCan_props_normal
[LOG 20:27:27.988] Load DDS texture: Squad/Spaces/mk2LanderCanInternal/mk2LanderCan_shell_diffuse
[LOG 20:27:27.995] Load DDS texture: Squad/Spaces/mk2LanderCanInternal/mk2LanderCan_shell_normal
[LOG 20:27:28.004] Load MBM texture: Squad/Spaces/mk2LanderCanInternal/pilot Seat
[LOG 20:27:28.054] Load DDS texture: Squad/Spaces/MK3CockpitInternal/Glass
[LOG 20:27:28.055] Load DDS texture: Squad/Spaces/MK3CockpitInternal/Mk2StandardIVA
[LOG 20:27:28.055] Load DDS texture: Squad/Spaces/MK3_CrewCab_Int/Glass
[LOG 20:27:28.055] Load DDS texture: Squad/Spaces/MK3_CrewCab_Int/GlassMK3CC
[LOG 20:27:28.055] Load DDS texture: Squad/Spaces/MK3_CrewCab_Int/Mk2StandardIVA
[LOG 20:27:28.055] Load DDS texture: Squad/Spaces/MK3_CrewCab_Int/MK3_CrewCab_Int
[LOG 20:27:28.056] Load DDS texture: Squad/Spaces/MK3_CrewCab_Int/MK3_CrewCab_Int_n
[LOG 20:27:28.056] Load DDS texture: Squad/Spaces/MK3_CrewCab_Int/Pilotseat
[LOG 20:27:28.056] Load DDS texture: Squad/Spaces/Placeholder/PlaceholderIVA
[LOG 20:27:28.057] Load DDS texture: Squad/Spaces/PodCockpit/model000
[LOG 20:27:28.057] Load DDS texture: Squad/Spaces/PodCockpit/model001
[LOG 20:27:28.058] Load DDS texture: Squad/Spaces/PodCockpit/model002
[LOG 20:27:28.060] Load DDS texture: Squad/Spaces/PodCockpit/model003
[LOG 20:27:28.061] Load DDS texture: Squad/Spaces/PodCockpit/model004
[LOG 20:27:28.063] Load DDS texture: Squad/Spaces/PodCockpit/model005
[LOG 20:27:28.064] Load DDS texture: Squad/Spaces/PodCockpit/model006
[LOG 20:27:28.064] Load DDS texture: Squad/Spaces/PodCockpit/model007
[LOG 20:27:28.065] Load DDS texture: Squad/Spaces/sharedAssets/CockpitGeneric
[LOG 20:27:28.067] Load DDS texture: Squad/Spaces/sharedAssets/CockpitGeneric_NRM
[LOG 20:27:28.070] Load Cached PNG Texture: Squad/Strategies/Icons/AggressiveNegotiations
[LOG 20:27:28.071] Load Cached PNG Texture: Squad/Strategies/Icons/AppreciationCampaign
[LOG 20:27:28.071] Load Cached PNG Texture: Squad/Strategies/Icons/BailOutGrant
[LOG 20:27:28.071] Load Cached PNG Texture: Squad/Strategies/Icons/FundraisingCampaign
[LOG 20:27:28.071] Load Cached PNG Texture: Squad/Strategies/Icons/LeadershipInitiative
[LOG 20:27:28.071] Load Cached PNG Texture: Squad/Strategies/Icons/OpenSourceTechProgram
[LOG 20:27:28.071] Load Cached PNG Texture: Squad/Strategies/Icons/OutsourcedResearch
[LOG 20:27:28.071] Load Cached PNG Texture: Squad/Strategies/Icons/PatentsLicensing
[LOG 20:27:28.071] Load Cached PNG Texture: Squad/Strategies/Icons/RecoveryTransponderFitting
[LOG 20:27:28.071] Load Cached PNG Texture: Squad/Strategies/Icons/ResearchRightsSellOut
[LOG 20:27:28.071] Load Cached PNG Texture: Squad/Strategies/Icons/UnpaidResearchProgram
[LOG 20:27:28.072] Load Cached PNG Texture: Squad/Tutorials/ChuteColors
[LOG 20:27:28.072] Load DDS texture: Squad/Tutorials/EditorCoM
[LOG 20:27:28.072] Load Cached PNG Texture: Squad/Tutorials/EditorSnap
[LOG 20:27:28.072] Load Cached PNG Texture: Squad/Tutorials/EditorSnap4x
[LOG 20:27:28.072] Load Cached PNG Texture: Squad/Tutorials/EditorSymm
[LOG 20:27:28.072] Load Cached PNG Texture: Squad/Tutorials/StagingStack
[LOG 20:27:28.072] Load PNG texture: Squad/Tutorials/YPRDiagram
[WRN 20:27:28.073] Texture isn't eligible for DXT compression, width and height must be multiples of 4
[LOG 20:27:28.073] Load Cached PNG Texture: SquadExpansion/MakingHistory/Banners/Fail/default
[LOG 20:27:28.074] Load Cached PNG Texture: SquadExpansion/MakingHistory/Banners/Fail/fail01
[LOG 20:27:28.074] Load Cached PNG Texture: SquadExpansion/MakingHistory/Banners/Fail/fail02
[LOG 20:27:28.074] Load PNG texture: SquadExpansion/MakingHistory/Banners/Menu/default
[WRN 20:27:28.077] Texture isn't eligible for DXT compression, width and height must be multiples of 4
[LOG 20:27:28.078] Load PNG texture: SquadExpansion/MakingHistory/Banners/Menu/MBanner_01
[WRN 20:27:28.082] Texture isn't eligible for DXT compression, width and height must be multiples of 4
[LOG 20:27:28.082] Load PNG texture: SquadExpansion/MakingHistory/Banners/Menu/MBanner_02
[WRN 20:27:28.086] Texture isn't eligible for DXT compression, width and height must be multiples of 4
[LOG 20:27:28.087] Load PNG texture: SquadExpansion/MakingHistory/Banners/Menu/MBanner_03
[WRN 20:27:28.091] Texture isn't eligible for DXT compression, width and height must be multiples of 4
[LOG 20:27:28.091] Load Cached PNG Texture: SquadExpansion/MakingHistory/Banners/Success/default
[LOG 20:27:28.091] Load Cached PNG Texture: SquadExpansion/MakingHistory/Banners/Success/success01
[LOG 20:27:28.091] Load Cached PNG Texture: SquadExpansion/MakingHistory/Banners/Success/success02
[LOG 20:27:28.091] Load Cached PNG Texture: SquadExpansion/MakingHistory/Missions/Acapello 13/Banners/Fail/fail01
[LOG 20:27:28.091] Load PNG texture: SquadExpansion/MakingHistory/Missions/Acapello 13/Banners/Menu/Mun
[WRN 20:27:28.094] Texture isn't eligible for DXT compression, width and height must be multiples of 4
[LOG 20:27:28.094] Load Cached PNG Texture: SquadExpansion/MakingHistory/Missions/Acapello 13/Banners/Success/success01
[LOG 20:27:28.094] Load Cached PNG Texture: SquadExpansion/MakingHistory/Missions/Acapello 15/Banners/Fail/default
[LOG 20:27:28.094] Load Cached PNG Texture: SquadExpansion/MakingHistory/Missions/Acapello 15/Banners/Fail/fail02
[LOG 20:27:28.095] Load PNG texture: SquadExpansion/MakingHistory/Missions/Acapello 15/Banners/Menu/default
[WRN 20:27:28.097] Texture isn't eligible for DXT compression, width and height must be multiples of 4
[LOG 20:27:28.097] Load Cached PNG Texture: SquadExpansion/MakingHistory/Missions/Acapello 15/Banners/Success/default
[LOG 20:27:28.097] Load Cached PNG Texture: SquadExpansion/MakingHistory/Missions/Blue Mun/Banners/Fail/fail01
[LOG 20:27:28.097] Load PNG texture: SquadExpansion/MakingHistory/Missions/Blue Mun/Banners/Menu/default
[WRN 20:27:28.100] Texture isn't eligible for DXT compression, width and height must be multiples of 4
[LOG 20:27:28.100] Load Cached PNG Texture: SquadExpansion/MakingHistory/Missions/Blue Mun/Banners/Success/success02
[LOG 20:27:28.100] Load Cached PNG Texture: SquadExpansion/MakingHistory/Missions/Dawn of the Space Age/Banners/Fail/default
[LOG 20:27:28.100] Load PNG texture: SquadExpansion/MakingHistory/Missions/Dawn of the Space Age/Banners/Menu/default
[WRN 20:27:28.103] Texture isn't eligible for DXT compression, width and height must be multiples of 4
[LOG 20:27:28.103] Load Cached PNG Texture: SquadExpansion/MakingHistory/Missions/Dawn of the Space Age/Banners/Success/default
[LOG 20:27:28.103] Load Cached PNG Texture: SquadExpansion/MakingHistory/Missions/Meet Me in Zero G/Banners/Fail/default
[LOG 20:27:28.103] Load Cached PNG Texture: SquadExpansion/MakingHistory/Missions/Meet Me in Zero G/Banners/Fail/fail01
[LOG 20:27:28.104] Load PNG texture: SquadExpansion/MakingHistory/Missions/Meet Me in Zero G/Banners/Menu/default
[WRN 20:27:28.107] Texture isn't eligible for DXT compression, width and height must be multiples of 4
[LOG 20:27:28.107] Load Cached PNG Texture: SquadExpansion/MakingHistory/Missions/Meet Me in Zero G/Banners/Success/default
[LOG 20:27:28.107] Load Cached PNG Texture: SquadExpansion/MakingHistory/Missions/Meet Me in Zero G/Banners/Success/success02
[LOG 20:27:28.107] Load Cached PNG Texture: SquadExpansion/MakingHistory/Missions/Munar 1/Banners/Fail/default
[LOG 20:27:28.107] Load Cached PNG Texture: SquadExpansion/MakingHistory/Missions/Munar 1/Banners/Fail/fail02
[LOG 20:27:28.107] Load PNG texture: SquadExpansion/MakingHistory/Missions/Munar 1/Banners/Menu/default
[WRN 20:27:28.110] Texture isn't eligible for DXT compression, width and height must be multiples of 4
[LOG 20:27:28.110] Load Cached PNG Texture: SquadExpansion/MakingHistory/Missions/Munar 1/Banners/Success/default
[LOG 20:27:28.110] Load Cached PNG Texture: SquadExpansion/MakingHistory/Missions/Munar 1/Banners/Success/success01
[LOG 20:27:28.110] Load Cached PNG Texture: SquadExpansion/MakingHistory/Missions/Sally-Hut 1/Banners/Fail/default
[LOG 20:27:28.111] Load Cached PNG Texture: SquadExpansion/MakingHistory/Missions/Sally-Hut 1/Banners/Fail/fail01
[LOG 20:27:28.111] Load Cached PNG Texture: SquadExpansion/MakingHistory/Missions/Sally-Hut 1/Banners/Menu/bannerSatellite
[LOG 20:27:28.111] Load Cached PNG Texture: SquadExpansion/MakingHistory/Missions/Sally-Hut 1/Banners/Success/default
[LOG 20:27:28.111] Load Cached PNG Texture: SquadExpansion/MakingHistory/Missions/Sally-Hut 1/Banners/Success/success02
[LOG 20:27:28.111] Load Cached PNG Texture: SquadExpansion/MakingHistory/Missions/To the Mun Via Minmus/Banners/Fail/fail02
[LOG 20:27:28.111] Load PNG texture: SquadExpansion/MakingHistory/Missions/To the Mun Via Minmus/Banners/Menu/MissionBannerKerbin
[WRN 20:27:28.115] Texture isn't eligible for DXT compression, width and height must be multiples of 4
[LOG 20:27:28.115] Load Cached PNG Texture: SquadExpansion/MakingHistory/Missions/To the Mun Via Minmus/Banners/Success/success01
[LOG 20:27:28.117] Load Cached PNG Texture: SquadExpansion/MakingHistory/Missions/Trouble in the Void/Banners/Fail/fail01
[LOG 20:27:28.117] Load PNG texture: SquadExpansion/MakingHistory/Missions/Trouble in the Void/Banners/Menu/default
[WRN 20:27:28.120] Texture isn't eligible for DXT compression, width and height must be multiples of 4
[LOG 20:27:28.121] Load Cached PNG Texture: SquadExpansion/MakingHistory/Missions/Trouble in the Void/Banners/Success/success02
[LOG 20:27:28.121] Load Cached PNG Texture: SquadExpansion/MakingHistory/Missions/Ziggy Kerman and the Spiders from Duna/Banners/Fail/fail02
[LOG 20:27:28.121] Load Cached PNG Texture: SquadExpansion/MakingHistory/Missions/Ziggy Kerman and the Spiders from Duna/Banners/Menu/bannerSatellite
[LOG 20:27:28.121] Load Cached PNG Texture: SquadExpansion/MakingHistory/Missions/Ziggy Kerman and the Spiders from Duna/Banners/Success/success01
[LOG 20:27:28.121] Load Cached PNG Texture: SquadExpansion/MakingHistory/Parts/@thumbs/Decoupler.1p5_icon0
[LOG 20:27:28.121] Load Cached PNG Texture: SquadExpansion/MakingHistory/Parts/@thumbs/Decoupler.1p5_icon1
[LOG 20:27:28.121] Load Cached PNG Texture: SquadExpansion/MakingHistory/Parts/@thumbs/EquiTriangle0_icon0
[LOG 20:27:28.122] Load Cached PNG Texture: SquadExpansion/MakingHistory/Parts/@thumbs/EquiTriangle0_icon1
[LOG 20:27:28.122] Load Cached PNG Texture: SquadExpansion/MakingHistory/Parts/@thumbs/EquiTriangle0_icon2
[LOG 20:27:28.122] Load Cached PNG Texture: SquadExpansion/MakingHistory/Parts/@thumbs/EquiTriangle0_icon3
[LOG 20:27:28.122] Load Cached PNG Texture: SquadExpansion/MakingHistory/Parts/@thumbs/EquiTriangle1p5_icon0
[LOG 20:27:28.122] Load Cached PNG Texture: SquadExpansion/MakingHistory/Parts/@thumbs/EquiTriangle1p5_icon1
[LOG 20:27:28.122] Load Cached PNG Texture: SquadExpansion/MakingHistory/Parts/@thumbs/EquiTriangle1p5_icon2
[LOG 20:27:28.122] Load Cached PNG Texture: SquadExpansion/MakingHistory/Parts/@thumbs/EquiTriangle1p5_icon3
[LOG 20:27:28.122] Load Cached PNG Texture: SquadExpansion/MakingHistory/Parts/@thumbs/EquiTriangle1_icon0
[LOG 20:27:28.123] Load Cached PNG Texture: SquadExpansion/MakingHistory/Parts/@thumbs/EquiTriangle1_icon1
[LOG 20:27:28.123] Load Cached PNG Texture: SquadExpansion/MakingHistory/Parts/@thumbs/EquiTriangle1_icon2
[LOG 20:27:28.123] Load Cached PNG Texture: SquadExpansion/MakingHistory/Parts/@thumbs/EquiTriangle1_icon3
[LOG 20:27:28.123] Load Cached PNG Texture: SquadExpansion/MakingHistory/Parts/@thumbs/EquiTriangle2_icon0
[LOG 20:27:28.123] Load Cached PNG Texture: SquadExpansion/MakingHistory/Parts/@thumbs/EquiTriangle2_icon1
[LOG 20:27:28.123] Load Cached PNG Texture: SquadExpansion/MakingHistory/Parts/@thumbs/EquiTriangle2_icon2
[LOG 20:27:28.123] Load Cached PNG Texture: SquadExpansion/MakingHistory/Parts/@thumbs/EquiTriangle2_icon3
[LOG 20:27:28.123] Load Cached PNG Texture: SquadExpansion/MakingHistory/Parts/@thumbs/HeatShield1p5_icon
[LOG 20:27:28.123] Load Cached PNG Texture: SquadExpansion/MakingHistory/Parts/@thumbs/InflatableAirlock_icon
[LOG 20:27:28.123] Load Cached PNG Texture: SquadExpansion/MakingHistory/Parts/@thumbs/LiquidEngineRV-1_icon
[LOG 20:27:28.123] Load Cached PNG Texture: SquadExpansion/MakingHistory/Parts/@thumbs/monopropMiniSphere_icon
[LOG 20:27:28.126] Load Cached PNG Texture: SquadExpansion/MakingHistory/Parts/@thumbs/Panel0_icon0
[LOG 20:27:28.126] Load Cached PNG Texture: SquadExpansion/MakingHistory/Parts/@thumbs/Panel0_icon1
[LOG 20:27:28.126] Load Cached PNG Texture: SquadExpansion/MakingHistory/Parts/@thumbs/Panel0_icon2
[LOG 20:27:28.126] Load Cached PNG Texture: SquadExpansion/MakingHistory/Parts/@thumbs/Panel0_icon3
[LOG 20:27:28.126] Load Cached PNG Texture: SquadExpansion/MakingHistory/Parts/@thumbs/Panel1p5_icon0
[LOG 20:27:28.126] Load Cached PNG Texture: SquadExpansion/MakingHistory/Parts/@thumbs/Panel1p5_icon1
[LOG 20:27:28.126] Load Cached PNG Texture: SquadExpansion/MakingHistory/Parts/@thumbs/Panel1p5_icon2
[LOG 20:27:28.126] Load Cached PNG Texture: SquadExpansion/MakingHistory/Parts/@thumbs/Panel1p5_icon3
[LOG 20:27:28.126] Load Cached PNG Texture: SquadExpansion/MakingHistory/Parts/@thumbs/Panel1_icon0
[LOG 20:27:28.127] Load Cached PNG Texture: SquadExpansion/MakingHistory/Parts/@thumbs/Panel1_icon1
[LOG 20:27:28.127] Load Cached PNG Texture: SquadExpansion/MakingHistory/Parts/@thumbs/Panel1_icon2
[LOG 20:27:28.127] Load Cached PNG Texture: SquadExpansion/MakingHistory/Parts/@thumbs/Panel1_icon3
[LOG 20:27:28.127] Load Cached PNG Texture: SquadExpansion/MakingHistory/Parts/@thumbs/roverWheelM1-F_icon0
[LOG 20:27:28.127] Load Cached PNG Texture: SquadExpansion/MakingHistory/Parts/@thumbs/roverWheelM1-F_icon1
[LOG 20:27:28.127] Load Cached PNG Texture: SquadExpansion/MakingHistory/Parts/@thumbs/Separator.1p5_icon0
[LOG 20:27:28.127] Load Cached PNG Texture: SquadExpansion/MakingHistory/Parts/@thumbs/Separator.1p5_icon1
[LOG 20:27:28.127] Load Cached PNG Texture: SquadExpansion/MakingHistory/Parts/@thumbs/Size1p5.Strut.Decoupler_icon0
[LOG 20:27:28.127] Load Cached PNG Texture: SquadExpansion/MakingHistory/Parts/@thumbs/Size1p5.Strut.Decoupler_icon1
[LOG 20:27:28.127] Load Cached PNG Texture: SquadExpansion/MakingHistory/Parts/@thumbs/Size1to0ServiceModule_icon
[LOG 20:27:28.127] Load Cached PNG Texture: SquadExpansion/MakingHistory/Parts/@thumbs/Triangle0_icon0
[LOG 20:27:28.128] Load Cached PNG Texture: SquadExpansion/MakingHistory/Parts/@thumbs/Triangle0_icon1
[LOG 20:27:28.128] Load Cached PNG Texture: SquadExpansion/MakingHistory/Parts/@thumbs/Triangle0_icon2
[LOG 20:27:28.128] Load Cached PNG Texture: SquadExpansion/MakingHistory/Parts/@thumbs/Triangle0_icon3
[LOG 20:27:28.128] Load Cached PNG Texture: SquadExpansion/MakingHistory/Parts/@thumbs/Triangle1p5_icon0
[LOG 20:27:28.128] Load Cached PNG Texture: SquadExpansion/MakingHistory/Parts/@thumbs/Triangle1p5_icon1
[LOG 20:27:28.128] Load Cached PNG Texture: SquadExpansion/MakingHistory/Parts/@thumbs/Triangle1p5_icon2
[LOG 20:27:28.128] Load Cached PNG Texture: SquadExpansion/MakingHistory/Parts/@thumbs/Triangle1p5_icon3
[LOG 20:27:28.128] Load Cached PNG Texture: SquadExpansion/MakingHistory/Parts/@thumbs/Triangle1_icon0
[LOG 20:27:28.128] Load Cached PNG Texture: SquadExpansion/MakingHistory/Parts/@thumbs/Triangle1_icon1
[LOG 20:27:28.128] Load Cached PNG Texture: SquadExpansion/MakingHistory/Parts/@thumbs/Triangle1_icon2
[LOG 20:27:28.128] Load Cached PNG Texture: SquadExpansion/MakingHistory/Parts/@thumbs/Triangle1_icon3
[LOG 20:27:28.128] Load Cached PNG Texture: SquadExpansion/MakingHistory/Parts/@thumbs/Triangle2_icon0
[LOG 20:27:28.129] Load Cached PNG Texture: SquadExpansion/MakingHistory/Parts/@thumbs/Triangle2_icon1
[LOG 20:27:28.129] Load Cached PNG Texture: SquadExpansion/MakingHistory/Parts/@thumbs/Triangle2_icon2
[LOG 20:27:28.129] Load Cached PNG Texture: SquadExpansion/MakingHistory/Parts/@thumbs/Triangle2_icon3
[LOG 20:27:28.129] Load Cached PNG Texture: SquadExpansion/MakingHistory/Parts/@thumbs/Tube1_icon0
[LOG 20:27:28.129] Load Cached PNG Texture: SquadExpansion/MakingHistory/Parts/@thumbs/Tube1_icon1
[LOG 20:27:28.129] Load Cached PNG Texture: SquadExpansion/MakingHistory/Parts/@thumbs/Tube1_icon2
[LOG 20:27:28.129] Load Cached PNG Texture: SquadExpansion/MakingHistory/Parts/@thumbs/Tube1_icon3
[LOG 20:27:28.129] Load Cached PNG Texture: SquadExpansion/MakingHistory/Parts/@thumbs/Tube1_icon4
[LOG 20:27:28.129] Load Cached PNG Texture: SquadExpansion/MakingHistory/Parts/Aero/protectiveRocketNoseMk5A/s1p5_cone
[LOG 20:27:28.130] Load Cached PNG Texture: SquadExpansion/MakingHistory/Parts/Aero/protectiveRocketNoseMk5A/s1p5_cone_Orange
[LOG 20:27:28.130] Load DDS texture: SquadExpansion/MakingHistory/Parts/Coupling/Assets/airlock
[LOG 20:27:28.130] Load DDS texture: SquadExpansion/MakingHistory/Parts/Coupling/Assets/airlock_N
[LOG 20:27:28.131] Load DDS texture: SquadExpansion/MakingHistory/Parts/Coupling/Assets/EnginePlate
[LOG 20:27:28.131] Load DDS texture: SquadExpansion/MakingHistory/Parts/Coupling/Assets/Size1_5_Decoupler_grey
[LOG 20:27:28.132] Load DDS texture: SquadExpansion/MakingHistory/Parts/Coupling/Assets/Size1_5_Decoupler_orange
[LOG 20:27:28.132] Load DDS texture: SquadExpansion/MakingHistory/Parts/Engine/Assets/KE-1
[LOG 20:27:28.133] Load DDS texture: SquadExpansion/MakingHistory/Parts/Engine/Assets/KE-1_BASE
[LOG 20:27:28.135] Load DDS texture: SquadExpansion/MakingHistory/Parts/Engine/Assets/LV-T87
[LOG 20:27:28.136] Load DDS texture: SquadExpansion/MakingHistory/Parts/Engine/Assets/LV-T91
[LOG 20:27:28.137] Load DDS texture: SquadExpansion/MakingHistory/Parts/Engine/Assets/RE-I2
[LOG 20:27:28.141] Load DDS texture: SquadExpansion/MakingHistory/Parts/Engine/Assets/RE-J10
[LOG 20:27:28.142] Load DDS texture: SquadExpansion/MakingHistory/Parts/Engine/Assets/RE-J10_N
[LOG 20:27:28.144] Load DDS texture: SquadExpansion/MakingHistory/Parts/Engine/Assets/RK-7
[LOG 20:27:28.148] Load DDS texture: SquadExpansion/MakingHistory/Parts/Engine/Assets/RK-7_N
[LOG 20:27:28.149] Load DDS texture: SquadExpansion/MakingHistory/Parts/Engine/solidBoosterTHK/SolidBoosterS2-17_emissive
[LOG 20:27:28.156] Load DDS texture: SquadExpansion/MakingHistory/Parts/Engine/solidBoosterTHK/solidBoosterTHK_diffuse
[LOG 20:27:28.162] Load DDS texture: SquadExpansion/MakingHistory/Parts/FuelTank/Assets/Size1p5_02
[LOG 20:27:28.163] Load DDS texture: SquadExpansion/MakingHistory/Parts/FuelTank/Assets/Size1p5_02_ALT01
[LOG 20:27:28.164] Load DDS texture: SquadExpansion/MakingHistory/Parts/FuelTank/Assets/Size1p5_02_ALT02
[LOG 20:27:28.165] Load DDS texture: SquadExpansion/MakingHistory/Parts/FuelTank/Assets/Size1p5_02_ALT02_normal
[LOG 20:27:28.167] Load DDS texture: SquadExpansion/MakingHistory/Parts/FuelTank/Assets/Size1p5_mono
[LOG 20:27:28.168] Load DDS texture: SquadExpansion/MakingHistory/Parts/FuelTank/Assets/Size1p5_mono_2
[LOG 20:27:28.169] Load DDS texture: SquadExpansion/MakingHistory/Parts/FuelTank/Assets/Size1p5_mono_N
[LOG 20:27:28.170] Load DDS texture: SquadExpansion/MakingHistory/Parts/FuelTank/Assets/Size1_5_TankAdapters
[LOG 20:27:28.171] Load DDS texture: SquadExpansion/MakingHistory/Parts/FuelTank/Assets/Size1_5_TankAdapters_ALT01
[LOG 20:27:28.173] Load DDS texture: SquadExpansion/MakingHistory/Parts/FuelTank/Assets/Size1_5_TankAdapters_ALT02
[LOG 20:27:28.174] Load DDS texture: SquadExpansion/MakingHistory/Parts/FuelTank/Assets/Size1_5_TankAdapters_ALT02nm
[LOG 20:27:28.175] Load DDS texture: SquadExpansion/MakingHistory/Parts/FuelTank/Assets/Size1_5_TankAdapters_N
[LOG 20:27:28.176] Load DDS texture: SquadExpansion/MakingHistory/Parts/FuelTank/Assets/Size1_5_Tanks
[LOG 20:27:28.177] Load DDS texture: SquadExpansion/MakingHistory/Parts/FuelTank/Assets/Size1_5_Tanks_ALT02
[LOG 20:27:28.178] Load DDS texture: SquadExpansion/MakingHistory/Parts/FuelTank/Assets/Size1_5_Tanks_ALT02_nm
[LOG 20:27:28.179] Load DDS texture: SquadExpansion/MakingHistory/Parts/FuelTank/Assets/Size1_5_Tanks_grey
[LOG 20:27:28.180] Load DDS texture: SquadExpansion/MakingHistory/Parts/FuelTank/Assets/Size4_Tanks
[LOG 20:27:28.186] Load DDS texture: SquadExpansion/MakingHistory/Parts/FuelTank/Assets/Size4_Tanks_N
[LOG 20:27:28.197] Load DDS texture: SquadExpansion/MakingHistory/Parts/Ground/Assets/RoverWheel
[LOG 20:27:28.198] Load DDS texture: SquadExpansion/MakingHistory/Parts/Ground/Assets/RoverWheelG
[LOG 20:27:28.198] Load DDS texture: SquadExpansion/MakingHistory/Parts/Payload/Assets/Size1to0ServiceBay
[LOG 20:27:28.198] Load DDS texture: SquadExpansion/MakingHistory/Parts/Payload/Assets/Size1to0ServiceBay_n
[LOG 20:27:28.204] Load DDS texture: SquadExpansion/MakingHistory/Parts/Payload/Assets/SM18_diffuse
[LOG 20:27:28.210] Load Cached PNG Texture: SquadExpansion/MakingHistory/Parts/Payload/Assets/SM18_NRM
[LOG 20:27:28.217] Load DDS texture: SquadExpansion/MakingHistory/Parts/Payload/Assets/SM18_specular
[LOG 20:27:28.223] Load DDS texture: SquadExpansion/MakingHistory/Parts/Payload/Assets/SM25_diffuse
[LOG 20:27:28.224] Load DDS texture: SquadExpansion/MakingHistory/Parts/Payload/Assets/SM25_normals
[LOG 20:27:28.226] Load DDS texture: SquadExpansion/MakingHistory/Parts/Pods/Assets/KV1
[LOG 20:27:28.226] Load DDS texture: SquadExpansion/MakingHistory/Parts/Pods/Assets/KV1_GLOW
[LOG 20:27:28.227] Load DDS texture: SquadExpansion/MakingHistory/Parts/Pods/Assets/KV2
[LOG 20:27:28.229] Load DDS texture: SquadExpansion/MakingHistory/Parts/Pods/Assets/KV3
[LOG 20:27:28.231] Load DDS texture: SquadExpansion/MakingHistory/Parts/Pods/Assets/Mk2Pod
[LOG 20:27:28.233] Load DDS texture: SquadExpansion/MakingHistory/Parts/Pods/Assets/Mk2Pod_GLOW
[LOG 20:27:28.233] Load DDS texture: SquadExpansion/MakingHistory/Parts/Pods/Assets/Mk2Pod_n
[LOG 20:27:28.235] Load DDS texture: SquadExpansion/MakingHistory/Parts/Pods/Assets/Size1_5_Lander
[LOG 20:27:28.236] Load DDS texture: SquadExpansion/MakingHistory/Parts/Pods/Assets/Size1_5_Lander_GLOW
[LOG 20:27:28.237] Load DDS texture: SquadExpansion/MakingHistory/Parts/SharedAssets/Shrouds
[LOG 20:27:28.240] Load DDS texture: SquadExpansion/MakingHistory/Parts/SharedAssets/Shrouds_N
[LOG 20:27:28.241] Load DDS texture: SquadExpansion/MakingHistory/Parts/Structural/Assets/NormalMap
[LOG 20:27:28.244] Load DDS texture: SquadExpansion/MakingHistory/Parts/Structural/Assets/Panels
[LOG 20:27:28.248] Load DDS texture: SquadExpansion/MakingHistory/Parts/Structural/Assets/Panels_Dark_D
[LOG 20:27:28.251] Load DDS texture: SquadExpansion/MakingHistory/Parts/Structural/Assets/Panels_Gold_D
[LOG 20:27:28.254] Load Cached PNG Texture: SquadExpansion/MakingHistory/Parts/Structural/Assets/Panels_Gold_NRM
[LOG 20:27:28.257] Load DDS texture: SquadExpansion/MakingHistory/Parts/Structural/Assets/Panels_Gold_S
[LOG 20:27:28.261] Load DDS texture: SquadExpansion/MakingHistory/Parts/Structural/Assets/Panels_Silver_D
[LOG 20:27:28.267] Load DDS texture: SquadExpansion/MakingHistory/Parts/Structural/Assets/Panels_Silver_S
[LOG 20:27:28.269] Load Cached PNG Texture: SquadExpansion/MakingHistory/Ships/@thumbs/VAB/Acapello
[LOG 20:27:28.270] Load Cached PNG Texture: SquadExpansion/MakingHistory/Ships/@thumbs/VAB/Beta Centaurus
[LOG 20:27:28.270] Load Cached PNG Texture: SquadExpansion/MakingHistory/Ships/@thumbs/VAB/Goliath II HLV
[LOG 20:27:28.270] Load Cached PNG Texture: SquadExpansion/MakingHistory/Ships/@thumbs/VAB/Muna 1
[LOG 20:27:28.270] Load Cached PNG Texture: SquadExpansion/MakingHistory/Ships/@thumbs/VAB/Sally-Hut 1
[LOG 20:27:28.270] Load Cached PNG Texture: SquadExpansion/MakingHistory/Ships/@thumbs/VAB/SWM-94 Communications Satellite
[LOG 20:27:28.270] Load Cached PNG Texture: SquadExpansion/MakingHistory/Ships/@thumbs/VAB/Valshkod 2
[LOG 20:27:28.270] Load DDS texture: SquadExpansion/MakingHistory/Spaces/KVPods/airlock
[LOG 20:27:28.271] Load DDS texture: SquadExpansion/MakingHistory/Spaces/KVPods/airlock_N
[LOG 20:27:28.271] Load DDS texture: SquadExpansion/MakingHistory/Spaces/KVPods/KV1_Props_Diffuse
[LOG 20:27:28.277] Load DDS texture: SquadExpansion/MakingHistory/Spaces/KVPods/KV1_Props_Normal
[LOG 20:27:28.285] Load DDS texture: SquadExpansion/MakingHistory/Spaces/KVPods/KV1_Shell_Diffuse
[LOG 20:27:28.292] Load DDS texture: SquadExpansion/MakingHistory/Spaces/KVPods/KV1_Shell_Emissive
[LOG 20:27:28.296] Load DDS texture: SquadExpansion/MakingHistory/Spaces/KVPods/KV1_Shell_Normal
[LOG 20:27:28.304] Load DDS texture: SquadExpansion/MakingHistory/Spaces/KVPods/KV1_Vzor_Diffuse
[LOG 20:27:28.305] Load DDS texture: SquadExpansion/MakingHistory/Spaces/KVPods/KV2_Props_Diffuse
[LOG 20:27:28.309] Load DDS texture: SquadExpansion/MakingHistory/Spaces/KVPods/KV2_Props_Emissive
[LOG 20:27:28.315] Load DDS texture: SquadExpansion/MakingHistory/Spaces/KVPods/KV2_Props_Normal
[LOG 20:27:28.322] Load DDS texture: SquadExpansion/MakingHistory/Spaces/KVPods/KV2_Shell_Diffuse
[LOG 20:27:28.329] Load DDS texture: SquadExpansion/MakingHistory/Spaces/KVPods/KV2_Shell_Normal
[LOG 20:27:28.336] Load DDS texture: SquadExpansion/MakingHistory/Spaces/KVPods/KV3_Props_Diffuse
[LOG 20:27:28.344] Load DDS texture: SquadExpansion/MakingHistory/Spaces/KVPods/KV3_Props_Normal
[LOG 20:27:28.349] Load DDS texture: SquadExpansion/MakingHistory/Spaces/KVPods/KV3_Shell_Diffuse
[LOG 20:27:28.354] Load DDS texture: SquadExpansion/MakingHistory/Spaces/KVPods/KV3_Shell_Normal
[LOG 20:27:28.360] Load DDS texture: SquadExpansion/MakingHistory/Spaces/KVPods/motor
[LOG 20:27:28.361] Load DDS texture: SquadExpansion/MakingHistory/Spaces/KVPods/pilot Seat
[LOG 20:27:28.361] Load DDS texture: SquadExpansion/MakingHistory/Spaces/MEM/PANELS_AO
[LOG 20:27:28.366] Load DDS texture: SquadExpansion/MakingHistory/Spaces/MEM/PANELS_EMISSIVE
[LOG 20:27:28.371] Load DDS texture: SquadExpansion/MakingHistory/Spaces/MEM/PANELS_NORMAL
[LOG 20:27:28.378] Load DDS texture: SquadExpansion/MakingHistory/Spaces/MEM/pilot Seat
[LOG 20:27:28.378] Load DDS texture: SquadExpansion/MakingHistory/Spaces/MEM/propsGeneric
[LOG 20:27:28.379] Load DDS texture: SquadExpansion/MakingHistory/Spaces/MEM/PROPS_AO
[LOG 20:27:28.384] Load DDS texture: SquadExpansion/MakingHistory/Spaces/MEM/PROPS_EMISSIVE
[LOG 20:27:28.385] Load DDS texture: SquadExpansion/MakingHistory/Spaces/MEM/PROPS_NORMAL
[LOG 20:27:28.392] Load DDS texture: SquadExpansion/MakingHistory/Spaces/Mk2Pod/DIfuse_controlboard
[LOG 20:27:28.401] Load DDS texture: SquadExpansion/MakingHistory/Spaces/Mk2Pod/Normal_controlbard
[LOG 20:27:28.407] Load DDS texture: SquadExpansion/MakingHistory/Spaces/Mk2Pod/Outershell_Base_Color
[LOG 20:27:28.418] Load DDS texture: SquadExpansion/MakingHistory/Spaces/Mk2Pod/Outershell_Normal
[LOG 20:27:28.424] Load DDS texture: SquadExpansion/MakingHistory/Spaces/Mk2Pod/pilot Seat
[LOG 20:27:28.426] Load Cached PNG Texture: SquadExpansion/Serenity/Parts/@thumbs/controller1000_icon
[LOG 20:27:28.427] Load Cached PNG Texture: SquadExpansion/Serenity/Parts/@thumbs/DeployedCentralStation_icon
[LOG 20:27:28.427] Load Cached PNG Texture: SquadExpansion/Serenity/Parts/@thumbs/DeployedGoExOb_icon
[LOG 20:27:28.427] Load Cached PNG Texture: SquadExpansion/Serenity/Parts/@thumbs/DeployedIONExp_icon
[LOG 20:27:28.427] Load Cached PNG Texture: SquadExpansion/Serenity/Parts/@thumbs/DeployedRTG_icon
[LOG 20:27:28.427] Load Cached PNG Texture: SquadExpansion/Serenity/Parts/@thumbs/DeployedSatDish_icon
[LOG 20:27:28.427] Load Cached PNG Texture: SquadExpansion/Serenity/Parts/@thumbs/DeployedSeismicSensor_icon
[LOG 20:27:28.427] Load Cached PNG Texture: SquadExpansion/Serenity/Parts/@thumbs/DeployedSolarPanel_icon
[LOG 20:27:28.427] Load Cached PNG Texture: SquadExpansion/Serenity/Parts/@thumbs/DeployedWeatherStn_icon
[LOG 20:27:28.427] Load Cached PNG Texture: SquadExpansion/Serenity/Parts/@thumbs/FanShroud.01_icon0
[LOG 20:27:28.428] Load Cached PNG Texture: SquadExpansion/Serenity/Parts/@thumbs/FanShroud.01_icon1
[LOG 20:27:28.428] Load Cached PNG Texture: SquadExpansion/Serenity/Parts/@thumbs/FanShroud.02_icon0
[LOG 20:27:28.428] Load Cached PNG Texture: SquadExpansion/Serenity/Parts/@thumbs/FanShroud.02_icon1
[LOG 20:27:28.428] Load Cached PNG Texture: SquadExpansion/Serenity/Parts/@thumbs/hinge.01.s_icon0
[LOG 20:27:28.428] Load Cached PNG Texture: SquadExpansion/Serenity/Parts/@thumbs/hinge.01.s_icon1
[LOG 20:27:28.428] Load Cached PNG Texture: SquadExpansion/Serenity/Parts/@thumbs/hinge.01_icon0
[LOG 20:27:28.428] Load Cached PNG Texture: SquadExpansion/Serenity/Parts/@thumbs/hinge.01_icon1
[LOG 20:27:28.428] Load Cached PNG Texture: SquadExpansion/Serenity/Parts/@thumbs/hinge.03.s_icon0
[LOG 20:27:28.428] Load Cached PNG Texture: SquadExpansion/Serenity/Parts/@thumbs/hinge.03.s_icon1
[LOG 20:27:28.428] Load Cached PNG Texture: SquadExpansion/Serenity/Parts/@thumbs/hinge.03_icon0
[LOG 20:27:28.428] Load Cached PNG Texture: SquadExpansion/Serenity/Parts/@thumbs/hinge.03_icon1
[LOG 20:27:28.428] Load Cached PNG Texture: SquadExpansion/Serenity/Parts/@thumbs/largeFanBlade_icon0
[LOG 20:27:28.428] Load Cached PNG Texture: SquadExpansion/Serenity/Parts/@thumbs/largeFanBlade_icon1
[LOG 20:27:28.429] Load Cached PNG Texture: SquadExpansion/Serenity/Parts/@thumbs/largePropeller_icon0
[LOG 20:27:28.429] Load Cached PNG Texture: SquadExpansion/Serenity/Parts/@thumbs/largePropeller_icon1
[LOG 20:27:28.429] Load Cached PNG Texture: SquadExpansion/Serenity/Parts/@thumbs/lGripPad_icon0
[LOG 20:27:28.429] Load Cached PNG Texture: SquadExpansion/Serenity/Parts/@thumbs/lGripPad_icon1
[LOG 20:27:28.429] Load Cached PNG Texture: SquadExpansion/Serenity/Parts/@thumbs/lGripStrip_icon
[LOG 20:27:28.429] Load Cached PNG Texture: SquadExpansion/Serenity/Parts/@thumbs/mediumFanBlade_icon0
[LOG 20:27:28.429] Load Cached PNG Texture: SquadExpansion/Serenity/Parts/@thumbs/mediumFanBlade_icon1
[LOG 20:27:28.429] Load Cached PNG Texture: SquadExpansion/Serenity/Parts/@thumbs/mediumPropeller_icon0
[LOG 20:27:28.429] Load Cached PNG Texture: SquadExpansion/Serenity/Parts/@thumbs/mediumPropeller_icon1
[LOG 20:27:28.429] Load Cached PNG Texture: SquadExpansion/Serenity/Parts/@thumbs/mGripPad_icon0
[LOG 20:27:28.430] Load Cached PNG Texture: SquadExpansion/Serenity/Parts/@thumbs/mGripPad_icon1
[LOG 20:27:28.430] Load Cached PNG Texture: SquadExpansion/Serenity/Parts/@thumbs/noseconeTiny_icon
[LOG 20:27:28.430] Load Cached PNG Texture: SquadExpansion/Serenity/Parts/@thumbs/noseconeVS_icon
[LOG 20:27:28.430] Load Cached PNG Texture: SquadExpansion/Serenity/Parts/@thumbs/piston.01_icon0
[LOG 20:27:28.430] Load Cached PNG Texture: SquadExpansion/Serenity/Parts/@thumbs/piston.01_icon1
[LOG 20:27:28.430] Load Cached PNG Texture: SquadExpansion/Serenity/Parts/@thumbs/piston.02_icon0
[LOG 20:27:28.430] Load Cached PNG Texture: SquadExpansion/Serenity/Parts/@thumbs/piston.02_icon1
[LOG 20:27:28.430] Load Cached PNG Texture: SquadExpansion/Serenity/Parts/@thumbs/piston.03_icon0
[LOG 20:27:28.430] Load Cached PNG Texture: SquadExpansion/Serenity/Parts/@thumbs/piston.03_icon1
[LOG 20:27:28.430] Load Cached PNG Texture: SquadExpansion/Serenity/Parts/@thumbs/piston.04_icon0
[LOG 20:27:28.430] Load Cached PNG Texture: SquadExpansion/Serenity/Parts/@thumbs/piston.04_icon1
[LOG 20:27:28.431] Load Cached PNG Texture: SquadExpansion/Serenity/Parts/@thumbs/RobotArmScanner.S1_icon
[LOG 20:27:28.431] Load Cached PNG Texture: SquadExpansion/Serenity/Parts/@thumbs/RobotArmScanner.S2_icon
[LOG 20:27:28.431] Load Cached PNG Texture: SquadExpansion/Serenity/Parts/@thumbs/RobotArmScanner.S3_icon
[LOG 20:27:28.431] Load Cached PNG Texture: SquadExpansion/Serenity/Parts/@thumbs/rotor.01s_icon0
[LOG 20:27:28.431] Load Cached PNG Texture: SquadExpansion/Serenity/Parts/@thumbs/rotor.01s_icon1
[LOG 20:27:28.431] Load Cached PNG Texture: SquadExpansion/Serenity/Parts/@thumbs/rotor.01_icon0
[LOG 20:27:28.431] Load Cached PNG Texture: SquadExpansion/Serenity/Parts/@thumbs/rotor.01_icon1
[LOG 20:27:28.431] Load Cached PNG Texture: SquadExpansion/Serenity/Parts/@thumbs/rotor.02s_icon0
[LOG 20:27:28.431] Load Cached PNG Texture: SquadExpansion/Serenity/Parts/@thumbs/rotor.02s_icon1
[LOG 20:27:28.432] Load Cached PNG Texture: SquadExpansion/Serenity/Parts/@thumbs/rotor.02_icon0
[LOG 20:27:28.432] Load Cached PNG Texture: SquadExpansion/Serenity/Parts/@thumbs/rotor.02_icon1
[LOG 20:27:28.432] Load Cached PNG Texture: SquadExpansion/Serenity/Parts/@thumbs/RotorEngine.02_icon
[LOG 20:27:28.432] Load Cached PNG Texture: SquadExpansion/Serenity/Parts/@thumbs/rotoServo.00_icon0
[LOG 20:27:28.432] Load Cached PNG Texture: SquadExpansion/Serenity/Parts/@thumbs/rotoServo.00_icon1
[LOG 20:27:28.432] Load Cached PNG Texture: SquadExpansion/Serenity/Parts/@thumbs/rotoServo.02_icon0
[LOG 20:27:28.432] Load Cached PNG Texture: SquadExpansion/Serenity/Parts/@thumbs/rotoServo.02_icon1
[LOG 20:27:28.432] Load Cached PNG Texture: SquadExpansion/Serenity/Parts/@thumbs/rotoServo.03_icon0
[LOG 20:27:28.432] Load Cached PNG Texture: SquadExpansion/Serenity/Parts/@thumbs/rotoServo.03_icon1
[LOG 20:27:28.433] Load Cached PNG Texture: SquadExpansion/Serenity/Parts/@thumbs/sGripPad_icon0
[LOG 20:27:28.433] Load Cached PNG Texture: SquadExpansion/Serenity/Parts/@thumbs/sGripPad_icon1
[LOG 20:27:28.433] Load Cached PNG Texture: SquadExpansion/Serenity/Parts/@thumbs/sGripStrip_icon
[LOG 20:27:28.433] Load Cached PNG Texture: SquadExpansion/Serenity/Parts/@thumbs/smallFanBlade_icon0
[LOG 20:27:28.433] Load Cached PNG Texture: SquadExpansion/Serenity/Parts/@thumbs/smallFanBlade_icon1
[LOG 20:27:28.433] Load Cached PNG Texture: SquadExpansion/Serenity/Parts/@thumbs/smallHeliBlade_icon0
[LOG 20:27:28.433] Load Cached PNG Texture: SquadExpansion/Serenity/Parts/@thumbs/smallHeliBlade_icon1
[LOG 20:27:28.434] Load Cached PNG Texture: SquadExpansion/Serenity/Parts/@thumbs/smallPropeller_icon0
[LOG 20:27:28.434] Load Cached PNG Texture: SquadExpansion/Serenity/Parts/@thumbs/smallPropeller_icon1
[LOG 20:27:28.434] Load DDS texture: SquadExpansion/Serenity/Parts/Aero/Assets/copterBlades_diffuse
[LOG 20:27:28.434] Load DDS texture: SquadExpansion/Serenity/Parts/Aero/Assets/shroudsDiffuse_color
[LOG 20:27:28.434] Load DDS texture: SquadExpansion/Serenity/Parts/Aero/Assets/shroudsDiffuse_plain
[LOG 20:27:28.434] Load Cached PNG Texture: SquadExpansion/Serenity/Parts/DeployedScience/MockupTexture
[LOG 20:27:28.434] Load DDS texture: SquadExpansion/Serenity/Parts/DeployedScience/Assets/centralStation_diffuse
[LOG 20:27:28.440] Load DDS texture: SquadExpansion/Serenity/Parts/DeployedScience/Assets/centralStation_emissive
[LOG 20:27:28.467] Load DDS texture: SquadExpansion/Serenity/Parts/DeployedScience/Assets/GenericParts_diffuse
[LOG 20:27:28.467] Load DDS texture: SquadExpansion/Serenity/Parts/DeployedScience/Assets/GenericParts_emissive
[LOG 20:27:28.469] Load DDS texture: SquadExpansion/Serenity/Parts/DeployedScience/Assets/GenericParts_normal
[LOG 20:27:28.469] Load DDS texture: SquadExpansion/Serenity/Parts/DeployedScience/Assets/goex_diffuse
[LOG 20:27:28.473] Load DDS texture: SquadExpansion/Serenity/Parts/DeployedScience/Assets/goex_specMapped
[LOG 20:27:28.476] Load DDS texture: SquadExpansion/Serenity/Parts/DeployedScience/Assets/Grid
[LOG 20:27:28.477] Load DDS texture: SquadExpansion/Serenity/Parts/DeployedScience/Assets/IonExperiment_diffuse
[LOG 20:27:28.477] Load DDS texture: SquadExpansion/Serenity/Parts/DeployedScience/Assets/RTGCask_diffuse
[LOG 20:27:28.479] Load DDS texture: SquadExpansion/Serenity/Parts/DeployedScience/Assets/satDish_diffuse
[LOG 20:27:28.479] Load Cached PNG Texture: SquadExpansion/Serenity/Parts/DeployedScience/Assets/Scratch
[LOG 20:27:28.480] Load DDS texture: SquadExpansion/Serenity/Parts/DeployedScience/Assets/Screen2
[LOG 20:27:28.481] Load DDS texture: SquadExpansion/Serenity/Parts/DeployedScience/Assets/Screen3
[LOG 20:27:28.481] Load DDS texture: SquadExpansion/Serenity/Parts/DeployedScience/Assets/ScreenReadout
[LOG 20:27:28.481] Load DDS texture: SquadExpansion/Serenity/Parts/DeployedScience/Assets/seismicSensor_diffuse
[LOG 20:27:28.481] Load DDS texture: SquadExpansion/Serenity/Parts/DeployedScience/Assets/seismicSensor_nrm
[LOG 20:27:28.483] Load DDS texture: SquadExpansion/Serenity/Parts/DeployedScience/Assets/seismicSensor_specularMapped
[LOG 20:27:28.484] Load DDS texture: SquadExpansion/Serenity/Parts/DeployedScience/Assets/SolarGraph
[LOG 20:27:28.485] Load DDS texture: SquadExpansion/Serenity/Parts/DeployedScience/Assets/solarPanel_diffuse
[LOG 20:27:28.485] Load DDS texture: SquadExpansion/Serenity/Parts/DeployedScience/Assets/Waveleght3
[LOG 20:27:28.486] Load DDS texture: SquadExpansion/Serenity/Parts/DeployedScience/Assets/Wavelenght
[LOG 20:27:28.486] Load DDS texture: SquadExpansion/Serenity/Parts/DeployedScience/Assets/Wavelenght2
[LOG 20:27:28.486] Load DDS texture: SquadExpansion/Serenity/Parts/DeployedScience/Assets/wavelenght4
[LOG 20:27:28.486] Load DDS texture: SquadExpansion/Serenity/Parts/DeployedScience/Assets/wavelenght5
[LOG 20:27:28.486] Load DDS texture: SquadExpansion/Serenity/Parts/DeployedScience/Assets/WeatherStation [Normal]
[LOG 20:27:28.517] Load DDS texture: SquadExpansion/Serenity/Parts/DeployedScience/Assets/Weather_Station_diffuse
[LOG 20:27:28.525] Load DDS texture: SquadExpansion/Serenity/Parts/DeployedScience/Assets/Weather_Station_normal
[LOG 20:27:28.534] Load DDS texture: SquadExpansion/Serenity/Parts/Propellers/Assets/blade_diffuse
[LOG 20:27:28.535] Load DDS texture: SquadExpansion/Serenity/Parts/Propellers/Assets/copterBlades_diffuse
[LOG 20:27:28.535] Load DDS texture: SquadExpansion/Serenity/Parts/Propellers/Assets/fan_diffuse
[LOG 20:27:28.535] Load DDS texture: SquadExpansion/Serenity/Parts/Robotics/Assets/hinges-03-s_diffuse_Color
[LOG 20:27:28.536] Load DDS texture: SquadExpansion/Serenity/Parts/Robotics/Assets/hinges-03_diffuse_color
[LOG 20:27:28.538] Load DDS texture: SquadExpansion/Serenity/Parts/Robotics/Assets/hinges-03_diffuse_plain
[LOG 20:27:28.540] Load DDS texture: SquadExpansion/Serenity/Parts/Robotics/Assets/hinges_diffuse
[LOG 20:27:28.540] Load DDS texture: SquadExpansion/Serenity/Parts/Robotics/Assets/Hinge_diffuse_G-00_Color
[LOG 20:27:28.540] Load DDS texture: SquadExpansion/Serenity/Parts/Robotics/Assets/Hinge_diffuse_G-11_Color
[LOG 20:27:28.541] Load DDS texture: SquadExpansion/Serenity/Parts/Robotics/Assets/Hinge_diffuse_G-11_plain
[LOG 20:27:28.541] Load DDS texture: SquadExpansion/Serenity/Parts/Robotics/Assets/Hinge_normal
[LOG 20:27:28.560] Load DDS texture: SquadExpansion/Serenity/Parts/Robotics/Assets/RotorEngine_02_diffuse
[LOG 20:27:28.562] Load DDS texture: SquadExpansion/Serenity/Parts/Robotics/Assets/RotorEngine_03_diffuse
[LOG 20:27:28.564] Load DDS texture: SquadExpansion/Serenity/Parts/Robotics/Assets/RotorEngine_03_normal
[LOG 20:27:28.566] Load DDS texture: SquadExpansion/Serenity/Parts/Robotics/Assets/Rotor_01_diffuse_color
[LOG 20:27:28.569] Load DDS texture: SquadExpansion/Serenity/Parts/Robotics/Assets/Rotor_01_diffuse_plain
[LOG 20:27:28.571] Load DDS texture: SquadExpansion/Serenity/Parts/Robotics/Assets/Rotor_01_normal
[LOG 20:27:28.572] Load DDS texture: SquadExpansion/Serenity/Parts/Robotics/Assets/Rotor_01_specular_D
[LOG 20:27:28.573] Load DDS texture: SquadExpansion/Serenity/Parts/Robotics/Assets/Rotor_02_diffuse_color
[LOG 20:27:28.574] Load DDS texture: SquadExpansion/Serenity/Parts/Robotics/Assets/Rotor_03_diffuse_color
[LOG 20:27:28.575] Load DDS texture: SquadExpansion/Serenity/Parts/Robotics/Assets/Rotor_03_diffuse_plain
[LOG 20:27:28.584] Load DDS texture: SquadExpansion/Serenity/Parts/Robotics/Assets/Rotor_03_normal
[LOG 20:27:28.585] Load DDS texture: SquadExpansion/Serenity/Parts/Robotics/Assets/rotoServos_diffuse_color
[LOG 20:27:28.587] Load DDS texture: SquadExpansion/Serenity/Parts/Robotics/Assets/rotoServos_diffuse_plain
[LOG 20:27:28.588] Load DDS texture: SquadExpansion/Serenity/Parts/Robotics/Assets/rotoServos_nrm
[LOG 20:27:28.588] Load DDS texture: SquadExpansion/Serenity/Parts/Robotics/Controllers/roboController_diffuse
[LOG 20:27:28.589] Load DDS texture: SquadExpansion/Serenity/Parts/Robotics/Controllers/roboController_emissive
[LOG 20:27:28.589] Load Cached PNG Texture: SquadExpansion/Serenity/Parts/Science/RobotArmScanner/Assets/DrillBits
[LOG 20:27:28.590] Load DDS texture: SquadExpansion/Serenity/Parts/Science/RobotArmScanner/Assets/DustParticle
[WRN 20:27:28.590] Duplicate PNG texture 'SquadExpansion/Serenity/Parts/Science/RobotArmScanner/Assets/DustParticle' with extension 'png' won't be loaded
[LOG 20:27:28.590] Load DDS texture: SquadExpansion/Serenity/Parts/Science/RobotArmScanner/Assets/GenericParts_diffuse
[LOG 20:27:28.596] Load DDS texture: SquadExpansion/Serenity/Parts/Science/RobotArmScanner/Assets/GenericParts_normal
[LOG 20:27:28.602] Load DDS texture: SquadExpansion/Serenity/Parts/Science/RobotArmScanner/Assets/ROCArm3_diffuse
[LOG 20:27:28.608] Load DDS texture: SquadExpansion/Serenity/Parts/Science/RobotArmScanner/Assets/ROCArm3_normal
[LOG 20:27:28.616] Load DDS texture: SquadExpansion/Serenity/Parts/Science/RobotArmScanner/Assets/ROCArm_2_diffuse
[LOG 20:27:28.619] Load DDS texture: SquadExpansion/Serenity/Parts/Science/RobotArmScanner/Assets/ROCArm_2_normal
[LOG 20:27:28.622] Load Cached PNG Texture: SquadExpansion/Serenity/Parts/Science/RobotArmScanner/Assets/Scratch
[LOG 20:27:28.623] Load DDS texture: SquadExpansion/Serenity/Parts/Science/RobotArmScanner/Assets/SmallArm_diffuse
[LOG 20:27:28.624] Load DDS texture: SquadExpansion/Serenity/Parts/Science/RobotArmScanner/Assets/SmallArm_normal
[LOG 20:27:28.625] Load DDS texture: SquadExpansion/Serenity/Parts/Structural/gripPads/Assets/gripPads_diffuse
[LOG 20:27:28.626] Load DDS texture: SquadExpansion/Serenity/Parts/Structural/gripPads/Assets/gripPads_nrm
[LOG 20:27:28.627] Load Cached PNG Texture: SquadExpansion/Serenity/Ships/@thumbs/SPH/Arrow-E
[LOG 20:27:28.627] Load Cached PNG Texture: SquadExpansion/Serenity/Ships/@thumbs/SPH/Butterfly Rover
[LOG 20:27:28.627] Load Cached PNG Texture: SquadExpansion/Serenity/Ships/@thumbs/SPH/Jeb_s Quadtaxi
[LOG 20:27:28.627] Load Cached PNG Texture: SquadExpansion/Serenity/Ships/@thumbs/SPH/Kerbodyne Rotodyne
[LOG 20:27:28.627] Load Cached PNG Texture: SquadExpansion/Serenity/Ships/@thumbs/SPH/Seahawk
[LOG 20:27:28.627] Load Cached PNG Texture: SquadExpansion/Serenity/Ships/@thumbs/SPH/Val-Thopter
[LOG 20:27:28.629] Load MU model: Squad/FX/afterburner_flame
[LOG 20:27:28.639] Load MU model: Squad/FX/afterburner_shock
[LOG 20:27:28.640] Load MU model: Squad/FX/diamondBlue
[LOG 20:27:28.640] Load MU model: Squad/FX/exhaustFlames_blue
[LOG 20:27:28.792] Load MU model: Squad/FX/hydroLOXFlame
[LOG 20:27:28.793] Load MU model: Squad/FX/IonPlume
[LOG 20:27:28.794] Load MU model: Squad/FX/ks1_Exhaust
[LOG 20:27:28.795] Load MU model: Squad/FX/ks25_Exhaust
[LOG 20:27:28.796] Load MU model: Squad/FX/ksX_Exhaust
[LOG 20:27:28.796] Load MU model: Squad/FX/LES_Thruster
[LOG 20:27:28.797] Load MU model: Squad/FX/Monoprop_big
[LOG 20:27:28.797] Load MU model: Squad/FX/Monoprop_medium
[LOG 20:27:28.797] Load MU model: Squad/FX/Monoprop_small
[LOG 20:27:28.798] Load MU model: Squad/FX/shockExhaust_blue
[LOG 20:27:28.798] Load MU model: Squad/FX/shockExhaust_blue_small
[LOG 20:27:28.798] Load MU model: Squad/FX/shockExhaust_red_small
[LOG 20:27:28.799] Load MU model: Squad/FX/SRB_Large
[LOG 20:27:28.799] Load MU model: Squad/FX/SRB_LargeSparks
[LOG 20:27:28.799] Load MU model: Squad/Parts/Aero/aerodynamicNoseCone/aerodynamicNoseCone
[LOG 20:27:28.803] Load MU model: Squad/Parts/Aero/airbrake/Airbrake
[LOG 20:27:28.803] Load MU model: Squad/Parts/Aero/airIntakeRadialXM-G50/RadialIntake
[LOG 20:27:28.803] Load MU model: Squad/Parts/Aero/airlinerWings/ControlSurface
[LOG 20:27:28.804] Load MU model: Squad/Parts/Aero/airlinerWings/MainWing
[LOG 20:27:28.804] Load MU model: Squad/Parts/Aero/airlinerWings/TailFin
[LOG 20:27:28.808] Load MU model: Squad/Parts/Aero/airplaneFins/AdvCanard
[LOG 20:27:28.808] Load MU model: Squad/Parts/Aero/airplaneFins/Canard
[LOG 20:27:28.808] Load MU model: Squad/Parts/Aero/airplaneFins/Swept
[LOG 20:27:28.808] Load MU model: Squad/Parts/Aero/airplaneFins/TailFin
[LOG 20:27:28.808] Load MU model: Squad/Parts/Aero/basicFin/basicFin
[LOG 20:27:28.809] Load MU model: Squad/Parts/Aero/circularIntake/CircularIntake
[LOG 20:27:28.810] Load MU model: Squad/Parts/Aero/circularIntake/ConeIntake
[LOG 20:27:28.811] Load MU model: Squad/Parts/Aero/cones/Assets/AvioCone
[LOG 20:27:28.811] Load MU model: Squad/Parts/Aero/cones/Assets/ConeA
[LOG 20:27:28.812] Load MU model: Squad/Parts/Aero/cones/Assets/ConeB
[LOG 20:27:28.812] Load MU model: Squad/Parts/Aero/cones/Assets/NCS
[LOG 20:27:28.812] Load MU model: Squad/Parts/Aero/cones/Assets/orangeNoseCone
[LOG 20:27:28.814] Load MU model: Squad/Parts/Aero/cones/Assets/rocketNoseCone
[LOG 20:27:28.814] Load MU model: Squad/Parts/Aero/cones/Assets/rocketNoseCone_v2
[LOG 20:27:28.814] Load MU model: Squad/Parts/Aero/cones/Assets/rocketNoseCone_v3
[LOG 20:27:28.815] Load MU model: Squad/Parts/Aero/cones/Assets/TailA
[LOG 20:27:28.815] Load MU model: Squad/Parts/Aero/cones/Assets/TailB
[LOG 20:27:28.815] Load MU model: Squad/Parts/Aero/cones/Assets/TinyCone
[LOG 20:27:28.816] Load MU model: Squad/Parts/Aero/fairings/AutoTruss
[LOG 20:27:28.816] Load MU model: Squad/Parts/Aero/fairings/fairingSize1
[LOG 20:27:28.816] Load MU model: Squad/Parts/Aero/fairings/fairingSize2
[LOG 20:27:28.817] Load MU model: Squad/Parts/Aero/fairings/fairingSize3
[LOG 20:27:28.817] Load MU model: Squad/Parts/Aero/HeatShield/HeatShield0
[LOG 20:27:28.818] Load MU model: Squad/Parts/Aero/HeatShield/HeatShield1
[LOG 20:27:28.818] Load MU model: Squad/Parts/Aero/HeatShield/HeatShield2
[LOG 20:27:28.818] Load MU model: Squad/Parts/Aero/HeatShield/HeatShield3
[LOG 20:27:28.819] Load MU model: Squad/Parts/Aero/InflatableHeatShield/HeatShield
[LOG 20:27:28.821] Load MU model: Squad/Parts/Aero/intakeRadialLong/IntakeRadial
[LOG 20:27:28.821] Load MU model: Squad/Parts/Aero/miniIntake/SmallIntake
[LOG 20:27:28.821] Load MU model: Squad/Parts/Aero/ramAirIntake/RampIntake
[LOG 20:27:28.821] Load MU model: Squad/Parts/Aero/shuttleWings/ShuttleDeltaWing
[LOG 20:27:28.822] Load MU model: Squad/Parts/Aero/shuttleWings/ShuttleElevonA
[LOG 20:27:28.822] Load MU model: Squad/Parts/Aero/shuttleWings/ShuttleElevonB
[LOG 20:27:28.822] Load MU model: Squad/Parts/Aero/shuttleWings/ShuttleRudder
[LOG 20:27:28.823] Load MU model: Squad/Parts/Aero/shuttleWings/ShuttleStrake
[LOG 20:27:28.823] Load MU model: Squad/Parts/Aero/wingletAV-R8/model
[LOG 20:27:28.823] Load MU model: Squad/Parts/Aero/wingletAV-T1/model
[LOG 20:27:28.823] Load MU model: Squad/Parts/Aero/wingletDeltaDeluxe/model
[LOG 20:27:28.823] Load MU model: Squad/Parts/Aero/wings/connector1
[LOG 20:27:28.824] Load MU model: Squad/Parts/Aero/wings/connector2
[LOG 20:27:28.824] Load MU model: Squad/Parts/Aero/wings/connector3
[LOG 20:27:28.824] Load MU model: Squad/Parts/Aero/wings/connector4
[LOG 20:27:28.824] Load MU model: Squad/Parts/Aero/wings/connector5
[LOG 20:27:28.824] Load MU model: Squad/Parts/Aero/wings/delta
[LOG 20:27:28.824] Load MU model: Squad/Parts/Aero/wings/delta_small
[LOG 20:27:28.824] Load MU model: Squad/Parts/Aero/wings/elevon1
[LOG 20:27:28.825] Load MU model: Squad/Parts/Aero/wings/elevon2
[LOG 20:27:28.825] Load MU model: Squad/Parts/Aero/wings/elevon3
[LOG 20:27:28.826] Load MU model: Squad/Parts/Aero/wings/elevon4
[LOG 20:27:28.826] Load MU model: Squad/Parts/Aero/wings/elevon5
[LOG 20:27:28.826] Load MU model: Squad/Parts/Aero/wings/strake
[LOG 20:27:28.826] Load MU model: Squad/Parts/Aero/wings/structural1
[LOG 20:27:28.827] Load MU model: Squad/Parts/Aero/wings/structural2
[LOG 20:27:28.827] Load MU model: Squad/Parts/Aero/wings/structural3
[LOG 20:27:28.827] Load MU model: Squad/Parts/Aero/wings/structural4
[LOG 20:27:28.827] Load MU model: Squad/Parts/Aero/wings/swept1
[LOG 20:27:28.827] Load MU model: Squad/Parts/Aero/wings/swept2
[LOG 20:27:28.828] Load MU model: Squad/Parts/Cargo/CargoContainers/cargoContainer
[LOG 20:27:28.828] Load MU model: Squad/Parts/Cargo/CargoContainers/smallCargoContainer
[LOG 20:27:28.828] Load MU model: Squad/Parts/Cargo/Cylinder/EVAcylinder
[LOG 20:27:28.828] Load MU model: Squad/Parts/Cargo/GroundAnchor/groundAnchor
[LOG 20:27:28.829] Load MU model: Squad/Parts/Cargo/Jetpack/Jetpack
[LOG 20:27:28.830] Load MU model: Squad/Parts/Cargo/Parachute/Parachute
[LOG 20:27:28.830] Load MU model: Squad/Parts/Cargo/RepairKit/RepairKit
[LOG 20:27:28.847] Load MU model: Squad/Parts/Cargo/ScienceKit/ExperimentKit
[LOG 20:27:28.848] Load MU model: Squad/Parts/Cargo/StorageUnits/Assets/CargoStorageUnit
[LOG 20:27:28.850] Load MU model: Squad/Parts/Cargo/StorageUnits/Assets/ConformalStorageUnit
[LOG 20:27:28.850] Load MU model: Squad/Parts/Command/advancedSasModuleLarge/model
[LOG 20:27:28.850] Load MU model: Squad/Parts/Command/cupola/model
[LOG 20:27:28.851] Load MU model: Squad/Parts/Command/externalCommandSeat/model
[LOG 20:27:28.852] Load MU model: Squad/Parts/Command/hitchhikerStorageContainer/model
[LOG 20:27:28.852] Load MU model: Squad/Parts/Command/inlineAdvancedStabilizer/model
[LOG 20:27:28.852] Load MU model: Squad/Parts/Command/inlineReactionWheel/model
[LOG 20:27:28.852] Load MU model: Squad/Parts/Command/Mk1-3Pod/Mk1-3
[LOG 20:27:28.853] Load MU model: Squad/Parts/Command/mk1Cockpits/Cabin
[LOG 20:27:28.853] Load MU model: Squad/Parts/Command/mk1Cockpits/CockpitInline
[LOG 20:27:28.856] Load MU model: Squad/Parts/Command/mk1Cockpits/CockpitStandard
[LOG 20:27:28.874] Load MU model: Squad/Parts/Command/mk1LanderCan/model
[LOG 20:27:28.875] Load MU model: Squad/Parts/Command/mk1pod_v2/Mk1Pod_v2
[LOG 20:27:28.875] Load MU model: Squad/Parts/Command/mk2CockpitInline/model
[LOG 20:27:28.876] Load MU model: Squad/Parts/Command/mk2CockpitStandard/model
[LOG 20:27:28.877] Load MU model: Squad/Parts/Command/mk2DroneCore/model
[LOG 20:27:28.877] Load MU model: Squad/Parts/Command/mk2LanderCan/model
[LOG 20:27:28.877] Load MU model: Squad/Parts/Command/mk2LanderCan_v2/mk2LanderCan
[LOG 20:27:28.878] Load MU model: Squad/Parts/Command/mk3CockpitShuttle/model
[LOG 20:27:28.879] Load MU model: Squad/Parts/Command/MpoProbe/MpoProbe
[LOG 20:27:28.879] Load MU model: Squad/Parts/Command/MtmStage/MTM_Stage
[LOG 20:27:28.880] Load MU model: Squad/Parts/Command/probeCoreCube/probeCoreCube
[LOG 20:27:28.880] Load MU model: Squad/Parts/Command/probeCoreHex/model
[LOG 20:27:28.880] Load MU model: Squad/Parts/Command/probeCoreHex_v2/model
[LOG 20:27:28.880] Load MU model: Squad/Parts/Command/probeCoreOcto2_v2/probeCoreOcto2_v2
[LOG 20:27:28.881] Load MU model: Squad/Parts/Command/probeCoreOcto_v2/probeCoreOcto_v2
[LOG 20:27:28.881] Load MU model: Squad/Parts/Command/probeRoverBody/model
[LOG 20:27:28.881] Load MU model: Squad/Parts/Command/probeRoverBody_v2/probeRoverBody_v2
[LOG 20:27:28.881] Load MU model: Squad/Parts/Command/probeStackLarge/model
[LOG 20:27:28.882] Load MU model: Squad/Parts/Command/probeStackSmall/model
[LOG 20:27:28.882] Load MU model: Squad/Parts/Command/probeStackSphere_v2/probeStackSphere_v2
[LOG 20:27:28.882] Load MU model: Squad/Parts/CompoundParts/FuelLine/model
[LOG 20:27:28.882] Load MU model: Squad/Parts/CompoundParts/strutConnector/model
[LOG 20:27:28.883] Load MU model: Squad/Parts/Coupling/Assets/Decoupler_0
[LOG 20:27:28.883] Load MU model: Squad/Parts/Coupling/Assets/Decoupler_1
[LOG 20:27:28.884] Load MU model: Squad/Parts/Coupling/Assets/Decoupler_1p5
[LOG 20:27:28.884] Load MU model: Squad/Parts/Coupling/Assets/Decoupler_2
[LOG 20:27:28.884] Load MU model: Squad/Parts/Coupling/Assets/Decoupler_3
[LOG 20:27:28.885] Load MU model: Squad/Parts/Coupling/Assets/Decoupler_4
[LOG 20:27:28.885] Load MU model: Squad/Parts/Coupling/Assets/Separator_0
[LOG 20:27:28.886] Load MU model: Squad/Parts/Coupling/Assets/Separator_1
[LOG 20:27:28.886] Load MU model: Squad/Parts/Coupling/Assets/Separator_1p5
[LOG 20:27:28.886] Load MU model: Squad/Parts/Coupling/Assets/Separator_2
[LOG 20:27:28.887] Load MU model: Squad/Parts/Coupling/Assets/Separator_3
[LOG 20:27:28.887] Load MU model: Squad/Parts/Coupling/Assets/Separator_4
[LOG 20:27:28.887] Load MU model: Squad/Parts/Electrical/10CSolarPanels/assets/OX-10C
[LOG 20:27:28.889] Load MU model: Squad/Parts/Electrical/10CSolarPanels/assets/SP-10C
[LOG 20:27:28.891] Load MU model: Squad/Parts/Electrical/10LSolarPanels/assets/OX-10L
[LOG 20:27:28.893] Load MU model: Squad/Parts/Electrical/10LSolarPanels/assets/SP-10L
[LOG 20:27:28.894] Load MU model: Squad/Parts/Electrical/1x6ShroudSolarPanels/model
[LOG 20:27:28.894] Load MU model: Squad/Parts/Electrical/1x6SolarPanels/model
[LOG 20:27:28.895] Load MU model: Squad/Parts/Electrical/3x2ShroudSolarPanels/model
[LOG 20:27:28.896] Load MU model: Squad/Parts/Electrical/3x2SolarPanels/model
[LOG 20:27:28.896] Load MU model: Squad/Parts/Electrical/gigantorXlSolarArray/model
[LOG 20:27:28.897] Load MU model: Squad/Parts/Electrical/radialFlatSolarPanel/model
[LOG 20:27:28.897] Load MU model: Squad/Parts/Electrical/RTG/model
[LOG 20:27:28.897] Load MU model: Squad/Parts/Electrical/z-100Battery/model
[LOG 20:27:28.897] Load MU model: Squad/Parts/Electrical/z-1kBattery/model
[LOG 20:27:28.897] Load MU model: Squad/Parts/Electrical/z-200Battery/model
[LOG 20:27:28.898] Load MU model: Squad/Parts/Electrical/z-400Battery/model
[LOG 20:27:28.898] Load MU model: Squad/Parts/Electrical/z-4kBattery/model
[LOG 20:27:28.898] Load MU model: Squad/Parts/Engine/ionEngine/model
[LOG 20:27:28.898] Load MU model: Squad/Parts/Engine/jetEngines/turbineInside
[LOG 20:27:28.898] Load MU model: Squad/Parts/Engine/jetEngines/turboFanSize1
[LOG 20:27:28.899] Load MU model: Squad/Parts/Engine/jetEngines/turboFanSize2
[LOG 20:27:28.900] Load MU model: Squad/Parts/Engine/jetEngines/turboJet
[LOG 20:27:28.901] Load MU model: Squad/Parts/Engine/jetEngines/turboRamJet
[LOG 20:27:28.901] Load MU model: Squad/Parts/Engine/liquidEngine24-77/model
[LOG 20:27:28.901] Load MU model: Squad/Parts/Engine/liquidEngine24-77_v2/Twitch_v2
[LOG 20:27:28.902] Load MU model: Squad/Parts/Engine/liquidEngine48-7S_v2/SparkV2
[LOG 20:27:28.903] Load MU model: Squad/Parts/Engine/liquidEngineAerospike/AeroSpike
[LOG 20:27:28.903] Load MU model: Squad/Parts/Engine/liquidEngineLV-1_v2/Assets/Ant
[LOG 20:27:28.904] Load MU model: Squad/Parts/Engine/liquidEngineLV-1_v2/Assets/Spider
[LOG 20:27:28.904] Load MU model: Squad/Parts/Engine/liquidEngineLV-909_v2/TerrierV2
[LOG 20:27:28.905] Load MU model: Squad/Parts/Engine/liquidEngineLV-N/model
[LOG 20:27:28.906] Load MU model: Squad/Parts/Engine/liquidEngineLV-T30/model
[LOG 20:27:28.906] Load MU model: Squad/Parts/Engine/liquidEngineLV-T30_v2/Reliant_v2
[LOG 20:27:28.909] Load MU model: Squad/Parts/Engine/liquidEngineLV-T45/model
[LOG 20:27:28.910] Load MU model: Squad/Parts/Engine/liquidEngineLV-T45_v2/Swivel_v2
[LOG 20:27:28.912] Load MU model: Squad/Parts/Engine/liquidEngineMainsail_v2/liquidEngineMainsail_v2
[LOG 20:27:28.915] Load MU model: Squad/Parts/Engine/liquidEngineMk55/Thud
[LOG 20:27:28.915] Load MU model: Squad/Parts/Engine/liquidEnginePoodle_v2/LqdEnginePoodle_v2
[LOG 20:27:28.919] Load MU model: Squad/Parts/Engine/liquidEngineSkipper_v2/skipper_v2
[LOG 20:27:28.921] Load MU model: Squad/Parts/Engine/liquidEngineSSME/SSME
[LOG 20:27:28.921] Load MU model: Squad/Parts/Engine/MassiveSRB/MassiveSRB
[LOG 20:27:28.922] Load MU model: Squad/Parts/Engine/miniJet/SmallJet
[LOG 20:27:28.922] Load MU model: Squad/Parts/Engine/OMSEngine/Puff_v2
[LOG 20:27:28.923] Load MU model: Squad/Parts/Engine/rapierEngine/rapier
[LOG 20:27:28.923] Load MU model: Squad/Parts/Engine/Size1_SRBs/SRB10
[LOG 20:27:28.925] Load MU model: Squad/Parts/Engine/Size1_SRBs/SRB5
[LOG 20:27:28.925] Load MU model: Squad/Parts/Engine/Size2LFB/Size2LFB
[LOG 20:27:28.926] Load MU model: Squad/Parts/Engine/Size2LFB_v2/Size2LFB_v2
[LOG 20:27:28.927] Load MU model: Squad/Parts/Engine/Size3AdvancedEngine/Size3AdvancedEngine
[LOG 20:27:28.928] Load MU model: Squad/Parts/Engine/Size3EngineCluster/Size3EngineCluster
[LOG 20:27:28.929] Load MU model: Squad/Parts/Engine/solidBoosterBACC/model
[LOG 20:27:28.930] Load MU model: Squad/Parts/Engine/solidBoosterS2-17/solidBoosterS2-17
[LOG 20:27:28.931] Load MU model: Squad/Parts/Engine/solidBoosterS2-33/solidBoosterS2-33
[LOG 20:27:28.931] Load MU model: Squad/Parts/Engine/solidBoosterSep/model
[LOG 20:27:28.932] Load MU model: Squad/Parts/Engine/SolidBoostersF/Assets/SolidBoosterF3S0
[LOG 20:27:28.932] Load MU model: Squad/Parts/Engine/SolidBoostersF/Assets/SolidBoosterFM1
[LOG 20:27:28.933] Load MU model: Squad/Parts/FuelTank/adapterTanks/Mk3-Mk2
[LOG 20:27:28.933] Load MU model: Squad/Parts/FuelTank/adapterTanks/Mk3-Size2
[LOG 20:27:28.934] Load MU model: Squad/Parts/FuelTank/adapterTanks/Mk3-Size2Slant
[LOG 20:27:28.934] Load MU model: Squad/Parts/FuelTank/adapterTanks/ShuttleAdapter
[LOG 20:27:28.934] Load MU model: Squad/Parts/FuelTank/adapterTanks/Size2-Mk2
[LOG 20:27:28.935] Load MU model: Squad/Parts/FuelTank/adapterTanks/Size2-Size1
[LOG 20:27:28.935] Load MU model: Squad/Parts/FuelTank/adapterTanks/Size2-Size1Slant
[LOG 20:27:28.935] Load MU model: Squad/Parts/FuelTank/adapterTanks/Size3-Mk3
[LOG 20:27:28.935] Load MU model: Squad/Parts/FuelTank/drainTankFTE-1/fuelValve
[LOG 20:27:28.936] Load MU model: Squad/Parts/FuelTank/FoilTanks/RadialTank_Capsule
[LOG 20:27:28.936] Load MU model: Squad/Parts/FuelTank/FoilTanks/RadialTank_Round
[LOG 20:27:28.936] Load MU model: Squad/Parts/FuelTank/FoilTanks/ToroidTank
[LOG 20:27:28.937] Load MU model: Squad/Parts/FuelTank/fuelTankOscarB/model
[LOG 20:27:28.937] Load MU model: Squad/Parts/FuelTank/miniFuselage/Fuselage
[LOG 20:27:28.937] Load MU model: Squad/Parts/FuelTank/mk2Adapters/bicoupler
[LOG 20:27:28.938] Load MU model: Squad/Parts/FuelTank/mk2Adapters/long
[LOG 20:27:28.938] Load MU model: Squad/Parts/FuelTank/mk2Adapters/standard
[LOG 20:27:28.938] Load MU model: Squad/Parts/FuelTank/mk2FuselageLong/FuselageLongLFO
[LOG 20:27:28.938] Load MU model: Squad/Parts/FuelTank/mk2FuselageLong/FuselageLongLiquid
[LOG 20:27:28.938] Load MU model: Squad/Parts/FuelTank/mk2FuselageShort/FuselageShortLFO
[LOG 20:27:28.938] Load MU model: Squad/Parts/FuelTank/mk2FuselageShort/FuselageShortLiquid
[LOG 20:27:28.938] Load MU model: Squad/Parts/FuelTank/mk2FuselageShort/FuselageShortMono
[LOG 20:27:28.939] Load MU model: Squad/Parts/FuelTank/mk3Fuselage/CREW
[LOG 20:27:28.939] Load MU model: Squad/Parts/FuelTank/mk3Fuselage/LFO_100
[LOG 20:27:28.939] Load MU model: Squad/Parts/FuelTank/mk3Fuselage/LFO_25
[LOG 20:27:28.939] Load MU model: Squad/Parts/FuelTank/mk3Fuselage/LFO_50
[LOG 20:27:28.940] Load MU model: Squad/Parts/FuelTank/mk3Fuselage/LF_100
[LOG 20:27:28.940] Load MU model: Squad/Parts/FuelTank/mk3Fuselage/LF_25
[LOG 20:27:28.940] Load MU model: Squad/Parts/FuelTank/mk3Fuselage/LF_50
[LOG 20:27:28.940] Load MU model: Squad/Parts/FuelTank/mk3Fuselage/MONO
[LOG 20:27:28.940] Load MU model: Squad/Parts/FuelTank/RCSFuelTankR1/RCSFuelTankR1_01
[LOG 20:27:28.942] Load MU model: Squad/Parts/FuelTank/RCSFuelTankR10/model
[LOG 20:27:28.942] Load MU model: Squad/Parts/FuelTank/RCSFuelTankR25/RCSFuelTankR25
[LOG 20:27:28.942] Load MU model: Squad/Parts/FuelTank/RCSTankRadial/model
[LOG 20:27:28.943] Load MU model: Squad/Parts/FuelTank/RCStankRadialLong/model
[LOG 20:27:28.944] Load MU model: Squad/Parts/FuelTank/RockomaxTanks/Assets/Rockomax16
[LOG 20:27:28.944] Load MU model: Squad/Parts/FuelTank/RockomaxTanks/Assets/Rockomax32
[LOG 20:27:28.944] Load MU model: Squad/Parts/FuelTank/RockomaxTanks/Assets/Rockomax64
[LOG 20:27:28.945] Load MU model: Squad/Parts/FuelTank/RockomaxTanks/Assets/Rockomax8
[LOG 20:27:28.945] Load MU model: Squad/Parts/FuelTank/Size1_Tanks/Size1Tank_01
[LOG 20:27:28.945] Load MU model: Squad/Parts/FuelTank/Size1_Tanks/Size1Tank_02
[LOG 20:27:28.946] Load MU model: Squad/Parts/FuelTank/Size1_Tanks/Size1Tank_03
[LOG 20:27:28.946] Load MU model: Squad/Parts/FuelTank/Size1_Tanks/Size1Tank_04
[LOG 20:27:28.946] Load MU model: Squad/Parts/FuelTank/Size3Tanks/Size3LargeTank
[LOG 20:27:28.946] Load MU model: Squad/Parts/FuelTank/Size3Tanks/Size3MediumTank
[LOG 20:27:28.947] Load MU model: Squad/Parts/FuelTank/Size3Tanks/Size3SmallTank
[LOG 20:27:28.947] Load MU model: Squad/Parts/FuelTank/xenonTank/model
[LOG 20:27:28.947] Load MU model: Squad/Parts/FuelTank/xenonTankLarge/model
[LOG 20:27:28.948] Load MU model: Squad/Parts/FuelTank/xenonTankRadial/model
[LOG 20:27:28.948] Load MU model: Squad/Parts/Misc/AsteroidDay/CamSat
[LOG 20:27:28.948] Load MU model: Squad/Parts/Misc/AsteroidDay/HECS2
[LOG 20:27:28.948] Load MU model: Squad/Parts/Misc/AsteroidDay/HighGainAntenna
[LOG 20:27:28.950] Load MU model: Squad/Parts/Misc/AsteroidDay/LgRadialSolar
[LOG 20:27:28.950] Load MU model: Squad/Parts/Misc/PotatoComet/Cube
[LOG 20:27:28.950] Load MU model: Squad/Parts/Misc/PotatoRoid/Cube
[LOG 20:27:28.950] Load MU model: Squad/Parts/Resources/FuelCell/FuelCell
[LOG 20:27:28.951] Load MU model: Squad/Parts/Resources/FuelCell/FuelCellArray
[LOG 20:27:28.951] Load MU model: Squad/Parts/Resources/ISRU/ISRU
[LOG 20:27:28.952] Load MU model: Squad/Parts/Resources/LargeTank/LargeTank
[LOG 20:27:28.952] Load MU model: Squad/Parts/Resources/MiniDrill/MiniDrill
[LOG 20:27:28.954] Load MU model: Squad/Parts/Resources/MiniISRU/MiniISRU
[LOG 20:27:28.954] Load MU model: Squad/Parts/Resources/OrbitalScanner/OrbitalScanner
[LOG 20:27:28.955] Load MU model: Squad/Parts/Resources/RadialDrill/TriBitDrill
[LOG 20:27:28.957] Load MU model: Squad/Parts/Resources/RadialTank/RadialOreTank
[LOG 20:27:28.957] Load MU model: Squad/Parts/Resources/SmallTank/SmallTank
[LOG 20:27:28.958] Load MU model: Squad/Parts/Resources/SurfaceScanner/SurfaceScanner
[LOG 20:27:28.958] Load MU model: Squad/Parts/Resources/SurveyScanner/SurveyScanner
[LOG 20:27:28.958] Load MU model: Squad/Parts/Science/AtmosphereSensor/model
[LOG 20:27:28.958] Load MU model: Squad/Parts/Science/GooExperiment/GooExperiment
[LOG 20:27:28.959] Load MU model: Squad/Parts/Science/LargeCrewedLab/large_crewed_lab
[LOG 20:27:28.960] Load MU model: Squad/Parts/Science/Magnetometer/Magnetometer
[LOG 20:27:28.965] Load MU model: Squad/Parts/Science/MaterialBay/science_module_small
[LOG 20:27:28.965] Load MU model: Squad/Parts/Science/ScienceBox/ScienceBox
[LOG 20:27:28.966] Load MU model: Squad/Parts/Science/sensorAccelerometer/model
[LOG 20:27:28.966] Load MU model: Squad/Parts/Science/sensorBarometer/model
[LOG 20:27:28.966] Load MU model: Squad/Parts/Science/sensorGravimeter/model
[LOG 20:27:28.966] Load MU model: Squad/Parts/Science/sensorThermometer/model
[LOG 20:27:28.966] Load MU model: Squad/Parts/Structural/FLAdapters/Assets/adapterSmallMiniShort_v2
[LOG 20:27:28.967] Load MU model: Squad/Parts/Structural/FLAdapters/Assets/adapterSmallMiniTall_v2
[LOG 20:27:28.967] Load MU model: Squad/Parts/Structural/mk1Parts/Fuselage
[LOG 20:27:28.967] Load MU model: Squad/Parts/Structural/mk1Parts/IntakeFuselage
[LOG 20:27:28.968] Load MU model: Squad/Parts/Structural/mk1Parts/Nacelle1
[LOG 20:27:28.968] Load MU model: Squad/Parts/Structural/mk1Parts/Nacelle2
[LOG 20:27:28.968] Load MU model: Squad/Parts/Structural/mk1Parts/Structural
[LOG 20:27:28.969] Load MU model: Squad/Parts/Structural/mk1Parts/StructuralHollow
[LOG 20:27:28.969] Load MU model: Squad/Parts/Structural/Size3To2Adapter_v2/Size2to3_v2
[LOG 20:27:28.970] Load MU model: Squad/Parts/Structural/stackAdapters/Assets/adapterLargeSmallBi
[LOG 20:27:28.970] Load MU model: Squad/Parts/Structural/stackAdapters/Assets/adapterLargeSmallQuad
[LOG 20:27:28.970] Load MU model: Squad/Parts/Structural/stackAdapters/Assets/adapterLargeSmallTri
[LOG 20:27:28.970] Load MU model: Squad/Parts/Structural/stationHub/model
[LOG 20:27:28.971] Load MU model: Squad/Parts/Structural/structuralIBeam200/model
[LOG 20:27:28.971] Load MU model: Squad/Parts/Structural/structuralIBeam200Pocket/model
[LOG 20:27:28.971] Load MU model: Squad/Parts/Structural/structuralIBeam650/model
[LOG 20:27:28.971] Load MU model: Squad/Parts/Structural/structuralMicronode/model
[LOG 20:27:28.971] Load MU model: Squad/Parts/Structural/structuralPanel1x1/model
[LOG 20:27:28.972] Load MU model: Squad/Parts/Structural/structuralPanel2x2/model
[LOG 20:27:28.972] Load MU model: Squad/Parts/Structural/structuralPylons/PylonBig
[LOG 20:27:28.972] Load MU model: Squad/Parts/Structural/structuralPylons/PylonSmall
[LOG 20:27:28.972] Load MU model: Squad/Parts/Structural/strutCubicOcto/model
[LOG 20:27:28.972] Load MU model: Squad/Parts/Structural/strutOcto/model
[LOG 20:27:28.973] Load MU model: Squad/Parts/Structural/trussGirderAdapter/model
[LOG 20:27:28.973] Load MU model: Squad/Parts/Structural/trussGirderL/model
[LOG 20:27:28.973] Load MU model: Squad/Parts/Structural/trussGirderXL/model
[LOG 20:27:28.973] Load MU model: Squad/Parts/Thermal/FoldingRadiators/foldingRadLarge
[LOG 20:27:28.980] Load MU model: Squad/Parts/Thermal/FoldingRadiators/foldingRadMed
[LOG 20:27:28.983] Load MU model: Squad/Parts/Thermal/FoldingRadiators/foldingRadSmall
[LOG 20:27:28.985] Load MU model: Squad/Parts/Thermal/RadiatorPanels/radPanelEdge
[LOG 20:27:28.986] Load MU model: Squad/Parts/Thermal/RadiatorPanels/radPanelLg
[LOG 20:27:28.986] Load MU model: Squad/Parts/Thermal/RadiatorPanels/radPanelSm
[LOG 20:27:28.986] Load MU model: Squad/Parts/Utility/commDish88-88/model
[LOG 20:27:28.992] Load MU model: Squad/Parts/Utility/commsAntennaDTS-M1/mediumDishAntenna
[LOG 20:27:28.993] Load MU model: Squad/Parts/Utility/commsDish16/model
[LOG 20:27:28.994] Load MU model: Squad/Parts/Utility/decouplerRadialHDM/model
[LOG 20:27:28.994] Load MU model: Squad/Parts/Utility/decouplerRadialTT-38K/model
[LOG 20:27:28.994] Load MU model: Squad/Parts/Utility/decouplerRadialTT-70/model
[LOG 20:27:28.995] Load MU model: Squad/Parts/Utility/DirectAntennas/HGAntenna
[LOG 20:27:28.996] Load MU model: Squad/Parts/Utility/DirectAntennas/HGAntenna_v2
[LOG 20:27:28.997] Load MU model: Squad/Parts/Utility/DirectAntennas/SurfAntenna
[LOG 20:27:28.997] Load MU model: Squad/Parts/Utility/dockingPort/dockingPort
[LOG 20:27:28.997] Load MU model: Squad/Parts/Utility/dockingPortInline/dockingPortInline
[LOG 20:27:28.998] Load MU model: Squad/Parts/Utility/dockingPortJr/dockingPortJr
[LOG 20:27:28.999] Load MU model: Squad/Parts/Utility/dockingPortShielded/dockingPortShielded
[LOG 20:27:29.000] Load MU model: Squad/Parts/Utility/dockingPortSr/dockingPortSr
[LOG 20:27:29.000] Load MU model: Squad/Parts/Utility/Fireworks/Assets/fireworksLauncherBig
[LOG 20:27:29.001] Load MU model: Squad/Parts/Utility/Fireworks/Assets/fireworksLauncherSmall
[LOG 20:27:29.001] Load MU model: Squad/Parts/Utility/flags/flagFlat/flagFlatMeshes
[LOG 20:27:29.004] Load MU model: Squad/Parts/Utility/flags/flagSize0/flagSize0Meshes
[LOG 20:27:29.005] Load MU model: Squad/Parts/Utility/flags/flagSize1/flagSize1Meshes
[LOG 20:27:29.007] Load MU model: Squad/Parts/Utility/flags/flagSize2/flagSize2Meshes
[LOG 20:27:29.008] Load MU model: Squad/Parts/Utility/flags/flagSize3/flagSize3Meshes
[LOG 20:27:29.010] Load MU model: Squad/Parts/Utility/GrapplingDevice/GrapplingArm
[LOG 20:27:29.015] Load MU model: Squad/Parts/Utility/ladderRadial/model
[LOG 20:27:29.016] Load MU model: Squad/Parts/Utility/ladderTelescopic/model
[LOG 20:27:29.017] Load MU model: Squad/Parts/Utility/ladderTelescopicBay/model
[LOG 20:27:29.019] Load MU model: Squad/Parts/Utility/landingLegLT-1/model
[LOG 20:27:29.020] Load MU model: Squad/Parts/Utility/landingLegLT-2/model
[LOG 20:27:29.020] Load MU model: Squad/Parts/Utility/landingLegLT-5/model
[WRN 20:27:29.022] WheelCollider requires an attached Rigidbody to function.
[WRN 20:27:29.022] WheelCollider requires an attached Rigidbody to function.
[LOG 20:27:29.022] Load MU model: Squad/Parts/Utility/launchClamp1/model
[LOG 20:27:29.023] Load MU model: Squad/Parts/Utility/launchEscapeSystem/LaunchEscapeSystem
[LOG 20:27:29.024] Load MU model: Squad/Parts/Utility/Lights/Assets/light_02
[LOG 20:27:29.024] Load MU model: Squad/Parts/Utility/Lights/Assets/light_03
[LOG 20:27:29.024] Load MU model: Squad/Parts/Utility/Lights/Assets/light_04
[LOG 20:27:29.025] Load MU model: Squad/Parts/Utility/Lights/Assets/light_07
[LOG 20:27:29.025] Load MU model: Squad/Parts/Utility/Lights/Assets/light_08
[LOG 20:27:29.026] Load MU model: Squad/Parts/Utility/Lights/Assets/light_12
[LOG 20:27:29.026] Load MU model: Squad/Parts/Utility/linearVernorRCS/Assets/linearRCS
[LOG 20:27:29.027] Load MU model: Squad/Parts/Utility/linearVernorRCS/Assets/vernorEngine
[LOG 20:27:29.027] Load MU model: Squad/Parts/Utility/mk2CargoBay/BayLarge
[LOG 20:27:29.028] Load MU model: Squad/Parts/Utility/mk2CargoBay/BaySmall
[LOG 20:27:29.028] Load MU model: Squad/Parts/Utility/mk2CrewCabin/model
[LOG 20:27:29.029] Load MU model: Squad/Parts/Utility/mk2DockingPort/mk2Dockingport
[LOG 20:27:29.030] Load MU model: Squad/Parts/Utility/mk3CargoBay/long
[LOG 20:27:29.030] Load MU model: Squad/Parts/Utility/mk3CargoBay/medium
[LOG 20:27:29.031] Load MU model: Squad/Parts/Utility/mk3CargoBay/ramp
[LOG 20:27:29.032] Load MU model: Squad/Parts/Utility/mk3CargoBay/short
[LOG 20:27:29.033] Load MU model: Squad/Parts/Utility/parachuteMk1/model
[LOG 20:27:29.033] Load MU model: Squad/Parts/Utility/parachuteMk12-R/model
[LOG 20:27:29.034] Load MU model: Squad/Parts/Utility/parachuteMk16-XL/model
[LOG 20:27:29.034] Load MU model: Squad/Parts/Utility/parachuteMk2-R/model
[LOG 20:27:29.035] Load MU model: Squad/Parts/Utility/parachuteMk25/model
[LOG 20:27:29.036] Load MU model: Squad/Parts/Utility/radialAttachmentPoint/model
[LOG 20:27:29.036] Load MU model: Squad/Parts/Utility/rcsBlockRV-105_v2/rcsBlock105
[LOG 20:27:29.038] Load MU model: Squad/Parts/Utility/rcsSmallLinear/Assets/RCSLinearSmall
[LOG 20:27:29.038] Load MU model: Squad/Parts/Utility/RelayAntennas/HGAntenna
[LOG 20:27:29.040] Load MU model: Squad/Parts/Utility/RelayAntennas/RA-100
[LOG 20:27:29.040] Load MU model: Squad/Parts/Utility/RelayAntennas/RA-5
[LOG 20:27:29.040] Load MU model: Squad/Parts/Utility/RelayAntennas/RA-50
[LOG 20:27:29.040] Load MU model: Squad/Parts/Utility/rockomaxAdapters/Assets/brandAdapter
[LOG 20:27:29.041] Load MU model: Squad/Parts/Utility/rockomaxAdapters/Assets/brandAdapter02
[LOG 20:27:29.041] Load MU model: Squad/Parts/Utility/ServiceBay_v2/Assets/ServiceBay_125_v2
[LOG 20:27:29.042] Load MU model: Squad/Parts/Utility/ServiceBay_v2/Assets/ServiceBay_250_v2
[LOG 20:27:29.044] Load MU model: Squad/Parts/Utility/smallClaw/smallClaw
[LOG 20:27:29.048] Load MU model: Squad/Parts/Utility/spotLightMk1/model
[LOG 20:27:29.049] Load MU model: Squad/Parts/Utility/spotLightMk1_v2/model
[LOG 20:27:29.051] Load MU model: Squad/Parts/Utility/spotLightMk2/model
[LOG 20:27:29.052] Load MU model: Squad/Parts/Utility/spotLightMk2_v2/model
[LOG 20:27:29.052] Load MU model: Squad/Parts/Utility/stackCouplers/Assets/stackBiCoupler_v2
[LOG 20:27:29.052] Load MU model: Squad/Parts/Utility/stackCouplers/Assets/stackQuadCoupler
[LOG 20:27:29.053] Load MU model: Squad/Parts/Utility/stackCouplers/Assets/stackTriCoupler_v2
[LOG 20:27:29.053] Load MU model: Squad/Parts/Wheel/LandingGear/GearExtraLarge
[WRN 20:27:29.056] WheelCollider requires an attached Rigidbody to function.
[WRN 20:27:29.056] WheelCollider requires an attached Rigidbody to function.
[LOG 20:27:29.057] Load MU model: Squad/Parts/Wheel/LandingGear/GearFixed
[WRN 20:27:29.057] WheelCollider requires an attached Rigidbody to function.
[WRN 20:27:29.057] WheelCollider requires an attached Rigidbody to function.
[LOG 20:27:29.057] Load MU model: Squad/Parts/Wheel/LandingGear/GearFree
[WRN 20:27:29.057] WheelCollider requires an attached Rigidbody to function.
[WRN 20:27:29.057] WheelCollider requires an attached Rigidbody to function.
[LOG 20:27:29.058] Load MU model: Squad/Parts/Wheel/LandingGear/GearLarge
[WRN 20:27:29.058] WheelCollider requires an attached Rigidbody to function.
[WRN 20:27:29.058] WheelCollider requires an attached Rigidbody to function.
[LOG 20:27:29.059] Load MU model: Squad/Parts/Wheel/LandingGear/GearMedium
[WRN 20:27:29.059] WheelCollider requires an attached Rigidbody to function.
[WRN 20:27:29.060] WheelCollider requires an attached Rigidbody to function.
[LOG 20:27:29.060] Load MU model: Squad/Parts/Wheel/LandingGear/GearSmall
[WRN 20:27:29.060] WheelCollider requires an attached Rigidbody to function.
[WRN 20:27:29.060] WheelCollider requires an attached Rigidbody to function.
[LOG 20:27:29.060] Load MU model: Squad/Parts/Wheel/roverWheelM1/model
[WRN 20:27:29.061] WheelCollider requires an attached Rigidbody to function.
[WRN 20:27:29.061] WheelCollider requires an attached Rigidbody to function.
[LOG 20:27:29.061] Load MU model: Squad/Parts/Wheel/roverWheelS2/model
[WRN 20:27:29.061] WheelCollider requires an attached Rigidbody to function.
[WRN 20:27:29.061] WheelCollider requires an attached Rigidbody to function.
[LOG 20:27:29.062] Load MU model: Squad/Parts/Wheel/roverWheelTR-2L/model
[WRN 20:27:29.062] WheelCollider requires an attached Rigidbody to function.
[WRN 20:27:29.062] WheelCollider requires an attached Rigidbody to function.
[LOG 20:27:29.062] Load MU model: Squad/Parts/Wheel/roverWheelXL3/model
[WRN 20:27:29.064] WheelCollider requires an attached Rigidbody to function.
[WRN 20:27:29.064] WheelCollider requires an attached Rigidbody to function.
[LOG 20:27:29.064] Load MU model: Squad/Props/AltimeterThreeHands/model
[LOG 20:27:29.065] Load MU model: Squad/Props/AtmosphereDepth/model
[LOG 20:27:29.065] Load MU model: Squad/Props/AxisIndicator/model
[LOG 20:27:29.065] Load MU model: Squad/Props/buttonsGeneric/circularButton
[LOG 20:27:29.065] Load MU model: Squad/Props/buttonsGeneric/clusterButtons
[LOG 20:27:29.065] Load MU model: Squad/Props/buttonsGeneric/clusterButtons2
[LOG 20:27:29.065] Load MU model: Squad/Props/buttonsGeneric/clusterKnob
[LOG 20:27:29.065] Load MU model: Squad/Props/buttonsGeneric/clusterKnob2
[LOG 20:27:29.066] Load MU model: Squad/Props/buttonsGeneric/clusterMixed
[LOG 20:27:29.066] Load MU model: Squad/Props/buttonsGeneric/clusterSwitches01
[LOG 20:27:29.067] Load MU model: Squad/Props/buttonsGeneric/clusterSwitches02
[LOG 20:27:29.067] Load MU model: Squad/Props/buttonsGeneric/clusterSwitches03
[LOG 20:27:29.068] Load MU model: Squad/Props/buttonsGeneric/clusterSwitches04
[LOG 20:27:29.068] Load MU model: Squad/Props/buttonsGeneric/clusterSwitches05
[LOG 20:27:29.068] Load MU model: Squad/Props/buttonsGeneric/clusterSwitches06
[LOG 20:27:29.068] Load MU model: Squad/Props/buttonsGeneric/clusterSwitches07
[LOG 20:27:29.068] Load MU model: Squad/Props/buttonsGeneric/directionalKnob
[LOG 20:27:29.068] Load MU model: Squad/Props/buttonsGeneric/directionalKnob2
[LOG 20:27:29.069] Load MU model: Squad/Props/buttonsGeneric/pullSwitch
[LOG 20:27:29.069] Load MU model: Squad/Props/buttonsGeneric/squareButton
[LOG 20:27:29.069] Load MU model: Squad/Props/buttonsGeneric/standingSwitch
[LOG 20:27:29.069] Load MU model: Squad/Props/buttonsGeneric/switch
[LOG 20:27:29.069] Load MU model: Squad/Props/buttonsGeneric/switchWithGuards
[LOG 20:27:29.069] Load MU model: Squad/Props/ButtonSquare/model
[LOG 20:27:29.069] Load MU model: Squad/Props/circularButton/model
[LOG 20:27:29.070] Load MU model: Squad/Props/Compass/model
[LOG 20:27:29.070] Load MU model: Squad/Props/directionalKnob/model
[LOG 20:27:29.070] Load MU model: Squad/Props/directionalKnob2/model
[LOG 20:27:29.070] Load MU model: Squad/Props/IndicatorPanel/model
[LOG 20:27:29.070] Load MU model: Squad/Props/IVANavBall/model
[LOG 20:27:29.071] Load MU model: Squad/Props/IVANavBallNoBase/model
[LOG 20:27:29.072] Load MU model: Squad/Props/ledPanelSpeed/model
[LOG 20:27:29.072] Load MU model: Squad/Props/Monitor/MonitorDockingMode
[LOG 20:27:29.072] Load MU model: Squad/Props/NavBall/model
[LOG 20:27:29.073] Load MU model: Squad/Props/PropsGeneric/Button_DockingMode
[LOG 20:27:29.073] Load MU model: Squad/Props/PropsGeneric/CargoBagA
[LOG 20:27:29.075] Load MU model: Squad/Props/PropsGeneric/CargoBagB
[LOG 20:27:29.075] Load MU model: Squad/Props/PropsGeneric/CargoBagC
[LOG 20:27:29.075] Load MU model: Squad/Props/PropsGeneric/Hatch_Plane
[LOG 20:27:29.076] Load MU model: Squad/Props/PropsGeneric/Hatch_Plane_Curve90
[LOG 20:27:29.076] Load MU model: Squad/Props/PropsGeneric/Hatch_Plane_Frame
[LOG 20:27:29.076] Load MU model: Squad/Props/PropsGeneric/Seat_Passenger
[LOG 20:27:29.076] Load MU model: Squad/Props/PropsGeneric/Seat_Pilot
[LOG 20:27:29.076] Load MU model: Squad/Props/PropsGeneric/Seat_Pilot_Helmet
[LOG 20:27:29.077] Load MU model: Squad/Props/PropsGeneric/SideStick
[LOG 20:27:29.077] Load MU model: Squad/Props/pullSwitch/model
[LOG 20:27:29.077] Load MU model: Squad/Props/radarAltitude/model
[LOG 20:27:29.077] Load MU model: Squad/Props/squareButton/model
[LOG 20:27:29.077] Load MU model: Squad/Props/standingSwitch/model
[LOG 20:27:29.077] Load MU model: Squad/Props/switch/model
[LOG 20:27:29.077] Load MU model: Squad/Props/switchGuard/model
[LOG 20:27:29.078] Load MU model: Squad/Props/switchWithGuards/model
[LOG 20:27:29.078] Load MU model: Squad/Props/throttle/model
[LOG 20:27:29.078] Load MU model: Squad/Props/VSI/model
[LOG 20:27:29.078] Load MU model: Squad/Spaces/crewCabinInternals/model
[LOG 20:27:29.080] Load MU model: Squad/Spaces/cupolaInternal/model
[LOG 20:27:29.081] Load MU model: Squad/Spaces/GenericSpace1/model
[LOG 20:27:29.084] Load MU model: Squad/Spaces/GenericSpace3/model
[LOG 20:27:29.086] Load MU model: Squad/Spaces/landerCabinInternals/model
[LOG 20:27:29.087] Load MU model: Squad/Spaces/landerCabinSmallInternal/model
[LOG 20:27:29.088] Load MU model: Squad/Spaces/LargeCrewedLabInternals/Large_Crewed_lab_Int
[LOG 20:27:29.090] Load MU model: Squad/Spaces/Mk1-3/model
[LOG 20:27:29.093] Load MU model: Squad/Spaces/mk1CabinInternal/mk1cabin
[LOG 20:27:29.096] Load MU model: Squad/Spaces/mk1CockpitInternal/Mk1StandardIVA
[LOG 20:27:29.098] Load MU model: Squad/Spaces/mk1InlineInternal/Mk1InlineIVA
[LOG 20:27:29.098] Load MU model: Squad/Spaces/mk1PodCockpit/model
[LOG 20:27:29.100] Load MU model: Squad/Spaces/mk1pod_IVA/mk1pod_IVA
[LOG 20:27:29.101] Load MU model: Squad/Spaces/mk2CockpitStandardInternal/model
[LOG 20:27:29.102] Load MU model: Squad/Spaces/Mk2CrewCabinInternal/MK2_CrewCab_Int
[LOG 20:27:29.104] Load MU model: Squad/Spaces/mk2InlineInternal/mk2InlineIVA
[LOG 20:27:29.105] Load MU model: Squad/Spaces/mk2LanderCanInternal/mk2LanderCanInternal
[LOG 20:27:29.107] Load MU model: Squad/Spaces/MK3CockpitInternal/MK3_Cockpit_Int
[LOG 20:27:29.108] Load MU model: Squad/Spaces/MK3_CrewCab_Int/MK3_CrewCab_Int
[LOG 20:27:29.111] Load MU model: Squad/Spaces/OverlayMasks/CupolaMask
[LOG 20:27:29.111] Load MU model: Squad/Spaces/OverlayMasks/HitchhikerBorder
[LOG 20:27:29.112] Load MU model: Squad/Spaces/OverlayMasks/HitchhikerMask
[LOG 20:27:29.112] Load MU model: Squad/Spaces/OverlayMasks/LargeLabBorder
[LOG 20:27:29.112] Load MU model: Squad/Spaces/OverlayMasks/LargeLabMask
[LOG 20:27:29.112] Load MU model: Squad/Spaces/OverlayMasks/Mk1CabinBorder
[LOG 20:27:29.113] Load MU model: Squad/Spaces/OverlayMasks/Mk1CabinMask
[LOG 20:27:29.113] Load MU model: Squad/Spaces/OverlayMasks/Mk1InlineMask
[LOG 20:27:29.113] Load MU model: Squad/Spaces/OverlayMasks/Mk1InlineMask2
[LOG 20:27:29.113] Load MU model: Squad/Spaces/OverlayMasks/Mk1StandardBorder2
[LOG 20:27:29.113] Load MU model: Squad/Spaces/OverlayMasks/Mk1StandardBorder3
[LOG 20:27:29.113] Load MU model: Squad/Spaces/OverlayMasks/Mk1StandardMask
[LOG 20:27:29.113] Load MU model: Squad/Spaces/OverlayMasks/Mk1StandardMask2
[LOG 20:27:29.113] Load MU model: Squad/Spaces/OverlayMasks/Mk1StandardMask3
[LOG 20:27:29.113] Load MU model: Squad/Spaces/OverlayMasks/Mk2CabinBorder
[LOG 20:27:29.113] Load MU model: Squad/Spaces/OverlayMasks/Mk2CabinMask
[LOG 20:27:29.113] Load MU model: Squad/Spaces/OverlayMasks/Mk2InlineBorder
[LOG 20:27:29.114] Load MU model: Squad/Spaces/OverlayMasks/Mk2InlineMask
[LOG 20:27:29.114] Load MU model: Squad/Spaces/OverlayMasks/Mk2StandardBorder
[LOG 20:27:29.114] Load MU model: Squad/Spaces/OverlayMasks/Mk2StandardMask
[LOG 20:27:29.114] Load MU model: Squad/Spaces/OverlayMasks/Mk3CabinBorder
[LOG 20:27:29.114] Load MU model: Squad/Spaces/OverlayMasks/Mk3CabinMask
[LOG 20:27:29.114] Load MU model: Squad/Spaces/OverlayMasks/Mk3CabinMask2
[LOG 20:27:29.114] Load MU model: Squad/Spaces/OverlayMasks/Mk3ShuttleBorder
[LOG 20:27:29.114] Load MU model: Squad/Spaces/OverlayMasks/Mk3ShuttleMask
[LOG 20:27:29.114] Load MU model: Squad/Spaces/OverlayMasks/Size1LanderBorder
[LOG 20:27:29.115] Load MU model: Squad/Spaces/OverlayMasks/Size1LanderMask
[LOG 20:27:29.115] Load MU model: Squad/Spaces/OverlayMasks/Size1PodBorder
[LOG 20:27:29.115] Load MU model: Squad/Spaces/OverlayMasks/Size1PodMask
[LOG 20:27:29.115] Load MU model: Squad/Spaces/OverlayMasks/Size2LanderBorder
[LOG 20:27:29.115] Load MU model: Squad/Spaces/OverlayMasks/Size2LanderMask
[LOG 20:27:29.115] Load MU model: Squad/Spaces/OverlayMasks/Size2PodBorder
[LOG 20:27:29.115] Load MU model: Squad/Spaces/OverlayMasks/Size2PodMask
[LOG 20:27:29.115] Load MU model: Squad/Spaces/Placeholder/PlaceholderIVA
[LOG 20:27:29.117] Load MU model: Squad/Spaces/PodCockpit/model
[LOG 20:27:29.120] Load MU model: SquadExpansion/MakingHistory/Parts/Aero/protectiveRocketNoseMk5A/Size_1_5_Cone
[LOG 20:27:29.121] Load MU model: SquadExpansion/MakingHistory/Parts/Coupling/Assets/EnginePlate
[LOG 20:27:29.121] Load MU model: SquadExpansion/MakingHistory/Parts/Coupling/Assets/InflatableAirlock
[LOG 20:27:29.122] Load MU model: SquadExpansion/MakingHistory/Parts/Coupling/Assets/Size1_5_Decoupler
[LOG 20:27:29.122] Load MU model: SquadExpansion/MakingHistory/Parts/Engine/Assets/KE-1
[LOG 20:27:29.126] Load MU model: SquadExpansion/MakingHistory/Parts/Engine/Assets/LV-T87
[LOG 20:27:29.128] Load MU model: SquadExpansion/MakingHistory/Parts/Engine/Assets/LV-T91
[LOG 20:27:29.129] Load MU model: SquadExpansion/MakingHistory/Parts/Engine/Assets/RE-I2
[LOG 20:27:29.130] Load MU model: SquadExpansion/MakingHistory/Parts/Engine/Assets/RE-J10
[LOG 20:27:29.131] Load MU model: SquadExpansion/MakingHistory/Parts/Engine/Assets/RK-7
[LOG 20:27:29.133] Load MU model: SquadExpansion/MakingHistory/Parts/Engine/Assets/RV-1
[LOG 20:27:29.133] Load MU model: SquadExpansion/MakingHistory/Parts/Engine/solidBoosterTHK/solidBoosterTHK
[LOG 20:27:29.134] Load MU model: SquadExpansion/MakingHistory/Parts/FuelTank/Assets/MiniMonoTank
[LOG 20:27:29.134] Load MU model: SquadExpansion/MakingHistory/Parts/FuelTank/Assets/Size1_5_Size0_Adapter_01
[LOG 20:27:29.134] Load MU model: SquadExpansion/MakingHistory/Parts/FuelTank/Assets/Size1_5_Size1_Adapter_01
[LOG 20:27:29.135] Load MU model: SquadExpansion/MakingHistory/Parts/FuelTank/Assets/Size1_5_Size1_Adapter_02
[LOG 20:27:29.135] Load MU model: SquadExpansion/MakingHistory/Parts/FuelTank/Assets/Size1_5_Size2_Adapter_01
[LOG 20:27:29.136] Load MU model: SquadExpansion/MakingHistory/Parts/FuelTank/Assets/Size1_5_Tank_01
[LOG 20:27:29.136] Load MU model: SquadExpansion/MakingHistory/Parts/FuelTank/Assets/Size1_5_Tank_02
[LOG 20:27:29.136] Load MU model: SquadExpansion/MakingHistory/Parts/FuelTank/Assets/Size1_5_Tank_03
[LOG 20:27:29.137] Load MU model: SquadExpansion/MakingHistory/Parts/FuelTank/Assets/Size1_5_Tank_04
[LOG 20:27:29.137] Load MU model: SquadExpansion/MakingHistory/Parts/FuelTank/Assets/Size1_5_Tank_05
[LOG 20:27:29.137] Load MU model: SquadExpansion/MakingHistory/Parts/FuelTank/Assets/Size3_Size4_Adapter_01
[LOG 20:27:29.138] Load MU model: SquadExpansion/MakingHistory/Parts/FuelTank/Assets/Size4_EngineAdapter_01
[LOG 20:27:29.138] Load MU model: SquadExpansion/MakingHistory/Parts/FuelTank/Assets/Size4_Tank_01
[LOG 20:27:29.138] Load MU model: SquadExpansion/MakingHistory/Parts/FuelTank/Assets/Size4_Tank_02
[LOG 20:27:29.139] Load MU model: SquadExpansion/MakingHistory/Parts/FuelTank/Assets/Size4_Tank_03
[LOG 20:27:29.139] Load MU model: SquadExpansion/MakingHistory/Parts/FuelTank/Assets/Size4_Tank_04
[LOG 20:27:29.139] Load MU model: SquadExpansion/MakingHistory/Parts/FuelTank/Assets/Size_1p5_Monoprop
[LOG 20:27:29.140] Load MU model: SquadExpansion/MakingHistory/Parts/Ground/Assets/RoverWheel
[WRN 20:27:29.141] WheelCollider requires an attached Rigidbody to function.
[WRN 20:27:29.141] WheelCollider requires an attached Rigidbody to function.
[LOG 20:27:29.141] Load MU model: SquadExpansion/MakingHistory/Parts/Payload/Assets/ServiceModule18
[LOG 20:27:29.142] Load MU model: SquadExpansion/MakingHistory/Parts/Payload/Assets/ServiceModule25
[LOG 20:27:29.142] Load MU model: SquadExpansion/MakingHistory/Parts/Payload/Assets/Size1to0ServiceModule
[LOG 20:27:29.143] Load MU model: SquadExpansion/MakingHistory/Parts/Pods/Assets/Mk2Pod
[LOG 20:27:29.143] Load MU model: SquadExpansion/MakingHistory/Parts/Pods/Assets/RoundPod
[LOG 20:27:29.144] Load MU model: SquadExpansion/MakingHistory/Parts/Pods/Assets/Size1_5_Lander
[LOG 20:27:29.145] Load MU model: SquadExpansion/MakingHistory/Parts/SharedAssets/Shroud1p5x0
[LOG 20:27:29.145] Load MU model: SquadExpansion/MakingHistory/Parts/SharedAssets/Shroud1p5x1
[LOG 20:27:29.145] Load MU model: SquadExpansion/MakingHistory/Parts/SharedAssets/Shroud1p5x2
[LOG 20:27:29.145] Load MU model: SquadExpansion/MakingHistory/Parts/SharedAssets/Shroud1p5x3
[LOG 20:27:29.145] Load MU model: SquadExpansion/MakingHistory/Parts/SharedAssets/Shroud1p5x4
[LOG 20:27:29.145] Load MU model: SquadExpansion/MakingHistory/Parts/SharedAssets/Shroud1x0
[LOG 20:27:29.146] Load MU model: SquadExpansion/MakingHistory/Parts/SharedAssets/Shroud1x1
[LOG 20:27:29.146] Load MU model: SquadExpansion/MakingHistory/Parts/SharedAssets/Shroud1x2
[LOG 20:27:29.146] Load MU model: SquadExpansion/MakingHistory/Parts/SharedAssets/Shroud1x3
[LOG 20:27:29.146] Load MU model: SquadExpansion/MakingHistory/Parts/SharedAssets/Shroud1x4
[LOG 20:27:29.146] Load MU model: SquadExpansion/MakingHistory/Parts/SharedAssets/Shroud2x0
[LOG 20:27:29.146] Load MU model: SquadExpansion/MakingHistory/Parts/SharedAssets/Shroud2x1
[LOG 20:27:29.146] Load MU model: SquadExpansion/MakingHistory/Parts/SharedAssets/Shroud2x2
[LOG 20:27:29.147] Load MU model: SquadExpansion/MakingHistory/Parts/SharedAssets/Shroud2x3
[LOG 20:27:29.147] Load MU model: SquadExpansion/MakingHistory/Parts/SharedAssets/Shroud2x4
[LOG 20:27:29.147] Load MU model: SquadExpansion/MakingHistory/Parts/SharedAssets/Shroud3x0
[LOG 20:27:29.147] Load MU model: SquadExpansion/MakingHistory/Parts/SharedAssets/Shroud3x1
[LOG 20:27:29.147] Load MU model: SquadExpansion/MakingHistory/Parts/SharedAssets/Shroud3x2
[LOG 20:27:29.147] Load MU model: SquadExpansion/MakingHistory/Parts/SharedAssets/Shroud3x3
[LOG 20:27:29.147] Load MU model: SquadExpansion/MakingHistory/Parts/SharedAssets/Shroud3x4
[LOG 20:27:29.147] Load MU model: SquadExpansion/MakingHistory/Parts/SharedAssets/Shroud4x0
[LOG 20:27:29.148] Load MU model: SquadExpansion/MakingHistory/Parts/SharedAssets/Shroud4x1
[LOG 20:27:29.148] Load MU model: SquadExpansion/MakingHistory/Parts/SharedAssets/Shroud4x2
[LOG 20:27:29.148] Load MU model: SquadExpansion/MakingHistory/Parts/SharedAssets/Shroud4x3
[LOG 20:27:29.148] Load MU model: SquadExpansion/MakingHistory/Parts/SharedAssets/Shroud4x4
[LOG 20:27:29.148] Load MU model: SquadExpansion/MakingHistory/Parts/SharedAssets/ShroudCollider0
[LOG 20:27:29.148] Load MU model: SquadExpansion/MakingHistory/Parts/SharedAssets/ShroudCollider1
[LOG 20:27:29.149] Load MU model: SquadExpansion/MakingHistory/Parts/SharedAssets/ShroudCollider1p5
[LOG 20:27:29.149] Load MU model: SquadExpansion/MakingHistory/Parts/SharedAssets/ShroudCollider2
[LOG 20:27:29.149] Load MU model: SquadExpansion/MakingHistory/Parts/SharedAssets/ShroudCollider3
[LOG 20:27:29.150] Load MU model: SquadExpansion/MakingHistory/Parts/SharedAssets/ShroudCollider4
[LOG 20:27:29.151] Load MU model: SquadExpansion/MakingHistory/Parts/Structural/Assets/EquiTriangle0
[LOG 20:27:29.151] Load MU model: SquadExpansion/MakingHistory/Parts/Structural/Assets/EquiTriangle1
[LOG 20:27:29.151] Load MU model: SquadExpansion/MakingHistory/Parts/Structural/Assets/EquiTriangle1p5
[LOG 20:27:29.152] Load MU model: SquadExpansion/MakingHistory/Parts/Structural/Assets/EquiTriangle2
[LOG 20:27:29.152] Load MU model: SquadExpansion/MakingHistory/Parts/Structural/Assets/Panel0
[LOG 20:27:29.152] Load MU model: SquadExpansion/MakingHistory/Parts/Structural/Assets/Panel1
[LOG 20:27:29.152] Load MU model: SquadExpansion/MakingHistory/Parts/Structural/Assets/Panel1p5
[LOG 20:27:29.153] Load MU model: SquadExpansion/MakingHistory/Parts/Structural/Assets/Panel2
[LOG 20:27:29.153] Load MU model: SquadExpansion/MakingHistory/Parts/Structural/Assets/Triangle0
[LOG 20:27:29.153] Load MU model: SquadExpansion/MakingHistory/Parts/Structural/Assets/Triangle1
[LOG 20:27:29.153] Load MU model: SquadExpansion/MakingHistory/Parts/Structural/Assets/Triangle1p5
[LOG 20:27:29.153] Load MU model: SquadExpansion/MakingHistory/Parts/Structural/Assets/Triangle2
[LOG 20:27:29.153] Load MU model: SquadExpansion/MakingHistory/Parts/Utility/flags/flagSize1p5/flagSize1p5Meshes
[LOG 20:27:29.155] Load MU model: SquadExpansion/MakingHistory/Parts/Utility/flags/flagSize4/flagSize4Meshes
[LOG 20:27:29.156] Load MU model: SquadExpansion/MakingHistory/Spaces/KVPods/Airlock_IVA
[LOG 20:27:29.156] Load MU model: SquadExpansion/MakingHistory/Spaces/KVPods/KV1_IVA
[LOG 20:27:29.157] Load MU model: SquadExpansion/MakingHistory/Spaces/KVPods/KV2_IVA
[LOG 20:27:29.159] Load MU model: SquadExpansion/MakingHistory/Spaces/KVPods/KV3_IVA
[LOG 20:27:29.162] Load MU model: SquadExpansion/MakingHistory/Spaces/MEM/MEM_IVA
[LOG 20:27:29.163] Load MU model: SquadExpansion/MakingHistory/Spaces/Mk2Pod/MK2POD_IVA
[LOG 20:27:29.164] Load MU model: SquadExpansion/Serenity/Parts/Aero/Assets/FanShroud_01
[LOG 20:27:29.165] Load MU model: SquadExpansion/Serenity/Parts/Aero/Assets/FanShroud_02
[LOG 20:27:29.166] Load MU model: SquadExpansion/Serenity/Parts/Aero/Assets/FanShroud_03
[LOG 20:27:29.166] Load MU model: SquadExpansion/Serenity/Parts/Aero/Assets/noseconeTiny
[LOG 20:27:29.166] Load MU model: SquadExpansion/Serenity/Parts/Aero/Assets/noseconeVS
[LOG 20:27:29.167] Load MU model: SquadExpansion/Serenity/Parts/DeployedScience/Assets/CentralStation
[LOG 20:27:29.169] Load MU model: SquadExpansion/Serenity/Parts/DeployedScience/Assets/GoExOb
[LOG 20:27:29.171] Load MU model: SquadExpansion/Serenity/Parts/DeployedScience/Assets/IonExperiment
[LOG 20:27:29.172] Load MU model: SquadExpansion/Serenity/Parts/DeployedScience/Assets/RTGCask
[LOG 20:27:29.173] Load MU model: SquadExpansion/Serenity/Parts/DeployedScience/Assets/satDish
[LOG 20:27:29.176] Load MU model: SquadExpansion/Serenity/Parts/DeployedScience/Assets/seismicSensor
[LOG 20:27:29.180] Load MU model: SquadExpansion/Serenity/Parts/DeployedScience/Assets/solarPanel
[LOG 20:27:29.182] Load MU model: SquadExpansion/Serenity/Parts/DeployedScience/Assets/WeatherStation
[LOG 20:27:29.188] Load MU model: SquadExpansion/Serenity/Parts/Propellers/Assets/largeFanBlade
[LOG 20:27:29.188] Load MU model: SquadExpansion/Serenity/Parts/Propellers/Assets/largeHeliBlade
[LOG 20:27:29.188] Load MU model: SquadExpansion/Serenity/Parts/Propellers/Assets/largePropeller
[LOG 20:27:29.188] Load MU model: SquadExpansion/Serenity/Parts/Propellers/Assets/mediumFanBlade
[LOG 20:27:29.189] Load MU model: SquadExpansion/Serenity/Parts/Propellers/Assets/mediumHeliBlade
[LOG 20:27:29.189] Load MU model: SquadExpansion/Serenity/Parts/Propellers/Assets/mediumPropeller
[LOG 20:27:29.189] Load MU model: SquadExpansion/Serenity/Parts/Propellers/Assets/smallFanBlade
[LOG 20:27:29.189] Load MU model: SquadExpansion/Serenity/Parts/Propellers/Assets/smallHeliBlade
[LOG 20:27:29.190] Load MU model: SquadExpansion/Serenity/Parts/Propellers/Assets/smallPropeller
[LOG 20:27:29.190] Load MU model: SquadExpansion/Serenity/Parts/Robotics/Assets/hinge_01
[LOG 20:27:29.190] Load MU model: SquadExpansion/Serenity/Parts/Robotics/Assets/hinge_01_s
[LOG 20:27:29.191] Load MU model: SquadExpansion/Serenity/Parts/Robotics/Assets/hinge_03
[LOG 20:27:29.191] Load MU model: SquadExpansion/Serenity/Parts/Robotics/Assets/hinge_03_s
[LOG 20:27:29.191] Load MU model: SquadExpansion/Serenity/Parts/Robotics/Assets/hinge_04
[LOG 20:27:29.192] Load MU model: SquadExpansion/Serenity/Parts/Robotics/Assets/piston_01
[LOG 20:27:29.192] Load MU model: SquadExpansion/Serenity/Parts/Robotics/Assets/piston_02
[LOG 20:27:29.192] Load MU model: SquadExpansion/Serenity/Parts/Robotics/Assets/piston_03
[LOG 20:27:29.192] Load MU model: SquadExpansion/Serenity/Parts/Robotics/Assets/piston_04
[LOG 20:27:29.193] Load MU model: SquadExpansion/Serenity/Parts/Robotics/Assets/RotorEngine_02
[LOG 20:27:29.193] Load MU model: SquadExpansion/Serenity/Parts/Robotics/Assets/RotorEngine_03
[LOG 20:27:29.194] Load MU model: SquadExpansion/Serenity/Parts/Robotics/Assets/rotor_01
[LOG 20:27:29.195] Load MU model: SquadExpansion/Serenity/Parts/Robotics/Assets/rotor_01s
[LOG 20:27:29.196] Load MU model: SquadExpansion/Serenity/Parts/Robotics/Assets/rotor_02
[LOG 20:27:29.196] Load MU model: SquadExpansion/Serenity/Parts/Robotics/Assets/rotor_02s
[LOG 20:27:29.197] Load MU model: SquadExpansion/Serenity/Parts/Robotics/Assets/rotor_03
[LOG 20:27:29.198] Load MU model: SquadExpansion/Serenity/Parts/Robotics/Assets/rotor_03s
[LOG 20:27:29.198] Load MU model: SquadExpansion/Serenity/Parts/Robotics/Assets/RotoServo_00
[LOG 20:27:29.199] Load MU model: SquadExpansion/Serenity/Parts/Robotics/Assets/RotoServo_02
[LOG 20:27:29.199] Load MU model: SquadExpansion/Serenity/Parts/Robotics/Assets/RotoServo_03
[LOG 20:27:29.199] Load MU model: SquadExpansion/Serenity/Parts/Robotics/Assets/RotoServo_04
[LOG 20:27:29.200] Load MU model: SquadExpansion/Serenity/Parts/Robotics/Controllers/controller1000
[LOG 20:27:29.200] Load MU model: SquadExpansion/Serenity/Parts/Science/RobotArmScanner/Assets/ROCArm_01
[LOG 20:27:29.201] Load MU model: SquadExpansion/Serenity/Parts/Science/RobotArmScanner/Assets/ROCArm_02
[LOG 20:27:29.206] Load MU model: SquadExpansion/Serenity/Parts/Science/RobotArmScanner/Assets/ROCArm_03
[LOG 20:27:29.209] Load MU model: SquadExpansion/Serenity/Parts/Structural/gripPads/Assets/lGripPad
[LOG 20:27:29.209] Load MU model: SquadExpansion/Serenity/Parts/Structural/gripPads/Assets/lGripStrip
[LOG 20:27:29.210] Load MU model: SquadExpansion/Serenity/Parts/Structural/gripPads/Assets/mGripPad
[LOG 20:27:29.210] Load MU model: SquadExpansion/Serenity/Parts/Structural/gripPads/Assets/sGripPad
[LOG 20:27:29.211] Load MU model: SquadExpansion/Serenity/Parts/Structural/gripPads/Assets/sGripStrip
[LOG 20:27:29.211] Loading Asset Bundle Definitions
[LOG 20:27:29.212] AssetLoader: Loading bundle definitions
[LOG 20:27:29.362] AssetLoader: Loaded bundle 'squadcore'
[LOG 20:27:29.363] AssetLoader: Loaded bundle 'squadcorefx'
[LOG 20:27:29.364] AssetLoader: Loaded mod bundle 'kspedia'
[LOG 20:27:29.364] AssetLoader: Loaded mod bundle 'kspedia_actionsets'
[LOG 20:27:29.364] AssetLoader: Loaded mod bundle 'kspedia_aircraft'
[LOG 20:27:29.365] AssetLoader: Loaded mod bundle 'kspedia_aircraftbasics'
[LOG 20:27:29.365] AssetLoader: Loaded mod bundle 'kspedia_aircraftbasicsbalance'
[LOG 20:27:29.366] AssetLoader: Loaded mod bundle 'kspedia_aircraftbasicsbalance2'
[LOG 20:27:29.367] AssetLoader: Loaded mod bundle 'kspedia_aircraftbasicscol'
[LOG 20:27:29.368] AssetLoader: Loaded mod bundle 'kspedia_aircraftbasicscontrol'
[LOG 20:27:29.368] AssetLoader: Loaded mod bundle 'kspedia_aircraftbasicscontrolsurfaces'
[LOG 20:27:29.369] AssetLoader: Loaded mod bundle 'kspedia_aircraftbasicsdrag'
[LOG 20:27:29.369] AssetLoader: Loaded mod bundle 'kspedia_aircraftbasicsengines'
[LOG 20:27:29.370] AssetLoader: Loaded mod bundle 'kspedia_aircraftbasicsforces'
[LOG 20:27:29.370] AssetLoader: Loaded mod bundle 'kspedia_aircraftbasicsintakes'
[LOG 20:27:29.370] AssetLoader: Loaded mod bundle 'kspedia_aircraftbasicslandinggear'
[LOG 20:27:29.371] AssetLoader: Loaded mod bundle 'kspedia_aircraftbasicslift'
[LOG 20:27:29.371] AssetLoader: Loaded mod bundle 'kspedia_axisgroups'
[LOG 20:27:29.372] AssetLoader: Loaded mod bundle 'kspedia_career'
[LOG 20:27:29.372] AssetLoader: Loaded mod bundle 'kspedia_careerbasicscontracts'
[LOG 20:27:29.372] AssetLoader: Loaded mod bundle 'kspedia_careerbasicscrew'
[LOG 20:27:29.373] AssetLoader: Loaded mod bundle 'kspedia_careerbasicscurrencies'
[LOG 20:27:29.374] AssetLoader: Loaded mod bundle 'kspedia_careerbasicsexperience'
[LOG 20:27:29.374] AssetLoader: Loaded mod bundle 'kspedia_careerbasicsfacilities'
[LOG 20:27:29.374] AssetLoader: Loaded mod bundle 'kspedia_careerbasicsstrategies'
[LOG 20:27:29.375] AssetLoader: Loaded mod bundle 'kspedia_careerbasicstechnology'
[LOG 20:27:29.375] AssetLoader: Loaded mod bundle 'kspedia_careerui-ac'
[LOG 20:27:29.375] AssetLoader: Loaded mod bundle 'kspedia_careerui-admin'
[LOG 20:27:29.376] AssetLoader: Loaded mod bundle 'kspedia_careerui-ksc'
[LOG 20:27:29.376] AssetLoader: Loaded mod bundle 'kspedia_careerui-mc'
[LOG 20:27:29.377] AssetLoader: Loaded mod bundle 'kspedia_careerui-sciencearchives'
[LOG 20:27:29.377] AssetLoader: Loaded mod bundle 'kspedia_careerui-techtree'
[LOG 20:27:29.377] AssetLoader: Loaded mod bundle 'kspedia_careerui-ts'
[LOG 20:27:29.378] AssetLoader: Loaded mod bundle 'kspedia_careerui'
[LOG 20:27:29.378] AssetLoader: Loaded mod bundle 'kspedia_cargoapp'
[LOG 20:27:29.379] AssetLoader: Loaded mod bundle 'kspedia_cargomode'
[LOG 20:27:29.379] AssetLoader: Loaded mod bundle 'kspedia_cargosystem-placeableparts'
[LOG 20:27:29.379] AssetLoader: Loaded mod bundle 'kspedia_cargosystem'
[LOG 20:27:29.380] AssetLoader: Loaded mod bundle 'kspedia_chute'
[LOG 20:27:29.380] AssetLoader: Loaded mod bundle 'kspedia_commnet'
[LOG 20:27:29.380] AssetLoader: Loaded mod bundle 'kspedia_commnetbasics'
[LOG 20:27:29.381] AssetLoader: Loaded mod bundle 'kspedia_commnetbuildingeffectivenetworks'
[LOG 20:27:29.381] AssetLoader: Loaded mod bundle 'kspedia_commnetcalculatingrange'
[LOG 20:27:29.381] AssetLoader: Loaded mod bundle 'kspedia_commnetcontrollevels'
[LOG 20:27:29.381] AssetLoader: Loaded mod bundle 'kspedia_commnetcontrollinks'
[LOG 20:27:29.382] AssetLoader: Loaded mod bundle 'kspedia_commnetcontrolpoints'
[LOG 20:27:29.382] AssetLoader: Loaded mod bundle 'kspedia_commnetgui'
[LOG 20:27:29.382] AssetLoader: Loaded mod bundle 'kspedia_commnetgui01'
[LOG 20:27:29.382] AssetLoader: Loaded mod bundle 'kspedia_commnetgui02'
[LOG 20:27:29.383] AssetLoader: Loaded mod bundle 'kspedia_commnetrange'
[LOG 20:27:29.383] AssetLoader: Loaded mod bundle 'kspedia_commnetrelays'
[LOG 20:27:29.384] AssetLoader: Loaded mod bundle 'kspedia_commnetsciencetransmission'
[LOG 20:27:29.384] AssetLoader: Loaded mod bundle 'kspedia_commnetsignalstrength'
[LOG 20:27:29.384] AssetLoader: Loaded mod bundle 'kspedia_commnettransmission'
[LOG 20:27:29.384] AssetLoader: Loaded mod bundle 'kspedia_constructionui-actiongroups'
[LOG 20:27:29.385] AssetLoader: Loaded mod bundle 'kspedia_constructionui-applauncher'
[LOG 20:27:29.385] AssetLoader: Loaded mod bundle 'kspedia_constructionui-crew'
[LOG 20:27:29.385] AssetLoader: Loaded mod bundle 'kspedia_constructionui-engineersreport'
[LOG 20:27:29.385] AssetLoader: Loaded mod bundle 'kspedia_constructionui-gizmos'
[LOG 20:27:29.386] AssetLoader: Loaded mod bundle 'kspedia_constructionui-infos'
[LOG 20:27:29.386] AssetLoader: Loaded mod bundle 'kspedia_constructionui-partdetails'
[LOG 20:27:29.386] AssetLoader: Loaded mod bundle 'kspedia_constructionui-parts'
[LOG 20:27:29.387] AssetLoader: Loaded mod bundle 'kspedia_constructionui-symmetry'
[LOG 20:27:29.387] AssetLoader: Loaded mod bundle 'kspedia_constructionui-vesseldetails'
[LOG 20:27:29.387] AssetLoader: Loaded mod bundle 'kspedia_constructionui'
[LOG 20:27:29.388] AssetLoader: Loaded mod bundle 'kspedia_controls-dockingmode'
[LOG 20:27:29.388] AssetLoader: Loaded mod bundle 'kspedia_controls-editor'
[LOG 20:27:29.388] AssetLoader: Loaded mod bundle 'kspedia_controls-editorgizmos'
[LOG 20:27:29.388] AssetLoader: Loaded mod bundle 'kspedia_controls-eva'
[LOG 20:27:29.389] AssetLoader: Loaded mod bundle 'kspedia_controls-flight'
[LOG 20:27:29.389] AssetLoader: Loaded mod bundle 'kspedia_controls-flightactivities'
[LOG 20:27:29.389] AssetLoader: Loaded mod bundle 'kspedia_controls-flightdirections'
[LOG 20:27:29.389] AssetLoader: Loaded mod bundle 'kspedia_controls-general'
[LOG 20:27:29.390] AssetLoader: Loaded mod bundle 'kspedia_controls-mapandtime'
[LOG 20:27:29.390] AssetLoader: Loaded mod bundle 'kspedia_controls-mouseconstruction'
[LOG 20:27:29.390] AssetLoader: Loaded mod bundle 'kspedia_controls-mouseflight'
[LOG 20:27:29.391] AssetLoader: Loaded mod bundle 'kspedia_controls-rcs'
[LOG 20:27:29.391] AssetLoader: Loaded mod bundle 'kspedia_controls'
[LOG 20:27:29.391] AssetLoader: Loaded mod bundle 'kspedia_eastereggs'
[LOG 20:27:29.391] AssetLoader: Loaded mod bundle 'kspedia_evaconstructionmode'
[LOG 20:27:29.392] AssetLoader: Loaded mod bundle 'kspedia_facilities-ac'
[LOG 20:27:29.392] AssetLoader: Loaded mod bundle 'kspedia_facilities-admin'
[LOG 20:27:29.392] AssetLoader: Loaded mod bundle 'kspedia_facilities-context'
[LOG 20:27:29.392] AssetLoader: Loaded mod bundle 'kspedia_facilities-ksc'
[LOG 20:27:29.393] AssetLoader: Loaded mod bundle 'kspedia_facilities-launchpad'
[LOG 20:27:29.393] AssetLoader: Loaded mod bundle 'kspedia_facilities-mc'
[LOG 20:27:29.393] AssetLoader: Loaded mod bundle 'kspedia_facilities-randd'
[LOG 20:27:29.393] AssetLoader: Loaded mod bundle 'kspedia_facilities-runway'
[LOG 20:27:29.394] AssetLoader: Loaded mod bundle 'kspedia_facilities-sph'
[LOG 20:27:29.394] AssetLoader: Loaded mod bundle 'kspedia_facilities-ts'
[LOG 20:27:29.394] AssetLoader: Loaded mod bundle 'kspedia_facilities-vab'
[LOG 20:27:29.394] AssetLoader: Loaded mod bundle 'kspedia_flightui-altimeter'
[LOG 20:27:29.395] AssetLoader: Loaded mod bundle 'kspedia_flightui-applauncher'
[LOG 20:27:29.395] AssetLoader: Loaded mod bundle 'kspedia_flightui-evaactivities'
[LOG 20:27:29.395] AssetLoader: Loaded mod bundle 'kspedia_flightui-maneuvermodeeditor'
[LOG 20:27:29.396] AssetLoader: Loaded mod bundle 'kspedia_flightui-maneuvermodeeditorcont'
[LOG 20:27:29.396] AssetLoader: Loaded mod bundle 'kspedia_flightui-maneuvermodeorbit'
[LOG 20:27:29.396] AssetLoader: Loaded mod bundle 'kspedia_flightui-maneuvertoolinfo'
[LOG 20:27:29.397] AssetLoader: Loaded mod bundle 'kspedia_flightui-maneuvertoolmain'
[LOG 20:27:29.397] AssetLoader: Loaded mod bundle 'kspedia_flightui-modecontrol'
[LOG 20:27:29.397] AssetLoader: Loaded mod bundle 'kspedia_flightui-navball'
[LOG 20:27:29.397] AssetLoader: Loaded mod bundle 'kspedia_flightui-partrepairs'
[LOG 20:27:29.398] AssetLoader: Loaded mod bundle 'kspedia_flightui-portraits'
[LOG 20:27:29.398] AssetLoader: Loaded mod bundle 'kspedia_flightui-staging'
[LOG 20:27:29.398] AssetLoader: Loaded mod bundle 'kspedia_flightui-timeandaction'
[LOG 20:27:29.398] AssetLoader: Loaded mod bundle 'kspedia_flightui'
[LOG 20:27:29.399] AssetLoader: Loaded mod bundle 'kspedia_heat'
[LOG 20:27:29.399] AssetLoader: Loaded mod bundle 'kspedia_heatactiveradiators'
[LOG 20:27:29.399] AssetLoader: Loaded mod bundle 'kspedia_heatengines'
[LOG 20:27:29.400] AssetLoader: Loaded mod bundle 'kspedia_heatflow'
[LOG 20:27:29.400] AssetLoader: Loaded mod bundle 'kspedia_heatpart'
[LOG 20:27:29.400] AssetLoader: Loaded mod bundle 'kspedia_heatpassiveradiators'
[LOG 20:27:29.401] AssetLoader: Loaded mod bundle 'kspedia_heatshields'
[LOG 20:27:29.401] AssetLoader: Loaded mod bundle 'kspedia_kerbnet'
[LOG 20:27:29.401] AssetLoader: Loaded mod bundle 'kspedia_kerbnetinterface'
[LOG 20:27:29.402] AssetLoader: Loaded mod bundle 'kspedia_kerbnetmodes'
[LOG 20:27:29.402] AssetLoader: Loaded mod bundle 'kspedia_kerbnetwaypoints'
[LOG 20:27:29.402] AssetLoader: Loaded mod bundle 'kspedia_locations'
[LOG 20:27:29.402] AssetLoader: Loaded mod bundle 'kspedia_manual'
[LOG 20:27:29.403] AssetLoader: Loaded mod bundle 'kspedia_mapui-alarmclockcreation'
[LOG 20:27:29.403] AssetLoader: Loaded mod bundle 'kspedia_mapui-alarmclockmain'
[LOG 20:27:29.403] AssetLoader: Loaded mod bundle 'kspedia_mapui-burnindicator'
[LOG 20:27:29.404] AssetLoader: Loaded mod bundle 'kspedia_mapui-dvtoolsflight'
[LOG 20:27:29.404] AssetLoader: Loaded mod bundle 'kspedia_mapui-dvtoolsvab'
[LOG 20:27:29.404] AssetLoader: Loaded mod bundle 'kspedia_mapui-mannodes'
[LOG 20:27:29.404] AssetLoader: Loaded mod bundle 'kspedia_mapui-orbitnodes'
[LOG 20:27:29.405] AssetLoader: Loaded mod bundle 'kspedia_mapui-orbitnodes2'
[LOG 20:27:29.405] AssetLoader: Loaded mod bundle 'kspedia_mapui'
[LOG 20:27:29.405] AssetLoader: Loaded mod bundle 'kspedia_orbitalbasics-atmosphere'
[LOG 20:27:29.405] AssetLoader: Loaded mod bundle 'kspedia_orbitalbasics-gettingbackdown'
[LOG 20:27:29.406] AssetLoader: Loaded mod bundle 'kspedia_orbitalbasics-gettingupthere'
[LOG 20:27:29.406] AssetLoader: Loaded mod bundle 'kspedia_orbitalbasics-gravityturn'
[LOG 20:27:29.406] AssetLoader: Loaded mod bundle 'kspedia_orbitalbasics-orbits'
[LOG 20:27:29.406] AssetLoader: Loaded mod bundle 'kspedia_orbitalbasics-stayingupthere'
[LOG 20:27:29.407] AssetLoader: Loaded mod bundle 'kspedia_orbitalbasics'
[LOG 20:27:29.407] AssetLoader: Loaded mod bundle 'kspedia_orbitaldefinitions-appe'
[LOG 20:27:29.407] AssetLoader: Loaded mod bundle 'kspedia_orbitaldefinitions-dirandinc'
[LOG 20:27:29.407] AssetLoader: Loaded mod bundle 'kspedia_orbitaldefinitions-directions'
[LOG 20:27:29.408] AssetLoader: Loaded mod bundle 'kspedia_orbitaldefinitions-eccentricity'
[LOG 20:27:29.408] AssetLoader: Loaded mod bundle 'kspedia_orbitaldefinitions'
[LOG 20:27:29.408] AssetLoader: Loaded mod bundle 'kspedia_orbitalmaneuvers-adjustinginclination'
[LOG 20:27:29.409] AssetLoader: Loaded mod bundle 'kspedia_orbitalmaneuvers-deltav'
[LOG 20:27:29.409] AssetLoader: Loaded mod bundle 'kspedia_orbitalmaneuvers-efficiency'
[LOG 20:27:29.409] AssetLoader: Loaded mod bundle 'kspedia_orbitalmaneuvers-hohmanntransfer'
[LOG 20:27:29.409] AssetLoader: Loaded mod bundle 'kspedia_orbitalmaneuvers-hohmanntransfer2'
[LOG 20:27:29.410] AssetLoader: Loaded mod bundle 'kspedia_orbitalmaneuvers-orbittypes'
[LOG 20:27:29.410] AssetLoader: Loaded mod bundle 'kspedia_orbitalmaneuvers-radandantirad'
[LOG 20:27:29.410] AssetLoader: Loaded mod bundle 'kspedia_orbitalmaneuvers-shapingup'
[LOG 20:27:29.410] AssetLoader: Loaded mod bundle 'kspedia_orbitalmaneuvers'
[LOG 20:27:29.411] AssetLoader: Loaded mod bundle 'kspedia_planets-dres'
[LOG 20:27:29.411] AssetLoader: Loaded mod bundle 'kspedia_planets-duna'
[LOG 20:27:29.411] AssetLoader: Loaded mod bundle 'kspedia_planets-eeloo'
[LOG 20:27:29.411] AssetLoader: Loaded mod bundle 'kspedia_planets-eve'
[LOG 20:27:29.412] AssetLoader: Loaded mod bundle 'kspedia_planets-jool'
[LOG 20:27:29.412] AssetLoader: Loaded mod bundle 'kspedia_planets-kerbin'
[LOG 20:27:29.412] AssetLoader: Loaded mod bundle 'kspedia_planets-moho'
[LOG 20:27:29.412] AssetLoader: Loaded mod bundle 'kspedia_planets-sun'
[LOG 20:27:29.413] AssetLoader: Loaded mod bundle 'kspedia_planets-system'
[LOG 20:27:29.413] AssetLoader: Loaded mod bundle 'kspedia_resources-asteroidmining'
[LOG 20:27:29.413] AssetLoader: Loaded mod bundle 'kspedia_resources-conversionmanagement'
[LOG 20:27:29.413] AssetLoader: Loaded mod bundle 'kspedia_resources-drilling'
[LOG 20:27:29.414] AssetLoader: Loaded mod bundle 'kspedia_resources-findingit'
[LOG 20:27:29.414] AssetLoader: Loaded mod bundle 'kspedia_resources-findingit2'
[LOG 20:27:29.415] AssetLoader: Loaded mod bundle 'kspedia_resources-storageandconversion'
[LOG 20:27:29.415] AssetLoader: Loaded mod bundle 'kspedia_resources'
[LOG 20:27:29.415] AssetLoader: Loaded mod bundle 'kspedia_rocketry'
[LOG 20:27:29.416] AssetLoader: Loaded mod bundle 'kspedia_rocketryadvanced-fairings'
[LOG 20:27:29.416] AssetLoader: Loaded mod bundle 'kspedia_rocketryadvanced-girders'
[LOG 20:27:29.416] AssetLoader: Loaded mod bundle 'kspedia_rocketryadvanced'
[LOG 20:27:29.416] AssetLoader: Loaded mod bundle 'kspedia_rocketrybasics'
[LOG 20:27:29.417] AssetLoader: Loaded mod bundle 'kspedia_rocketrybasicsaero'
[LOG 20:27:29.417] AssetLoader: Loaded mod bundle 'kspedia_rocketrybasicscentered'
[LOG 20:27:29.417] AssetLoader: Loaded mod bundle 'kspedia_rocketrybasicschutes'
[LOG 20:27:29.417] AssetLoader: Loaded mod bundle 'kspedia_rocketrybasicscontrol'
[LOG 20:27:29.418] AssetLoader: Loaded mod bundle 'kspedia_rocketrybasicsecrecharging'
[LOG 20:27:29.418] AssetLoader: Loaded mod bundle 'kspedia_rocketrybasicsengines'
[LOG 20:27:29.418] AssetLoader: Loaded mod bundle 'kspedia_rocketrybasicsforces'
[LOG 20:27:29.418] AssetLoader: Loaded mod bundle 'kspedia_rocketrybasicshatchesandladders'
[LOG 20:27:29.419] AssetLoader: Loaded mod bundle 'kspedia_rocketrybasicshibernation'
[LOG 20:27:29.419] AssetLoader: Loaded mod bundle 'kspedia_rocketrybasicsresources'
[LOG 20:27:29.419] AssetLoader: Loaded mod bundle 'kspedia_rocketrybasicsservicecontainers'
[LOG 20:27:29.419] AssetLoader: Loaded mod bundle 'kspedia_rocketrybasicsstability'
[LOG 20:27:29.420] AssetLoader: Loaded mod bundle 'kspedia_rocketrybasicsstabilityassist'
[LOG 20:27:29.420] AssetLoader: Loaded mod bundle 'kspedia_rocketrybasicsstaging'
[LOG 20:27:29.420] AssetLoader: Loaded mod bundle 'kspedia_rocketrybasicssymmetry'
[LOG 20:27:29.421] AssetLoader: Loaded mod bundle 'kspedia_science'
[LOG 20:27:29.421] AssetLoader: Loaded mod bundle 'kspedia_sciencedata'
[LOG 20:27:29.421] AssetLoader: Loaded mod bundle 'kspedia_scienceexperiments'
[LOG 20:27:29.422] AssetLoader: Loaded mod bundle 'kspedia_sciencelab'
[LOG 20:27:29.422] AssetLoader: Loaded mod bundle 'kspedia_sciencetransmitted'
[LOG 20:27:29.422] AssetLoader: Loaded mod bundle 'kspedia_spacetravel'
[LOG 20:27:29.423] AssetLoader: Loaded mod bundle 'kspedia_variantswitcher'
[LOG 20:27:29.423] AssetLoader: Loaded mod bundle 'kspfonts'
[LOG 20:27:29.577] AssetLoader: Loaded bundle 'squadcore'
[LOG 20:27:29.577] AssetLoader: Loaded bundle 'squadcorefx'
[LOG 20:27:29.578] AssetLoader: Loaded mod bundle 'kspedia_builder'
[LOG 20:27:29.578] AssetLoader: Loaded mod bundle 'kspedia_buildertoolbar'
[LOG 20:27:29.578] AssetLoader: Loaded mod bundle 'kspedia_canvas'
[LOG 20:27:29.578] AssetLoader: Loaded mod bundle 'kspedia_exportingvalidation'
[LOG 20:27:29.579] AssetLoader: Loaded mod bundle 'kspedia_flight'
[LOG 20:27:29.579] AssetLoader: Loaded mod bundle 'kspedia_flightapp'
[LOG 20:27:29.579] AssetLoader: Loaded mod bundle 'kspedia_gap'
[LOG 20:27:29.580] AssetLoader: Loaded mod bundle 'kspedia_gaptools'
[LOG 20:27:29.580] AssetLoader: Loaded mod bundle 'kspedia_makinghistory'
[LOG 20:27:29.580] AssetLoader: Loaded mod bundle 'kspedia_missionbriefing'
[LOG 20:27:29.580] AssetLoader: Loaded mod bundle 'kspedia_nodedocking'
[LOG 20:27:29.581] AssetLoader: Loaded mod bundle 'kspedia_nodesconnectors'
[LOG 20:27:29.581] AssetLoader: Loaded mod bundle 'kspedia_sap'
[LOG 20:27:29.581] AssetLoader: Loaded mod bundle 'kspedia_sidebar'
[LOG 20:27:29.582] AssetLoader: Loaded mod bundle 'kspedia_testingcheckpoints'
[LOG 20:27:29.582] AssetLoader: Loaded bundle 'makinghistory'
[LOG 20:27:29.582] AssetLoader: Loaded mod bundle 'kspedia_bladecyclic-collective-behaviour'
[LOG 20:27:29.583] AssetLoader: Loaded mod bundle 'kspedia_bladecyclic-collective-controls'
[LOG 20:27:29.583] AssetLoader: Loaded mod bundle 'kspedia_deployedscience-experiments'
[LOG 20:27:29.583] AssetLoader: Loaded mod bundle 'kspedia_deployedscience'
[LOG 20:27:29.584] AssetLoader: Loaded mod bundle 'kspedia_grippads'
[LOG 20:27:29.584] AssetLoader: Loaded mod bundle 'kspedia_layindtracks'
[LOG 20:27:29.584] AssetLoader: Loaded mod bundle 'kspedia_propellers'
[LOG 20:27:29.584] AssetLoader: Loaded mod bundle 'kspedia_propellersaerodynamics'
[LOG 20:27:29.585] AssetLoader: Loaded mod bundle 'kspedia_roboticcontroller'
[LOG 20:27:29.585] AssetLoader: Loaded mod bundle 'kspedia_roboticparts'
[LOG 20:27:29.585] AssetLoader: Loaded mod bundle 'kspedia_surface features-overview'
[LOG 20:27:29.586] AssetLoader: Loaded mod bundle 'kspedia_surface features-roverarmdetails'
[LOG 20:27:29.586] AssetLoader: Loaded mod bundle 'kspedia_trackeditor'
[LOG 20:27:29.586] AssetLoader: Loaded mod bundle 'kspedia_trackeditortoolbar'
[LOG 20:27:29.587] AssetLoader: Loaded mod bundle 'serenity'
[LOG 20:27:29.588] AssetLoader: Finished loading. 226 bundle definitions loaded.
[LOG 20:27:29.588] Compiling Configs:
[LOG 20:27:29.588] Config(DRAG_TIP) /Physics/DRAG_TIP
[LOG 20:27:29.589] Config(DRAG_SURFACE) /Physics/DRAG_SURFACE
[LOG 20:27:29.589] Config(DRAG_TAIL) /Physics/DRAG_TAIL
[LOG 20:27:29.589] Config(DRAG_MULTIPLIER) /Physics/DRAG_MULTIPLIER
[LOG 20:27:29.589] Config(DRAG_CD) /Physics/DRAG_CD
[LOG 20:27:29.589] Config(DRAG_CD_POWER) /Physics/DRAG_CD_POWER
[LOG 20:27:29.589] Config(DRAG_PSEUDOREYNOLDS) /Physics/DRAG_PSEUDOREYNOLDS
[LOG 20:27:29.589] Config(LIFTING_SURFACE_CURVES) /Physics/LIFTING_SURFACE_CURVES
[LOG 20:27:29.589] Config(VesselRanges) /Physics/VesselRanges
[LOG 20:27:29.589] Config(KSP_COMMUNITY_FIXES) KSPCommunityFixes/Settings/KSP_COMMUNITY_FIXES
[LOG 20:27:29.589] Config(Localization) KSPCommunityFixes/Localization/en-us/Localization
[LOG 20:27:29.589] Config(Localization) KSPCommunityFixes/Localization/fr-fr/Localization
[LOG 20:27:29.589] Config(Localization) KSPCommunityFixes/Localization/ru/Localization
[LOG 20:27:29.589] Config(Localization) KSPCommunityFixes/Localization/zh-cn/Localization
[LOG 20:27:29.589] Config(@PART[*]:HAS[@MODULE[ModuleDockingNodeFixed]]:NEEDS[FixDockingNodes]:FINAL) KSPCommunityFixes/MMPatches/ModSupport/FixDockingNodes/@PART[*]:HAS[@MODULE[ModuleDockingNodeFixed]]:NEEDS[FixDockingNodes]:FINAL
[LOG 20:27:29.589] Config(@PART[*]:HAS[@MODULE[Refunding]]:LAST[999_KSP-Recall]) KSPCommunityFixes/MMPatches/ModSupport/KSPRecall/@PART[*]:HAS[@MODULE[Refunding]]:LAST[999_KSP-Recall]
[LOG 20:27:29.589] Config(@PART[*]:HAS[#hasRefundingOnRecovery[?rue]]:LAST[999_KSP-Recall]) KSPCommunityFixes/MMPatches/ModSupport/KSPRecall/@PART[*]:HAS[#hasRefundingOnRecovery[?rue]]:LAST[999_KSP-Recall]
[LOG 20:27:29.589] Config(@PART[*]:HAS[#hasRefundingOnRecovery]:LAST[999_KSP-Recall]) KSPCommunityFixes/MMPatches/ModSupport/KSPRecall/@PART[*]:HAS[#hasRefundingOnRecovery]:LAST[999_KSP-Recall]
[LOG 20:27:29.589] Config(@KSP-Recall:LAST[999_KSP-Recall]) KSPCommunityFixes/MMPatches/ModSupport/KSPRecall/@KSP-Recall:LAST[999_KSP-Recall]
[LOG 20:27:29.589] Config(@KSP-Recall:HAS[#hasRefundingOnRecovery[?rue]]:LAST[999_KSP-Recall]) KSPCommunityFixes/MMPatches/ModSupport/KSPRecall/@KSP-Recall:HAS[#hasRefundingOnRecovery[?rue]]:LAST[999_KSP-Recall]
[LOG 20:27:29.590] Config(@KSP-Recall:HAS[#hasRefundingOnRecovery]:LAST[999_KSP-Recall]) KSPCommunityFixes/MMPatches/ModSupport/KSPRecall/@KSP-Recall:HAS[#hasRefundingOnRecovery]:LAST[999_KSP-Recall]
[LOG 20:27:29.590] Config(@KSP_COMMUNITY_FIXES:NEEDS[AttachedOnEditor]) KSPCommunityFixes/MMPatches/ModSupport/KSPRecall/@KSP_COMMUNITY_FIXES:NEEDS[AttachedOnEditor]
[LOG 20:27:29.590] Config(@KSP_COMMUNITY_FIXES:NEEDS[UniversalStorage2]) KSPCommunityFixes/MMPatches/ModSupport/UniversalStorage/@KSP_COMMUNITY_FIXES:NEEDS[UniversalStorage2]
[LOG 20:27:29.590] Config(@PART[telescopicLadderBay]:FIRST) KSPCommunityFixes/MMPatches/StockTweaks/LadderToggleableLight/@PART[telescopicLadderBay]:FIRST
[LOG 20:27:29.590] Config(@PART[telescopicLadderBay]:HAS[#LadderToggleableLight[?rue]]:FIRST) KSPCommunityFixes/MMPatches/StockTweaks/LadderToggleableLight/@PART[telescopicLadderBay]:HAS[#LadderToggleableLight[?rue]]:FIRST
[LOG 20:27:29.590] Config(@PART[telescopicLadderBay]:HAS[#LadderToggleableLight]:FIRST) KSPCommunityFixes/MMPatches/StockTweaks/LadderToggleableLight/@PART[telescopicLadderBay]:HAS[#LadderToggleableLight]:FIRST
[LOG 20:27:29.590] Config(@PART[GearSmall]:FIRST) KSPCommunityFixes/MMPatches/StockTweaks/LandingGearLights/@PART[GearSmall]:FIRST
[LOG 20:27:29.590] Config(@PART[SmallGearBay]:FIRST) KSPCommunityFixes/MMPatches/StockTweaks/LandingGearLights/@PART[SmallGearBay]:FIRST
[LOG 20:27:29.590] Config(@PART[sasModule]:FOR[KSPCommunityFixes]) KSPCommunityFixes/MMPatches/StockTweaks/ManufacturerFixes/@PART[sasModule]:FOR[KSPCommunityFixes]
[LOG 20:27:29.590] Config(@PART[xenonTankRadial]:FOR[KSPCommunityFixes]) KSPCommunityFixes/MMPatches/StockTweaks/ManufacturerFixes/@PART[xenonTankRadial]:FOR[KSPCommunityFixes]
[LOG 20:27:29.590] Config(@PART[winglet|fireworksLauncherSmall|fireworksLauncherBig]:FOR[KSPCommunityFixes]) KSPCommunityFixes/MMPatches/StockTweaks/ManufacturerFixes/@PART[winglet|fireworksLauncherSmall|fireworksLauncherBig]:FOR[KSPCommunityFixes]
[LOG 20:27:29.590] Config(@PART[solidBooster_sm_v2|solidBooster_v2]:FOR[KSPCommunityFixes]) KSPCommunityFixes/MMPatches/StockTweaks/ManufacturerFixes/@PART[solidBooster_sm_v2|solidBooster_v2]:FOR[KSPCommunityFixes]
[LOG 20:27:29.590] Config(@PART[ServiceBay_125_v2|ServiceBay_250_v2]:FOR[KSPCommunityFixes]) KSPCommunityFixes/MMPatches/StockTweaks/ManufacturerFixes/@PART[ServiceBay_125_v2|ServiceBay_250_v2]:FOR[KSPCommunityFixes]
[LOG 20:27:29.590] Config(@PART[externalTankCapsule]:FOR[KSPCommunityFixes]) KSPCommunityFixes/MMPatches/StockTweaks/ManufacturerFixes/@PART[externalTankCapsule]:FOR[KSPCommunityFixes]
[LOG 20:27:29.590] Config(@PART[RCSFuelTank|rcsTankMini|RCSTank1-2]:FOR[KSPCommunityFixes]) KSPCommunityFixes/MMPatches/StockTweaks/ManufacturerFixes/@PART[RCSFuelTank|rcsTankMini|RCSTank1-2]:FOR[KSPCommunityFixes]
[LOG 20:27:29.590] Config(@PART[landerCabinSmall]:FOR[KSPCommunityFixes]) KSPCommunityFixes/MMPatches/StockTweaks/ManufacturerFixes/@PART[landerCabinSmall]:FOR[KSPCommunityFixes]
[LOG 20:27:29.590] Config(@PART[dockingPortLateral]:FOR[KSPCommunityFixes]) KSPCommunityFixes/MMPatches/StockTweaks/ManufacturerFixes/@PART[dockingPortLateral]:FOR[KSPCommunityFixes]
[LOG 20:27:29.590] Config(@PART[EnginePlate4]:FOR[KSPCommunityFixes]:NEEDS[SquadExpansion/MakingHistory]) KSPCommunityFixes/MMPatches/StockTweaks/ManufacturerFixes/@PART[EnginePlate4]:FOR[KSPCommunityFixes]:NEEDS[SquadExpansion/MakingHistory]
[LOG 20:27:29.590] Config(@PART[Mk2Pod]:FOR[KSPCommunityFixes]:NEEDS[SquadExpansion/MakingHistory]) KSPCommunityFixes/MMPatches/StockTweaks/ManufacturerFixes/@PART[Mk2Pod]:FOR[KSPCommunityFixes]:NEEDS[SquadExpansion/MakingHistory]
[LOG 20:27:29.590] Config(@PART[evaChute|parachuteSingle|parachuteRadial|radialDrogue|parachuteLarge|parachuteDrogue]:FOR[KSPCommunityFixes]) KSPCommunityFixes/MMPatches/StockTweaks/ManufacturerFixes/@PART[evaChute|parachuteSingle|parachuteRadial|radialDrogue|parachuteLarge|parachuteDrogue]:FOR[KSPCommunityFixes]
[LOG 20:27:29.590] Config(@PART[stackPoint1|dockingPort1|dockingPort2|dockingPort3|dockingPortLarge]:FOR[KSPCommunityFixes]) KSPCommunityFixes/MMPatches/StockTweaks/ManufacturerFixes/@PART[stackPoint1|dockingPort1|dockingPort2|dockingPort3|dockingPortLarge]:FOR[KSPCommunityFixes]
[LOG 20:27:29.590] Config(AGENT) KSPCommunityFixes/MMPatches/StockTweaks/ManufacturerFixes/Clamp-O-Tron
[LOG 20:27:29.591] Config(AGENT) KSPCommunityFixes/MMPatches/StockTweaks/ManufacturerFixes/FreeFall Parachutes
[LOG 20:27:29.591] Config(AGENT) KSPCommunityFixes/MMPatches/StockTweaks/ManufacturerFixes/LightYear Tire Company
[LOG 20:27:29.591] Config(AGENT) KSPCommunityFixes/MMPatches/StockTweaks/ManufacturerFixes/Stratus Corporation
[LOG 20:27:29.591] Config(Localization) KSPCommunityFixes/MMPatches/StockTweaks/ManufacturerFixes/Localization
[LOG 20:27:29.591] Config(AGENT) Squad/Agencies/Agents/C7 Aerospace Division
[LOG 20:27:29.591] Config(AGENT) Squad/Agencies/Agents/Dinkelstein Kerman's Construction Emporium
[LOG 20:27:29.591] Config(AGENT) Squad/Agencies/Agents/Experimental Engineering Group
[LOG 20:27:29.591] Config(AGENT) Squad/Agencies/Agents/FLOOYD Dynamics Research Labs
[LOG 20:27:29.591] Config(AGENT) Squad/Agencies/Agents/Goliath National Products
[LOG 20:27:29.591] Config(AGENT) Squad/Agencies/Agents/Integrated Integrals
[LOG 20:27:29.591] Config(AGENT) Squad/Agencies/Agents/Ionic Symphonic Protonic Electronics
[LOG 20:27:29.591] Config(AGENT) Squad/Agencies/Agents/Jebediah Kerman's Junkyard and Spacecraft Parts Co
[LOG 20:27:29.591] Config(AGENT) Squad/Agencies/Agents/Kerbal Motion LLC
[LOG 20:27:29.591] Config(AGENT) Squad/Agencies/Agents/Kerbin World-Firsts Record-Keeping Society
[LOG 20:27:29.591] Config(AGENT) Squad/Agencies/Agents/Kerbodyne
[LOG 20:27:29.591] Config(AGENT) Squad/Agencies/Agents/Kerlington Model Rockets and Paper Products Inc
[LOG 20:27:29.591] Config(AGENT) Squad/Agencies/Agents/Maxo Construction Toys
[LOG 20:27:29.591] Config(AGENT) Squad/Agencies/Agents/Moving Parts Experts Group
[LOG 20:27:29.591] Config(AGENT) Squad/Agencies/Agents/O.M.B. Demolition Enterprises
[LOG 20:27:29.591] Config(AGENT) Squad/Agencies/Agents/Periapsis Rocket Supplies Co
[LOG 20:27:29.591] Config(AGENT) Squad/Agencies/Agents/Probodobodyne Inc
[LOG 20:27:29.591] Config(AGENT) Squad/Agencies/Agents/Research & Development Department
[LOG 20:27:29.592] Config(AGENT) Squad/Agencies/Agents/Reaction Systems Ltd
[LOG 20:27:29.592] Config(AGENT) Squad/Agencies/Agents/Rockomax Conglomerate
[LOG 20:27:29.592] Config(AGENT) Squad/Agencies/Agents/Rokea Inc
[LOG 20:27:29.592] Config(AGENT) Squad/Agencies/Agents/Sean's Cannery
[LOG 20:27:29.592] Config(AGENT) Squad/Agencies/Agents/STEADLER Engineering Corps
[LOG 20:27:29.592] Config(AGENT) Squad/Agencies/Agents/StrutCo
[LOG 20:27:29.592] Config(AGENT) Squad/Agencies/Agents/Vac-Co Advanced Suction Systems
[LOG 20:27:29.592] Config(AGENT) Squad/Agencies/Agents/WinterOwl Aircraft Emporium
[LOG 20:27:29.592] Config(AGENT) Squad/Agencies/Agents/Zaltonic Electronics
[LOG 20:27:29.592] Config(CONTRACT_CONSTRUCTION_PARTS) Squad/Contracts/constructionContractParts/CONTRACT_CONSTRUCTION_PARTS
[LOG 20:27:29.592] Config(Contracts) Squad/Contracts/Contracts/Contracts
[LOG 20:27:29.592] Config(CONTRACTCRAFT) Squad/Contracts/PrebuiltCraft/prebuiltData/CONTRACTCRAFT
[LOG 20:27:29.592] Config(CONTRACTCRAFT) Squad/Contracts/PrebuiltCraft/OrbitalConstructionContract/orbitalConstructionContractCraft/CONTRACTCRAFT
[LOG 20:27:29.592] Config(CONTRACTCRAFT) Squad/Contracts/PrebuiltCraft/RepairContract/repairContractCraft/CONTRACTCRAFT
[LOG 20:27:29.592] Config(CONTRACTCRAFT) Squad/Contracts/PrebuiltCraft/RoverContract/roverContractCraft/CONTRACTCRAFT
[LOG 20:27:29.592] Config(KEYBOARD_LAYOUT) Squad/Controls/Azerty/#autoLOC_6001233
[LOG 20:27:29.592] Config(PITCH_DOWN) Squad/Controls/Azerty/PITCH_DOWN
[LOG 20:27:29.592] Config(PITCH_UP) Squad/Controls/Azerty/PITCH_UP
[LOG 20:27:29.592] Config(YAW_LEFT) Squad/Controls/Azerty/YAW_LEFT
[LOG 20:27:29.592] Config(YAW_RIGHT) Squad/Controls/Azerty/YAW_RIGHT
[LOG 20:27:29.592] Config(ROLL_LEFT) Squad/Controls/Azerty/ROLL_LEFT
[LOG 20:27:29.592] Config(ROLL_RIGHT) Squad/Controls/Azerty/ROLL_RIGHT
[LOG 20:27:29.592] Config(THROTTLE_UP) Squad/Controls/Azerty/THROTTLE_UP
[LOG 20:27:29.592] Config(THROTTLE_DOWN) Squad/Controls/Azerty/THROTTLE_DOWN
[LOG 20:27:29.592] Config(SAS_HOLD) Squad/Controls/Azerty/SAS_HOLD
[LOG 20:27:29.593] Config(SAS_TOGGLE) Squad/Controls/Azerty/SAS_TOGGLE
[LOG 20:27:29.593] Config(LAUNCH_STAGES) Squad/Controls/Azerty/LAUNCH_STAGES
[LOG 20:27:29.593] Config(Docking_toggleRotLin) Squad/Controls/Azerty/Docking_toggleRotLin
[LOG 20:27:29.593] Config(CAMERA_MODE) Squad/Controls/Azerty/CAMERA_MODE
[LOG 20:27:29.593] Config(CAMERA_NEXT) Squad/Controls/Azerty/CAMERA_NEXT
[LOG 20:27:29.593] Config(PAUSE) Squad/Controls/Azerty/PAUSE
[LOG 20:27:29.593] Config(PRECISION_CTRL) Squad/Controls/Azerty/PRECISION_CTRL
[LOG 20:27:29.593] Config(ZOOM_IN) Squad/Controls/Azerty/ZOOM_IN
[LOG 20:27:29.593] Config(ZOOM_OUT) Squad/Controls/Azerty/ZOOM_OUT
[LOG 20:27:29.593] Config(SCROLL_VIEW_UP) Squad/Controls/Azerty/SCROLL_VIEW_UP
[LOG 20:27:29.593] Config(SCROLL_VIEW_DOWN) Squad/Controls/Azerty/SCROLL_VIEW_DOWN
[LOG 20:27:29.593] Config(SCROLL_ICONS_UP) Squad/Controls/Azerty/SCROLL_ICONS_UP
[LOG 20:27:29.593] Config(SCROLL_ICONS_DOWN) Squad/Controls/Azerty/SCROLL_ICONS_DOWN
[LOG 20:27:29.593] Config(CAMERA_ORBIT_UP) Squad/Controls/Azerty/CAMERA_ORBIT_UP
[LOG 20:27:29.593] Config(CAMERA_ORBIT_DOWN) Squad/Controls/Azerty/CAMERA_ORBIT_DOWN
[LOG 20:27:29.593] Config(CAMERA_ORBIT_LEFT) Squad/Controls/Azerty/CAMERA_ORBIT_LEFT
[LOG 20:27:29.593] Config(CAMERA_ORBIT_RIGHT) Squad/Controls/Azerty/CAMERA_ORBIT_RIGHT
[LOG 20:27:29.593] Config(CAMERA_RESET) Squad/Controls/Azerty/CAMERA_RESET
[LOG 20:27:29.593] Config(CAMERA_MOUSE_TOGGLE) Squad/Controls/Azerty/CAMERA_MOUSE_TOGGLE
[LOG 20:27:29.593] Config(TIME_WARP_INCREASE) Squad/Controls/Azerty/TIME_WARP_INCREASE
[LOG 20:27:29.593] Config(TIME_WARP_DECREASE) Squad/Controls/Azerty/TIME_WARP_DECREASE
[LOG 20:27:29.593] Config(TIME_WARP_STOP) Squad/Controls/Azerty/TIME_WARP_STOP
[LOG 20:27:29.593] Config(MAP_VIEW_TOGGLE) Squad/Controls/Azerty/MAP_VIEW_TOGGLE
[LOG 20:27:29.593] Config(NAVBALL_TOGGLE) Squad/Controls/Azerty/NAVBALL_TOGGLE
[LOG 20:27:29.593] Config(UIMODE_STAGING) Squad/Controls/Azerty/UIMODE_STAGING
[LOG 20:27:29.593] Config(UIMODE_DOCKING) Squad/Controls/Azerty/UIMODE_DOCKING
[LOG 20:27:29.593] Config(TRANSLATE_DOWN) Squad/Controls/Azerty/TRANSLATE_DOWN
[LOG 20:27:29.593] Config(TRANSLATE_UP) Squad/Controls/Azerty/TRANSLATE_UP
[LOG 20:27:29.593] Config(TRANSLATE_LEFT) Squad/Controls/Azerty/TRANSLATE_LEFT
[LOG 20:27:29.593] Config(TRANSLATE_RIGHT) Squad/Controls/Azerty/TRANSLATE_RIGHT
[LOG 20:27:29.594] Config(TRANSLATE_FWD) Squad/Controls/Azerty/TRANSLATE_FWD
[LOG 20:27:29.594] Config(TRANSLATE_BACK) Squad/Controls/Azerty/TRANSLATE_BACK
[LOG 20:27:29.594] Config(RCS_TOGGLE) Squad/Controls/Azerty/RCS_TOGGLE
[LOG 20:27:29.594] Config(FOCUS_NEXT_VESSEL) Squad/Controls/Azerty/FOCUS_NEXT_VESSEL
[LOG 20:27:29.594] Config(FOCUS_PREV_VESSEL) Squad/Controls/Azerty/FOCUS_PREV_VESSEL
[LOG 20:27:29.594] Config(TOGGLE_UI) Squad/Controls/Azerty/TOGGLE_UI
[LOG 20:27:29.594] Config(TOGGLE_STATUS_SCREEN) Squad/Controls/Azerty/TOGGLE_STATUS_SCREEN
[LOG 20:27:29.594] Config(TAKE_SCREENSHOT) Squad/Controls/Azerty/TAKE_SCREENSHOT
[LOG 20:27:29.594] Config(TOGGLE_LABELS) Squad/Controls/Azerty/TOGGLE_LABELS
[LOG 20:27:29.594] Config(TOGGLE_TEMP_GAUGES) Squad/Controls/Azerty/TOGGLE_TEMP_GAUGES
[LOG 20:27:29.594] Config(TOGGLE_TEMP_OVERLAY) Squad/Controls/Azerty/TOGGLE_TEMP_OVERLAY
[LOG 20:27:29.594] Config(TOGGLE_FLIGHT_FORCES) Squad/Controls/Azerty/TOGGLE_FLIGHT_FORCES
[LOG 20:27:29.594] Config(QUICKSAVE) Squad/Controls/Azerty/QUICKSAVE
[LOG 20:27:29.594] Config(QUICKLOAD) Squad/Controls/Azerty/QUICKLOAD
[LOG 20:27:29.594] Config(THROTTLE_CUTOFF) Squad/Controls/Azerty/THROTTLE_CUTOFF
[LOG 20:27:29.594] Config(THROTTLE_FULL) Squad/Controls/Azerty/THROTTLE_FULL
[LOG 20:27:29.594] Config(LANDING_GEAR) Squad/Controls/Azerty/LANDING_GEAR
[LOG 20:27:29.594] Config(HEADLIGHT_TOGGLE) Squad/Controls/Azerty/HEADLIGHT_TOGGLE
[LOG 20:27:29.594] Config(BRAKES) Squad/Controls/Azerty/BRAKES
[LOG 20:27:29.594] Config(TOGGLE_SPACENAV_FLIGHT_CONTROL) Squad/Controls/Azerty/TOGGLE_SPACENAV_FLIGHT_CONTROL
[LOG 20:27:29.594] Config(TOGGLE_SPACENAV_ROLL_LOCK) Squad/Controls/Azerty/TOGGLE_SPACENAV_ROLL_LOCK
[LOG 20:27:29.594] Config(WHEEL_STEER_LEFT) Squad/Controls/Azerty/WHEEL_STEER_LEFT
[LOG 20:27:29.594] Config(WHEEL_STEER_RIGHT) Squad/Controls/Azerty/WHEEL_STEER_RIGHT
[LOG 20:27:29.594] Config(WHEEL_THROTTLE_DOWN) Squad/Controls/Azerty/WHEEL_THROTTLE_DOWN
[LOG 20:27:29.594] Config(WHEEL_THROTTLE_UP) Squad/Controls/Azerty/WHEEL_THROTTLE_UP
[LOG 20:27:29.594] Config(EVA_forward) Squad/Controls/Azerty/EVA_forward
[LOG 20:27:29.594] Config(EVA_back) Squad/Controls/Azerty/EVA_back
[LOG 20:27:29.594] Config(EVA_left) Squad/Controls/Azerty/EVA_left
[LOG 20:27:29.595] Config(EVA_right) Squad/Controls/Azerty/EVA_right
[LOG 20:27:29.595] Config(EVA_yaw_left) Squad/Controls/Azerty/EVA_yaw_left
[LOG 20:27:29.595] Config(EVA_yaw_right) Squad/Controls/Azerty/EVA_yaw_right
[LOG 20:27:29.595] Config(EVA_Pack_forward) Squad/Controls/Azerty/EVA_Pack_forward
[LOG 20:27:29.595] Config(EVA_Pack_back) Squad/Controls/Azerty/EVA_Pack_back
[LOG 20:27:29.595] Config(EVA_Pack_left) Squad/Controls/Azerty/EVA_Pack_left
[LOG 20:27:29.595] Config(EVA_Pack_right) Squad/Controls/Azerty/EVA_Pack_right
[LOG 20:27:29.595] Config(EVA_Pack_up) Squad/Controls/Azerty/EVA_Pack_up
[LOG 20:27:29.595] Config(EVA_Pack_down) Squad/Controls/Azerty/EVA_Pack_down
[LOG 20:27:29.595] Config(EVA_Jump) Squad/Controls/Azerty/EVA_Jump
[LOG 20:27:29.595] Config(EVA_Run) Squad/Controls/Azerty/EVA_Run
[LOG 20:27:29.595] Config(EVA_ToggleMovementMode) Squad/Controls/Azerty/EVA_ToggleMovementMode
[LOG 20:27:29.595] Config(EVA_TogglePack) Squad/Controls/Azerty/EVA_TogglePack
[LOG 20:27:29.595] Config(EVA_Use) Squad/Controls/Azerty/EVA_Use
[LOG 20:27:29.595] Config(EVA_Board) Squad/Controls/Azerty/EVA_Board
[LOG 20:27:29.595] Config(EVA_Orient) Squad/Controls/Azerty/EVA_Orient
[LOG 20:27:29.595] Config(EVA_Lights) Squad/Controls/Azerty/EVA_Lights
[LOG 20:27:29.595] Config(EVA_ChuteDeploy) Squad/Controls/Azerty/EVA_ChuteDeploy
[LOG 20:27:29.595] Config(Editor_pitchUp) Squad/Controls/Azerty/Editor_pitchUp
[LOG 20:27:29.595] Config(Editor_pitchDown) Squad/Controls/Azerty/Editor_pitchDown
[LOG 20:27:29.595] Config(Editor_yawLeft) Squad/Controls/Azerty/Editor_yawLeft
[LOG 20:27:29.595] Config(Editor_yawRight) Squad/Controls/Azerty/Editor_yawRight
[LOG 20:27:29.595] Config(Editor_rollLeft) Squad/Controls/Azerty/Editor_rollLeft
[LOG 20:27:29.595] Config(Editor_rollRight) Squad/Controls/Azerty/Editor_rollRight
[LOG 20:27:29.595] Config(Editor_resetRotation) Squad/Controls/Azerty/Editor_resetRotation
[LOG 20:27:29.595] Config(Editor_modePlace) Squad/Controls/Azerty/Editor_modePlace
[LOG 20:27:29.595] Config(Editor_modeOffset) Squad/Controls/Azerty/Editor_modeOffset
[LOG 20:27:29.595] Config(Editor_modeRotate) Squad/Controls/Azerty/Editor_modeRotate
[LOG 20:27:29.595] Config(Editor_modeRoot) Squad/Controls/Azerty/Editor_modeRoot
[LOG 20:27:29.595] Config(Editor_coordSystem) Squad/Controls/Azerty/Editor_coordSystem
[LOG 20:27:29.596] Config(Editor_toggleSymMethod) Squad/Controls/Azerty/Editor_toggleSymMethod
[LOG 20:27:29.596] Config(Editor_toggleSymMode) Squad/Controls/Azerty/Editor_toggleSymMode
[LOG 20:27:29.596] Config(Editor_toggleAngleSnap) Squad/Controls/Azerty/Editor_toggleAngleSnap
[LOG 20:27:29.596] Config(Editor_fineTweak) Squad/Controls/Azerty/Editor_fineTweak
[LOG 20:27:29.596] Config(Editor_partSearch) Squad/Controls/Azerty/Editor_partSearch
[LOG 20:27:29.596] Config(Editor_zoomScrollModifier) Squad/Controls/Azerty/Editor_zoomScrollModifier
[LOG 20:27:29.596] Config(MODIFIER_KEY) Squad/Controls/Azerty/MODIFIER_KEY
[LOG 20:27:29.596] Config(AbortActionGroup) Squad/Controls/Azerty/AbortActionGroup
[LOG 20:27:29.596] Config(CustomActionGroup1) Squad/Controls/Azerty/CustomActionGroup1
[LOG 20:27:29.596] Config(CustomActionGroup2) Squad/Controls/Azerty/CustomActionGroup2
[LOG 20:27:29.596] Config(CustomActionGroup3) Squad/Controls/Azerty/CustomActionGroup3
[LOG 20:27:29.596] Config(CustomActionGroup4) Squad/Controls/Azerty/CustomActionGroup4
[LOG 20:27:29.596] Config(CustomActionGroup5) Squad/Controls/Azerty/CustomActionGroup5
[LOG 20:27:29.596] Config(CustomActionGroup6) Squad/Controls/Azerty/CustomActionGroup6
[LOG 20:27:29.596] Config(CustomActionGroup7) Squad/Controls/Azerty/CustomActionGroup7
[LOG 20:27:29.596] Config(CustomActionGroup8) Squad/Controls/Azerty/CustomActionGroup8
[LOG 20:27:29.596] Config(CustomActionGroup9) Squad/Controls/Azerty/CustomActionGroup9
[LOG 20:27:29.596] Config(CustomActionGroup10) Squad/Controls/Azerty/CustomActionGroup10
[LOG 20:27:29.596] Config(KEY_MAP) Squad/Controls/Azerty/KEY_MAP
[LOG 20:27:29.596] Config(KEYBOARD_LAYOUT) Squad/Controls/Dvorak/#autoLOC_6001234
[LOG 20:27:29.596] Config(PITCH_DOWN) Squad/Controls/Dvorak/PITCH_DOWN
[LOG 20:27:29.596] Config(PITCH_UP) Squad/Controls/Dvorak/PITCH_UP
[LOG 20:27:29.596] Config(YAW_LEFT) Squad/Controls/Dvorak/YAW_LEFT
[LOG 20:27:29.596] Config(YAW_RIGHT) Squad/Controls/Dvorak/YAW_RIGHT
[LOG 20:27:29.596] Config(ROLL_LEFT) Squad/Controls/Dvorak/ROLL_LEFT
[LOG 20:27:29.596] Config(ROLL_RIGHT) Squad/Controls/Dvorak/ROLL_RIGHT
[LOG 20:27:29.596] Config(THROTTLE_UP) Squad/Controls/Dvorak/THROTTLE_UP
[LOG 20:27:29.596] Config(THROTTLE_DOWN) Squad/Controls/Dvorak/THROTTLE_DOWN
[LOG 20:27:29.596] Config(SAS_HOLD) Squad/Controls/Dvorak/SAS_HOLD
[LOG 20:27:29.597] Config(SAS_TOGGLE) Squad/Controls/Dvorak/SAS_TOGGLE
[LOG 20:27:29.597] Config(LAUNCH_STAGES) Squad/Controls/Dvorak/LAUNCH_STAGES
[LOG 20:27:29.597] Config(Docking_toggleRotLin) Squad/Controls/Dvorak/Docking_toggleRotLin
[LOG 20:27:29.597] Config(CAMERA_MODE) Squad/Controls/Dvorak/CAMERA_MODE
[LOG 20:27:29.597] Config(CAMERA_NEXT) Squad/Controls/Dvorak/CAMERA_NEXT
[LOG 20:27:29.597] Config(PAUSE) Squad/Controls/Dvorak/PAUSE
[LOG 20:27:29.597] Config(PRECISION_CTRL) Squad/Controls/Dvorak/PRECISION_CTRL
[LOG 20:27:29.597] Config(ZOOM_IN) Squad/Controls/Dvorak/ZOOM_IN
[LOG 20:27:29.597] Config(ZOOM_OUT) Squad/Controls/Dvorak/ZOOM_OUT
[LOG 20:27:29.597] Config(SCROLL_VIEW_UP) Squad/Controls/Dvorak/SCROLL_VIEW_UP
[LOG 20:27:29.597] Config(SCROLL_VIEW_DOWN) Squad/Controls/Dvorak/SCROLL_VIEW_DOWN
[LOG 20:27:29.597] Config(SCROLL_ICONS_UP) Squad/Controls/Dvorak/SCROLL_ICONS_UP
[LOG 20:27:29.597] Config(SCROLL_ICONS_DOWN) Squad/Controls/Dvorak/SCROLL_ICONS_DOWN
[LOG 20:27:29.597] Config(CAMERA_ORBIT_UP) Squad/Controls/Dvorak/CAMERA_ORBIT_UP
[LOG 20:27:29.597] Config(CAMERA_ORBIT_DOWN) Squad/Controls/Dvorak/CAMERA_ORBIT_DOWN
[LOG 20:27:29.597] Config(CAMERA_ORBIT_LEFT) Squad/Controls/Dvorak/CAMERA_ORBIT_LEFT
[LOG 20:27:29.597] Config(CAMERA_ORBIT_RIGHT) Squad/Controls/Dvorak/CAMERA_ORBIT_RIGHT
[LOG 20:27:29.597] Config(CAMERA_RESET) Squad/Controls/Dvorak/CAMERA_RESET
[LOG 20:27:29.597] Config(CAMERA_MOUSE_TOGGLE) Squad/Controls/Dvorak/CAMERA_MOUSE_TOGGLE
[LOG 20:27:29.597] Config(TIME_WARP_INCREASE) Squad/Controls/Dvorak/TIME_WARP_INCREASE
[LOG 20:27:29.597] Config(TIME_WARP_DECREASE) Squad/Controls/Dvorak/TIME_WARP_DECREASE
[LOG 20:27:29.597] Config(TIME_WARP_STOP) Squad/Controls/Dvorak/TIME_WARP_STOP
[LOG 20:27:29.597] Config(MAP_VIEW_TOGGLE) Squad/Controls/Dvorak/MAP_VIEW_TOGGLE
[LOG 20:27:29.597] Config(NAVBALL_TOGGLE) Squad/Controls/Dvorak/NAVBALL_TOGGLE
[LOG 20:27:29.597] Config(UIMODE_STAGING) Squad/Controls/Dvorak/UIMODE_STAGING
[LOG 20:27:29.597] Config(UIMODE_DOCKING) Squad/Controls/Dvorak/UIMODE_DOCKING
[LOG 20:27:29.597] Config(TRANSLATE_DOWN) Squad/Controls/Dvorak/TRANSLATE_DOWN
[LOG 20:27:29.597] Config(TRANSLATE_UP) Squad/Controls/Dvorak/TRANSLATE_UP
[LOG 20:27:29.597] Config(TRANSLATE_LEFT) Squad/Controls/Dvorak/TRANSLATE_LEFT
[LOG 20:27:29.598] Config(TRANSLATE_RIGHT) Squad/Controls/Dvorak/TRANSLATE_RIGHT
[LOG 20:27:29.598] Config(TRANSLATE_FWD) Squad/Controls/Dvorak/TRANSLATE_FWD
[LOG 20:27:29.598] Config(TRANSLATE_BACK) Squad/Controls/Dvorak/TRANSLATE_BACK
[LOG 20:27:29.598] Config(RCS_TOGGLE) Squad/Controls/Dvorak/RCS_TOGGLE
[LOG 20:27:29.598] Config(FOCUS_NEXT_VESSEL) Squad/Controls/Dvorak/FOCUS_NEXT_VESSEL
[LOG 20:27:29.598] Config(FOCUS_PREV_VESSEL) Squad/Controls/Dvorak/FOCUS_PREV_VESSEL
[LOG 20:27:29.598] Config(TOGGLE_UI) Squad/Controls/Dvorak/TOGGLE_UI
[LOG 20:27:29.598] Config(TOGGLE_STATUS_SCREEN) Squad/Controls/Dvorak/TOGGLE_STATUS_SCREEN
[LOG 20:27:29.598] Config(TAKE_SCREENSHOT) Squad/Controls/Dvorak/TAKE_SCREENSHOT
[LOG 20:27:29.598] Config(TOGGLE_LABELS) Squad/Controls/Dvorak/TOGGLE_LABELS
[LOG 20:27:29.598] Config(TOGGLE_TEMP_GAUGES) Squad/Controls/Dvorak/TOGGLE_TEMP_GAUGES
[LOG 20:27:29.598] Config(TOGGLE_TEMP_OVERLAY) Squad/Controls/Dvorak/TOGGLE_TEMP_OVERLAY
[LOG 20:27:29.598] Config(TOGGLE_FLIGHT_FORCES) Squad/Controls/Dvorak/TOGGLE_FLIGHT_FORCES
[LOG 20:27:29.598] Config(QUICKSAVE) Squad/Controls/Dvorak/QUICKSAVE
[LOG 20:27:29.598] Config(QUICKLOAD) Squad/Controls/Dvorak/QUICKLOAD
[LOG 20:27:29.598] Config(THROTTLE_CUTOFF) Squad/Controls/Dvorak/THROTTLE_CUTOFF
[LOG 20:27:29.598] Config(THROTTLE_FULL) Squad/Controls/Dvorak/THROTTLE_FULL
[LOG 20:27:29.598] Config(LANDING_GEAR) Squad/Controls/Dvorak/LANDING_GEAR
[LOG 20:27:29.598] Config(HEADLIGHT_TOGGLE) Squad/Controls/Dvorak/HEADLIGHT_TOGGLE
[LOG 20:27:29.598] Config(BRAKES) Squad/Controls/Dvorak/BRAKES
[LOG 20:27:29.598] Config(TOGGLE_SPACENAV_FLIGHT_CONTROL) Squad/Controls/Dvorak/TOGGLE_SPACENAV_FLIGHT_CONTROL
[LOG 20:27:29.598] Config(TOGGLE_SPACENAV_ROLL_LOCK) Squad/Controls/Dvorak/TOGGLE_SPACENAV_ROLL_LOCK
[LOG 20:27:29.598] Config(WHEEL_STEER_LEFT) Squad/Controls/Dvorak/WHEEL_STEER_LEFT
[LOG 20:27:29.598] Config(WHEEL_STEER_RIGHT) Squad/Controls/Dvorak/WHEEL_STEER_RIGHT
[LOG 20:27:29.598] Config(WHEEL_THROTTLE_DOWN) Squad/Controls/Dvorak/WHEEL_THROTTLE_DOWN
[LOG 20:27:29.598] Config(WHEEL_THROTTLE_UP) Squad/Controls/Dvorak/WHEEL_THROTTLE_UP
[LOG 20:27:29.598] Config(EVA_forward) Squad/Controls/Dvorak/EVA_forward
[LOG 20:27:29.598] Config(EVA_back) Squad/Controls/Dvorak/EVA_back
[LOG 20:27:29.598] Config(EVA_left) Squad/Controls/Dvorak/EVA_left
[LOG 20:27:29.598] Config(EVA_right) Squad/Controls/Dvorak/EVA_right
[LOG 20:27:29.599] Config(EVA_yaw_left) Squad/Controls/Dvorak/EVA_yaw_left
[LOG 20:27:29.599] Config(EVA_yaw_right) Squad/Controls/Dvorak/EVA_yaw_right
[LOG 20:27:29.599] Config(EVA_Pack_forward) Squad/Controls/Dvorak/EVA_Pack_forward
[LOG 20:27:29.599] Config(EVA_Pack_back) Squad/Controls/Dvorak/EVA_Pack_back
[LOG 20:27:29.599] Config(EVA_Pack_left) Squad/Controls/Dvorak/EVA_Pack_left
[LOG 20:27:29.599] Config(EVA_Pack_right) Squad/Controls/Dvorak/EVA_Pack_right
[LOG 20:27:29.599] Config(EVA_Pack_up) Squad/Controls/Dvorak/EVA_Pack_up
[LOG 20:27:29.599] Config(EVA_Pack_down) Squad/Controls/Dvorak/EVA_Pack_down
[LOG 20:27:29.599] Config(EVA_Jump) Squad/Controls/Dvorak/EVA_Jump
[LOG 20:27:29.599] Config(EVA_Run) Squad/Controls/Dvorak/EVA_Run
[LOG 20:27:29.599] Config(EVA_ToggleMovementMode) Squad/Controls/Dvorak/EVA_ToggleMovementMode
[LOG 20:27:29.599] Config(EVA_TogglePack) Squad/Controls/Dvorak/EVA_TogglePack
[LOG 20:27:29.599] Config(EVA_Use) Squad/Controls/Dvorak/EVA_Use
[LOG 20:27:29.599] Config(EVA_Board) Squad/Controls/Dvorak/EVA_Board
[LOG 20:27:29.599] Config(EVA_Orient) Squad/Controls/Dvorak/EVA_Orient
[LOG 20:27:29.599] Config(EVA_Lights) Squad/Controls/Dvorak/EVA_Lights
[LOG 20:27:29.599] Config(EVA_ChuteDeploy) Squad/Controls/Dvorak/EVA_ChuteDeploy
[LOG 20:27:29.599] Config(Editor_pitchUp) Squad/Controls/Dvorak/Editor_pitchUp
[LOG 20:27:29.599] Config(Editor_pitchDown) Squad/Controls/Dvorak/Editor_pitchDown
[LOG 20:27:29.599] Config(Editor_yawLeft) Squad/Controls/Dvorak/Editor_yawLeft
[LOG 20:27:29.599] Config(Editor_yawRight) Squad/Controls/Dvorak/Editor_yawRight
[LOG 20:27:29.599] Config(Editor_rollLeft) Squad/Controls/Dvorak/Editor_rollLeft
[LOG 20:27:29.599] Config(Editor_rollRight) Squad/Controls/Dvorak/Editor_rollRight
[LOG 20:27:29.599] Config(Editor_resetRotation) Squad/Controls/Dvorak/Editor_resetRotation
[LOG 20:27:29.599] Config(Editor_modePlace) Squad/Controls/Dvorak/Editor_modePlace
[LOG 20:27:29.599] Config(Editor_modeOffset) Squad/Controls/Dvorak/Editor_modeOffset
[LOG 20:27:29.599] Config(Editor_modeRotate) Squad/Controls/Dvorak/Editor_modeRotate
[LOG 20:27:29.600] Config(Editor_modeRoot) Squad/Controls/Dvorak/Editor_modeRoot
[LOG 20:27:29.600] Config(Editor_coordSystem) Squad/Controls/Dvorak/Editor_coordSystem
[LOG 20:27:29.600] Config(Editor_toggleSymMethod) Squad/Controls/Dvorak/Editor_toggleSymMethod
[LOG 20:27:29.600] Config(Editor_toggleSymMode) Squad/Controls/Dvorak/Editor_toggleSymMode
[LOG 20:27:29.600] Config(Editor_toggleAngleSnap) Squad/Controls/Dvorak/Editor_toggleAngleSnap
[LOG 20:27:29.600] Config(Editor_fineTweak) Squad/Controls/Dvorak/Editor_fineTweak
[LOG 20:27:29.600] Config(Editor_partSearch) Squad/Controls/Dvorak/Editor_partSearch
[LOG 20:27:29.600] Config(Editor_zoomScrollModifier) Squad/Controls/Dvorak/Editor_zoomScrollModifier
[LOG 20:27:29.600] Config(MODIFIER_KEY) Squad/Controls/Dvorak/MODIFIER_KEY
[LOG 20:27:29.600] Config(AbortActionGroup) Squad/Controls/Dvorak/AbortActionGroup
[LOG 20:27:29.600] Config(CustomActionGroup1) Squad/Controls/Dvorak/CustomActionGroup1
[LOG 20:27:29.600] Config(CustomActionGroup2) Squad/Controls/Dvorak/CustomActionGroup2
[LOG 20:27:29.600] Config(CustomActionGroup3) Squad/Controls/Dvorak/CustomActionGroup3
[LOG 20:27:29.600] Config(CustomActionGroup4) Squad/Controls/Dvorak/CustomActionGroup4
[LOG 20:27:29.600] Config(CustomActionGroup5) Squad/Controls/Dvorak/CustomActionGroup5
[LOG 20:27:29.600] Config(CustomActionGroup6) Squad/Controls/Dvorak/CustomActionGroup6
[LOG 20:27:29.600] Config(CustomActionGroup7) Squad/Controls/Dvorak/CustomActionGroup7
[LOG 20:27:29.600] Config(CustomActionGroup8) Squad/Controls/Dvorak/CustomActionGroup8
[LOG 20:27:29.600] Config(CustomActionGroup9) Squad/Controls/Dvorak/CustomActionGroup9
[LOG 20:27:29.600] Config(CustomActionGroup10) Squad/Controls/Dvorak/CustomActionGroup10
[LOG 20:27:29.600] Config(KEY_MAP) Squad/Controls/Dvorak/KEY_MAP
[LOG 20:27:29.600] Config(KEYBOARD_LAYOUT) Squad/Controls/Qwerty/#autoLOC_6001227
[LOG 20:27:29.600] Config(PITCH_DOWN) Squad/Controls/Qwerty/PITCH_DOWN
[LOG 20:27:29.600] Config(PITCH_UP) Squad/Controls/Qwerty/PITCH_UP
[LOG 20:27:29.601] Config(YAW_LEFT) Squad/Controls/Qwerty/YAW_LEFT
[LOG 20:27:29.601] Config(YAW_RIGHT) Squad/Controls/Qwerty/YAW_RIGHT
[LOG 20:27:29.601] Config(ROLL_LEFT) Squad/Controls/Qwerty/ROLL_LEFT
[LOG 20:27:29.601] Config(ROLL_RIGHT) Squad/Controls/Qwerty/ROLL_RIGHT
[LOG 20:27:29.601] Config(THROTTLE_UP) Squad/Controls/Qwerty/THROTTLE_UP
[LOG 20:27:29.601] Config(THROTTLE_DOWN) Squad/Controls/Qwerty/THROTTLE_DOWN
[LOG 20:27:29.601] Config(SAS_HOLD) Squad/Controls/Qwerty/SAS_HOLD
[LOG 20:27:29.601] Config(SAS_TOGGLE) Squad/Controls/Qwerty/SAS_TOGGLE
[LOG 20:27:29.601] Config(LAUNCH_STAGES) Squad/Controls/Qwerty/LAUNCH_STAGES
[LOG 20:27:29.601] Config(Docking_toggleRotLin) Squad/Controls/Qwerty/Docking_toggleRotLin
[LOG 20:27:29.601] Config(CAMERA_MODE) Squad/Controls/Qwerty/CAMERA_MODE
[LOG 20:27:29.601] Config(CAMERA_NEXT) Squad/Controls/Qwerty/CAMERA_NEXT
[LOG 20:27:29.601] Config(PAUSE) Squad/Controls/Qwerty/PAUSE
[LOG 20:27:29.601] Config(PRECISION_CTRL) Squad/Controls/Qwerty/PRECISION_CTRL
[LOG 20:27:29.601] Config(ZOOM_IN) Squad/Controls/Qwerty/ZOOM_IN
[LOG 20:27:29.601] Config(ZOOM_OUT) Squad/Controls/Qwerty/ZOOM_OUT
[LOG 20:27:29.601] Config(SCROLL_VIEW_UP) Squad/Controls/Qwerty/SCROLL_VIEW_UP
[LOG 20:27:29.601] Config(SCROLL_VIEW_DOWN) Squad/Controls/Qwerty/SCROLL_VIEW_DOWN
[LOG 20:27:29.601] Config(SCROLL_ICONS_UP) Squad/Controls/Qwerty/SCROLL_ICONS_UP
[LOG 20:27:29.601] Config(SCROLL_ICONS_DOWN) Squad/Controls/Qwerty/SCROLL_ICONS_DOWN
[LOG 20:27:29.601] Config(CAMERA_ORBIT_UP) Squad/Controls/Qwerty/CAMERA_ORBIT_UP
[LOG 20:27:29.601] Config(CAMERA_ORBIT_DOWN) Squad/Controls/Qwerty/CAMERA_ORBIT_DOWN
[LOG 20:27:29.601] Config(CAMERA_ORBIT_LEFT) Squad/Controls/Qwerty/CAMERA_ORBIT_LEFT
[LOG 20:27:29.601] Config(CAMERA_ORBIT_RIGHT) Squad/Controls/Qwerty/CAMERA_ORBIT_RIGHT
[LOG 20:27:29.601] Config(CAMERA_RESET) Squad/Controls/Qwerty/CAMERA_RESET
[LOG 20:27:29.601] Config(CAMERA_MOUSE_TOGGLE) Squad/Controls/Qwerty/CAMERA_MOUSE_TOGGLE
[LOG 20:27:29.601] Config(TIME_WARP_INCREASE) Squad/Controls/Qwerty/TIME_WARP_INCREASE
[LOG 20:27:29.601] Config(TIME_WARP_DECREASE) Squad/Controls/Qwerty/TIME_WARP_DECREASE
[LOG 20:27:29.601] Config(TIME_WARP_STOP) Squad/Controls/Qwerty/TIME_WARP_STOP
[LOG 20:27:29.601] Config(MAP_VIEW_TOGGLE) Squad/Controls/Qwerty/MAP_VIEW_TOGGLE
[LOG 20:27:29.602] Config(NAVBALL_TOGGLE) Squad/Controls/Qwerty/NAVBALL_TOGGLE
[LOG 20:27:29.602] Config(UIMODE_STAGING) Squad/Controls/Qwerty/UIMODE_STAGING
[LOG 20:27:29.602] Config(UIMODE_DOCKING) Squad/Controls/Qwerty/UIMODE_DOCKING
[LOG 20:27:29.602] Config(TRANSLATE_DOWN) Squad/Controls/Qwerty/TRANSLATE_DOWN
[LOG 20:27:29.602] Config(TRANSLATE_UP) Squad/Controls/Qwerty/TRANSLATE_UP
[LOG 20:27:29.602] Config(TRANSLATE_LEFT) Squad/Controls/Qwerty/TRANSLATE_LEFT
[LOG 20:27:29.602] Config(TRANSLATE_RIGHT) Squad/Controls/Qwerty/TRANSLATE_RIGHT
[LOG 20:27:29.602] Config(TRANSLATE_FWD) Squad/Controls/Qwerty/TRANSLATE_FWD
[LOG 20:27:29.602] Config(TRANSLATE_BACK) Squad/Controls/Qwerty/TRANSLATE_BACK
[LOG 20:27:29.602] Config(RCS_TOGGLE) Squad/Controls/Qwerty/RCS_TOGGLE
[LOG 20:27:29.602] Config(FOCUS_NEXT_VESSEL) Squad/Controls/Qwerty/FOCUS_NEXT_VESSEL
[LOG 20:27:29.602] Config(FOCUS_PREV_VESSEL) Squad/Controls/Qwerty/FOCUS_PREV_VESSEL
[LOG 20:27:29.602] Config(TOGGLE_UI) Squad/Controls/Qwerty/TOGGLE_UI
[LOG 20:27:29.602] Config(TOGGLE_STATUS_SCREEN) Squad/Controls/Qwerty/TOGGLE_STATUS_SCREEN
[LOG 20:27:29.602] Config(TAKE_SCREENSHOT) Squad/Controls/Qwerty/TAKE_SCREENSHOT
[LOG 20:27:29.602] Config(TOGGLE_LABELS) Squad/Controls/Qwerty/TOGGLE_LABELS
[LOG 20:27:29.602] Config(TOGGLE_TEMP_GAUGES) Squad/Controls/Qwerty/TOGGLE_TEMP_GAUGES
[LOG 20:27:29.602] Config(TOGGLE_TEMP_OVERLAY) Squad/Controls/Qwerty/TOGGLE_TEMP_OVERLAY
[LOG 20:27:29.602] Config(TOGGLE_FLIGHT_FORCES) Squad/Controls/Qwerty/TOGGLE_FLIGHT_FORCES
[LOG 20:27:29.602] Config(QUICKSAVE) Squad/Controls/Qwerty/QUICKSAVE
[LOG 20:27:29.602] Config(QUICKLOAD) Squad/Controls/Qwerty/QUICKLOAD
[LOG 20:27:29.602] Config(THROTTLE_CUTOFF) Squad/Controls/Qwerty/THROTTLE_CUTOFF
[LOG 20:27:29.602] Config(THROTTLE_FULL) Squad/Controls/Qwerty/THROTTLE_FULL
[LOG 20:27:29.602] Config(LANDING_GEAR) Squad/Controls/Qwerty/LANDING_GEAR
[LOG 20:27:29.602] Config(HEADLIGHT_TOGGLE) Squad/Controls/Qwerty/HEADLIGHT_TOGGLE
[LOG 20:27:29.602] Config(BRAKES) Squad/Controls/Qwerty/BRAKES
[LOG 20:27:29.602] Config(TOGGLE_SPACENAV_FLIGHT_CONTROL) Squad/Controls/Qwerty/TOGGLE_SPACENAV_FLIGHT_CONTROL
[LOG 20:27:29.602] Config(TOGGLE_SPACENAV_ROLL_LOCK) Squad/Controls/Qwerty/TOGGLE_SPACENAV_ROLL_LOCK
[LOG 20:27:29.602] Config(WHEEL_STEER_LEFT) Squad/Controls/Qwerty/WHEEL_STEER_LEFT
[LOG 20:27:29.602] Config(WHEEL_STEER_RIGHT) Squad/Controls/Qwerty/WHEEL_STEER_RIGHT
[LOG 20:27:29.603] Config(WHEEL_THROTTLE_DOWN) Squad/Controls/Qwerty/WHEEL_THROTTLE_DOWN
[LOG 20:27:29.603] Config(WHEEL_THROTTLE_UP) Squad/Controls/Qwerty/WHEEL_THROTTLE_UP
[LOG 20:27:29.603] Config(EVA_forward) Squad/Controls/Qwerty/EVA_forward
[LOG 20:27:29.603] Config(EVA_back) Squad/Controls/Qwerty/EVA_back
[LOG 20:27:29.603] Config(EVA_left) Squad/Controls/Qwerty/EVA_left
[LOG 20:27:29.603] Config(EVA_right) Squad/Controls/Qwerty/EVA_right
[LOG 20:27:29.603] Config(EVA_yaw_left) Squad/Controls/Qwerty/EVA_yaw_left
[LOG 20:27:29.603] Config(EVA_yaw_right) Squad/Controls/Qwerty/EVA_yaw_right
[LOG 20:27:29.603] Config(EVA_Pack_forward) Squad/Controls/Qwerty/EVA_Pack_forward
[LOG 20:27:29.603] Config(EVA_Pack_back) Squad/Controls/Qwerty/EVA_Pack_back
[LOG 20:27:29.603] Config(EVA_Pack_left) Squad/Controls/Qwerty/EVA_Pack_left
[LOG 20:27:29.603] Config(EVA_Pack_right) Squad/Controls/Qwerty/EVA_Pack_right
[LOG 20:27:29.603] Config(EVA_Pack_up) Squad/Controls/Qwerty/EVA_Pack_up
[LOG 20:27:29.603] Config(EVA_Pack_down) Squad/Controls/Qwerty/EVA_Pack_down
[LOG 20:27:29.603] Config(EVA_Jump) Squad/Controls/Qwerty/EVA_Jump
[LOG 20:27:29.603] Config(EVA_Run) Squad/Controls/Qwerty/EVA_Run
[LOG 20:27:29.603] Config(EVA_ToggleMovementMode) Squad/Controls/Qwerty/EVA_ToggleMovementMode
[LOG 20:27:29.603] Config(EVA_TogglePack) Squad/Controls/Qwerty/EVA_TogglePack
[LOG 20:27:29.603] Config(EVA_Use) Squad/Controls/Qwerty/EVA_Use
[LOG 20:27:29.603] Config(EVA_Board) Squad/Controls/Qwerty/EVA_Board
[LOG 20:27:29.603] Config(EVA_Orient) Squad/Controls/Qwerty/EVA_Orient
[LOG 20:27:29.603] Config(EVA_Lights) Squad/Controls/Qwerty/EVA_Lights
[LOG 20:27:29.603] Config(EVA_ChuteDeploy) Squad/Controls/Qwerty/EVA_ChuteDeploy
[LOG 20:27:29.603] Config(Editor_pitchUp) Squad/Controls/Qwerty/Editor_pitchUp
[LOG 20:27:29.603] Config(Editor_pitchDown) Squad/Controls/Qwerty/Editor_pitchDown
[LOG 20:27:29.604] Config(Editor_yawLeft) Squad/Controls/Qwerty/Editor_yawLeft
[LOG 20:27:29.604] Config(Editor_yawRight) Squad/Controls/Qwerty/Editor_yawRight
[LOG 20:27:29.604] Config(Editor_rollLeft) Squad/Controls/Qwerty/Editor_rollLeft
[LOG 20:27:29.604] Config(Editor_rollRight) Squad/Controls/Qwerty/Editor_rollRight
[LOG 20:27:29.604] Config(Editor_resetRotation) Squad/Controls/Qwerty/Editor_resetRotation
[LOG 20:27:29.604] Config(Editor_modePlace) Squad/Controls/Qwerty/Editor_modePlace
[LOG 20:27:29.604] Config(Editor_modeOffset) Squad/Controls/Qwerty/Editor_modeOffset
[LOG 20:27:29.604] Config(Editor_modeRotate) Squad/Controls/Qwerty/Editor_modeRotate
[LOG 20:27:29.604] Config(Editor_modeRoot) Squad/Controls/Qwerty/Editor_modeRoot
[LOG 20:27:29.604] Config(Editor_coordSystem) Squad/Controls/Qwerty/Editor_coordSystem
[LOG 20:27:29.604] Config(Editor_toggleSymMethod) Squad/Controls/Qwerty/Editor_toggleSymMethod
[LOG 20:27:29.604] Config(Editor_toggleSymMode) Squad/Controls/Qwerty/Editor_toggleSymMode
[LOG 20:27:29.604] Config(Editor_toggleAngleSnap) Squad/Controls/Qwerty/Editor_toggleAngleSnap
[LOG 20:27:29.604] Config(Editor_fineTweak) Squad/Controls/Qwerty/Editor_fineTweak
[LOG 20:27:29.604] Config(Editor_partSearch) Squad/Controls/Qwerty/Editor_partSearch
[LOG 20:27:29.604] Config(Editor_zoomScrollModifier) Squad/Controls/Qwerty/Editor_zoomScrollModifier
[LOG 20:27:29.604] Config(MODIFIER_KEY) Squad/Controls/Qwerty/MODIFIER_KEY
[LOG 20:27:29.604] Config(AbortActionGroup) Squad/Controls/Qwerty/AbortActionGroup
[LOG 20:27:29.604] Config(CustomActionGroup1) Squad/Controls/Qwerty/CustomActionGroup1
[LOG 20:27:29.604] Config(CustomActionGroup2) Squad/Controls/Qwerty/CustomActionGroup2
[LOG 20:27:29.604] Config(CustomActionGroup3) Squad/Controls/Qwerty/CustomActionGroup3
[LOG 20:27:29.604] Config(CustomActionGroup4) Squad/Controls/Qwerty/CustomActionGroup4
[LOG 20:27:29.604] Config(CustomActionGroup5) Squad/Controls/Qwerty/CustomActionGroup5
[LOG 20:27:29.604] Config(CustomActionGroup6) Squad/Controls/Qwerty/CustomActionGroup6
[LOG 20:27:29.604] Config(CustomActionGroup7) Squad/Controls/Qwerty/CustomActionGroup7
[LOG 20:27:29.604] Config(CustomActionGroup8) Squad/Controls/Qwerty/CustomActionGroup8
[LOG 20:27:29.604] Config(CustomActionGroup9) Squad/Controls/Qwerty/CustomActionGroup9
[LOG 20:27:29.604] Config(CustomActionGroup10) Squad/Controls/Qwerty/CustomActionGroup10
[LOG 20:27:29.605] Config(KEY_MAP) Squad/Controls/Qwerty/KEY_MAP
[LOG 20:27:29.605] Config(KEYBOARD_LAYOUT) Squad/Controls/Qwerty_en-GB/#autoLOC_6001228
[LOG 20:27:29.605] Config(KEY_MAP) Squad/Controls/Qwerty_en-GB/KEY_MAP
[LOG 20:27:29.605] Config(KEYBOARD_LAYOUT) Squad/Controls/Qwerty_es-LA/#autoLOC_6001229
[LOG 20:27:29.605] Config(CAMERA_MOUSE_TOGGLE) Squad/Controls/Qwerty_es-LA/CAMERA_MOUSE_TOGGLE
[LOG 20:27:29.605] Config(TIME_WARP_STOP) Squad/Controls/Qwerty_es-LA/TIME_WARP_STOP
[LOG 20:27:29.605] Config(FOCUS_NEXT_VESSEL) Squad/Controls/Qwerty_es-LA/FOCUS_NEXT_VESSEL
[LOG 20:27:29.605] Config(FOCUS_PREV_VESSEL) Squad/Controls/Qwerty_es-LA/FOCUS_PREV_VESSEL
[LOG 20:27:29.605] Config(CAMERA_RESET) Squad/Controls/Qwerty_es-LA/CAMERA_RESET
[LOG 20:27:29.605] Config(Editor_partSearch) Squad/Controls/Qwerty_es-LA/Editor_partSearch
[LOG 20:27:29.605] Config(KEY_MAP) Squad/Controls/Qwerty_es-LA/KEY_MAP
[LOG 20:27:29.605] Config(KEYBOARD_LAYOUT) Squad/Controls/Qwerty_it-IT/#autoLOC_6001230
[LOG 20:27:29.605] Config(FOCUS_NEXT_VESSEL) Squad/Controls/Qwerty_it-IT/FOCUS_NEXT_VESSEL
[LOG 20:27:29.605] Config(FOCUS_PREV_VESSEL) Squad/Controls/Qwerty_it-IT/FOCUS_PREV_VESSEL
[LOG 20:27:29.605] Config(CAMERA_MOUSE_TOGGLE) Squad/Controls/Qwerty_it-IT/CAMERA_MOUSE_TOGGLE
[LOG 20:27:29.605] Config(TIME_WARP_STOP) Squad/Controls/Qwerty_it-IT/TIME_WARP_STOP
[LOG 20:27:29.605] Config(CAMERA_RESET) Squad/Controls/Qwerty_it-IT/CAMERA_RESET
[LOG 20:27:29.605] Config(Editor_partSearch) Squad/Controls/Qwerty_it-IT/Editor_partSearch
[LOG 20:27:29.605] Config(KEY_MAP) Squad/Controls/Qwerty_it-IT/KEY_MAP
[LOG 20:27:29.605] Config(KEYBOARD_LAYOUT) Squad/Controls/Qwerty_ja-JP/#autoLOC_6001231
[LOG 20:27:29.605] Config(FOCUS_NEXT_VESSEL) Squad/Controls/Qwerty_ja-JP/FOCUS_NEXT_VESSEL
[LOG 20:27:29.605] Config(FOCUS_PREV_VESSEL) Squad/Controls/Qwerty_ja-JP/FOCUS_PREV_VESSEL
[LOG 20:27:29.605] Config(PRECISION_CTRL) Squad/Controls/Qwerty_ja-JP/PRECISION_CTRL
[LOG 20:27:29.605] Config(CAMERA_MOUSE_TOGGLE) Squad/Controls/Qwerty_ja-JP/CAMERA_MOUSE_TOGGLE
[LOG 20:27:29.605] Config(Editor_partSearch) Squad/Controls/Qwerty_ja-JP/Editor_partSearch
[LOG 20:27:29.605] Config(CAMERA_RESET) Squad/Controls/Qwerty_ja-JP/CAMERA_RESET
[LOG 20:27:29.605] Config(KEY_MAP) Squad/Controls/Qwerty_ja-JP/KEY_MAP
[LOG 20:27:29.605] Config(KEYBOARD_LAYOUT) Squad/Controls/Qwerty_pt-PT/#autoLOC_6001230
[LOG 20:27:29.605] Config(FOCUS_NEXT_VESSEL) Squad/Controls/Qwerty_pt-PT/FOCUS_NEXT_VESSEL
[LOG 20:27:29.605] Config(FOCUS_PREV_VESSEL) Squad/Controls/Qwerty_pt-PT/FOCUS_PREV_VESSEL
[LOG 20:27:29.606] Config(CAMERA_MOUSE_TOGGLE) Squad/Controls/Qwerty_pt-PT/CAMERA_MOUSE_TOGGLE
[LOG 20:27:29.606] Config(TIME_WARP_STOP) Squad/Controls/Qwerty_pt-PT/TIME_WARP_STOP
[LOG 20:27:29.606] Config(CAMERA_RESET) Squad/Controls/Qwerty_pt-PT/CAMERA_RESET
[LOG 20:27:29.606] Config(Editor_partSearch) Squad/Controls/Qwerty_pt-PT/Editor_partSearch
[LOG 20:27:29.606] Config(KEY_MAP) Squad/Controls/Qwerty_pt-PT/KEY_MAP
[LOG 20:27:29.606] Config(KEYBOARD_LAYOUT) Squad/Controls/Qwertz/#autoLOC_6001232
[LOG 20:27:29.606] Config(PITCH_DOWN) Squad/Controls/Qwertz/PITCH_DOWN
[LOG 20:27:29.606] Config(PITCH_UP) Squad/Controls/Qwertz/PITCH_UP
[LOG 20:27:29.606] Config(YAW_LEFT) Squad/Controls/Qwertz/YAW_LEFT
[LOG 20:27:29.606] Config(YAW_RIGHT) Squad/Controls/Qwertz/YAW_RIGHT
[LOG 20:27:29.606] Config(ROLL_LEFT) Squad/Controls/Qwertz/ROLL_LEFT
[LOG 20:27:29.606] Config(ROLL_RIGHT) Squad/Controls/Qwertz/ROLL_RIGHT
[LOG 20:27:29.606] Config(THROTTLE_UP) Squad/Controls/Qwertz/THROTTLE_UP
[LOG 20:27:29.606] Config(THROTTLE_DOWN) Squad/Controls/Qwertz/THROTTLE_DOWN
[LOG 20:27:29.606] Config(SAS_HOLD) Squad/Controls/Qwertz/SAS_HOLD
[LOG 20:27:29.606] Config(SAS_TOGGLE) Squad/Controls/Qwertz/SAS_TOGGLE
[LOG 20:27:29.606] Config(LAUNCH_STAGES) Squad/Controls/Qwertz/LAUNCH_STAGES
[LOG 20:27:29.606] Config(Docking_toggleRotLin) Squad/Controls/Qwertz/Docking_toggleRotLin
[LOG 20:27:29.606] Config(CAMERA_MODE) Squad/Controls/Qwertz/CAMERA_MODE
[LOG 20:27:29.606] Config(CAMERA_NEXT) Squad/Controls/Qwertz/CAMERA_NEXT
[LOG 20:27:29.607] Config(PAUSE) Squad/Controls/Qwertz/PAUSE
[LOG 20:27:29.607] Config(PRECISION_CTRL) Squad/Controls/Qwertz/PRECISION_CTRL
[LOG 20:27:29.607] Config(ZOOM_IN) Squad/Controls/Qwertz/ZOOM_IN
[LOG 20:27:29.607] Config(ZOOM_OUT) Squad/Controls/Qwertz/ZOOM_OUT
[LOG 20:27:29.607] Config(SCROLL_VIEW_UP) Squad/Controls/Qwertz/SCROLL_VIEW_UP
[LOG 20:27:29.607] Config(SCROLL_VIEW_DOWN) Squad/Controls/Qwertz/SCROLL_VIEW_DOWN
[LOG 20:27:29.607] Config(SCROLL_ICONS_UP) Squad/Controls/Qwertz/SCROLL_ICONS_UP
[LOG 20:27:29.607] Config(SCROLL_ICONS_DOWN) Squad/Controls/Qwertz/SCROLL_ICONS_DOWN
[LOG 20:27:29.607] Config(CAMERA_ORBIT_UP) Squad/Controls/Qwertz/CAMERA_ORBIT_UP
[LOG 20:27:29.607] Config(CAMERA_ORBIT_DOWN) Squad/Controls/Qwertz/CAMERA_ORBIT_DOWN
[LOG 20:27:29.607] Config(CAMERA_ORBIT_LEFT) Squad/Controls/Qwertz/CAMERA_ORBIT_LEFT
[LOG 20:27:29.607] Config(CAMERA_ORBIT_RIGHT) Squad/Controls/Qwertz/CAMERA_ORBIT_RIGHT
[LOG 20:27:29.607] Config(CAMERA_RESET) Squad/Controls/Qwertz/CAMERA_RESET
[LOG 20:27:29.607] Config(CAMERA_MOUSE_TOGGLE) Squad/Controls/Qwertz/CAMERA_MOUSE_TOGGLE
[LOG 20:27:29.607] Config(TIME_WARP_INCREASE) Squad/Controls/Qwertz/TIME_WARP_INCREASE
[LOG 20:27:29.607] Config(TIME_WARP_DECREASE) Squad/Controls/Qwertz/TIME_WARP_DECREASE
[LOG 20:27:29.607] Config(TIME_WARP_STOP) Squad/Controls/Qwertz/TIME_WARP_STOP
[LOG 20:27:29.607] Config(MAP_VIEW_TOGGLE) Squad/Controls/Qwertz/MAP_VIEW_TOGGLE
[LOG 20:27:29.607] Config(NAVBALL_TOGGLE) Squad/Controls/Qwertz/NAVBALL_TOGGLE
[LOG 20:27:29.607] Config(UIMODE_STAGING) Squad/Controls/Qwertz/UIMODE_STAGING
[LOG 20:27:29.607] Config(UIMODE_DOCKING) Squad/Controls/Qwertz/UIMODE_DOCKING
[LOG 20:27:29.607] Config(TRANSLATE_DOWN) Squad/Controls/Qwertz/TRANSLATE_DOWN
[LOG 20:27:29.607] Config(TRANSLATE_UP) Squad/Controls/Qwertz/TRANSLATE_UP
[LOG 20:27:29.607] Config(TRANSLATE_LEFT) Squad/Controls/Qwertz/TRANSLATE_LEFT
[LOG 20:27:29.607] Config(TRANSLATE_RIGHT) Squad/Controls/Qwertz/TRANSLATE_RIGHT
[LOG 20:27:29.607] Config(TRANSLATE_FWD) Squad/Controls/Qwertz/TRANSLATE_FWD
[LOG 20:27:29.607] Config(TRANSLATE_BACK) Squad/Controls/Qwertz/TRANSLATE_BACK
[LOG 20:27:29.608] Config(RCS_TOGGLE) Squad/Controls/Qwertz/RCS_TOGGLE
[LOG 20:27:29.608] Config(FOCUS_NEXT_VESSEL) Squad/Controls/Qwertz/FOCUS_NEXT_VESSEL
[LOG 20:27:29.608] Config(FOCUS_PREV_VESSEL) Squad/Controls/Qwertz/FOCUS_PREV_VESSEL
[LOG 20:27:29.608] Config(TOGGLE_UI) Squad/Controls/Qwertz/TOGGLE_UI
[LOG 20:27:29.608] Config(TOGGLE_STATUS_SCREEN) Squad/Controls/Qwertz/TOGGLE_STATUS_SCREEN
[LOG 20:27:29.608] Config(TAKE_SCREENSHOT) Squad/Controls/Qwertz/TAKE_SCREENSHOT
[LOG 20:27:29.608] Config(TOGGLE_LABELS) Squad/Controls/Qwertz/TOGGLE_LABELS
[LOG 20:27:29.608] Config(TOGGLE_TEMP_GAUGES) Squad/Controls/Qwertz/TOGGLE_TEMP_GAUGES
[LOG 20:27:29.608] Config(TOGGLE_TEMP_OVERLAY) Squad/Controls/Qwertz/TOGGLE_TEMP_OVERLAY
[LOG 20:27:29.608] Config(TOGGLE_FLIGHT_FORCES) Squad/Controls/Qwertz/TOGGLE_FLIGHT_FORCES
[LOG 20:27:29.608] Config(QUICKSAVE) Squad/Controls/Qwertz/QUICKSAVE
[LOG 20:27:29.608] Config(QUICKLOAD) Squad/Controls/Qwertz/QUICKLOAD
[LOG 20:27:29.608] Config(THROTTLE_CUTOFF) Squad/Controls/Qwertz/THROTTLE_CUTOFF
[LOG 20:27:29.608] Config(THROTTLE_FULL) Squad/Controls/Qwertz/THROTTLE_FULL
[LOG 20:27:29.608] Config(LANDING_GEAR) Squad/Controls/Qwertz/LANDING_GEAR
[LOG 20:27:29.608] Config(HEADLIGHT_TOGGLE) Squad/Controls/Qwertz/HEADLIGHT_TOGGLE
[LOG 20:27:29.608] Config(BRAKES) Squad/Controls/Qwertz/BRAKES
[LOG 20:27:29.608] Config(TOGGLE_SPACENAV_FLIGHT_CONTROL) Squad/Controls/Qwertz/TOGGLE_SPACENAV_FLIGHT_CONTROL
[LOG 20:27:29.608] Config(TOGGLE_SPACENAV_ROLL_LOCK) Squad/Controls/Qwertz/TOGGLE_SPACENAV_ROLL_LOCK
[LOG 20:27:29.608] Config(WHEEL_STEER_LEFT) Squad/Controls/Qwertz/WHEEL_STEER_LEFT
[LOG 20:27:29.608] Config(WHEEL_STEER_RIGHT) Squad/Controls/Qwertz/WHEEL_STEER_RIGHT
[LOG 20:27:29.608] Config(WHEEL_THROTTLE_DOWN) Squad/Controls/Qwertz/WHEEL_THROTTLE_DOWN
[LOG 20:27:29.608] Config(WHEEL_THROTTLE_UP) Squad/Controls/Qwertz/WHEEL_THROTTLE_UP
[LOG 20:27:29.608] Config(EVA_forward) Squad/Controls/Qwertz/EVA_forward
[LOG 20:27:29.608] Config(EVA_back) Squad/Controls/Qwertz/EVA_back
[LOG 20:27:29.608] Config(EVA_left) Squad/Controls/Qwertz/EVA_left
[LOG 20:27:29.608] Config(EVA_right) Squad/Controls/Qwertz/EVA_right
[LOG 20:27:29.608] Config(EVA_yaw_left) Squad/Controls/Qwertz/EVA_yaw_left
[LOG 20:27:29.608] Config(EVA_yaw_right) Squad/Controls/Qwertz/EVA_yaw_right
[LOG 20:27:29.608] Config(EVA_Pack_forward) Squad/Controls/Qwertz/EVA_Pack_forward
[LOG 20:27:29.609] Config(EVA_Pack_back) Squad/Controls/Qwertz/EVA_Pack_back
[LOG 20:27:29.609] Config(EVA_Pack_left) Squad/Controls/Qwertz/EVA_Pack_left
[LOG 20:27:29.609] Config(EVA_Pack_right) Squad/Controls/Qwertz/EVA_Pack_right
[LOG 20:27:29.609] Config(EVA_Pack_up) Squad/Controls/Qwertz/EVA_Pack_up
[LOG 20:27:29.609] Config(EVA_Pack_down) Squad/Controls/Qwertz/EVA_Pack_down
[LOG 20:27:29.609] Config(EVA_Jump) Squad/Controls/Qwertz/EVA_Jump
[LOG 20:27:29.609] Config(EVA_Run) Squad/Controls/Qwertz/EVA_Run
[LOG 20:27:29.609] Config(EVA_ToggleMovementMode) Squad/Controls/Qwertz/EVA_ToggleMovementMode
[LOG 20:27:29.609] Config(EVA_TogglePack) Squad/Controls/Qwertz/EVA_TogglePack
[LOG 20:27:29.609] Config(EVA_Use) Squad/Controls/Qwertz/EVA_Use
[LOG 20:27:29.609] Config(EVA_Board) Squad/Controls/Qwertz/EVA_Board
[LOG 20:27:29.609] Config(EVA_Orient) Squad/Controls/Qwertz/EVA_Orient
[LOG 20:27:29.609] Config(EVA_Lights) Squad/Controls/Qwertz/EVA_Lights
[LOG 20:27:29.609] Config(Editor_pitchUp) Squad/Controls/Qwertz/Editor_pitchUp
[LOG 20:27:29.609] Config(Editor_pitchDown) Squad/Controls/Qwertz/Editor_pitchDown
[LOG 20:27:29.609] Config(Editor_yawLeft) Squad/Controls/Qwertz/Editor_yawLeft
[LOG 20:27:29.609] Config(Editor_yawRight) Squad/Controls/Qwertz/Editor_yawRight
[LOG 20:27:29.609] Config(Editor_rollLeft) Squad/Controls/Qwertz/Editor_rollLeft
[LOG 20:27:29.609] Config(Editor_rollRight) Squad/Controls/Qwertz/Editor_rollRight
[LOG 20:27:29.609] Config(Editor_resetRotation) Squad/Controls/Qwertz/Editor_resetRotation
[LOG 20:27:29.609] Config(Editor_modePlace) Squad/Controls/Qwertz/Editor_modePlace
[LOG 20:27:29.609] Config(Editor_modeOffset) Squad/Controls/Qwertz/Editor_modeOffset
[LOG 20:27:29.609] Config(Editor_modeRotate) Squad/Controls/Qwertz/Editor_modeRotate
[LOG 20:27:29.609] Config(Editor_modeRoot) Squad/Controls/Qwertz/Editor_modeRoot
[LOG 20:27:29.609] Config(Editor_coordSystem) Squad/Controls/Qwertz/Editor_coordSystem
[LOG 20:27:29.609] Config(Editor_toggleSymMethod) Squad/Controls/Qwertz/Editor_toggleSymMethod
[LOG 20:27:29.609] Config(Editor_toggleSymMode) Squad/Controls/Qwertz/Editor_toggleSymMode
[LOG 20:27:29.609] Config(Editor_toggleAngleSnap) Squad/Controls/Qwertz/Editor_toggleAngleSnap
[LOG 20:27:29.609] Config(Editor_fineTweak) Squad/Controls/Qwertz/Editor_fineTweak
[LOG 20:27:29.610] Config(Editor_partSearch) Squad/Controls/Qwertz/Editor_partSearch
[LOG 20:27:29.610] Config(Editor_zoomScrollModifier) Squad/Controls/Qwertz/Editor_zoomScrollModifier
[LOG 20:27:29.610] Config(MODIFIER_KEY) Squad/Controls/Qwertz/MODIFIER_KEY
[LOG 20:27:29.610] Config(AbortActionGroup) Squad/Controls/Qwertz/AbortActionGroup
[LOG 20:27:29.610] Config(CustomActionGroup1) Squad/Controls/Qwertz/CustomActionGroup1
[LOG 20:27:29.610] Config(CustomActionGroup2) Squad/Controls/Qwertz/CustomActionGroup2
[LOG 20:27:29.610] Config(CustomActionGroup3) Squad/Controls/Qwertz/CustomActionGroup3
[LOG 20:27:29.610] Config(CustomActionGroup4) Squad/Controls/Qwertz/CustomActionGroup4
[LOG 20:27:29.610] Config(CustomActionGroup5) Squad/Controls/Qwertz/CustomActionGroup5
[LOG 20:27:29.610] Config(CustomActionGroup6) Squad/Controls/Qwertz/CustomActionGroup6
[LOG 20:27:29.610] Config(CustomActionGroup7) Squad/Controls/Qwertz/CustomActionGroup7
[LOG 20:27:29.610] Config(CustomActionGroup8) Squad/Controls/Qwertz/CustomActionGroup8
[LOG 20:27:29.610] Config(CustomActionGroup9) Squad/Controls/Qwertz/CustomActionGroup9
[LOG 20:27:29.610] Config(CustomActionGroup10) Squad/Controls/Qwertz/CustomActionGroup10
[LOG 20:27:29.610] Config(KEY_MAP) Squad/Controls/Qwertz/KEY_MAP
[LOG 20:27:29.610] Config(EXPERIENCE_TRAIT) Squad/Experience/Traits/Pilot
[LOG 20:27:29.610] Config(EXPERIENCE_TRAIT) Squad/Experience/Traits/Engineer
[LOG 20:27:29.610] Config(EXPERIENCE_TRAIT) Squad/Experience/Traits/Scientist
[LOG 20:27:29.610] Config(EXPERIENCE_TRAIT) Squad/Experience/Traits/Tourist
[LOG 20:27:29.610] Config(Localization) Squad/Localization/dictionary/Localization
[LOG 20:27:29.610] Config(MISSIONPACK) Squad/Missions/MissionPacks/squad_ESA
[LOG 20:27:29.610] Config(VARIANTTHEME) Squad/Parts/VariantThemes/White
[LOG 20:27:29.611] Config(VARIANTTHEME) Squad/Parts/VariantThemes/BlackAndWhite
[LOG 20:27:29.611] Config(VARIANTTHEME) Squad/Parts/VariantThemes/GrayAndOrange
[LOG 20:27:29.611] Config(VARIANTTHEME) Squad/Parts/VariantThemes/Dark
[LOG 20:27:29.611] Config(VARIANTTHEME) Squad/Parts/VariantThemes/Gray
[LOG 20:27:29.611] Config(VARIANTTHEME) Squad/Parts/VariantThemes/Orange
[LOG 20:27:29.611] Config(VARIANTTHEME) Squad/Parts/VariantThemes/Gold
[LOG 20:27:29.611] Config(VARIANTTHEME) Squad/Parts/VariantThemes/Bare
[LOG 20:27:29.611] Config(VARIANTTHEME) Squad/Parts/VariantThemes/Shroud
[LOG 20:27:29.611] Config(VARIANTTHEME) Squad/Parts/VariantThemes/GrayAndWhite
[LOG 20:27:29.611] Config(VARIANTTHEME) Squad/Parts/VariantThemes/YellowAndWhite
[LOG 20:27:29.611] Config(VARIANTTHEME) Squad/Parts/VariantThemes/Silver
[LOG 20:27:29.611] Config(VARIANTTHEME) Squad/Parts/VariantThemes/Gray with Stripes
[LOG 20:27:29.611] Config(PART) Squad/Parts/Aero/aerodynamicNoseCone/aerodynamicNoseCone/noseCone
[LOG 20:27:29.611] Config(PART) Squad/Parts/Aero/airbrake/Airbrake/airbrake1
[LOG 20:27:29.611] Config(PART) Squad/Parts/Aero/airIntakeRadialXM-G50/airIntakeRadialXM-G50/airScoop
[LOG 20:27:29.611] Config(PART) Squad/Parts/Aero/airlinerWings/ControlSurface/airlinerCtrlSrf
[LOG 20:27:29.611] Config(PART) Squad/Parts/Aero/airlinerWings/MainWing/airlinerMainWing
[LOG 20:27:29.611] Config(PART) Squad/Parts/Aero/airlinerWings/TailFin/airlinerTailFin
[LOG 20:27:29.611] Config(PART) Squad/Parts/Aero/airplaneFins/advancedCanard/AdvancedCanard
[LOG 20:27:29.611] Config(PART) Squad/Parts/Aero/airplaneFins/standardCanard/CanardController
[LOG 20:27:29.611] Config(PART) Squad/Parts/Aero/airplaneFins/sweptWing/sweptWing
[LOG 20:27:29.611] Config(PART) Squad/Parts/Aero/airplaneFins/tailfin/tailfin
[LOG 20:27:29.611] Config(PART) Squad/Parts/Aero/basicFin/basicFin/basicFin
[LOG 20:27:29.611] Config(PART) Squad/Parts/Aero/circularIntake/circularIntake/CircularIntake
[LOG 20:27:29.611] Config(PART) Squad/Parts/Aero/circularIntake/intakeShockCone/shockConeIntake
[LOG 20:27:29.611] Config(PART) Squad/Parts/Aero/cones/avionicsNoseCone/avionicsNoseCone
[LOG 20:27:29.611] Config(PART) Squad/Parts/Aero/cones/ConeA/pointyNoseConeA
[LOG 20:27:29.612] Config(PART) Squad/Parts/Aero/cones/ConeB/pointyNoseConeB
[LOG 20:27:29.612] Config(PART) Squad/Parts/Aero/cones/noseConeAdapter/noseConeAdapter
[LOG 20:27:29.612] Config(PART) Squad/Parts/Aero/cones/protectiveRocketNoseMk7_v2/rocketNoseCone_v2
[LOG 20:27:29.612] Config(PART) Squad/Parts/Aero/cones/protectiveRocketNoseMk7_v3/rocketNoseCone_v3
[LOG 20:27:29.612] Config(PART) Squad/Parts/Aero/cones/rocketNoseCone_size3/rocketNoseConeSize3
[LOG 20:27:29.612] Config(PART) Squad/Parts/Aero/cones/smallNoseCone/standardNoseCone
[LOG 20:27:29.612] Config(PART) Squad/Parts/Aero/cones/tailConnectorA/airplaneTail
[LOG 20:27:29.612] Config(PART) Squad/Parts/Aero/cones/tailConnectorB/airplaneTailB
[LOG 20:27:29.612] Config(PART) Squad/Parts/Aero/fairings/fairingSize1/fairingSize1
[LOG 20:27:29.612] Config(PART) Squad/Parts/Aero/fairings/fairingSize2/fairingSize2
[LOG 20:27:29.612] Config(PART) Squad/Parts/Aero/fairings/fairingSize3/fairingSize3
[LOG 20:27:29.612] Config(PART) Squad/Parts/Aero/HeatShield/HeatShield0/HeatShield0
[LOG 20:27:29.612] Config(PART) Squad/Parts/Aero/HeatShield/HeatShield1/HeatShield1
[LOG 20:27:29.612] Config(PART) Squad/Parts/Aero/HeatShield/HeatShield2/HeatShield2
[LOG 20:27:29.612] Config(PART) Squad/Parts/Aero/HeatShield/HeatShield3/HeatShield3
[LOG 20:27:29.612] Config(PART) Squad/Parts/Aero/InflatableHeatShield/HeatShield/InflatableHeatShield
[LOG 20:27:29.612] Config(PART) Squad/Parts/Aero/intakeRadialLong/intakeRadialLong/IntakeRadialLong
[LOG 20:27:29.612] Config(PART) Squad/Parts/Aero/miniIntake/SmallIntake/miniIntake
[LOG 20:27:29.612] Config(PART) Squad/Parts/Aero/ramAirIntake/ramAirIntake/ramAirIntake
[LOG 20:27:29.612] Config(PART) Squad/Parts/Aero/shuttleWings/delta/wingShuttleDelta
[LOG 20:27:29.612] Config(PART) Squad/Parts/Aero/shuttleWings/elevon1/wingShuttleElevon1
[LOG 20:27:29.612] Config(PART) Squad/Parts/Aero/shuttleWings/elevon2/wingShuttleElevon2
[LOG 20:27:29.612] Config(PART) Squad/Parts/Aero/shuttleWings/rudder/wingShuttleRudder
[LOG 20:27:29.612] Config(PART) Squad/Parts/Aero/shuttleWings/strake/wingShuttleStrake
[LOG 20:27:29.612] Config(PART) Squad/Parts/Aero/wingletAV-R8/wingletAV-R8/R8winglet
[LOG 20:27:29.613] Config(PART) Squad/Parts/Aero/wingletAV-T1/wingletAV-T1/winglet
[LOG 20:27:29.613] Config(PART) Squad/Parts/Aero/wingletDeltaDeluxe/wingletDeltaDeluxe/winglet3
[LOG 20:27:29.613] Config(PART) Squad/Parts/Aero/wings/connector1/wingConnector
[LOG 20:27:29.613] Config(PART) Squad/Parts/Aero/wings/connector2/wingConnector2
[LOG 20:27:29.613] Config(PART) Squad/Parts/Aero/wings/connector3/wingConnector3
[LOG 20:27:29.613] Config(PART) Squad/Parts/Aero/wings/connector4/wingConnector4
[LOG 20:27:29.613] Config(PART) Squad/Parts/Aero/wings/connector5/wingConnector5
[LOG 20:27:29.613] Config(PART) Squad/Parts/Aero/wings/delta/deltaWing
[LOG 20:27:29.613] Config(PART) Squad/Parts/Aero/wings/delta_small/delta_small
[LOG 20:27:29.613] Config(PART) Squad/Parts/Aero/wings/elevon1/StandardCtrlSrf
[LOG 20:27:29.613] Config(PART) Squad/Parts/Aero/wings/elevon2/elevon2
[LOG 20:27:29.613] Config(PART) Squad/Parts/Aero/wings/elevon3/elevon3
[LOG 20:27:29.613] Config(PART) Squad/Parts/Aero/wings/elevon4/smallCtrlSrf
[LOG 20:27:29.613] Config(PART) Squad/Parts/Aero/wings/elevon5/elevon5
[LOG 20:27:29.613] Config(PART) Squad/Parts/Aero/wings/strake/wingStrake
[LOG 20:27:29.613] Config(PART) Squad/Parts/Aero/wings/structural1/structuralWing
[LOG 20:27:29.613] Config(PART) Squad/Parts/Aero/wings/structural2/structuralWing2
[LOG 20:27:29.613] Config(PART) Squad/Parts/Aero/wings/structural3/structuralWing3
[LOG 20:27:29.613] Config(PART) Squad/Parts/Aero/wings/structural4/structuralWing4
[LOG 20:27:29.613] Config(PART) Squad/Parts/Aero/wings/swept1/sweptWing1
[LOG 20:27:29.613] Config(PART) Squad/Parts/Aero/wings/swept2/sweptWing2
[LOG 20:27:29.613] Config(PART) Squad/Parts/Cargo/CargoContainers/cargoContainer/cargoContainer
[LOG 20:27:29.613] Config(PART) Squad/Parts/Cargo/CargoContainers/smallCargoContainer/smallCargoContainer
[LOG 20:27:29.613] Config(PART) Squad/Parts/Cargo/Cylinder/Cylinder/evaCylinder
[LOG 20:27:29.613] Config(PART) Squad/Parts/Cargo/GroundAnchor/groundAnchor/groundAnchor
[LOG 20:27:29.614] Config(PART) Squad/Parts/Cargo/Jetpack/Jetpack/evaJetpack
[LOG 20:27:29.614] Config(PART) Squad/Parts/Cargo/Parachute/Parachute/evaChute
[LOG 20:27:29.614] Config(PART) Squad/Parts/Cargo/RepairKit/RepairKit/evaRepairKit
[LOG 20:27:29.614] Config(PART) Squad/Parts/Cargo/ScienceKit/evaScienceKit/evaScienceKit
[LOG 20:27:29.614] Config(PART) Squad/Parts/Cargo/StorageUnits/CargoStorageUnit/CargoStorageUnit
[LOG 20:27:29.614] Config(PART) Squad/Parts/Cargo/StorageUnits/ConformalStorageUnit/ConformalStorageUnit
[LOG 20:27:29.614] Config(PART) Squad/Parts/Command/advancedSasModuleLarge/advSasModuleLarge/asasmodule1-2
[LOG 20:27:29.614] Config(PART) Squad/Parts/Command/cupola/cupola/cupola
[LOG 20:27:29.614] Config(PART) Squad/Parts/Command/externalCommandSeat/externalCommandSeat/seatExternalCmd
[LOG 20:27:29.614] Config(PART) Squad/Parts/Command/hitchhikerStorageContainer/hitchikerStorageContainer/crewCabin
[LOG 20:27:29.614] Config(PART) Squad/Parts/Command/inlineAdvancedStabilizer/inlineAdvancedStabilizer/advSasModule
[LOG 20:27:29.614] Config(PART) Squad/Parts/Command/inlineReactionWheel/inlineReactionWheel/sasModule
[LOG 20:27:29.614] Config(PART) Squad/Parts/Command/Mk1-3Pod/mk1-3/mk1-3pod
[LOG 20:27:29.614] Config(PART) Squad/Parts/Command/mk1Cockpits/mk1Cockpit/Mark1Cockpit
[LOG 20:27:29.614] Config(PART) Squad/Parts/Command/mk1Cockpits/mk1CrewCabin/MK1CrewCabin
[LOG 20:27:29.614] Config(PART) Squad/Parts/Command/mk1Cockpits/mk1InlineCockpit/Mark2Cockpit
[LOG 20:27:29.614] Config(PART) Squad/Parts/Command/mk1LanderCan/mk1LanderCan/landerCabinSmall
[LOG 20:27:29.614] Config(PART) Squad/Parts/Command/mk1pod_v2/mk1Pod_v2/mk1pod_v2
[LOG 20:27:29.614] Config(PART) Squad/Parts/Command/mk2CockpitInline/mk2CockpitInline/mk2Cockpit_Inline
[LOG 20:27:29.614] Config(PART) Squad/Parts/Command/mk2CockpitStandard/mk2CockpitStandard/mk2Cockpit_Standard
[LOG 20:27:29.614] Config(PART) Squad/Parts/Command/mk2DroneCore/mk2Dronecore/mk2DroneCore
[LOG 20:27:29.614] Config(PART) Squad/Parts/Command/mk2LanderCan/mk2LanderCan/mk2LanderCabin
[LOG 20:27:29.614] Config(PART) Squad/Parts/Command/mk2LanderCan_v2/mk2LanderCan_v2/mk2LanderCabin_v2
[LOG 20:27:29.614] Config(PART) Squad/Parts/Command/mk3CockpitShuttle/mk3CockpitShuttle/mk3Cockpit_Shuttle
[LOG 20:27:29.614] Config(PART) Squad/Parts/Command/MpoProbe/MpoProbe/MpoProbe
[LOG 20:27:29.615] Config(PART) Squad/Parts/Command/MtmStage/MTM_Stage/MtmStage
[LOG 20:27:29.615] Config(PART) Squad/Parts/Command/probeCoreCube/probeCoreCube/probeCoreCube
[LOG 20:27:29.615] Config(PART) Squad/Parts/Command/probeCoreHex/probeCoreHex/probeCoreHex
[LOG 20:27:29.615] Config(PART) Squad/Parts/Command/probeCoreHex_v2/probeCoreHex_v2/probeCoreHex_v2
[LOG 20:27:29.615] Config(PART) Squad/Parts/Command/probeCoreOcto2_v2/probeCoreOcto2_v2/probeCoreOcto2_v2
[LOG 20:27:29.615] Config(PART) Squad/Parts/Command/probeCoreOcto_v2/probeCoreOcto_v2/probeCoreOcto_v2
[LOG 20:27:29.615] Config(PART) Squad/Parts/Command/probeRoverBody/probeRoverBody/roverBody
[LOG 20:27:29.615] Config(PART) Squad/Parts/Command/probeRoverBody_v2/probeRoverBody_v2/roverBody_v2
[LOG 20:27:29.615] Config(PART) Squad/Parts/Command/probeStackLarge/probeStackLarge/probeStackLarge
[LOG 20:27:29.615] Config(PART) Squad/Parts/Command/probeStackSmall/probeStackSmall/probeStackSmall
[LOG 20:27:29.615] Config(PART) Squad/Parts/Command/probeStackSphere_v2/probeStackSphere_v2/probeCoreSphere_v2
[LOG 20:27:29.615] Config(PART) Squad/Parts/CompoundParts/FuelLine/fuelLine/fuelLine
[LOG 20:27:29.615] Config(PART) Squad/Parts/CompoundParts/strutConnector/strutConnector/strutConnector
[LOG 20:27:29.615] Config(PART) Squad/Parts/Coupling/Decoupler_0/Decoupler_0
[LOG 20:27:29.615] Config(PART) Squad/Parts/Coupling/Decoupler_1/Decoupler_1
[LOG 20:27:29.615] Config(PART) Squad/Parts/Coupling/Decoupler_2/Decoupler_2
[LOG 20:27:29.615] Config(PART) Squad/Parts/Coupling/Decoupler_3/Decoupler_3
[LOG 20:27:29.615] Config(PART) Squad/Parts/Coupling/Separator_0/Separator_0
[LOG 20:27:29.615] Config(PART) Squad/Parts/Coupling/Separator_1/Separator_1
[LOG 20:27:29.615] Config(PART) Squad/Parts/Coupling/Separator_2/Separator_2
[LOG 20:27:29.615] Config(PART) Squad/Parts/Coupling/Separator_3/Separator_3
[LOG 20:27:29.615] Config(PART) Squad/Parts/Electrical/10CSolarPanels/OX-10C/solarPanelOX10C
[LOG 20:27:29.615] Config(PART) Squad/Parts/Electrical/10CSolarPanels/SP-10C/solarPanelSP10C
[LOG 20:27:29.615] Config(PART) Squad/Parts/Electrical/10LSolarPanels/OX-10L/solarPanelOX10L
[LOG 20:27:29.615] Config(PART) Squad/Parts/Electrical/10LSolarPanels/SP-10L/solarPanelSP10L
[LOG 20:27:29.616] Config(PART) Squad/Parts/Electrical/1x6ShroudSolarPanels/1x6ShroudSolarPanels/solarPanels2
[LOG 20:27:29.616] Config(PART) Squad/Parts/Electrical/1x6SolarPanels/1x6SolarPanels/solarPanels4
[LOG 20:27:29.616] Config(PART) Squad/Parts/Electrical/3x2ShroudSolarPanels/3x2ShroudSolarPanels/solarPanels1
[LOG 20:27:29.616] Config(PART) Squad/Parts/Electrical/3x2SolarPanels/3x2SolarPanels/solarPanels3
[LOG 20:27:29.616] Config(PART) Squad/Parts/Electrical/gigantorXlSolarArray/gigantorXlSolarArray/largeSolarPanel
[LOG 20:27:29.616] Config(PART) Squad/Parts/Electrical/radialFlatSolarPanel/radialFlatSolarPanel/solarPanels5
[LOG 20:27:29.616] Config(PART) Squad/Parts/Electrical/RTG/RTG/rtg
[LOG 20:27:29.616] Config(PART) Squad/Parts/Electrical/z-100Battery/z-100Battery/batteryPack
[LOG 20:27:29.616] Config(PART) Squad/Parts/Electrical/z-1kBattery/z-1kBattery/batteryBank
[LOG 20:27:29.616] Config(PART) Squad/Parts/Electrical/z-200Battery/z-200Battery/batteryBankMini
[LOG 20:27:29.616] Config(PART) Squad/Parts/Electrical/z-400Battery/z-400Battery/ksp_r_largeBatteryPack
[LOG 20:27:29.616] Config(PART) Squad/Parts/Electrical/z-4kBattery/z-4kBattery/batteryBankLarge
[LOG 20:27:29.616] Config(PART) Squad/Parts/Engine/ionEngine/ionEngine/ionEngine
[LOG 20:27:29.616] Config(PART) Squad/Parts/Engine/jetEngines/jetEngineAfterburning/turboJet
[LOG 20:27:29.616] Config(PART) Squad/Parts/Engine/jetEngines/jetEngineBasic/JetEngine
[LOG 20:27:29.616] Config(PART) Squad/Parts/Engine/jetEngines/jetEngineBig/turboFanSize2
[LOG 20:27:29.616] Config(PART) Squad/Parts/Engine/jetEngines/jetEngineTurbo/turboFanEngine
[LOG 20:27:29.616] Config(PART) Squad/Parts/Engine/liquidEngine24-77/liquidEngine24-77/smallRadialEngine
[LOG 20:27:29.616] Config(PART) Squad/Parts/Engine/liquidEngine24-77_v2/liquidEngine24-77_v2/smallRadialEngine_v2
[LOG 20:27:29.616] Config(PART) Squad/Parts/Engine/liquidEngine48-7S_v2/liquidEngine48-7S_v2/liquidEngineMini_v2
[LOG 20:27:29.616] Config(PART) Squad/Parts/Engine/liquidEngineAerospike/liquidEngineAerospike/toroidalAerospike
[LOG 20:27:29.617] Config(PART) Squad/Parts/Engine/liquidEngineLV-1_v2/liquidEngineLV-1R _v2/radialEngineMini_v2
[LOG 20:27:29.617] Config(PART) Squad/Parts/Engine/liquidEngineLV-1_v2/liquidEngineLV-1_v2/microEngine_v2
[LOG 20:27:29.617] Config(PART) Squad/Parts/Engine/liquidEngineLV-909_v2/liquidEngineLV-909_v2/liquidEngine3_v2
[LOG 20:27:29.617] Config(PART) Squad/Parts/Engine/liquidEngineLV-N/liquidEngineLV-N/nuclearEngine
[LOG 20:27:29.617] Config(PART) Squad/Parts/Engine/liquidEngineLV-T30/liquidEngineLV-T30/liquidEngine
[LOG 20:27:29.617] Config(PART) Squad/Parts/Engine/liquidEngineLV-T30_v2/liquidEngineLV-T30_v2/liquidEngine_v2
[LOG 20:27:29.617] Config(PART) Squad/Parts/Engine/liquidEngineLV-T45/liquidEngineLV-T45/liquidEngine2
[LOG 20:27:29.617] Config(PART) Squad/Parts/Engine/liquidEngineLV-T45_v2/liquidEngineLV-T45_v2/liquidEngine2_v2
[LOG 20:27:29.617] Config(PART) Squad/Parts/Engine/liquidEngineMainsail_v2/liquidEngineMainsail_v2/liquidEngineMainsail_v2
[LOG 20:27:29.617] Config(PART) Squad/Parts/Engine/liquidEngineMk55/liquidEngineMk55/radialLiquidEngine1-2
[LOG 20:27:29.617] Config(PART) Squad/Parts/Engine/liquidEnginePoodle_v2/liquidEnginePoodle_v2/liquidEngine2-2_v2
[LOG 20:27:29.617] Config(PART) Squad/Parts/Engine/liquidEngineSkipper_v2/skipperLiquidEngine_v2/engineLargeSkipper_v2
[LOG 20:27:29.617] Config(PART) Squad/Parts/Engine/liquidEngineSSME/SSME/SSME
[LOG 20:27:29.617] Config(PART) Squad/Parts/Engine/MassiveSRB/part/MassiveBooster
[LOG 20:27:29.617] Config(PART) Squad/Parts/Engine/miniJet/SmallJetEngine/miniJetEngine
[LOG 20:27:29.617] Config(PART) Squad/Parts/Engine/OMSEngine/omsEngine/omsEngine
[LOG 20:27:29.617] Config(PART) Squad/Parts/Engine/rapierEngine/rapierEngine/RAPIER
[LOG 20:27:29.617] Config(PART) Squad/Parts/Engine/Size1_SRBs/solidBoosterRT-10_v2/solidBooster_v2
[LOG 20:27:29.617] Config(PART) Squad/Parts/Engine/Size1_SRBs/solidBoosterRT-5_v2/solidBooster_sm_v2
[LOG 20:27:29.617] Config(PART) Squad/Parts/Engine/Size2LFB/part/Size2LFB
[LOG 20:27:29.617] Config(PART) Squad/Parts/Engine/Size2LFB_v2/part/Size2LFB_v2
[LOG 20:27:29.617] Config(PART) Squad/Parts/Engine/Size3AdvancedEngine/part/Size3AdvancedEngine
[LOG 20:27:29.618] Config(PART) Squad/Parts/Engine/Size3EngineCluster/part/Size3EngineCluster
[LOG 20:27:29.618] Config(PART) Squad/Parts/Engine/solidBoosterBACC/solidBoosterBACC/solidBooster1-1
[LOG 20:27:29.618] Config(PART) Squad/Parts/Engine/solidBoosterS2-17/solidBoosterS2-17/Thoroughbred
[LOG 20:27:29.618] Config(PART) Squad/Parts/Engine/solidBoosterS2-33/solidBoosterS2-33/Clydesdale
[LOG 20:27:29.618] Config(PART) Squad/Parts/Engine/solidBoosterSep/solidBoosterSep/sepMotor1
[LOG 20:27:29.618] Config(PART) Squad/Parts/Engine/SolidBoostersF/SolidBoosterF3S0/Shrimp
[LOG 20:27:29.618] Config(PART) Squad/Parts/Engine/SolidBoostersF/SolidBoosterFM1/Mite
[LOG 20:27:29.618] Config(PART) Squad/Parts/FuelTank/adapterTanks/Mk3-Mk2/adapterMk3-Mk2
[LOG 20:27:29.618] Config(PART) Squad/Parts/FuelTank/adapterTanks/Mk3-ShuttleAdapter/adapterEngines
[LOG 20:27:29.618] Config(PART) Squad/Parts/FuelTank/adapterTanks/Mk3-Size2/adapterMk3-Size2
[LOG 20:27:29.618] Config(PART) Squad/Parts/FuelTank/adapterTanks/Mk3-Size2Slant/adapterMk3-Size2Slant
[LOG 20:27:29.618] Config(PART) Squad/Parts/FuelTank/adapterTanks/Size2-Mk2/adapterSize2-Mk2
[LOG 20:27:29.618] Config(PART) Squad/Parts/FuelTank/adapterTanks/Size2-Size1/adapterSize2-Size1
[LOG 20:27:29.618] Config(PART) Squad/Parts/FuelTank/adapterTanks/Size2-Size1Slant/adapterSize2-Size1Slant
[LOG 20:27:29.618] Config(PART) Squad/Parts/FuelTank/adapterTanks/Size3-Mk3/adapterSize3-Mk3
[LOG 20:27:29.618] Config(PART) Squad/Parts/FuelTank/drainTankFTE-1/ReleaseValve/ReleaseValve
[LOG 20:27:29.618] Config(PART) Squad/Parts/FuelTank/FoilTanks/RadialTank_Capsule/externalTankCapsule
[LOG 20:27:29.618] Config(PART) Squad/Parts/FuelTank/FoilTanks/RadialTank_Round/externalTankRound
[LOG 20:27:29.618] Config(PART) Squad/Parts/FuelTank/FoilTanks/ToroidTank/externalTankToroid
[LOG 20:27:29.618] Config(PART) Squad/Parts/FuelTank/fuelTankOscarB/fuelTankOscarB/miniFuelTank
[LOG 20:27:29.618] Config(PART) Squad/Parts/FuelTank/miniFuselage/miniFuselage/miniFuselage
[LOG 20:27:29.618] Config(PART) Squad/Parts/FuelTank/mk2Adapters/bicoupler/mk2_1m_Bicoupler
[LOG 20:27:29.618] Config(PART) Squad/Parts/FuelTank/mk2Adapters/long/mk2_1m_AdapterLong
[LOG 20:27:29.618] Config(PART) Squad/Parts/FuelTank/mk2Adapters/standard/mk2SpacePlaneAdapter
[LOG 20:27:29.618] Config(PART) Squad/Parts/FuelTank/mk2FuselageLong/LFO_long/mk2FuselageLongLFO
[LOG 20:27:29.618] Config(PART) Squad/Parts/FuelTank/mk2FuselageLong/L_long/mk2Fuselage
[LOG 20:27:29.619] Config(PART) Squad/Parts/FuelTank/mk2FuselageShort/LFO_short/mk2FuselageShortLFO
[LOG 20:27:29.619] Config(PART) Squad/Parts/FuelTank/mk2FuselageShort/L_short/mk2FuselageShortLiquid
[LOG 20:27:29.619] Config(PART) Squad/Parts/FuelTank/mk2FuselageShort/Mono_short/mk2FuselageShortMono
[LOG 20:27:29.619] Config(PART) Squad/Parts/FuelTank/mk3Fuselage/CREW/mk3CrewCabin
[LOG 20:27:29.619] Config(PART) Squad/Parts/FuelTank/mk3Fuselage/LFO_100/mk3FuselageLFO_100
[LOG 20:27:29.619] Config(PART) Squad/Parts/FuelTank/mk3Fuselage/LFO_25/mk3FuselageLFO_25
[LOG 20:27:29.619] Config(PART) Squad/Parts/FuelTank/mk3Fuselage/LFO_50/mk3FuselageLFO_50
[LOG 20:27:29.619] Config(PART) Squad/Parts/FuelTank/mk3Fuselage/LF_100/mk3FuselageLF_100
[LOG 20:27:29.619] Config(PART) Squad/Parts/FuelTank/mk3Fuselage/LF_25/mk3FuselageLF_25
[LOG 20:27:29.619] Config(PART) Squad/Parts/FuelTank/mk3Fuselage/LF_50/mk3FuselageLF_50
[LOG 20:27:29.619] Config(PART) Squad/Parts/FuelTank/mk3Fuselage/MONO/mk3FuselageMONO
[LOG 20:27:29.619] Config(PART) Squad/Parts/FuelTank/RCSFuelTankR1/RCSFuelTankR1/RCSTank1-2
[LOG 20:27:29.619] Config(PART) Squad/Parts/FuelTank/RCSFuelTankR10/RCSFuelTankR10/rcsTankMini
[LOG 20:27:29.619] Config(PART) Squad/Parts/FuelTank/RCSFuelTankR25/RCSFuelTankR25/RCSFuelTank
[LOG 20:27:29.619] Config(PART) Squad/Parts/FuelTank/RCSTankRadial/radialRCSTank/radialRCSTank
[LOG 20:27:29.619] Config(PART) Squad/Parts/FuelTank/RCStankRadialLong/RCSTankRadialLong/rcsTankRadialLong
[LOG 20:27:29.619] Config(PART) Squad/Parts/FuelTank/RockomaxTanks/Rockomax16/Rockomax16_BW
[LOG 20:27:29.619] Config(PART) Squad/Parts/FuelTank/RockomaxTanks/Rockomax32/Rockomax32_BW
[LOG 20:27:29.619] Config(PART) Squad/Parts/FuelTank/RockomaxTanks/Rockomax64/Rockomax64_BW
[LOG 20:27:29.620] Config(PART) Squad/Parts/FuelTank/RockomaxTanks/Rockomax8/Rockomax8BW
[LOG 20:27:29.620] Config(PART) Squad/Parts/FuelTank/Size1_Tanks/fuelTankT100/fuelTankSmallFlat
[LOG 20:27:29.620] Config(PART) Squad/Parts/FuelTank/Size1_Tanks/fuelTankT200/fuelTankSmall
[LOG 20:27:29.620] Config(PART) Squad/Parts/FuelTank/Size1_Tanks/fuelTankT400/fuelTank
[LOG 20:27:29.620] Config(PART) Squad/Parts/FuelTank/Size1_Tanks/fuelTankT800/fuelTank_long
[LOG 20:27:29.620] Config(PART) Squad/Parts/FuelTank/Size3Tanks/large/Size3LargeTank
[LOG 20:27:29.620] Config(PART) Squad/Parts/FuelTank/Size3Tanks/medium/Size3MediumTank
[LOG 20:27:29.620] Config(PART) Squad/Parts/FuelTank/Size3Tanks/small/Size3SmallTank
[LOG 20:27:29.620] Config(PART) Squad/Parts/FuelTank/xenonTank/xenonTank/xenonTank
[LOG 20:27:29.620] Config(PART) Squad/Parts/FuelTank/xenonTankLarge/xenonTankLarge/xenonTankLarge
[LOG 20:27:29.620] Config(PART) Squad/Parts/FuelTank/xenonTankRadial/xenonTankRadial/xenonTankRadial
[LOG 20:27:29.620] Config(PART) Squad/Parts/Misc/AsteroidDay/CamSat/InfraredTelescope
[LOG 20:27:29.620] Config(PART) Squad/Parts/Misc/AsteroidDay/HECS2/HECS2_ProbeCore
[LOG 20:27:29.620] Config(PART) Squad/Parts/Misc/AsteroidDay/HighGainAntenna/HighGainAntenna
[LOG 20:27:29.620] Config(PART) Squad/Parts/Misc/AsteroidDay/LgRadialSolar/LgRadialSolarPanel
[LOG 20:27:29.620] Config(PART) Squad/Parts/Misc/PotatoComet/part/PotatoComet
[LOG 20:27:29.620] Config(PART) Squad/Parts/Misc/PotatoRoid/part/PotatoRoid
[LOG 20:27:29.620] Config(PART) Squad/Parts/Prebuilt/flag/flag
[LOG 20:27:29.620] Config(PART) Squad/Parts/Prebuilt/kerbalEVA/kerbalEVA
[LOG 20:27:29.620] Config(PART) Squad/Parts/Prebuilt/kerbalEVAfemale/kerbalEVAfemale
[LOG 20:27:29.620] Config(PART) Squad/Parts/Prebuilt/kerbalEVASlimSuit/kerbalEVASlimSuit
[LOG 20:27:29.620] Config(PART) Squad/Parts/Prebuilt/kerbalEVASlimSuitFemale/kerbalEVASlimSuitFemale
[LOG 20:27:29.620] Config(PART) Squad/Parts/Resources/FuelCell/FuelCell/FuelCell
[LOG 20:27:29.620] Config(PART) Squad/Parts/Resources/FuelCell/FuelCellArray/FuelCellArray
[LOG 20:27:29.620] Config(PART) Squad/Parts/Resources/ISRU/ISRU/ISRU
[LOG 20:27:29.620] Config(PART) Squad/Parts/Resources/LargeTank/LargeTank/LargeTank
[LOG 20:27:29.620] Config(PART) Squad/Parts/Resources/MiniDrill/MiniDrill/MiniDrill
[LOG 20:27:29.621] Config(PART) Squad/Parts/Resources/MiniISRU/MiniISRU/MiniISRU
[LOG 20:27:29.621] Config(PART) Squad/Parts/Resources/OrbitalScanner/OrbitalScanner/OrbitalScanner
[LOG 20:27:29.621] Config(PART) Squad/Parts/Resources/RadialDrill/RadialDrill/RadialDrill
[LOG 20:27:29.621] Config(PART) Squad/Parts/Resources/RadialTank/RadialTank/RadialOreTank
[LOG 20:27:29.621] Config(PART) Squad/Parts/Resources/SmallTank/SmallTank/SmallTank
[LOG 20:27:29.621] Config(PART) Squad/Parts/Resources/SurfaceScanner/SurfaceScanner/SurfaceScanner
[LOG 20:27:29.621] Config(PART) Squad/Parts/Resources/SurveyScanner/SurveyScanner/SurveyScanner
[LOG 20:27:29.621] Config(PART) Squad/Parts/Science/AtmosphereSensor/sensorAtmosphere/sensorAtmosphere
[LOG 20:27:29.621] Config(PART) Squad/Parts/Science/GooExperiment/gooExperiment/GooExperiment
[LOG 20:27:29.621] Config(PART) Squad/Parts/Science/LargeCrewedLab/largeCrewedLab/Large_Crewed_Lab
[LOG 20:27:29.621] Config(PART) Squad/Parts/Science/Magnetometer/Magnetometer/Magnetometer
[LOG 20:27:29.621] Config(PART) Squad/Parts/Science/MaterialBay/materialBay/science_module
[LOG 20:27:29.621] Config(PART) Squad/Parts/Science/ScienceBox/ScienceBox/ScienceBox
[LOG 20:27:29.621] Config(PART) Squad/Parts/Science/sensorAccelerometer/sensorAccelerometer/sensorAccelerometer
[LOG 20:27:29.621] Config(PART) Squad/Parts/Science/sensorBarometer/sensorBarometer/sensorBarometer
[LOG 20:27:29.621] Config(PART) Squad/Parts/Science/sensorGravimeter/sensorGravimeter/sensorGravimeter
[LOG 20:27:29.621] Config(PART) Squad/Parts/Science/sensorThermometer/sensorThermometer/sensorThermometer
[LOG 20:27:29.621] Config(PART) Squad/Parts/Structural/FLAdapters/adapterSmallMiniShort/adapterSmallMiniShort
[LOG 20:27:29.621] Config(PART) Squad/Parts/Structural/FLAdapters/adapterSmallMiniTall/adapterSmallMiniTall
[LOG 20:27:29.621] Config(PART) Squad/Parts/Structural/mk1Parts/engineBodyRadial/radialEngineBody
[LOG 20:27:29.621] Config(PART) Squad/Parts/Structural/mk1Parts/engineNacelle/nacelleBody
[LOG 20:27:29.621] Config(PART) Squad/Parts/Structural/mk1Parts/mk1Fuselage/MK1Fuselage
[LOG 20:27:29.621] Config(PART) Squad/Parts/Structural/mk1Parts/mk1FuselageIntake/MK1IntakeFuselage
[LOG 20:27:29.621] Config(PART) Squad/Parts/Structural/mk1Parts/mk1Structural/Mk1FuselageStructural
[LOG 20:27:29.621] Config(PART) Squad/Parts/Structural/Size3To2Adapter_v2/Size2to3_v2/Size3To2Adapter_v2
[LOG 20:27:29.621] Config(PART) Squad/Parts/Structural/stackAdapters/adapterLargeSmallBi/adapterLargeSmallBi
[LOG 20:27:29.622] Config(PART) Squad/Parts/Structural/stackAdapters/adapterLargeSmallQuad/adapterLargeSmallQuad
[LOG 20:27:29.622] Config(PART) Squad/Parts/Structural/stackAdapters/adapterLargeSmallTri/adapterLargeSmallTri
[LOG 20:27:29.622] Config(PART) Squad/Parts/Structural/stationHub/stationHub/stationHub
[LOG 20:27:29.622] Config(PART) Squad/Parts/Structural/structuralIBeam200/structuralIBeam200/structuralIBeam2
[LOG 20:27:29.622] Config(PART) Squad/Parts/Structural/structuralIBeam200Pocket/structuralIBeam200Pocket/structuralIBeam3
[LOG 20:27:29.622] Config(PART) Squad/Parts/Structural/structuralIBeam650/structuralIBeam650/structuralIBeam1
[LOG 20:27:29.622] Config(PART) Squad/Parts/Structural/structuralMicronode/structuralMicronode/structuralMiniNode
[LOG 20:27:29.622] Config(PART) Squad/Parts/Structural/structuralPanel1x1/structuralPanel1x1/structuralPanel1
[LOG 20:27:29.622] Config(PART) Squad/Parts/Structural/structuralPanel2x2/structuralPanel2x2/structuralPanel2
[LOG 20:27:29.622] Config(PART) Squad/Parts/Structural/structuralPylons/smallHardpoint/smallHardpoint
[LOG 20:27:29.622] Config(PART) Squad/Parts/Structural/structuralPylons/structuralPylon/structuralPylon
[LOG 20:27:29.622] Config(PART) Squad/Parts/Structural/strutCubicOcto/strutCubicOcto/strutCube
[LOG 20:27:29.622] Config(PART) Squad/Parts/Structural/strutOcto/strutOcto/strutOcto
[LOG 20:27:29.622] Config(PART) Squad/Parts/Structural/trussGirderAdapter/trussGirderAdapter/trussAdapter
[LOG 20:27:29.622] Config(PART) Squad/Parts/Structural/trussGirderL/trussGirderL/trussPiece1x
[LOG 20:27:29.622] Config(PART) Squad/Parts/Structural/trussGirderXL/trussGirderXL/trussPiece3x
[LOG 20:27:29.622] Config(PART) Squad/Parts/Thermal/FoldingRadiators/foldingRadLarge/foldingRadLarge
[LOG 20:27:29.622] Config(PART) Squad/Parts/Thermal/FoldingRadiators/foldingRadMed/foldingRadMed
[LOG 20:27:29.622] Config(PART) Squad/Parts/Thermal/FoldingRadiators/foldingRadSmall/foldingRadSmall
[LOG 20:27:29.622] Config(PART) Squad/Parts/Thermal/RadiatorPanels/radPanelEdge/radPanelEdge
[LOG 20:27:29.622] Config(PART) Squad/Parts/Thermal/RadiatorPanels/radPanelLg/radPanelLg
[LOG 20:27:29.622] Config(PART) Squad/Parts/Thermal/RadiatorPanels/radPanelSm/radPanelSm
[LOG 20:27:29.622] Config(PART) Squad/Parts/Utility/commDish88-88/commDish88-88/commDish
[LOG 20:27:29.622] Config(PART) Squad/Parts/Utility/commsAntennaDTS-M1/commsAntennaDTS-M1/mediumDishAntenna
[LOG 20:27:29.622] Config(PART) Squad/Parts/Utility/commsDish16/commsAntenna16/longAntenna
[LOG 20:27:29.623] Config(PART) Squad/Parts/Utility/decouplerRadialHDM/decouplerRadialHDM/radialDecoupler1-2
[LOG 20:27:29.623] Config(PART) Squad/Parts/Utility/decouplerRadialTT-38K/decouplerRadialTT-38K/radialDecoupler
[LOG 20:27:29.623] Config(PART) Squad/Parts/Utility/decouplerRadialTT-70/decouplerRadialTT-70/radialDecoupler2
[LOG 20:27:29.623] Config(PART) Squad/Parts/Utility/DirectAntennas/C16S/SurfAntenna
[LOG 20:27:29.623] Config(PART) Squad/Parts/Utility/DirectAntennas/HG-5/HighGainAntenna5
[LOG 20:27:29.623] Config(PART) Squad/Parts/Utility/DirectAntennas/HG-5_v2/HighGainAntenna5_v2
[LOG 20:27:29.623] Config(PART) Squad/Parts/Utility/dockingPort/dockingPort/dockingPort2
[LOG 20:27:29.623] Config(PART) Squad/Parts/Utility/dockingPortInline/dockingPortInline/dockingPortLateral
[LOG 20:27:29.623] Config(PART) Squad/Parts/Utility/dockingPortJr/dockingPortJr/dockingPort3
[LOG 20:27:29.623] Config(PART) Squad/Parts/Utility/dockingPortShielded/dockingPortShielded/dockingPort1
[LOG 20:27:29.623] Config(PART) Squad/Parts/Utility/dockingPortSr/dockingPortSr/dockingPortLarge
[LOG 20:27:29.623] Config(PART) Squad/Parts/Utility/Fireworks/fireworksLauncherBig/fireworksLauncherBig
[LOG 20:27:29.623] Config(PART) Squad/Parts/Utility/Fireworks/fireworksLauncherSmall/fireworksLauncherSmall
[LOG 20:27:29.624] Config(PART) Squad/Parts/Utility/flags/flagFlat/flagFlat/flagPartFlat
[LOG 20:27:29.624] Config(PART) Squad/Parts/Utility/flags/flagSize0/flagSize0/flagPartSize0
[LOG 20:27:29.624] Config(PART) Squad/Parts/Utility/flags/flagSize1/flagSize1/flagPartSize1
[LOG 20:27:29.624] Config(PART) Squad/Parts/Utility/flags/flagSize2/flagSize2/flagPartSize2
[LOG 20:27:29.624] Config(PART) Squad/Parts/Utility/flags/flagSize3/flagSize3/flagPartSize3
[LOG 20:27:29.624] Config(PART) Squad/Parts/Utility/GrapplingDevice/part/GrapplingDevice
[LOG 20:27:29.624] Config(PART) Squad/Parts/Utility/ladderRadial/ladderRadial/ladder1
[LOG 20:27:29.624] Config(PART) Squad/Parts/Utility/ladderTelescopic/ladderTelescopic/telescopicLadder
[LOG 20:27:29.624] Config(PART) Squad/Parts/Utility/ladderTelescopicBay/ladderTelescopicBay/telescopicLadderBay
[LOG 20:27:29.624] Config(PART) Squad/Parts/Utility/landingLegLT-1/landingLegLT-1/landingLeg1
[LOG 20:27:29.624] Config(PART) Squad/Parts/Utility/landingLegLT-2/landingLegLT-2/landingLeg1-2
[LOG 20:27:29.624] Config(PART) Squad/Parts/Utility/landingLegLT-5/landingLegLT-5/miniLandingLeg
[LOG 20:27:29.624] Config(PART) Squad/Parts/Utility/launchClamp1/launchClamp1/launchClamp1
[LOG 20:27:29.624] Config(PART) Squad/Parts/Utility/launchEscapeSystem/part/LaunchEscapeSystem
[LOG 20:27:29.624] Config(PART) Squad/Parts/Utility/Lights/domeLight1/domeLight1
[LOG 20:27:29.624] Config(PART) Squad/Parts/Utility/Lights/groundLight1/groundLight1
[LOG 20:27:29.624] Config(PART) Squad/Parts/Utility/Lights/groundLight2/groundLight2
[LOG 20:27:29.624] Config(PART) Squad/Parts/Utility/Lights/navLight1/navLight1
[LOG 20:27:29.624] Config(PART) Squad/Parts/Utility/Lights/spotLight1/spotLight3
[LOG 20:27:29.624] Config(PART) Squad/Parts/Utility/Lights/stripLight1/stripLight1
[LOG 20:27:29.624] Config(PART) Squad/Parts/Utility/linearVernorRCS/linearRCS/linearRcs
[LOG 20:27:29.624] Config(PART) Squad/Parts/Utility/linearVernorRCS/vernorEngine/vernierEngine
[LOG 20:27:29.624] Config(PART) Squad/Parts/Utility/mk2CargoBay/BayL/mk2CargoBayL
[LOG 20:27:29.624] Config(PART) Squad/Parts/Utility/mk2CargoBay/BayS/mk2CargoBayS
[LOG 20:27:29.625] Config(PART) Squad/Parts/Utility/mk2CrewCabin/mk2CrewCabin/mk2CrewCabin
[LOG 20:27:29.625] Config(PART) Squad/Parts/Utility/mk2DockingPort/mk2DockingPort/mk2DockingPort
[LOG 20:27:29.625] Config(PART) Squad/Parts/Utility/mk3CargoBay/long/mk3CargoBayL
[LOG 20:27:29.625] Config(PART) Squad/Parts/Utility/mk3CargoBay/medium/mk3CargoBayM
[LOG 20:27:29.625] Config(PART) Squad/Parts/Utility/mk3CargoBay/ramp/mk3CargoRamp
[LOG 20:27:29.625] Config(PART) Squad/Parts/Utility/mk3CargoBay/short/mk3CargoBayS
[LOG 20:27:29.625] Config(PART) Squad/Parts/Utility/parachuteMk1/parachuteMk1/parachuteSingle
[LOG 20:27:29.625] Config(PART) Squad/Parts/Utility/parachuteMk12-R/parachuteMk12-R/radialDrogue
[LOG 20:27:29.625] Config(PART) Squad/Parts/Utility/parachuteMk16-XL/parachuteMk16-XL/parachuteLarge
[LOG 20:27:29.625] Config(PART) Squad/Parts/Utility/parachuteMk2-R/parachuteMk2-R/parachuteRadial
[LOG 20:27:29.625] Config(PART) Squad/Parts/Utility/parachuteMk25/parachuteMk25/parachuteDrogue
[LOG 20:27:29.625] Config(PART) Squad/Parts/Utility/radialAttachmentPoint/radialAttachmentPoint/stackPoint1
[LOG 20:27:29.625] Config(PART) Squad/Parts/Utility/rcsBlockRV-105_v2/rcsBlockRV-105/RCSBlock_v2
[LOG 20:27:29.625] Config(PART) Squad/Parts/Utility/rcsBlockRV-105_v2/RCSblock_01_small/RCSblock_01_small
[LOG 20:27:29.625] Config(PART) Squad/Parts/Utility/rcsSmallLinear/RCSLinearSmall/RCSLinearSmall
[LOG 20:27:29.625] Config(PART) Squad/Parts/Utility/RelayAntennas/RA-100/RelayAntenna100
[LOG 20:27:29.625] Config(PART) Squad/Parts/Utility/RelayAntennas/RA-5/RelayAntenna5
[LOG 20:27:29.625] Config(PART) Squad/Parts/Utility/RelayAntennas/RA-50/RelayAntenna50
[LOG 20:27:29.625] Config(PART) Squad/Parts/Utility/rockomaxAdapters/largeAdapter/largeAdapter
[LOG 20:27:29.625] Config(PART) Squad/Parts/Utility/rockomaxAdapters/largeAdapterShort/largeAdapter2
[LOG 20:27:29.625] Config(PART) Squad/Parts/Utility/ServiceBay_v2/ServiceBay_125_v2/ServiceBay_125_v2
[LOG 20:27:29.626] Config(PART) Squad/Parts/Utility/ServiceBay_v2/ServiceBay_250_v2/ServiceBay_250_v2
[LOG 20:27:29.626] Config(PART) Squad/Parts/Utility/smallClaw/smallClaw/smallClaw
[LOG 20:27:29.626] Config(PART) Squad/Parts/Utility/spotLightMk1/spotLightMk1/spotLight1
[LOG 20:27:29.626] Config(PART) Squad/Parts/Utility/spotLightMk1_v2/spotLightMk1_v2/spotLight1_v2
[LOG 20:27:29.626] Config(PART) Squad/Parts/Utility/spotLightMk2/spotLightMk2/spotLight2
[LOG 20:27:29.626] Config(PART) Squad/Parts/Utility/spotLightMk2_v2/spotLightMk2_v2/spotLight2_v2
[LOG 20:27:29.626] Config(PART) Squad/Parts/Utility/stackCouplers/stackBiCoupler_v2/stackBiCoupler_v2
[LOG 20:27:29.626] Config(PART) Squad/Parts/Utility/stackCouplers/stackQuadCoupler/stackQuadCoupler
[LOG 20:27:29.626] Config(PART) Squad/Parts/Utility/stackCouplers/stackTriCoupler_v2/stackTriCoupler_v2
[LOG 20:27:29.626] Config(PART) Squad/Parts/Wheel/LandingGear/GearExtraLarge/GearLarge
[LOG 20:27:29.626] Config(PART) Squad/Parts/Wheel/LandingGear/GearFixed/GearFixed
[LOG 20:27:29.626] Config(PART) Squad/Parts/Wheel/LandingGear/GearFree/GearFree
[LOG 20:27:29.626] Config(PART) Squad/Parts/Wheel/LandingGear/GearLarge/GearMedium
[LOG 20:27:29.626] Config(PART) Squad/Parts/Wheel/LandingGear/GearMedium/GearSmall
[LOG 20:27:29.626] Config(PART) Squad/Parts/Wheel/LandingGear/GearSmall/SmallGearBay
[LOG 20:27:29.626] Config(PART) Squad/Parts/Wheel/roverWheelM1/roverWheelM1/roverWheel1
[LOG 20:27:29.626] Config(PART) Squad/Parts/Wheel/roverWheelS2/roverWheelS2/roverWheel2
[LOG 20:27:29.626] Config(PART) Squad/Parts/Wheel/roverWheelTR-2L/roverWheelTR-2L/wheelMed
[LOG 20:27:29.626] Config(PART) Squad/Parts/Wheel/roverWheelXL3/roverWheelXL3/roverWheel3
[LOG 20:27:29.626] Config(PROP) Squad/Props/AltimeterThreeHands/prop/AltimeterThreeHands
[LOG 20:27:29.626] Config(PROP) Squad/Props/AtmosphereDepth/prop/AtmosphereDepth
[LOG 20:27:29.626] Config(PROP) Squad/Props/AxisIndicator/pitchConfig/AxisIndicatorPitch
[LOG 20:27:29.626] Config(PROP) Squad/Props/AxisIndicator/rollConfig/AxisIndicatorRoll
[LOG 20:27:29.626] Config(PROP) Squad/Props/AxisIndicator/yawConfig/AxisIndicatorYaw
[LOG 20:27:29.626] Config(PROP) Squad/Props/buttonsGeneric/circularButton/genericCircularButton
[LOG 20:27:29.626] Config(PROP) Squad/Props/buttonsGeneric/clusterButtons/genericClusterButtons
[LOG 20:27:29.627] Config(PROP) Squad/Props/buttonsGeneric/clusterButtons2/genericClusterButtons2
[LOG 20:27:29.627] Config(PROP) Squad/Props/buttonsGeneric/clusterKnob/genericClusterKnobs
[LOG 20:27:29.627] Config(PROP) Squad/Props/buttonsGeneric/clusterKnob2/genericClusterKnobs2
[LOG 20:27:29.627] Config(PROP) Squad/Props/buttonsGeneric/clusterMixed/genericClusterMixed
[LOG 20:27:29.627] Config(PROP) Squad/Props/buttonsGeneric/clusterSwitches01/genericClusterSwitches01
[LOG 20:27:29.627] Config(PROP) Squad/Props/buttonsGeneric/clusterSwitches02/genericClusterSwitches02
[LOG 20:27:29.627] Config(PROP) Squad/Props/buttonsGeneric/clusterSwitches03/genericClusterSwitches03
[LOG 20:27:29.627] Config(PROP) Squad/Props/buttonsGeneric/clusterSwitches04/genericClusterSwitches04
[LOG 20:27:29.627] Config(PROP) Squad/Props/buttonsGeneric/clusterSwitches05/genericClusterSwitches05
[LOG 20:27:29.627] Config(PROP) Squad/Props/buttonsGeneric/clusterSwitches06/genericClusterSwitches06
[LOG 20:27:29.627] Config(PROP) Squad/Props/buttonsGeneric/clusterSwitches07/genericClusterSwitches07
[LOG 20:27:29.627] Config(PROP) Squad/Props/buttonsGeneric/directionalKnob/genericDirectionalKnob
[LOG 20:27:29.627] Config(PROP) Squad/Props/buttonsGeneric/directionalKnob2/genericDirectionalKnob2
[LOG 20:27:29.627] Config(PROP) Squad/Props/buttonsGeneric/pullSwitch/genericPullSwitch
[LOG 20:27:29.627] Config(PROP) Squad/Props/buttonsGeneric/squareButton/genericSquareButton
[LOG 20:27:29.627] Config(PROP) Squad/Props/buttonsGeneric/standingSwitch/genericStandingSwitch
[LOG 20:27:29.627] Config(PROP) Squad/Props/buttonsGeneric/switch/genericSwitch
[LOG 20:27:29.627] Config(PROP) Squad/Props/buttonsGeneric/switchWithGuards/genericSwitchWithGuards
[LOG 20:27:29.627] Config(PROP) Squad/Props/ButtonSquare/prop/ButtonSquare
[LOG 20:27:29.627] Config(PROP) Squad/Props/circularButton/prop/circularButton
[LOG 20:27:29.627] Config(PROP) Squad/Props/Compass/prop/Compass
[LOG 20:27:29.627] Config(PROP) Squad/Props/directionalKnob/prop/directionalKnob
[LOG 20:27:29.627] Config(PROP) Squad/Props/directionalKnob2/prop/directionalKnob2
[LOG 20:27:29.627] Config(PROP) Squad/Props/IndicatorPanel/prop/IndicatorPanel
[LOG 20:27:29.627] Config(PROP) Squad/Props/IVANavBall/prop/NavBall
[LOG 20:27:29.627] Config(PROP) Squad/Props/IVANavBallNoBase/prop/NavBallNoBase
[LOG 20:27:29.627] Config(PROP) Squad/Props/ledPanelSpeed/prop/ledPanelSpeed
[LOG 20:27:29.627] Config(PROP) Squad/Props/Monitor/DockingMode/MonitorDockingMode
[LOG 20:27:29.628] Config(PROP) Squad/Props/NavBall/prop/NavBall
[LOG 20:27:29.628] Config(PROP) Squad/Props/PropsGeneric/Button_DockingMode/Button_DockingMode
[LOG 20:27:29.628] Config(PROP) Squad/Props/PropsGeneric/CargoBagA/CargoBagA
[LOG 20:27:29.628] Config(PROP) Squad/Props/PropsGeneric/CargoBagB/CargoBagB
[LOG 20:27:29.628] Config(PROP) Squad/Props/PropsGeneric/CargoBagC/CargoBagC
[LOG 20:27:29.628] Config(PROP) Squad/Props/PropsGeneric/Hatch_Plane/Hatch_Plane
[LOG 20:27:29.628] Config(PROP) Squad/Props/PropsGeneric/Hatch_Plane_Curve90/Hatch_Plane_Curve90
[LOG 20:27:29.628] Config(PROP) Squad/Props/PropsGeneric/Hatch_Plane_Frame/Hatch_Plane_Frame
[LOG 20:27:29.628] Config(PROP) Squad/Props/PropsGeneric/Seat_Passenger/Seat_Passenger
[LOG 20:27:29.628] Config(PROP) Squad/Props/PropsGeneric/Seat_Pilot/Seat_Pilot
[LOG 20:27:29.628] Config(PROP) Squad/Props/PropsGeneric/Seat_Pilot_Helmet/Seat_Pilot_Helmet
[LOG 20:27:29.628] Config(PROP) Squad/Props/PropsGeneric/SideStick/SideStick
[LOG 20:27:29.628] Config(PROP) Squad/Props/pullSwitch/prop/pullSwitch
[LOG 20:27:29.628] Config(PROP) Squad/Props/radarAltitude/prop/RadarAltimeter
[LOG 20:27:29.628] Config(PROP) Squad/Props/squareButton/prop/squareButton
[LOG 20:27:29.628] Config(PROP) Squad/Props/standingSwitch/prop/standingSwitch
[LOG 20:27:29.628] Config(PROP) Squad/Props/switch/prop/switch
[LOG 20:27:29.628] Config(PROP) Squad/Props/switchGuard/prop/switchGuard
[LOG 20:27:29.628] Config(PROP) Squad/Props/switchWithGuards/prop/switchWithGuards
[LOG 20:27:29.628] Config(PROP) Squad/Props/throttle/prop/throttle
[LOG 20:27:29.628] Config(PROP) Squad/Props/VSI/prop/VSI
[LOG 20:27:29.628] Config(SPACEOBJECTS_LIMITS) Squad/Resources/CometDefs/SPACEOBJECTS_LIMITS
[LOG 20:27:29.628] Config(COMET_MANAGER) Squad/Resources/CometDefs/COMET_MANAGER
[LOG 20:27:29.628] Config(COMET_ORBIT_TYPE) Squad/Resources/CometDefs/short
[LOG 20:27:29.628] Config(COMET_ORBIT_TYPE) Squad/Resources/CometDefs/intermediate
[LOG 20:27:29.628] Config(COMET_ORBIT_TYPE) Squad/Resources/CometDefs/long
[LOG 20:27:29.628] Config(COMET_ORBIT_TYPE) Squad/Resources/CometDefs/interstellar
[LOG 20:27:29.628] Config(FIREWORKFX_DEFINITION) Squad/Resources/FireworkFXDefinitions/classicTrail
[LOG 20:27:29.628] Config(FIREWORKFX_DEFINITION) Squad/Resources/FireworkFXDefinitions/whirlyTrail
[LOG 20:27:29.629] Config(FIREWORKFX_DEFINITION) Squad/Resources/FireworkFXDefinitions/strobeTrail
[LOG 20:27:29.629] Config(FIREWORKFX_DEFINITION) Squad/Resources/FireworkFXDefinitions/bareTrail
[LOG 20:27:29.629] Config(FIREWORKFX_DEFINITION) Squad/Resources/FireworkFXDefinitions/classicBurst
[LOG 20:27:29.629] Config(FIREWORKFX_DEFINITION) Squad/Resources/FireworkFXDefinitions/chrysBurst
[LOG 20:27:29.629] Config(FIREWORKFX_DEFINITION) Squad/Resources/FireworkFXDefinitions/palmBurst
[LOG 20:27:29.629] Config(FIREWORKFX_DEFINITION) Squad/Resources/FireworkFXDefinitions/ringBurst
[LOG 20:27:29.629] Config(FIREWORKFX_DEFINITION) Squad/Resources/FireworkFXDefinitions/crosetteBurst
[LOG 20:27:29.629] Config(FIREWORKFX_DEFINITION) Squad/Resources/FireworkFXDefinitions/willowBurst
[LOG 20:27:29.629] Config(FIREWORKFX_DEFINITION) Squad/Resources/FireworkFXDefinitions/crackeBurst
[LOG 20:27:29.629] Config(FIREWORKFX_DEFINITION) Squad/Resources/FireworkFXDefinitions/palmCrackleBurst
[LOG 20:27:29.629] Config(FIREWORKFX_DEFINITION) Squad/Resources/FireworkFXDefinitions/dragonBurst
[LOG 20:27:29.629] Config(GLOBAL_RESOURCE) Squad/Resources/Ore/GLOBAL_RESOURCE
[LOG 20:27:29.629] Config(PLANETARY_RESOURCE) Squad/Resources/Ore/PLANETARY_RESOURCE
[LOG 20:27:29.629] Config(PLANETARY_RESOURCE) Squad/Resources/Ore/PLANETARY_RESOURCE
[LOG 20:27:29.629] Config(RESOURCE_OVERLAY_CONFIGURATION_SOLID) Squad/Resources/Overlay/RESOURCE_OVERLAY_CONFIGURATION_SOLID
[LOG 20:27:29.629] Config(RESOURCE_OVERLAY_CONFIGURATION_LINES) Squad/Resources/Overlay/RESOURCE_OVERLAY_CONFIGURATION_LINES
[LOG 20:27:29.629] Config(RESOURCE_OVERLAY_CONFIGURATION_DOTS) Squad/Resources/Overlay/RESOURCE_OVERLAY_CONFIGURATION_DOTS
[LOG 20:27:29.629] Config(RESOURCE_CONFIGURATION) Squad/Resources/ResourceDefaults/RESOURCE_CONFIGURATION
[LOG 20:27:29.629] Config(RESOURCE_DEFINITION) Squad/Resources/ResourcesGeneric/LiquidFuel
[LOG 20:27:29.629] Config(RESOURCE_DEFINITION) Squad/Resources/ResourcesGeneric/Oxidizer
[LOG 20:27:29.629] Config(RESOURCE_DEFINITION) Squad/Resources/ResourcesGeneric/SolidFuel
[LOG 20:27:29.629] Config(RESOURCE_DEFINITION) Squad/Resources/ResourcesGeneric/MonoPropellant
[LOG 20:27:29.629] Config(RESOURCE_DEFINITION) Squad/Resources/ResourcesGeneric/XenonGas
[LOG 20:27:29.629] Config(RESOURCE_DEFINITION) Squad/Resources/ResourcesGeneric/ElectricCharge
[LOG 20:27:29.629] Config(RESOURCE_DEFINITION) Squad/Resources/ResourcesGeneric/IntakeAir
[LOG 20:27:29.630] Config(RESOURCE_DEFINITION) Squad/Resources/ResourcesGeneric/EVA Propellant
[LOG 20:27:29.630] Config(RESOURCE_DEFINITION) Squad/Resources/ResourcesGeneric/Ore
[LOG 20:27:29.630] Config(RESOURCE_DEFINITION) Squad/Resources/ResourcesGeneric/Ablator
[LOG 20:27:29.630] Config(EXPERIMENT_DEFINITION) Squad/Resources/ScienceDefs/EXPERIMENT_DEFINITION
[LOG 20:27:29.630] Config(EXPERIMENT_DEFINITION) Squad/Resources/ScienceDefs/EXPERIMENT_DEFINITION
[LOG 20:27:29.630] Config(EXPERIMENT_DEFINITION) Squad/Resources/ScienceDefs/EXPERIMENT_DEFINITION
[LOG 20:27:29.630] Config(EXPERIMENT_DEFINITION) Squad/Resources/ScienceDefs/EXPERIMENT_DEFINITION
[LOG 20:27:29.630] Config(EXPERIMENT_DEFINITION) Squad/Resources/ScienceDefs/EXPERIMENT_DEFINITION
[LOG 20:27:29.630] Config(EXPERIMENT_DEFINITION) Squad/Resources/ScienceDefs/EXPERIMENT_DEFINITION
[LOG 20:27:29.630] Config(EXPERIMENT_DEFINITION) Squad/Resources/ScienceDefs/EXPERIMENT_DEFINITION
[LOG 20:27:29.630] Config(EXPERIMENT_DEFINITION) Squad/Resources/ScienceDefs/EXPERIMENT_DEFINITION
[LOG 20:27:29.630] Config(EXPERIMENT_DEFINITION) Squad/Resources/ScienceDefs/EXPERIMENT_DEFINITION
[LOG 20:27:29.630] Config(EXPERIMENT_DEFINITION) Squad/Resources/ScienceDefs/EXPERIMENT_DEFINITION
[LOG 20:27:29.630] Config(EXPERIMENT_DEFINITION) Squad/Resources/ScienceDefs/EXPERIMENT_DEFINITION
[LOG 20:27:29.630] Config(EXPERIMENT_DEFINITION) Squad/Resources/ScienceDefs/EXPERIMENT_DEFINITION
[LOG 20:27:29.630] Config(EXPERIMENT_DEFINITION) Squad/Resources/ScienceDefs/EXPERIMENT_DEFINITION
[LOG 20:27:29.630] Config(EXPERIMENT_DEFINITION) Squad/Resources/ScienceDefs/EXPERIMENT_DEFINITION
[LOG 20:27:29.630] Config(EXPERIMENT_DEFINITION) Squad/Resources/ScienceDefs/EXPERIMENT_DEFINITION
[LOG 20:27:29.630] Config(EXPERIMENT_DEFINITION) Squad/Resources/ScienceDefs/EXPERIMENT_DEFINITION
[LOG 20:27:29.630] Config(EXPERIMENT_DEFINITION) Squad/Resources/ScienceDefs/EXPERIMENT_DEFINITION
[LOG 20:27:29.630] Config(EXPERIMENT_DEFINITION) Squad/Resources/ScienceDefs/EXPERIMENT_DEFINITION
[LOG 20:27:29.630] Config(STORY_DEF) Squad/Resources/StoryDefs/STORY_DEF
[LOG 20:27:29.630] Config(TechTree) Squad/Resources/TechTree/TechTree
[LOG 20:27:29.630] Config(INTERNAL) Squad/Spaces/crewCabinInternals/internal/crewCabinInternals
[LOG 20:27:29.630] Config(INTERNAL) Squad/Spaces/cupolaInternal/internal/cupolaInternal
[LOG 20:27:29.630] Config(INTERNAL) Squad/Spaces/GenericSpace1/internal/GenericSpace1
[LOG 20:27:29.630] Config(INTERNAL) Squad/Spaces/GenericSpace3/internal/GenericSpace3
[LOG 20:27:29.631] Config(INTERNAL) Squad/Spaces/landerCabinInternals/internal/landerCabinInternals
[LOG 20:27:29.631] Config(INTERNAL) Squad/Spaces/landerCabinSmallInternal/internal/landerCabinSmallInternal
[LOG 20:27:29.631] Config(INTERNAL) Squad/Spaces/LargeCrewedLabInternals/internal/Mobile_Processing_Lab_Int
[LOG 20:27:29.631] Config(INTERNAL) Squad/Spaces/Mk1-3/internal/Mk1-3
[LOG 20:27:29.631] Config(INTERNAL) Squad/Spaces/mk1CabinInternal/internal/mk1CabinInternal
[LOG 20:27:29.631] Config(INTERNAL) Squad/Spaces/mk1CockpitInternal/internal/mk1CockpitInternal
[LOG 20:27:29.631] Config(INTERNAL) Squad/Spaces/mk1InlineInternal/internal/mk1InlineInternal
[LOG 20:27:29.631] Config(INTERNAL) Squad/Spaces/mk1PodCockpit/internal/mk1PodCockpit
[LOG 20:27:29.631] Config(INTERNAL) Squad/Spaces/mk1pod_IVA/mk1pod_Internal/mk1pod_IVA
[LOG 20:27:29.631] Config(INTERNAL) Squad/Spaces/mk2CockpitStandardInternal/internal/mk2CockpitStandardInternals
[LOG 20:27:29.631] Config(INTERNAL) Squad/Spaces/Mk2CrewCabinInternal/internal_MK2_CrewCab/MK2_CrewCab_Int
[LOG 20:27:29.631] Config(INTERNAL) Squad/Spaces/mk2InlineInternal/internal/mk2InlineInternal
[LOG 20:27:29.631] Config(INTERNAL) Squad/Spaces/mk2LanderCanInternal/internal/mk2LanderCanInternal
[LOG 20:27:29.631] Config(INTERNAL) Squad/Spaces/MK3CockpitInternal/internal_MK3/MK3_Cockpit_Int
[LOG 20:27:29.631] Config(INTERNAL) Squad/Spaces/MK3_CrewCab_Int/internal_MK3_CrewCab/MK3_CrewCab_Int
[LOG 20:27:29.631] Config(INTERNAL) Squad/Spaces/Placeholder/internal/Placeholder
[LOG 20:27:29.631] Config(INTERNAL) Squad/Spaces/PodCockpit/internal/PodCockpit
[LOG 20:27:29.631] Config(STRATEGY_DEPARTMENT) Squad/Strategies/Departments/Finances
[LOG 20:27:29.631] Config(STRATEGY_DEPARTMENT) Squad/Strategies/Departments/Science
[LOG 20:27:29.631] Config(STRATEGY_DEPARTMENT) Squad/Strategies/Departments/Public Relations
[LOG 20:27:29.631] Config(STRATEGY_DEPARTMENT) Squad/Strategies/Departments/Operations
[LOG 20:27:29.631] Config(STRATEGY) Squad/Strategies/Strategies/AppreciationCampaignCfg
[LOG 20:27:29.631] Config(STRATEGY) Squad/Strategies/Strategies/FundraisingCampaignCfg
[LOG 20:27:29.631] Config(STRATEGY) Squad/Strategies/Strategies/OpenSourceTechProgramCfg
[LOG 20:27:29.631] Config(STRATEGY) Squad/Strategies/Strategies/UnpaidResearchProgramCfg
[LOG 20:27:29.632] Config(STRATEGY) Squad/Strategies/Strategies/OutsourcedResearchCfg
[LOG 20:27:29.632] Config(STRATEGY) Squad/Strategies/Strategies/PatentsLicensingCfg
[LOG 20:27:29.632] Config(STRATEGY) Squad/Strategies/Strategies/AgressiveNegotiations
[LOG 20:27:29.632] Config(STRATEGY) Squad/Strategies/Strategies/RecoveryTransponders
[LOG 20:27:29.632] Config(STRATEGY) Squad/Strategies/Strategies/BailoutGrant
[LOG 20:27:29.632] Config(STRATEGY) Squad/Strategies/Strategies/researchIPsellout
[LOG 20:27:29.632] Config(STRATEGY) Squad/Strategies/Strategies/LeadershipInitiative
[LOG 20:27:29.632] Config(TUTORIAL) Squad/Tutorials/FlightSuborbital/FlightSuborbital
[LOG 20:27:29.632] Config(TUTORIAL) Squad/Tutorials/FromMun/FromMun
[LOG 20:27:29.632] Config(TUTORIAL) Squad/Tutorials/GoForOrbit/GoForOrbit
[LOG 20:27:29.632] Config(MISSIONPACK) SquadExpansion/MakingHistory/Missions/MissionPacks/squad_MakingHistory
[LOG 20:27:29.632] Config(MISSIONPACK) SquadExpansion/MakingHistory/Missions/MissionPacks/squad_MakingHistory_Other
[LOG 20:27:29.632] Config(MISSIONPACK) SquadExpansion/MakingHistory/Missions/MissionPacks/squad_MakingHistory_Tutorial
[LOG 20:27:29.632] Config(MEBASICNODE) SquadExpansion/MakingHistory/Nodes/AccuracyLogic/TestAccuracyLogic
[LOG 20:27:29.632] Config(MEBASICNODE) SquadExpansion/MakingHistory/Nodes/ActionChancePartResourceLevels/ActionPartResourceAmount
[LOG 20:27:29.632] Config(MEBASICNODE) SquadExpansion/MakingHistory/Nodes/ActionExplode/ActionVesselExplode
[LOG 20:27:29.632] Config(MEBASICNODE) SquadExpansion/MakingHistory/Nodes/ActionMissionScore/MissionScore
[LOG 20:27:29.632] Config(MEBASICNODE) SquadExpansion/MakingHistory/Nodes/ActionModifierFunds/ModifyFunds
[LOG 20:27:29.632] Config(MEBASICNODE) SquadExpansion/MakingHistory/Nodes/ActionModifierScore/MissionScore
[LOG 20:27:29.632] Config(MEBASICNODE) SquadExpansion/MakingHistory/Nodes/ActionPartExplode/ActionPartExplode
[LOG 20:27:29.632] Config(MEBASICNODE) SquadExpansion/MakingHistory/Nodes/ActionPartResourceDrain/ActionPartResourceDrain
[LOG 20:27:29.632] Config(MEBASICNODE) SquadExpansion/MakingHistory/Nodes/ActionVesselActionGroup/ActionVesselActionGroup
[LOG 20:27:29.632] Config(MEBASICNODE) SquadExpansion/MakingHistory/Nodes/ActionVesselStage/ActionVesselStage
[LOG 20:27:29.632] Config(MEBASICNODE) SquadExpansion/MakingHistory/Nodes/CreateAsteroid/CreateAsteroid
[LOG 20:27:29.632] Config(MEBASICNODE) SquadExpansion/MakingHistory/Nodes/CreateComet/CreateComet
[LOG 20:27:29.632] Config(MEBASICNODE) SquadExpansion/MakingHistory/Nodes/CreateFlag/CreateFlag
[LOG 20:27:29.632] Config(MEBASICNODE) SquadExpansion/MakingHistory/Nodes/CreateLaunchSite/CreateLaunchSite
[LOG 20:27:29.632] Config(MEBASICNODE) SquadExpansion/MakingHistory/Nodes/CreateVessel/CreateVessel
[LOG 20:27:29.633] Config(MEBASICNODE) SquadExpansion/MakingHistory/Nodes/CrewAssignment/TestCrewAssignment
[LOG 20:27:29.633] Config(MEBASICNODE) SquadExpansion/MakingHistory/Nodes/Destroyed/Crashed
[LOG 20:27:29.633] Config(MEBASICNODE) SquadExpansion/MakingHistory/Nodes/DialogMessage/DialogMessage
[LOG 20:27:29.633] Config(MEBASICNODE) SquadExpansion/MakingHistory/Nodes/Distance/Distance
[LOG 20:27:29.633] Config(MEBASICNODE) SquadExpansion/MakingHistory/Nodes/EmptyFalse/EmptyFalse
[LOG 20:27:29.633] Config(MEBASICNODE) SquadExpansion/MakingHistory/Nodes/EmptyTrue/EmptyTrue
[LOG 20:27:29.633] Config(MEBASICNODE) SquadExpansion/MakingHistory/Nodes/EscapeSOI/SOILeft
[LOG 20:27:29.633] Config(MEBASICNODE) SquadExpansion/MakingHistory/Nodes/EVA/EVA
[LOG 20:27:29.633] Config(MEBASICNODE) SquadExpansion/MakingHistory/Nodes/Flying/Flying
[LOG 20:27:29.633] Config(MEBASICNODE) SquadExpansion/MakingHistory/Nodes/FundsRecovery/FundsRecovery
[LOG 20:27:29.633] Config(MEBASICNODE) SquadExpansion/MakingHistory/Nodes/KerbalBoarded/TestKerbalBoarded
[LOG 20:27:29.633] Config(MEBASICNODE) SquadExpansion/MakingHistory/Nodes/KerbalKilled/EVA
[LOG 20:27:29.633] Config(MEBASICNODE) SquadExpansion/MakingHistory/Nodes/KerbalRecovery/KerbalRecovery
[LOG 20:27:29.633] Config(MEBASICNODE) SquadExpansion/MakingHistory/Nodes/KerbalRescue/KerbalRescue
[LOG 20:27:29.633] Config(MEBASICNODE) SquadExpansion/MakingHistory/Nodes/Landed/Landed
[LOG 20:27:29.633] Config(MEBASICNODE) SquadExpansion/MakingHistory/Nodes/Message/Message
[LOG 20:27:29.633] Config(MEBASICNODE) SquadExpansion/MakingHistory/Nodes/MissionFunds/MissionFunds
[LOG 20:27:29.633] Config(MEBASICNODE) SquadExpansion/MakingHistory/Nodes/MissionScore/MissionScore
[LOG 20:27:29.633] Config(MEBASICNODE) SquadExpansion/MakingHistory/Nodes/Orbit/Orbit
[LOG 20:27:29.633] Config(MEBASICNODE) SquadExpansion/MakingHistory/Nodes/OrbitParams/OrbitParams
[LOG 20:27:29.633] Config(MEBASICNODE) SquadExpansion/MakingHistory/Nodes/PartDocking/TestPartDocking
[LOG 20:27:29.634] Config(MEBASICNODE) SquadExpansion/MakingHistory/Nodes/PartFailure/PartFailure
[LOG 20:27:29.634] Config(MEBASICNODE) SquadExpansion/MakingHistory/Nodes/PartGrapple/TestGrapple
[LOG 20:27:29.634] Config(MEBASICNODE) SquadExpansion/MakingHistory/Nodes/PartRepair/PartRepair
[LOG 20:27:29.634] Config(MEBASICNODE) SquadExpansion/MakingHistory/Nodes/PlaceKerbal/CreateKerbal
[LOG 20:27:29.634] Config(MEBASICNODE) SquadExpansion/MakingHistory/Nodes/PlantFlag/PlantFlag
[LOG 20:27:29.634] Config(MEBASICNODE) SquadExpansion/MakingHistory/Nodes/ReachSOI/ReachSOI
[LOG 20:27:29.634] Config(MEBASICNODE) SquadExpansion/MakingHistory/Nodes/Resource/ResourceAmount
[LOG 20:27:29.634] Config(MEBASICNODE) SquadExpansion/MakingHistory/Nodes/ResourceRecovery/TestResourcesRecovery
[LOG 20:27:29.634] Config(MEBASICNODE) SquadExpansion/MakingHistory/Nodes/ScienceExperiment/ScienceExperiment
[LOG 20:27:29.634] Config(MEBASICNODE) SquadExpansion/MakingHistory/Nodes/SetCamera/SetCamera
[LOG 20:27:29.634] Config(MEBASICNODE) SquadExpansion/MakingHistory/Nodes/SplashDown/SplashDown
[LOG 20:27:29.634] Config(MEBASICNODE) SquadExpansion/MakingHistory/Nodes/StageActivated/TestVesselStageActivated
[LOG 20:27:29.634] Config(MEBASICNODE) SquadExpansion/MakingHistory/Nodes/TakeKerbal/TestTakeKerbal
[LOG 20:27:29.634] Config(MEBASICNODE) SquadExpansion/MakingHistory/Nodes/TestFlyThrough/TestFlyThrough
[LOG 20:27:29.634] Config(MEBASICNODE) SquadExpansion/MakingHistory/Nodes/TestGoTo/TestGoTo
[LOG 20:27:29.634] Config(MEBASICNODE) SquadExpansion/MakingHistory/Nodes/TimeMET/TimeMET
[LOG 20:27:29.634] Config(MEBASICNODE) SquadExpansion/MakingHistory/Nodes/TimeOfMission/TimeOfMission
[LOG 20:27:29.634] Config(MEBASICNODE) SquadExpansion/MakingHistory/Nodes/TimeSinceNode/TestTimeSinceNode
[LOG 20:27:29.634] Config(MEBASICNODE) SquadExpansion/MakingHistory/Nodes/VesselActiveCount/TestVesselActiveCount
[LOG 20:27:29.634] Config(MEBASICNODE) SquadExpansion/MakingHistory/Nodes/VesselAltitudeGoal/VesselAltitudeGoal
[LOG 20:27:29.634] Config(MEBASICNODE) SquadExpansion/MakingHistory/Nodes/VesselCrewCount/VeselCrewCount
[LOG 20:27:29.634] Config(MEBASICNODE) SquadExpansion/MakingHistory/Nodes/VesselMassLogic/VesselMass
[LOG 20:27:29.634] Config(MEBASICNODE) SquadExpansion/MakingHistory/Nodes/VesselPartCount/PartCount
[LOG 20:27:29.634] Config(MEBASICNODE) SquadExpansion/MakingHistory/Nodes/VesselRecovery/TestVesselRecovery
[LOG 20:27:29.634] Config(MEBASICNODE) SquadExpansion/MakingHistory/Nodes/VesselStage/TestVesselStage
[LOG 20:27:29.634] Config(MEBASICNODE) SquadExpansion/MakingHistory/Nodes/VesselVelocity/VesselVelocity
[LOG 20:27:29.634] Config(PART) SquadExpansion/MakingHistory/Parts/Aero/protectiveRocketNoseMk16/rocketNoseCone_size4/rocketNoseConeSize4
[LOG 20:27:29.635] Config(PART) SquadExpansion/MakingHistory/Parts/Aero/protectiveRocketNoseMk5A/Size_1_5_Cone/Size_1_5_Cone
[LOG 20:27:29.635] Config(PART) SquadExpansion/MakingHistory/Parts/Coupling/Decoupler_1p5/Decoupler_1p5
[LOG 20:27:29.635] Config(PART) SquadExpansion/MakingHistory/Parts/Coupling/Decoupler_4/Decoupler_4
[LOG 20:27:29.635] Config(PART) SquadExpansion/MakingHistory/Parts/Coupling/EnginePlate_1p5/EnginePlate1p5
[LOG 20:27:29.635] Config(PART) SquadExpansion/MakingHistory/Parts/Coupling/EnginePlate_2/EnginePlate2
[LOG 20:27:29.635] Config(PART) SquadExpansion/MakingHistory/Parts/Coupling/EnginePlate_3/EnginePlate3
[LOG 20:27:29.635] Config(PART) SquadExpansion/MakingHistory/Parts/Coupling/EnginePlate_4/EnginePlate4
[LOG 20:27:29.635] Config(PART) SquadExpansion/MakingHistory/Parts/Coupling/EnginePlate_5/EnginePlate5
[LOG 20:27:29.635] Config(PART) SquadExpansion/MakingHistory/Parts/Coupling/InflatableAirlock/InflatableAirlock
[LOG 20:27:29.635] Config(PART) SquadExpansion/MakingHistory/Parts/Coupling/Separator_1p5/Separator_1p5
[LOG 20:27:29.635] Config(PART) SquadExpansion/MakingHistory/Parts/Coupling/Separator_4/Separator_4
[LOG 20:27:29.635] Config(PART) SquadExpansion/MakingHistory/Parts/Coupling/Size1p5_Strut_Decoupler/Size1p5_Strut_Decoupler
[LOG 20:27:29.635] Config(PART) SquadExpansion/MakingHistory/Parts/Engine/LiquidEngineKE-1/LiquidEngineKE-1
[LOG 20:27:29.635] Config(PART) SquadExpansion/MakingHistory/Parts/Engine/LiquidEngineLV-T91/LiquidEngineLV-T91
[LOG 20:27:29.635] Config(PART) SquadExpansion/MakingHistory/Parts/Engine/LiquidEngineLV-TX87/LiquidEngineLV-TX87
[LOG 20:27:29.635] Config(PART) SquadExpansion/MakingHistory/Parts/Engine/LiquidEngineRE-I2/LiquidEngineRE-I2
[LOG 20:27:29.635] Config(PART) SquadExpansion/MakingHistory/Parts/Engine/LiquidEngineRE-J10/LiquidEngineRE-J10
[LOG 20:27:29.635] Config(PART) SquadExpansion/MakingHistory/Parts/Engine/LiquidEngineRK-7/LiquidEngineRK-7
[LOG 20:27:29.635] Config(PART) SquadExpansion/MakingHistory/Parts/Engine/LiquidEngineRV-1/LiquidEngineRV-1
[LOG 20:27:29.635] Config(PART) SquadExpansion/MakingHistory/Parts/Engine/solidBoosterTHK/solidBoosterTHK/Pollux
[LOG 20:27:29.635] Config(PART) SquadExpansion/MakingHistory/Parts/FuelTank/MonoPropMini/monopropMiniSphere
[LOG 20:27:29.635] Config(PART) SquadExpansion/MakingHistory/Parts/FuelTank/Size1p5_Monoprop/Size1p5_Monoprop
[LOG 20:27:29.635] Config(PART) SquadExpansion/MakingHistory/Parts/FuelTank/Size1p5_Size0_Adapter_01/Size1p5_Size0_Adapter_01
[LOG 20:27:29.636] Config(PART) SquadExpansion/MakingHistory/Parts/FuelTank/Size1p5_Size1_Adapter_01/Size1p5_Size1_Adapter_01
[LOG 20:27:29.636] Config(PART) SquadExpansion/MakingHistory/Parts/FuelTank/Size1p5_Size1_Adapter_02/Size1p5_Size1_Adapter_02
[LOG 20:27:29.636] Config(PART) SquadExpansion/MakingHistory/Parts/FuelTank/Size1p5_Size2_Adapter_01/Size1p5_Size2_Adapter_01
[LOG 20:27:29.636] Config(PART) SquadExpansion/MakingHistory/Parts/FuelTank/Size1p5_Tank_01/Size1p5_Tank_01
[LOG 20:27:29.636] Config(PART) SquadExpansion/MakingHistory/Parts/FuelTank/Size1p5_Tank_02/Size1p5_Tank_02
[LOG 20:27:29.636] Config(PART) SquadExpansion/MakingHistory/Parts/FuelTank/Size1p5_Tank_03/Size1p5_Tank_03
[LOG 20:27:29.636] Config(PART) SquadExpansion/MakingHistory/Parts/FuelTank/Size1p5_Tank_04/Size1p5_Tank_04
[LOG 20:27:29.636] Config(PART) SquadExpansion/MakingHistory/Parts/FuelTank/Size1p5_Tank_05/Size1p5_Tank_05
[LOG 20:27:29.636] Config(PART) SquadExpansion/MakingHistory/Parts/FuelTank/Size3_Size4_Adapter_01/Size3_Size4_Adapter_01
[LOG 20:27:29.636] Config(PART) SquadExpansion/MakingHistory/Parts/FuelTank/Size4_EngineAdapter_01/Size4_EngineAdapter_01
[LOG 20:27:29.636] Config(PART) SquadExpansion/MakingHistory/Parts/FuelTank/Size4_Tank_01/Size4_Tank_01
[LOG 20:27:29.636] Config(PART) SquadExpansion/MakingHistory/Parts/FuelTank/Size4_Tank_02/Size4_Tank_02
[LOG 20:27:29.636] Config(PART) SquadExpansion/MakingHistory/Parts/FuelTank/Size4_Tank_03/Size4_Tank_03
[LOG 20:27:29.636] Config(PART) SquadExpansion/MakingHistory/Parts/FuelTank/Size4_Tank_04/Size4_Tank_04
[LOG 20:27:29.636] Config(PART) SquadExpansion/MakingHistory/Parts/Ground/RoverWheel/roverWheelM1-F
[LOG 20:27:29.636] Config(PART) SquadExpansion/MakingHistory/Parts/Payload/fairingSize1p5/fairingSize1p5
[LOG 20:27:29.636] Config(PART) SquadExpansion/MakingHistory/Parts/Payload/fairingSize4/fairingSize4
[LOG 20:27:29.636] Config(PART) SquadExpansion/MakingHistory/Parts/Payload/Size1to0ServiceModule/Size1to0ServiceModule
[LOG 20:27:29.636] Config(PART) SquadExpansion/MakingHistory/Parts/Payload/SM18/ServiceModule18
[LOG 20:27:29.636] Config(PART) SquadExpansion/MakingHistory/Parts/Payload/SM25/ServiceModule25
[LOG 20:27:29.636] Config(PART) SquadExpansion/MakingHistory/Parts/Pods/KV1Pod/kv1Pod
[LOG 20:27:29.636] Config(PART) SquadExpansion/MakingHistory/Parts/Pods/KV2Pod/kv2Pod
[LOG 20:27:29.636] Config(PART) SquadExpansion/MakingHistory/Parts/Pods/KV3Pod/kv3Pod
[LOG 20:27:29.636] Config(PART) SquadExpansion/MakingHistory/Parts/Pods/Mk2Pod/Mk2Pod
[LOG 20:27:29.636] Config(PART) SquadExpansion/MakingHistory/Parts/Pods/Size1_5_Lander/MEMLander
[LOG 20:27:29.636] Config(PART) SquadExpansion/MakingHistory/Parts/Prebuilt/kerbalEVAfemaleVintage/kerbalEVAfemaleVintage
[LOG 20:27:29.637] Config(PART) SquadExpansion/MakingHistory/Parts/Prebuilt/kerbalEVAVintage/kerbalEVAVintage
[LOG 20:27:29.637] Config(PART) SquadExpansion/MakingHistory/Parts/Structural/EquiTriangle0/EquiTriangle0
[LOG 20:27:29.637] Config(PART) SquadExpansion/MakingHistory/Parts/Structural/EquiTriangle1/EquiTriangle1
[LOG 20:27:29.637] Config(PART) SquadExpansion/MakingHistory/Parts/Structural/EquiTriangle1p5/EquiTriangle1p5
[LOG 20:27:29.637] Config(PART) SquadExpansion/MakingHistory/Parts/Structural/EquiTriangle2/EquiTriangle2
[LOG 20:27:29.637] Config(PART) SquadExpansion/MakingHistory/Parts/Structural/Panel0/Panel0
[LOG 20:27:29.637] Config(PART) SquadExpansion/MakingHistory/Parts/Structural/Panel1/Panel1
[LOG 20:27:29.637] Config(PART) SquadExpansion/MakingHistory/Parts/Structural/Panel1p5/Panel1p5
[LOG 20:27:29.637] Config(PART) SquadExpansion/MakingHistory/Parts/Structural/Panel2/Panel2
[LOG 20:27:29.637] Config(PART) SquadExpansion/MakingHistory/Parts/Structural/Triangle0/Triangle0
[LOG 20:27:29.637] Config(PART) SquadExpansion/MakingHistory/Parts/Structural/Triangle1/Triangle1
[LOG 20:27:29.637] Config(PART) SquadExpansion/MakingHistory/Parts/Structural/Triangle1p5/Triangle1p5
[LOG 20:27:29.637] Config(PART) SquadExpansion/MakingHistory/Parts/Structural/Triangle2/Triangle2
[LOG 20:27:29.637] Config(PART) SquadExpansion/MakingHistory/Parts/Structural/Tube1/Tube1
[LOG 20:27:29.637] Config(PART) SquadExpansion/MakingHistory/Parts/Structural/Tube1p5/Tube1p5
[LOG 20:27:29.637] Config(PART) SquadExpansion/MakingHistory/Parts/Structural/Tube2/Tube2
[LOG 20:27:29.637] Config(PART) SquadExpansion/MakingHistory/Parts/Structural/Tube3/Tube3
[LOG 20:27:29.637] Config(PART) SquadExpansion/MakingHistory/Parts/Structural/Tube4/Tube4
[LOG 20:27:29.637] Config(PART) SquadExpansion/MakingHistory/Parts/Thermal/HeatShield1p5/HeatShield1p5
[LOG 20:27:29.637] Config(PART) SquadExpansion/MakingHistory/Parts/Utility/flags/flagSize1p5/flagSize1p5/flagPartSize1p5
[LOG 20:27:29.637] Config(PART) SquadExpansion/MakingHistory/Parts/Utility/flags/flagSize4/flagSize4/flagPartSize4
[LOG 20:27:29.637] Config(INTERNAL) SquadExpansion/MakingHistory/Spaces/KVPods/Airlock_Internal/Airlock_IVA
[LOG 20:27:29.637] Config(INTERNAL) SquadExpansion/MakingHistory/Spaces/KVPods/KV1_Internal/KV1_IVA
[LOG 20:27:29.637] Config(INTERNAL) SquadExpansion/MakingHistory/Spaces/KVPods/KV2_Internal/KV2_IVA
[LOG 20:27:29.637] Config(INTERNAL) SquadExpansion/MakingHistory/Spaces/KVPods/KV3_Internal/KV3_IVA
[LOG 20:27:29.638] Config(INTERNAL) SquadExpansion/MakingHistory/Spaces/MEM/MEM_IVA/MEM_IVA
[LOG 20:27:29.638] Config(INTERNAL) SquadExpansion/MakingHistory/Spaces/Mk2Pod/Mk2Pod_Internal/MK2POD_IVA
[LOG 20:27:29.638] Config(Contracts) SquadExpansion/Serenity/Contracts/contracts/Contracts
[LOG 20:27:29.638] Config(EXPERIENCE_TRAIT) SquadExpansion/Serenity/Experience/Traits/Engineer
[LOG 20:27:29.638] Config(EXPERIENCE_TRAIT) SquadExpansion/Serenity/Experience/Traits/Scientist
[LOG 20:27:29.638] Config(Localization) SquadExpansion/Serenity/Localization/dictionary/Localization
[LOG 20:27:29.638] Config(PART) SquadExpansion/Serenity/Parts/Aero/FanShroud_01/FanShroud_01
[LOG 20:27:29.638] Config(PART) SquadExpansion/Serenity/Parts/Aero/FanShroud_02/FanShroud_02
[LOG 20:27:29.638] Config(PART) SquadExpansion/Serenity/Parts/Aero/FanShroud_03/FanShroud_03
[LOG 20:27:29.638] Config(PART) SquadExpansion/Serenity/Parts/Aero/noseconeTiny/noseconeTiny
[LOG 20:27:29.638] Config(PART) SquadExpansion/Serenity/Parts/Aero/noseconeVS/noseconeVS
[LOG 20:27:29.638] Config(PART) SquadExpansion/Serenity/Parts/DeployedScience/centralStation/DeployedCentralStation
[LOG 20:27:29.638] Config(PART) SquadExpansion/Serenity/Parts/DeployedScience/gooObservation/DeployedGoExOb
[LOG 20:27:29.638] Config(PART) SquadExpansion/Serenity/Parts/DeployedScience/ionCollector/DeployedIONExp
[LOG 20:27:29.638] Config(PART) SquadExpansion/Serenity/Parts/DeployedScience/rtg/DeployedRTG
[LOG 20:27:29.638] Config(PART) SquadExpansion/Serenity/Parts/DeployedScience/satDish/DeployedSatDish
[LOG 20:27:29.638] Config(PART) SquadExpansion/Serenity/Parts/DeployedScience/seismicSensor/DeployedSeismicSensor
[LOG 20:27:29.638] Config(PART) SquadExpansion/Serenity/Parts/DeployedScience/solarPanel/DeployedSolarPanel
[LOG 20:27:29.638] Config(PART) SquadExpansion/Serenity/Parts/DeployedScience/weatherStation/DeployedWeatherStn
[LOG 20:27:29.638] Config(PART) SquadExpansion/Serenity/Parts/Prebuilt/kerbalEVA/kerbalEVA
[LOG 20:27:29.638] Config(PART) SquadExpansion/Serenity/Parts/Prebuilt/kerbalEVAfemale/kerbalEVAfemale
[LOG 20:27:29.638] Config(PART) SquadExpansion/Serenity/Parts/Prebuilt/kerbalEVAfemaleFuture/kerbalEVAfemaleFuture
[LOG 20:27:29.638] Config(PART) SquadExpansion/Serenity/Parts/Prebuilt/kerbalEVAfemaleVintage/kerbalEVAfemaleVintage
[LOG 20:27:29.638] Config(PART) SquadExpansion/Serenity/Parts/Prebuilt/kerbalEVAFuture/kerbalEVAFuture
[LOG 20:27:29.638] Config(PART) SquadExpansion/Serenity/Parts/Prebuilt/kerbalEVASlimSuit/kerbalEVASlimSuit
[LOG 20:27:29.638] Config(PART) SquadExpansion/Serenity/Parts/Prebuilt/kerbalEVASlimSuitFemale/kerbalEVASlimSuitFemale
[LOG 20:27:29.639] Config(PART) SquadExpansion/Serenity/Parts/Prebuilt/kerbalEVAVintage/kerbalEVAVintage
[LOG 20:27:29.639] Config(PART) SquadExpansion/Serenity/Parts/Propellers/largeFanBlade/largeFanBlade
[LOG 20:27:29.639] Config(PART) SquadExpansion/Serenity/Parts/Propellers/largeHeliBlade/largeHeliBlade
[LOG 20:27:29.639] Config(PART) SquadExpansion/Serenity/Parts/Propellers/largePropeller/largePropeller
[LOG 20:27:29.639] Config(PART) SquadExpansion/Serenity/Parts/Propellers/mediumFanBlade/mediumFanBlade
[LOG 20:27:29.639] Config(PART) SquadExpansion/Serenity/Parts/Propellers/mediumHeliBlade/mediumHeliBlade
[LOG 20:27:29.639] Config(PART) SquadExpansion/Serenity/Parts/Propellers/mediumPropeller/mediumPropeller
[LOG 20:27:29.639] Config(PART) SquadExpansion/Serenity/Parts/Propellers/smallFanBlade/smallFanBlade
[LOG 20:27:29.639] Config(PART) SquadExpansion/Serenity/Parts/Propellers/smallHeliBlade/smallHeliBlade
[LOG 20:27:29.639] Config(PART) SquadExpansion/Serenity/Parts/Propellers/smallPropeller/smallPropeller
[LOG 20:27:29.639] Config(PART) SquadExpansion/Serenity/Parts/Robotics/hinge_01/hinge_01
[LOG 20:27:29.639] Config(PART) SquadExpansion/Serenity/Parts/Robotics/hinge_01_s/hinge_01_s
[LOG 20:27:29.639] Config(PART) SquadExpansion/Serenity/Parts/Robotics/hinge_03/hinge_03
[LOG 20:27:29.639] Config(PART) SquadExpansion/Serenity/Parts/Robotics/hinge_03_s/hinge_03_s
[LOG 20:27:29.639] Config(PART) SquadExpansion/Serenity/Parts/Robotics/hinge_04/hinge_04
[LOG 20:27:29.639] Config(PART) SquadExpansion/Serenity/Parts/Robotics/piston_01/piston_01
[LOG 20:27:29.639] Config(PART) SquadExpansion/Serenity/Parts/Robotics/piston_02/piston_02
[LOG 20:27:29.639] Config(PART) SquadExpansion/Serenity/Parts/Robotics/piston_03/piston_03
[LOG 20:27:29.639] Config(PART) SquadExpansion/Serenity/Parts/Robotics/piston_04/piston_04
[LOG 20:27:29.639] Config(PART) SquadExpansion/Serenity/Parts/Robotics/RotorEngine_02/RotorEngine_02
[LOG 20:27:29.639] Config(PART) SquadExpansion/Serenity/Parts/Robotics/RotorEngine_03/RotorEngine_03
[LOG 20:27:29.639] Config(PART) SquadExpansion/Serenity/Parts/Robotics/rotor_01/rotor_01
[LOG 20:27:29.639] Config(PART) SquadExpansion/Serenity/Parts/Robotics/rotor_01s/rotor_01s
[LOG 20:27:29.639] Config(PART) SquadExpansion/Serenity/Parts/Robotics/rotor_02/rotor_02
[LOG 20:27:29.639] Config(PART) SquadExpansion/Serenity/Parts/Robotics/rotor_02s/rotor_02s
[LOG 20:27:29.640] Config(PART) SquadExpansion/Serenity/Parts/Robotics/rotor_03/rotor_03
[LOG 20:27:29.640] Config(PART) SquadExpansion/Serenity/Parts/Robotics/rotor_03s/rotor_03s
[LOG 20:27:29.640] Config(PART) SquadExpansion/Serenity/Parts/Robotics/rotoServo_00/rotoServo_00
[LOG 20:27:29.640] Config(PART) SquadExpansion/Serenity/Parts/Robotics/rotoServo_02/rotoServo_02
[LOG 20:27:29.640] Config(PART) SquadExpansion/Serenity/Parts/Robotics/rotoServo_03/rotoServo_03
[LOG 20:27:29.640] Config(PART) SquadExpansion/Serenity/Parts/Robotics/rotoServo_04/rotoServo_04
[LOG 20:27:29.640] Config(PART) SquadExpansion/Serenity/Parts/Robotics/Controllers/KAL1000/controller1000
[LOG 20:27:29.640] Config(PART) SquadExpansion/Serenity/Parts/Science/RobotArmScanner/RobotArmScanner_S1/RobotArmScanner_S1
[LOG 20:27:29.640] Config(PART) SquadExpansion/Serenity/Parts/Science/RobotArmScanner/RobotArmScanner_S2/RobotArmScanner_S2
[LOG 20:27:29.640] Config(PART) SquadExpansion/Serenity/Parts/Science/RobotArmScanner/RobotArmScanner_S3/RobotArmScanner_S3
[LOG 20:27:29.640] Config(PART) SquadExpansion/Serenity/Parts/Structural/gripPads/lGripPad/lGripPad
[LOG 20:27:29.640] Config(PART) SquadExpansion/Serenity/Parts/Structural/gripPads/lGripStrip/lGripStrip
[LOG 20:27:29.640] Config(PART) SquadExpansion/Serenity/Parts/Structural/gripPads/mGripPad/mGripPad
[LOG 20:27:29.640] Config(PART) SquadExpansion/Serenity/Parts/Structural/gripPads/sGripPad/sGripPad
[LOG 20:27:29.640] Config(PART) SquadExpansion/Serenity/Parts/Structural/gripPads/sGripStrip/sGripStrip
[LOG 20:27:29.640] Config(DEPLOYEDSCIENCE) SquadExpansion/Serenity/Resources/DeployedScience/DEPLOYEDSCIENCE
[LOG 20:27:29.640] Config(PHYSICMATERIAL_DEFINITION) SquadExpansion/Serenity/Resources/PhysicsMaterials/MediumGrip
[LOG 20:27:29.640] Config(PHYSICMATERIAL_DEFINITION) SquadExpansion/Serenity/Resources/PhysicsMaterials/HighGrip
[LOG 20:27:29.640] Config(PHYSICMATERIAL_DEFINITION) SquadExpansion/Serenity/Resources/PhysicsMaterials/ExtremeGrip
[LOG 20:27:29.640] Config(PHYSICMATERIAL_DEFINITION) SquadExpansion/Serenity/Resources/PhysicsMaterials/LowGrip
[LOG 20:27:29.640] Config(PHYSICMATERIAL_DEFINITION) SquadExpansion/Serenity/Resources/PhysicsMaterials/Default
[LOG 20:27:29.640] Config(ROC_DEFINITION) SquadExpansion/Serenity/Resources/rocsdef/ROC_DEFINITION
[LOG 20:27:29.640] Config(ROC_DEFINITION) SquadExpansion/Serenity/Resources/rocsdef/ROC_DEFINITION
[LOG 20:27:29.640] Config(ROC_DEFINITION) SquadExpansion/Serenity/Resources/rocsdef/ROC_DEFINITION
[LOG 20:27:29.640] Config(ROC_DEFINITION) SquadExpansion/Serenity/Resources/rocsdef/ROC_DEFINITION
[LOG 20:27:29.641] Config(ROC_DEFINITION) SquadExpansion/Serenity/Resources/rocsdef/ROC_DEFINITION
[LOG 20:27:29.641] Config(ROC_DEFINITION) SquadExpansion/Serenity/Resources/rocsdef/ROC_DEFINITION
[LOG 20:27:29.641] Config(ROC_DEFINITION) SquadExpansion/Serenity/Resources/rocsdef/ROC_DEFINITION
[LOG 20:27:29.641] Config(ROC_DEFINITION) SquadExpansion/Serenity/Resources/rocsdef/ROC_DEFINITION
[LOG 20:27:29.641] Config(ROC_DEFINITION) SquadExpansion/Serenity/Resources/rocsdef/ROC_DEFINITION
[LOG 20:27:29.641] Config(ROC_DEFINITION) SquadExpansion/Serenity/Resources/rocsdef/ROC_DEFINITION
[LOG 20:27:29.641] Config(ROC_DEFINITION) SquadExpansion/Serenity/Resources/rocsdef/ROC_DEFINITION
[LOG 20:27:29.641] Config(ROC_DEFINITION) SquadExpansion/Serenity/Resources/rocsdef/ROC_DEFINITION
[LOG 20:27:29.641] Config(ROC_DEFINITION) SquadExpansion/Serenity/Resources/rocsdef/ROC_DEFINITION
[LOG 20:27:29.641] Config(ROC_DEFINITION) SquadExpansion/Serenity/Resources/rocsdef/ROC_DEFINITION
[LOG 20:27:29.641] Config(ROC_DEFINITION) SquadExpansion/Serenity/Resources/rocsdef/ROC_DEFINITION
[LOG 20:27:29.641] Config(ROC_DEFINITION) SquadExpansion/Serenity/Resources/rocsdef/ROC_DEFINITION
[LOG 20:27:29.641] Config(ROC_DEFINITION) SquadExpansion/Serenity/Resources/rocsdef/ROC_DEFINITION
[LOG 20:27:29.641] Config(ROC_DEFINITION) SquadExpansion/Serenity/Resources/rocsdef/ROC_DEFINITION
[LOG 20:27:29.641] Config(ROC_DEFINITION) SquadExpansion/Serenity/Resources/rocsdef/ROC_DEFINITION
[LOG 20:27:29.641] Config(ROC_DEFINITION) SquadExpansion/Serenity/Resources/rocsdef/ROC_DEFINITION
[LOG 20:27:29.641] Config(ROC_DEFINITION) SquadExpansion/Serenity/Resources/rocsdef/ROC_DEFINITION
[LOG 20:27:29.641] Config(ROC_DEFINITION) SquadExpansion/Serenity/Resources/rocsdef/ROC_DEFINITION
[LOG 20:27:29.642] Config(ROC_DEFINITION) SquadExpansion/Serenity/Resources/rocsdef/ROC_DEFINITION
[LOG 20:27:29.642] Config(ROC_DEFINITION) SquadExpansion/Serenity/Resources/rocsdef/ROC_DEFINITION
[LOG 20:27:29.642] Config(ROC_DEFINITION) SquadExpansion/Serenity/Resources/rocsdef/ROC_DEFINITION
[LOG 20:27:29.642] Config(ROC_DEFINITION) SquadExpansion/Serenity/Resources/rocsdef/ROC_DEFINITION
[LOG 20:27:29.642] Config(ROC_DEFINITION) SquadExpansion/Serenity/Resources/rocsdef/ROC_DEFINITION
[LOG 20:27:29.642] Config(ROC_DEFINITION) SquadExpansion/Serenity/Resources/rocsdef/ROC_DEFINITION
[LOG 20:27:29.642] Config(ROC_DEFINITION) SquadExpansion/Serenity/Resources/rocsdef/ROC_DEFINITION
[LOG 20:27:29.642] Config(ROC_DEFINITION) SquadExpansion/Serenity/Resources/rocsdef/ROC_DEFINITION
[LOG 20:27:29.642] Config(ROC_DEFINITION) SquadExpansion/Serenity/Resources/rocsdef/ROC_DEFINITION
[LOG 20:27:29.642] Config(ROC_DEFINITION) SquadExpansion/Serenity/Resources/rocsdef/ROC_DEFINITION
[LOG 20:27:29.642] Config(ROC_DEFINITION) SquadExpansion/Serenity/Resources/rocsdef/ROC_DEFINITION
[LOG 20:27:29.642] Config(ROC_DEFINITION) SquadExpansion/Serenity/Resources/rocsdef/ROC_DEFINITION
[LOG 20:27:29.642] Config(EXPERIMENT_DEFINITION) SquadExpansion/Serenity/Resources/ScienceDefs/EXPERIMENT_DEFINITION
[LOG 20:27:29.642] Config(EXPERIMENT_DEFINITION) SquadExpansion/Serenity/Resources/ScienceDefs/EXPERIMENT_DEFINITION
[LOG 20:27:29.642] Config(EXPERIMENT_DEFINITION) SquadExpansion/Serenity/Resources/ScienceDefs/EXPERIMENT_DEFINITION
[LOG 20:27:29.642] Config(EXPERIMENT_DEFINITION) SquadExpansion/Serenity/Resources/ScienceDefs/EXPERIMENT_DEFINITION
[LOG 20:27:29.642] Config(EXPERIMENT_DEFINITION) SquadExpansion/Serenity/Resources/ScienceDefs/EXPERIMENT_DEFINITION
[LOG 20:27:29.642] Config(EXPERIMENT_DEFINITION) SquadExpansion/Serenity/Resources/ScienceDefs/EXPERIMENT_DEFINITION
[LOG 20:27:29.642] Config(EXPERIMENT_DEFINITION) SquadExpansion/Serenity/Resources/ScienceDefs/EXPERIMENT_DEFINITION
[LOG 20:27:29.642] Config(EXPERIMENT_DEFINITION) SquadExpansion/Serenity/Resources/ScienceDefs/EXPERIMENT_DEFINITION
[LOG 20:27:29.642] Config(EXPERIMENT_DEFINITION) SquadExpansion/Serenity/Resources/ScienceDefs/EXPERIMENT_DEFINITION
[LOG 20:27:29.642] Config(EXPERIMENT_DEFINITION) SquadExpansion/Serenity/Resources/ScienceDefs/EXPERIMENT_DEFINITION
[LOG 20:27:29.642] Config(EXPERIMENT_DEFINITION) SquadExpansion/Serenity/Resources/ScienceDefs/EXPERIMENT_DEFINITION
[LOG 20:27:29.643] Config(EXPERIMENT_DEFINITION) SquadExpansion/Serenity/Resources/ScienceDefs/EXPERIMENT_DEFINITION
[LOG 20:27:29.643] Config(EXPERIMENT_DEFINITION) SquadExpansion/Serenity/Resources/ScienceDefs/EXPERIMENT_DEFINITION
[LOG 20:27:29.643] Config(EXPERIMENT_DEFINITION) SquadExpansion/Serenity/Resources/ScienceDefs/EXPERIMENT_DEFINITION
[LOG 20:27:29.643] Config(EXPERIMENT_DEFINITION) SquadExpansion/Serenity/Resources/ScienceDefs/EXPERIMENT_DEFINITION
[LOG 20:27:29.643] Config(EXPERIMENT_DEFINITION) SquadExpansion/Serenity/Resources/ScienceDefs/EXPERIMENT_DEFINITION
[LOG 20:27:29.643] Config(EXPERIMENT_DEFINITION) SquadExpansion/Serenity/Resources/ScienceDefs/EXPERIMENT_DEFINITION
[LOG 20:27:29.643] Config(EXPERIMENT_DEFINITION) SquadExpansion/Serenity/Resources/ScienceDefs/EXPERIMENT_DEFINITION
[LOG 20:27:29.643] Config(EXPERIMENT_DEFINITION) SquadExpansion/Serenity/Resources/ScienceDefs/EXPERIMENT_DEFINITION
[LOG 20:27:29.643] Config(EXPERIMENT_DEFINITION) SquadExpansion/Serenity/Resources/ScienceDefs/EXPERIMENT_DEFINITION
[LOG 20:27:29.643] Config(EXPERIMENT_DEFINITION) SquadExpansion/Serenity/Resources/ScienceDefs/EXPERIMENT_DEFINITION
[LOG 20:27:29.643] Config(EXPERIMENT_DEFINITION) SquadExpansion/Serenity/Resources/ScienceDefs/EXPERIMENT_DEFINITION
[LOG 20:27:29.643] Config(EXPERIMENT_DEFINITION) SquadExpansion/Serenity/Resources/ScienceDefs/EXPERIMENT_DEFINITION
[LOG 20:27:29.643] Config(EXPERIMENT_DEFINITION) SquadExpansion/Serenity/Resources/ScienceDefs/EXPERIMENT_DEFINITION
[LOG 20:27:29.643] Config(EXPERIMENT_DEFINITION) SquadExpansion/Serenity/Resources/ScienceDefs/EXPERIMENT_DEFINITION
[LOG 20:27:29.643] Config(EXPERIMENT_DEFINITION) SquadExpansion/Serenity/Resources/ScienceDefs/EXPERIMENT_DEFINITION
[LOG 20:27:29.643] Config(EXPERIMENT_DEFINITION) SquadExpansion/Serenity/Resources/ScienceDefs/EXPERIMENT_DEFINITION
[LOG 20:27:29.643] Config(EXPERIMENT_DEFINITION) SquadExpansion/Serenity/Resources/ScienceDefs/EXPERIMENT_DEFINITION
[LOG 20:27:29.643] Config(EXPERIMENT_DEFINITION) SquadExpansion/Serenity/Resources/ScienceDefs/EXPERIMENT_DEFINITION
[LOG 20:27:29.643] Config(EXPERIMENT_DEFINITION) SquadExpansion/Serenity/Resources/ScienceDefs/EXPERIMENT_DEFINITION
[LOG 20:27:29.643] Config(EXPERIMENT_DEFINITION) SquadExpansion/Serenity/Resources/ScienceDefs/EXPERIMENT_DEFINITION
[LOG 20:27:29.643] Config(EXPERIMENT_DEFINITION) SquadExpansion/Serenity/Resources/ScienceDefs/EXPERIMENT_DEFINITION
[LOG 20:27:29.643] Config(EXPERIMENT_DEFINITION) SquadExpansion/Serenity/Resources/ScienceDefs/EXPERIMENT_DEFINITION
[LOG 20:27:29.643] Config(EXPERIMENT_DEFINITION) SquadExpansion/Serenity/Resources/ScienceDefs/EXPERIMENT_DEFINITION
[LOG 20:27:29.643] Config(EXPERIMENT_DEFINITION) SquadExpansion/Serenity/Resources/ScienceDefs/EXPERIMENT_DEFINITION
[LOG 20:27:29.643] Config(EXPERIMENT_DEFINITION) SquadExpansion/Serenity/Resources/ScienceDefs/EXPERIMENT_DEFINITION
[LOG 20:27:29.643] Config(EXPERIMENT_DEFINITION) SquadExpansion/Serenity/Resources/ScienceDefs/EXPERIMENT_DEFINITION
[LOG 20:27:29.643] Config(EXPERIMENT_DEFINITION) SquadExpansion/Serenity/Resources/ScienceDefs/EXPERIMENT_DEFINITION
[LOG 20:27:29.643] Config(STORY_DEF) SquadExpansion/Serenity/Resources/StoryDefs/STORY_DEF
[LOG 20:27:29.644] Compiling Configs Completed.
[LOG 20:27:29.646] Resource LiquidFuel added to database
[LOG 20:27:29.646] Resource Oxidizer added to database
[LOG 20:27:29.647] Resource SolidFuel added to database
[LOG 20:27:29.647] Resource MonoPropellant added to database
[LOG 20:27:29.647] Resource XenonGas added to database
[LOG 20:27:29.647] Resource ElectricCharge added to database
[LOG 20:27:29.647] Resource IntakeAir added to database
[LOG 20:27:29.647] Resource EVA Propellant added to database
[LOG 20:27:29.647] Resource Ore added to database
[LOG 20:27:29.647] Resource Ablator added to database
[LOG 20:27:29.649] Resource MediumGrip added to database
[LOG 20:27:29.649] Resource HighGrip added to database
[LOG 20:27:29.649] Resource ExtremeGrip added to database
[LOG 20:27:29.649] Resource LowGrip added to database
[LOG 20:27:29.649] Resource Default added to database
[LOG 20:27:29.650] CodeAssetLoader: Compiling all code assets
[LOG 20:27:29.654] ExperienceSystemConfig: Added Effect 'DeployedSciencePowerSkill' to Trait 'Ingénieur'
[LOG 20:27:29.654] ExperienceSystemConfig: Added Effect 'DeployedScienceExpSkill' to Trait 'Scientifique'
[LOG 20:27:29.659] ConfigNode[]
[LOG 20:27:29.659] GameDatabase: Assets loaded in 8.520s
[LOG 20:27:29.660] [ModuleManager] Waited 0.000s for patching to finish
[LOG 20:27:29.660] [ModuleManager] Applying patched game database
[LOG 20:27:29.662] [ModuleManager] Dumping ModuleManager log to main log
[LOG 20:27:29.663] [ModuleManager] 
#### BEGIN MODULEMANAGER LOG ####


[LOG 20:27:22.853] Log started at 2026-10-07 20:27:22.853
[LOG 20:27:25.436] Checking Cache
[LOG 20:27:25.805] SHA generated in 0.366s
[LOG 20:27:25.805]       SHA = A5-86-8E-56-EF-A3-60-BD-B3-07-5D-12-47-5C-3D-95-0D-A2-03-43-FA-8C-1B-91-02-8D-5E-9E-52-24-AA-14
[LOG 20:27:25.841] Cache SHA = A5-86-8E-56-EF-A3-60-BD-B3-07-5D-12-47-5C-3D-95-0D-A2-03-43-FA-8C-1B-91-02-8D-5E-9E-52-24-AA-14
[LOG 20:27:25.841] useCache = True
[LOG 20:27:25.841] Loading from Cache
[LOG 20:27:26.023] Cache Loaded
[LOG 20:27:26.023] Dumping patch log
[LOG 20:27:26.023] 
#### BEGIN PATCH LOG ####


[LOG 19:57:04.372] Log started at 2026-10-07 19:57:04.372
[LOG 19:57:04.372] Pre patch init
[LOG 19:57:04.593] compiling list of loaded mods...
Mod DLLs found:
  Name                                    Assembly Version         Assembly File Version    KSPAssembly Version      SHA256

  Assembly-CSharp                         0.0.0.0                  0.0.0.0                  1.12                     d9e42483f25ee80a9c11d6c1c0a0d29b4ec78c1e08d76c971b71580c9cce51e4
  ModuleManager                           4.2.3.0                  4.2.3.0                  2.5                      95847827ab293b9e82a19b7efb97ffea3e98cc03b181862536ac8eb572e30d7d
  0Harmony                                2.2.1.0                  2.2.1.0                                           19ce60ac3280f72ec1751d36a40cb7e2fece2934df8345969dc7feb83bd633e4
  HarmonyInstallChecker                   2.2.1.0                  2.2.1.0                  1.0                      f11e659e91a52c21c5bda78e52b82a7bdc246bcab6a999733af3c69a11a9dc0e
  0_MultipleModuleInPartAPI               1.0.0.0                  1.0.0.0                  1.0                      df4a22fb0535de7fa154ca234b50dd7c2fc6be879e4a877d9bad1f87bafafcbf
  KSPCommunityFixes                       1.41.0.0                 1.41.1.0                 1.41                     e08ebbec7ab34f4f7ff56d6e900051bb0d259a4bc092881d7db3ca2f9f2e9a11
  KSPDiagColliders                        1.0.9774.39745           1.0.9774.39745                                    101c69226e20a5389301c3635c44de6bc8dcc6cf19bf830573da4ed76d691283
  KSPMCPServer                            0.0.0.0                  0.0.0.0                                           24775670af8b42f374ef7e3f9b227746906ca17948a001d3fa891f8813d09cd9
Non-DLL mods added (:FOR[xxx]):
Mods by directory (sub directories of GameData):
  000_Harmony
  Squad
  SquadExpansion
Mods added by assemblies:

[LOG 19:57:04.605] Extracting patches
[LOG 19:57:04.617] Deleting root node in file KSPCommunityFixes/MMPatches/ModSupport/FixDockingNodes node: @PART[*]:HAS[@MODULE[ModuleDockingNodeFixed]]:NEEDS[FixDockingNodes]:FINAL as it can't satisfy its NEEDS
[LOG 19:57:04.618] Deleting root node in file KSPCommunityFixes/MMPatches/ModSupport/KSPRecall node: @KSP_COMMUNITY_FIXES:NEEDS[AttachedOnEditor] as it can't satisfy its NEEDS
[LOG 19:57:04.618] Deleting root node in file KSPCommunityFixes/MMPatches/ModSupport/UniversalStorage node: @KSP_COMMUNITY_FIXES:NEEDS[UniversalStorage2] as it can't satisfy its NEEDS
[LOG 19:57:04.701] Applying patches
[LOG 19:57:04.703] :INSERT (initial) pass
[LOG 19:57:04.745] :FIRST pass
[LOG 19:57:04.751] Applying update KSPCommunityFixes/MMPatches/StockTweaks/LadderToggleableLight/@PART[telescopicLadderBay]:FIRST to Squad/Parts/Utility/ladderTelescopicBay/ladderTelescopicBay.cfg/PART[telescopicLadderBay]
[LOG 19:57:04.765] Applying update KSPCommunityFixes/MMPatches/StockTweaks/LadderToggleableLight/@PART[telescopicLadderBay]:HAS[#LadderToggleableLight[?rue]]:FIRST to Squad/Parts/Utility/ladderTelescopicBay/ladderTelescopicBay.cfg/PART[telescopicLadderBay]
[LOG 19:57:04.766] Applying update KSPCommunityFixes/MMPatches/StockTweaks/LadderToggleableLight/@PART[telescopicLadderBay]:HAS[#LadderToggleableLight]:FIRST to Squad/Parts/Utility/ladderTelescopicBay/ladderTelescopicBay.cfg/PART[telescopicLadderBay]
[LOG 19:57:04.768] Applying update KSPCommunityFixes/MMPatches/StockTweaks/LandingGearLights/@PART[GearSmall]:FIRST to Squad/Parts/Wheel/LandingGear/GearMedium.cfg/PART[GearSmall]
[LOG 19:57:04.782] Applying update KSPCommunityFixes/MMPatches/StockTweaks/LandingGearLights/@PART[SmallGearBay]:FIRST to Squad/Parts/Wheel/LandingGear/GearSmall.cfg/PART[SmallGearBay]
[LOG 19:57:04.782] :LEGACY (default) pass
[LOG 19:57:04.785] :BEFORE[0_MULTIPLEMODULEINPARTAPI] pass
[LOG 19:57:04.785] :FOR[0_MULTIPLEMODULEINPARTAPI] pass
[LOG 19:57:04.785] :AFTER[0_MULTIPLEMODULEINPARTAPI] pass
[LOG 19:57:04.785] :BEFORE[000_HARMONY] pass
[LOG 19:57:04.785] :FOR[000_HARMONY] pass
[LOG 19:57:04.785] :AFTER[000_HARMONY] pass
[LOG 19:57:04.785] :BEFORE[0HARMONY] pass
[LOG 19:57:04.785] :FOR[0HARMONY] pass
[LOG 19:57:04.785] :AFTER[0HARMONY] pass
[LOG 19:57:04.785] :BEFORE[ASSEMBLY-CSHARP] pass
[LOG 19:57:04.785] :FOR[ASSEMBLY-CSHARP] pass
[LOG 19:57:04.785] :AFTER[ASSEMBLY-CSHARP] pass
[LOG 19:57:04.785] :BEFORE[HARMONYINSTALLCHECKER] pass
[LOG 19:57:04.785] :FOR[HARMONYINSTALLCHECKER] pass
[LOG 19:57:04.785] :AFTER[HARMONYINSTALLCHECKER] pass
[LOG 19:57:04.785] :BEFORE[KSPCOMMUNITYFIXES] pass
[LOG 19:57:04.785] :FOR[KSPCOMMUNITYFIXES] pass
[LOG 19:57:04.785] Applying update KSPCommunityFixes/MMPatches/StockTweaks/ManufacturerFixes/@PART[sasModule]:FOR[KSPCommunityFixes] to Squad/Parts/Command/inlineReactionWheel/inlineReactionWheel.cfg/PART[sasModule]
[LOG 19:57:04.786] Applying update KSPCommunityFixes/MMPatches/StockTweaks/ManufacturerFixes/@PART[xenonTankRadial]:FOR[KSPCommunityFixes] to Squad/Parts/FuelTank/xenonTankRadial/xenonTankRadial.cfg/PART[xenonTankRadial]
[LOG 19:57:04.787] Applying update KSPCommunityFixes/MMPatches/StockTweaks/ManufacturerFixes/@PART[winglet|fireworksLauncherSmall|fireworksLauncherBig]:FOR[KSPCommunityFixes] to Squad/Parts/Aero/wingletAV-T1/wingletAV-T1.cfg/PART[winglet]
[LOG 19:57:04.788] Applying update KSPCommunityFixes/MMPatches/StockTweaks/ManufacturerFixes/@PART[winglet|fireworksLauncherSmall|fireworksLauncherBig]:FOR[KSPCommunityFixes] to Squad/Parts/Utility/Fireworks/fireworksLauncherBig.cfg/PART[fireworksLauncherBig]
[LOG 19:57:04.788] Applying update KSPCommunityFixes/MMPatches/StockTweaks/ManufacturerFixes/@PART[winglet|fireworksLauncherSmall|fireworksLauncherBig]:FOR[KSPCommunityFixes] to Squad/Parts/Utility/Fireworks/fireworksLauncherSmall.cfg/PART[fireworksLauncherSmall]
[LOG 19:57:04.789] Applying update KSPCommunityFixes/MMPatches/StockTweaks/ManufacturerFixes/@PART[solidBooster_sm_v2|solidBooster_v2]:FOR[KSPCommunityFixes] to Squad/Parts/Engine/Size1_SRBs/solidBoosterRT-10_v2.cfg/PART[solidBooster_v2]
[LOG 19:57:04.789] Applying update KSPCommunityFixes/MMPatches/StockTweaks/ManufacturerFixes/@PART[solidBooster_sm_v2|solidBooster_v2]:FOR[KSPCommunityFixes] to Squad/Parts/Engine/Size1_SRBs/solidBoosterRT-5_v2.cfg/PART[solidBooster_sm_v2]
[LOG 19:57:04.791] Applying update KSPCommunityFixes/MMPatches/StockTweaks/ManufacturerFixes/@PART[ServiceBay_125_v2|ServiceBay_250_v2]:FOR[KSPCommunityFixes] to Squad/Parts/Utility/ServiceBay_v2/ServiceBay_125_v2.cfg/PART[ServiceBay_125_v2]
[LOG 19:57:04.791] Applying update KSPCommunityFixes/MMPatches/StockTweaks/ManufacturerFixes/@PART[ServiceBay_125_v2|ServiceBay_250_v2]:FOR[KSPCommunityFixes] to Squad/Parts/Utility/ServiceBay_v2/ServiceBay_250_v2.cfg/PART[ServiceBay_250_v2]
[LOG 19:57:04.792] Applying update KSPCommunityFixes/MMPatches/StockTweaks/ManufacturerFixes/@PART[externalTankCapsule]:FOR[KSPCommunityFixes] to Squad/Parts/FuelTank/FoilTanks/RadialTank_Capsule.cfg/PART[externalTankCapsule]
[LOG 19:57:04.793] Applying update KSPCommunityFixes/MMPatches/StockTweaks/ManufacturerFixes/@PART[RCSFuelTank|rcsTankMini|RCSTank1-2]:FOR[KSPCommunityFixes] to Squad/Parts/FuelTank/RCSFuelTankR1/RCSFuelTankR1.cfg/PART[RCSTank1-2]
[LOG 19:57:04.793] Applying update KSPCommunityFixes/MMPatches/StockTweaks/ManufacturerFixes/@PART[RCSFuelTank|rcsTankMini|RCSTank1-2]:FOR[KSPCommunityFixes] to Squad/Parts/FuelTank/RCSFuelTankR10/RCSFuelTankR10.cfg/PART[rcsTankMini]
[LOG 19:57:04.793] Applying update KSPCommunityFixes/MMPatches/StockTweaks/ManufacturerFixes/@PART[RCSFuelTank|rcsTankMini|RCSTank1-2]:FOR[KSPCommunityFixes] to Squad/Parts/FuelTank/RCSFuelTankR25/RCSFuelTankR25.cfg/PART[RCSFuelTank]
[LOG 19:57:04.794] Applying update KSPCommunityFixes/MMPatches/StockTweaks/ManufacturerFixes/@PART[landerCabinSmall]:FOR[KSPCommunityFixes] to Squad/Parts/Command/mk1LanderCan/mk1LanderCan.cfg/PART[landerCabinSmall]
[LOG 19:57:04.795] Applying update KSPCommunityFixes/MMPatches/StockTweaks/ManufacturerFixes/@PART[dockingPortLateral]:FOR[KSPCommunityFixes] to Squad/Parts/Utility/dockingPortInline/dockingPortInline.cfg/PART[dockingPortLateral]
[LOG 19:57:04.796] Applying update KSPCommunityFixes/MMPatches/StockTweaks/ManufacturerFixes/@PART[EnginePlate4]:FOR[KSPCommunityFixes]:NEEDS[SquadExpansion/MakingHistory] to SquadExpansion/MakingHistory/Parts/Coupling/EnginePlate_4.cfg/PART[EnginePlate4]
[LOG 19:57:04.796] Applying update KSPCommunityFixes/MMPatches/StockTweaks/ManufacturerFixes/@PART[Mk2Pod]:FOR[KSPCommunityFixes]:NEEDS[SquadExpansion/MakingHistory] to SquadExpansion/MakingHistory/Parts/Pods/Mk2Pod.cfg/PART[Mk2Pod]
[LOG 19:57:04.797] Applying update KSPCommunityFixes/MMPatches/StockTweaks/ManufacturerFixes/@PART[evaChute|parachuteSingle|parachuteRadial|radialDrogue|parachuteLarge|parachuteDrogue]:FOR[KSPCommunityFixes] to Squad/Parts/Cargo/Parachute/Parachute.cfg/PART[evaChute]
[LOG 19:57:04.797] Applying update KSPCommunityFixes/MMPatches/StockTweaks/ManufacturerFixes/@PART[evaChute|parachuteSingle|parachuteRadial|radialDrogue|parachuteLarge|parachuteDrogue]:FOR[KSPCommunityFixes] to Squad/Parts/Utility/parachuteMk1/parachuteMk1.cfg/PART[parachuteSingle]
[LOG 19:57:04.798] Applying update KSPCommunityFixes/MMPatches/StockTweaks/ManufacturerFixes/@PART[evaChute|parachuteSingle|parachuteRadial|radialDrogue|parachuteLarge|parachuteDrogue]:FOR[KSPCommunityFixes] to Squad/Parts/Utility/parachuteMk12-R/parachuteMk12-R.cfg/PART[radialDrogue]
[LOG 19:57:04.798] Applying update KSPCommunityFixes/MMPatches/StockTweaks/ManufacturerFixes/@PART[evaChute|parachuteSingle|parachuteRadial|radialDrogue|parachuteLarge|parachuteDrogue]:FOR[KSPCommunityFixes] to Squad/Parts/Utility/parachuteMk16-XL/parachuteMk16-XL.cfg/PART[parachuteLarge]
[LOG 19:57:04.798] Applying update KSPCommunityFixes/MMPatches/StockTweaks/ManufacturerFixes/@PART[evaChute|parachuteSingle|parachuteRadial|radialDrogue|parachuteLarge|parachuteDrogue]:FOR[KSPCommunityFixes] to Squad/Parts/Utility/parachuteMk2-R/parachuteMk2-R.cfg/PART[parachuteRadial]
[LOG 19:57:04.798] Applying update KSPCommunityFixes/MMPatches/StockTweaks/ManufacturerFixes/@PART[evaChute|parachuteSingle|parachuteRadial|radialDrogue|parachuteLarge|parachuteDrogue]:FOR[KSPCommunityFixes] to Squad/Parts/Utility/parachuteMk25/parachuteMk25.cfg/PART[parachuteDrogue]
[LOG 19:57:04.799] Applying update KSPCommunityFixes/MMPatches/StockTweaks/ManufacturerFixes/@PART[stackPoint1|dockingPort1|dockingPort2|dockingPort3|dockingPortLarge]:FOR[KSPCommunityFixes] to Squad/Parts/Utility/dockingPort/dockingPort.cfg/PART[dockingPort2]
[LOG 19:57:04.799] Applying update KSPCommunityFixes/MMPatches/StockTweaks/ManufacturerFixes/@PART[stackPoint1|dockingPort1|dockingPort2|dockingPort3|dockingPortLarge]:FOR[KSPCommunityFixes] to Squad/Parts/Utility/dockingPortJr/dockingPortJr.cfg/PART[dockingPort3]
[LOG 19:57:04.799] Applying update KSPCommunityFixes/MMPatches/StockTweaks/ManufacturerFixes/@PART[stackPoint1|dockingPort1|dockingPort2|dockingPort3|dockingPortLarge]:FOR[KSPCommunityFixes] to Squad/Parts/Utility/dockingPortShielded/dockingPortShielded.cfg/PART[dockingPort1]
[LOG 19:57:04.799] Applying update KSPCommunityFixes/MMPatches/StockTweaks/ManufacturerFixes/@PART[stackPoint1|dockingPort1|dockingPort2|dockingPort3|dockingPortLarge]:FOR[KSPCommunityFixes] to Squad/Parts/Utility/dockingPortSr/dockingPortSr.cfg/PART[dockingPortLarge]
[LOG 19:57:04.799] Applying update KSPCommunityFixes/MMPatches/StockTweaks/ManufacturerFixes/@PART[stackPoint1|dockingPort1|dockingPort2|dockingPort3|dockingPortLarge]:FOR[KSPCommunityFixes] to Squad/Parts/Utility/radialAttachmentPoint/radialAttachmentPoint.cfg/PART[stackPoint1]
[LOG 19:57:04.800] :AFTER[KSPCOMMUNITYFIXES] pass
[LOG 19:57:04.800] :BEFORE[KSPDIAGCOLLIDERS] pass
[LOG 19:57:04.800] :FOR[KSPDIAGCOLLIDERS] pass
[LOG 19:57:04.800] :AFTER[KSPDIAGCOLLIDERS] pass
[LOG 19:57:04.800] :BEFORE[KSPMCPSERVER] pass
[LOG 19:57:04.800] :FOR[KSPMCPSERVER] pass
[LOG 19:57:04.800] :AFTER[KSPMCPSERVER] pass
[LOG 19:57:04.800] :BEFORE[MODULEMANAGER] pass
[LOG 19:57:04.800] :FOR[MODULEMANAGER] pass
[LOG 19:57:04.800] :AFTER[MODULEMANAGER] pass
[LOG 19:57:04.800] :BEFORE[SQUAD] pass
[LOG 19:57:04.800] :FOR[SQUAD] pass
[LOG 19:57:04.800] :AFTER[SQUAD] pass
[LOG 19:57:04.800] :BEFORE[SQUADEXPANSION] pass
[LOG 19:57:04.800] :FOR[SQUADEXPANSION] pass
[LOG 19:57:04.800] :AFTER[SQUADEXPANSION] pass
[LOG 19:57:04.801] :LAST[999_KSP-RECALL] pass
[LOG 19:57:04.816] :FINAL pass
[LOG 19:57:04.816] Done patching
[LOG 19:57:04.817] Saving Cache
[LOG 19:57:04.934] Done!



#### END PATCH LOG ####
[LOG 20:27:26.454] ModuleManager: 33 patches loaded from cache

[LOG 20:27:26.454] Ran in 1.018s
[LOG 20:27:26.530] Done!



#### END MODULEMANAGER LOG ####
[LOG 20:27:29.665] [ModuleManager] Running tests...
[LOG 20:27:29.665] [ModuleManager] tests complete.
[LOG 20:27:29.666] [ModuleManager] Reloading resources definitions
[LOG 20:27:29.666] Resource LiquidFuel added to database
[LOG 20:27:29.666] Resource Oxidizer added to database
[LOG 20:27:29.667] Resource SolidFuel added to database
[LOG 20:27:29.667] Resource MonoPropellant added to database
[LOG 20:27:29.667] Resource XenonGas added to database
[LOG 20:27:29.667] Resource ElectricCharge added to database
[LOG 20:27:29.667] Resource IntakeAir added to database
[LOG 20:27:29.667] Resource EVA Propellant added to database
[LOG 20:27:29.667] Resource Ore added to database
[LOG 20:27:29.667] Resource Ablator added to database
[LOG 20:27:29.667] [ModuleManager] Reloading Trait configs
[LOG 20:27:29.667] ExperienceSystemConfig: Added Effect 'DeployedSciencePowerSkill' to Trait 'Ingénieur'
[LOG 20:27:29.667] ExperienceSystemConfig: Added Effect 'DeployedScienceExpSkill' to Trait 'Scientifique'
[LOG 20:27:29.667] [ModuleManager] Reloading Part Upgrades
[LOG 20:27:29.668] [ModuleManager] Setting modded physics as the active one
[LOG 20:27:29.669] PhysicsGlobals: Loading database
[LOG 20:27:29.670] [ModuleManager] Running post patch callbacks
[LOG 20:27:29.682] [KSPCommunityFixes] Patch AutoStrutDrift applied.
[LOG 20:27:29.686] [KSPCommunityFixes] Patch EditorAnimatedPartsShipModified applied.
[LOG 20:27:29.692] [KSPCommunityFixes] Patch DragCubeLoadException applied.
[LOG 20:27:29.697] [KSPCommunityFixes] Patch DoubleCurvePreserveTangents applied.
[LOG 20:27:29.750] [KSPCommunityFixes] Patch DockingPortRotationDriftAndFixes applied.
[LOG 20:27:29.798] [KSPCommunityFixes] Patch DockingPortConserveMomentum applied.
[LOG 20:27:29.804] [KSPCommunityFixes] Patch DebugConsoleDontStealInput applied.
[LOG 20:27:29.808] [KSPCommunityFixes] Patch CorrectDragForFlags applied.
[LOG 20:27:29.810] [KSPCommunityFixes] Patch CometMiningNotRemovingMass applied.
[LOG 20:27:29.816] [KSPCommunityFixes] Patch ChutePhantomSymmetry applied.
[LOG 20:27:29.819] [KSPCommunityFixes] Patch CometSpawnerUniqueFlightId applied.
[LOG 20:27:29.821] [KSPCommunityFixes] Patch AsteroidSpawnerUniqueFlightId applied.
[LOG 20:27:29.822] [KSPCommunityFixes] Patch AsteroidInfiniteMining applied.
[LOG 20:27:29.859] [KSPCommunityFixes] Patch PersistentIConfigNode applied.
[LOG 20:27:29.859] [KSPCommunityFixes] Patch OnSymmetryFieldChanged not applied (not enabled in Settings.cfg)
[LOG 20:27:29.860] [KSPCommunityFixes] Patch ModUpgradePipeline not applied (not enabled in Settings.cfg)
[LOG 20:27:29.860] [KSPCommunityFixes] Patch KSPFieldEnumDesc not applied (not enabled in Settings.cfg)
[LOG 20:27:29.861] [KSPCommunityFixes] Patch EventProfilerMarkers not applied (not enabled in Settings.cfg)
[LOG 20:27:29.861] [KSPCommunityFixes] Patch DockingPortLockedEvents not applied (not enabled in Settings.cfg)
[LOG 20:27:29.864] [KSPCommunityFixes] Patch DepartmentHeadImage applied.
[LOG 20:27:29.882] [KSPCommunityFixes] Patch BaseFieldListUseFieldHost applied.
[LOG 20:27:29.927] [KSPCommunityFixes] Patch ResourceConverterPerf applied.
[LOG 20:27:29.941] [KSPCommunityFixes] Patch ProgressTrackingSpeedBoost applied.
[LOG 20:27:29.950] [KSPCommunityFixes] Patch PQSUpdateNoMemoryAlloc applied.
[LOG 20:27:29.950] [KSPCommunityFixes] Patch PQSOnlyStartOnce not applied (not enabled in Settings.cfg)
[LOG 20:27:29.971] [KSPCommunityFixes] Patch PQSCoroutineLeak applied.
[LOG 20:27:30.009] [KSPCommunityFixes] Patch PartSystemsFastUpdate applied.
[LOG 20:27:30.038] [KSPCommunityFixes] Patch PartParsingPerf applied.
[LOG 20:27:30.044] [KSPCommunityFixes] Patch EnginePlateAirstreamShieldedTopPart applied.
[LOG 20:27:30.054] [KSPCommunityFixes] Patch EVAConstructionMass applied.
[LOG 20:27:30.064] [KSPCommunityFixes] Patch EVAConstructionUninitializedInventory applied.
[LOG 20:27:30.072] [KSPCommunityFixes] Patch EVAKerbalRecovery applied.
[LOG 20:27:30.078] [KSPCommunityFixes] Patch TimeWarpOrbitShift applied.
[LOG 20:27:30.081] [KSPCommunityFixes] Patch TimeWarpBodyCollision applied.
[LOG 20:27:30.096] [KSPCommunityFixes] Patch ThumbnailSpotlight applied.
[LOG 20:27:30.101] [KSPCommunityFixes] Patch SymmetryReferenceOnDelete applied.
[LOG 20:27:30.102] [KSPCommunityFixes] Patch StrategyDuration not applied (not enabled in Settings.cfg)
[LOG 20:27:30.104] [KSPCommunityFixes] Patch StockAlarmDescPreserveLineBreak applied.
[LOG 20:27:30.136] [KSPCommunityFixes] Patch StickySplashedFixer applied.
[LOG 20:27:30.145] [KSPCommunityFixes] Patch ScatterDistribution applied.
[LOG 20:27:30.177] [KSPCommunityFixes] Patch RoboticsDrift applied.
[LOG 20:27:30.179] [KSPCommunityFixes] Patch RestoreMaxPhysicsDT applied.
[LOG 20:27:30.201] [KSPCommunityFixes] Patch RespawnDeadKerbals applied.
[LOG 20:27:30.206] [KSPCommunityFixes] Patch RescaledRoboticParts applied.
[LOG 20:27:30.210] [KSPCommunityFixes] Patch ReRootPreserveSurfaceAttach applied.
[LOG 20:27:30.235] [KSPCommunityFixes] Patch OptimizedModuleRaycasts applied.
[LOG 20:27:30.243] GetSubclassesOfParentClass: Found 1 types with ModuleInventoryPart parent in 8 assemblies.
[LOG 20:27:30.249] [KSPCommunityFixes] Patch RefundingOnRecovery applied.
[LOG 20:27:30.249] [KSPCommunityFixes] Patch PatchedConicEncounterFlickering applied.
[LOG 20:27:30.274] [KSPCommunityFixes] Patch PartListTooltipIconSpin applied.
[LOG 20:27:30.279] [KSPCommunityFixes] Patch PackedPartsRotation applied.
[LOG 20:27:30.299] [KSPCommunityFixes] Patch ModulePartVariantsNodePersistence applied.
[LOG 20:27:30.302] [KSPCommunityFixes] Patch ModuleAnimateGenericCrewModSpawnIVA applied.
[LOG 20:27:30.304] [KSPCommunityFixes] Patch ModuleActiveRadiatorNoParentException applied.
[LOG 20:27:30.308] [KSPCommunityFixes] Patch MapTargetBodyWithEncounter applied.
[LOG 20:27:30.311] [KSPCommunityFixes] Patch LostSoundAfterSceneSwitch applied.
[LOG 20:27:30.321] [KSPCommunityFixes] Patch LadderToggleableLight applied.
[LOG 20:27:30.340] [KSPCommunityFixes] Patch InventoryPartMass applied.
[LOG 20:27:30.351] [KSPCommunityFixes] Patch HarvesterECConsumption applied.
[LOG 20:27:30.353] [KSPCommunityFixes] Patch FixGetUnivseralTime applied.
[LOG 20:27:30.368] [KSPCommunityFixes] Patch ExtendedDeployableParts applied.
[LOG 20:27:30.371] [KSPCommunityFixes] Patch PropellantFlowDescription applied.
[LOG 20:27:30.397] [KSPCommunityFixes] Patch OptimisedVectorLines applied.
[LOG 20:27:30.407] [KSPCommunityFixes] Patch ModuleDockingNodeFindOtherNodesFaster applied.
[LOG 20:27:30.413] [KSPCommunityFixes] Patch ModuleColorChangerOptimization applied.
[LOG 20:27:30.420] [KSPCommunityFixes] Patch AutoSavedCraftNameAtLaunch applied.
[LOG 20:27:30.451] [KSPCommunityFixes] Patch PAWCollapsedInventories applied.
[LOG 20:27:30.457] [KSPCommunityFixes] Patch UIFloatEditNumericInput applied.
[LOG 20:27:30.488] [KSPCommunityFixes] Patch PAWStockGroups applied.
[LOG 20:27:30.501] [KSPCommunityFixes] Patch AltimeterHorizontalPosition applied.
[LOG 20:27:30.510] [KSPCommunityFixes] Patch SceneLoadSpeedBoost applied.
[LOG 20:27:30.572] [KSPCommunityFixes] Patch OnDemandPartBuoyancy applied.
[LOG 20:27:30.575] [KSPCommunityFixes] Patch ForceSyncSceneSwitch applied.
[LOG 20:27:30.576] [KSPCommunityFixes] Patch FewerSaves not applied (not enabled in Settings.cfg)
[LOG 20:27:30.578] [KSPCommunityFixes] Patch WheelInertiaLimit applied.
[LOG 20:27:30.579] [KSPCommunityFixes] Patch StockAlarmCustomFormatterDate isn't applicable to this KSP version.
[LOG 20:27:30.598] [KSPCommunityFixes] Patch ROCValidationOOR applied.
[LOG 20:27:30.603] [KSPCommunityFixes] Patch ZeroCostTechNodes applied.
[LOG 20:27:30.605] [KSPCommunityFixes] Patch ReactionWheelsPotentialTorque applied.
[LOG 20:27:30.611] [KSPCommunityFixes] Patch PAWGroupMemory applied.
[LOG 20:27:30.665] [KSPCommunityFixes] Patch PartStartStability applied.
[LOG 20:27:30.676] [KSPCommunityFixes] Patch PartBoundsIgnoreDisabledTransforms applied.
[LOG 20:27:30.740] [KSPCommunityFixes] Patch ModuleIndexingMismatch applied.
[LOG 20:27:30.746] [KSPCommunityFixes] Patch MapSOCorrectWrapping applied.
[LOG 20:27:30.747] [KSPCommunityFixes] Patch KerbalTooltipMaxSustainedG applied.
[LOG 20:27:30.752] [KSPCommunityFixes] Patch KerbalInventoryPersistence applied.
[LOG 20:27:30.752] [KSPCommunityFixes] Patch FlightSceneLoadKraken not applied (not enabled in Settings.cfg)
[LOG 20:27:30.756] [KSPCommunityFixes] Patch FIUpdateRadiation applied.
[LOG 20:27:30.759] [KSPCommunityFixes] Patch FastAndFixedEnumExtensions applied.
[LOG 20:27:30.810] [KSPCommunityFixes] Patch DeltaVHideWhenDisabled applied.
[LOG 20:27:30.816] [KSPCommunityFixes] Patch BlockMapViewPartClick applied.
[LOG 20:27:30.821] [KSPCommunityFixes] Patch PAWItemsOrder applied.
[LOG 20:27:30.898] [KSPCommunityFixes] Patch BetterEditorUndoRedo applied.
[LOG 20:27:30.937] [KSPCommunityFixes] Patch AutostrutActions applied.
[LOG 20:27:30.938] [KSPCommunityFixes] Patch DisableNewGameIntro not applied (not enabled in Settings.cfg)
[LOG 20:27:31.030] [KSPCommunityFixes] Patch MinorPerfTweaks applied.
[LOG 20:27:31.144] [KSPCommunityFixes] Patch MemoryLeaks applied.
[LOG 20:27:31.153] [KSPCommunityFixes] Patch LowerMinPhysicsDTPerFrame applied.
[LOG 20:27:31.159] [KSPCommunityFixes] Patch LocalizerPerf applied.
[LOG 20:27:31.161] [KSPCommunityFixes] Patch IMGUIOptimization applied.
[LOG 20:27:31.183] [KSPCommunityFixes] Patch FloatingOriginPerf applied.
[LOG 20:27:31.268] [KSPCommunityFixes] Patch FlightIntegratorPerf applied.
[LOG 20:27:31.276] [KSPCommunityFixes] Patch FasterPartFindTransform applied.
[LOG 20:27:31.297] [KSPCommunityFixes] Patch FasterEditorPartList applied.
[LOG 20:27:31.300] [KSPCommunityFixes] Patch ExpansionBundlePreload applied.
[LOG 20:27:31.326] [KSPCommunityFixes] Patch DragCubeGeneration applied.
[LOG 20:27:31.340] [KSPCommunityFixes] Patch DisableMapUpdateInFlight applied.
[LOG 20:27:31.341] [KSPCommunityFixes] Patch DisableHiddenPortraits applied.
[LOG 20:27:31.344] [KSPCommunityFixes] Patch DisableManeuverTool applied.
[LOG 20:27:31.370] [KSPCommunityFixes] Patch CraftBrowserOptimisations applied.
[LOG 20:27:31.374] [KSPCommunityFixes] Patch CommNetThrottling applied.
[LOG 20:27:31.380] [KSPCommunityFixes] Patch FairingMouseOverPersistence applied.
[LOG 20:27:31.401] [KSPCommunityFixes] Patch OptionalMakingHistoryDLCFeatures applied.
[LOG 20:27:31.406] [KSPCommunityFixes] Patch ResourceLockActions applied.
[LOG 20:27:31.415] [KSPCommunityFixes] Patch ShowContractFinishDates applied.
[LOG 20:27:31.427] [KSPCommunityFixes] Patch TargetParentBody applied.
[LOG 20:27:31.451] [KSPCommunityFixes] Patch ToolbarShowHide applied.
[LOG 20:27:31.455] [KSPCommunityFixes] Patch ContractProgressEnumCache applied.
[LOG 20:27:31.473] [KSPCommunityFixes] Patch ActiveRadiatorPerf applied.
[LOG 20:27:31.479] [KSPCommunityFixes] Patch CargoBayPerf applied.
[LOG 20:27:31.491] [KSPCommunityFixes] Patch CollisionEnhancerFastUpdate applied.
[LOG 20:27:31.497] [KSPCommunityFixes] Patch CollisionManagerFastUpdate applied.
[LOG 20:27:31.506] [KSPCommunityFixes] Patch AsteroidAndCometDrillCache applied.
[LOG 20:27:31.522] [KSPCommunityFixes] Patch TweakableWheelsAutostrut applied.
[LOG 20:27:31.560] [KSPCommunityFixes] Patch PatchSettings applied.
[LOG 20:27:31.618] [KSPCommunityFixes] Patch UpgradeBugs applied.
[LOG 20:27:31.619] [KSPCommunityFixes] Patch PartTooltipUpgradesApplyToSubstituteParts not applied (not enabled in Settings.cfg)
[LOG 20:27:31.704] [ModuleManager] Calling ConfigNodePerf.ModuleManagerPostLoad()
[LOG 20:27:31.708] [ModuleManager] Post patch ran in 2.047s
[LOG 20:27:31.752] PartLoader: Loading part database
[LOG 20:27:31.753] PartLoader: Compiling Part 'Squad/Parts/Aero/aerodynamicNoseCone/aerodynamicNoseCone/noseCone'
[LOG 20:27:31.781] EffectList: Created 15 effect types
[LOG 20:27:31.893] PartLoader: Compiling Part 'Squad/Parts/Aero/airbrake/Airbrake/airbrake1'
[LOG 20:27:31.939] PartLoader: Compiling Part 'Squad/Parts/Aero/airIntakeRadialXM-G50/airIntakeRadialXM-G50/airScoop'
[LOG 20:27:31.964] PartLoader: Compiling Part 'Squad/Parts/Aero/airlinerWings/ControlSurface/airlinerCtrlSrf'
[LOG 20:27:31.976] PartLoader: Compiling Part 'Squad/Parts/Aero/airlinerWings/MainWing/airlinerMainWing'
[LOG 20:27:31.986] PartLoader: Compiling Part 'Squad/Parts/Aero/airlinerWings/TailFin/airlinerTailFin'
[LOG 20:27:32.003] PartLoader: Compiling Part 'Squad/Parts/Aero/airplaneFins/advancedCanard/AdvancedCanard'
[LOG 20:27:32.012] PartLoader: Compiling Part 'Squad/Parts/Aero/airplaneFins/standardCanard/CanardController'
[LOG 20:27:32.021] PartLoader: Compiling Part 'Squad/Parts/Aero/airplaneFins/sweptWing/sweptWing'
[LOG 20:27:32.025] PartLoader: Compiling Part 'Squad/Parts/Aero/airplaneFins/tailfin/tailfin'
[LOG 20:27:32.032] PartLoader: Compiling Part 'Squad/Parts/Aero/basicFin/basicFin/basicFin'
[LOG 20:27:32.043] PartLoader: Compiling Part 'Squad/Parts/Aero/circularIntake/circularIntake/CircularIntake'
[LOG 20:27:32.062] PartLoader: Compiling Part 'Squad/Parts/Aero/circularIntake/intakeShockCone/shockConeIntake'
[LOG 20:27:32.073] PartLoader: Compiling Part 'Squad/Parts/Aero/cones/avionicsNoseCone/avionicsNoseCone'
[LOG 20:27:32.108] PartLoader: Compiling Part 'Squad/Parts/Aero/cones/ConeA/pointyNoseConeA'
[LOG 20:27:32.115] PartLoader: Compiling Part 'Squad/Parts/Aero/cones/ConeB/pointyNoseConeB'
[LOG 20:27:32.122] PartLoader: Compiling Part 'Squad/Parts/Aero/cones/noseConeAdapter/noseConeAdapter'
[LOG 20:27:32.126] PartLoader: Compiling Part 'Squad/Parts/Aero/cones/protectiveRocketNoseMk7_v2/rocketNoseCone_v2'
[LOG 20:27:32.132] PartLoader: Compiling Part 'Squad/Parts/Aero/cones/protectiveRocketNoseMk7_v3/rocketNoseCone_v3'
[LOG 20:27:32.142] PartLoader: Compiling Part 'Squad/Parts/Aero/cones/rocketNoseCone_size3/rocketNoseConeSize3'
[LOG 20:27:32.146] PartLoader: Compiling Part 'Squad/Parts/Aero/cones/smallNoseCone/standardNoseCone'
[LOG 20:27:32.149] PartLoader: Compiling Part 'Squad/Parts/Aero/cones/tailConnectorA/airplaneTail'
[LOG 20:27:32.155] PartLoader: Compiling Part 'Squad/Parts/Aero/cones/tailConnectorB/airplaneTailB'
[LOG 20:27:32.160] PartLoader: Compiling Part 'Squad/Parts/Aero/fairings/fairingSize1/fairingSize1'
[LOG 20:27:32.223] PartLoader: Compiling Part 'Squad/Parts/Aero/fairings/fairingSize2/fairingSize2'
[LOG 20:27:32.245] PartLoader: Compiling Part 'Squad/Parts/Aero/fairings/fairingSize3/fairingSize3'
[LOG 20:27:32.266] PartLoader: Compiling Part 'Squad/Parts/Aero/HeatShield/HeatShield0/HeatShield0'
[LOG 20:27:32.293] PartLoader: Compiling Part 'Squad/Parts/Aero/HeatShield/HeatShield1/HeatShield1'
[LOG 20:27:32.309] PartLoader: Compiling Part 'Squad/Parts/Aero/HeatShield/HeatShield2/HeatShield2'
[LOG 20:27:32.319] PartLoader: Compiling Part 'Squad/Parts/Aero/HeatShield/HeatShield3/HeatShield3'
[LOG 20:27:32.327] PartLoader: Compiling Part 'Squad/Parts/Aero/InflatableHeatShield/HeatShield/InflatableHeatShield'
[LOG 20:27:32.338] PartLoader: Compiling Part 'Squad/Parts/Aero/intakeRadialLong/intakeRadialLong/IntakeRadialLong'
[LOG 20:27:32.344] PartLoader: Compiling Part 'Squad/Parts/Aero/miniIntake/SmallIntake/miniIntake'
[LOG 20:27:32.351] PartLoader: Compiling Part 'Squad/Parts/Aero/ramAirIntake/ramAirIntake/ramAirIntake'
[LOG 20:27:32.356] PartLoader: Compiling Part 'Squad/Parts/Aero/shuttleWings/delta/wingShuttleDelta'
[LOG 20:27:32.359] PartLoader: Compiling Part 'Squad/Parts/Aero/shuttleWings/elevon1/wingShuttleElevon1'
[LOG 20:27:32.363] PartLoader: Compiling Part 'Squad/Parts/Aero/shuttleWings/elevon2/wingShuttleElevon2'
[LOG 20:27:32.368] PartLoader: Compiling Part 'Squad/Parts/Aero/shuttleWings/rudder/wingShuttleRudder'
[LOG 20:27:32.374] PartLoader: Compiling Part 'Squad/Parts/Aero/shuttleWings/strake/wingShuttleStrake'
[LOG 20:27:32.380] PartLoader: Compiling Part 'Squad/Parts/Aero/wingletAV-R8/wingletAV-R8/R8winglet'
[LOG 20:27:32.387] PartLoader: Compiling Part 'Squad/Parts/Aero/wingletAV-T1/wingletAV-T1/winglet'
[LOG 20:27:32.391] PartLoader: Compiling Part 'Squad/Parts/Aero/wingletDeltaDeluxe/wingletDeltaDeluxe/winglet3'
[LOG 20:27:32.397] PartLoader: Compiling Part 'Squad/Parts/Aero/wings/connector1/wingConnector'
[LOG 20:27:32.399] PartLoader: Compiling Part 'Squad/Parts/Aero/wings/connector2/wingConnector2'
[LOG 20:27:32.403] PartLoader: Compiling Part 'Squad/Parts/Aero/wings/connector3/wingConnector3'
[LOG 20:27:32.407] PartLoader: Compiling Part 'Squad/Parts/Aero/wings/connector4/wingConnector4'
[LOG 20:27:32.412] PartLoader: Compiling Part 'Squad/Parts/Aero/wings/connector5/wingConnector5'
[LOG 20:27:32.417] PartLoader: Compiling Part 'Squad/Parts/Aero/wings/delta/deltaWing'
[LOG 20:27:32.421] PartLoader: Compiling Part 'Squad/Parts/Aero/wings/delta_small/delta_small'
[LOG 20:27:32.425] PartLoader: Compiling Part 'Squad/Parts/Aero/wings/elevon1/StandardCtrlSrf'
[LOG 20:27:32.432] PartLoader: Compiling Part 'Squad/Parts/Aero/wings/elevon2/elevon2'
[LOG 20:27:32.438] PartLoader: Compiling Part 'Squad/Parts/Aero/wings/elevon3/elevon3'
[LOG 20:27:32.445] PartLoader: Compiling Part 'Squad/Parts/Aero/wings/elevon4/smallCtrlSrf'
[LOG 20:27:32.454] PartLoader: Compiling Part 'Squad/Parts/Aero/wings/elevon5/elevon5'
[LOG 20:27:32.462] PartLoader: Compiling Part 'Squad/Parts/Aero/wings/strake/wingStrake'
[LOG 20:27:32.467] PartLoader: Compiling Part 'Squad/Parts/Aero/wings/structural1/structuralWing'
[LOG 20:27:32.471] PartLoader: Compiling Part 'Squad/Parts/Aero/wings/structural2/structuralWing2'
[LOG 20:27:32.474] PartLoader: Compiling Part 'Squad/Parts/Aero/wings/structural3/structuralWing3'
[LOG 20:27:32.477] PartLoader: Compiling Part 'Squad/Parts/Aero/wings/structural4/structuralWing4'
[LOG 20:27:32.480] PartLoader: Compiling Part 'Squad/Parts/Aero/wings/swept1/sweptWing1'
[LOG 20:27:32.485] PartLoader: Compiling Part 'Squad/Parts/Aero/wings/swept2/sweptWing2'
[LOG 20:27:32.491] PartLoader: Compiling Part 'Squad/Parts/Cargo/CargoContainers/cargoContainer/cargoContainer'
[WRN 20:27:32.495] [Part]: Cannot have ModuleCargoPart and ModuleInventoryPart on same Part [cargoContainer'. Removed ModuleCargoPart
[LOG 20:27:32.505] PartLoader: Compiling Part 'Squad/Parts/Cargo/CargoContainers/smallCargoContainer/smallCargoContainer'
[WRN 20:27:32.508] [Part]: Cannot have ModuleCargoPart and ModuleInventoryPart on same Part [smallCargoContainer'. Removed ModuleCargoPart
[LOG 20:27:32.511] PartLoader: Compiling Part 'Squad/Parts/Cargo/Cylinder/Cylinder/evaCylinder'
[LOG 20:27:32.514] PartLoader: Compiling Part 'Squad/Parts/Cargo/GroundAnchor/groundAnchor/groundAnchor'
[LOG 20:27:32.540] PartLoader: Compiling Part 'Squad/Parts/Cargo/Jetpack/Jetpack/evaJetpack'
[LOG 20:27:32.543] PartLoader: Compiling Part 'Squad/Parts/Cargo/Parachute/Parachute/evaChute'
[LOG 20:27:32.546] PartLoader: Compiling Part 'Squad/Parts/Cargo/RepairKit/RepairKit/evaRepairKit'
[LOG 20:27:32.554] PartLoader: Compiling Part 'Squad/Parts/Cargo/ScienceKit/evaScienceKit/evaScienceKit'
[LOG 20:27:32.558] PartLoader: Compiling Part 'Squad/Parts/Cargo/StorageUnits/CargoStorageUnit/CargoStorageUnit'
[WRN 20:27:32.560] [Part]: Cannot have ModuleCargoPart and ModuleInventoryPart on same Part [CargoStorageUnit'. Removed ModuleCargoPart
[LOG 20:27:32.563] PartLoader: Compiling Part 'Squad/Parts/Cargo/StorageUnits/ConformalStorageUnit/ConformalStorageUnit'
[WRN 20:27:32.565] [Part]: Cannot have ModuleCargoPart and ModuleInventoryPart on same Part [ConformalStorageUnit'. Removed ModuleCargoPart
[LOG 20:27:32.567] PartLoader: Compiling Part 'Squad/Parts/Command/advancedSasModuleLarge/advSasModuleLarge/asasmodule1-2'
[LOG 20:27:32.578] PartLoader: Compiling Part 'Squad/Parts/Command/cupola/cupola/cupola'
[LOG 20:27:32.615] PartLoader: Compiling Part 'Squad/Parts/Command/externalCommandSeat/externalCommandSeat/seatExternalCmd'
[LOG 20:27:32.624] PartLoader: Compiling Part 'Squad/Parts/Command/hitchhikerStorageContainer/hitchikerStorageContainer/crewCabin'
[LOG 20:27:32.632] PartLoader: Compiling Part 'Squad/Parts/Command/inlineAdvancedStabilizer/inlineAdvancedStabilizer/advSasModule'
[LOG 20:27:32.637] PartLoader: Compiling Part 'Squad/Parts/Command/inlineReactionWheel/inlineReactionWheel/sasModule'
[LOG 20:27:32.640] PartLoader: Compiling Part 'Squad/Parts/Command/Mk1-3Pod/mk1-3/mk1-3pod'
[LOG 20:27:32.674] PartLoader: Compiling Part 'Squad/Parts/Command/mk1Cockpits/mk1Cockpit/Mark1Cockpit'
[WRN 20:27:32.680] [Part]: Cannot have ModuleCargoPart and ModuleInventoryPart on same Part [Mark1Cockpit'. Removed ModuleCargoPart
[LOG 20:27:32.686] PartLoader: Compiling Part 'Squad/Parts/Command/mk1Cockpits/mk1CrewCabin/MK1CrewCabin'
[WRN 20:27:32.690] [Part]: Cannot have ModuleCargoPart and ModuleInventoryPart on same Part [MK1CrewCabin'. Removed ModuleCargoPart
[LOG 20:27:32.694] PartLoader: Compiling Part 'Squad/Parts/Command/mk1Cockpits/mk1InlineCockpit/Mark2Cockpit'
[WRN 20:27:32.699] [Part]: Cannot have ModuleCargoPart and ModuleInventoryPart on same Part [Mark2Cockpit'. Removed ModuleCargoPart
[LOG 20:27:32.710] PartLoader: Compiling Part 'Squad/Parts/Command/mk1LanderCan/mk1LanderCan/landerCabinSmall'
[WRN 20:27:32.716] [Part]: Cannot have ModuleCargoPart and ModuleInventoryPart on same Part [landerCabinSmall'. Removed ModuleCargoPart
[LOG 20:27:32.720] PartLoader: Compiling Part 'Squad/Parts/Command/mk1pod_v2/mk1Pod_v2/mk1pod_v2'
[WRN 20:27:32.724] [Part]: Cannot have ModuleCargoPart and ModuleInventoryPart on same Part [mk1pod.v2'. Removed ModuleCargoPart
[LOG 20:27:32.729] PartLoader: Compiling Part 'Squad/Parts/Command/mk2CockpitInline/mk2CockpitInline/mk2Cockpit_Inline'
[WRN 20:27:32.733] [Part]: Cannot have ModuleCargoPart and ModuleInventoryPart on same Part [mk2Cockpit.Inline'. Removed ModuleCargoPart
[LOG 20:27:32.738] PartLoader: Compiling Part 'Squad/Parts/Command/mk2CockpitStandard/mk2CockpitStandard/mk2Cockpit_Standard'
[WRN 20:27:32.742] [Part]: Cannot have ModuleCargoPart and ModuleInventoryPart on same Part [mk2Cockpit.Standard'. Removed ModuleCargoPart
[LOG 20:27:32.751] PartLoader: Compiling Part 'Squad/Parts/Command/mk2DroneCore/mk2Dronecore/mk2DroneCore'
[LOG 20:27:32.762] PartLoader: Compiling Part 'Squad/Parts/Command/mk2LanderCan/mk2LanderCan/mk2LanderCabin'
[WRN 20:27:32.767] [Part]: Cannot have ModuleCargoPart and ModuleInventoryPart on same Part [mk2LanderCabin'. Removed ModuleCargoPart
[LOG 20:27:32.771] PartLoader: Compiling Part 'Squad/Parts/Command/mk2LanderCan_v2/mk2LanderCan_v2/mk2LanderCabin_v2'
[WRN 20:27:32.775] [Part]: Cannot have ModuleCargoPart and ModuleInventoryPart on same Part [mk2LanderCabin.v2'. Removed ModuleCargoPart
[LOG 20:27:32.781] PartLoader: Compiling Part 'Squad/Parts/Command/mk3CockpitShuttle/mk3CockpitShuttle/mk3Cockpit_Shuttle'
[LOG 20:27:32.791] PartLoader: Compiling Part 'Squad/Parts/Command/MpoProbe/MpoProbe/MpoProbe'
[LOG 20:27:32.805] PartLoader: Compiling Part 'Squad/Parts/Command/MtmStage/MTM_Stage/MtmStage'
[LOG 20:27:32.811] PartLoader: Compiling Part 'Squad/Parts/Command/probeCoreCube/probeCoreCube/probeCoreCube'
[LOG 20:27:32.817] PartLoader: Compiling Part 'Squad/Parts/Command/probeCoreHex/probeCoreHex/probeCoreHex'
[LOG 20:27:32.825] PartLoader: Compiling Part 'Squad/Parts/Command/probeCoreHex_v2/probeCoreHex_v2/probeCoreHex_v2'
[LOG 20:27:32.833] PartLoader: Compiling Part 'Squad/Parts/Command/probeCoreOcto2_v2/probeCoreOcto2_v2/probeCoreOcto2_v2'
[LOG 20:27:32.844] PartLoader: Compiling Part 'Squad/Parts/Command/probeCoreOcto_v2/probeCoreOcto_v2/probeCoreOcto_v2'
[LOG 20:27:32.850] PartLoader: Compiling Part 'Squad/Parts/Command/probeRoverBody/probeRoverBody/roverBody'
[LOG 20:27:32.856] PartLoader: Compiling Part 'Squad/Parts/Command/probeRoverBody_v2/probeRoverBody_v2/roverBody_v2'
[LOG 20:27:32.864] PartLoader: Compiling Part 'Squad/Parts/Command/probeStackLarge/probeStackLarge/probeStackLarge'
[LOG 20:27:32.876] PartLoader: Compiling Part 'Squad/Parts/Command/probeStackSmall/probeStackSmall/probeStackSmall'
[LOG 20:27:32.885] PartLoader: Compiling Part 'Squad/Parts/Command/probeStackSphere_v2/probeStackSphere_v2/probeCoreSphere_v2'
[LOG 20:27:32.890] PartLoader: Compiling Part 'Squad/Parts/CompoundParts/FuelLine/fuelLine/fuelLine'
[LOG 20:27:32.912] PartLoader: Compiling Part 'Squad/Parts/CompoundParts/strutConnector/strutConnector/strutConnector'
[LOG 20:27:32.922] PartLoader: Compiling Part 'Squad/Parts/Coupling/Decoupler_0/Decoupler_0'
[LOG 20:27:32.935] PartLoader: Compiling Part 'Squad/Parts/Coupling/Decoupler_1/Decoupler_1'
[LOG 20:27:32.942] PartLoader: Compiling Part 'Squad/Parts/Coupling/Decoupler_2/Decoupler_2'
[LOG 20:27:32.947] PartLoader: Compiling Part 'Squad/Parts/Coupling/Decoupler_3/Decoupler_3'
[LOG 20:27:32.954] PartLoader: Compiling Part 'Squad/Parts/Coupling/Separator_0/Separator_0'
[LOG 20:27:32.961] PartLoader: Compiling Part 'Squad/Parts/Coupling/Separator_1/Separator_1'
[LOG 20:27:32.972] PartLoader: Compiling Part 'Squad/Parts/Coupling/Separator_2/Separator_2'
[LOG 20:27:32.980] PartLoader: Compiling Part 'Squad/Parts/Coupling/Separator_3/Separator_3'
[LOG 20:27:32.985] PartLoader: Compiling Part 'Squad/Parts/Electrical/10CSolarPanels/OX-10C/solarPanelOX10C'
[LOG 20:27:33.000] PartLoader: Compiling Part 'Squad/Parts/Electrical/10CSolarPanels/SP-10C/solarPanelSP10C'
[LOG 20:27:33.008] PartLoader: Compiling Part 'Squad/Parts/Electrical/10LSolarPanels/OX-10L/solarPanelOX10L'
[LOG 20:27:33.014] PartLoader: Compiling Part 'Squad/Parts/Electrical/10LSolarPanels/SP-10L/solarPanelSP10L'
[LOG 20:27:33.021] PartLoader: Compiling Part 'Squad/Parts/Electrical/1x6ShroudSolarPanels/1x6ShroudSolarPanels/solarPanels2'
[LOG 20:27:33.027] PartLoader: Compiling Part 'Squad/Parts/Electrical/1x6SolarPanels/1x6SolarPanels/solarPanels4'
[LOG 20:27:33.038] PartLoader: Compiling Part 'Squad/Parts/Electrical/3x2ShroudSolarPanels/3x2ShroudSolarPanels/solarPanels1'
[LOG 20:27:33.046] PartLoader: Compiling Part 'Squad/Parts/Electrical/3x2SolarPanels/3x2SolarPanels/solarPanels3'
[LOG 20:27:33.052] PartLoader: Compiling Part 'Squad/Parts/Electrical/gigantorXlSolarArray/gigantorXlSolarArray/largeSolarPanel'
[LOG 20:27:33.059] PartLoader: Compiling Part 'Squad/Parts/Electrical/radialFlatSolarPanel/radialFlatSolarPanel/solarPanels5'
[LOG 20:27:33.066] PartLoader: Compiling Part 'Squad/Parts/Electrical/RTG/RTG/rtg'
[LOG 20:27:33.101] PartLoader: Compiling Part 'Squad/Parts/Electrical/z-100Battery/z-100Battery/batteryPack'
[LOG 20:27:33.106] PartLoader: Compiling Part 'Squad/Parts/Electrical/z-1kBattery/z-1kBattery/batteryBank'
[LOG 20:27:33.109] PartLoader: Compiling Part 'Squad/Parts/Electrical/z-200Battery/z-200Battery/batteryBankMini'
[LOG 20:27:33.111] PartLoader: Compiling Part 'Squad/Parts/Electrical/z-400Battery/z-400Battery/ksp_r_largeBatteryPack'
[LOG 20:27:33.114] PartLoader: Compiling Part 'Squad/Parts/Electrical/z-4kBattery/z-4kBattery/batteryBankLarge'
[LOG 20:27:33.116] PartLoader: Compiling Part 'Squad/Parts/Engine/ionEngine/ionEngine/ionEngine'
[LOG 20:27:33.138] PartLoader: Compiling Part 'Squad/Parts/Engine/jetEngines/jetEngineAfterburning/turboJet'
[LOG 20:27:33.179] PartLoader: Compiling Part 'Squad/Parts/Engine/jetEngines/jetEngineBasic/JetEngine'
[LOG 20:27:33.189] PartLoader: Compiling Part 'Squad/Parts/Engine/jetEngines/jetEngineBig/turboFanSize2'
[LOG 20:27:33.202] PartLoader: Compiling Part 'Squad/Parts/Engine/jetEngines/jetEngineTurbo/turboFanEngine'
[LOG 20:27:33.217] PartLoader: Compiling Part 'Squad/Parts/Engine/liquidEngine24-77/liquidEngine24-77/smallRadialEngine'
[LOG 20:27:33.227] PartLoader: Compiling Part 'Squad/Parts/Engine/liquidEngine24-77_v2/liquidEngine24-77_v2/smallRadialEngine_v2'
[LOG 20:27:33.262] PartLoader: Compiling Part 'Squad/Parts/Engine/liquidEngine48-7S_v2/liquidEngine48-7S_v2/liquidEngineMini_v2'
[LOG 20:27:33.282] PartLoader: Compiling Part 'Squad/Parts/Engine/liquidEngineAerospike/liquidEngineAerospike/toroidalAerospike'
[LOG 20:27:33.308] PartLoader: Compiling Part 'Squad/Parts/Engine/liquidEngineLV-1_v2/liquidEngineLV-1R _v2/radialEngineMini_v2'
[LOG 20:27:33.324] PartLoader: Compiling Part 'Squad/Parts/Engine/liquidEngineLV-1_v2/liquidEngineLV-1_v2/microEngine_v2'
[LOG 20:27:33.336] PartLoader: Compiling Part 'Squad/Parts/Engine/liquidEngineLV-909_v2/liquidEngineLV-909_v2/liquidEngine3_v2'
[LOG 20:27:33.348] PartLoader: Compiling Part 'Squad/Parts/Engine/liquidEngineLV-N/liquidEngineLV-N/nuclearEngine'
[LOG 20:27:33.360] PartLoader: Compiling Part 'Squad/Parts/Engine/liquidEngineLV-T30/liquidEngineLV-T30/liquidEngine'
[LOG 20:27:33.373] PartLoader: Compiling Part 'Squad/Parts/Engine/liquidEngineLV-T30_v2/liquidEngineLV-T30_v2/liquidEngine_v2'
[LOG 20:27:33.410] PartLoader: Compiling Part 'Squad/Parts/Engine/liquidEngineLV-T45/liquidEngineLV-T45/liquidEngine2'
[LOG 20:27:33.421] PartLoader: Compiling Part 'Squad/Parts/Engine/liquidEngineLV-T45_v2/liquidEngineLV-T45_v2/liquidEngine2_v2'
[LOG 20:27:33.431] PartLoader: Compiling Part 'Squad/Parts/Engine/liquidEngineMainsail_v2/liquidEngineMainsail_v2/liquidEngineMainsail_v2'
[LOG 20:27:33.443] PartLoader: Compiling Part 'Squad/Parts/Engine/liquidEngineMk55/liquidEngineMk55/radialLiquidEngine1-2'
[LOG 20:27:33.454] PartLoader: Compiling Part 'Squad/Parts/Engine/liquidEnginePoodle_v2/liquidEnginePoodle_v2/liquidEngine2-2_v2'
[LOG 20:27:33.466] PartLoader: Compiling Part 'Squad/Parts/Engine/liquidEngineSkipper_v2/skipperLiquidEngine_v2/engineLargeSkipper_v2'
[LOG 20:27:33.476] PartLoader: Compiling Part 'Squad/Parts/Engine/liquidEngineSSME/SSME/SSME'
[LOG 20:27:33.491] PartLoader: Compiling Part 'Squad/Parts/Engine/MassiveSRB/part/MassiveBooster'
[LOG 20:27:33.501] PartLoader: Compiling Part 'Squad/Parts/Engine/miniJet/SmallJetEngine/miniJetEngine'
[LOG 20:27:33.509] PartLoader: Compiling Part 'Squad/Parts/Engine/OMSEngine/omsEngine/omsEngine'
[LOG 20:27:33.518] PartLoader: Compiling Part 'Squad/Parts/Engine/rapierEngine/rapierEngine/RAPIER'
[LOG 20:27:33.536] PartLoader: Compiling Part 'Squad/Parts/Engine/Size1_SRBs/solidBoosterRT-10_v2/solidBooster_v2'
[LOG 20:27:33.545] PartLoader: Compiling Part 'Squad/Parts/Engine/Size1_SRBs/solidBoosterRT-5_v2/solidBooster_sm_v2'
[LOG 20:27:33.552] PartLoader: Compiling Part 'Squad/Parts/Engine/Size2LFB/part/Size2LFB'
[LOG 20:27:33.564] PartLoader: Compiling Part 'Squad/Parts/Engine/Size2LFB_v2/part/Size2LFB_v2'
[LOG 20:27:33.578] PartLoader: Compiling Part 'Squad/Parts/Engine/Size3AdvancedEngine/part/Size3AdvancedEngine'
[LOG 20:27:33.589] PartLoader: Compiling Part 'Squad/Parts/Engine/Size3EngineCluster/part/Size3EngineCluster'
[LOG 20:27:33.597] PartLoader: Compiling Part 'Squad/Parts/Engine/solidBoosterBACC/solidBoosterBACC/solidBooster1-1'
[LOG 20:27:33.603] PartLoader: Compiling Part 'Squad/Parts/Engine/solidBoosterS2-17/solidBoosterS2-17/Thoroughbred'
[LOG 20:27:33.612] PartLoader: Compiling Part 'Squad/Parts/Engine/solidBoosterS2-33/solidBoosterS2-33/Clydesdale'
[LOG 20:27:33.621] PartLoader: Compiling Part 'Squad/Parts/Engine/solidBoosterSep/solidBoosterSep/sepMotor1'
[LOG 20:27:33.624] [ModuleCargoPart]: Setting stackableQuantity to 1 as sepMotor1 contains resources
[LOG 20:27:33.628] PartLoader: Compiling Part 'Squad/Parts/Engine/SolidBoostersF/SolidBoosterF3S0/Shrimp'
[LOG 20:27:33.635] PartLoader: Compiling Part 'Squad/Parts/Engine/SolidBoostersF/SolidBoosterFM1/Mite'
[LOG 20:27:33.641] PartLoader: Compiling Part 'Squad/Parts/FuelTank/adapterTanks/Mk3-Mk2/adapterMk3-Mk2'
[LOG 20:27:33.643] PartLoader: Compiling Part 'Squad/Parts/FuelTank/adapterTanks/Mk3-ShuttleAdapter/adapterEngines'
[LOG 20:27:33.646] PartLoader: Compiling Part 'Squad/Parts/FuelTank/adapterTanks/Mk3-Size2/adapterMk3-Size2'
[LOG 20:27:33.649] PartLoader: Compiling Part 'Squad/Parts/FuelTank/adapterTanks/Mk3-Size2Slant/adapterMk3-Size2Slant'
[LOG 20:27:33.651] PartLoader: Compiling Part 'Squad/Parts/FuelTank/adapterTanks/Size2-Mk2/adapterSize2-Mk2'
[LOG 20:27:33.653] PartLoader: Compiling Part 'Squad/Parts/FuelTank/adapterTanks/Size2-Size1/adapterSize2-Size1'
[LOG 20:27:33.655] PartLoader: Compiling Part 'Squad/Parts/FuelTank/adapterTanks/Size2-Size1Slant/adapterSize2-Size1Slant'
[LOG 20:27:33.657] PartLoader: Compiling Part 'Squad/Parts/FuelTank/adapterTanks/Size3-Mk3/adapterSize3-Mk3'
[LOG 20:27:33.660] PartLoader: Compiling Part 'Squad/Parts/FuelTank/drainTankFTE-1/ReleaseValve/ReleaseValve'
[LOG 20:27:33.669] PartLoader: Compiling Part 'Squad/Parts/FuelTank/FoilTanks/RadialTank_Capsule/externalTankCapsule'
[LOG 20:27:33.673] PartLoader: Compiling Part 'Squad/Parts/FuelTank/FoilTanks/RadialTank_Round/externalTankRound'
[LOG 20:27:33.676] PartLoader: Compiling Part 'Squad/Parts/FuelTank/FoilTanks/ToroidTank/externalTankToroid'
[LOG 20:27:33.679] PartLoader: Compiling Part 'Squad/Parts/FuelTank/fuelTankOscarB/fuelTankOscarB/miniFuelTank'
[LOG 20:27:33.684] PartLoader: Compiling Part 'Squad/Parts/FuelTank/miniFuselage/miniFuselage/miniFuselage'
[LOG 20:27:33.689] PartLoader: Compiling Part 'Squad/Parts/FuelTank/mk2Adapters/bicoupler/mk2_1m_Bicoupler'
[LOG 20:27:33.692] PartLoader: Compiling Part 'Squad/Parts/FuelTank/mk2Adapters/long/mk2_1m_AdapterLong'
[LOG 20:27:33.696] PartLoader: Compiling Part 'Squad/Parts/FuelTank/mk2Adapters/standard/mk2SpacePlaneAdapter'
[LOG 20:27:33.701] PartLoader: Compiling Part 'Squad/Parts/FuelTank/mk2FuselageLong/LFO_long/mk2FuselageLongLFO'
[LOG 20:27:33.705] PartLoader: Compiling Part 'Squad/Parts/FuelTank/mk2FuselageLong/L_long/mk2Fuselage'
[LOG 20:27:33.708] PartLoader: Compiling Part 'Squad/Parts/FuelTank/mk2FuselageShort/LFO_short/mk2FuselageShortLFO'
[LOG 20:27:33.712] PartLoader: Compiling Part 'Squad/Parts/FuelTank/mk2FuselageShort/L_short/mk2FuselageShortLiquid'
[LOG 20:27:33.718] PartLoader: Compiling Part 'Squad/Parts/FuelTank/mk2FuselageShort/Mono_short/mk2FuselageShortMono'
[LOG 20:27:33.723] PartLoader: Compiling Part 'Squad/Parts/FuelTank/mk3Fuselage/CREW/mk3CrewCabin'
[LOG 20:27:33.729] PartLoader: Compiling Part 'Squad/Parts/FuelTank/mk3Fuselage/LFO_100/mk3FuselageLFO_100'
[LOG 20:27:33.734] PartLoader: Compiling Part 'Squad/Parts/FuelTank/mk3Fuselage/LFO_25/mk3FuselageLFO_25'
[LOG 20:27:33.740] PartLoader: Compiling Part 'Squad/Parts/FuelTank/mk3Fuselage/LFO_50/mk3FuselageLFO_50'
[LOG 20:27:33.745] PartLoader: Compiling Part 'Squad/Parts/FuelTank/mk3Fuselage/LF_100/mk3FuselageLF_100'
[LOG 20:27:33.751] PartLoader: Compiling Part 'Squad/Parts/FuelTank/mk3Fuselage/LF_25/mk3FuselageLF_25'
[LOG 20:27:33.755] PartLoader: Compiling Part 'Squad/Parts/FuelTank/mk3Fuselage/LF_50/mk3FuselageLF_50'
[LOG 20:27:33.758] PartLoader: Compiling Part 'Squad/Parts/FuelTank/mk3Fuselage/MONO/mk3FuselageMONO'
[LOG 20:27:33.762] PartLoader: Compiling Part 'Squad/Parts/FuelTank/RCSFuelTankR1/RCSFuelTankR1/RCSTank1-2'
[LOG 20:27:33.766] PartLoader: Compiling Part 'Squad/Parts/FuelTank/RCSFuelTankR10/RCSFuelTankR10/rcsTankMini'
[LOG 20:27:33.769] PartLoader: Compiling Part 'Squad/Parts/FuelTank/RCSFuelTankR25/RCSFuelTankR25/RCSFuelTank'
[LOG 20:27:33.772] PartLoader: Compiling Part 'Squad/Parts/FuelTank/RCSTankRadial/radialRCSTank/radialRCSTank'
[LOG 20:27:33.774] PartLoader: Compiling Part 'Squad/Parts/FuelTank/RCStankRadialLong/RCSTankRadialLong/rcsTankRadialLong'
[LOG 20:27:33.778] PartLoader: Compiling Part 'Squad/Parts/FuelTank/RockomaxTanks/Rockomax16/Rockomax16_BW'
[LOG 20:27:33.783] PartLoader: Compiling Part 'Squad/Parts/FuelTank/RockomaxTanks/Rockomax32/Rockomax32_BW'
[LOG 20:27:33.790] PartLoader: Compiling Part 'Squad/Parts/FuelTank/RockomaxTanks/Rockomax64/Rockomax64_BW'
[LOG 20:27:33.795] PartLoader: Compiling Part 'Squad/Parts/FuelTank/RockomaxTanks/Rockomax8/Rockomax8BW'
[LOG 20:27:33.801] PartLoader: Compiling Part 'Squad/Parts/FuelTank/Size1_Tanks/fuelTankT100/fuelTankSmallFlat'
[LOG 20:27:33.804] PartLoader: Compiling Part 'Squad/Parts/FuelTank/Size1_Tanks/fuelTankT200/fuelTankSmall'
[LOG 20:27:33.808] PartLoader: Compiling Part 'Squad/Parts/FuelTank/Size1_Tanks/fuelTankT400/fuelTank'
[LOG 20:27:33.811] PartLoader: Compiling Part 'Squad/Parts/FuelTank/Size1_Tanks/fuelTankT800/fuelTank_long'
[LOG 20:27:33.813] PartLoader: Compiling Part 'Squad/Parts/FuelTank/Size3Tanks/large/Size3LargeTank'
[LOG 20:27:33.816] PartLoader: Compiling Part 'Squad/Parts/FuelTank/Size3Tanks/medium/Size3MediumTank'
[LOG 20:27:33.821] PartLoader: Compiling Part 'Squad/Parts/FuelTank/Size3Tanks/small/Size3SmallTank'
[LOG 20:27:33.826] PartLoader: Compiling Part 'Squad/Parts/FuelTank/xenonTank/xenonTank/xenonTank'
[LOG 20:27:33.829] PartLoader: Compiling Part 'Squad/Parts/FuelTank/xenonTankLarge/xenonTankLarge/xenonTankLarge'
[LOG 20:27:33.832] PartLoader: Compiling Part 'Squad/Parts/FuelTank/xenonTankRadial/xenonTankRadial/xenonTankRadial'
[LOG 20:27:33.835] PartLoader: Compiling Part 'Squad/Parts/Misc/AsteroidDay/CamSat/InfraredTelescope'
[LOG 20:27:33.843] PartLoader: Compiling Part 'Squad/Parts/Misc/AsteroidDay/HECS2/HECS2_ProbeCore'
[LOG 20:27:33.850] PartLoader: Compiling Part 'Squad/Parts/Misc/AsteroidDay/HighGainAntenna/HighGainAntenna'
[LOG 20:27:33.862] PartLoader: Compiling Part 'Squad/Parts/Misc/AsteroidDay/LgRadialSolar/LgRadialSolarPanel'
[LOG 20:27:33.867] PartLoader: Compiling Part 'Squad/Parts/Misc/PotatoComet/part/PotatoComet'
[LOG 20:27:33.887] PartLoader: Compiling Part 'Squad/Parts/Misc/PotatoRoid/part/PotatoRoid'
[LOG 20:27:33.907] PartLoader: Compiling Part 'Squad/Parts/Prebuilt/flag/flag'
[LOG 20:27:33.910] PartLoader: Compiling Part 'Squad/Parts/Prebuilt/kerbalEVA/kerbalEVA'
[LOG 20:27:33.932] PartLoader: Compiling Part 'Squad/Parts/Prebuilt/kerbalEVAfemale/kerbalEVAfemale'
[LOG 20:27:33.940] PartLoader: Compiling Part 'Squad/Parts/Prebuilt/kerbalEVASlimSuit/kerbalEVASlimSuit'
[LOG 20:27:33.947] PartLoader: Compiling Part 'Squad/Parts/Prebuilt/kerbalEVASlimSuitFemale/kerbalEVASlimSuitFemale'
[LOG 20:27:33.957] PartLoader: Compiling Part 'Squad/Parts/Resources/FuelCell/FuelCell/FuelCell'
[LOG 20:27:33.974] PartLoader: Compiling Part 'Squad/Parts/Resources/FuelCell/FuelCellArray/FuelCellArray'
[LOG 20:27:33.979] PartLoader: Compiling Part 'Squad/Parts/Resources/ISRU/ISRU/ISRU'
[LOG 20:27:33.992] PartLoader: Compiling Part 'Squad/Parts/Resources/LargeTank/LargeTank/LargeTank'
[LOG 20:27:33.998] PartLoader: Compiling Part 'Squad/Parts/Resources/MiniDrill/MiniDrill/MiniDrill'
[LOG 20:27:34.038] PartLoader: Compiling Part 'Squad/Parts/Resources/MiniISRU/MiniISRU/MiniISRU'
[LOG 20:27:34.045] PartLoader: Compiling Part 'Squad/Parts/Resources/OrbitalScanner/OrbitalScanner/OrbitalScanner'
[LOG 20:27:34.055] PartLoader: Compiling Part 'Squad/Parts/Resources/RadialDrill/RadialDrill/RadialDrill'
[LOG 20:27:34.063] PartLoader: Compiling Part 'Squad/Parts/Resources/RadialTank/RadialTank/RadialOreTank'
[LOG 20:27:34.066] PartLoader: Compiling Part 'Squad/Parts/Resources/SmallTank/SmallTank/SmallTank'
[LOG 20:27:34.068] PartLoader: Compiling Part 'Squad/Parts/Resources/SurfaceScanner/SurfaceScanner/SurfaceScanner'
[LOG 20:27:34.098] PartLoader: Compiling Part 'Squad/Parts/Resources/SurveyScanner/SurveyScanner/SurveyScanner'
[LOG 20:27:34.114] PartLoader: Compiling Part 'Squad/Parts/Science/AtmosphereSensor/sensorAtmosphere/sensorAtmosphere'
[LOG 20:27:34.118] PartLoader: Compiling Part 'Squad/Parts/Science/GooExperiment/gooExperiment/GooExperiment'
[LOG 20:27:34.126] PartLoader: Compiling Part 'Squad/Parts/Science/LargeCrewedLab/largeCrewedLab/Large_Crewed_Lab'
[LOG 20:27:34.146] PartLoader: Compiling Part 'Squad/Parts/Science/Magnetometer/Magnetometer/Magnetometer'
[LOG 20:27:34.161] PartLoader: Compiling Part 'Squad/Parts/Science/MaterialBay/materialBay/science_module'
[LOG 20:27:34.166] PartLoader: Compiling Part 'Squad/Parts/Science/ScienceBox/ScienceBox/ScienceBox'
[LOG 20:27:34.172] PartLoader: Compiling Part 'Squad/Parts/Science/sensorAccelerometer/sensorAccelerometer/sensorAccelerometer'
[LOG 20:27:34.184] PartLoader: Compiling Part 'Squad/Parts/Science/sensorBarometer/sensorBarometer/sensorBarometer'
[LOG 20:27:34.190] PartLoader: Compiling Part 'Squad/Parts/Science/sensorGravimeter/sensorGravimeter/sensorGravimeter'
[LOG 20:27:34.195] PartLoader: Compiling Part 'Squad/Parts/Science/sensorThermometer/sensorThermometer/sensorThermometer'
[LOG 20:27:34.201] PartLoader: Compiling Part 'Squad/Parts/Structural/FLAdapters/adapterSmallMiniShort/adapterSmallMiniShort'
[LOG 20:27:34.206] PartLoader: Compiling Part 'Squad/Parts/Structural/FLAdapters/adapterSmallMiniTall/adapterSmallMiniTall'
[LOG 20:27:34.211] PartLoader: Compiling Part 'Squad/Parts/Structural/mk1Parts/engineBodyRadial/radialEngineBody'
[LOG 20:27:34.218] PartLoader: Compiling Part 'Squad/Parts/Structural/mk1Parts/engineNacelle/nacelleBody'
[LOG 20:27:34.226] PartLoader: Compiling Part 'Squad/Parts/Structural/mk1Parts/mk1Fuselage/MK1Fuselage'
[LOG 20:27:34.230] PartLoader: Compiling Part 'Squad/Parts/Structural/mk1Parts/mk1FuselageIntake/MK1IntakeFuselage'
[LOG 20:27:34.235] PartLoader: Compiling Part 'Squad/Parts/Structural/mk1Parts/mk1Structural/Mk1FuselageStructural'
[LOG 20:27:34.238] PartLoader: Compiling Part 'Squad/Parts/Structural/Size3To2Adapter_v2/Size2to3_v2/Size3To2Adapter_v2'
[LOG 20:27:34.241] PartLoader: Compiling Part 'Squad/Parts/Structural/stackAdapters/adapterLargeSmallBi/adapterLargeSmallBi'
[LOG 20:27:34.244] PartLoader: Compiling Part 'Squad/Parts/Structural/stackAdapters/adapterLargeSmallQuad/adapterLargeSmallQuad'
[LOG 20:27:34.247] PartLoader: Compiling Part 'Squad/Parts/Structural/stackAdapters/adapterLargeSmallTri/adapterLargeSmallTri'
[LOG 20:27:34.253] PartLoader: Compiling Part 'Squad/Parts/Structural/stationHub/stationHub/stationHub'
[LOG 20:27:34.256] PartLoader: Compiling Part 'Squad/Parts/Structural/structuralIBeam200/structuralIBeam200/structuralIBeam2'
[LOG 20:27:34.258] PartLoader: Compiling Part 'Squad/Parts/Structural/structuralIBeam200Pocket/structuralIBeam200Pocket/structuralIBeam3'
[LOG 20:27:34.260] PartLoader: Compiling Part 'Squad/Parts/Structural/structuralIBeam650/structuralIBeam650/structuralIBeam1'
[LOG 20:27:34.262] PartLoader: Compiling Part 'Squad/Parts/Structural/structuralMicronode/structuralMicronode/structuralMiniNode'
[LOG 20:27:34.264] PartLoader: Compiling Part 'Squad/Parts/Structural/structuralPanel1x1/structuralPanel1x1/structuralPanel1'
[LOG 20:27:34.267] PartLoader: Compiling Part 'Squad/Parts/Structural/structuralPanel2x2/structuralPanel2x2/structuralPanel2'
[LOG 20:27:34.269] PartLoader: Compiling Part 'Squad/Parts/Structural/structuralPylons/smallHardpoint/smallHardpoint'
[LOG 20:27:34.273] PartLoader: Compiling Part 'Squad/Parts/Structural/structuralPylons/structuralPylon/structuralPylon'
[LOG 20:27:34.278] PartLoader: Compiling Part 'Squad/Parts/Structural/strutCubicOcto/strutCubicOcto/strutCube'
[LOG 20:27:34.284] PartLoader: Compiling Part 'Squad/Parts/Structural/strutOcto/strutOcto/strutOcto'
[LOG 20:27:34.288] PartLoader: Compiling Part 'Squad/Parts/Structural/trussGirderAdapter/trussGirderAdapter/trussAdapter'
[LOG 20:27:34.291] PartLoader: Compiling Part 'Squad/Parts/Structural/trussGirderL/trussGirderL/trussPiece1x'
[LOG 20:27:34.293] PartLoader: Compiling Part 'Squad/Parts/Structural/trussGirderXL/trussGirderXL/trussPiece3x'
[LOG 20:27:34.295] PartLoader: Compiling Part 'Squad/Parts/Thermal/FoldingRadiators/foldingRadLarge/foldingRadLarge'
[LOG 20:27:34.311] PartLoader: Compiling Part 'Squad/Parts/Thermal/FoldingRadiators/foldingRadMed/foldingRadMed'
[LOG 20:27:34.318] PartLoader: Compiling Part 'Squad/Parts/Thermal/FoldingRadiators/foldingRadSmall/foldingRadSmall'
[LOG 20:27:34.324] PartLoader: Compiling Part 'Squad/Parts/Thermal/RadiatorPanels/radPanelEdge/radPanelEdge'
[LOG 20:27:34.330] PartLoader: Compiling Part 'Squad/Parts/Thermal/RadiatorPanels/radPanelLg/radPanelLg'
[LOG 20:27:34.337] PartLoader: Compiling Part 'Squad/Parts/Thermal/RadiatorPanels/radPanelSm/radPanelSm'
[LOG 20:27:34.343] PartLoader: Compiling Part 'Squad/Parts/Utility/commDish88-88/commDish88-88/commDish'
[LOG 20:27:34.353] PartLoader: Compiling Part 'Squad/Parts/Utility/commsAntennaDTS-M1/commsAntennaDTS-M1/mediumDishAntenna'
[LOG 20:27:34.360] PartLoader: Compiling Part 'Squad/Parts/Utility/commsDish16/commsAntenna16/longAntenna'
[LOG 20:27:34.368] PartLoader: Compiling Part 'Squad/Parts/Utility/decouplerRadialHDM/decouplerRadialHDM/radialDecoupler1-2'
[LOG 20:27:34.379] PartLoader: Compiling Part 'Squad/Parts/Utility/decouplerRadialTT-38K/decouplerRadialTT-38K/radialDecoupler'
[LOG 20:27:34.386] PartLoader: Compiling Part 'Squad/Parts/Utility/decouplerRadialTT-70/decouplerRadialTT-70/radialDecoupler2'
[LOG 20:27:34.391] PartLoader: Compiling Part 'Squad/Parts/Utility/DirectAntennas/C16S/SurfAntenna'
[LOG 20:27:34.395] PartLoader: Compiling Part 'Squad/Parts/Utility/DirectAntennas/HG-5/HighGainAntenna5'
[LOG 20:27:34.399] PartLoader: Compiling Part 'Squad/Parts/Utility/DirectAntennas/HG-5_v2/HighGainAntenna5_v2'
[LOG 20:27:34.408] PartLoader: Compiling Part 'Squad/Parts/Utility/dockingPort/dockingPort/dockingPort2'
[LOG 20:27:34.422] PartLoader: Compiling Part 'Squad/Parts/Utility/dockingPortInline/dockingPortInline/dockingPortLateral'
[LOG 20:27:34.428] PartLoader: Compiling Part 'Squad/Parts/Utility/dockingPortJr/dockingPortJr/dockingPort3'
[LOG 20:27:34.432] PartLoader: Compiling Part 'Squad/Parts/Utility/dockingPortShielded/dockingPortShielded/dockingPort1'
[LOG 20:27:34.437] PartLoader: Compiling Part 'Squad/Parts/Utility/dockingPortSr/dockingPortSr/dockingPortLarge'
[LOG 20:27:34.442] PartLoader: Compiling Part 'Squad/Parts/Utility/Fireworks/fireworksLauncherBig/fireworksLauncherBig'
[LOG 20:27:34.457] PartLoader: Compiling Part 'Squad/Parts/Utility/Fireworks/fireworksLauncherSmall/fireworksLauncherSmall'
[LOG 20:27:34.469] PartLoader: Compiling Part 'Squad/Parts/Utility/flags/flagFlat/flagFlat/flagPartFlat'
[LOG 20:27:34.481] PartLoader: Compiling Part 'Squad/Parts/Utility/flags/flagSize0/flagSize0/flagPartSize0'
[LOG 20:27:34.486] PartLoader: Compiling Part 'Squad/Parts/Utility/flags/flagSize1/flagSize1/flagPartSize1'
[LOG 20:27:34.491] PartLoader: Compiling Part 'Squad/Parts/Utility/flags/flagSize2/flagSize2/flagPartSize2'
[LOG 20:27:34.497] PartLoader: Compiling Part 'Squad/Parts/Utility/flags/flagSize3/flagSize3/flagPartSize3'
[LOG 20:27:34.505] PartLoader: Compiling Part 'Squad/Parts/Utility/GrapplingDevice/part/GrapplingDevice'
[LOG 20:27:34.522] PartLoader: Compiling Part 'Squad/Parts/Utility/ladderRadial/ladderRadial/ladder1'
[LOG 20:27:34.525] PartLoader: Compiling Part 'Squad/Parts/Utility/ladderTelescopic/ladderTelescopic/telescopicLadder'
[LOG 20:27:34.531] PartLoader: Compiling Part 'Squad/Parts/Utility/ladderTelescopicBay/ladderTelescopicBay/telescopicLadderBay'
[LOG 20:27:34.544] PartLoader: Compiling Part 'Squad/Parts/Utility/landingLegLT-1/landingLegLT-1/landingLeg1'
[LOG 20:27:34.576] PartLoader: Compiling Part 'Squad/Parts/Utility/landingLegLT-2/landingLegLT-2/landingLeg1-2'
[LOG 20:27:34.584] PartLoader: Compiling Part 'Squad/Parts/Utility/landingLegLT-5/landingLegLT-5/miniLandingLeg'
[LOG 20:27:34.594] PartLoader: Compiling Part 'Squad/Parts/Utility/launchClamp1/launchClamp1/launchClamp1'
[LOG 20:27:34.603] PartLoader: Compiling Part 'Squad/Parts/Utility/launchEscapeSystem/part/LaunchEscapeSystem'
[LOG 20:27:34.610] PartLoader: Compiling Part 'Squad/Parts/Utility/Lights/domeLight1/domeLight1'
[LOG 20:27:34.616] PartLoader: Compiling Part 'Squad/Parts/Utility/Lights/groundLight1/groundLight1'
[LOG 20:27:34.620] PartLoader: Compiling Part 'Squad/Parts/Utility/Lights/groundLight2/groundLight2'
[LOG 20:27:34.624] PartLoader: Compiling Part 'Squad/Parts/Utility/Lights/navLight1/navLight1'
[LOG 20:27:34.628] PartLoader: Compiling Part 'Squad/Parts/Utility/Lights/spotLight1/spotLight3'
[LOG 20:27:34.632] PartLoader: Compiling Part 'Squad/Parts/Utility/Lights/stripLight1/stripLight1'
[LOG 20:27:34.637] PartLoader: Compiling Part 'Squad/Parts/Utility/linearVernorRCS/linearRCS/linearRcs'
[LOG 20:27:34.646] PartLoader: Compiling Part 'Squad/Parts/Utility/linearVernorRCS/vernorEngine/vernierEngine'
[LOG 20:27:34.653] PartLoader: Compiling Part 'Squad/Parts/Utility/mk2CargoBay/BayL/mk2CargoBayL'
[LOG 20:27:34.658] PartLoader: Compiling Part 'Squad/Parts/Utility/mk2CargoBay/BayS/mk2CargoBayS'
[LOG 20:27:34.661] PartLoader: Compiling Part 'Squad/Parts/Utility/mk2CrewCabin/mk2CrewCabin/mk2CrewCabin'
[WRN 20:27:34.663] [Part]: Cannot have ModuleCargoPart and ModuleInventoryPart on same Part [mk2CrewCabin'. Removed ModuleCargoPart
[LOG 20:27:34.667] PartLoader: Compiling Part 'Squad/Parts/Utility/mk2DockingPort/mk2DockingPort/mk2DockingPort'
[LOG 20:27:34.673] PartLoader: Compiling Part 'Squad/Parts/Utility/mk3CargoBay/long/mk3CargoBayL'
[LOG 20:27:34.678] PartLoader: Compiling Part 'Squad/Parts/Utility/mk3CargoBay/medium/mk3CargoBayM'
[LOG 20:27:34.682] PartLoader: Compiling Part 'Squad/Parts/Utility/mk3CargoBay/ramp/mk3CargoRamp'
[LOG 20:27:34.685] PartLoader: Compiling Part 'Squad/Parts/Utility/mk3CargoBay/short/mk3CargoBayS'
[LOG 20:27:34.688] PartLoader: Compiling Part 'Squad/Parts/Utility/parachuteMk1/parachuteMk1/parachuteSingle'
[LOG 20:27:34.703] PartLoader: Compiling Part 'Squad/Parts/Utility/parachuteMk12-R/parachuteMk12-R/radialDrogue'
[LOG 20:27:34.707] PartLoader: Compiling Part 'Squad/Parts/Utility/parachuteMk16-XL/parachuteMk16-XL/parachuteLarge'
[LOG 20:27:34.712] PartLoader: Compiling Part 'Squad/Parts/Utility/parachuteMk2-R/parachuteMk2-R/parachuteRadial'
[LOG 20:27:34.716] PartLoader: Compiling Part 'Squad/Parts/Utility/parachuteMk25/parachuteMk25/parachuteDrogue'
[LOG 20:27:34.720] PartLoader: Compiling Part 'Squad/Parts/Utility/radialAttachmentPoint/radialAttachmentPoint/stackPoint1'
[LOG 20:27:34.723] PartLoader: Compiling Part 'Squad/Parts/Utility/rcsBlockRV-105_v2/rcsBlockRV-105/RCSBlock_v2'
[LOG 20:27:34.731] PartLoader: Compiling Part 'Squad/Parts/Utility/rcsBlockRV-105_v2/RCSblock_01_small/RCSblock_01_small'
[LOG 20:27:34.741] PartLoader: Compiling Part 'Squad/Parts/Utility/rcsSmallLinear/RCSLinearSmall/RCSLinearSmall'
[LOG 20:27:34.747] PartLoader: Compiling Part 'Squad/Parts/Utility/RelayAntennas/RA-100/RelayAntenna100'
[LOG 20:27:34.751] PartLoader: Compiling Part 'Squad/Parts/Utility/RelayAntennas/RA-5/RelayAntenna5'
[LOG 20:27:34.755] PartLoader: Compiling Part 'Squad/Parts/Utility/RelayAntennas/RA-50/RelayAntenna50'
[LOG 20:27:34.758] PartLoader: Compiling Part 'Squad/Parts/Utility/rockomaxAdapters/largeAdapter/largeAdapter'
[LOG 20:27:34.760] PartLoader: Compiling Part 'Squad/Parts/Utility/rockomaxAdapters/largeAdapterShort/largeAdapter2'
[LOG 20:27:34.764] PartLoader: Compiling Part 'Squad/Parts/Utility/ServiceBay_v2/ServiceBay_125_v2/ServiceBay_125_v2'
[LOG 20:27:34.769] PartLoader: Compiling Part 'Squad/Parts/Utility/ServiceBay_v2/ServiceBay_250_v2/ServiceBay_250_v2'
[LOG 20:27:34.774] PartLoader: Compiling Part 'Squad/Parts/Utility/smallClaw/smallClaw/smallClaw'
[LOG 20:27:34.786] PartLoader: Compiling Part 'Squad/Parts/Utility/spotLightMk1/spotLightMk1/spotLight1'
[LOG 20:27:34.789] PartLoader: Compiling Part 'Squad/Parts/Utility/spotLightMk1_v2/spotLightMk1_v2/spotLight1_v2'
[LOG 20:27:34.794] PartLoader: Compiling Part 'Squad/Parts/Utility/spotLightMk2/spotLightMk2/spotLight2'
[LOG 20:27:34.797] PartLoader: Compiling Part 'Squad/Parts/Utility/spotLightMk2_v2/spotLightMk2_v2/spotLight2_v2'
[LOG 20:27:34.801] PartLoader: Compiling Part 'Squad/Parts/Utility/stackCouplers/stackBiCoupler_v2/stackBiCoupler_v2'
[LOG 20:27:34.805] PartLoader: Compiling Part 'Squad/Parts/Utility/stackCouplers/stackQuadCoupler/stackQuadCoupler'
[LOG 20:27:34.812] PartLoader: Compiling Part 'Squad/Parts/Utility/stackCouplers/stackTriCoupler_v2/stackTriCoupler_v2'
[LOG 20:27:34.816] PartLoader: Compiling Part 'Squad/Parts/Wheel/LandingGear/GearExtraLarge/GearLarge'
[LOG 20:27:34.833] PartLoader: Compiling Part 'Squad/Parts/Wheel/LandingGear/GearFixed/GearFixed'
[LOG 20:27:34.841] PartLoader: Compiling Part 'Squad/Parts/Wheel/LandingGear/GearFree/GearFree'
[LOG 20:27:34.860] PartLoader: Compiling Part 'Squad/Parts/Wheel/LandingGear/GearLarge/GearMedium'
[LOG 20:27:34.883] PartLoader: Compiling Part 'Squad/Parts/Wheel/LandingGear/GearMedium/GearSmall'
[LOG 20:27:34.901] PartLoader: Compiling Part 'Squad/Parts/Wheel/LandingGear/GearSmall/SmallGearBay'
[LOG 20:27:34.932] PartLoader: Compiling Part 'Squad/Parts/Wheel/roverWheelM1/roverWheelM1/roverWheel1'
[LOG 20:27:34.943] PartLoader: Compiling Part 'Squad/Parts/Wheel/roverWheelS2/roverWheelS2/roverWheel2'
[LOG 20:27:34.952] PartLoader: Compiling Part 'Squad/Parts/Wheel/roverWheelTR-2L/roverWheelTR-2L/wheelMed'
[LOG 20:27:34.960] PartLoader: Compiling Part 'Squad/Parts/Wheel/roverWheelXL3/roverWheelXL3/roverWheel3'
[LOG 20:27:34.974] PartLoader: Compiling Part 'SquadExpansion/MakingHistory/Parts/Aero/protectiveRocketNoseMk16/rocketNoseCone_size4/rocketNoseConeSize4'
[LOG 20:27:34.976] PartLoader: Compiling Part 'SquadExpansion/MakingHistory/Parts/Aero/protectiveRocketNoseMk5A/Size_1_5_Cone/Size_1_5_Cone'
[LOG 20:27:34.979] PartLoader: Compiling Part 'SquadExpansion/MakingHistory/Parts/Coupling/Decoupler_1p5/Decoupler_1p5'
[LOG 20:27:34.986] PartLoader: Compiling Part 'SquadExpansion/MakingHistory/Parts/Coupling/Decoupler_4/Decoupler_4'
[LOG 20:27:34.993] PartLoader: Compiling Part 'SquadExpansion/MakingHistory/Parts/Coupling/EnginePlate_1p5/EnginePlate1p5'
[LOG 20:27:35.010] PartLoader: Compiling Part 'SquadExpansion/MakingHistory/Parts/Coupling/EnginePlate_2/EnginePlate2'
[LOG 20:27:35.017] PartLoader: Compiling Part 'SquadExpansion/MakingHistory/Parts/Coupling/EnginePlate_3/EnginePlate3'
[LOG 20:27:35.023] PartLoader: Compiling Part 'SquadExpansion/MakingHistory/Parts/Coupling/EnginePlate_4/EnginePlate4'
[LOG 20:27:35.030] PartLoader: Compiling Part 'SquadExpansion/MakingHistory/Parts/Coupling/EnginePlate_5/EnginePlate5'
[LOG 20:27:35.035] PartLoader: Compiling Part 'SquadExpansion/MakingHistory/Parts/Coupling/InflatableAirlock/InflatableAirlock'
[LOG 20:27:35.040] PartLoader: Compiling Part 'SquadExpansion/MakingHistory/Parts/Coupling/Separator_1p5/Separator_1p5'
[LOG 20:27:35.046] PartLoader: Compiling Part 'SquadExpansion/MakingHistory/Parts/Coupling/Separator_4/Separator_4'
[LOG 20:27:35.053] PartLoader: Compiling Part 'SquadExpansion/MakingHistory/Parts/Coupling/Size1p5_Strut_Decoupler/Size1p5_Strut_Decoupler'
[LOG 20:27:35.060] PartLoader: Compiling Part 'SquadExpansion/MakingHistory/Parts/Engine/LiquidEngineKE-1/LiquidEngineKE-1'
[LOG 20:27:35.070] PartLoader: Compiling Part 'SquadExpansion/MakingHistory/Parts/Engine/LiquidEngineLV-T91/LiquidEngineLV-T91'
[LOG 20:27:35.082] PartLoader: Compiling Part 'SquadExpansion/MakingHistory/Parts/Engine/LiquidEngineLV-TX87/LiquidEngineLV-TX87'
[LOG 20:27:35.095] PartLoader: Compiling Part 'SquadExpansion/MakingHistory/Parts/Engine/LiquidEngineRE-I2/LiquidEngineRE-I2'
[LOG 20:27:35.110] PartLoader: Compiling Part 'SquadExpansion/MakingHistory/Parts/Engine/LiquidEngineRE-J10/LiquidEngineRE-J10'
[LOG 20:27:35.125] PartLoader: Compiling Part 'SquadExpansion/MakingHistory/Parts/Engine/LiquidEngineRK-7/LiquidEngineRK-7'
[LOG 20:27:35.136] PartLoader: Compiling Part 'SquadExpansion/MakingHistory/Parts/Engine/LiquidEngineRV-1/LiquidEngineRV-1'
[LOG 20:27:35.144] PartLoader: Compiling Part 'SquadExpansion/MakingHistory/Parts/Engine/solidBoosterTHK/solidBoosterTHK/Pollux'
[LOG 20:27:35.150] PartLoader: Compiling Part 'SquadExpansion/MakingHistory/Parts/FuelTank/MonoPropMini/monopropMiniSphere'
[LOG 20:27:35.154] PartLoader: Compiling Part 'SquadExpansion/MakingHistory/Parts/FuelTank/Size1p5_Monoprop/Size1p5_Monoprop'
[LOG 20:27:35.158] PartLoader: Compiling Part 'SquadExpansion/MakingHistory/Parts/FuelTank/Size1p5_Size0_Adapter_01/Size1p5_Size0_Adapter_01'
[LOG 20:27:35.162] PartLoader: Compiling Part 'SquadExpansion/MakingHistory/Parts/FuelTank/Size1p5_Size1_Adapter_01/Size1p5_Size1_Adapter_01'
[LOG 20:27:35.166] PartLoader: Compiling Part 'SquadExpansion/MakingHistory/Parts/FuelTank/Size1p5_Size1_Adapter_02/Size1p5_Size1_Adapter_02'
[LOG 20:27:35.170] PartLoader: Compiling Part 'SquadExpansion/MakingHistory/Parts/FuelTank/Size1p5_Size2_Adapter_01/Size1p5_Size2_Adapter_01'
[LOG 20:27:35.173] PartLoader: Compiling Part 'SquadExpansion/MakingHistory/Parts/FuelTank/Size1p5_Tank_01/Size1p5_Tank_01'
[LOG 20:27:35.178] PartLoader: Compiling Part 'SquadExpansion/MakingHistory/Parts/FuelTank/Size1p5_Tank_02/Size1p5_Tank_02'
[LOG 20:27:35.182] PartLoader: Compiling Part 'SquadExpansion/MakingHistory/Parts/FuelTank/Size1p5_Tank_03/Size1p5_Tank_03'
[LOG 20:27:35.186] PartLoader: Compiling Part 'SquadExpansion/MakingHistory/Parts/FuelTank/Size1p5_Tank_04/Size1p5_Tank_04'
[LOG 20:27:35.189] PartLoader: Compiling Part 'SquadExpansion/MakingHistory/Parts/FuelTank/Size1p5_Tank_05/Size1p5_Tank_05'
[LOG 20:27:35.196] PartLoader: Compiling Part 'SquadExpansion/MakingHistory/Parts/FuelTank/Size3_Size4_Adapter_01/Size3_Size4_Adapter_01'
[LOG 20:27:35.200] PartLoader: Compiling Part 'SquadExpansion/MakingHistory/Parts/FuelTank/Size4_EngineAdapter_01/Size4_EngineAdapter_01'
[LOG 20:27:35.202] PartLoader: Compiling Part 'SquadExpansion/MakingHistory/Parts/FuelTank/Size4_Tank_01/Size4_Tank_01'
[LOG 20:27:35.205] PartLoader: Compiling Part 'SquadExpansion/MakingHistory/Parts/FuelTank/Size4_Tank_02/Size4_Tank_02'
[LOG 20:27:35.207] PartLoader: Compiling Part 'SquadExpansion/MakingHistory/Parts/FuelTank/Size4_Tank_03/Size4_Tank_03'
[LOG 20:27:35.209] PartLoader: Compiling Part 'SquadExpansion/MakingHistory/Parts/FuelTank/Size4_Tank_04/Size4_Tank_04'
[LOG 20:27:35.211] PartLoader: Compiling Part 'SquadExpansion/MakingHistory/Parts/Ground/RoverWheel/roverWheelM1-F'
[LOG 20:27:35.219] PartLoader: Compiling Part 'SquadExpansion/MakingHistory/Parts/Payload/fairingSize1p5/fairingSize1p5'
[LOG 20:27:35.233] PartLoader: Compiling Part 'SquadExpansion/MakingHistory/Parts/Payload/fairingSize4/fairingSize4'
[LOG 20:27:35.244] PartLoader: Compiling Part 'SquadExpansion/MakingHistory/Parts/Payload/Size1to0ServiceModule/Size1to0ServiceModule'
[LOG 20:27:35.254] PartLoader: Compiling Part 'SquadExpansion/MakingHistory/Parts/Payload/SM18/ServiceModule18'
[LOG 20:27:35.261] PartLoader: Compiling Part 'SquadExpansion/MakingHistory/Parts/Payload/SM25/ServiceModule25'
[LOG 20:27:35.271] PartLoader: Compiling Part 'SquadExpansion/MakingHistory/Parts/Pods/KV1Pod/kv1Pod'
[WRN 20:27:35.277] [Part]: Cannot have ModuleCargoPart and ModuleInventoryPart on same Part [kv1Pod'. Removed ModuleCargoPart
[LOG 20:27:35.283] PartLoader: Compiling Part 'SquadExpansion/MakingHistory/Parts/Pods/KV2Pod/kv2Pod'
[WRN 20:27:35.288] [Part]: Cannot have ModuleCargoPart and ModuleInventoryPart on same Part [kv2Pod'. Removed ModuleCargoPart
[LOG 20:27:35.294] PartLoader: Compiling Part 'SquadExpansion/MakingHistory/Parts/Pods/KV3Pod/kv3Pod'
[WRN 20:27:35.300] [Part]: Cannot have ModuleCargoPart and ModuleInventoryPart on same Part [kv3Pod'. Removed ModuleCargoPart
[LOG 20:27:35.307] PartLoader: Compiling Part 'SquadExpansion/MakingHistory/Parts/Pods/Mk2Pod/Mk2Pod'
[WRN 20:27:35.313] [Part]: Cannot have ModuleCargoPart and ModuleInventoryPart on same Part [Mk2Pod'. Removed ModuleCargoPart
[LOG 20:27:35.318] PartLoader: Compiling Part 'SquadExpansion/MakingHistory/Parts/Pods/Size1_5_Lander/MEMLander'
[WRN 20:27:35.325] [Part]: Cannot add ModuleCargoPart as this Part 'MEMLander' already has a ModuleInventoryPart PartModule and they are mutually exclusive.
[LOG 20:27:35.334] PartLoader: Compiling Part 'SquadExpansion/MakingHistory/Parts/Prebuilt/kerbalEVAfemaleVintage/kerbalEVAfemaleVintage'
[LOG 20:27:35.341] PartLoader: Compiling Part 'SquadExpansion/MakingHistory/Parts/Prebuilt/kerbalEVAVintage/kerbalEVAVintage'
[LOG 20:27:35.348] PartLoader: Compiling Part 'SquadExpansion/MakingHistory/Parts/Structural/EquiTriangle0/EquiTriangle0'
[LOG 20:27:35.357] PartLoader: Compiling Part 'SquadExpansion/MakingHistory/Parts/Structural/EquiTriangle1/EquiTriangle1'
[LOG 20:27:35.363] PartLoader: Compiling Part 'SquadExpansion/MakingHistory/Parts/Structural/EquiTriangle1p5/EquiTriangle1p5'
[LOG 20:27:35.368] PartLoader: Compiling Part 'SquadExpansion/MakingHistory/Parts/Structural/EquiTriangle2/EquiTriangle2'
[LOG 20:27:35.373] PartLoader: Compiling Part 'SquadExpansion/MakingHistory/Parts/Structural/Panel0/Panel0'
[LOG 20:27:35.376] PartLoader: Compiling Part 'SquadExpansion/MakingHistory/Parts/Structural/Panel1/Panel1'
[LOG 20:27:35.378] PartLoader: Compiling Part 'SquadExpansion/MakingHistory/Parts/Structural/Panel1p5/Panel1p5'
[LOG 20:27:35.381] PartLoader: Compiling Part 'SquadExpansion/MakingHistory/Parts/Structural/Panel2/Panel2'
[LOG 20:27:35.385] PartLoader: Compiling Part 'SquadExpansion/MakingHistory/Parts/Structural/Triangle0/Triangle0'
[LOG 20:27:35.389] PartLoader: Compiling Part 'SquadExpansion/MakingHistory/Parts/Structural/Triangle1/Triangle1'
[LOG 20:27:35.394] PartLoader: Compiling Part 'SquadExpansion/MakingHistory/Parts/Structural/Triangle1p5/Triangle1p5'
[LOG 20:27:35.399] PartLoader: Compiling Part 'SquadExpansion/MakingHistory/Parts/Structural/Triangle2/Triangle2'
[LOG 20:27:35.406] PartLoader: Compiling Part 'SquadExpansion/MakingHistory/Parts/Structural/Tube1/Tube1'
[LOG 20:27:35.413] PartLoader: Compiling Part 'SquadExpansion/MakingHistory/Parts/Structural/Tube1p5/Tube1p5'
[LOG 20:27:35.421] PartLoader: Compiling Part 'SquadExpansion/MakingHistory/Parts/Structural/Tube2/Tube2'
[LOG 20:27:35.426] PartLoader: Compiling Part 'SquadExpansion/MakingHistory/Parts/Structural/Tube3/Tube3'
[LOG 20:27:35.431] PartLoader: Compiling Part 'SquadExpansion/MakingHistory/Parts/Structural/Tube4/Tube4'
[LOG 20:27:35.435] PartLoader: Compiling Part 'SquadExpansion/MakingHistory/Parts/Thermal/HeatShield1p5/HeatShield1p5'
[LOG 20:27:35.443] PartLoader: Compiling Part 'SquadExpansion/MakingHistory/Parts/Utility/flags/flagSize1p5/flagSize1p5/flagPartSize1p5'
[LOG 20:27:35.448] PartLoader: Compiling Part 'SquadExpansion/MakingHistory/Parts/Utility/flags/flagSize4/flagSize4/flagPartSize4'
[LOG 20:27:35.454] PartLoader: Compiling Part 'SquadExpansion/Serenity/Parts/Aero/FanShroud_01/FanShroud_01'
[LOG 20:27:35.458] PartLoader: Compiling Part 'SquadExpansion/Serenity/Parts/Aero/FanShroud_02/FanShroud_02'
[LOG 20:27:35.463] PartLoader: Compiling Part 'SquadExpansion/Serenity/Parts/Aero/FanShroud_03/FanShroud_03'
[LOG 20:27:35.469] PartLoader: Compiling Part 'SquadExpansion/Serenity/Parts/Aero/noseconeTiny/noseconeTiny'
[LOG 20:27:35.473] PartLoader: Compiling Part 'SquadExpansion/Serenity/Parts/Aero/noseconeVS/noseconeVS'
[LOG 20:27:35.475] PartLoader: Compiling Part 'SquadExpansion/Serenity/Parts/DeployedScience/centralStation/DeployedCentralStation'
[LOG 20:27:35.487] PartLoader: Compiling Part 'SquadExpansion/Serenity/Parts/DeployedScience/gooObservation/DeployedGoExOb'
[LOG 20:27:35.500] PartLoader: Compiling Part 'SquadExpansion/Serenity/Parts/DeployedScience/ionCollector/DeployedIONExp'
[LOG 20:27:35.506] PartLoader: Compiling Part 'SquadExpansion/Serenity/Parts/DeployedScience/rtg/DeployedRTG'
[LOG 20:27:35.519] PartLoader: Compiling Part 'SquadExpansion/Serenity/Parts/DeployedScience/satDish/DeployedSatDish'
[LOG 20:27:35.531] PartLoader: Compiling Part 'SquadExpansion/Serenity/Parts/DeployedScience/seismicSensor/DeployedSeismicSensor'
[LOG 20:27:35.537] PartLoader: Compiling Part 'SquadExpansion/Serenity/Parts/DeployedScience/solarPanel/DeployedSolarPanel'
[LOG 20:27:35.542] PartLoader: Compiling Part 'SquadExpansion/Serenity/Parts/DeployedScience/weatherStation/DeployedWeatherStn'
[LOG 20:27:35.547] PartLoader: Compiling Part 'SquadExpansion/Serenity/Parts/Prebuilt/kerbalEVA/kerbalEVA'
[LOG 20:27:35.549] PartLoader: Compiling Part 'SquadExpansion/Serenity/Parts/Prebuilt/kerbalEVAfemale/kerbalEVAfemale'
[LOG 20:27:35.551] PartLoader: Compiling Part 'SquadExpansion/Serenity/Parts/Prebuilt/kerbalEVAfemaleFuture/kerbalEVAfemaleFuture'
[LOG 20:27:35.557] PartLoader: Compiling Part 'SquadExpansion/Serenity/Parts/Prebuilt/kerbalEVAfemaleVintage/kerbalEVAfemaleVintage'
[LOG 20:27:35.559] PartLoader: Compiling Part 'SquadExpansion/Serenity/Parts/Prebuilt/kerbalEVAFuture/kerbalEVAFuture'
[LOG 20:27:35.566] PartLoader: Compiling Part 'SquadExpansion/Serenity/Parts/Prebuilt/kerbalEVASlimSuit/kerbalEVASlimSuit'
[LOG 20:27:35.567] PartLoader: Compiling Part 'SquadExpansion/Serenity/Parts/Prebuilt/kerbalEVASlimSuitFemale/kerbalEVASlimSuitFemale'
[LOG 20:27:35.569] PartLoader: Compiling Part 'SquadExpansion/Serenity/Parts/Prebuilt/kerbalEVAVintage/kerbalEVAVintage'
[LOG 20:27:35.571] PartLoader: Compiling Part 'SquadExpansion/Serenity/Parts/Propellers/largeFanBlade/largeFanBlade'
[LOG 20:27:35.580] PartLoader: Compiling Part 'SquadExpansion/Serenity/Parts/Propellers/largeHeliBlade/largeHeliBlade'
[LOG 20:27:35.590] PartLoader: Compiling Part 'SquadExpansion/Serenity/Parts/Propellers/largePropeller/largePropeller'
[LOG 20:27:35.598] PartLoader: Compiling Part 'SquadExpansion/Serenity/Parts/Propellers/mediumFanBlade/mediumFanBlade'
[LOG 20:27:35.607] PartLoader: Compiling Part 'SquadExpansion/Serenity/Parts/Propellers/mediumHeliBlade/mediumHeliBlade'
[LOG 20:27:35.614] PartLoader: Compiling Part 'SquadExpansion/Serenity/Parts/Propellers/mediumPropeller/mediumPropeller'
[LOG 20:27:35.621] PartLoader: Compiling Part 'SquadExpansion/Serenity/Parts/Propellers/smallFanBlade/smallFanBlade'
[LOG 20:27:35.627] PartLoader: Compiling Part 'SquadExpansion/Serenity/Parts/Propellers/smallHeliBlade/smallHeliBlade'
[LOG 20:27:35.632] PartLoader: Compiling Part 'SquadExpansion/Serenity/Parts/Propellers/smallPropeller/smallPropeller'
[LOG 20:27:35.637] PartLoader: Compiling Part 'SquadExpansion/Serenity/Parts/Robotics/hinge_01/hinge_01'
[LOG 20:27:35.662] PartLoader: Compiling Part 'SquadExpansion/Serenity/Parts/Robotics/hinge_01_s/hinge_01_s'
[LOG 20:27:35.670] PartLoader: Compiling Part 'SquadExpansion/Serenity/Parts/Robotics/hinge_03/hinge_03'
[LOG 20:27:35.677] PartLoader: Compiling Part 'SquadExpansion/Serenity/Parts/Robotics/hinge_03_s/hinge_03_s'
[LOG 20:27:35.684] PartLoader: Compiling Part 'SquadExpansion/Serenity/Parts/Robotics/hinge_04/hinge_04'
[LOG 20:27:35.691] PartLoader: Compiling Part 'SquadExpansion/Serenity/Parts/Robotics/piston_01/piston_01'
[LOG 20:27:35.707] PartLoader: Compiling Part 'SquadExpansion/Serenity/Parts/Robotics/piston_02/piston_02'
[LOG 20:27:35.714] PartLoader: Compiling Part 'SquadExpansion/Serenity/Parts/Robotics/piston_03/piston_03'
[LOG 20:27:35.721] PartLoader: Compiling Part 'SquadExpansion/Serenity/Parts/Robotics/piston_04/piston_04'
[LOG 20:27:35.731] PartLoader: Compiling Part 'SquadExpansion/Serenity/Parts/Robotics/RotorEngine_02/RotorEngine_02'
[LOG 20:27:35.744] PartLoader: Compiling Part 'SquadExpansion/Serenity/Parts/Robotics/RotorEngine_03/RotorEngine_03'
[LOG 20:27:35.752] PartLoader: Compiling Part 'SquadExpansion/Serenity/Parts/Robotics/rotor_01/rotor_01'
[LOG 20:27:35.759] PartLoader: Compiling Part 'SquadExpansion/Serenity/Parts/Robotics/rotor_01s/rotor_01s'
[LOG 20:27:35.767] PartLoader: Compiling Part 'SquadExpansion/Serenity/Parts/Robotics/rotor_02/rotor_02'
[LOG 20:27:35.782] PartLoader: Compiling Part 'SquadExpansion/Serenity/Parts/Robotics/rotor_02s/rotor_02s'
[LOG 20:27:35.801] PartLoader: Compiling Part 'SquadExpansion/Serenity/Parts/Robotics/rotor_03/rotor_03'
[LOG 20:27:35.822] PartLoader: Compiling Part 'SquadExpansion/Serenity/Parts/Robotics/rotor_03s/rotor_03s'
[LOG 20:27:35.832] PartLoader: Compiling Part 'SquadExpansion/Serenity/Parts/Robotics/rotoServo_00/rotoServo_00'
[LOG 20:27:35.857] PartLoader: Compiling Part 'SquadExpansion/Serenity/Parts/Robotics/rotoServo_02/rotoServo_02'
[LOG 20:27:35.867] PartLoader: Compiling Part 'SquadExpansion/Serenity/Parts/Robotics/rotoServo_03/rotoServo_03'
[LOG 20:27:35.875] PartLoader: Compiling Part 'SquadExpansion/Serenity/Parts/Robotics/rotoServo_04/rotoServo_04'
[LOG 20:27:35.882] PartLoader: Compiling Part 'SquadExpansion/Serenity/Parts/Robotics/Controllers/KAL1000/controller1000'
[LOG 20:27:35.907] PartLoader: Compiling Part 'SquadExpansion/Serenity/Parts/Science/RobotArmScanner/RobotArmScanner_S1/RobotArmScanner_S1'
[LOG 20:27:35.919] PartLoader: Compiling Part 'SquadExpansion/Serenity/Parts/Science/RobotArmScanner/RobotArmScanner_S2/RobotArmScanner_S2'
[LOG 20:27:35.926] PartLoader: Compiling Part 'SquadExpansion/Serenity/Parts/Science/RobotArmScanner/RobotArmScanner_S3/RobotArmScanner_S3'
[LOG 20:27:35.933] PartLoader: Compiling Part 'SquadExpansion/Serenity/Parts/Structural/gripPads/lGripPad/lGripPad'
[LOG 20:27:35.944] PartLoader: Compiling Part 'SquadExpansion/Serenity/Parts/Structural/gripPads/lGripStrip/lGripStrip'
[LOG 20:27:35.948] PartLoader: Compiling Part 'SquadExpansion/Serenity/Parts/Structural/gripPads/mGripPad/mGripPad'
[LOG 20:27:35.952] PartLoader: Compiling Part 'SquadExpansion/Serenity/Parts/Structural/gripPads/sGripPad/sGripPad'
[LOG 20:27:35.955] PartLoader: Compiling Part 'SquadExpansion/Serenity/Parts/Structural/gripPads/sGripStrip/sGripStrip'
[LOG 20:27:35.959] PartLoader: Compiling Internal Prop 'Squad/Props/AltimeterThreeHands/prop/AltimeterThreeHands'
[LOG 20:27:35.966] PartLoader: Compiling Internal Prop 'Squad/Props/AtmosphereDepth/prop/AtmosphereDepth'
[LOG 20:27:35.969] PartLoader: Compiling Internal Prop 'Squad/Props/AxisIndicator/pitchConfig/AxisIndicatorPitch'
[LOG 20:27:35.970] PartLoader: Compiling Internal Prop 'Squad/Props/AxisIndicator/rollConfig/AxisIndicatorRoll'
[LOG 20:27:35.972] PartLoader: Compiling Internal Prop 'Squad/Props/AxisIndicator/yawConfig/AxisIndicatorYaw'
[LOG 20:27:35.973] PartLoader: Compiling Internal Prop 'Squad/Props/buttonsGeneric/circularButton/genericCircularButton'
[LOG 20:27:35.974] PartLoader: Compiling Internal Prop 'Squad/Props/buttonsGeneric/clusterButtons/genericClusterButtons'
[LOG 20:27:35.975] PartLoader: Compiling Internal Prop 'Squad/Props/buttonsGeneric/clusterButtons2/genericClusterButtons2'
[LOG 20:27:35.976] PartLoader: Compiling Internal Prop 'Squad/Props/buttonsGeneric/clusterKnob/genericClusterKnobs'
[LOG 20:27:35.976] PartLoader: Compiling Internal Prop 'Squad/Props/buttonsGeneric/clusterKnob2/genericClusterKnobs2'
[LOG 20:27:35.977] PartLoader: Compiling Internal Prop 'Squad/Props/buttonsGeneric/clusterMixed/genericClusterMixed'
[LOG 20:27:35.977] PartLoader: Compiling Internal Prop 'Squad/Props/buttonsGeneric/clusterSwitches01/genericClusterSwitches01'
[LOG 20:27:35.978] PartLoader: Compiling Internal Prop 'Squad/Props/buttonsGeneric/clusterSwitches02/genericClusterSwitches02'
[LOG 20:27:35.978] PartLoader: Compiling Internal Prop 'Squad/Props/buttonsGeneric/clusterSwitches03/genericClusterSwitches03'
[LOG 20:27:35.979] PartLoader: Compiling Internal Prop 'Squad/Props/buttonsGeneric/clusterSwitches04/genericClusterSwitches04'
[LOG 20:27:35.980] PartLoader: Compiling Internal Prop 'Squad/Props/buttonsGeneric/clusterSwitches05/genericClusterSwitches05'
[LOG 20:27:35.980] PartLoader: Compiling Internal Prop 'Squad/Props/buttonsGeneric/clusterSwitches06/genericClusterSwitches06'
[LOG 20:27:35.981] PartLoader: Compiling Internal Prop 'Squad/Props/buttonsGeneric/clusterSwitches07/genericClusterSwitches07'
[LOG 20:27:35.981] PartLoader: Compiling Internal Prop 'Squad/Props/buttonsGeneric/directionalKnob/genericDirectionalKnob'
[LOG 20:27:35.982] PartLoader: Compiling Internal Prop 'Squad/Props/buttonsGeneric/directionalKnob2/genericDirectionalKnob2'
[LOG 20:27:35.982] PartLoader: Compiling Internal Prop 'Squad/Props/buttonsGeneric/pullSwitch/genericPullSwitch'
[LOG 20:27:35.983] PartLoader: Compiling Internal Prop 'Squad/Props/buttonsGeneric/squareButton/genericSquareButton'
[LOG 20:27:35.984] PartLoader: Compiling Internal Prop 'Squad/Props/buttonsGeneric/standingSwitch/genericStandingSwitch'
[LOG 20:27:35.984] PartLoader: Compiling Internal Prop 'Squad/Props/buttonsGeneric/switch/genericSwitch'
[LOG 20:27:35.985] PartLoader: Compiling Internal Prop 'Squad/Props/buttonsGeneric/switchWithGuards/genericSwitchWithGuards'
[LOG 20:27:35.985] PartLoader: Compiling Internal Prop 'Squad/Props/ButtonSquare/prop/ButtonSquare'
[LOG 20:27:35.987] PartLoader: Compiling Internal Prop 'Squad/Props/circularButton/prop/circularButton'
[LOG 20:27:35.988] PartLoader: Compiling Internal Prop 'Squad/Props/Compass/prop/Compass'
[LOG 20:27:35.989] PartLoader: Compiling Internal Prop 'Squad/Props/directionalKnob/prop/directionalKnob'
[LOG 20:27:35.990] PartLoader: Compiling Internal Prop 'Squad/Props/directionalKnob2/prop/directionalKnob2'
[LOG 20:27:35.990] PartLoader: Compiling Internal Prop 'Squad/Props/IndicatorPanel/prop/IndicatorPanel'
[LOG 20:27:35.993] PartLoader: Compiling Internal Prop 'Squad/Props/IVANavBall/prop/NavBall'
[LOG 20:27:35.995] PartLoader: Compiling Internal Prop 'Squad/Props/IVANavBallNoBase/prop/NavBallNoBase'
[LOG 20:27:35.996] PartLoader: Compiling Internal Prop 'Squad/Props/ledPanelSpeed/prop/ledPanelSpeed'
[LOG 20:27:35.998] PartLoader: Compiling Internal Prop 'Squad/Props/Monitor/DockingMode/MonitorDockingMode'
[LOG 20:27:35.998] PartLoader: Compiling Internal Prop 'Squad/Props/NavBall/prop/NavBall'
[LOG 20:27:35.999] PartLoader: Compiling Internal Prop 'Squad/Props/PropsGeneric/Button_DockingMode/Button_DockingMode'
[LOG 20:27:36.000] PartLoader: Compiling Internal Prop 'Squad/Props/PropsGeneric/CargoBagA/CargoBagA'
[LOG 20:27:36.000] PartLoader: Compiling Internal Prop 'Squad/Props/PropsGeneric/CargoBagB/CargoBagB'
[LOG 20:27:36.001] PartLoader: Compiling Internal Prop 'Squad/Props/PropsGeneric/CargoBagC/CargoBagC'
[LOG 20:27:36.001] PartLoader: Compiling Internal Prop 'Squad/Props/PropsGeneric/Hatch_Plane/Hatch_Plane'
[LOG 20:27:36.002] PartLoader: Compiling Internal Prop 'Squad/Props/PropsGeneric/Hatch_Plane_Curve90/Hatch_Plane_Curve90'
[LOG 20:27:36.002] PartLoader: Compiling Internal Prop 'Squad/Props/PropsGeneric/Hatch_Plane_Frame/Hatch_Plane_Frame'
[LOG 20:27:36.003] PartLoader: Compiling Internal Prop 'Squad/Props/PropsGeneric/Seat_Passenger/Seat_Passenger'
[LOG 20:27:36.003] PartLoader: Compiling Internal Prop 'Squad/Props/PropsGeneric/Seat_Pilot/Seat_Pilot'
[LOG 20:27:36.004] PartLoader: Compiling Internal Prop 'Squad/Props/PropsGeneric/Seat_Pilot_Helmet/Seat_Pilot_Helmet'
[LOG 20:27:36.004] PartLoader: Compiling Internal Prop 'Squad/Props/PropsGeneric/SideStick/SideStick'
[LOG 20:27:36.005] PartLoader: Compiling Internal Prop 'Squad/Props/pullSwitch/prop/pullSwitch'
[LOG 20:27:36.005] PartLoader: Compiling Internal Prop 'Squad/Props/radarAltitude/prop/RadarAltimeter'
[LOG 20:27:36.008] PartLoader: Compiling Internal Prop 'Squad/Props/squareButton/prop/squareButton'
[LOG 20:27:36.009] PartLoader: Compiling Internal Prop 'Squad/Props/standingSwitch/prop/standingSwitch'
[LOG 20:27:36.010] PartLoader: Compiling Internal Prop 'Squad/Props/switch/prop/switch'
[LOG 20:27:36.010] PartLoader: Compiling Internal Prop 'Squad/Props/switchGuard/prop/switchGuard'
[LOG 20:27:36.011] PartLoader: Compiling Internal Prop 'Squad/Props/switchWithGuards/prop/switchWithGuards'
[LOG 20:27:36.012] PartLoader: Compiling Internal Prop 'Squad/Props/throttle/prop/throttle'
[LOG 20:27:36.014] PartLoader: Compiling Internal Prop 'Squad/Props/VSI/prop/VSI'
[LOG 20:27:36.016] PartLoader: Compiling Internal Space 'Squad/Spaces/crewCabinInternals/internal/crewCabinInternals'
[LOG 20:27:36.025] PartLoader: Compiling Internal Space 'Squad/Spaces/cupolaInternal/internal/cupolaInternal'
[LOG 20:27:36.038] PartLoader: Compiling Internal Space 'Squad/Spaces/GenericSpace1/internal/GenericSpace1'
[LOG 20:27:36.040] PartLoader: Compiling Internal Space 'Squad/Spaces/GenericSpace3/internal/GenericSpace3'
[LOG 20:27:36.043] PartLoader: Compiling Internal Space 'Squad/Spaces/landerCabinInternals/internal/landerCabinInternals'
[LOG 20:27:36.046] PartLoader: Compiling Internal Space 'Squad/Spaces/landerCabinSmallInternal/internal/landerCabinSmallInternal'
[LOG 20:27:36.050] PartLoader: Compiling Internal Space 'Squad/Spaces/LargeCrewedLabInternals/internal/Mobile_Processing_Lab_Int'
[LOG 20:27:36.052] PartLoader: Compiling Internal Space 'Squad/Spaces/Mk1-3/internal/Mk1-3'
[LOG 20:27:36.060] PartLoader: Compiling Internal Space 'Squad/Spaces/mk1CabinInternal/internal/mk1CabinInternal'
[LOG 20:27:36.065] PartLoader: Compiling Internal Space 'Squad/Spaces/mk1CockpitInternal/internal/mk1CockpitInternal'
[LOG 20:27:36.073] PartLoader: Compiling Internal Space 'Squad/Spaces/mk1InlineInternal/internal/mk1InlineInternal'
[LOG 20:27:36.080] PartLoader: Compiling Internal Space 'Squad/Spaces/mk1PodCockpit/internal/mk1PodCockpit'
[LOG 20:27:36.083] PartLoader: Compiling Internal Space 'Squad/Spaces/mk1pod_IVA/mk1pod_Internal/mk1pod_IVA'
[LOG 20:27:36.090] PartLoader: Compiling Internal Space 'Squad/Spaces/mk2CockpitStandardInternal/internal/mk2CockpitStandardInternals'
[LOG 20:27:36.100] PartLoader: Compiling Internal Space 'Squad/Spaces/Mk2CrewCabinInternal/internal_MK2_CrewCab/MK2_CrewCab_Int'
[LOG 20:27:36.107] PartLoader: Compiling Internal Space 'Squad/Spaces/mk2InlineInternal/internal/mk2InlineInternal'
[LOG 20:27:36.120] PartLoader: Compiling Internal Space 'Squad/Spaces/mk2LanderCanInternal/internal/mk2LanderCanInternal'
[LOG 20:27:36.131] PartLoader: Compiling Internal Space 'Squad/Spaces/MK3CockpitInternal/internal_MK3/MK3_Cockpit_Int'
[LOG 20:27:36.145] PartLoader: Compiling Internal Space 'Squad/Spaces/MK3_CrewCab_Int/internal_MK3_CrewCab/MK3_CrewCab_Int'
[LOG 20:27:36.147] InternalSeat: Cannot find portraitCamera of name 'Camera_Left003'
[LOG 20:27:36.158] PartLoader: Compiling Internal Space 'Squad/Spaces/Placeholder/internal/Placeholder'
[LOG 20:27:36.172] PartLoader: Compiling Internal Space 'Squad/Spaces/PodCockpit/internal/PodCockpit'
[LOG 20:27:36.180] PartLoader: Compiling Internal Space 'SquadExpansion/MakingHistory/Spaces/KVPods/Airlock_Internal/Airlock_IVA'
[LOG 20:27:36.181] PartLoader: Compiling Internal Space 'SquadExpansion/MakingHistory/Spaces/KVPods/KV1_Internal/KV1_IVA'
[LOG 20:27:36.184] PartLoader: Compiling Internal Space 'SquadExpansion/MakingHistory/Spaces/KVPods/KV2_Internal/KV2_IVA'
[LOG 20:27:36.189] PartLoader: Compiling Internal Space 'SquadExpansion/MakingHistory/Spaces/KVPods/KV3_Internal/KV3_IVA'
[LOG 20:27:36.195] PartLoader: Compiling Internal Space 'SquadExpansion/MakingHistory/Spaces/MEM/MEM_IVA/MEM_IVA'
[LOG 20:27:36.206] PartLoader: Compiling Internal Space 'SquadExpansion/MakingHistory/Spaces/Mk2Pod/Mk2Pod_Internal/MK2POD_IVA'
[LOG 20:27:40.901] Assets:
[LOG 20:27:40.901] anim_missionsapp_idle.anim
[LOG 20:27:40.901] anim_missionsapp_idle_warning.anim
[LOG 20:27:40.901] anim_missionsapp_warning.anim
[LOG 20:27:40.901] anim_missionssapp.anim
[LOG 20:27:40.901] animcontroller_missionsappmaster.controller
[LOG 20:27:40.901] app_bg.tif
[LOG 20:27:40.901] app_bottom_gray.tif
[LOG 20:27:40.901] app_divider_pulldown_body.tif
[LOG 20:27:40.901] app_divider_pulldown_footer.tif
[LOG 20:27:40.901] app_divider_pulldown_header.tif
[LOG 20:27:40.902] app_divider_pulldown_header_over.tif
[LOG 20:27:40.902] app_header_gray.tif
[LOG 20:27:40.902] app_missions_icon_active.tif
[LOG 20:27:40.902] app_missions_icon_complete.tif
[LOG 20:27:40.902] app_missions_icon_failed.tif
[LOG 20:27:40.902] app_missions_icon_inactive.tif
[LOG 20:27:40.902] spritesheet_missionsapp.tif
[LOG 20:27:40.902] spritesheet_missionsappwarning.tif
[LOG 20:27:40.902] missionbriefingdialog.prefab
[LOG 20:27:40.902] missionbriefingtag.prefab
[LOG 20:27:40.902] awardwidget.prefab
[LOG 20:27:40.902] missionenddialog.prefab
[LOG 20:27:40.902] missionitemwidget.prefab
[LOG 20:27:40.902] missionplaybutton.prefab
[LOG 20:27:40.902] missionplaydialog.prefab
[LOG 20:27:40.902] missionsteamitemwidget.prefab
[LOG 20:27:40.902] missionvalidationdialog.prefab
[LOG 20:27:40.902] validationentry.prefab
[LOG 20:27:40.902] comettoken.fbx
[LOG 20:27:40.902] comettoken.jpg
[LOG 20:27:40.902] placementegizmo_comet.mat
[LOG 20:27:40.902] placementegizmo_comet_tail.mat
[LOG 20:27:40.902] femalevintagepreview.prefab
[LOG 20:27:40.902] malevintagepreview.prefab
[LOG 20:27:40.902] checkpointentrywidget.prefab
[LOG 20:27:40.902] crewmanagementdialog.prefab
[LOG 20:27:40.902] listitem_vesseltitle.prefab
[LOG 20:27:40.903] missionbrowser.prefab
[LOG 20:27:40.903] missioncheckpointbrowser.prefab
[LOG 20:27:40.903] missioncrewlistitem.prefab
[LOG 20:27:40.903] missionentrywidget.prefab
[LOG 20:27:40.903] missiontemplateentrywidget.prefab
[LOG 20:27:40.903] partcategorizerbutton.prefab
[LOG 20:27:40.903] partselectorbrowser.prefab
[LOG 20:27:40.903] partselectorentry.prefab
[LOG 20:27:40.903] gaputil_vesselframe.prefab
[LOG 20:27:40.903] meguiconnector.prefab
[LOG 20:27:40.903] meguinode.prefab
[LOG 20:27:40.903] meguinodecategorybutton.prefab
[LOG 20:27:40.903] meguinodeicon.prefab
[LOG 20:27:40.903] meguinodeicongroup.prefab
[LOG 20:27:40.903] meguiscrollviewitem.prefab
[LOG 20:27:40.903] meiconloaderbasicnode.prefab
[LOG 20:27:40.903] meiconloadergap.prefab
[LOG 20:27:40.903] meiconloadernodecategorizer.prefab
[LOG 20:27:40.903] menodecanvas.prefab
[LOG 20:27:40.903] missioneditorscreen.prefab
[LOG 20:27:40.903] nodelisttooltip.prefab
[LOG 20:27:40.903] nodelisttooltipextinfolistspacer.prefab
[LOG 20:27:40.903] orbitgizmo.prefab
[LOG 20:27:40.903] biomeshighlight.shader
[LOG 20:27:40.903] projector-surfacegizmo.shader
[LOG 20:27:40.903] scaledplanetbiomeshighlight.shader
[LOG 20:27:40.903] sprites-alwaysover.shader
[LOG 20:27:40.904] ui-unlit-infinite.shader
[LOG 20:27:40.904] ui-unlit-solid.shader
[LOG 20:27:40.904] assetgraph_connectionpoint_inputmark.png
[LOG 20:27:40.904] assetgraph_inputbg.png
[LOG 20:27:40.904] boldly.png
[LOG 20:27:40.904] carpool.png
[LOG 20:27:40.904] frugal.png
[LOG 20:27:40.904] homesick.png
[LOG 20:27:40.904] keys.png
[LOG 20:27:40.904] saint.png
[LOG 20:27:40.904] sinner.png
[LOG 20:27:40.904] thespot.png
[LOG 20:27:40.904] timekeeper.png
[LOG 20:27:40.904] helmetbronze.png
[LOG 20:27:40.904] helmetgold.png
[LOG 20:27:40.904] helmetsilver.png
[LOG 20:27:40.904] action-part-resource-drain.png
[LOG 20:27:40.904] change-part-resource-levels.png
[LOG 20:27:40.904] create-asteroid.png
[LOG 20:27:40.904] create-kerbal.png
[LOG 20:27:40.904] create-vessel.png
[LOG 20:27:40.904] crew-assignment.png
[LOG 20:27:40.904] dialog-message.png
[LOG 20:27:40.904] display-message.png
[LOG 20:27:40.904] fail-part.png
[LOG 20:27:40.904] fly-through.png
[LOG 20:27:40.904] funds-recovery.png
[LOG 20:27:40.904] generic-node.png
[LOG 20:27:40.905] go-to.png
[LOG 20:27:40.905] kerbal-boarded.png
[LOG 20:27:40.905] kerbal-recovery.png
[LOG 20:27:40.905] kerbal-rescue.png
[LOG 20:27:40.905] launch-site.png
[LOG 20:27:40.905] leave-soi.png
[LOG 20:27:40.905] orbit.png
[LOG 20:27:40.905] part-explode.png
[LOG 20:27:40.905] plant-flag.png
[LOG 20:27:40.905] reach-soi.png
[LOG 20:27:40.905] repair-part.png
[LOG 20:27:40.905] resource-amount.png
[LOG 20:27:40.905] resource-recovery.png
[LOG 20:27:40.905] science-experiment.png
[LOG 20:27:40.905] score.png
[LOG 20:27:40.905] take-tourist.png
[LOG 20:27:40.905] test-altitude.png
[LOG 20:27:40.905] test-eva.png
[LOG 20:27:40.905] test-grapple.png
[LOG 20:27:40.905] time-of-flight.png
[LOG 20:27:40.905] time-of-mission.png
[LOG 20:27:40.905] time-since-node.png
[LOG 20:27:40.905] vessel-crashed.png
[LOG 20:27:40.905] vessel-crew-count.png
[LOG 20:27:40.905] vessel-explode.png
[LOG 20:27:40.905] vessel-flying.png
[LOG 20:27:40.905] vessel-landed.png
[LOG 20:27:40.905] vessel-mass.png
[LOG 20:27:40.905] vessel-splashed.png
[LOG 20:27:40.906] vessel-stage-activated.png
[LOG 20:27:40.906] vessel-stage.png
[LOG 20:27:40.906] arrange-graph.png
[LOG 20:27:40.906] builderbuttons_briefing.png
[LOG 20:27:40.906] builderbuttons_reset.png
[LOG 20:27:40.906] builderbuttons_trackingstation.png
[LOG 20:27:40.906] frame-graph.png
[LOG 20:27:40.906] lock.png
[LOG 20:27:40.906] maximize.png
[LOG 20:27:40.906] minimize.png
[LOG 20:27:40.906] pin.png
[LOG 20:27:40.906] pin_down.png
[LOG 20:27:40.906] redo.png
[LOG 20:27:40.906] reset.png
[LOG 20:27:40.906] tracking-station.png
[LOG 20:27:40.906] undo.png
[LOG 20:27:40.906] visible-in-gap.png
[LOG 20:27:40.906] location.png
[LOG 20:27:40.906] logic.png
[LOG 20:27:40.906] science.png
[LOG 20:27:40.906] utility.png
[LOG 20:27:40.906] vessel.png
[LOG 20:27:40.906] eye.png
[LOG 20:27:40.906] iconmb.png
[LOG 20:27:40.906] me_btn_generic_normal.tif
[LOG 20:27:40.906] me_button_generic_normal.tif
[LOG 20:27:40.906] nodecat_bg.png
[LOG 20:27:40.906] nodecat_divider.tif
[LOG 20:27:40.907] nodecat_divider_bottom.tif
[LOG 20:27:40.907] pholderwarningicon.png
[LOG 20:27:40.907] reseticon.png
[LOG 20:27:40.907] validityindicator.controller
[LOG 20:27:40.907] validtyinidicatorpulse.anim
[LOG 20:27:40.907] broadorbittoggle button.png
[LOG 20:27:40.907] maneuvertoggle button.png
[LOG 20:27:40.907] orbitalgizmoicons.png
[LOG 20:27:40.907] reset orbit button.png
[LOG 20:27:40.907] nodelabel.prefab
[LOG 20:27:40.907] kerbaleva_female_exp.prefab
[LOG 20:27:40.907] kerbaleva_rd_exp.prefab
[LOG 20:27:40.907] missioneditorevabody.mat
[LOG 20:27:40.907] missioneditorevabodyalternate.mat
[LOG 20:27:40.907] missioneditorevabodybrown.mat
[LOG 20:27:40.907] missioneditorevaeyeballs.mat
[LOG 20:27:40.907] missioneditorevaeyes.mat
[LOG 20:27:40.907] missioneditorevahead.mat
[LOG 20:27:40.907] missioneditorevahelmet.mat
[LOG 20:27:40.907] missioneditorevahelmetred.mat
[LOG 20:27:40.907] missioneditorevajetpack.mat
[LOG 20:27:40.907] missioneditorevalight.mat
[LOG 20:27:40.907] kbevafemalevintage.prefab
[LOG 20:27:40.907] kbevavintage.prefab
[LOG 20:27:40.907] evalight.fbx
[LOG 20:27:40.907] kbeva@new.fbx
[LOG 20:27:40.907] kbeva@newfem.fbx
[LOG 20:27:40.907] mevahelmetlight.fbx
[LOG 20:27:40.907] evajetpackscondary.dds
[LOG 20:27:40.908] evajetpacksecondary_n.dds
[LOG 20:27:40.908] evalight.png
[LOG 20:27:40.908] kerbalmainnrm.dds
[LOG 20:27:40.908] me_suit_difuse_blue.dds
[LOG 20:27:40.908] me_suit_difuse_low_polybrown.dds
[LOG 20:27:40.908] me_suit_difuse_orange.dds
[LOG 20:27:40.908] kerbalfemalevintage.prefab
[LOG 20:27:40.908] kerbalmalevintage.prefab
[LOG 20:27:40.908] evahelmet.mat
[LOG 20:27:40.908] evatexture.mat
[LOG 20:27:40.908] kerbalgirl_06_basecolor.mat
[LOG 20:27:40.908] kerbalhead.mat
[LOG 20:27:40.908] lambert6.mat
[LOG 20:27:40.908] mat_eyeballs.mat
[LOG 20:27:40.908] mat_eyes01.mat
[LOG 20:27:40.908] material #4.mat
[LOG 20:27:40.908] mesh_female_kerbalastronaut01_kerbalgirl_export_15_lambert20.mat
[LOG 20:27:40.908] mesh_female_kerbalastronaut01_kerbalgirl_export_15_lambert21.mat
[LOG 20:27:40.908] kbfemale_iva_mecanim.fbx
[LOG 20:27:40.908] kbiva_mecanim.fbx
[LOG 20:27:40.908] kerbalicon_eva_female_vintage.tif
[LOG 20:27:40.908] kerbalicon_eva_vintage.tif
[LOG 20:27:40.908] kerbalicon_suit_female_vintage.tif
[LOG 20:27:40.908] kerbalicon_suit_orange_female_vintage.tif
[LOG 20:27:40.908] kerbalicon_suit_orange_vintage.tif
[LOG 20:27:40.908] kerbalicon_suit_vintage.tif
[LOG 20:27:40.908] gap_celestialbody_camerasetup.prefab
[LOG 20:27:40.908] gap_celestialbody_collisionsphere.prefab
[LOG 20:27:40.909] gap_celestialbody_surfacegizmo_area.prefab
[LOG 20:27:40.909] gap_celestialbody_surfacegizmo_basic.prefab
[LOG 20:27:40.909] gap_celestialbody_surfacegizmo_icon.prefab
[LOG 20:27:40.909] gap_celestialbody_surfacegizmo_vessel.prefab
[LOG 20:27:40.909] gap_celestialbody_surfacegizmo_volume.prefab
[LOG 20:27:40.909] gap_proceduralasteroid.prefab
[LOG 20:27:40.909] gap_proceduralcomet.prefab
[LOG 20:27:40.909] gapbuttonprefab.prefab
[LOG 20:27:40.909] gapkerbal_femaleveteran.prefab
[LOG 20:27:40.909] gapkerbal_femaleveteran_vintage.prefab
[LOG 20:27:40.909] gapkerbal_male_slimsuit.prefab
[LOG 20:27:40.909] gapkerbal_maleveteran.prefab
[LOG 20:27:40.909] gapkerbal_maleveteran_vintage.prefab
[LOG 20:27:40.909] gapscrollablesidebarbutton.prefab
[LOG 20:27:40.909] gapsidebarbutton.prefab
[LOG 20:27:40.909] gaptoggleprefab.prefab
[LOG 20:27:40.909] gaputil_biselector.prefab
[LOG 20:27:40.909] gaputil_celestialbody.prefab
[LOG 20:27:40.909] vesseldisplay_camerasetup.prefab
[LOG 20:27:40.909] desert_airfield.prefab
[LOG 20:27:40.909] desert_groundobjects.prefab
[LOG 20:27:40.909] desert_launch_site.prefab
[LOG 20:27:40.909] larkes.prefab
[LOG 20:27:40.909] floor bottom.mat
[LOG 20:27:40.909] floor top.mat
[LOG 20:27:40.909] legs.mat
[LOG 20:27:40.909] ramp.mat
[LOG 20:27:40.909] stairs grid lights pivot.mat
[LOG 20:27:40.910] supports 1.mat
[LOG 20:27:40.910] supports 2.mat
[LOG 20:27:40.910] tunnels.mat
[LOG 20:27:40.910] floor bottom.dds
[LOG 20:27:40.910] floor top.dds
[LOG 20:27:40.910] floor top_normal.dds
[LOG 20:27:40.910] legs.dds
[LOG 20:27:40.910] ramp.dds
[LOG 20:27:40.910] stairs grid lights pivot.dds
[LOG 20:27:40.910] supports 1.dds
[LOG 20:27:40.910] supports 2.dds
[LOG 20:27:40.910] tunnels.dds
[LOG 20:27:40.910] diffuse.mat
[LOG 20:27:40.910] floor bottom_base_color.mat
[LOG 20:27:40.910] floor top_base_color.mat
[LOG 20:27:40.910] legs_base_color.mat
[LOG 20:27:40.910] ramp_base_color.mat
[LOG 20:27:40.910] stairs grid lights pivot_base_colormodpsd.mat
[LOG 20:27:40.910] stairs_grid_lights_pivot_base_color.mat
[LOG 20:27:40.910] supports 1_base_color.mat
[LOG 20:27:40.910] supports 2_base_color.mat
[LOG 20:27:40.910] tunnels_base_color.mat
[LOG 20:27:40.910] mobilelaunchpad_19.fbx
[LOG 20:27:40.910] pontoons.fbx
[LOG 20:27:40.910] pontoons_diffuse.dds
[LOG 20:27:40.910] ramp_normal.png
[LOG 20:27:40.910] 1001_base_color.mat
[LOG 20:27:40.910] desert groundtransition.mat
[LOG 20:27:40.911] desert groundtransition_highquality.mat
[LOG 20:27:40.911] desert groundtransition_lowquality.mat
[LOG 20:27:40.911] desert groundtransition_mediumquality.mat
[LOG 20:27:40.911] desert groundtransition_ultraquality.mat
[LOG 20:27:40.911] desert runway sand.mat
[LOG 20:27:40.911] desert runway stone.mat
[LOG 20:27:40.911] mobilelaunchpad.prefab
[LOG 20:27:40.911] woomerang_groundobjects.prefab
[LOG 20:27:40.911] woomerang_launch_site.prefab
[LOG 20:27:40.911] Scenes:
[LOG 20:27:40.912] kspMissionEditor.unity
[LOG 20:27:50.201] Assets:
[LOG 20:27:50.201] appanim_missionsapp.prefab
[LOG 20:27:50.201] cascading_body_missionheader.prefab
[LOG 20:27:50.201] cascading_body_missioninfo.prefab
[LOG 20:27:50.201] cascading_body_missionobjective.prefab
[LOG 20:27:50.201] cascading_body_missionsvesselheader.prefab
[LOG 20:27:50.201] cascading_body_missionsvesselitem.prefab
[LOG 20:27:50.201] cascading_body_settingsbutton.prefab
[LOG 20:27:50.201] cascading_body_settingstoggle.prefab
[LOG 20:27:50.201] missionsapp.prefab
[LOG 20:27:50.201] axislimitline.prefab
[LOG 20:27:50.201] controlleraction.prefab
[LOG 20:27:50.201] controlleraxis.prefab
[LOG 20:27:50.201] controllerwindow.prefab
[LOG 20:27:50.201] curvepanelpoint.prefab
[LOG 20:27:50.202] curvepanelpointaction.prefab
[LOG 20:27:50.202] axis_align_ends.png
[LOG 20:27:50.202] axis_clamp_values.png
[LOG 20:27:50.202] axis_copy.png
[LOG 20:27:50.202] axis_flip_horizontal.png
[LOG 20:27:50.202] axis_flip_vertical.png
[LOG 20:27:50.202] axis_move_down-trackrow.png
[LOG 20:27:50.202] axis_move_down.png
[LOG 20:27:50.202] axis_move_up-trackrow.png
[LOG 20:27:50.202] axis_move_up.png
[LOG 20:27:50.202] axis_paste.png
[LOG 20:27:50.202] axis_preset_flat.png
[LOG 20:27:50.202] axis_preset_sawtooth.png
[LOG 20:27:50.202] axis_preset_sine.png
[LOG 20:27:50.202] axis_preset_square.png
[LOG 20:27:50.202] axis_preset_triangle.png
[LOG 20:27:50.202] axis_select_all.png
[LOG 20:27:50.202] background_squared_inset.png
[LOG 20:27:50.202] close.png
[LOG 20:27:50.202] direction_forward.png
[LOG 20:27:50.202] direction_reverse.png
[LOG 20:27:50.202] edit.png
[LOG 20:27:50.202] fieldlimitline.png
[LOG 20:27:50.202] keyframe_add.png
[LOG 20:27:50.202] keyframe_clamp_value.png
[LOG 20:27:50.202] keyframe_delete.png
[LOG 20:27:50.202] keyframe_linear.png
[LOG 20:27:50.202] keyframe_smooth.png
[LOG 20:27:50.203] keyframe_step_backward.png
[LOG 20:27:50.203] keyframe_step_forward.png
[LOG 20:27:50.203] line.png
[LOG 20:27:50.203] line_dashed.png
[LOG 20:27:50.203] loop_pingpong.png
[LOG 20:27:50.203] loop_playonce.png
[LOG 20:27:50.203] loop_repeat.png
[LOG 20:27:50.203] node.png
[LOG 20:27:50.203] node_circle.png
[LOG 20:27:50.203] node_square.png
[LOG 20:27:50.203] pause.png
[LOG 20:27:50.203] play.png
[LOG 20:27:50.203] pointer.png
[LOG 20:27:50.203] remove-axis.png
[LOG 20:27:50.203] remove_key.png
[LOG 20:27:50.203] resize_icon.png
[LOG 20:27:50.203] sequence_resize_button_states.png
[LOG 20:27:50.203] sequence_resize_maintain.png
[LOG 20:27:50.203] sequence_resize_scale.png
[LOG 20:27:50.203] sequence_speed.png
[LOG 20:27:50.203] tracking_editor_button_states.png
[LOG 20:27:50.203] femalefuturepreview.prefab
[LOG 20:27:50.203] malefuturepreview.prefab
[LOG 20:27:50.203] kbfemale@controlpanel_a.fbx
[LOG 20:27:50.203] kbfemale@controlpanel_b.fbx
[LOG 20:27:50.203] kbfemale@controlpanel_c.fbx
[LOG 20:27:50.203] kbfemale@rocksample.fbx
[LOG 20:27:50.203] hammerfemale.fbx
[LOG 20:27:50.203] hammermale.fbx
[LOG 20:27:50.204] kbeva@controlpanel_a.fbx
[LOG 20:27:50.204] kbeva@controlpanel_b.fbx
[LOG 20:27:50.204] kbeva@controlpanel_c.fbx
[LOG 20:27:50.204] kbeva@rocksample.fbx
[LOG 20:27:50.204] kerbaleva_female_future.prefab
[LOG 20:27:50.204] kerbaleva_rd_future.prefab
[LOG 20:27:50.204] futureevabody.mat
[LOG 20:27:50.204] futureevabodyalternate.mat
[LOG 20:27:50.204] futureevajetpack.mat
[LOG 20:27:50.204] futureevalight.mat
[LOG 20:27:50.204] futurehelmet.mat
[LOG 20:27:50.204] kbevafemalefuture.prefab
[LOG 20:27:50.204] kbevafuture.prefab
[LOG 20:27:50.204] kbeva@new.fbx
[LOG 20:27:50.204] kbeva@newfem.fbx
[LOG 20:27:50.204] mevahelmetlight.fbx
[LOG 20:27:50.204] serenityfemaleeva.fbx
[LOG 20:27:50.204] serenityflares.fbx
[LOG 20:27:50.204] serenitymaleeva.fbx
[LOG 20:27:50.204] evajetpacknrm.dds
[LOG 20:27:50.204] futuresuit_diffuse_orange.dds
[LOG 20:27:50.204] futuresuit_diffuse_whiteblue.dds
[LOG 20:27:50.204] futuresuit_diffuse_whiteorange.dds
[LOG 20:27:50.204] futuresuit_emissive.dds
[LOG 20:27:50.204] futuresuit_evalight.png
[LOG 20:27:50.204] futuresuitmainnrm.dds
[LOG 20:27:50.204] ksp_ig_jetpack_diffuse.jpg
[LOG 20:27:50.204] kerbalfemalefuture.prefab
[LOG 20:27:50.205] kerbalmalefuture.prefab
[LOG 20:27:50.205] futuresuit_diffuse.mat
[LOG 20:27:50.205] serenityfemaleiva.fbx
[LOG 20:27:50.205] serenitymaleiva.fbx
[LOG 20:27:50.205] kerbalicon_eva_female_future.tif
[LOG 20:27:50.205] kerbalicon_eva_future.tif
[LOG 20:27:50.205] kerbalicon_suit_female_future.tif
[LOG 20:27:50.205] kerbalicon_suit_future.tif
[LOG 20:27:50.205] kerbalicon_suit_orange_female_future.tif
[LOG 20:27:50.205] kerbalicon_suit_orange_future.tif
[LOG 20:27:50.205] bottom_emissor.mat
[LOG 20:27:50.205] burst_emissor.mat
[LOG 20:27:50.205] burstprojectiles_emissor.mat
[LOG 20:27:50.205] constantburst_emissor.mat
[LOG 20:27:50.205] snowflakes_emissor.mat
[LOG 20:27:50.205] vapor_emissor.mat
[LOG 20:27:50.205] base_0.mat
[LOG 20:27:50.205] base_1.mat
[LOG 20:27:50.205] base_2.mat
[LOG 20:27:50.205] base_3_1.mat
[LOG 20:27:50.205] base_3_2.mat
[LOG 20:27:50.205] vapor.mat
[LOG 20:27:50.205] burst.png
[LOG 20:27:50.205] cloud2.png
[LOG 20:27:50.205] v1.png
[LOG 20:27:50.205] v2.png
[LOG 20:27:50.205] v3.png
[LOG 20:27:50.205] v5.png
[LOG 20:27:50.205] gapkerbal_female_future.prefab
[LOG 20:27:50.206] gapkerbal_male_future.prefab
[LOG 20:27:50.206] hammerfemale.prefab
[LOG 20:27:50.206] hammermale.prefab
[LOG 20:27:50.206] bopgravelpile.prefab
[LOG 20:27:50.206] bopgravelpile.fbx
[LOG 20:27:50.206] bop_gravel pile_d.mat
[LOG 20:27:50.206] lambert1.mat
[LOG 20:27:50.206] bop_gravel pile_d.png
[LOG 20:27:50.206] bop_gravel pile_d.tga
[LOG 20:27:50.206] bop_gravel pile_n.png
[LOG 20:27:50.206] bop_gravel pile_s.png
[LOG 20:27:50.206] drescrater.prefab
[LOG 20:27:50.206] dresmeteorite.prefab
[LOG 20:27:50.206] drescrater.fbx
[LOG 20:27:50.206] dresmeteorite.fbx
[LOG 20:27:50.206] dres_crater_d.mat
[LOG 20:27:50.206] dres_meteorite_d.mat
[LOG 20:27:50.206] lambert1.mat
[LOG 20:27:50.206] dres_crater_d.tga
[LOG 20:27:50.206] dres_crater_n.png
[LOG 20:27:50.206] dres_meteorite_d.tga
[LOG 20:27:50.206] dres_meteorite_n.png
[LOG 20:27:50.206] dunablueberries.prefab
[LOG 20:27:50.206] dunadune.prefab
[LOG 20:27:50.206] dunameteorite.prefab
[LOG 20:27:50.206] dunastone.prefab
[LOG 20:27:50.206] dunaasteroid.fbx
[LOG 20:27:50.206] dunablueberries.fbx
[LOG 20:27:50.207] dunadune.fbx
[LOG 20:27:50.207] dunastone.fbx
[LOG 20:27:50.207] duna_asteroid_d.mat
[LOG 20:27:50.207] duna_dune_d.mat
[LOG 20:27:50.207] duna_stone_d.mat
[LOG 20:27:50.207] dune_blueberries_d.mat
[LOG 20:27:50.207] lambert1.mat
[LOG 20:27:50.207] duna_asteroid_d.tga
[LOG 20:27:50.207] duna_asteroid_n.png
[LOG 20:27:50.207] duna_dune_d.tga
[LOG 20:27:50.207] duna_dune_n.tga
[LOG 20:27:50.207] duna_stone_d.tga
[LOG 20:27:50.207] duna_stone_n.png
[LOG 20:27:50.207] dune_blueberries_d.tga
[LOG 20:27:50.207] dune_blueberries_n.png
[LOG 20:27:50.207] eelooberg.prefab
[LOG 20:27:50.207] eeloobrownboulder.prefab
[LOG 20:27:50.207] eelooicechunk.prefab
[LOG 20:27:50.207] eelooberg.fbx
[LOG 20:27:50.207] eelooboulder.fbx
[LOG 20:27:50.207] eelooicechunk.fbx
[LOG 20:27:50.207] eeloo_alien_glacier_d.mat
[LOG 20:27:50.207] eeloo_brown_ boulder_d.mat
[LOG 20:27:50.207] eeloo_ice chunk_d.mat
[LOG 20:27:50.207] lambert1.mat
[LOG 20:27:50.207] eeloo_alien_glacier_d.tga
[LOG 20:27:50.207] eeloo_alien_glacier_e.tga
[LOG 20:27:50.207] eeloo_alien_glacier_n.png
[LOG 20:27:50.208] eeloo_brown_ boulder_d.tga
[LOG 20:27:50.208] eeloo_brown_ boulder_n.png
[LOG 20:27:50.208] eeloo_ice chunk_d.tga
[LOG 20:27:50.208] eeloo_ice chunk_e.tga
[LOG 20:27:50.208] eeloo_ice chunk_n.png
[LOG 20:27:50.208] eeloo_ice chunk_s.tga
[LOG 20:27:50.208] evebasaltformation.prefab
[LOG 20:27:50.208] evepancakedome.prefab
[LOG 20:27:50.208] evevolcanicrock.prefab
[LOG 20:27:50.208] evebasaltformation.fbx
[LOG 20:27:50.208] evepancakeformation.fbx
[LOG 20:27:50.208] evevolcanicrock.fbx
[LOG 20:27:50.208] eve basalt formation_d.mat
[LOG 20:27:50.208] eve pancake formation_d.mat
[LOG 20:27:50.208] eve volcanic rock_d.mat
[LOG 20:27:50.208] lambert1.mat
[LOG 20:27:50.208] eve basalt formation_d.tga
[LOG 20:27:50.208] eve basalt formation_n.tga
[LOG 20:27:50.208] eve pancake formation_d.tga
[LOG 20:27:50.208] eve pancake formation_e.png
[LOG 20:27:50.208] eve pancake formation_n.png
[LOG 20:27:50.208] eve volcanic rock_d.tga
[LOG 20:27:50.208] eve volcanic rock_n.png
[LOG 20:27:50.208] gillyridgeline.fbx
[LOG 20:27:50.208] gilly ridegeline_d.mat
[LOG 20:27:50.208] lambert1.mat
[LOG 20:27:50.209] gillyridgeline.prefab
[LOG 20:27:50.209] gilly ridegeline_d.tga
[LOG 20:27:50.209] gilly ridegeline_n.png
[LOG 20:27:50.209] dunaejecta.prefab
[LOG 20:27:50.209] ikedunaejecta.fbx
[LOG 20:27:50.209] ike_duna_ejecta_mat.mat
[LOG 20:27:50.209] ike duna ejecta_d.tga
[LOG 20:27:50.209] ike duna ejecta_n.png
[LOG 20:27:50.209] kerbinbaobabtree.fbx
[LOG 20:27:50.209] kerbinquartz.fbx
[LOG 20:27:50.209] baobaptree.mat
[LOG 20:27:50.209] kerbin_baobab_tree_d.mat
[LOG 20:27:50.209] kerbin_boabob_tree_d.mat
[LOG 20:27:50.209] kerbin_giant_quartz_d.mat
[LOG 20:27:50.209] lambert1.mat
[LOG 20:27:50.209] lambert2.mat
[LOG 20:27:50.209] kerbinbaobabtree.prefab
[LOG 20:27:50.209] kerbinquartz.prefab
[LOG 20:27:50.209] kerbin_baobab_tree_alpha.png
[LOG 20:27:50.209] kerbin_baobab_tree_d.tga
[LOG 20:27:50.209] kerbin_baobab_tree_n.png
[LOG 20:27:50.209] kerbin_giant_quartz_d.tga
[LOG 20:27:50.209] kerbin_giant_quartz_e.tga
[LOG 20:27:50.209] kerbin_giant_quartz_n.tga
[LOG 20:27:50.209] kerbin_giant_quartz_s.tga
[LOG 20:27:50.209] laytheboulder.fbx
[LOG 20:27:50.209] laythegeyser.fbx
[LOG 20:27:50.209] laythestone.fbx
[LOG 20:27:50.210] lambert1.mat
[LOG 20:27:50.210] laythe_boulder_d.mat
[LOG 20:27:50.210] laythe_geyser_d.mat
[LOG 20:27:50.210] laythe_stone_d.mat
[LOG 20:27:50.210] laytheboulder.prefab
[LOG 20:27:50.210] laythegeyser.prefab
[LOG 20:27:50.210] laythestone.prefab
[LOG 20:27:50.210] laythe_boulder_d.tga
[LOG 20:27:50.210] laythe_boulder_n.png
[LOG 20:27:50.210] laythe_geyser_d.tga
[LOG 20:27:50.210] laythe_geyser_n.png
[LOG 20:27:50.210] laythe_stone_d.tga
[LOG 20:27:50.210] laythe_stone_n.png
[LOG 20:27:50.210] greensandstone.fbx
[LOG 20:27:50.210] lambert1.mat
[LOG 20:27:50.210] minmus_green_sandstone_d.mat
[LOG 20:27:50.210] minmus_olivine_formation_d.mat
[LOG 20:27:50.210] minmusolivineformation.fbx
[LOG 20:27:50.210] minmus_greensandstone.prefab
[LOG 20:27:50.210] minmus_olivineformation.prefab
[LOG 20:27:50.210] minmus_green_sandstone_d.tga
[LOG 20:27:50.210] minmus_green_sandstone_n.png
[LOG 20:27:50.210] minmus_olivine_formation_d.tga
[LOG 20:27:50.210] minmus_olivine_formation_n.png
[LOG 20:27:50.210] lambert1.mat
[LOG 20:27:50.210] moho wrinkleridge_d.mat
[LOG 20:27:50.210] moho_stone_d.mat
[LOG 20:27:50.210] mohostone.fbx
[LOG 20:27:50.210] mohowrinkleridge.fbx
[LOG 20:27:50.211] mohostone.prefab
[LOG 20:27:50.211] mohowrinkleridge.prefab
[LOG 20:27:50.211] moho wrinkleridge_d.tga
[LOG 20:27:50.211] moho wrinkleridge_e.png
[LOG 20:27:50.211] moho wrinkleridge_n.png
[LOG 20:27:50.211] moho_stone_d.tga
[LOG 20:27:50.211] moho_stone_n.png
[LOG 20:27:50.211] lambert1.mat
[LOG 20:27:50.211] mun_crater_d.mat
[LOG 20:27:50.211] mun_large_crater_d.mat
[LOG 20:27:50.211] mun_stone_d.mat
[LOG 20:27:50.211] muncrater.fbx
[LOG 20:27:50.211] munlargecrater.fbx
[LOG 20:27:50.211] munstone.fbx
[LOG 20:27:50.211] muncrater.prefab
[LOG 20:27:50.211] munlargecrater.prefab
[LOG 20:27:50.211] munstone.prefab
[LOG 20:27:50.211] mun_crater_d.tga
[LOG 20:27:50.211] mun_crater_n.png
[LOG 20:27:50.211] mun_large_crater_d.tga
[LOG 20:27:50.211] mun_large_crater_n.png
[LOG 20:27:50.211] mun_stone_d.tga
[LOG 20:27:50.211] mun_stone_n.png
[LOG 20:27:50.211] lambert1.mat
[LOG 20:27:50.211] pol_yellowstone_d.mat
[LOG 20:27:50.211] polyellowstone.fbx
[LOG 20:27:50.211] pol_yellowstones.prefab
[LOG 20:27:50.211] pol_yellowstone_d.png
[LOG 20:27:50.211] pol_yellowstone_n.png
[LOG 20:27:50.212] lambert1.mat
[LOG 20:27:50.212] tylo_checkerboard_d.mat
[LOG 20:27:50.212] tylo_dark boulder_d.mat
[LOG 20:27:50.212] tylo_light_d.mat
[LOG 20:27:50.212] tyloboulder.fbx
[LOG 20:27:50.212] tylocheckerboard.fbx
[LOG 20:27:50.212] tylolightstone.fbx
[LOG 20:27:50.212] tylo_ checkerboard_n.png
[LOG 20:27:50.212] tylo_checkerboard_d.png
[LOG 20:27:50.212] tylo_dark boulder_d.tga
[LOG 20:27:50.212] tylo_dark boulder_n.png
[LOG 20:27:50.212] tylo_light_d.tga
[LOG 20:27:50.212] tylo_light_n.png
[LOG 20:27:50.212] tylocheckerboard.prefab
[LOG 20:27:50.212] tylodarkboulder.prefab
[LOG 20:27:50.212] tylolightstone.prefab
[LOG 20:27:50.212] cryovolcano_d.mat
[LOG 20:27:50.212] lambert1.mat
[LOG 20:27:50.212] vallicechunk_d.mat
[LOG 20:27:50.212] vallstone_d.mat
[LOG 20:27:50.212] vall_cryovolcano.fbx
[LOG 20:27:50.212] vall_icechunk.fbx
[LOG 20:27:50.212] vall_stone.fbx
[LOG 20:27:50.212] cryovolcano_d.tga
[LOG 20:27:50.212] cryovolcano_e.png
[LOG 20:27:50.212] cryovolcano_n.jpg
[LOG 20:27:50.212] cryovolcano_s.jpg
[LOG 20:27:50.212] vallicechunk_d.jpg
[LOG 20:27:50.213] vallicechunk_e.jpg
[LOG 20:27:50.213] vallicechunk_n.jpg
[LOG 20:27:50.213] vallicechunk_s.jpg
[LOG 20:27:50.213] vallstone_d.jpg
[LOG 20:27:50.213] vallstone_e.jpg
[LOG 20:27:50.213] vallstone_n.jpg
[LOG 20:27:50.213] vallstone_s.jpg
[LOG 20:27:50.213] vallcryovolcano.prefab
[LOG 20:27:50.213] vallicechunk.prefab
[LOG 20:27:50.213] vallstone.prefab
[LOG 20:27:50.213] vfx_spark.mat
[LOG 20:27:50.213] vfx_welding_flare.mat
[LOG 20:27:50.213] cometdustmaterial.mat
[LOG 20:27:50.213] cometgeysermat.mat
[LOG 20:27:50.221] GetTypesOfModulesImplementingInterface2: Found 69 types with IPartModuleAdjuster interface in 8 assemblies.
[LOG 20:27:50.228] GetSubclassesOfParentClass: Found 0 types with ModuleActiveRadiator parent in 8 assemblies.
[LOG 20:27:50.235] GetSubclassesOfParentClass: Found 0 types with ModuleAlternator parent in 8 assemblies.
[LOG 20:27:50.241] GetSubclassesOfParentClass: Found 1 types with ModuleControlSurface parent in 8 assemblies.
[LOG 20:27:50.248] GetSubclassesOfParentClass: Found 0 types with ModuleDataTransmitter parent in 8 assemblies.
[LOG 20:27:50.254] GetSubclassesOfParentClass: Found 0 types with ModuleDeployableSolarPanel parent in 8 assemblies.
[LOG 20:27:50.261] GetSubclassesOfParentClass: Found 1 types with ModuleEngines parent in 8 assemblies.
[LOG 20:27:50.267] GetSubclassesOfParentClass: Found 0 types with ModuleGenerator parent in 8 assemblies.
[LOG 20:27:50.273] GetSubclassesOfParentClass: Found 0 types with ModuleGimbal parent in 8 assemblies.
[LOG 20:27:50.280] GetSubclassesOfParentClass: Found 2 types with ModuleLiftingSurface parent in 8 assemblies.
[LOG 20:27:50.286] GetSubclassesOfParentClass: Found 0 types with ModuleLight parent in 8 assemblies.
[LOG 20:27:50.292] GetSubclassesOfParentClass: Found 0 types with ModuleReactionWheel parent in 8 assemblies.
[LOG 20:27:50.298] GetSubclassesOfParentClass: Found 0 types with ModuleSAS parent in 8 assemblies.
[LOG 20:27:50.304] GetSubclassesOfParentClass: Found 0 types with ModuleWheelBrakes parent in 8 assemblies.
[LOG 20:27:50.310] GetSubclassesOfParentClass: Found 1 types with ModuleWheelMotor parent in 8 assemblies.
[LOG 20:27:50.310] GetSubclassesOfParentClass: Using cached results for ModuleActiveRadiator
[LOG 20:27:50.316] GetSubclassesOfParentClass: Found 0 types with ModuleAnchoredDecoupler parent in 8 assemblies.
[LOG 20:27:50.322] GetSubclassesOfParentClass: Found 0 types with ModuleCargoBay parent in 8 assemblies.
[LOG 20:27:50.323] GetSubclassesOfParentClass: Using cached results for ModuleControlSurface
[LOG 20:27:50.323] GetSubclassesOfParentClass: Using cached results for ModuleDataTransmitter
[LOG 20:27:50.328] GetSubclassesOfParentClass: Found 0 types with ModuleDecouple parent in 8 assemblies.
[LOG 20:27:50.335] GetSubclassesOfParentClass: Found 4 types with ModuleDeployablePart parent in 8 assemblies.
[LOG 20:27:50.343] GetSubclassesOfParentClass: Found 0 types with ModuleDockingNode parent in 8 assemblies.
[LOG 20:27:50.343] GetSubclassesOfParentClass: Using cached results for ModuleEngines
[LOG 20:27:50.350] GetSubclassesOfParentClass: Found 0 types with CModuleFuelLine parent in 8 assemblies.
[LOG 20:27:50.358] GetSubclassesOfParentClass: Found 0 types with ModuleGPS parent in 8 assemblies.
[LOG 20:27:50.364] GetSubclassesOfParentClass: Found 0 types with ModuleGrappleNode parent in 8 assemblies.
[LOG 20:27:50.364] GetSubclassesOfParentClass: Using cached results for ModuleGrappleNode
[LOG 20:27:50.371] GetSubclassesOfParentClass: Found 0 types with ModuleKerbNetAccess parent in 8 assemblies.
[LOG 20:27:50.372] GetSubclassesOfParentClass: Using cached results for ModuleLight
[LOG 20:27:50.372] GetSubclassesOfParentClass: Using cached results for ModuleLight
[LOG 20:27:50.379] GetSubclassesOfParentClass: Found 0 types with ModuleProbeControlPoint parent in 8 assemblies.
[LOG 20:27:50.386] GetSubclassesOfParentClass: Found 1 types with ModuleRCS parent in 8 assemblies.
[LOG 20:27:50.387] GetSubclassesOfParentClass: Using cached results for ModuleRCS
[LOG 20:27:50.387] GetSubclassesOfParentClass: Using cached results for ModuleReactionWheel
[LOG 20:27:50.387] GetSubclassesOfParentClass: Using cached results for ModuleReactionWheel
[LOG 20:27:50.393] GetSubclassesOfParentClass: Found 0 types with ModuleResourceIntake parent in 8 assemblies.
[LOG 20:27:50.399] GetSubclassesOfParentClass: Found 0 types with ModuleScienceExperiment parent in 8 assemblies.
[LOG 20:27:50.406] GetSubclassesOfParentClass: Found 0 types with ModuleToggleCrossfeed parent in 8 assemblies.
[LOG 20:27:50.412] GetSubclassesOfParentClass: Found 0 types with ModuleWheelDeployment parent in 8 assemblies.
[LOG 20:27:50.432] ExpansionsLoader: Expansions loaded in 14.121s
[LOG 20:27:50.432] Loading Systems: Elapsed time is 29.5633s
[LOG 20:27:53.893] [AddonLoader]: Instantiating addon 'KSPCFFastLoaderPSystemSetup' from assembly 'KSPCommunityFixes'
[LOG 20:27:54.213] [Agent]: Found 19 agent mentality types
[LOG 20:27:54.215] [AgentList]: 31 agents parsed and loaded.
[LOG 20:27:54.252] [UIMasterController]: HideUI
[LOG 20:27:54.340] [CelestialBody]: Kerbin's solar day length is 6h, 0m, 0s long. sidereal day length is 5h, 59m, 9s long
[LOG 20:28:00.095] [UIMasterController]: HideUI
[LOG 20:28:00.103] [HighLogic]: =========================== Scene Change : From LOADING to MAINMENU =====================
[LOG 20:28:00.684] [AddonLoader]: Instantiating addon 'ContractDefs' from assembly 'KSP'
[LOG 20:28:00.710] [AddonLoader]: Instantiating addon 'KSPCFFastLoaderReport' from assembly 'KSPCommunityFixes'
[LOG 20:28:00.736] [UIMasterController]: ShowUI
[LOG 20:28:00.997] [GameParameters]: Loaded custom parameter class CommNetParams.
[LOG 20:28:00.998] [GameParameters]: Loaded custom parameter class MissionParamsGeneral.
[LOG 20:28:00.998] [GameParameters]: Loaded custom parameter class MissionParamsFacilities.
[LOG 20:28:00.998] [GameParameters]: Loaded custom parameter class MissionParamsExtras.
[LOG 20:28:00.998] [GameParameters]: Loaded custom parameter class AdvancedParams.
[LOG 20:28:01.021] [ReflectionUtil]: Found 40 types with UpgradeModule attribute in 8 assemblies.
[LOG 20:28:01.038] [KSPCF:FastLoader] Intel(R) Core(TM) i7-4790K CPU @ 4.00GHz | 32687 MB | NVIDIA GeForce GTX 1060 6GB (6029 MB)
Total loading time to main menu : 43.776s
- Configs and assemblies loaded in 5.853s
- Configs reload done in 1.446s
- Configs translated in 0.016s
- 2338 assets loaded in 3.778s :
  - 86 audio assets (79.689 MiB) in 0.797s, 99.935 MiB/s
  - 1625 texture assets (1.293 GiB) in 2.395s, 552.947 MiB/s
  - 626 model assets (64.41 MiB) in 0.582s, 110.601 MiB/s
- Asset bundles loaded in 0.517s
- GameDatabase (configs, resources, traits, upgrades...) loaded in 0.070s
- Built-in parts copied in 0.026s
- Part and internal configs extracted in 0.002s
- 483 parts and 1927 modules compiled in 4.206s
  - 4.0 modules/part, 8.708 ms/part, 2.183 ms/module
  - PartIcon compilation : 1.281s
- 27 internal spaces and 56 props compiled in 0.254s
- 2 DLC (Making History, Breaking Ground) loaded in 14.187s
- Planetary system loaded in 7.496s
[LOG 20:28:01.038] Texture queries : 1709, slow path : 1 (0.06 %)
[LOG 20:28:01.043] [ModuleManager] Total loading Time = 38.198s
[LOG 20:28:01.088] [ScenarioTypes]: List Created 23 scenario types loaded from 8 loaded assemblies.
[LOG 20:28:01.102] [ApplicationLauncher] Awake False
[LOG 20:28:01.102] [ApplicationLauncher] SpawnSimpleLayout: VerticalTopDown
[LOG 20:28:01.116] [UiApp] Awake: 
[LOG 20:28:01.117] [ApplicationLauncher] OnSceneLoadedGUIReady: scene MAINMENU ShouldBeVisible() True ShouldBeOnTop() True iIsPositionedAtTop True
[LOG 20:28:01.138] [UIApp] Adding  to Application Launcher
[LOG 20:28:01.141] [ApplicationLauncher] SetHidden: 
[LOG 20:28:01.146] [MessageSystem] OnAppInitialized
[LOG 20:28:01.147] [MessageSystem] Reposition 0.0399804 37824
[LOG 20:28:04.840] [ExperienceSystem]: Found 0 trait types
[LOG 20:28:04.847] [ExperienceSystem]: Found 20 effect types
[LOG 20:28:04.847] Game State Created.
[LOG 20:28:04.873] [ScenarioTypes]: List Created 23 scenario types loaded from 8 loaded assemblies.
[LOG 20:28:04.881] Game State Saved to saves/claude-carriere/persistent
[LOG 20:28:04.886] [UIMasterController]: HideUI
[LOG 20:28:04.887] [HighLogic]: =========================== Scene Change : From MAINMENU to SPACECENTER =====================
[LOG 20:28:05.303] [AddonLoader]: Instantiating addon 'CustomConfigsManager' from assembly 'ModuleManager'
[LOG 20:28:08.313] [UIMasterController]: ShowUI
[LOG 20:28:08.612] [SceneLoadSpeedBoost] Save loaded from cache in 0ms
[LOG 20:28:08.628] GetSubclassesOfParentClass: Found 7 types with AlarmTypeBase parent in 8 assemblies.
[LOG 20:28:08.648] [R&D]: No tech nodes defined. Assuming initial state
[WRN 20:28:08.648] [R&D Tech start]: Tech Node did not contain cost data. Looking for node in TechTree.cfg. This message should not appear again for this node.
[LOG 20:28:08.658] [ScenarioDestructibles]: Loading... 0 objects registered
[LOG 20:28:08.661] [ScenarioUpgradeableFacilities]: Loading in initial state... 
[LOG 20:28:08.662] [ScenarioUpgradeableFacilities]: Loading... 0 objects registered
[LOG 20:28:08.671] [StrategySystem]: Found 0 strategy types
[LOG 20:28:08.678] [StrategySystem]: Found 4 effect types
[LOG 20:28:08.839] [ContractSystem]: Found 22 contract types
[LOG 20:28:08.845] [ContractSystem]: Found 49 parameter types
[LOG 20:28:08.852] [ContractSystem]: Found 5 predicate types
[LOG 20:28:08.884] [CustomConfigsManager] Setting modded tech tree as the active one
[LOG 20:28:08.974] [UiApp] Awake: Contracts
[LOG 20:28:08.975] [UiApp] Awake: KSPedia
[LOG 20:28:08.975] [UiApp] Awake: Missions App
[LOG 20:28:08.975] [UiApp] Awake: AlarmClock
[LOG 20:28:08.976] [GenericAppFrame] Reposition 0 39111
[LOG 20:28:08.976] [ApplicationLauncher] OnSceneLoadedGUIReady: scene SPACECENTER ShouldBeVisible() True ShouldBeOnTop() False iIsPositionedAtTop True
[LOG 20:28:08.976] [ApplicationLauncher] SpawnSimpleLayout: HorizontalRightLeft
[LOG 20:28:08.979] [ApplicationLauncher] SetVisible: 
[LOG 20:28:09.095] Flight State Captured
[LOG 20:28:09.100] Saving Achievements Tree...
[LOG 20:28:09.104] [MessageSystem] Save Messages
[LOG 20:28:09.116] Game State Saved to saves/claude-carriere/persistent
[LOG 20:28:09.126] [MessageSystem] Reposition 0.02 39112
[LOG 20:28:09.126] [GenericAppFrame] Reposition 0.02 39112
[LOG 20:28:09.126] [GenericAppFrame] Reposition 0.02 39112
[LOG 20:28:09.240] [UIApp] Adding AlarmClock to Application Launcher
[LOG 20:28:09.242] [UIApp] Adding Missions App to Application Launcher
[LOG 20:28:09.243] [UIApp] Adding Contracts to Application Launcher
[LOG 20:28:09.273] [GenericAppFrame] Reposition 0.0929434 39118
[LOG 20:28:09.279] [MissionsApp] OnAppStarted(): id: -364568
[LOG 20:28:09.280] MissionsApp does not execute in this game mode, destroying this instance
[LOG 20:28:09.280] [UIApp] OnDestroy: Missions App
[LOG 20:28:09.283] [GenericAppFrame] Reposition 0.0929434 39118
[LOG 20:28:09.295] [UIApp] Adding KSPedia to Application Launcher
[LOG 20:28:09.297] Flight State Captured
[LOG 20:28:09.298] Saving Achievements Tree...
[LOG 20:28:09.299] [MessageSystem] Save Messages
[LOG 20:28:09.310] Game State Saved to saves/claude-carriere/persistent
[LOG 20:28:11.779] Flight State Captured
[LOG 20:28:11.779] Saving Achievements Tree...
[LOG 20:28:11.780] [MessageSystem] Save Messages
[LOG 20:28:11.789] Game State Saved to saves/claude-carriere/persistent
[LOG 20:28:13.908] Flight State Captured
[LOG 20:28:13.908] Saving Achievements Tree...
[LOG 20:28:13.908] [MessageSystem] Save Messages
[LOG 20:28:13.918] Game State Saved to saves/claude-carriere/persistent
[LOG 20:28:15.488] Game Paused!
[LOG 20:28:15.489] [UIMasterController]: ShowUI
[LOG 20:28:20.750] Game Unpaused!
[LOG 20:28:20.753] Flight State Captured
[LOG 20:28:20.753] Saving Achievements Tree...
[LOG 20:28:20.753] [MessageSystem] Save Messages
[LOG 20:28:20.763] Game State Saved to saves/claude-carriere/persistent
[LOG 20:28:20.771] [UIMasterController] RemoveCanvas:ResearchAndDevelopment
[LOG 20:28:27.838] Launching vessel from LaunchPad. Craft file: D:\ksp-dev\saves\claude-carriere\Ships\VAB\Diag3-Rocket.craft
[LOG 20:28:27.838] Flight State Captured
[LOG 20:28:27.838] Saving Achievements Tree...
[LOG 20:28:27.838] [MessageSystem] Save Messages
[LOG 20:28:27.848] Game State Saved to saves/claude-carriere/persistent
[LOG 20:28:27.858] [UIMasterController]: HideUI
[LOG 20:28:27.869] [HighLogic]: =========================== Scene Change : From SPACECENTER to FLIGHT =====================
[LOG 20:28:28.186] [UIApp] OnDestroy: KSPedia
[LOG 20:28:28.187] [UIApp] OnDestroy: AlarmClock
[LOG 20:28:28.188] [UIApp] OnDestroy: Contracts
[LOG 20:28:28.193] [KSPCF:MemoryLeaks] Removed a onPlanetariumTargetChange callback owned by a destroyed Assembly-CSharp:CommNetVessel instance
[LOG 20:28:28.199] [KSPCF:MemoryLeaks] Removed a OnDestructibleLoaded callback owned by a destroyed Assembly-CSharp:RunwayCollisionHandler instance
[LOG 20:28:28.200] [KSPCF:MemoryLeaks] Removed a OnInViewChange callback owned by a destroyed Assembly-CSharp:BuildingPickerItem instance
[LOG 20:28:28.203] [KSPCF:MemoryLeaks] Leaving scene "SpaceCenter", cleaned 7 memory leaks in 0.014s. GameEvents callbacks : 402. Allocated memory : 1.211 GiB (managed heap), 2.176 GiB (unmanaged)
[LOG 20:28:28.215] UICanvasPrefabSpawner FlightUI spawning Flight
[LOG 20:28:28.254] UICanvasPrefabSpawner FlightUI spawning VesselLabels
[LOG 20:28:28.255] [UiApp] Awake: ResourceDisplay
[LOG 20:28:28.359] [AddonLoader]: Instantiating addon 'AeroGUI' from assembly 'KSP'
[LOG 20:28:28.373] [AddonLoader]: Instantiating addon 'KSPDiagColliders' from assembly 'KSPDiagColliders'
[LOG 20:28:28.376] [KSPDiagColliders] shader Hidden/Internal-Colored, depth test settable: True; display: colliders, hidden by what stands in front
[LOG 20:28:28.377] [PlanetariumCamera]: Focus: Kerbin
[LOG 20:28:28.378] [UIMasterController]: HideUI
[LOG 20:28:28.722] [UIMasterController]: HideUI
[LOG 20:28:28.722] ------------------- initializing flight mode... ------------------
[LOG 20:28:28.722] [SceneLoadSpeedBoost] Save loaded from cache in 0ms
[LOG 20:28:28.725] [MessageSystem] Save Messages
[LOG 20:28:28.727] GetSubclassesOfParentClass: Using cached results for AlarmTypeBase
[LOG 20:28:28.728] Loading Depletion Nodes
[LOG 20:28:28.728] DepNodeCount:  0
[LOG 20:28:28.728] Loading Biome Nodes
[LOG 20:28:28.728] BiomeNodeCount:  0
[LOG 20:28:28.729] Loading Planet Nodes
[LOG 20:28:28.729] PlanetNodeCount:  0
[LOG 20:28:28.732] [ScenarioDestructibles]: Loading... 0 objects registered
[LOG 20:28:28.733] [ScenarioUpgradeableFacilities]: Loading... 0 objects registered
[LOG 20:28:28.753] Loading ship from file: D:\ksp-dev\saves\claude-carriere\Ships\VAB\Diag3-Rocket.craft
[LOG 20:28:28.754] [UIMasterController]: HideUI
[LOG 20:28:28.791] Diag3-Rocket loaded!
[LOG 20:28:31.054] putting ship to ground: 11.36977
[LOG 20:28:31.071] [Diag3-Rocket]: Ready to Launch - waiting to start physics...
[LOG 20:28:31.090] Crewmember Jebediah Kerman assigned to Capsule de commande Mk1, seat # 0 (crew seat index: 0)
[LOG 20:28:31.091] [FLIGHT GLOBALS]: Switching To Vessel Diag3-Rocket ---------------------- 
[LOG 20:28:31.093] setting new dominant body: Kerbin
FlightGlobals.mainBody: Kerbin
[LOG 20:28:31.095] Reference Frame: Rotating
[LOG 20:28:31.114] Vessel assembly complete!
[LOG 20:28:34.097] all systems started
[LOG 20:28:34.312] [KSPDiagColliders] body Kerbin, colliders drawn within 300 m of the active vessel
[LOG 20:28:34.341] [KSPDiagColliders] collider localSpace/Kerbin/Kerbin/KSC/SpaceCenter/LaunchPad/Facility/LP_lev2/bunker (MeshCollider, on, layer 15), centre 44 m from the active vessel
[LOG 20:28:34.342] [KSPDiagColliders] collider localSpace/Kerbin/Kerbin/KSC/SpaceCenter/LaunchPad/Facility/LP_lev2/LP_lev2/collider (MeshCollider, on, layer 15), centre 7 m from the active vessel
[LOG 20:28:34.343] [KSPDiagColliders] collider localSpace/Kerbin/Kerbin/KSC/SpaceCenter/LaunchPad/Facility/Flag/flagPole_lev1/model01/Pole (CapsuleCollider, on, layer 15), centre 74 m from the active vessel
[LOG 20:28:34.345] [KSPDiagColliders] collider localSpace/Kerbin/Kerbin/KSC/SpaceCenter/LaunchPad/Facility/Flag/flagPole_lev1/model01/WaterBase (MeshCollider, on, layer 15), centre 74 m from the active vessel
[LOG 20:28:34.362] [KSPDiagColliders] collider localSpace/Kerbin/Kerbin/KSC/SpaceCenter/Runway/Facility/runway_lev1_v2 (MeshCollider, on, layer 15), centre 730 m from the active vessel
[LOG 20:28:34.363] [KSPDiagColliders] collider localSpace/Kerbin/Kerbin/KSC/SpaceCenter/Crawlerway/Facility/crawler_level2 (MeshCollider, on, layer 15), centre 326 m from the active vessel
[LOG 20:28:34.364] [KSPDiagColliders] drawn within 300 m: 2 ground quad(s), 6 collider(s) of statics on, 0 switched off
[LOG 20:28:34.499] [UiApp] Awake: CurrencyWidgetsApp
[LOG 20:28:34.499] [UiApp] Awake: Contracts
[LOG 20:28:34.499] [UiApp] Awake: ResourceDisplay
[LOG 20:28:34.499] [UiApp] Awake: KSPedia
[LOG 20:28:34.500] [UiApp] Awake: Missions App
[LOG 20:28:34.500] [UiApp] Awake: DeltaVApp
[LOG 20:28:34.500] [UiApp] Awake: ActionGroupsApp
[LOG 20:28:34.500] [UiApp] Awake: Construction
[LOG 20:28:34.500] [UiApp] Awake: Cargo
[LOG 20:28:34.500] [UiApp] Awake: AlarmClock
[LOG 20:28:34.500] [UiApp] Awake: ManeuverTool
[LOG 20:28:34.500] [ApplicationLauncher] OnSceneLoadedGUIReady: scene FLIGHT ShouldBeVisible() True ShouldBeOnTop() True iIsPositionedAtTop False
[LOG 20:28:34.500] [ApplicationLauncher] SpawnSimpleLayout: VerticalTopDown
[LOG 20:28:34.505] [KnowledgeBase] OnAppLauncherReady 42236
[LOG 20:28:34.548] [FlightIntegrator]: Reloaded drag cube for zeroed cube root part mk1pod.v2 on vessel Diag3-Rocket
[LOG 20:28:34.559] [FlightIntegrator]: Vessel Diag3-Rocket has been unloaded 1.79769313486232E+308, applying analytic temperature 310.13168773857
[LOG 20:28:34.561] [MessageSystem] Reposition 0.02 42237
[LOG 20:28:34.561] [GenericAppFrame] Reposition 0.02 42237
[LOG 20:28:34.561] [GenericAppFrame] Reposition 0.02 42237
[LOG 20:28:34.676] [PlanetariumCamera]: Focus: Diag3-Rocket
[LOG 20:28:34.722] [UIApp] Adding ResourceDisplay to Application Launcher
[LOG 20:28:34.724] [UIApp] Adding ResourceDisplay to Application Launcher
[LOG 20:28:34.738] [ResourceDisplay] OnAppStarted(): id: -402542
[LOG 20:28:34.738] [GenericAppFrame] Reposition 0.1531337 42241
[LOG 20:28:34.739] [ResourceDisplay] OnAppStarted(): id: 264296
[LOG 20:28:34.739] ResourceDisplay already exist, destroying this instance
[LOG 20:28:34.739] [UIApp] OnDestroy: ResourceDisplay
[LOG 20:28:34.756] [UIApp] Adding AlarmClock to Application Launcher
[LOG 20:28:34.757] [UIApp] Adding ActionGroupsApp to Application Launcher
[LOG 20:28:34.758] [ApplicationLauncher] SetHidden: 
[LOG 20:28:34.759] [UIApp] Adding Missions App to Application Launcher
[LOG 20:28:34.760] [UIApp] Adding Contracts to Application Launcher
[LOG 20:28:34.761] CURRENCY WIDGET True True True
[LOG 20:28:34.761] [UIApp] Adding CurrencyWidgetsApp to Application Launcher
[LOG 20:28:34.786] [GenericAppFrame] Reposition 0.1896266 42243
[LOG 20:28:34.792] [ActionGroupsApp] OnAppStarted(): id: -402566
[LOG 20:28:34.793] [GenericAppFrame] Reposition 0.1896266 42243
[LOG 20:28:34.794] [UIApp] Adding DeltaVApp to Application Launcher
[LOG 20:28:34.796] [MissionsApp] OnAppStarted(): id: -402554
[LOG 20:28:34.796] MissionsApp does not execute in this game mode, destroying this instance
[LOG 20:28:34.796] [UIApp] OnDestroy: Missions App
[LOG 20:28:34.797] [GenericAppFrame] Reposition 0.1896266 42243
[LOG 20:28:34.811] [GenericAppFrame] Reposition 0.2281749 42244
[LOG 20:28:34.825] [UIApp] Adding Cargo to Application Launcher
[LOG 20:28:34.827] [UIApp] Adding Construction to Application Launcher
[LOG 20:28:34.828] [UIApp] Adding KSPedia to Application Launcher
[WRN 20:28:34.838] HighlightingSystem : Framebuffer depth data is not available and can't be used to occlude highlighting. Highlighting occluders enabled.
[LOG 20:28:34.851] [ApplicationLauncher] SetHidden: 
[LOG 20:28:34.905] Flight State Captured
[LOG 20:28:34.905] Saving Achievements Tree...
[LOG 20:28:34.906] [MessageSystem] Save Messages
[LOG 20:28:34.918] Game State Saved as persistent
[LOG 20:28:35.588] [Diag3-Rocket]: ground contact! - error. Moving Vessel  down -0.171m
[LOG 20:28:35.588] Unpacking Diag3-Rocket
[LOG 20:28:35.609] [UIMasterController]: ShowUI
[LOG 20:28:45.663] [KSPDiagColliders] under 'Diag3-Rocket' PRELAUNCH lat=-0.097178 lon=-74.557687: [collider (LP_lev2) 2711.186 mm, active=True] [Kerbin Zn1232223323 (PQStorage) -197.536 mm, active=True]
[LOG 20:28:45.679] [MessageSystem] Load Messages
[LOG 20:28:45.682] [UIMasterController]: HideUI
[LOG 20:28:45.730] [HighLogic]: =========================== Scene Change : From FLIGHT to FLIGHT =====================
[LOG 20:28:45.893] [UIApp] OnDestroy: Cargo
[LOG 20:28:45.894] [UIApp] OnDestroy: DeltaVApp
[LOG 20:28:45.895] [UIApp] OnDestroy: AlarmClock
[LOG 20:28:45.898] [PlanetariumCamera]: Focus: Kerbin
[LOG 20:28:45.901] [UIApp] OnDestroy: ResourceDisplay
[LOG 20:28:45.901] KbApp.OnDestroy Planet Resources
[LOG 20:28:45.902] KbApp.OnDestroy Vessel Crew
[LOG 20:28:45.903] [UIApp] OnDestroy: Construction
[LOG 20:28:45.907] KbApp.OnDestroy Unowned Info
[LOG 20:28:45.909] KbApp.OnDestroy NullName
[LOG 20:28:45.909] [UIApp] OnDestroy: Contracts
[LOG 20:28:45.911] KbApp.OnDestroy Planet Info
[LOG 20:28:45.911] KbApp.OnDestroy Vessel Info
[LOG 20:28:45.911] KbApp.OnDestroy Planet Parameters
[LOG 20:28:45.912] [UIApp] OnDestroy: KSPedia
[LOG 20:28:45.912] [UIApp] OnDestroy: ActionGroupsApp
[LOG 20:28:45.912] [UIApp] OnDestroy: CurrencyWidgetsApp
[LOG 20:28:45.912] [UIApp] OnDestroy: ManeuverTool
[LOG 20:28:45.914] [KSPCF:MemoryLeaks] Removed a OnMapExited callback owned by a destroyed Assembly-CSharp:NavBallToggle instance
[LOG 20:28:45.915] [KSPCF:MemoryLeaks] Removed a OnGameSettingsApplied callback owned by a destroyed Assembly-CSharp:VesselAutopilotUI instance
[LOG 20:28:45.915] [KSPCF:MemoryLeaks] Removed a onPartActionUICreate callback owned by a destroyed Assembly-CSharp:ModuleInventoryPart instance
[LOG 20:28:45.915] [KSPCF:MemoryLeaks] Removed a onModuleInventoryChanged callback owned by a destroyed Assembly-CSharp:ModuleInventoryPart instance
[LOG 20:28:45.916] [KSPCF:MemoryLeaks] Removed a OnEVAConstructionMode callback owned by a destroyed Assembly-CSharp:ModuleCargoPart instance
[LOG 20:28:45.916] [KSPCF:MemoryLeaks] Removed a OnEVAConstructionMode callback owned by a destroyed Assembly-CSharp:ModuleCargoPart instance
[LOG 20:28:45.916] [KSPCF:MemoryLeaks] Removed a OnEVAConstructionMode callback owned by a destroyed Assembly-CSharp:ModuleCargoPart instance
[LOG 20:28:45.916] [KSPCF:MemoryLeaks] Removed a OnEVAConstructionMode callback owned by a destroyed Assembly-CSharp:ModuleCargoPart instance
[LOG 20:28:45.916] [KSPCF:MemoryLeaks] Removed a OnEVAConstructionMode callback owned by a destroyed Assembly-CSharp:ModuleCargoPart instance
[LOG 20:28:45.916] [KSPCF:MemoryLeaks] Removed a OnEVAConstructionMode callback owned by a destroyed Assembly-CSharp:ModuleCargoPart instance
[LOG 20:28:45.916] [KSPCF:MemoryLeaks] Removed a OnEVAConstructionMode callback owned by a destroyed Assembly-CSharp:ModuleCargoPart instance
[LOG 20:28:45.916] [KSPCF:MemoryLeaks] Removed a OnEVAConstructionMode callback owned by a destroyed Assembly-CSharp:ModuleCargoPart instance
[LOG 20:28:45.916] [KSPCF:MemoryLeaks] Removed a OnEVAConstructionMode callback owned by a destroyed Assembly-CSharp:ModuleCargoPart instance
[LOG 20:28:45.916] [KSPCF:MemoryLeaks] Removed a OnEVAConstructionMode callback owned by a destroyed Assembly-CSharp:ModuleCargoPart instance
[LOG 20:28:45.916] [KSPCF:MemoryLeaks] Removed a OnEVAConstructionMode callback owned by a destroyed Assembly-CSharp:ModuleCargoPart instance
[LOG 20:28:45.916] [KSPCF:MemoryLeaks] Removed a OnEVAConstructionMode callback owned by a destroyed Assembly-CSharp:ModuleCargoPart instance
[LOG 20:28:45.916] [KSPCF:MemoryLeaks] Removed a OnEVAConstructionMode callback owned by a destroyed Assembly-CSharp:ModuleCargoPart instance
[LOG 20:28:45.916] [KSPCF:MemoryLeaks] Removed a OnEVAConstructionMode callback owned by a destroyed Assembly-CSharp:ModuleCargoPart instance
[LOG 20:28:45.916] [KSPCF:MemoryLeaks] Removed a OnEVAConstructionMode callback owned by a destroyed Assembly-CSharp:ModuleCargoPart instance
[LOG 20:28:45.916] [KSPCF:MemoryLeaks] Removed a OnEVAConstructionMode callback owned by a destroyed Assembly-CSharp:ModuleCargoPart instance
[LOG 20:28:45.916] [KSPCF:MemoryLeaks] Removed a OnEVAConstructionMode callback owned by a destroyed Assembly-CSharp:ModuleCargoPart instance
[LOG 20:28:45.916] [KSPCF:MemoryLeaks] Removed a OnEVAConstructionMode callback owned by a destroyed Assembly-CSharp:ModuleCargoPart instance
[LOG 20:28:45.917] [KSPCF:MemoryLeaks] Removed a OnClick callback owned by a destroyed Assembly-CSharp:EVAConstructionModeEditor instance
[LOG 20:28:45.917] [KSPCF:MemoryLeaks] Removed a TimingManager.Instance.timing5.onLateUpdate callback owned by a destroyed Assembly-CSharp:MapView instance
[LOG 20:28:45.917] [KSPCF:MemoryLeaks] Leaving scene "Flight", cleaned 72 memory leaks in 0.003s. GameEvents callbacks : 441. Allocated memory : 1.077 GiB (managed heap), 2.175 GiB (unmanaged)
[LOG 20:28:45.927] UICanvasPrefabSpawner FlightUI spawning Flight
[LOG 20:28:45.958] UICanvasPrefabSpawner FlightUI spawning VesselLabels
[LOG 20:28:45.958] [UiApp] Awake: ResourceDisplay
[LOG 20:28:46.067] [AddonLoader]: Instantiating addon 'AeroGUI' from assembly 'KSP'
[LOG 20:28:46.081] [AddonLoader]: Instantiating addon 'KSPDiagColliders' from assembly 'KSPDiagColliders'
[LOG 20:28:46.082] [KSPDiagColliders] shader Hidden/Internal-Colored, depth test settable: True; display: colliders, hidden by what stands in front
[LOG 20:28:46.082] [PlanetariumCamera]: Focus: Kerbin
[LOG 20:28:46.082] [UIMasterController]: HideUI
[LOG 20:28:46.483] [UIMasterController]: HideUI
[LOG 20:28:46.483] ------------------- initializing flight mode... ------------------
[LOG 20:28:46.484] GetSubclassesOfParentClass: Using cached results for AlarmTypeBase
[LOG 20:28:46.485] Loading Depletion Nodes
[LOG 20:28:46.485] DepNodeCount:  0
[LOG 20:28:46.485] Loading Biome Nodes
[LOG 20:28:46.485] BiomeNodeCount:  0
[LOG 20:28:46.485] Loading Planet Nodes
[LOG 20:28:46.485] PlanetNodeCount:  0
[LOG 20:28:46.487] [ScenarioDestructibles]: Loading... 0 objects registered
[LOG 20:28:46.488] [ScenarioUpgradeableFacilities]: Loading... 0 objects registered
[LOG 20:28:46.513] Target vessel index: 0  vessel count: 1
[LOG 20:28:46.513] [FLIGHT GLOBALS]: Switching To Vessel Diag3-Rocket ---------------------- 
[LOG 20:28:46.514] setting new dominant body: Kerbin
FlightGlobals.mainBody: Kerbin
[LOG 20:28:46.514] Reference Frame: Rotating
[WRN 20:28:46.523] [Part]: Cannot have ModuleCargoPart and ModuleInventoryPart on same Part [Diag3-Rocket (unloaded)'. Removed ModuleCargoPart
[LOG 20:28:46.539] [Diag3-Rocket]: landed - waiting for ground contact to resume physics...
[LOG 20:28:46.541] Camera Mode: AUTO
[LOG 20:28:49.265] all systems started
[LOG 20:28:49.335] [KSPDiagColliders] body Kerbin, colliders drawn within 300 m of the active vessel
[LOG 20:28:49.351] [KSPDiagColliders] collider localSpace/Kerbin/Kerbin/KSC/SpaceCenter/LaunchPad/Facility/LP_lev2/bunker (MeshCollider, on, layer 15), centre 44 m from the active vessel
[LOG 20:28:49.352] [KSPDiagColliders] collider localSpace/Kerbin/Kerbin/KSC/SpaceCenter/LaunchPad/Facility/LP_lev2/LP_lev2/collider (MeshCollider, on, layer 15), centre 7 m from the active vessel
[LOG 20:28:49.352] [KSPDiagColliders] collider localSpace/Kerbin/Kerbin/KSC/SpaceCenter/LaunchPad/Facility/Flag/flagPole_lev1/model01/Pole (CapsuleCollider, on, layer 15), centre 74 m from the active vessel
[LOG 20:28:49.354] [KSPDiagColliders] collider localSpace/Kerbin/Kerbin/KSC/SpaceCenter/LaunchPad/Facility/Flag/flagPole_lev1/model01/WaterBase (MeshCollider, on, layer 15), centre 74 m from the active vessel
[LOG 20:28:49.371] [KSPDiagColliders] collider localSpace/Kerbin/Kerbin/KSC/SpaceCenter/Runway/Facility/runway_lev1_v2 (MeshCollider, on, layer 15), centre 730 m from the active vessel
[LOG 20:28:49.371] [KSPDiagColliders] collider localSpace/Kerbin/Kerbin/KSC/SpaceCenter/Crawlerway/Facility/crawler_level2 (MeshCollider, on, layer 15), centre 326 m from the active vessel
[LOG 20:28:49.371] [KSPDiagColliders] drawn within 300 m: 2 ground quad(s), 6 collider(s) of statics on, 0 switched off
[LOG 20:28:49.419] [UiApp] Awake: CurrencyWidgetsApp
[LOG 20:28:49.419] [UiApp] Awake: Contracts
[LOG 20:28:49.419] [UiApp] Awake: ResourceDisplay
[LOG 20:28:49.420] [UiApp] Awake: KSPedia
[LOG 20:28:49.420] [UiApp] Awake: Missions App
[LOG 20:28:49.420] [UiApp] Awake: DeltaVApp
[LOG 20:28:49.420] [UiApp] Awake: ActionGroupsApp
[LOG 20:28:49.420] [UiApp] Awake: Construction
[LOG 20:28:49.420] [UiApp] Awake: Cargo
[LOG 20:28:49.420] [UiApp] Awake: AlarmClock
[LOG 20:28:49.420] [UiApp] Awake: ManeuverTool
[LOG 20:28:49.421] [ApplicationLauncher] OnSceneLoadedGUIReady: scene FLIGHT ShouldBeVisible() True ShouldBeOnTop() True iIsPositionedAtTop True
[LOG 20:28:49.424] [KnowledgeBase] OnAppLauncherReady 43590
[LOG 20:28:49.457] [FlightIntegrator]: Reloaded drag cube for zeroed cube root part mk1pod.v2 (Diag3-Rocket) on vessel Diag3-Rocket
[LOG 20:28:49.459] [MessageSystem] Reposition 0.02 43591
[LOG 20:28:49.459] [GenericAppFrame] Reposition 0.02 43591
[LOG 20:28:49.459] [GenericAppFrame] Reposition 0.02 43591
[LOG 20:28:49.541] [PlanetariumCamera]: Focus: Diag3-Rocket
[LOG 20:28:49.557] [UIApp] Adding ResourceDisplay to Application Launcher
[LOG 20:28:49.559] [UIApp] Adding ResourceDisplay to Application Launcher
[LOG 20:28:49.568] [ResourceDisplay] OnAppStarted(): id: -432742
[LOG 20:28:49.569] [GenericAppFrame] Reposition 0.1062571 43595
[LOG 20:28:49.569] [ResourceDisplay] OnAppStarted(): id: 264428
[LOG 20:28:49.569] ResourceDisplay already exist, destroying this instance
[LOG 20:28:49.569] [UIApp] OnDestroy: ResourceDisplay
[LOG 20:28:49.583] [UIApp] Adding AlarmClock to Application Launcher
[LOG 20:28:49.584] [UIApp] Adding ActionGroupsApp to Application Launcher
[LOG 20:28:49.585] [ApplicationLauncher] SetHidden: 
[LOG 20:28:49.585] [UIApp] Adding Missions App to Application Launcher
[LOG 20:28:49.586] [UIApp] Adding Contracts to Application Launcher
[LOG 20:28:49.587] CURRENCY WIDGET True True True
[LOG 20:28:49.587] [UIApp] Adding CurrencyWidgetsApp to Application Launcher
[LOG 20:28:49.614] [GenericAppFrame] Reposition 0.1347938 43597
[LOG 20:28:49.619] [ActionGroupsApp] OnAppStarted(): id: -432766
[LOG 20:28:49.619] [GenericAppFrame] Reposition 0.1347938 43597
[LOG 20:28:49.620] [UIApp] Adding DeltaVApp to Application Launcher
[LOG 20:28:49.621] [MissionsApp] OnAppStarted(): id: -432754
[LOG 20:28:49.621] MissionsApp does not execute in this game mode, destroying this instance
[LOG 20:28:49.621] [UIApp] OnDestroy: Missions App
[LOG 20:28:49.622] [GenericAppFrame] Reposition 0.1347938 43597
[LOG 20:28:49.635] [GenericAppFrame] Reposition 0.1723421 43598
[LOG 20:28:49.648] [UIApp] Adding Cargo to Application Launcher
[LOG 20:28:49.650] [UIApp] Adding Construction to Application Launcher
[LOG 20:28:49.651] [UIApp] Adding KSPedia to Application Launcher
[LOG 20:28:49.662] [ApplicationLauncher] SetHidden: 
[LOG 20:28:49.703] Flight State Captured
[LOG 20:28:49.703] Saving Achievements Tree...
[LOG 20:28:49.703] [MessageSystem] Save Messages
[LOG 20:28:49.713] Game State Saved as persistent
[LOG 20:28:50.454] [Diag3-Rocket]: ground contact! - error. Moving Vessel  down -0.142m
[LOG 20:28:50.454] Unpacking Diag3-Rocket
[LOG 20:28:50.460] [UIMasterController]: ShowUI
[LOG 20:29:00.505] [KSPDiagColliders] under 'Diag3-Rocket' PRELAUNCH lat=-0.097178 lon=-74.557687: [collider (LP_lev2) 2740.179 mm, active=True] [Kerbin Zn1232223323 (PQStorage) -145.582 mm, active=True]
[LOG 20:29:00.515] [MessageSystem] Load Messages
[LOG 20:29:00.516] [UIMasterController]: HideUI
[LOG 20:29:00.564] [HighLogic]: =========================== Scene Change : From FLIGHT to FLIGHT =====================
[LOG 20:29:00.714] [UIApp] OnDestroy: ManeuverTool
[LOG 20:29:00.714] [UIApp] OnDestroy: KSPedia
[LOG 20:29:00.714] [UIApp] OnDestroy: CurrencyWidgetsApp
[LOG 20:29:00.714] [UIApp] OnDestroy: Construction
[LOG 20:29:00.715] KbApp.OnDestroy Vessel Crew
[LOG 20:29:00.715] [PlanetariumCamera]: Focus: Kerbin
[LOG 20:29:00.715] [UIApp] OnDestroy: ResourceDisplay
[LOG 20:29:00.715] [UIApp] OnDestroy: Cargo
[LOG 20:29:00.715] KbApp.OnDestroy NullName
[LOG 20:29:00.715] KbApp.OnDestroy Planet Resources
[LOG 20:29:00.715] [UIApp] OnDestroy: AlarmClock
[LOG 20:29:00.716] KbApp.OnDestroy Planet Info
[LOG 20:29:00.716] [UIApp] OnDestroy: DeltaVApp
[LOG 20:29:00.716] [UIApp] OnDestroy: Contracts
[LOG 20:29:00.716] [UIApp] OnDestroy: ActionGroupsApp
[LOG 20:29:00.717] KbApp.OnDestroy Planet Parameters
[LOG 20:29:00.717] KbApp.OnDestroy Vessel Info
[LOG 20:29:00.717] KbApp.OnDestroy Unowned Info
[LOG 20:29:00.718] [KSPCF:MemoryLeaks] Removed a OnMapExited callback owned by a destroyed Assembly-CSharp:NavBallToggle instance
[LOG 20:29:00.718] [KSPCF:MemoryLeaks] Removed a OnGameSettingsApplied callback owned by a destroyed Assembly-CSharp:VesselAutopilotUI instance
[LOG 20:29:00.719] [KSPCF:MemoryLeaks] Removed a onPartActionUICreate callback owned by a destroyed Assembly-CSharp:ModuleInventoryPart instance
[LOG 20:29:00.719] [KSPCF:MemoryLeaks] Removed a onModuleInventoryChanged callback owned by a destroyed Assembly-CSharp:ModuleInventoryPart instance
[LOG 20:29:00.719] [KSPCF:MemoryLeaks] Removed a OnClick callback owned by a destroyed Assembly-CSharp:EVAConstructionModeEditor instance
[LOG 20:29:00.720] [KSPCF:MemoryLeaks] Removed a TimingManager.Instance.timing5.onLateUpdate callback owned by a destroyed Assembly-CSharp:MapView instance
[LOG 20:29:00.720] [KSPCF:MemoryLeaks] Leaving scene "Flight", cleaned 54 memory leaks in 0.002s. GameEvents callbacks : 441. Allocated memory : 1.109 GiB (managed heap), 2.178 GiB (unmanaged)
[LOG 20:29:00.729] UICanvasPrefabSpawner FlightUI spawning Flight
[LOG 20:29:00.753] UICanvasPrefabSpawner FlightUI spawning VesselLabels
[LOG 20:29:00.753] [UiApp] Awake: ResourceDisplay
[LOG 20:29:00.857] [AddonLoader]: Instantiating addon 'AeroGUI' from assembly 'KSP'
[LOG 20:29:00.870] [AddonLoader]: Instantiating addon 'KSPDiagColliders' from assembly 'KSPDiagColliders'
[LOG 20:29:00.870] [KSPDiagColliders] shader Hidden/Internal-Colored, depth test settable: True; display: colliders, hidden by what stands in front
[LOG 20:29:00.870] [PlanetariumCamera]: Focus: Kerbin
[LOG 20:29:00.870] [UIMasterController]: HideUI
[LOG 20:29:01.216] [UIMasterController]: HideUI
[LOG 20:29:01.216] ------------------- initializing flight mode... ------------------
[LOG 20:29:01.217] GetSubclassesOfParentClass: Using cached results for AlarmTypeBase
[LOG 20:29:01.217] Loading Depletion Nodes
[LOG 20:29:01.217] DepNodeCount:  0
[LOG 20:29:01.217] Loading Biome Nodes
[LOG 20:29:01.217] BiomeNodeCount:  0
[LOG 20:29:01.217] Loading Planet Nodes
[LOG 20:29:01.217] PlanetNodeCount:  0
[LOG 20:29:01.219] [ScenarioDestructibles]: Loading... 0 objects registered
[LOG 20:29:01.220] [ScenarioUpgradeableFacilities]: Loading... 0 objects registered
[LOG 20:29:01.242] Target vessel index: 0  vessel count: 1
[LOG 20:29:01.242] [FLIGHT GLOBALS]: Switching To Vessel Diag3-Rocket ---------------------- 
[LOG 20:29:01.242] setting new dominant body: Kerbin
FlightGlobals.mainBody: Kerbin
[LOG 20:29:01.242] Reference Frame: Rotating
[WRN 20:29:01.252] [Part]: Cannot have ModuleCargoPart and ModuleInventoryPart on same Part [Diag3-Rocket (unloaded)'. Removed ModuleCargoPart
[LOG 20:29:01.265] [Diag3-Rocket]: landed - waiting for ground contact to resume physics...
[LOG 20:29:01.265] Camera Mode: AUTO
[LOG 20:29:03.926] all systems started
[LOG 20:29:03.993] [KSPDiagColliders] body Kerbin, colliders drawn within 300 m of the active vessel
[LOG 20:29:04.010] [KSPDiagColliders] collider localSpace/Kerbin/Kerbin/KSC/SpaceCenter/LaunchPad/Facility/LP_lev2/bunker (MeshCollider, on, layer 15), centre 44 m from the active vessel
[LOG 20:29:04.011] [KSPDiagColliders] collider localSpace/Kerbin/Kerbin/KSC/SpaceCenter/LaunchPad/Facility/LP_lev2/LP_lev2/collider (MeshCollider, on, layer 15), centre 7 m from the active vessel
[LOG 20:29:04.011] [KSPDiagColliders] collider localSpace/Kerbin/Kerbin/KSC/SpaceCenter/LaunchPad/Facility/Flag/flagPole_lev1/model01/Pole (CapsuleCollider, on, layer 15), centre 74 m from the active vessel
[LOG 20:29:04.013] [KSPDiagColliders] collider localSpace/Kerbin/Kerbin/KSC/SpaceCenter/LaunchPad/Facility/Flag/flagPole_lev1/model01/WaterBase (MeshCollider, on, layer 15), centre 74 m from the active vessel
[LOG 20:29:04.030] [KSPDiagColliders] collider localSpace/Kerbin/Kerbin/KSC/SpaceCenter/Runway/Facility/runway_lev1_v2 (MeshCollider, on, layer 15), centre 730 m from the active vessel
[LOG 20:29:04.030] [KSPDiagColliders] collider localSpace/Kerbin/Kerbin/KSC/SpaceCenter/Crawlerway/Facility/crawler_level2 (MeshCollider, on, layer 15), centre 326 m from the active vessel
[LOG 20:29:04.030] [KSPDiagColliders] drawn within 300 m: 2 ground quad(s), 6 collider(s) of statics on, 0 switched off
[LOG 20:29:04.078] [UiApp] Awake: CurrencyWidgetsApp
[LOG 20:29:04.078] [UiApp] Awake: Contracts
[LOG 20:29:04.078] [UiApp] Awake: ResourceDisplay
[LOG 20:29:04.078] [UiApp] Awake: KSPedia
[LOG 20:29:04.078] [UiApp] Awake: Missions App
[LOG 20:29:04.078] [UiApp] Awake: DeltaVApp
[LOG 20:29:04.079] [UiApp] Awake: ActionGroupsApp
[LOG 20:29:04.079] [UiApp] Awake: Construction
[LOG 20:29:04.079] [UiApp] Awake: Cargo
[LOG 20:29:04.079] [UiApp] Awake: AlarmClock
[LOG 20:29:04.079] [UiApp] Awake: ManeuverTool
[LOG 20:29:04.079] [ApplicationLauncher] OnSceneLoadedGUIReady: scene FLIGHT ShouldBeVisible() True ShouldBeOnTop() True iIsPositionedAtTop True
[LOG 20:29:04.082] [KnowledgeBase] OnAppLauncherReady 45085
[LOG 20:29:04.114] [FlightIntegrator]: Reloaded drag cube for zeroed cube root part mk1pod.v2 (Diag3-Rocket) on vessel Diag3-Rocket
[LOG 20:29:04.115] [MessageSystem] Reposition 0.02 45086
[LOG 20:29:04.115] [GenericAppFrame] Reposition 0.02 45086
[LOG 20:29:04.115] [GenericAppFrame] Reposition 0.02 45086
[LOG 20:29:04.196] [PlanetariumCamera]: Focus: Diag3-Rocket
[LOG 20:29:04.213] [UIApp] Adding ResourceDisplay to Application Launcher
[LOG 20:29:04.214] [UIApp] Adding ResourceDisplay to Application Launcher
[LOG 20:29:04.223] [ResourceDisplay] OnAppStarted(): id: -462826
[LOG 20:29:04.224] [GenericAppFrame] Reposition 0.1079091 45090
[LOG 20:29:04.225] [ResourceDisplay] OnAppStarted(): id: 264560
[LOG 20:29:04.225] ResourceDisplay already exist, destroying this instance
[LOG 20:29:04.225] [UIApp] OnDestroy: ResourceDisplay
[LOG 20:29:04.238] [UIApp] Adding AlarmClock to Application Launcher
[LOG 20:29:04.239] [UIApp] Adding ActionGroupsApp to Application Launcher
[LOG 20:29:04.240] [ApplicationLauncher] SetHidden: 
[LOG 20:29:04.241] [UIApp] Adding Missions App to Application Launcher
[LOG 20:29:04.242] [UIApp] Adding Contracts to Application Launcher
[LOG 20:29:04.243] CURRENCY WIDGET True True True
[LOG 20:29:04.243] [UIApp] Adding CurrencyWidgetsApp to Application Launcher
[LOG 20:29:04.267] [GenericAppFrame] Reposition 0.1368215 45092
[LOG 20:29:04.273] [ActionGroupsApp] OnAppStarted(): id: -462850
[LOG 20:29:04.273] [GenericAppFrame] Reposition 0.1368215 45092
[LOG 20:29:04.274] [UIApp] Adding DeltaVApp to Application Launcher
[LOG 20:29:04.275] [MissionsApp] OnAppStarted(): id: -462838
[LOG 20:29:04.275] MissionsApp does not execute in this game mode, destroying this instance
[LOG 20:29:04.275] [UIApp] OnDestroy: Missions App
[LOG 20:29:04.276] [GenericAppFrame] Reposition 0.1368215 45092
[LOG 20:29:04.288] [GenericAppFrame] Reposition 0.171651 45093
[LOG 20:29:04.300] [UIApp] Adding Cargo to Application Launcher
[LOG 20:29:04.302] [UIApp] Adding Construction to Application Launcher
[LOG 20:29:04.303] [UIApp] Adding KSPedia to Application Launcher
[LOG 20:29:04.316] [ApplicationLauncher] SetHidden: 
[LOG 20:29:04.357] Flight State Captured
[LOG 20:29:04.357] Saving Achievements Tree...
[LOG 20:29:04.357] [MessageSystem] Save Messages
[LOG 20:29:04.369] Game State Saved as persistent
[LOG 20:29:05.118] [Diag3-Rocket]: ground contact! - error. Moving Vessel  down -0.167m
[LOG 20:29:05.118] Unpacking Diag3-Rocket
[LOG 20:29:05.125] [UIMasterController]: ShowUI
[LOG 20:29:15.187] [KSPDiagColliders] under 'Diag3-Rocket' PRELAUNCH lat=-0.097178 lon=-74.557687: [collider (LP_lev2) 2714.762 mm, active=True] [Kerbin Zn1232223323 (PQStorage) -186.972 mm, active=True]
[LOG 20:29:15.196] Flight State Captured
[LOG 20:29:15.196] Saving Achievements Tree...
[LOG 20:29:15.197] [MessageSystem] Save Messages
[LOG 20:29:15.200] Game State Saved to saves/claude-carriere/scene-changes-quicksave
[LOG 20:29:15.213] [SceneLoadSpeedBoost] Save loaded from disk in 2ms
[LOG 20:29:15.216] [UIMasterController]: HideUI
[LOG 20:29:15.261] [HighLogic]: =========================== Scene Change : From FLIGHT to FLIGHT =====================
[LOG 20:29:15.408] [UIApp] OnDestroy: CurrencyWidgetsApp
[LOG 20:29:15.409] [UIApp] OnDestroy: ResourceDisplay
[LOG 20:29:15.409] KbApp.OnDestroy Vessel Crew
[LOG 20:29:15.409] [UIApp] OnDestroy: AlarmClock
[LOG 20:29:15.409] [UIApp] OnDestroy: ActionGroupsApp
[LOG 20:29:15.409] KbApp.OnDestroy NullName
[LOG 20:29:15.411] KbApp.OnDestroy Unowned Info
[LOG 20:29:15.411] KbApp.OnDestroy Planet Resources
[LOG 20:29:15.411] [UIApp] OnDestroy: Contracts
[LOG 20:29:15.411] [UIApp] OnDestroy: DeltaVApp
[LOG 20:29:15.412] KbApp.OnDestroy Vessel Info
[LOG 20:29:15.412] KbApp.OnDestroy Planet Info
[LOG 20:29:15.412] [UIApp] OnDestroy: ManeuverTool
[LOG 20:29:15.412] [UIApp] OnDestroy: KSPedia
[LOG 20:29:15.412] KbApp.OnDestroy Planet Parameters
[LOG 20:29:15.412] [UIApp] OnDestroy: Construction
[LOG 20:29:15.412] [PlanetariumCamera]: Focus: Kerbin
[LOG 20:29:15.413] [UIApp] OnDestroy: Cargo
[LOG 20:29:15.414] [KSPCF:MemoryLeaks] Removed a OnMapExited callback owned by a destroyed Assembly-CSharp:NavBallToggle instance
[LOG 20:29:15.414] [KSPCF:MemoryLeaks] Removed a OnGameSettingsApplied callback owned by a destroyed Assembly-CSharp:VesselAutopilotUI instance
[LOG 20:29:15.414] [KSPCF:MemoryLeaks] Removed a onPartActionUICreate callback owned by a destroyed Assembly-CSharp:ModuleInventoryPart instance
[LOG 20:29:15.415] [KSPCF:MemoryLeaks] Removed a onModuleInventoryChanged callback owned by a destroyed Assembly-CSharp:ModuleInventoryPart instance
[LOG 20:29:15.415] [KSPCF:MemoryLeaks] Removed a OnClick callback owned by a destroyed Assembly-CSharp:EVAConstructionModeEditor instance
[LOG 20:29:15.416] [KSPCF:MemoryLeaks] Removed a TimingManager.Instance.timing5.onLateUpdate callback owned by a destroyed Assembly-CSharp:MapView instance
[LOG 20:29:15.416] [KSPCF:MemoryLeaks] Leaving scene "Flight", cleaned 54 memory leaks in 0.002s. GameEvents callbacks : 441. Allocated memory : 1.115 GiB (managed heap), 2.179 GiB (unmanaged)
[LOG 20:29:15.425] UICanvasPrefabSpawner FlightUI spawning Flight
[LOG 20:29:15.449] UICanvasPrefabSpawner FlightUI spawning VesselLabels
[LOG 20:29:15.449] [UiApp] Awake: ResourceDisplay
[LOG 20:29:15.558] [AddonLoader]: Instantiating addon 'AeroGUI' from assembly 'KSP'
[LOG 20:29:15.571] [AddonLoader]: Instantiating addon 'KSPDiagColliders' from assembly 'KSPDiagColliders'
[LOG 20:29:15.571] [KSPDiagColliders] shader Hidden/Internal-Colored, depth test settable: True; display: colliders, hidden by what stands in front
[LOG 20:29:15.571] [PlanetariumCamera]: Focus: Kerbin
[LOG 20:29:15.572] [UIMasterController]: HideUI
[LOG 20:29:15.922] [UIMasterController]: HideUI
[LOG 20:29:15.922] ------------------- initializing flight mode... ------------------
[LOG 20:29:15.923] GetSubclassesOfParentClass: Using cached results for AlarmTypeBase
[LOG 20:29:15.924] Loading Depletion Nodes
[LOG 20:29:15.924] DepNodeCount:  0
[LOG 20:29:15.924] Loading Biome Nodes
[LOG 20:29:15.924] BiomeNodeCount:  0
[LOG 20:29:15.924] Loading Planet Nodes
[LOG 20:29:15.924] PlanetNodeCount:  0
[LOG 20:29:15.926] [ScenarioDestructibles]: Loading... 0 objects registered
[LOG 20:29:15.927] [ScenarioUpgradeableFacilities]: Loading... 0 objects registered
[LOG 20:29:15.947] Target vessel index: 0  vessel count: 1
[LOG 20:29:15.947] [FLIGHT GLOBALS]: Switching To Vessel Diag3-Rocket ---------------------- 
[LOG 20:29:15.947] setting new dominant body: Kerbin
FlightGlobals.mainBody: Kerbin
[LOG 20:29:15.947] Reference Frame: Rotating
[WRN 20:29:15.955] [Part]: Cannot have ModuleCargoPart and ModuleInventoryPart on same Part [Diag3-Rocket (unloaded)'. Removed ModuleCargoPart
[LOG 20:29:15.968] [Diag3-Rocket]: landed - waiting for ground contact to resume physics...
[LOG 20:29:15.968] Camera Mode: AUTO
[LOG 20:29:18.601] all systems started
[LOG 20:29:18.671] [KSPDiagColliders] body Kerbin, colliders drawn within 300 m of the active vessel
[LOG 20:29:18.688] [KSPDiagColliders] collider localSpace/Kerbin/Kerbin/KSC/SpaceCenter/LaunchPad/Facility/LP_lev2/bunker (MeshCollider, on, layer 15), centre 44 m from the active vessel
[LOG 20:29:18.689] [KSPDiagColliders] collider localSpace/Kerbin/Kerbin/KSC/SpaceCenter/LaunchPad/Facility/LP_lev2/LP_lev2/collider (MeshCollider, on, layer 15), centre 7 m from the active vessel
[LOG 20:29:18.689] [KSPDiagColliders] collider localSpace/Kerbin/Kerbin/KSC/SpaceCenter/LaunchPad/Facility/Flag/flagPole_lev1/model01/Pole (CapsuleCollider, on, layer 15), centre 74 m from the active vessel
[LOG 20:29:18.691] [KSPDiagColliders] collider localSpace/Kerbin/Kerbin/KSC/SpaceCenter/LaunchPad/Facility/Flag/flagPole_lev1/model01/WaterBase (MeshCollider, on, layer 15), centre 74 m from the active vessel
[LOG 20:29:18.708] [KSPDiagColliders] collider localSpace/Kerbin/Kerbin/KSC/SpaceCenter/Runway/Facility/runway_lev1_v2 (MeshCollider, on, layer 15), centre 730 m from the active vessel
[LOG 20:29:18.708] [KSPDiagColliders] collider localSpace/Kerbin/Kerbin/KSC/SpaceCenter/Crawlerway/Facility/crawler_level2 (MeshCollider, on, layer 15), centre 326 m from the active vessel
[LOG 20:29:18.708] [KSPDiagColliders] drawn within 300 m: 2 ground quad(s), 6 collider(s) of statics on, 0 switched off
[LOG 20:29:18.762] [UiApp] Awake: CurrencyWidgetsApp
[LOG 20:29:18.762] [UiApp] Awake: Contracts
[LOG 20:29:18.762] [UiApp] Awake: ResourceDisplay
[LOG 20:29:18.762] [UiApp] Awake: KSPedia
[LOG 20:29:18.762] [UiApp] Awake: Missions App
[LOG 20:29:18.762] [UiApp] Awake: DeltaVApp
[LOG 20:29:18.762] [UiApp] Awake: ActionGroupsApp
[LOG 20:29:18.762] [UiApp] Awake: Construction
[LOG 20:29:18.762] [UiApp] Awake: Cargo
[LOG 20:29:18.762] [UiApp] Awake: AlarmClock
[LOG 20:29:18.763] [UiApp] Awake: ManeuverTool
[LOG 20:29:18.763] [ApplicationLauncher] OnSceneLoadedGUIReady: scene FLIGHT ShouldBeVisible() True ShouldBeOnTop() True iIsPositionedAtTop True
[LOG 20:29:18.765] [KnowledgeBase] OnAppLauncherReady 46593
[LOG 20:29:18.793] [FlightIntegrator]: Reloaded drag cube for zeroed cube root part mk1pod.v2 (Diag3-Rocket) on vessel Diag3-Rocket
[LOG 20:29:18.794] [MessageSystem] Reposition 0.02 46594
[LOG 20:29:18.794] [GenericAppFrame] Reposition 0.02 46594
[LOG 20:29:18.794] [GenericAppFrame] Reposition 0.02 46594
[LOG 20:29:18.875] [PlanetariumCamera]: Focus: Diag3-Rocket
[LOG 20:29:18.891] [UIApp] Adding ResourceDisplay to Application Launcher
[LOG 20:29:18.893] [UIApp] Adding ResourceDisplay to Application Launcher
[LOG 20:29:18.902] [ResourceDisplay] OnAppStarted(): id: -492924
[LOG 20:29:18.903] [GenericAppFrame] Reposition 0.1073078 46598
[LOG 20:29:18.903] [ResourceDisplay] OnAppStarted(): id: 264692
[LOG 20:29:18.903] ResourceDisplay already exist, destroying this instance
[LOG 20:29:18.903] [UIApp] OnDestroy: ResourceDisplay
[LOG 20:29:18.916] [UIApp] Adding AlarmClock to Application Launcher
[LOG 20:29:18.917] [UIApp] Adding ActionGroupsApp to Application Launcher
[LOG 20:29:18.918] [ApplicationLauncher] SetHidden: 
[LOG 20:29:18.919] [UIApp] Adding Missions App to Application Launcher
[LOG 20:29:18.920] [UIApp] Adding Contracts to Application Launcher
[LOG 20:29:18.921] CURRENCY WIDGET True True True
[LOG 20:29:18.921] [UIApp] Adding CurrencyWidgetsApp to Application Launcher
[LOG 20:29:18.944] [GenericAppFrame] Reposition 0.1346587 46600
[LOG 20:29:18.949] [ActionGroupsApp] OnAppStarted(): id: -492948
[LOG 20:29:18.950] [GenericAppFrame] Reposition 0.1346587 46600
[LOG 20:29:18.950] [UIApp] Adding DeltaVApp to Application Launcher
[LOG 20:29:18.952] [MissionsApp] OnAppStarted(): id: -492936
[LOG 20:29:18.952] MissionsApp does not execute in this game mode, destroying this instance
[LOG 20:29:18.952] [UIApp] OnDestroy: Missions App
[LOG 20:29:18.953] [GenericAppFrame] Reposition 0.1346587 46600
[LOG 20:29:18.965] [GenericAppFrame] Reposition 0.1694755 46601
[LOG 20:29:18.976] [UIApp] Adding Cargo to Application Launcher
[LOG 20:29:18.978] [UIApp] Adding Construction to Application Launcher
[LOG 20:29:18.979] [UIApp] Adding KSPedia to Application Launcher
[LOG 20:29:18.991] [ApplicationLauncher] SetHidden: 
[LOG 20:29:19.031] Flight State Captured
[LOG 20:29:19.031] Saving Achievements Tree...
[LOG 20:29:19.032] [MessageSystem] Save Messages
[LOG 20:29:19.043] Game State Saved as persistent
[LOG 20:29:19.802] Unpacking Diag3-Rocket
[LOG 20:29:19.808] [UIMasterController]: ShowUI
[LOG 20:29:29.849] [KSPDiagColliders] under 'Diag3-Rocket' PRELAUNCH lat=-0.097179 lon=-74.557687: [collider (LP_lev2) 2703.147 mm, active=True] [Kerbin Zn1232223323 (PQStorage) -142.949 mm, active=True]
[LOG 20:29:29.859] [SceneLoadSpeedBoost] Save loaded from disk in 4ms
[LOG 20:29:29.863] [UIMasterController]: HideUI
[LOG 20:29:29.910] [HighLogic]: =========================== Scene Change : From FLIGHT to FLIGHT =====================
[LOG 20:29:30.058] [PlanetariumCamera]: Focus: Kerbin
[LOG 20:29:30.058] [UIApp] OnDestroy: CurrencyWidgetsApp
[LOG 20:29:30.058] [UIApp] OnDestroy: Construction
[LOG 20:29:30.059] KbApp.OnDestroy Unowned Info
[LOG 20:29:30.059] KbApp.OnDestroy NullName
[LOG 20:29:30.059] [UIApp] OnDestroy: ManeuverTool
[LOG 20:29:30.060] [UIApp] OnDestroy: DeltaVApp
[LOG 20:29:30.060] [UIApp] OnDestroy: Cargo
[LOG 20:29:30.060] [UIApp] OnDestroy: ActionGroupsApp
[LOG 20:29:30.061] [UIApp] OnDestroy: ResourceDisplay
[LOG 20:29:30.061] KbApp.OnDestroy Planet Resources
[LOG 20:29:30.061] KbApp.OnDestroy Planet Info
[LOG 20:29:30.061] [UIApp] OnDestroy: Contracts
[LOG 20:29:30.061] KbApp.OnDestroy Vessel Info
[LOG 20:29:30.061] [UIApp] OnDestroy: AlarmClock
[LOG 20:29:30.061] [UIApp] OnDestroy: KSPedia
[LOG 20:29:30.061] KbApp.OnDestroy Planet Parameters
[LOG 20:29:30.061] KbApp.OnDestroy Vessel Crew
[LOG 20:29:30.063] [KSPCF:MemoryLeaks] Removed a OnMapExited callback owned by a destroyed Assembly-CSharp:NavBallToggle instance
[LOG 20:29:30.063] [KSPCF:MemoryLeaks] Removed a OnGameSettingsApplied callback owned by a destroyed Assembly-CSharp:VesselAutopilotUI instance
[LOG 20:29:30.063] [KSPCF:MemoryLeaks] Removed a onPartActionUICreate callback owned by a destroyed Assembly-CSharp:ModuleInventoryPart instance
[LOG 20:29:30.064] [KSPCF:MemoryLeaks] Removed a onModuleInventoryChanged callback owned by a destroyed Assembly-CSharp:ModuleInventoryPart instance
[LOG 20:29:30.064] [KSPCF:MemoryLeaks] Removed a OnClick callback owned by a destroyed Assembly-CSharp:EVAConstructionModeEditor instance
[LOG 20:29:30.064] [KSPCF:MemoryLeaks] Removed a TimingManager.Instance.timing5.onLateUpdate callback owned by a destroyed Assembly-CSharp:MapView instance
[LOG 20:29:30.065] [KSPCF:MemoryLeaks] Leaving scene "Flight", cleaned 54 memory leaks in 0.002s. GameEvents callbacks : 441. Allocated memory : 1.114 GiB (managed heap), 2.181 GiB (unmanaged)
[LOG 20:29:30.074] UICanvasPrefabSpawner FlightUI spawning Flight
[LOG 20:29:30.098] UICanvasPrefabSpawner FlightUI spawning VesselLabels
[LOG 20:29:30.098] [UiApp] Awake: ResourceDisplay
[LOG 20:29:30.199] [AddonLoader]: Instantiating addon 'AeroGUI' from assembly 'KSP'
[LOG 20:29:30.212] [AddonLoader]: Instantiating addon 'KSPDiagColliders' from assembly 'KSPDiagColliders'
[LOG 20:29:30.212] [KSPDiagColliders] shader Hidden/Internal-Colored, depth test settable: True; display: colliders, hidden by what stands in front
[LOG 20:29:30.212] [PlanetariumCamera]: Focus: Kerbin
[LOG 20:29:30.213] [UIMasterController]: HideUI
[LOG 20:29:30.559] [UIMasterController]: HideUI
[LOG 20:29:30.559] ------------------- initializing flight mode... ------------------
[LOG 20:29:30.560] GetSubclassesOfParentClass: Using cached results for AlarmTypeBase
[LOG 20:29:30.560] Loading Depletion Nodes
[LOG 20:29:30.561] DepNodeCount:  0
[LOG 20:29:30.561] Loading Biome Nodes
[LOG 20:29:30.561] BiomeNodeCount:  0
[LOG 20:29:30.561] Loading Planet Nodes
[LOG 20:29:30.561] PlanetNodeCount:  0
[LOG 20:29:30.563] [ScenarioDestructibles]: Loading... 0 objects registered
[LOG 20:29:30.564] [ScenarioUpgradeableFacilities]: Loading... 0 objects registered
[LOG 20:29:30.583] Target vessel index: 0  vessel count: 1
[LOG 20:29:30.584] [FLIGHT GLOBALS]: Switching To Vessel Diag3-Rocket ---------------------- 
[LOG 20:29:30.584] setting new dominant body: Kerbin
FlightGlobals.mainBody: Kerbin
[LOG 20:29:30.584] Reference Frame: Rotating
[WRN 20:29:30.593] [Part]: Cannot have ModuleCargoPart and ModuleInventoryPart on same Part [Diag3-Rocket (unloaded)'. Removed ModuleCargoPart
[LOG 20:29:30.605] [Diag3-Rocket]: landed - waiting for ground contact to resume physics...
[LOG 20:29:30.606] Camera Mode: AUTO
[LOG 20:29:33.241] all systems started
[LOG 20:29:33.309] [KSPDiagColliders] body Kerbin, colliders drawn within 300 m of the active vessel
[LOG 20:29:33.324] [KSPDiagColliders] collider localSpace/Kerbin/Kerbin/KSC/SpaceCenter/LaunchPad/Facility/LP_lev2/bunker (MeshCollider, on, layer 15), centre 44 m from the active vessel
[LOG 20:29:33.325] [KSPDiagColliders] collider localSpace/Kerbin/Kerbin/KSC/SpaceCenter/LaunchPad/Facility/LP_lev2/LP_lev2/collider (MeshCollider, on, layer 15), centre 7 m from the active vessel
[LOG 20:29:33.325] [KSPDiagColliders] collider localSpace/Kerbin/Kerbin/KSC/SpaceCenter/LaunchPad/Facility/Flag/flagPole_lev1/model01/Pole (CapsuleCollider, on, layer 15), centre 74 m from the active vessel
[LOG 20:29:33.327] [KSPDiagColliders] collider localSpace/Kerbin/Kerbin/KSC/SpaceCenter/LaunchPad/Facility/Flag/flagPole_lev1/model01/WaterBase (MeshCollider, on, layer 15), centre 74 m from the active vessel
[LOG 20:29:33.344] [KSPDiagColliders] collider localSpace/Kerbin/Kerbin/KSC/SpaceCenter/Runway/Facility/runway_lev1_v2 (MeshCollider, on, layer 15), centre 730 m from the active vessel
[LOG 20:29:33.344] [KSPDiagColliders] collider localSpace/Kerbin/Kerbin/KSC/SpaceCenter/Crawlerway/Facility/crawler_level2 (MeshCollider, on, layer 15), centre 326 m from the active vessel
[LOG 20:29:33.344] [KSPDiagColliders] drawn within 300 m: 2 ground quad(s), 6 collider(s) of statics on, 0 switched off
[LOG 20:29:33.385] [UiApp] Awake: CurrencyWidgetsApp
[LOG 20:29:33.385] [UiApp] Awake: Contracts
[LOG 20:29:33.385] [UiApp] Awake: ResourceDisplay
[LOG 20:29:33.385] [UiApp] Awake: KSPedia
[LOG 20:29:33.385] [UiApp] Awake: Missions App
[LOG 20:29:33.386] [UiApp] Awake: DeltaVApp
[LOG 20:29:33.386] [UiApp] Awake: ActionGroupsApp
[LOG 20:29:33.386] [UiApp] Awake: Construction
[LOG 20:29:33.386] [UiApp] Awake: Cargo
[LOG 20:29:33.386] [UiApp] Awake: AlarmClock
[LOG 20:29:33.386] [UiApp] Awake: ManeuverTool
[LOG 20:29:33.386] [ApplicationLauncher] OnSceneLoadedGUIReady: scene FLIGHT ShouldBeVisible() True ShouldBeOnTop() True iIsPositionedAtTop True
[LOG 20:29:33.388] [KnowledgeBase] OnAppLauncherReady 48099
[LOG 20:29:33.415] [FlightIntegrator]: Reloaded drag cube for zeroed cube root part mk1pod.v2 (Diag3-Rocket) on vessel Diag3-Rocket
[LOG 20:29:33.417] [MessageSystem] Reposition 0.02 48100
[LOG 20:29:33.417] [GenericAppFrame] Reposition 0.02 48100
[LOG 20:29:33.417] [GenericAppFrame] Reposition 0.02 48100
[LOG 20:29:33.499] [PlanetariumCamera]: Focus: Diag3-Rocket
[LOG 20:29:33.516] [UIApp] Adding ResourceDisplay to Application Launcher
[LOG 20:29:33.517] [UIApp] Adding ResourceDisplay to Application Launcher
[LOG 20:29:33.526] [ResourceDisplay] OnAppStarted(): id: -522958
[LOG 20:29:33.527] [GenericAppFrame] Reposition 0.1084452 48104
[LOG 20:29:33.527] [ResourceDisplay] OnAppStarted(): id: 264824
[LOG 20:29:33.527] ResourceDisplay already exist, destroying this instance
[LOG 20:29:33.527] [UIApp] OnDestroy: ResourceDisplay
[LOG 20:29:33.540] [UIApp] Adding AlarmClock to Application Launcher
[LOG 20:29:33.541] [UIApp] Adding ActionGroupsApp to Application Launcher
[LOG 20:29:33.542] [ApplicationLauncher] SetHidden: 
[LOG 20:29:33.543] [UIApp] Adding Missions App to Application Launcher
[LOG 20:29:33.544] [UIApp] Adding Contracts to Application Launcher
[LOG 20:29:33.545] CURRENCY WIDGET True True True
[LOG 20:29:33.545] [UIApp] Adding CurrencyWidgetsApp to Application Launcher
[LOG 20:29:33.568] [GenericAppFrame] Reposition 0.1356693 48106
[LOG 20:29:33.574] [ActionGroupsApp] OnAppStarted(): id: -522982
[LOG 20:29:33.574] [GenericAppFrame] Reposition 0.1356693 48106
[LOG 20:29:33.575] [UIApp] Adding DeltaVApp to Application Launcher
[LOG 20:29:33.576] [MissionsApp] OnAppStarted(): id: -522970
[LOG 20:29:33.576] MissionsApp does not execute in this game mode, destroying this instance
[LOG 20:29:33.576] [UIApp] OnDestroy: Missions App
[LOG 20:29:33.577] [GenericAppFrame] Reposition 0.1356693 48106
[LOG 20:29:33.591] [GenericAppFrame] Reposition 0.1709049 48107
[LOG 20:29:33.602] [UIApp] Adding Cargo to Application Launcher
[LOG 20:29:33.604] [UIApp] Adding Construction to Application Launcher
[LOG 20:29:33.605] [UIApp] Adding KSPedia to Application Launcher
[LOG 20:29:33.616] [ApplicationLauncher] SetHidden: 
[LOG 20:29:33.658] Flight State Captured
[LOG 20:29:33.658] Saving Achievements Tree...
[LOG 20:29:33.658] [MessageSystem] Save Messages
[LOG 20:29:33.669] Game State Saved as persistent
[LOG 20:29:34.421] Unpacking Diag3-Rocket
[LOG 20:29:34.427] [UIMasterController]: ShowUI
[LOG 20:29:44.487] [KSPDiagColliders] under 'Diag3-Rocket' PRELAUNCH lat=-0.097179 lon=-74.557687: [collider (LP_lev2) 2729.626 mm, active=True] [Kerbin Zn1232223323 (PQStorage) -211.609 mm, active=True]
[LOG 20:29:44.496] Flight State Captured
[LOG 20:29:44.496] Saving Achievements Tree...
[LOG 20:29:44.497] [MessageSystem] Save Messages
[LOG 20:29:44.507] Game State Saved to saves/claude-carriere/persistent
[LOG 20:29:44.516] [UIMasterController]: HideUI
[LOG 20:29:44.523] [HighLogic]: =========================== Scene Change : From FLIGHT to SPACECENTER =====================
[LOG 20:29:44.846] KbApp.OnDestroy Planet Parameters
[LOG 20:29:44.847] [UIApp] OnDestroy: Construction
[LOG 20:29:44.847] KbApp.OnDestroy NullName
[LOG 20:29:44.848] [UIApp] OnDestroy: ManeuverTool
[LOG 20:29:44.848] [UIApp] OnDestroy: ActionGroupsApp
[LOG 20:29:44.848] KbApp.OnDestroy Vessel Crew
[LOG 20:29:44.848] [UIApp] OnDestroy: ResourceDisplay
[LOG 20:29:44.848] [UIApp] OnDestroy: DeltaVApp
[LOG 20:29:44.848] [UIApp] OnDestroy: AlarmClock
[LOG 20:29:44.849] [UIApp] OnDestroy: CurrencyWidgetsApp
[LOG 20:29:44.849] [UIApp] OnDestroy: KSPedia
[LOG 20:29:44.849] KbApp.OnDestroy Planet Info
[LOG 20:29:44.851] KbApp.OnDestroy Planet Resources
[LOG 20:29:44.851] [UIApp] OnDestroy: Contracts
[LOG 20:29:44.852] [UIApp] OnDestroy: Cargo
[LOG 20:29:44.852] KbApp.OnDestroy Unowned Info
[LOG 20:29:44.852] KbApp.OnDestroy Vessel Info
[LOG 20:29:44.855] [KSPCF:MemoryLeaks] Removed a OnMapExited callback owned by a destroyed Assembly-CSharp:NavBallToggle instance
[LOG 20:29:44.855] [KSPCF:MemoryLeaks] Removed a OnGameSettingsApplied callback owned by a destroyed Assembly-CSharp:VesselAutopilotUI instance
[LOG 20:29:44.855] [KSPCF:MemoryLeaks] Removed a onPartActionUICreate callback owned by a destroyed Assembly-CSharp:ModuleInventoryPart instance
[LOG 20:29:44.856] [KSPCF:MemoryLeaks] Removed a onModuleInventoryChanged callback owned by a destroyed Assembly-CSharp:ModuleInventoryPart instance
[LOG 20:29:44.856] [KSPCF:MemoryLeaks] Removed a TimingManager.Instance.timing5.onLateUpdate callback owned by a destroyed Assembly-CSharp:MapView instance
[LOG 20:29:44.856] [KSPCF:MemoryLeaks] Leaving scene "Flight", cleaned 53 memory leaks in 0.003s. GameEvents callbacks : 425. Allocated memory : 1.113 GiB (managed heap), 2.189 GiB (unmanaged)
[LOG 20:29:44.984] [AddonLoader]: Instantiating addon 'CustomConfigsManager' from assembly 'ModuleManager'
[LOG 20:29:47.646] [UIMasterController]: ShowUI
[LOG 20:29:48.020] [SceneLoadSpeedBoost] Save loaded from cache in 0ms
[LOG 20:29:48.022] GetSubclassesOfParentClass: Using cached results for AlarmTypeBase
[LOG 20:29:48.023] Loading Depletion Nodes
[LOG 20:29:48.023] DepNodeCount:  0
[LOG 20:29:48.023] Loading Biome Nodes
[LOG 20:29:48.023] BiomeNodeCount:  0
[LOG 20:29:48.023] Loading Planet Nodes
[LOG 20:29:48.023] PlanetNodeCount:  0
[LOG 20:29:48.025] [ScenarioDestructibles]: Loading... 0 objects registered
[LOG 20:29:48.026] [ScenarioUpgradeableFacilities]: Loading... 0 objects registered
[LOG 20:29:48.061] [UiApp] Awake: Contracts
[LOG 20:29:48.061] [UiApp] Awake: KSPedia
[LOG 20:29:48.061] [UiApp] Awake: Missions App
[LOG 20:29:48.062] [UiApp] Awake: AlarmClock
[LOG 20:29:48.062] [ApplicationLauncher] OnSceneLoadedGUIReady: scene SPACECENTER ShouldBeVisible() True ShouldBeOnTop() False iIsPositionedAtTop True
[LOG 20:29:48.062] [ApplicationLauncher] SpawnSimpleLayout: HorizontalRightLeft
[LOG 20:29:48.101] [MessageSystem] Reposition 0.02 49579
[LOG 20:29:48.102] [GenericAppFrame] Reposition 0.02 49579
[LOG 20:29:48.102] [GenericAppFrame] Reposition 0.02 49579
[LOG 20:29:48.227] [UIApp] Adding AlarmClock to Application Launcher
[LOG 20:29:48.228] [UIApp] Adding Missions App to Application Launcher
[LOG 20:29:48.228] [UIApp] Adding Contracts to Application Launcher
[LOG 20:29:48.249] [GenericAppFrame] Reposition 0.089416 49585
[LOG 20:29:48.255] [MissionsApp] OnAppStarted(): id: -538590
[LOG 20:29:48.255] MissionsApp does not execute in this game mode, destroying this instance
[LOG 20:29:48.255] [UIApp] OnDestroy: Missions App
[LOG 20:29:48.256] [GenericAppFrame] Reposition 0.089416 49585
[LOG 20:29:48.267] [UIApp] Adding KSPedia to Application Launcher
[LOG 20:29:56.355] Game Paused!
[LOG 20:29:56.355] [UIMasterController]: ShowUI
[LOG 20:30:00.481] Game Unpaused!
[LOG 20:30:00.481] Flight State Captured
[LOG 20:30:00.481] Saving Achievements Tree...
[LOG 20:30:00.482] [MessageSystem] Save Messages
[LOG 20:30:00.494] Game State Saved to saves/claude-carriere/persistent
[LOG 20:30:00.501] [UIMasterController] RemoveCanvas:AstronautComplex
[LOG 20:30:02.544] Game Paused!
[LOG 20:30:02.544] [UIMasterController]: ShowUI
[LOG 20:30:06.676] Game Unpaused!
[LOG 20:30:06.677] Flight State Captured
[LOG 20:30:06.677] Saving Achievements Tree...
[LOG 20:30:06.677] [MessageSystem] Save Messages
[LOG 20:30:06.688] Game State Saved to saves/claude-carriere/persistent
[LOG 20:30:06.694] [UIMasterController] RemoveCanvas:ResearchAndDevelopment
[LOG 20:30:08.732] Game Paused!
[LOG 20:30:08.732] [UIMasterController]: ShowUI
[LOG 20:30:12.860] Game Unpaused!
[LOG 20:30:12.860] Flight State Captured
[LOG 20:30:12.860] Saving Achievements Tree...
[LOG 20:30:12.861] [MessageSystem] Save Messages
[LOG 20:30:12.872] Game State Saved to saves/claude-carriere/persistent
[LOG 20:30:12.879] [UIMasterController] RemoveCanvas:MissionControl
[LOG 20:30:14.914] Game Paused!
[LOG 20:30:14.914] [UIMasterController]: ShowUI
[LOG 20:30:19.086] Game Unpaused!
[LOG 20:30:19.086] Flight State Captured
[LOG 20:30:19.086] Saving Achievements Tree...
[LOG 20:30:19.102] [MessageSystem] Save Messages
[LOG 20:30:19.114] Game State Saved to saves/claude-carriere/persistent
[LOG 20:30:19.122] Administration (KSP.UI.UICanvasPrefab)
[LOG 20:30:19.122] [UIMasterController] RemoveCanvas:Administration
[LOG 20:30:21.160] Flight State Captured
[LOG 20:30:21.160] Saving Achievements Tree...
[LOG 20:30:21.160] [MessageSystem] Save Messages
[LOG 20:30:21.171] Game State Saved to saves/claude-carriere/persistent
[LOG 20:30:21.179] [UIMasterController]: HideUI
[LOG 20:30:21.182] [HighLogic]: =========================== Scene Change : From SPACECENTER to TRACKSTATION =====================
[LOG 20:30:21.437] [UIApp] OnDestroy: AlarmClock
[LOG 20:30:21.437] [UIApp] OnDestroy: Contracts
[LOG 20:30:21.437] [UIApp] OnDestroy: KSPedia
[LOG 20:30:21.440] [KSPCF:MemoryLeaks] Removed a OnInViewChange callback owned by a destroyed Assembly-CSharp:BuildingPickerItem instance
[LOG 20:30:21.440] [KSPCF:MemoryLeaks] Removed a OnClick callback owned by a destroyed Assembly-CSharp:BuildingPickerItem instance
[LOG 20:30:21.440] [KSPCF:MemoryLeaks] Leaving scene "SpaceCenter", cleaned 6 memory leaks in 0.002s. GameEvents callbacks : 349. Allocated memory : 1.07 GiB (managed heap), 2.181 GiB (unmanaged)
[LOG 20:30:21.449] UICanvasPrefabSpawner TrackingStationSpawner spawning TrackingStation
[LOG 20:30:21.569] [PlanetariumCamera]: Focus: Kerbin
[LOG 20:30:21.570] [UIMasterController]: ShowUI
[LOG 20:30:21.900] [SceneLoadSpeedBoost] Save loaded from cache in 0ms
[LOG 20:30:21.903] GetSubclassesOfParentClass: Using cached results for AlarmTypeBase
[LOG 20:30:21.903] Loading Depletion Nodes
[LOG 20:30:21.904] DepNodeCount:  0
[LOG 20:30:21.904] Loading Biome Nodes
[LOG 20:30:21.904] BiomeNodeCount:  0
[LOG 20:30:21.904] Loading Planet Nodes
[LOG 20:30:21.904] PlanetNodeCount:  0
[LOG 20:30:21.906] [ScenarioDestructibles]: Loading... 0 objects registered
[LOG 20:30:21.907] [ScenarioUpgradeableFacilities]: Loading... 0 objects registered
[LOG 20:30:21.944] [PlanetariumCamera]: Focus: Kerbin
[LOG 20:30:21.975] [UiApp] Awake: Contracts
[LOG 20:30:21.976] [UiApp] Awake: KSPedia
[LOG 20:30:21.976] [UiApp] Awake: Missions App
[LOG 20:30:21.976] [UiApp] Awake: AlarmClock
[LOG 20:30:21.976] [ApplicationLauncher] OnSceneLoadedGUIReady: scene TRACKSTATION ShouldBeVisible() True ShouldBeOnTop() False iIsPositionedAtTop False
[LOG 20:30:21.978] [KnowledgeBase] OnAppLauncherReady 55812
[LOG 20:30:21.994] [MessageSystem] Reposition 0.02 55813
[LOG 20:30:21.994] [GenericAppFrame] Reposition 0.02 55813
[LOG 20:30:21.994] [GenericAppFrame] Reposition 0.02 55813
[LOG 20:30:22.007] [PlanetariumCamera]: Focus: Kerbin
[LOG 20:30:22.125] [UIApp] Adding AlarmClock to Application Launcher
[LOG 20:30:22.126] [UIApp] Adding Missions App to Application Launcher
[LOG 20:30:22.127] [UIApp] Adding Contracts to Application Launcher
[LOG 20:30:22.149] [GenericAppFrame] Reposition 0.1119655 55819
[LOG 20:30:22.154] [MissionsApp] OnAppStarted(): id: -562620
[LOG 20:30:22.154] MissionsApp does not execute in this game mode, destroying this instance
[LOG 20:30:22.154] [UIApp] OnDestroy: Missions App
[LOG 20:30:22.155] [GenericAppFrame] Reposition 0.1119655 55819
[LOG 20:30:22.172] [UIApp] Adding KSPedia to Application Launcher
[LOG 20:30:24.024] Flight State Captured
[LOG 20:30:24.024] Saving Achievements Tree...
[LOG 20:30:24.025] [MessageSystem] Save Messages
[LOG 20:30:24.036] Game State Saved to saves/claude-carriere/persistent
[LOG 20:30:26.135] Flight State Captured
[LOG 20:30:26.135] Saving Achievements Tree...
[LOG 20:30:26.136] [MessageSystem] Save Messages
[LOG 20:30:26.148] Game State Saved to saves/claude-carriere/persistent
[LOG 20:30:26.157] [Tracking Station]: SetVessel(null)
[LOG 20:30:26.157] [PlanetariumCamera]: Focus: Kerbin
[LOG 20:30:26.167] [UIMasterController]: HideUI
[LOG 20:30:26.209] [HighLogic]: =========================== Scene Change : From TRACKSTATION to FLIGHT =====================
[LOG 20:30:26.465] [UIApp] OnDestroy: Contracts
[LOG 20:30:26.465] KbApp.OnDestroy Vessel Info
[LOG 20:30:26.465] [UIApp] OnDestroy: AlarmClock
[LOG 20:30:26.465] KbApp.OnDestroy Planet Info
[LOG 20:30:26.465] KbApp.OnDestroy Planet Resources
[LOG 20:30:26.466] KbApp.OnDestroy NullName
[LOG 20:30:26.466] KbApp.OnDestroy Planet Parameters
[LOG 20:30:26.466] KbApp.OnDestroy Unowned Info
[LOG 20:30:26.466] KbApp.OnDestroy Vessel Crew
[LOG 20:30:26.466] [UIApp] OnDestroy: KSPedia
[LOG 20:30:26.468] [KSPCF:MemoryLeaks] Removed a onPlanetariumTargetChange callback owned by a destroyed Assembly-CSharp:OverlayGenerator instance
[LOG 20:30:26.468] [KSPCF:MemoryLeaks] Removed a onGameStateLoad callback owned by a destroyed Assembly-CSharp:OverlayGenerator instance
[LOG 20:30:26.469] [KSPCF:MemoryLeaks] Removed a MapView.OnEnterMapView callback owned by a destroyed Assembly-CSharp:OverlayGenerator instance
[LOG 20:30:26.469] [KSPCF:MemoryLeaks] Removed a MapView.OnExitMapView callback owned by a destroyed Assembly-CSharp:OverlayGenerator instance
[LOG 20:30:26.469] [KSPCF:MemoryLeaks] Removed a TimingManager.Instance.timing5.onLateUpdate callback owned by a destroyed Assembly-CSharp:MapView instance
[LOG 20:30:26.469] [KSPCF:MemoryLeaks] Leaving scene "TrackingStation", cleaned 9 memory leaks in 0.002s. GameEvents callbacks : 411. Allocated memory : 1.073 GiB (managed heap), 2.182 GiB (unmanaged)
[LOG 20:30:26.478] UICanvasPrefabSpawner FlightUI spawning Flight
[LOG 20:30:26.502] UICanvasPrefabSpawner FlightUI spawning VesselLabels
[LOG 20:30:26.502] [UiApp] Awake: ResourceDisplay
[LOG 20:30:26.605] [AddonLoader]: Instantiating addon 'AeroGUI' from assembly 'KSP'
[LOG 20:30:26.617] [AddonLoader]: Instantiating addon 'KSPDiagColliders' from assembly 'KSPDiagColliders'
[LOG 20:30:26.617] [KSPDiagColliders] shader Hidden/Internal-Colored, depth test settable: True; display: colliders, hidden by what stands in front
[LOG 20:30:26.618] [PlanetariumCamera]: Focus: Kerbin
[LOG 20:30:26.618] [UIMasterController]: HideUI
[LOG 20:30:26.969] [UIMasterController]: HideUI
[LOG 20:30:26.969] ------------------- initializing flight mode... ------------------
[LOG 20:30:26.970] [SceneLoadSpeedBoost] Save loaded from cache in 0ms
[LOG 20:30:26.973] GetSubclassesOfParentClass: Using cached results for AlarmTypeBase
[LOG 20:30:26.973] Loading Depletion Nodes
[LOG 20:30:26.973] DepNodeCount:  0
[LOG 20:30:26.973] Loading Biome Nodes
[LOG 20:30:26.973] BiomeNodeCount:  0
[LOG 20:30:26.973] Loading Planet Nodes
[LOG 20:30:26.973] PlanetNodeCount:  0
[LOG 20:30:26.975] [ScenarioDestructibles]: Loading... 0 objects registered
[LOG 20:30:26.976] [ScenarioUpgradeableFacilities]: Loading... 0 objects registered
[LOG 20:30:26.996] Target vessel index: 0  vessel count: 1
[LOG 20:30:26.997] [FLIGHT GLOBALS]: Switching To Vessel Diag3-Rocket ---------------------- 
[LOG 20:30:26.997] setting new dominant body: Kerbin
FlightGlobals.mainBody: Kerbin
[LOG 20:30:26.997] Reference Frame: Rotating
[WRN 20:30:27.004] [Part]: Cannot have ModuleCargoPart and ModuleInventoryPart on same Part [Diag3-Rocket (unloaded)'. Removed ModuleCargoPart
[LOG 20:30:27.017] [Diag3-Rocket]: landed - waiting for ground contact to resume physics...
[LOG 20:30:27.017] Camera Mode: AUTO
[LOG 20:30:29.651] all systems started
[LOG 20:30:29.719] [KSPDiagColliders] body Kerbin, colliders drawn within 300 m of the active vessel
[LOG 20:30:29.735] [KSPDiagColliders] collider localSpace/Kerbin/Kerbin/KSC/SpaceCenter/LaunchPad/Facility/LP_lev2/bunker (MeshCollider, on, layer 15), centre 44 m from the active vessel
[LOG 20:30:29.736] [KSPDiagColliders] collider localSpace/Kerbin/Kerbin/KSC/SpaceCenter/LaunchPad/Facility/LP_lev2/LP_lev2/collider (MeshCollider, on, layer 15), centre 7 m from the active vessel
[LOG 20:30:29.736] [KSPDiagColliders] collider localSpace/Kerbin/Kerbin/KSC/SpaceCenter/LaunchPad/Facility/Flag/flagPole_lev1/model01/Pole (CapsuleCollider, on, layer 15), centre 74 m from the active vessel
[LOG 20:30:29.738] [KSPDiagColliders] collider localSpace/Kerbin/Kerbin/KSC/SpaceCenter/LaunchPad/Facility/Flag/flagPole_lev1/model01/WaterBase (MeshCollider, on, layer 15), centre 74 m from the active vessel
[LOG 20:30:29.755] [KSPDiagColliders] collider localSpace/Kerbin/Kerbin/KSC/SpaceCenter/Runway/Facility/runway_lev1_v2 (MeshCollider, on, layer 15), centre 730 m from the active vessel
[LOG 20:30:29.755] [KSPDiagColliders] collider localSpace/Kerbin/Kerbin/KSC/SpaceCenter/Crawlerway/Facility/crawler_level2 (MeshCollider, on, layer 15), centre 326 m from the active vessel
[LOG 20:30:29.755] [KSPDiagColliders] drawn within 300 m: 2 ground quad(s), 6 collider(s) of statics on, 0 switched off
[LOG 20:30:29.803] [UiApp] Awake: CurrencyWidgetsApp
[LOG 20:30:29.803] [UiApp] Awake: Contracts
[LOG 20:30:29.803] [UiApp] Awake: ResourceDisplay
[LOG 20:30:29.803] [UiApp] Awake: KSPedia
[LOG 20:30:29.803] [UiApp] Awake: Missions App
[LOG 20:30:29.803] [UiApp] Awake: DeltaVApp
[LOG 20:30:29.803] [UiApp] Awake: ActionGroupsApp
[LOG 20:30:29.804] [UiApp] Awake: Construction
[LOG 20:30:29.804] [UiApp] Awake: Cargo
[LOG 20:30:29.804] [UiApp] Awake: AlarmClock
[LOG 20:30:29.804] [UiApp] Awake: ManeuverTool
[LOG 20:30:29.804] [ApplicationLauncher] OnSceneLoadedGUIReady: scene FLIGHT ShouldBeVisible() True ShouldBeOnTop() True iIsPositionedAtTop False
[LOG 20:30:29.804] [ApplicationLauncher] SpawnSimpleLayout: VerticalTopDown
[LOG 20:30:29.807] [KnowledgeBase] OnAppLauncherReady 56577
[LOG 20:30:29.834] [FlightIntegrator]: Reloaded drag cube for zeroed cube root part mk1pod.v2 (Diag3-Rocket) on vessel Diag3-Rocket
[LOG 20:30:29.834] [FlightIntegrator]: Vessel Diag3-Rocket has been unloaded 20.5799999999813, applying analytic temperature 310.111314730522
[LOG 20:30:29.836] [MessageSystem] Reposition 0.02 56578
[LOG 20:30:29.836] [GenericAppFrame] Reposition 0.02 56578
[LOG 20:30:29.836] [GenericAppFrame] Reposition 0.02 56578
[LOG 20:30:29.917] [PlanetariumCamera]: Focus: Diag3-Rocket
[LOG 20:30:29.934] [UIApp] Adding ResourceDisplay to Application Launcher
[LOG 20:30:29.935] [UIApp] Adding ResourceDisplay to Application Launcher
[LOG 20:30:29.945] [ResourceDisplay] OnAppStarted(): id: -589676
[LOG 20:30:29.946] [GenericAppFrame] Reposition 0.1081935 56582
[LOG 20:30:29.946] [ResourceDisplay] OnAppStarted(): id: 266360
[LOG 20:30:29.946] ResourceDisplay already exist, destroying this instance
[LOG 20:30:29.946] [UIApp] OnDestroy: ResourceDisplay
[LOG 20:30:29.960] [UIApp] Adding AlarmClock to Application Launcher
[LOG 20:30:29.961] [UIApp] Adding ActionGroupsApp to Application Launcher
[LOG 20:30:29.962] [ApplicationLauncher] SetHidden: 
[LOG 20:30:29.963] [UIApp] Adding Missions App to Application Launcher
[LOG 20:30:29.964] [UIApp] Adding Contracts to Application Launcher
[LOG 20:30:29.965] CURRENCY WIDGET True True True
[LOG 20:30:29.965] [UIApp] Adding CurrencyWidgetsApp to Application Launcher
[LOG 20:30:29.990] [GenericAppFrame] Reposition 0.1373854 56584
[LOG 20:30:29.996] [ActionGroupsApp] OnAppStarted(): id: -589700
[LOG 20:30:29.996] [GenericAppFrame] Reposition 0.1373854 56584
[LOG 20:30:29.997] [UIApp] Adding DeltaVApp to Application Launcher
[LOG 20:30:29.998] [MissionsApp] OnAppStarted(): id: -589688
[LOG 20:30:29.998] MissionsApp does not execute in this game mode, destroying this instance
[LOG 20:30:29.998] [UIApp] OnDestroy: Missions App
[LOG 20:30:29.999] [GenericAppFrame] Reposition 0.1373854 56584
[LOG 20:30:30.012] [GenericAppFrame] Reposition 0.173467 56585
[LOG 20:30:30.022] [UIApp] Adding Cargo to Application Launcher
[LOG 20:30:30.024] [UIApp] Adding Construction to Application Launcher
[LOG 20:30:30.025] [UIApp] Adding KSPedia to Application Launcher
[LOG 20:30:30.038] [ApplicationLauncher] SetHidden: 
[LOG 20:30:30.093] Flight State Captured
[LOG 20:30:30.093] Saving Achievements Tree...
[LOG 20:30:30.094] [MessageSystem] Save Messages
[LOG 20:30:30.106] Game State Saved as persistent
[LOG 20:30:30.833] Unpacking Diag3-Rocket
[LOG 20:30:30.839] [UIMasterController]: ShowUI
[LOG 20:30:40.899] [KSPDiagColliders] under 'Diag3-Rocket' PRELAUNCH lat=-0.097179 lon=-74.557688: [collider (LP_lev2) 2700.795 mm, active=True] [Kerbin Zn1232223323 (PQStorage) -190.367 mm, active=True]
[LOG 20:30:40.908] Flight State Captured
[LOG 20:30:40.908] Saving Achievements Tree...
[LOG 20:30:40.909] [MessageSystem] Save Messages
[LOG 20:30:40.920] Game State Saved to saves/claude-carriere/persistent
[LOG 20:30:40.929] [UIMasterController]: HideUI
[LOG 20:30:40.936] [HighLogic]: =========================== Scene Change : From FLIGHT to SPACECENTER =====================
[LOG 20:30:41.226] [UIApp] OnDestroy: ResourceDisplay
[LOG 20:30:41.226] [UIApp] OnDestroy: Construction
[LOG 20:30:41.227] [UIApp] OnDestroy: AlarmClock
[LOG 20:30:41.227] [UIApp] OnDestroy: ManeuverTool
[LOG 20:30:41.227] KbApp.OnDestroy Planet Parameters
[LOG 20:30:41.227] KbApp.OnDestroy NullName
[LOG 20:30:41.228] KbApp.OnDestroy Planet Info
[LOG 20:30:41.228] [UIApp] OnDestroy: DeltaVApp
[LOG 20:30:41.229] KbApp.OnDestroy Unowned Info
[LOG 20:30:41.229] [UIApp] OnDestroy: KSPedia
[LOG 20:30:41.229] [UIApp] OnDestroy: Cargo
[LOG 20:30:41.229] [UIApp] OnDestroy: CurrencyWidgetsApp
[LOG 20:30:41.229] [UIApp] OnDestroy: ActionGroupsApp
[LOG 20:30:41.229] KbApp.OnDestroy Vessel Info
[LOG 20:30:41.230] KbApp.OnDestroy Planet Resources
[LOG 20:30:41.230] KbApp.OnDestroy Vessel Crew
[LOG 20:30:41.230] [UIApp] OnDestroy: Contracts
[LOG 20:30:41.231] [KSPCF:MemoryLeaks] Removed a OnMapExited callback owned by a destroyed Assembly-CSharp:NavBallToggle instance
[LOG 20:30:41.232] [KSPCF:MemoryLeaks] Removed a OnGameSettingsApplied callback owned by a destroyed Assembly-CSharp:VesselAutopilotUI instance
[LOG 20:30:41.232] [KSPCF:MemoryLeaks] Removed a onPartActionUICreate callback owned by a destroyed Assembly-CSharp:ModuleInventoryPart instance
[LOG 20:30:41.232] [KSPCF:MemoryLeaks] Removed a onModuleInventoryChanged callback owned by a destroyed Assembly-CSharp:ModuleInventoryPart instance
[LOG 20:30:41.233] [KSPCF:MemoryLeaks] Removed a TimingManager.Instance.timing5.onLateUpdate callback owned by a destroyed Assembly-CSharp:MapView instance
[LOG 20:30:41.233] [KSPCF:MemoryLeaks] Leaving scene "Flight", cleaned 53 memory leaks in 0.002s. GameEvents callbacks : 425. Allocated memory : 1.114 GiB (managed heap), 2.203 GiB (unmanaged)
[LOG 20:30:41.354] [AddonLoader]: Instantiating addon 'CustomConfigsManager' from assembly 'ModuleManager'
[LOG 20:30:43.987] [UIMasterController]: ShowUI
[LOG 20:30:44.359] [SceneLoadSpeedBoost] Save loaded from cache in 0ms
[LOG 20:30:44.361] GetSubclassesOfParentClass: Using cached results for AlarmTypeBase
[LOG 20:30:44.362] Loading Depletion Nodes
[LOG 20:30:44.362] DepNodeCount:  0
[LOG 20:30:44.362] Loading Biome Nodes
[LOG 20:30:44.362] BiomeNodeCount:  0
[LOG 20:30:44.362] Loading Planet Nodes
[LOG 20:30:44.362] PlanetNodeCount:  0
[LOG 20:30:44.364] [ScenarioDestructibles]: Loading... 0 objects registered
[LOG 20:30:44.365] [ScenarioUpgradeableFacilities]: Loading... 0 objects registered
[LOG 20:30:44.395] [UiApp] Awake: Contracts
[LOG 20:30:44.395] [UiApp] Awake: KSPedia
[LOG 20:30:44.395] [UiApp] Awake: Missions App
[LOG 20:30:44.395] [UiApp] Awake: AlarmClock
[LOG 20:30:44.395] [ApplicationLauncher] OnSceneLoadedGUIReady: scene SPACECENTER ShouldBeVisible() True ShouldBeOnTop() False iIsPositionedAtTop True
[LOG 20:30:44.395] [ApplicationLauncher] SpawnSimpleLayout: HorizontalRightLeft
[LOG 20:30:44.432] [MessageSystem] Reposition 0.02 58071
[LOG 20:30:44.433] [GenericAppFrame] Reposition 0.02 58071
[LOG 20:30:44.433] [GenericAppFrame] Reposition 0.02 58071
[LOG 20:30:44.552] [UIApp] Adding AlarmClock to Application Launcher
[LOG 20:30:44.553] [UIApp] Adding Missions App to Application Launcher
[LOG 20:30:44.554] [UIApp] Adding Contracts to Application Launcher
[LOG 20:30:44.572] [GenericAppFrame] Reposition 0.0883127 58077
[LOG 20:30:44.578] [MissionsApp] OnAppStarted(): id: -605400
[LOG 20:30:44.578] MissionsApp does not execute in this game mode, destroying this instance
[LOG 20:30:44.578] [UIApp] OnDestroy: Missions App
[LOG 20:30:44.579] [GenericAppFrame] Reposition 0.0883127 58077
[LOG 20:30:44.589] [UIApp] Adding KSPedia to Application Launcher
[LOG 20:30:49.445] Flight State Captured
[LOG 20:30:49.446] Saving Achievements Tree...
[LOG 20:30:49.446] [MessageSystem] Save Messages
[LOG 20:30:49.457] Game State Saved to saves/claude-carriere/persistent
[LOG 20:30:49.465] [UIMasterController]: HideUI
[LOG 20:30:49.467] [HighLogic]: =========================== Scene Change : From SPACECENTER to EDITOR =====================
[LOG 20:30:49.684] [UIApp] OnDestroy: AlarmClock
[LOG 20:30:49.684] [UIApp] OnDestroy: Contracts
[LOG 20:30:49.684] [UIApp] OnDestroy: KSPedia
[LOG 20:30:49.686] [KSPCF:MemoryLeaks] Removed a OnInViewChange callback owned by a destroyed Assembly-CSharp:BuildingPickerItem instance
[LOG 20:30:49.687] [KSPCF:MemoryLeaks] Leaving scene "SpaceCenter", cleaned 5 memory leaks in 0.002s. GameEvents callbacks : 349. Allocated memory : 1.1 GiB (managed heap), 2.197 GiB (unmanaged)
[LOG 20:30:49.697] UICanvasPrefabSpawner SceneLogic spawning Editor
[LOG 20:30:49.726] Aucun verrouillage commandes en cours
[LOG 20:30:49.851] [UIMasterController]: ShowUI
[LOG 20:30:50.298] [UIMasterController]: ShowUI
[LOG 20:30:50.441] [UIMasterController]: ShowUI
[LOG 20:30:50.455] ------------------- initializing editor mode... ------------------
[LOG 20:30:50.455] editor started
[LOG 20:30:50.455] [SceneLoadSpeedBoost] Save loaded from cache in 0ms
[LOG 20:30:50.458] GetSubclassesOfParentClass: Using cached results for AlarmTypeBase
[LOG 20:30:50.458] Loading Depletion Nodes
[LOG 20:30:50.458] DepNodeCount:  0
[LOG 20:30:50.459] Loading Biome Nodes
[LOG 20:30:50.459] BiomeNodeCount:  0
[LOG 20:30:50.459] Loading Planet Nodes
[LOG 20:30:50.459] PlanetNodeCount:  0
[LOG 20:30:50.461] [ScenarioDestructibles]: Loading... 0 objects registered
[LOG 20:30:50.461] [ScenarioUpgradeableFacilities]: Loading... 0 objects registered
[LOG 20:30:50.612] Diag3-Rocket loaded!
[LOG 20:30:50.619] [Crew Manifest]: Cannot resume cached manifest. The crew in it isn't available. Reverting to default.
[WRN 20:30:50.716] HighlightingSystem : Framebuffer depth data is not available and can't be used to occlude highlighting. Highlighting occluders enabled.
[LOG 20:30:50.739] [UiApp] Awake: EngineersReport
[LOG 20:30:50.739] [UiApp] Awake: Contracts
[LOG 20:30:50.739] [UiApp] Awake: KSPedia
[LOG 20:30:50.740] [UiApp] Awake: Missions App
[LOG 20:30:50.740] [UiApp] Awake: DeltaVApp
[LOG 20:30:50.740] [UiApp] Awake: ActionGroupsApp
[LOG 20:30:50.740] [UiApp] Awake: AlarmClock
[LOG 20:30:50.740] [ApplicationLauncher] OnSceneLoadedGUIReady: scene EDITOR ShouldBeVisible() True ShouldBeOnTop() False iIsPositionedAtTop False
[LOG 20:30:50.772] [MessageSystem] Reposition 0.02 59083
[LOG 20:30:50.772] [GenericAppFrame] Reposition 0.02 59083
[LOG 20:30:50.772] [GenericAppFrame] Reposition 0.02 59083
[LOG 20:30:50.841] [UIApp] Adding AlarmClock to Application Launcher
[LOG 20:30:50.842] [UIApp] Adding ActionGroupsApp to Application Launcher
[LOG 20:30:50.843] [ApplicationLauncher] SetHidden: 
[LOG 20:30:50.844] [UIApp] Adding Missions App to Application Launcher
[LOG 20:30:50.845] [UIApp] Adding Contracts to Application Launcher
[LOG 20:30:50.846] [UIApp] Adding EngineersReport to Application Launcher
[LOG 20:30:50.870] [GenericAppFrame] Reposition 0.1062602 59089
[LOG 20:30:50.876] [ActionGroupsApp] OnAppStarted(): id: -633030
[LOG 20:30:50.876] [GenericAppFrame] Reposition 0.1062602 59089
[LOG 20:30:50.877] [UIApp] Adding DeltaVApp to Application Launcher
[LOG 20:30:50.878] [MissionsApp] OnAppStarted(): id: -633018
[LOG 20:30:50.878] MissionsApp does not execute in this game mode, destroying this instance
[LOG 20:30:50.878] [UIApp] OnDestroy: Missions App
[LOG 20:30:50.879] [GenericAppFrame] Reposition 0.1062602 59089
[LOG 20:30:50.881] [GenericAppFrame] Reposition 0.1062602 59089
[LOG 20:30:50.925] [GenericAppFrame] Reposition 0.1462602 59090
[LOG 20:30:50.943] [UIApp] Adding KSPedia to Application Launcher
[LOG 20:30:52.794] Saving Achievements Tree...
[LOG 20:30:52.794] [MessageSystem] Save Messages
[LOG 20:30:52.805] Game State Saved to saves/claude-carriere/persistent
[LOG 20:30:54.949] Launching vessel from LaunchPad. Craft file: D:\ksp-dev\saves\claude-carriere\Ships\VAB\Diag3-Rocket.craft
[LOG 20:30:54.949] Saving Achievements Tree...
[LOG 20:30:54.950] [MessageSystem] Save Messages
[LOG 20:30:54.961] Game State Saved to saves/claude-carriere/persistent
[LOG 20:30:54.969] [UIMasterController]: HideUI
[LOG 20:30:55.024] [HighLogic]: =========================== Scene Change : From EDITOR to FLIGHT =====================
[EXC 20:30:55.026] NullReferenceException: Object reference not set to an instance of an object
	KSPCommunityFixes.BlockMapViewPartClick.Part_UpdateMouseOver_Prefix () (at <62bb7f5420994f409a34377c091e8538>:0)
	(wrapper dynamic-method) Part.Part.UpdateMouseOver_Patch1(Part)
	Part.Update () (at <4b449f2841f84227adfaad3149c8fdba>:0)
	UnityEngine.DebugLogHandler:LogException(Exception, Object)
	ModuleManager.UnityLogHandle.InterceptLogHandler:LogException(Exception, Object)
	UnityEngine.Debug:CallOverridenDebugHandler(Exception, Object)
[EXC 20:30:55.027] NullReferenceException: Object reference not set to an instance of an object
	KSPCommunityFixes.BlockMapViewPartClick.Part_UpdateMouseOver_Prefix () (at <62bb7f5420994f409a34377c091e8538>:0)
	(wrapper dynamic-method) Part.Part.UpdateMouseOver_Patch1(Part)
	Part.Update () (at <4b449f2841f84227adfaad3149c8fdba>:0)
	UnityEngine.DebugLogHandler:LogException(Exception, Object)
	ModuleManager.UnityLogHandle.InterceptLogHandler:LogException(Exception, Object)
	UnityEngine.Debug:CallOverridenDebugHandler(Exception, Object)
[EXC 20:30:55.027] NullReferenceException: Object reference not set to an instance of an object
	KSPCommunityFixes.BlockMapViewPartClick.Part_UpdateMouseOver_Prefix () (at <62bb7f5420994f409a34377c091e8538>:0)
	(wrapper dynamic-method) Part.Part.UpdateMouseOver_Patch1(Part)
	Part.Update () (at <4b449f2841f84227adfaad3149c8fdba>:0)
	UnityEngine.DebugLogHandler:LogException(Exception, Object)
	ModuleManager.UnityLogHandle.InterceptLogHandler:LogException(Exception, Object)
	UnityEngine.Debug:CallOverridenDebugHandler(Exception, Object)
[EXC 20:30:55.028] NullReferenceException: Object reference not set to an instance of an object
	KSPCommunityFixes.BlockMapViewPartClick.Part_UpdateMouseOver_Prefix () (at <62bb7f5420994f409a34377c091e8538>:0)
	(wrapper dynamic-method) Part.Part.UpdateMouseOver_Patch1(Part)
	Part.Update () (at <4b449f2841f84227adfaad3149c8fdba>:0)
	UnityEngine.DebugLogHandler:LogException(Exception, Object)
	ModuleManager.UnityLogHandle.InterceptLogHandler:LogException(Exception, Object)
	UnityEngine.Debug:CallOverridenDebugHandler(Exception, Object)
[EXC 20:30:55.029] NullReferenceException: Object reference not set to an instance of an object
	KSPCommunityFixes.BlockMapViewPartClick.Part_UpdateMouseOver_Prefix () (at <62bb7f5420994f409a34377c091e8538>:0)
	(wrapper dynamic-method) Part.Part.UpdateMouseOver_Patch1(Part)
	Part.Update () (at <4b449f2841f84227adfaad3149c8fdba>:0)
	UnityEngine.DebugLogHandler:LogException(Exception, Object)
	ModuleManager.UnityLogHandle.InterceptLogHandler:LogException(Exception, Object)
	UnityEngine.Debug:CallOverridenDebugHandler(Exception, Object)
[EXC 20:30:55.029] NullReferenceException: Object reference not set to an instance of an object
	KSPCommunityFixes.BlockMapViewPartClick.Part_UpdateMouseOver_Prefix () (at <62bb7f5420994f409a34377c091e8538>:0)
	(wrapper dynamic-method) Part.Part.UpdateMouseOver_Patch1(Part)
	Part.Update () (at <4b449f2841f84227adfaad3149c8fdba>:0)
	UnityEngine.DebugLogHandler:LogException(Exception, Object)
	ModuleManager.UnityLogHandle.InterceptLogHandler:LogException(Exception, Object)
	UnityEngine.Debug:CallOverridenDebugHandler(Exception, Object)
[EXC 20:30:55.030] NullReferenceException: Object reference not set to an instance of an object
	KSPCommunityFixes.BlockMapViewPartClick.Part_UpdateMouseOver_Prefix () (at <62bb7f5420994f409a34377c091e8538>:0)
	(wrapper dynamic-method) Part.Part.UpdateMouseOver_Patch1(Part)
	Part.Update () (at <4b449f2841f84227adfaad3149c8fdba>:0)
	UnityEngine.DebugLogHandler:LogException(Exception, Object)
	ModuleManager.UnityLogHandle.InterceptLogHandler:LogException(Exception, Object)
	UnityEngine.Debug:CallOverridenDebugHandler(Exception, Object)
[EXC 20:30:55.031] NullReferenceException: Object reference not set to an instance of an object
	KSPCommunityFixes.BlockMapViewPartClick.Part_UpdateMouseOver_Prefix () (at <62bb7f5420994f409a34377c091e8538>:0)
	(wrapper dynamic-method) Part.Part.UpdateMouseOver_Patch1(Part)
	Part.Update () (at <4b449f2841f84227adfaad3149c8fdba>:0)
	UnityEngine.DebugLogHandler:LogException(Exception, Object)
	ModuleManager.UnityLogHandle.InterceptLogHandler:LogException(Exception, Object)
	UnityEngine.Debug:CallOverridenDebugHandler(Exception, Object)
[EXC 20:30:55.032] NullReferenceException: Object reference not set to an instance of an object
	KSPCommunityFixes.BlockMapViewPartClick.Part_UpdateMouseOver_Prefix () (at <62bb7f5420994f409a34377c091e8538>:0)
	(wrapper dynamic-method) Part.Part.UpdateMouseOver_Patch1(Part)
	Part.Update () (at <4b449f2841f84227adfaad3149c8fdba>:0)
	UnityEngine.DebugLogHandler:LogException(Exception, Object)
	ModuleManager.UnityLogHandle.InterceptLogHandler:LogException(Exception, Object)
	UnityEngine.Debug:CallOverridenDebugHandler(Exception, Object)
[LOG 20:30:55.263] [UIApp] OnDestroy: ActionGroupsApp
[LOG 20:30:55.264] [UIApp] OnDestroy: EngineersReport
[LOG 20:30:55.264] [UIApp] OnDestroy: Contracts
[LOG 20:30:55.265] [UIApp] OnDestroy: DeltaVApp
[LOG 20:30:55.265] [UIApp] OnDestroy: KSPedia
[LOG 20:30:55.265] [UIApp] OnDestroy: AlarmClock
[LOG 20:30:55.274] [KSPCF:MemoryLeaks] Removed a onPartActionUICreate callback owned by a destroyed Assembly-CSharp:ModuleInventoryPart instance
[LOG 20:30:55.274] [KSPCF:MemoryLeaks] Removed a onPartActionUICreate callback owned by a destroyed Assembly-CSharp:ModuleInventoryPart instance
[LOG 20:30:55.274] [KSPCF:MemoryLeaks] Removed a onPartActionUICreate callback owned by a destroyed Assembly-CSharp:ModuleInventoryPart instance
[LOG 20:30:55.274] [KSPCF:MemoryLeaks] Removed a onEditorScreenChange callback owned by a destroyed Assembly-CSharp:EditorLogic instance
[LOG 20:30:55.274] [KSPCF:MemoryLeaks] Removed a onEditorPartEvent callback owned by a destroyed Assembly-CSharp:ModuleInventoryPart instance
[LOG 20:30:55.275] [KSPCF:MemoryLeaks] Removed a onEditorPartEvent callback owned by a destroyed Assembly-CSharp:ModuleInventoryPart instance
[LOG 20:30:55.275] [KSPCF:MemoryLeaks] Removed a OnPartPurchased callback owned by a destroyed Assembly-CSharp:ModuleInventoryPart instance
[LOG 20:30:55.275] [KSPCF:MemoryLeaks] Removed a OnPartPurchased callback owned by a destroyed Assembly-CSharp:ModuleInventoryPart instance
[LOG 20:30:55.275] [KSPCF:MemoryLeaks] Removed a onModuleInventoryChanged callback owned by a destroyed Assembly-CSharp:ModuleInventoryPart instance
[LOG 20:30:55.275] [KSPCF:MemoryLeaks] Removed a onModuleInventoryChanged callback owned by a destroyed Assembly-CSharp:ModuleInventoryPart instance
[LOG 20:30:55.275] [KSPCF:MemoryLeaks] Removed a onModuleInventoryChanged callback owned by a destroyed Assembly-CSharp:ModuleInventoryPart instance
[LOG 20:30:55.275] [KSPCF:MemoryLeaks] A destroyed KSPCommunityFixes:EditorAnimatedPartsShipModified.ScalarModuleStopListener instance is owning a OnStop callback. No action has been taken, but unless this mod is relying on this pattern, this is likely a memory leak.
[LOG 20:30:55.275] [KSPCF:MemoryLeaks] A destroyed KSPCommunityFixes:EditorAnimatedPartsShipModified.ScalarModuleStopListener instance is owning a JettisonEnd callback. No action has been taken, but unless this mod is relying on this pattern, this is likely a memory leak.
[LOG 20:30:55.276] [KSPCF:MemoryLeaks] Leaving scene "Editor", cleaned 27 memory leaks in 0.003s. GameEvents callbacks : 476. Allocated memory : 1.079 GiB (managed heap), 2.079 GiB (unmanaged)
[LOG 20:30:55.287] UICanvasPrefabSpawner FlightUI spawning Flight
[LOG 20:30:55.312] UICanvasPrefabSpawner FlightUI spawning VesselLabels
[LOG 20:30:55.312] [UiApp] Awake: ResourceDisplay
[LOG 20:30:55.415] [AddonLoader]: Instantiating addon 'AeroGUI' from assembly 'KSP'
[LOG 20:30:55.427] [AddonLoader]: Instantiating addon 'KSPDiagColliders' from assembly 'KSPDiagColliders'
[LOG 20:30:55.428] [KSPDiagColliders] shader Hidden/Internal-Colored, depth test settable: True; display: colliders, hidden by what stands in front
[LOG 20:30:55.428] [PlanetariumCamera]: Focus: Kerbin
[LOG 20:30:55.428] [UIMasterController]: HideUI
[LOG 20:30:55.793] [UIMasterController]: HideUI
[LOG 20:30:55.793] ------------------- initializing flight mode... ------------------
[LOG 20:30:55.794] [SceneLoadSpeedBoost] Save loaded from cache in 0ms
[LOG 20:30:55.798] [MessageSystem] Save Messages
[LOG 20:30:55.799] Vessel Diag3-Rocket recovered
[LOG 20:30:55.799] GetSubclassesOfParentClass: Using cached results for AlarmTypeBase
[LOG 20:30:55.800] Loading Depletion Nodes
[LOG 20:30:55.800] DepNodeCount:  0
[LOG 20:30:55.800] Loading Biome Nodes
[LOG 20:30:55.800] BiomeNodeCount:  0
[LOG 20:30:55.800] Loading Planet Nodes
[LOG 20:30:55.800] PlanetNodeCount:  0
[LOG 20:30:55.802] [ScenarioDestructibles]: Loading... 0 objects registered
[LOG 20:30:55.803] [ScenarioUpgradeableFacilities]: Loading... 0 objects registered
[LOG 20:30:55.805] Loading ship from file: D:\ksp-dev\saves\claude-carriere\Ships\VAB\Diag3-Rocket.craft
[LOG 20:30:55.806] [UIMasterController]: HideUI
[LOG 20:30:55.821] Diag3-Rocket loaded!
[LOG 20:30:58.198] putting ship to ground: 11.36977
[LOG 20:30:58.200] [Diag3-Rocket]: Ready to Launch - waiting to start physics...
[LOG 20:30:58.202] Crewmember Valentina Kerman assigned to Capsule de commande Mk1, seat # 0 (crew seat index: 0)
[LOG 20:30:58.202] [FLIGHT GLOBALS]: Switching To Vessel Diag3-Rocket ---------------------- 
[LOG 20:30:58.202] setting new dominant body: Kerbin
FlightGlobals.mainBody: Kerbin
[LOG 20:30:58.203] Reference Frame: Rotating
[LOG 20:30:58.213] Vessel assembly complete!
[LOG 20:31:01.226] all systems started
[LOG 20:31:01.301] [KSPDiagColliders] body Kerbin, colliders drawn within 300 m of the active vessel
[LOG 20:31:01.321] [KSPDiagColliders] collider localSpace/Kerbin/Kerbin/KSC/SpaceCenter/LaunchPad/Facility/LP_lev2/bunker (MeshCollider, on, layer 15), centre 44 m from the active vessel
[LOG 20:31:01.322] [KSPDiagColliders] collider localSpace/Kerbin/Kerbin/KSC/SpaceCenter/LaunchPad/Facility/LP_lev2/LP_lev2/collider (MeshCollider, on, layer 15), centre 7 m from the active vessel
[LOG 20:31:01.323] [KSPDiagColliders] collider localSpace/Kerbin/Kerbin/KSC/SpaceCenter/LaunchPad/Facility/Flag/flagPole_lev1/model01/Pole (CapsuleCollider, on, layer 15), centre 74 m from the active vessel
[LOG 20:31:01.324] [KSPDiagColliders] collider localSpace/Kerbin/Kerbin/KSC/SpaceCenter/LaunchPad/Facility/Flag/flagPole_lev1/model01/WaterBase (MeshCollider, on, layer 15), centre 74 m from the active vessel
[LOG 20:31:01.342] [KSPDiagColliders] collider localSpace/Kerbin/Kerbin/KSC/SpaceCenter/Runway/Facility/runway_lev1_v2 (MeshCollider, on, layer 15), centre 730 m from the active vessel
[LOG 20:31:01.342] [KSPDiagColliders] collider localSpace/Kerbin/Kerbin/KSC/SpaceCenter/Crawlerway/Facility/crawler_level2 (MeshCollider, on, layer 15), centre 326 m from the active vessel
[LOG 20:31:01.342] [KSPDiagColliders] drawn within 300 m: 2 ground quad(s), 6 collider(s) of statics on, 0 switched off
[LOG 20:31:01.399] [UiApp] Awake: CurrencyWidgetsApp
[LOG 20:31:01.399] [UiApp] Awake: Contracts
[LOG 20:31:01.399] [UiApp] Awake: ResourceDisplay
[LOG 20:31:01.399] [UiApp] Awake: KSPedia
[LOG 20:31:01.399] [UiApp] Awake: Missions App
[LOG 20:31:01.399] [UiApp] Awake: DeltaVApp
[LOG 20:31:01.399] [UiApp] Awake: ActionGroupsApp
[LOG 20:31:01.399] [UiApp] Awake: Construction
[LOG 20:31:01.400] [UiApp] Awake: Cargo
[LOG 20:31:01.400] [UiApp] Awake: AlarmClock
[LOG 20:31:01.400] [UiApp] Awake: ManeuverTool
[LOG 20:31:01.400] [ApplicationLauncher] OnSceneLoadedGUIReady: scene FLIGHT ShouldBeVisible() True ShouldBeOnTop() True iIsPositionedAtTop False
[LOG 20:31:01.400] [ApplicationLauncher] SpawnSimpleLayout: VerticalTopDown
[LOG 20:31:01.404] [KnowledgeBase] OnAppLauncherReady 59577
[LOG 20:31:01.434] [FlightIntegrator]: Reloaded drag cube for zeroed cube root part mk1pod.v2 on vessel Diag3-Rocket
[LOG 20:31:01.435] [FlightIntegrator]: Vessel Diag3-Rocket has been unloaded 1.79769313486232E+308, applying analytic temperature 310.082814590405
[LOG 20:31:01.436] [MessageSystem] Reposition 0.02 59578
[LOG 20:31:01.436] [GenericAppFrame] Reposition 0.02 59578
[LOG 20:31:01.436] [GenericAppFrame] Reposition 0.02 59578
[LOG 20:31:01.534] [PlanetariumCamera]: Focus: Diag3-Rocket
[LOG 20:31:01.552] [UIApp] Adding ResourceDisplay to Application Launcher
[LOG 20:31:01.554] [UIApp] Adding ResourceDisplay to Application Launcher
[LOG 20:31:01.562] [ResourceDisplay] OnAppStarted(): id: -669638
[LOG 20:31:01.563] [GenericAppFrame] Reposition 0.1102988 59582
[LOG 20:31:01.563] [ResourceDisplay] OnAppStarted(): id: 295614
[LOG 20:31:01.564] ResourceDisplay already exist, destroying this instance
[LOG 20:31:01.564] [UIApp] OnDestroy: ResourceDisplay
[LOG 20:31:01.578] [UIApp] Adding AlarmClock to Application Launcher
[LOG 20:31:01.579] [UIApp] Adding ActionGroupsApp to Application Launcher
[LOG 20:31:01.580] [ApplicationLauncher] SetHidden: 
[LOG 20:31:01.581] [UIApp] Adding Missions App to Application Launcher
[LOG 20:31:01.582] [UIApp] Adding Contracts to Application Launcher
[LOG 20:31:01.583] CURRENCY WIDGET True True True
[LOG 20:31:01.583] [UIApp] Adding CurrencyWidgetsApp to Application Launcher
[LOG 20:31:01.607] [GenericAppFrame] Reposition 0.1393332 59584
[LOG 20:31:01.613] [ActionGroupsApp] OnAppStarted(): id: -669662
[LOG 20:31:01.614] [GenericAppFrame] Reposition 0.1393332 59584
[LOG 20:31:01.614] [UIApp] Adding DeltaVApp to Application Launcher
[LOG 20:31:01.615] [MissionsApp] OnAppStarted(): id: -669650
[LOG 20:31:01.616] MissionsApp does not execute in this game mode, destroying this instance
[LOG 20:31:01.616] [UIApp] OnDestroy: Missions App
[LOG 20:31:01.616] [GenericAppFrame] Reposition 0.1393332 59584
[LOG 20:31:01.633] [GenericAppFrame] Reposition 0.1763644 59585
[LOG 20:31:01.644] [UIApp] Adding Cargo to Application Launcher
[LOG 20:31:01.646] [UIApp] Adding Construction to Application Launcher
[LOG 20:31:01.647] [UIApp] Adding KSPedia to Application Launcher
[LOG 20:31:01.658] [ApplicationLauncher] SetHidden: 
[LOG 20:31:01.700] Flight State Captured
[WRN 20:31:01.700] [ProtoCrewMember Warning]: Crewmember Jebediah Kerman found assigned but no vessels reference him. Jebediah Kerman set as missing.
[LOG 20:31:01.700] Saving Achievements Tree...
[LOG 20:31:01.700] [MessageSystem] Save Messages
[LOG 20:31:01.713] Game State Saved as persistent
[LOG 20:31:02.452] [Diag3-Rocket]: ground contact! - error. Moving Vessel  down -0.194m
[LOG 20:31:02.452] Unpacking Diag3-Rocket
[LOG 20:31:02.458] [UIMasterController]: ShowUI
[LOG 20:31:12.503] [KSPDiagColliders] under 'Diag3-Rocket' PRELAUNCH lat=-0.097178 lon=-74.557687: [collider (LP_lev2) 2700.798 mm, active=True] [Kerbin Zn1232223323 (PQStorage) -190.401 mm, active=True]
[LOG 20:31:12.513] [FlightDriver]: Flight State Reverted to Prelaunch.
[LOG 20:31:12.525] Game State Saved as persistent
[LOG 20:31:12.525] [MessageSystem] Load Messages
[LOG 20:31:12.527] [UIMasterController]: HideUI
[LOG 20:31:12.534] [HighLogic]: =========================== Scene Change : From FLIGHT to EDITOR =====================
[LOG 20:31:12.871] [UIApp] OnDestroy: ResourceDisplay
[LOG 20:31:12.872] KbApp.OnDestroy Planet Resources
[LOG 20:31:12.872] [UIApp] OnDestroy: ManeuverTool
[LOG 20:31:12.872] KbApp.OnDestroy Vessel Crew
[LOG 20:31:12.873] [UIApp] OnDestroy: Cargo
[LOG 20:31:12.873] KbApp.OnDestroy Planet Parameters
[LOG 20:31:12.873] [UIApp] OnDestroy: Construction
[LOG 20:31:12.873] [UIApp] OnDestroy: AlarmClock
[LOG 20:31:12.873] [UIApp] OnDestroy: CurrencyWidgetsApp
[LOG 20:31:12.873] [UIApp] OnDestroy: KSPedia
[LOG 20:31:12.873] [UIApp] OnDestroy: DeltaVApp
[LOG 20:31:12.874] [UIApp] OnDestroy: ActionGroupsApp
[LOG 20:31:12.874] KbApp.OnDestroy Vessel Info
[LOG 20:31:12.874] KbApp.OnDestroy NullName
[LOG 20:31:12.874] [UIApp] OnDestroy: Contracts
[LOG 20:31:12.874] KbApp.OnDestroy Planet Info
[LOG 20:31:12.874] KbApp.OnDestroy Unowned Info
[LOG 20:31:12.876] [KSPCF:MemoryLeaks] Removed a OnMapExited callback owned by a destroyed Assembly-CSharp:NavBallToggle instance
[LOG 20:31:12.876] [KSPCF:MemoryLeaks] Removed a OnGameSettingsApplied callback owned by a destroyed Assembly-CSharp:VesselAutopilotUI instance
[LOG 20:31:12.876] [KSPCF:MemoryLeaks] Removed a onPartActionUICreate callback owned by a destroyed Assembly-CSharp:ModuleInventoryPart instance
[LOG 20:31:12.877] [KSPCF:MemoryLeaks] Removed a onModuleInventoryChanged callback owned by a destroyed Assembly-CSharp:ModuleInventoryPart instance
[LOG 20:31:12.877] [KSPCF:MemoryLeaks] Removed a OnEVAConstructionMode callback owned by a destroyed Assembly-CSharp:ModuleCargoPart instance
[LOG 20:31:12.877] [KSPCF:MemoryLeaks] Removed a OnEVAConstructionMode callback owned by a destroyed Assembly-CSharp:ModuleCargoPart instance
[LOG 20:31:12.877] [KSPCF:MemoryLeaks] Removed a OnEVAConstructionMode callback owned by a destroyed Assembly-CSharp:ModuleCargoPart instance
[LOG 20:31:12.877] [KSPCF:MemoryLeaks] Removed a OnEVAConstructionMode callback owned by a destroyed Assembly-CSharp:ModuleCargoPart instance
[LOG 20:31:12.877] [KSPCF:MemoryLeaks] Removed a OnEVAConstructionMode callback owned by a destroyed Assembly-CSharp:ModuleCargoPart instance
[LOG 20:31:12.877] [KSPCF:MemoryLeaks] Removed a OnEVAConstructionMode callback owned by a destroyed Assembly-CSharp:ModuleCargoPart instance
[LOG 20:31:12.877] [KSPCF:MemoryLeaks] Removed a OnEVAConstructionMode callback owned by a destroyed Assembly-CSharp:ModuleCargoPart instance
[LOG 20:31:12.877] [KSPCF:MemoryLeaks] Removed a OnEVAConstructionMode callback owned by a destroyed Assembly-CSharp:ModuleCargoPart instance
[LOG 20:31:12.877] [KSPCF:MemoryLeaks] Removed a OnEVAConstructionMode callback owned by a destroyed Assembly-CSharp:ModuleCargoPart instance
[LOG 20:31:12.877] [KSPCF:MemoryLeaks] Removed a OnEVAConstructionMode callback owned by a destroyed Assembly-CSharp:ModuleCargoPart instance
[LOG 20:31:12.877] [KSPCF:MemoryLeaks] Removed a OnEVAConstructionMode callback owned by a destroyed Assembly-CSharp:ModuleCargoPart instance
[LOG 20:31:12.878] [KSPCF:MemoryLeaks] Removed a OnEVAConstructionMode callback owned by a destroyed Assembly-CSharp:ModuleCargoPart instance
[LOG 20:31:12.878] [KSPCF:MemoryLeaks] Removed a OnEVAConstructionMode callback owned by a destroyed Assembly-CSharp:ModuleCargoPart instance
[LOG 20:31:12.878] [KSPCF:MemoryLeaks] Removed a OnEVAConstructionMode callback owned by a destroyed Assembly-CSharp:ModuleCargoPart instance
[LOG 20:31:12.878] [KSPCF:MemoryLeaks] Removed a OnEVAConstructionMode callback owned by a destroyed Assembly-CSharp:ModuleCargoPart instance
[LOG 20:31:12.878] [KSPCF:MemoryLeaks] Removed a OnEVAConstructionMode callback owned by a destroyed Assembly-CSharp:ModuleCargoPart instance
[LOG 20:31:12.878] [KSPCF:MemoryLeaks] Removed a OnEVAConstructionMode callback owned by a destroyed Assembly-CSharp:ModuleCargoPart instance
[LOG 20:31:12.878] [KSPCF:MemoryLeaks] Removed a OnEVAConstructionMode callback owned by a destroyed Assembly-CSharp:ModuleCargoPart instance
[LOG 20:31:12.878] [KSPCF:MemoryLeaks] Removed a TimingManager.Instance.timing5.onLateUpdate callback owned by a destroyed Assembly-CSharp:MapView instance
[LOG 20:31:12.878] [KSPCF:MemoryLeaks] Leaving scene "Flight", cleaned 71 memory leaks in 0.003s. GameEvents callbacks : 370. Allocated memory : 1.126 GiB (managed heap), 2.198 GiB (unmanaged)
[LOG 20:31:12.889] UICanvasPrefabSpawner SceneLogic spawning Editor
[LOG 20:31:12.911] Aucun verrouillage commandes en cours
[LOG 20:31:13.047] [UIMasterController]: ShowUI
[LOG 20:31:13.553] [UIMasterController]: ShowUI
[LOG 20:31:13.702] [UIMasterController]: ShowUI
[LOG 20:31:13.713] ------------------- initializing editor mode... ------------------
[LOG 20:31:13.713] editor started
[LOG 20:31:13.716] [SceneLoadSpeedBoost] Save loaded from disk in 3ms
[LOG 20:31:13.719] GetSubclassesOfParentClass: Using cached results for AlarmTypeBase
[LOG 20:31:13.720] Loading Depletion Nodes
[LOG 20:31:13.720] DepNodeCount:  0
[LOG 20:31:13.720] Loading Biome Nodes
[LOG 20:31:13.720] BiomeNodeCount:  0
[LOG 20:31:13.720] Loading Planet Nodes
[LOG 20:31:13.720] PlanetNodeCount:  0
[LOG 20:31:13.722] [ScenarioDestructibles]: Loading... 0 objects registered
[LOG 20:31:13.723] [ScenarioUpgradeableFacilities]: Loading... 0 objects registered
[LOG 20:31:13.845] Diag3-Rocket loaded!
[LOG 20:31:13.854] Saving Achievements Tree...
[LOG 20:31:13.854] [MessageSystem] Save Messages
[LOG 20:31:13.866] Game State Saved to saves/claude-carriere/persistent
[WRN 20:31:13.937] HighlightingSystem : Framebuffer depth data is not available and can't be used to occlude highlighting. Highlighting occluders enabled.
[LOG 20:31:13.948] [UiApp] Awake: EngineersReport
[LOG 20:31:13.948] [UiApp] Awake: Contracts
[LOG 20:31:13.948] [UiApp] Awake: KSPedia
[LOG 20:31:13.948] [UiApp] Awake: Missions App
[LOG 20:31:13.948] [UiApp] Awake: DeltaVApp
[LOG 20:31:13.949] [UiApp] Awake: ActionGroupsApp
[LOG 20:31:13.949] [UiApp] Awake: AlarmClock
[LOG 20:31:13.949] [ApplicationLauncher] OnSceneLoadedGUIReady: scene EDITOR ShouldBeVisible() True ShouldBeOnTop() False iIsPositionedAtTop True
[LOG 20:31:13.949] [ApplicationLauncher] SpawnSimpleLayout: HorizontalRightLeft
[LOG 20:31:13.983] [MessageSystem] Reposition 0.02 60923
[LOG 20:31:13.983] [GenericAppFrame] Reposition 0.02 60923
[LOG 20:31:13.983] [GenericAppFrame] Reposition 0.02 60923
[LOG 20:31:14.038] [UIApp] Adding AlarmClock to Application Launcher
[LOG 20:31:14.040] [UIApp] Adding ActionGroupsApp to Application Launcher
[LOG 20:31:14.041] [ApplicationLauncher] SetHidden: 
[LOG 20:31:14.041] [UIApp] Adding Missions App to Application Launcher
[LOG 20:31:14.042] [UIApp] Adding Contracts to Application Launcher
[LOG 20:31:14.043] [UIApp] Adding EngineersReport to Application Launcher
[LOG 20:31:14.067] [GenericAppFrame] Reposition 0.0919856 60929
[LOG 20:31:14.072] [ActionGroupsApp] OnAppStarted(): id: -706642
[LOG 20:31:14.073] [GenericAppFrame] Reposition 0.0919856 60929
[LOG 20:31:14.073] [UIApp] Adding DeltaVApp to Application Launcher
[LOG 20:31:14.074] [MissionsApp] OnAppStarted(): id: -706630
[LOG 20:31:14.074] MissionsApp does not execute in this game mode, destroying this instance
[LOG 20:31:14.075] [UIApp] OnDestroy: Missions App
[LOG 20:31:14.075] [GenericAppFrame] Reposition 0.0919856 60929
[LOG 20:31:14.076] [GenericAppFrame] Reposition 0.0919856 60929
[LOG 20:31:14.108] [GenericAppFrame] Reposition 0.1319856 60930
[LOG 20:31:14.125] [UIApp] Adding KSPedia to Application Launcher
[LOG 20:31:17.124] Launching vessel from LaunchPad. Craft file: D:\ksp-dev\saves\claude-carriere\Ships\VAB\Diag3-Rocket.craft
[LOG 20:31:17.124] Saving Achievements Tree...
[LOG 20:31:17.124] [MessageSystem] Save Messages
[LOG 20:31:17.137] Game State Saved to saves/claude-carriere/persistent
[LOG 20:31:17.145] [UIMasterController]: HideUI
[LOG 20:31:17.209] [HighLogic]: =========================== Scene Change : From EDITOR to FLIGHT =====================
[EXC 20:31:17.210] NullReferenceException: Object reference not set to an instance of an object
	KSPCommunityFixes.BlockMapViewPartClick.Part_UpdateMouseOver_Prefix () (at <62bb7f5420994f409a34377c091e8538>:0)
	(wrapper dynamic-method) Part.Part.UpdateMouseOver_Patch1(Part)
	Part.Update () (at <4b449f2841f84227adfaad3149c8fdba>:0)
	UnityEngine.DebugLogHandler:LogException(Exception, Object)
	ModuleManager.UnityLogHandle.InterceptLogHandler:LogException(Exception, Object)
	UnityEngine.Debug:CallOverridenDebugHandler(Exception, Object)
[EXC 20:31:17.211] NullReferenceException: Object reference not set to an instance of an object
	KSPCommunityFixes.BlockMapViewPartClick.Part_UpdateMouseOver_Prefix () (at <62bb7f5420994f409a34377c091e8538>:0)
	(wrapper dynamic-method) Part.Part.UpdateMouseOver_Patch1(Part)
	Part.Update () (at <4b449f2841f84227adfaad3149c8fdba>:0)
	UnityEngine.DebugLogHandler:LogException(Exception, Object)
	ModuleManager.UnityLogHandle.InterceptLogHandler:LogException(Exception, Object)
	UnityEngine.Debug:CallOverridenDebugHandler(Exception, Object)
[EXC 20:31:17.211] NullReferenceException: Object reference not set to an instance of an object
	KSPCommunityFixes.BlockMapViewPartClick.Part_UpdateMouseOver_Prefix () (at <62bb7f5420994f409a34377c091e8538>:0)
	(wrapper dynamic-method) Part.Part.UpdateMouseOver_Patch1(Part)
	Part.Update () (at <4b449f2841f84227adfaad3149c8fdba>:0)
	UnityEngine.DebugLogHandler:LogException(Exception, Object)
	ModuleManager.UnityLogHandle.InterceptLogHandler:LogException(Exception, Object)
	UnityEngine.Debug:CallOverridenDebugHandler(Exception, Object)
[EXC 20:31:17.212] NullReferenceException: Object reference not set to an instance of an object
	KSPCommunityFixes.BlockMapViewPartClick.Part_UpdateMouseOver_Prefix () (at <62bb7f5420994f409a34377c091e8538>:0)
	(wrapper dynamic-method) Part.Part.UpdateMouseOver_Patch1(Part)
	Part.Update () (at <4b449f2841f84227adfaad3149c8fdba>:0)
	UnityEngine.DebugLogHandler:LogException(Exception, Object)
	ModuleManager.UnityLogHandle.InterceptLogHandler:LogException(Exception, Object)
	UnityEngine.Debug:CallOverridenDebugHandler(Exception, Object)
[EXC 20:31:17.213] NullReferenceException: Object reference not set to an instance of an object
	KSPCommunityFixes.BlockMapViewPartClick.Part_UpdateMouseOver_Prefix () (at <62bb7f5420994f409a34377c091e8538>:0)
	(wrapper dynamic-method) Part.Part.UpdateMouseOver_Patch1(Part)
	Part.Update () (at <4b449f2841f84227adfaad3149c8fdba>:0)
	UnityEngine.DebugLogHandler:LogException(Exception, Object)
	ModuleManager.UnityLogHandle.InterceptLogHandler:LogException(Exception, Object)
	UnityEngine.Debug:CallOverridenDebugHandler(Exception, Object)
[EXC 20:31:17.214] NullReferenceException: Object reference not set to an instance of an object
	KSPCommunityFixes.BlockMapViewPartClick.Part_UpdateMouseOver_Prefix () (at <62bb7f5420994f409a34377c091e8538>:0)
	(wrapper dynamic-method) Part.Part.UpdateMouseOver_Patch1(Part)
	Part.Update () (at <4b449f2841f84227adfaad3149c8fdba>:0)
	UnityEngine.DebugLogHandler:LogException(Exception, Object)
	ModuleManager.UnityLogHandle.InterceptLogHandler:LogException(Exception, Object)
	UnityEngine.Debug:CallOverridenDebugHandler(Exception, Object)
[EXC 20:31:17.215] NullReferenceException: Object reference not set to an instance of an object
	KSPCommunityFixes.BlockMapViewPartClick.Part_UpdateMouseOver_Prefix () (at <62bb7f5420994f409a34377c091e8538>:0)
	(wrapper dynamic-method) Part.Part.UpdateMouseOver_Patch1(Part)
	Part.Update () (at <4b449f2841f84227adfaad3149c8fdba>:0)
	UnityEngine.DebugLogHandler:LogException(Exception, Object)
	ModuleManager.UnityLogHandle.InterceptLogHandler:LogException(Exception, Object)
	UnityEngine.Debug:CallOverridenDebugHandler(Exception, Object)
[EXC 20:31:17.216] NullReferenceException: Object reference not set to an instance of an object
	KSPCommunityFixes.BlockMapViewPartClick.Part_UpdateMouseOver_Prefix () (at <62bb7f5420994f409a34377c091e8538>:0)
	(wrapper dynamic-method) Part.Part.UpdateMouseOver_Patch1(Part)
	Part.Update () (at <4b449f2841f84227adfaad3149c8fdba>:0)
	UnityEngine.DebugLogHandler:LogException(Exception, Object)
	ModuleManager.UnityLogHandle.InterceptLogHandler:LogException(Exception, Object)
	UnityEngine.Debug:CallOverridenDebugHandler(Exception, Object)
[EXC 20:31:17.216] NullReferenceException: Object reference not set to an instance of an object
	KSPCommunityFixes.BlockMapViewPartClick.Part_UpdateMouseOver_Prefix () (at <62bb7f5420994f409a34377c091e8538>:0)
	(wrapper dynamic-method) Part.Part.UpdateMouseOver_Patch1(Part)
	Part.Update () (at <4b449f2841f84227adfaad3149c8fdba>:0)
	UnityEngine.DebugLogHandler:LogException(Exception, Object)
	ModuleManager.UnityLogHandle.InterceptLogHandler:LogException(Exception, Object)
	UnityEngine.Debug:CallOverridenDebugHandler(Exception, Object)
[LOG 20:31:17.428] [UIApp] OnDestroy: ActionGroupsApp
[LOG 20:31:17.433] [UIApp] OnDestroy: DeltaVApp
[LOG 20:31:17.434] [UIApp] OnDestroy: AlarmClock
[LOG 20:31:17.434] [UIApp] OnDestroy: KSPedia
[LOG 20:31:17.434] [UIApp] OnDestroy: Contracts
[LOG 20:31:17.434] [UIApp] OnDestroy: EngineersReport
[LOG 20:31:17.437] [KSPCF:MemoryLeaks] Removed a onPartActionUICreate callback owned by a destroyed Assembly-CSharp:ModuleInventoryPart instance
[LOG 20:31:17.437] [KSPCF:MemoryLeaks] Removed a onPartActionUICreate callback owned by a destroyed Assembly-CSharp:ModuleInventoryPart instance
[LOG 20:31:17.437] [KSPCF:MemoryLeaks] Removed a onEditorScreenChange callback owned by a destroyed Assembly-CSharp:EditorLogic instance
[LOG 20:31:17.437] [KSPCF:MemoryLeaks] Removed a onEditorPartEvent callback owned by a destroyed Assembly-CSharp:ModuleInventoryPart instance
[LOG 20:31:17.437] [KSPCF:MemoryLeaks] Removed a OnPartPurchased callback owned by a destroyed Assembly-CSharp:ModuleInventoryPart instance
[LOG 20:31:17.437] [KSPCF:MemoryLeaks] Removed a onModuleInventoryChanged callback owned by a destroyed Assembly-CSharp:ModuleInventoryPart instance
[LOG 20:31:17.437] [KSPCF:MemoryLeaks] Removed a onModuleInventoryChanged callback owned by a destroyed Assembly-CSharp:ModuleInventoryPart instance
[LOG 20:31:17.438] [KSPCF:MemoryLeaks] A destroyed KSPCommunityFixes:EditorAnimatedPartsShipModified.ScalarModuleStopListener instance is owning a OnStop callback. No action has been taken, but unless this mod is relying on this pattern, this is likely a memory leak.
[LOG 20:31:17.438] [KSPCF:MemoryLeaks] A destroyed KSPCommunityFixes:EditorAnimatedPartsShipModified.ScalarModuleStopListener instance is owning a JettisonEnd callback. No action has been taken, but unless this mod is relying on this pattern, this is likely a memory leak.
[LOG 20:31:17.438] [KSPCF:MemoryLeaks] Leaving scene "Editor", cleaned 23 memory leaks in 0.002s. GameEvents callbacks : 475. Allocated memory : 1.085 GiB (managed heap), 2.081 GiB (unmanaged)
[LOG 20:31:17.451] UICanvasPrefabSpawner FlightUI spawning Flight
[LOG 20:31:17.475] UICanvasPrefabSpawner FlightUI spawning VesselLabels
[LOG 20:31:17.475] [UiApp] Awake: ResourceDisplay
[LOG 20:31:17.585] [AddonLoader]: Instantiating addon 'AeroGUI' from assembly 'KSP'
[LOG 20:31:17.600] [AddonLoader]: Instantiating addon 'KSPDiagColliders' from assembly 'KSPDiagColliders'
[LOG 20:31:17.600] [KSPDiagColliders] shader Hidden/Internal-Colored, depth test settable: True; display: colliders, hidden by what stands in front
[LOG 20:31:17.600] [PlanetariumCamera]: Focus: Kerbin
[LOG 20:31:17.601] [UIMasterController]: HideUI
[LOG 20:31:17.979] [UIMasterController]: HideUI
[LOG 20:31:17.979] ------------------- initializing flight mode... ------------------
[LOG 20:31:17.979] [SceneLoadSpeedBoost] Save loaded from cache in 0ms
[LOG 20:31:17.983] [MessageSystem] Save Messages
[LOG 20:31:17.983] Vessel Diag3-Rocket recovered
[LOG 20:31:17.984] GetSubclassesOfParentClass: Using cached results for AlarmTypeBase
[LOG 20:31:17.985] Loading Depletion Nodes
[LOG 20:31:17.985] DepNodeCount:  0
[LOG 20:31:17.985] Loading Biome Nodes
[LOG 20:31:17.985] BiomeNodeCount:  0
[LOG 20:31:17.985] Loading Planet Nodes
[LOG 20:31:17.985] PlanetNodeCount:  0
[LOG 20:31:17.987] [ScenarioDestructibles]: Loading... 0 objects registered
[LOG 20:31:17.988] [ScenarioUpgradeableFacilities]: Loading... 0 objects registered
[LOG 20:31:17.990] Loading ship from file: D:\ksp-dev\saves\claude-carriere\Ships\VAB\Diag3-Rocket.craft
[LOG 20:31:17.990] [UIMasterController]: HideUI
[LOG 20:31:18.006] Diag3-Rocket loaded!
[LOG 20:31:20.314] putting ship to ground: 11.36977
[LOG 20:31:20.316] [Diag3-Rocket]: Ready to Launch - waiting to start physics...
[LOG 20:31:20.318] Crewmember Valentina Kerman assigned to Capsule de commande Mk1, seat # 0 (crew seat index: 0)
[LOG 20:31:20.318] [FLIGHT GLOBALS]: Switching To Vessel Diag3-Rocket ---------------------- 
[LOG 20:31:20.318] setting new dominant body: Kerbin
FlightGlobals.mainBody: Kerbin
[LOG 20:31:20.318] Reference Frame: Rotating
[LOG 20:31:20.325] Vessel assembly complete!
[LOG 20:31:23.374] all systems started
[LOG 20:31:23.456] [KSPDiagColliders] body Kerbin, colliders drawn within 300 m of the active vessel
[LOG 20:31:23.475] [KSPDiagColliders] collider localSpace/Kerbin/Kerbin/KSC/SpaceCenter/LaunchPad/Facility/LP_lev2/bunker (MeshCollider, on, layer 15), centre 44 m from the active vessel
[LOG 20:31:23.476] [KSPDiagColliders] collider localSpace/Kerbin/Kerbin/KSC/SpaceCenter/LaunchPad/Facility/LP_lev2/LP_lev2/collider (MeshCollider, on, layer 15), centre 7 m from the active vessel
[LOG 20:31:23.476] [KSPDiagColliders] collider localSpace/Kerbin/Kerbin/KSC/SpaceCenter/LaunchPad/Facility/Flag/flagPole_lev1/model01/Pole (CapsuleCollider, on, layer 15), centre 74 m from the active vessel
[LOG 20:31:23.478] [KSPDiagColliders] collider localSpace/Kerbin/Kerbin/KSC/SpaceCenter/LaunchPad/Facility/Flag/flagPole_lev1/model01/WaterBase (MeshCollider, on, layer 15), centre 74 m from the active vessel
[LOG 20:31:23.496] [KSPDiagColliders] collider localSpace/Kerbin/Kerbin/KSC/SpaceCenter/Runway/Facility/runway_lev1_v2 (MeshCollider, on, layer 15), centre 730 m from the active vessel
[LOG 20:31:23.496] [KSPDiagColliders] collider localSpace/Kerbin/Kerbin/KSC/SpaceCenter/Crawlerway/Facility/crawler_level2 (MeshCollider, on, layer 15), centre 326 m from the active vessel
[LOG 20:31:23.497] [KSPDiagColliders] drawn within 300 m: 2 ground quad(s), 6 collider(s) of statics on, 0 switched off
[LOG 20:31:23.562] [UiApp] Awake: CurrencyWidgetsApp
[LOG 20:31:23.563] [UiApp] Awake: Contracts
[LOG 20:31:23.563] [UiApp] Awake: ResourceDisplay
[LOG 20:31:23.563] [UiApp] Awake: KSPedia
[LOG 20:31:23.563] [UiApp] Awake: Missions App
[LOG 20:31:23.563] [UiApp] Awake: DeltaVApp
[LOG 20:31:23.563] [UiApp] Awake: ActionGroupsApp
[LOG 20:31:23.563] [UiApp] Awake: Construction
[LOG 20:31:23.563] [UiApp] Awake: Cargo
[LOG 20:31:23.563] [UiApp] Awake: AlarmClock
[LOG 20:31:23.563] [UiApp] Awake: ManeuverTool
[LOG 20:31:23.563] [ApplicationLauncher] OnSceneLoadedGUIReady: scene FLIGHT ShouldBeVisible() True ShouldBeOnTop() True iIsPositionedAtTop False
[LOG 20:31:23.563] [ApplicationLauncher] SpawnSimpleLayout: VerticalTopDown
[LOG 20:31:23.567] [KnowledgeBase] OnAppLauncherReady 61309
[LOG 20:31:23.595] [FlightIntegrator]: Reloaded drag cube for zeroed cube root part mk1pod.v2 on vessel Diag3-Rocket
[LOG 20:31:23.595] [FlightIntegrator]: Vessel Diag3-Rocket has been unloaded 1.79769313486232E+308, applying analytic temperature 310.080060177708
[LOG 20:31:23.596] [MessageSystem] Reposition 0.02 61310
[LOG 20:31:23.596] [GenericAppFrame] Reposition 0.02 61310
[LOG 20:31:23.596] [GenericAppFrame] Reposition 0.02 61310
[LOG 20:31:23.689] [PlanetariumCamera]: Focus: Diag3-Rocket
[LOG 20:31:23.708] [UIApp] Adding ResourceDisplay to Application Launcher
[LOG 20:31:23.709] [UIApp] Adding ResourceDisplay to Application Launcher
[LOG 20:31:23.719] [ResourceDisplay] OnAppStarted(): id: -744126
[LOG 20:31:23.720] [GenericAppFrame] Reposition 0.1128241 61314
[LOG 20:31:23.721] [ResourceDisplay] OnAppStarted(): id: 321264
[LOG 20:31:23.721] ResourceDisplay already exist, destroying this instance
[LOG 20:31:23.721] [UIApp] OnDestroy: ResourceDisplay
[LOG 20:31:23.736] [UIApp] Adding AlarmClock to Application Launcher
[LOG 20:31:23.737] [UIApp] Adding ActionGroupsApp to Application Launcher
[LOG 20:31:23.738] [ApplicationLauncher] SetHidden: 
[LOG 20:31:23.739] [UIApp] Adding Missions App to Application Launcher
[LOG 20:31:23.740] [UIApp] Adding Contracts to Application Launcher
[LOG 20:31:23.741] CURRENCY WIDGET True True True
[LOG 20:31:23.741] [UIApp] Adding CurrencyWidgetsApp to Application Launcher
[LOG 20:31:23.767] [GenericAppFrame] Reposition 0.1441066 61316
[LOG 20:31:23.773] [ActionGroupsApp] OnAppStarted(): id: -744150
[LOG 20:31:23.773] [GenericAppFrame] Reposition 0.1441066 61316
[LOG 20:31:23.774] [UIApp] Adding DeltaVApp to Application Launcher
[LOG 20:31:23.776] [MissionsApp] OnAppStarted(): id: -744138
[LOG 20:31:23.776] MissionsApp does not execute in this game mode, destroying this instance
[LOG 20:31:23.776] [UIApp] OnDestroy: Missions App
[LOG 20:31:23.777] [GenericAppFrame] Reposition 0.1441066 61316
[LOG 20:31:23.792] [GenericAppFrame] Reposition 0.1810346 61317
[LOG 20:31:23.803] [UIApp] Adding Cargo to Application Launcher
[LOG 20:31:23.805] [UIApp] Adding Construction to Application Launcher
[LOG 20:31:23.806] [UIApp] Adding KSPedia to Application Launcher
[LOG 20:31:23.817] [ApplicationLauncher] SetHidden: 
[LOG 20:31:23.859] Flight State Captured
[WRN 20:31:23.859] [ProtoCrewMember Warning]: Crewmember Jebediah Kerman found assigned but no vessels reference him. Jebediah Kerman set as missing.
[LOG 20:31:23.859] Saving Achievements Tree...
[LOG 20:31:23.860] [MessageSystem] Save Messages
[LOG 20:31:23.871] Game State Saved as persistent
[LOG 20:31:24.602] [Diag3-Rocket]: ground contact! - error. Moving Vessel  down -0.202m
[LOG 20:31:24.602] Unpacking Diag3-Rocket
[LOG 20:31:24.608] [UIMasterController]: ShowUI
[LOG 20:31:34.659] [KSPDiagColliders] under 'Diag3-Rocket' PRELAUNCH lat=-0.097179 lon=-74.557691: [collider (LP_lev2) 2767.968 mm, active=True] [Kerbin Zn1232223323 (PQStorage) -130.773 mm, active=True]
[LOG 20:31:34.670] Flight State Captured
[LOG 20:31:34.670] Saving Achievements Tree...
[LOG 20:31:34.670] [MessageSystem] Save Messages
[LOG 20:31:34.683] Game State Saved to saves/claude-carriere/persistent
[LOG 20:31:34.690] [UIMasterController]: HideUI
[LOG 20:31:34.699] [HighLogic]: =========================== Scene Change : From FLIGHT to SPACECENTER =====================
[LOG 20:31:34.996] [UIApp] OnDestroy: CurrencyWidgetsApp
[LOG 20:31:34.996] KbApp.OnDestroy Planet Info
[LOG 20:31:34.996] KbApp.OnDestroy Vessel Info
[LOG 20:31:34.996] [UIApp] OnDestroy: Construction
[LOG 20:31:34.996] KbApp.OnDestroy Planet Parameters
[LOG 20:31:34.997] [UIApp] OnDestroy: AlarmClock
[LOG 20:31:34.997] [UIApp] OnDestroy: KSPedia
[LOG 20:31:34.998] [UIApp] OnDestroy: Contracts
[LOG 20:31:34.998] KbApp.OnDestroy Unowned Info
[LOG 20:31:34.998] [UIApp] OnDestroy: Cargo
[LOG 20:31:34.999] [UIApp] OnDestroy: DeltaVApp
[LOG 20:31:34.999] [UIApp] OnDestroy: ActionGroupsApp
[LOG 20:31:34.999] KbApp.OnDestroy NullName
[LOG 20:31:34.999] KbApp.OnDestroy Vessel Crew
[LOG 20:31:34.999] [UIApp] OnDestroy: ManeuverTool
[LOG 20:31:35.000] [UIApp] OnDestroy: ResourceDisplay
[LOG 20:31:35.000] KbApp.OnDestroy Planet Resources
[LOG 20:31:35.001] [KSPCF:MemoryLeaks] Removed a OnMapExited callback owned by a destroyed Assembly-CSharp:NavBallToggle instance
[LOG 20:31:35.002] [KSPCF:MemoryLeaks] Removed a OnGameSettingsApplied callback owned by a destroyed Assembly-CSharp:VesselAutopilotUI instance
[LOG 20:31:35.002] [KSPCF:MemoryLeaks] Removed a onPartActionUICreate callback owned by a destroyed Assembly-CSharp:ModuleInventoryPart instance
[LOG 20:31:35.002] [KSPCF:MemoryLeaks] Removed a onModuleInventoryChanged callback owned by a destroyed Assembly-CSharp:ModuleInventoryPart instance
[LOG 20:31:35.002] [KSPCF:MemoryLeaks] Removed a OnEVAConstructionMode callback owned by a destroyed Assembly-CSharp:ModuleCargoPart instance
[LOG 20:31:35.002] [KSPCF:MemoryLeaks] Removed a OnEVAConstructionMode callback owned by a destroyed Assembly-CSharp:ModuleCargoPart instance
[LOG 20:31:35.002] [KSPCF:MemoryLeaks] Removed a OnEVAConstructionMode callback owned by a destroyed Assembly-CSharp:ModuleCargoPart instance
[LOG 20:31:35.002] [KSPCF:MemoryLeaks] Removed a OnEVAConstructionMode callback owned by a destroyed Assembly-CSharp:ModuleCargoPart instance
[LOG 20:31:35.003] [KSPCF:MemoryLeaks] Removed a OnEVAConstructionMode callback owned by a destroyed Assembly-CSharp:ModuleCargoPart instance
[LOG 20:31:35.003] [KSPCF:MemoryLeaks] Removed a OnEVAConstructionMode callback owned by a destroyed Assembly-CSharp:ModuleCargoPart instance
[LOG 20:31:35.003] [KSPCF:MemoryLeaks] Removed a OnEVAConstructionMode callback owned by a destroyed Assembly-CSharp:ModuleCargoPart instance
[LOG 20:31:35.003] [KSPCF:MemoryLeaks] Removed a OnEVAConstructionMode callback owned by a destroyed Assembly-CSharp:ModuleCargoPart instance
[LOG 20:31:35.003] [KSPCF:MemoryLeaks] Removed a OnEVAConstructionMode callback owned by a destroyed Assembly-CSharp:ModuleCargoPart instance
[LOG 20:31:35.003] [KSPCF:MemoryLeaks] Removed a OnEVAConstructionMode callback owned by a destroyed Assembly-CSharp:ModuleCargoPart instance
[LOG 20:31:35.003] [KSPCF:MemoryLeaks] Removed a OnEVAConstructionMode callback owned by a destroyed Assembly-CSharp:ModuleCargoPart instance
[LOG 20:31:35.003] [KSPCF:MemoryLeaks] Removed a OnEVAConstructionMode callback owned by a destroyed Assembly-CSharp:ModuleCargoPart instance
[LOG 20:31:35.003] [KSPCF:MemoryLeaks] Removed a OnEVAConstructionMode callback owned by a destroyed Assembly-CSharp:ModuleCargoPart instance
[LOG 20:31:35.003] [KSPCF:MemoryLeaks] Removed a OnEVAConstructionMode callback owned by a destroyed Assembly-CSharp:ModuleCargoPart instance
[LOG 20:31:35.003] [KSPCF:MemoryLeaks] Removed a OnEVAConstructionMode callback owned by a destroyed Assembly-CSharp:ModuleCargoPart instance
[LOG 20:31:35.003] [KSPCF:MemoryLeaks] Removed a OnEVAConstructionMode callback owned by a destroyed Assembly-CSharp:ModuleCargoPart instance
[LOG 20:31:35.003] [KSPCF:MemoryLeaks] Removed a OnEVAConstructionMode callback owned by a destroyed Assembly-CSharp:ModuleCargoPart instance
[LOG 20:31:35.003] [KSPCF:MemoryLeaks] Removed a OnEVAConstructionMode callback owned by a destroyed Assembly-CSharp:ModuleCargoPart instance
[LOG 20:31:35.004] [KSPCF:MemoryLeaks] Removed a TimingManager.Instance.timing5.onLateUpdate callback owned by a destroyed Assembly-CSharp:MapView instance
[LOG 20:31:35.004] [KSPCF:MemoryLeaks] Leaving scene "Flight", cleaned 71 memory leaks in 0.003s. GameEvents callbacks : 425. Allocated memory : 1.104 GiB (managed heap), 2.209 GiB (unmanaged)
[LOG 20:31:35.127] [AddonLoader]: Instantiating addon 'CustomConfigsManager' from assembly 'ModuleManager'
[LOG 20:31:37.827] [UIMasterController]: ShowUI
[LOG 20:31:38.195] [SceneLoadSpeedBoost] Save loaded from cache in 0ms
[LOG 20:31:38.197] GetSubclassesOfParentClass: Using cached results for AlarmTypeBase
[LOG 20:31:38.198] Loading Depletion Nodes
[LOG 20:31:38.198] DepNodeCount:  0
[LOG 20:31:38.198] Loading Biome Nodes
[LOG 20:31:38.198] BiomeNodeCount:  0
[LOG 20:31:38.198] Loading Planet Nodes
[LOG 20:31:38.198] PlanetNodeCount:  0
[LOG 20:31:38.200] [ScenarioDestructibles]: Loading... 0 objects registered
[LOG 20:31:38.201] [ScenarioUpgradeableFacilities]: Loading... 0 objects registered
[LOG 20:31:38.232] [UiApp] Awake: Contracts
[LOG 20:31:38.232] [UiApp] Awake: KSPedia
[LOG 20:31:38.232] [UiApp] Awake: Missions App
[LOG 20:31:38.232] [UiApp] Awake: AlarmClock
[LOG 20:31:38.232] [ApplicationLauncher] OnSceneLoadedGUIReady: scene SPACECENTER ShouldBeVisible() True ShouldBeOnTop() False iIsPositionedAtTop True
[LOG 20:31:38.232] [ApplicationLauncher] SpawnSimpleLayout: HorizontalRightLeft
[LOG 20:31:38.269] [MessageSystem] Reposition 0.02 62770
[LOG 20:31:38.269] [GenericAppFrame] Reposition 0.02 62770
[LOG 20:31:38.269] [GenericAppFrame] Reposition 0.02 62770
[LOG 20:31:38.413] [UIApp] Adding AlarmClock to Application Launcher
[LOG 20:31:38.414] [UIApp] Adding Missions App to Application Launcher
[LOG 20:31:38.415] [UIApp] Adding Contracts to Application Launcher
[LOG 20:31:38.442] [GenericAppFrame] Reposition 0.111148 62776
[LOG 20:31:38.448] [MissionsApp] OnAppStarted(): id: -758918
[LOG 20:31:38.448] MissionsApp does not execute in this game mode, destroying this instance
[LOG 20:31:38.448] [UIApp] OnDestroy: Missions App
[LOG 20:31:38.450] [GenericAppFrame] Reposition 0.111148 62776
[LOG 20:31:38.456] [VesselRecovery]: Diag3-Rocket recovered À Aire de lancement. Recovery Value: 100.0% 
[LOG 20:31:38.457] Crewmember Valentina Kerman is available again
[LOG 20:31:38.460] Added 0 (0) reputation: 'VesselRecovery'.
[LOG 20:31:38.464] [FlightGlobals]: ProtoPartSnapShot persistentId changed from 545599293 to 661597567. Vessel persistentId 1991612509
[LOG 20:31:38.464] [FlightGlobals]: ProtoPartSnapShot persistentId changed from 2685669604 to 91094806. Vessel persistentId 1991612509
[LOG 20:31:38.477] Flight State Captured
[LOG 20:31:38.477] Saving Achievements Tree...
[LOG 20:31:38.477] [MessageSystem] Save Messages
[LOG 20:31:38.489] Game State Saved to saves/claude-carriere/persistent
[LOG 20:31:38.533] [UIApp] Adding KSPedia to Application Launcher
[LOG 20:31:51.797] Launching vessel from LaunchPad. Craft file: D:\ksp-dev\saves\claude-carriere\Ships\VAB\Diag3-Rocket.craft
[LOG 20:31:51.797] Flight State Captured
[LOG 20:31:51.797] Saving Achievements Tree...
[LOG 20:31:51.798] [MessageSystem] Save Messages
[LOG 20:31:51.808] Game State Saved to saves/claude-carriere/persistent
[LOG 20:31:51.817] [UIMasterController]: HideUI
[LOG 20:31:51.819] [HighLogic]: =========================== Scene Change : From SPACECENTER to FLIGHT =====================
[LOG 20:31:52.052] [UIApp] OnDestroy: Contracts
[LOG 20:31:52.052] [UIApp] OnDestroy: KSPedia
[LOG 20:31:52.053] [UIApp] OnDestroy: AlarmClock
[LOG 20:31:52.056] [KSPCF:MemoryLeaks] Removed a OnInViewChange callback owned by a destroyed Assembly-CSharp:BuildingPickerItem instance
[LOG 20:31:52.056] [KSPCF:MemoryLeaks] Leaving scene "SpaceCenter", cleaned 5 memory leaks in 0.002s. GameEvents callbacks : 402. Allocated memory : 1.116 GiB (managed heap), 2.212 GiB (unmanaged)
[LOG 20:31:52.067] UICanvasPrefabSpawner FlightUI spawning Flight
[LOG 20:31:52.091] UICanvasPrefabSpawner FlightUI spawning VesselLabels
[LOG 20:31:52.091] [UiApp] Awake: ResourceDisplay
[LOG 20:31:52.200] [AddonLoader]: Instantiating addon 'AeroGUI' from assembly 'KSP'
[LOG 20:31:52.213] [AddonLoader]: Instantiating addon 'KSPDiagColliders' from assembly 'KSPDiagColliders'
[LOG 20:31:52.214] [KSPDiagColliders] shader Hidden/Internal-Colored, depth test settable: True; display: colliders, hidden by what stands in front
[LOG 20:31:52.214] [PlanetariumCamera]: Focus: Kerbin
[LOG 20:31:52.214] [UIMasterController]: HideUI
[LOG 20:31:52.573] [UIMasterController]: HideUI
[LOG 20:31:52.573] ------------------- initializing flight mode... ------------------
[LOG 20:31:52.573] [SceneLoadSpeedBoost] Save loaded from cache in 0ms
[LOG 20:31:52.576] [MessageSystem] Save Messages
[LOG 20:31:52.577] GetSubclassesOfParentClass: Using cached results for AlarmTypeBase
[LOG 20:31:52.578] Loading Depletion Nodes
[LOG 20:31:52.578] DepNodeCount:  0
[LOG 20:31:52.578] Loading Biome Nodes
[LOG 20:31:52.578] BiomeNodeCount:  0
[LOG 20:31:52.578] Loading Planet Nodes
[LOG 20:31:52.578] PlanetNodeCount:  0
[LOG 20:31:52.580] [ScenarioDestructibles]: Loading... 0 objects registered
[LOG 20:31:52.581] [ScenarioUpgradeableFacilities]: Loading... 0 objects registered
[LOG 20:31:52.599] Loading ship from file: D:\ksp-dev\saves\claude-carriere\Ships\VAB\Diag3-Rocket.craft
[LOG 20:31:52.599] [UIMasterController]: HideUI
[LOG 20:31:52.616] Diag3-Rocket loaded!
[LOG 20:31:54.878] putting ship to ground: 11.36977
[LOG 20:31:54.880] [Diag3-Rocket]: Ready to Launch - waiting to start physics...
[LOG 20:31:54.883] Crewmember Valentina Kerman assigned to Capsule de commande Mk1, seat # 0 (crew seat index: 0)
[LOG 20:31:54.883] [FLIGHT GLOBALS]: Switching To Vessel Diag3-Rocket ---------------------- 
[LOG 20:31:54.883] setting new dominant body: Kerbin
FlightGlobals.mainBody: Kerbin
[LOG 20:31:54.883] Reference Frame: Rotating
[LOG 20:31:54.890] Vessel assembly complete!
[LOG 20:31:57.800] all systems started
[LOG 20:31:57.869] [KSPDiagColliders] body Kerbin, colliders drawn within 300 m of the active vessel
[LOG 20:31:57.885] [KSPDiagColliders] collider localSpace/Kerbin/Kerbin/KSC/SpaceCenter/LaunchPad/Facility/LP_lev2/bunker (MeshCollider, on, layer 15), centre 44 m from the active vessel
[LOG 20:31:57.886] [KSPDiagColliders] collider localSpace/Kerbin/Kerbin/KSC/SpaceCenter/LaunchPad/Facility/LP_lev2/LP_lev2/collider (MeshCollider, on, layer 15), centre 7 m from the active vessel
[LOG 20:31:57.886] [KSPDiagColliders] collider localSpace/Kerbin/Kerbin/KSC/SpaceCenter/LaunchPad/Facility/Flag/flagPole_lev1/model01/Pole (CapsuleCollider, on, layer 15), centre 74 m from the active vessel
[LOG 20:31:57.888] [KSPDiagColliders] collider localSpace/Kerbin/Kerbin/KSC/SpaceCenter/LaunchPad/Facility/Flag/flagPole_lev1/model01/WaterBase (MeshCollider, on, layer 15), centre 74 m from the active vessel
[LOG 20:31:57.905] [KSPDiagColliders] collider localSpace/Kerbin/Kerbin/KSC/SpaceCenter/Runway/Facility/runway_lev1_v2 (MeshCollider, on, layer 15), centre 730 m from the active vessel
[LOG 20:31:57.905] [KSPDiagColliders] collider localSpace/Kerbin/Kerbin/KSC/SpaceCenter/Crawlerway/Facility/crawler_level2 (MeshCollider, on, layer 15), centre 326 m from the active vessel
[LOG 20:31:57.905] [KSPDiagColliders] drawn within 300 m: 2 ground quad(s), 6 collider(s) of statics on, 0 switched off
[LOG 20:31:57.950] [UiApp] Awake: CurrencyWidgetsApp
[LOG 20:31:57.950] [UiApp] Awake: Contracts
[LOG 20:31:57.950] [UiApp] Awake: ResourceDisplay
[LOG 20:31:57.950] [UiApp] Awake: KSPedia
[LOG 20:31:57.950] [UiApp] Awake: Missions App
[LOG 20:31:57.950] [UiApp] Awake: DeltaVApp
[LOG 20:31:57.950] [UiApp] Awake: ActionGroupsApp
[LOG 20:31:57.950] [UiApp] Awake: Construction
[LOG 20:31:57.950] [UiApp] Awake: Cargo
[LOG 20:31:57.950] [UiApp] Awake: AlarmClock
[LOG 20:31:57.950] [UiApp] Awake: ManeuverTool
[LOG 20:31:57.950] [ApplicationLauncher] OnSceneLoadedGUIReady: scene FLIGHT ShouldBeVisible() True ShouldBeOnTop() True iIsPositionedAtTop False
[LOG 20:31:57.951] [ApplicationLauncher] SpawnSimpleLayout: VerticalTopDown
[LOG 20:31:57.955] [KnowledgeBase] OnAppLauncherReady 65401
[LOG 20:31:57.986] [FlightIntegrator]: Reloaded drag cube for zeroed cube root part mk1pod.v2 on vessel Diag3-Rocket
[LOG 20:31:57.986] [FlightIntegrator]: Vessel Diag3-Rocket has been unloaded 1.79769313486232E+308, applying analytic temperature 310.061841495653
[LOG 20:31:57.987] [MessageSystem] Reposition 0.02 65402
[LOG 20:31:57.988] [GenericAppFrame] Reposition 0.02 65402
[LOG 20:31:57.988] [GenericAppFrame] Reposition 0.02 65402
[LOG 20:31:58.074] [PlanetariumCamera]: Focus: Diag3-Rocket
[LOG 20:31:58.089] [UIApp] Adding ResourceDisplay to Application Launcher
[LOG 20:31:58.091] [UIApp] Adding ResourceDisplay to Application Launcher
[LOG 20:31:58.100] [ResourceDisplay] OnAppStarted(): id: -782638
[LOG 20:31:58.100] [GenericAppFrame] Reposition 0.1082327 65406
[LOG 20:31:58.101] [ResourceDisplay] OnAppStarted(): id: 321504
[LOG 20:31:58.101] ResourceDisplay already exist, destroying this instance
[LOG 20:31:58.101] [UIApp] OnDestroy: ResourceDisplay
[LOG 20:31:58.114] [UIApp] Adding AlarmClock to Application Launcher
[LOG 20:31:58.115] [UIApp] Adding ActionGroupsApp to Application Launcher
[LOG 20:31:58.116] [ApplicationLauncher] SetHidden: 
[LOG 20:31:58.116] [UIApp] Adding Missions App to Application Launcher
[LOG 20:31:58.117] [UIApp] Adding Contracts to Application Launcher
[LOG 20:31:58.118] CURRENCY WIDGET True True True
[LOG 20:31:58.118] [UIApp] Adding CurrencyWidgetsApp to Application Launcher
[LOG 20:31:58.142] [GenericAppFrame] Reposition 0.1350243 65408
[LOG 20:31:58.147] [ActionGroupsApp] OnAppStarted(): id: -782662
[LOG 20:31:58.148] [GenericAppFrame] Reposition 0.1350243 65408
[LOG 20:31:58.148] [UIApp] Adding DeltaVApp to Application Launcher
[LOG 20:31:58.150] [MissionsApp] OnAppStarted(): id: -782650
[LOG 20:31:58.150] MissionsApp does not execute in this game mode, destroying this instance
[LOG 20:31:58.150] [UIApp] OnDestroy: Missions App
[LOG 20:31:58.151] [GenericAppFrame] Reposition 0.1350243 65408
[LOG 20:31:58.162] [GenericAppFrame] Reposition 0.1690993 65409
[LOG 20:31:58.172] [UIApp] Adding Cargo to Application Launcher
[LOG 20:31:58.174] [UIApp] Adding Construction to Application Launcher
[LOG 20:31:58.175] [UIApp] Adding KSPedia to Application Launcher
[LOG 20:31:58.190] [ApplicationLauncher] SetHidden: 
[LOG 20:31:58.234] Flight State Captured
[LOG 20:31:58.235] Saving Achievements Tree...
[LOG 20:31:58.235] [MessageSystem] Save Messages
[LOG 20:31:58.250] Game State Saved as persistent
[LOG 20:31:58.982] [Diag3-Rocket]: ground contact! - error. Moving Vessel  down -0.202m
[LOG 20:31:58.983] Unpacking Diag3-Rocket
[LOG 20:31:58.988] [UIMasterController]: ShowUI
[LOG 20:32:09.039] [KSPDiagColliders] under 'Diag3-Rocket' PRELAUNCH lat=-0.097179 lon=-74.557691: [collider (LP_lev2) 2767.968 mm, active=True] [Kerbin Zn1232223323 (PQStorage) -130.773 mm, active=True]
[LOG 20:32:09.050] Flight State Captured
[LOG 20:32:09.050] Saving Achievements Tree...
[LOG 20:32:09.050] [MessageSystem] Save Messages
[LOG 20:32:09.063] Game State Saved to saves/claude-carriere/persistent
[LOG 20:32:09.071] [UIMasterController]: HideUI
[LOG 20:32:09.079] [HighLogic]: =========================== Scene Change : From FLIGHT to MAINMENU =====================
[LOG 20:32:09.573] [UIApp] OnDestroy: ManeuverTool
[LOG 20:32:09.573] KbApp.OnDestroy NullName
[LOG 20:32:09.573] [UIApp] OnDestroy: Contracts
[LOG 20:32:09.574] [UIApp] OnDestroy: DeltaVApp
[LOG 20:32:09.574] [UIApp] OnDestroy: ResourceDisplay
[LOG 20:32:09.575] [UIApp] OnDestroy: CurrencyWidgetsApp
[LOG 20:32:09.575] KbApp.OnDestroy Planet Info
[LOG 20:32:09.575] KbApp.OnDestroy Planet Resources
[LOG 20:32:09.575] KbApp.OnDestroy Planet Parameters
[LOG 20:32:09.575] KbApp.OnDestroy Vessel Crew
[LOG 20:32:09.576] [UIApp] OnDestroy: KSPedia
[LOG 20:32:09.576] KbApp.OnDestroy Vessel Info
[LOG 20:32:09.576] [UIApp] OnDestroy: Cargo
[LOG 20:32:09.576] [UIApp] OnDestroy: ActionGroupsApp
[LOG 20:32:09.576] [UIApp] OnDestroy: Construction
[LOG 20:32:09.576] KbApp.OnDestroy Unowned Info
[LOG 20:32:09.577] [UIApp] OnDestroy: AlarmClock
[LOG 20:32:09.580] [KSPCF:MemoryLeaks] Removed a OnMapExited callback owned by a destroyed Assembly-CSharp:NavBallToggle instance
[LOG 20:32:09.580] [KSPCF:MemoryLeaks] Removed a OnGameSettingsApplied callback owned by a destroyed Assembly-CSharp:VesselAutopilotUI instance
[LOG 20:32:09.580] [KSPCF:MemoryLeaks] Removed a onPartActionUICreate callback owned by a destroyed Assembly-CSharp:ModuleInventoryPart instance
[LOG 20:32:09.580] [KSPCF:MemoryLeaks] Removed a onModuleInventoryChanged callback owned by a destroyed Assembly-CSharp:ModuleInventoryPart instance
[LOG 20:32:09.581] [KSPCF:MemoryLeaks] Removed a OnEVAConstructionMode callback owned by a destroyed Assembly-CSharp:ModuleCargoPart instance
[LOG 20:32:09.581] [KSPCF:MemoryLeaks] Removed a OnEVAConstructionMode callback owned by a destroyed Assembly-CSharp:ModuleCargoPart instance
[LOG 20:32:09.581] [KSPCF:MemoryLeaks] Removed a OnEVAConstructionMode callback owned by a destroyed Assembly-CSharp:ModuleCargoPart instance
[LOG 20:32:09.581] [KSPCF:MemoryLeaks] Removed a OnEVAConstructionMode callback owned by a destroyed Assembly-CSharp:ModuleCargoPart instance
[LOG 20:32:09.581] [KSPCF:MemoryLeaks] Removed a OnEVAConstructionMode callback owned by a destroyed Assembly-CSharp:ModuleCargoPart instance
[LOG 20:32:09.581] [KSPCF:MemoryLeaks] Removed a OnEVAConstructionMode callback owned by a destroyed Assembly-CSharp:ModuleCargoPart instance
[LOG 20:32:09.581] [KSPCF:MemoryLeaks] Removed a OnEVAConstructionMode callback owned by a destroyed Assembly-CSharp:ModuleCargoPart instance
[LOG 20:32:09.581] [KSPCF:MemoryLeaks] Removed a OnEVAConstructionMode callback owned by a destroyed Assembly-CSharp:ModuleCargoPart instance
[LOG 20:32:09.581] [KSPCF:MemoryLeaks] Removed a OnEVAConstructionMode callback owned by a destroyed Assembly-CSharp:ModuleCargoPart instance
[LOG 20:32:09.581] [KSPCF:MemoryLeaks] Removed a OnEVAConstructionMode callback owned by a destroyed Assembly-CSharp:ModuleCargoPart instance
[LOG 20:32:09.581] [KSPCF:MemoryLeaks] Removed a OnEVAConstructionMode callback owned by a destroyed Assembly-CSharp:ModuleCargoPart instance
[LOG 20:32:09.581] [KSPCF:MemoryLeaks] Removed a OnEVAConstructionMode callback owned by a destroyed Assembly-CSharp:ModuleCargoPart instance
[LOG 20:32:09.581] [KSPCF:MemoryLeaks] Removed a OnEVAConstructionMode callback owned by a destroyed Assembly-CSharp:ModuleCargoPart instance
[LOG 20:32:09.581] [KSPCF:MemoryLeaks] Removed a OnEVAConstructionMode callback owned by a destroyed Assembly-CSharp:ModuleCargoPart instance
[LOG 20:32:09.581] [KSPCF:MemoryLeaks] Removed a OnEVAConstructionMode callback owned by a destroyed Assembly-CSharp:ModuleCargoPart instance
[LOG 20:32:09.581] [KSPCF:MemoryLeaks] Removed a OnEVAConstructionMode callback owned by a destroyed Assembly-CSharp:ModuleCargoPart instance
[LOG 20:32:09.581] [KSPCF:MemoryLeaks] Removed a OnEVAConstructionMode callback owned by a destroyed Assembly-CSharp:ModuleCargoPart instance
[LOG 20:32:09.581] [KSPCF:MemoryLeaks] Removed a OnEVAConstructionMode callback owned by a destroyed Assembly-CSharp:ModuleCargoPart instance
[LOG 20:32:09.582] [KSPCF:MemoryLeaks] Removed a OnClick callback owned by a destroyed Assembly-CSharp:EVAConstructionModeEditor instance
[LOG 20:32:09.582] [KSPCF:MemoryLeaks] Removed a TimingManager.Instance.timing5.onLateUpdate callback owned by a destroyed Assembly-CSharp:MapView instance
[LOG 20:32:09.582] [KSPCF:MemoryLeaks] Leaving scene "Flight", cleaned 72 memory leaks in 0.003s. GameEvents callbacks : 370. Allocated memory : 1.126 GiB (managed heap), 2.274 GiB (unmanaged)
[LOG 20:32:09.730] [UIMasterController]: ShowUI
[LOG 20:32:10.164] [ScenarioUpgradeables]: Back to Main Menu. Clearing persistent data.
[LOG 20:32:10.174] [ScenarioTypes]: List Created 23 scenario types loaded from 8 loaded assemblies.
[LOG 20:32:10.180] [ApplicationLauncher] OnSceneLoadedGUIReady: scene MAINMENU ShouldBeVisible() True ShouldBeOnTop() True iIsPositionedAtTop True
[LOG 20:32:10.181] [ApplicationLauncher] SetHidden: 
[LOG 20:32:10.185] [MessageSystem] Reposition 0.02 66836
[LOG 20:32:10.186] [GenericAppFrame] Reposition 0.02 66836
[LOG 20:32:10.186] [GenericAppFrame] Reposition 0.02 66836
[LOG 20:32:13.278] [SceneLoadSpeedBoost] Save loaded from cache in 0ms
[LOG 20:32:13.283] [UIMasterController]: HideUI
[LOG 20:32:13.325] [HighLogic]: =========================== Scene Change : From MAINMENU to FLIGHT =====================
[LOG 20:32:13.532] UICanvasPrefabSpawner FlightUI spawning Flight
[LOG 20:32:13.556] UICanvasPrefabSpawner FlightUI spawning VesselLabels
[LOG 20:32:13.556] [UiApp] Awake: ResourceDisplay
[LOG 20:32:13.663] [AddonLoader]: Instantiating addon 'AeroGUI' from assembly 'KSP'
[LOG 20:32:13.677] [AddonLoader]: Instantiating addon 'KSPDiagColliders' from assembly 'KSPDiagColliders'
[LOG 20:32:13.677] [KSPDiagColliders] shader Hidden/Internal-Colored, depth test settable: True; display: colliders, hidden by what stands in front
[LOG 20:32:13.678] [PlanetariumCamera]: Focus: Kerbin
[LOG 20:32:13.678] [UIMasterController]: HideUI
[LOG 20:32:14.052] [UIMasterController]: HideUI
[LOG 20:32:14.052] ------------------- initializing flight mode... ------------------
[LOG 20:32:14.053] GetSubclassesOfParentClass: Using cached results for AlarmTypeBase
[LOG 20:32:14.053] Loading Depletion Nodes
[LOG 20:32:14.053] DepNodeCount:  0
[LOG 20:32:14.053] Loading Biome Nodes
[LOG 20:32:14.053] BiomeNodeCount:  0
[LOG 20:32:14.053] Loading Planet Nodes
[LOG 20:32:14.053] PlanetNodeCount:  0
[LOG 20:32:14.055] [ScenarioDestructibles]: Loading... 0 objects registered
[LOG 20:32:14.056] [ScenarioUpgradeableFacilities]: Loading... 0 objects registered
[LOG 20:32:14.063] Target vessel index: 0  vessel count: 1
[LOG 20:32:14.063] [FLIGHT GLOBALS]: Switching To Vessel Diag3-Rocket ---------------------- 
[LOG 20:32:14.063] setting new dominant body: Kerbin
FlightGlobals.mainBody: Kerbin
[LOG 20:32:14.063] Reference Frame: Rotating
[WRN 20:32:14.070] [Part]: Cannot have ModuleCargoPart and ModuleInventoryPart on same Part [Diag3-Rocket (unloaded)'. Removed ModuleCargoPart
[LOG 20:32:14.083] [Diag3-Rocket]: landed - waiting for ground contact to resume physics...
[LOG 20:32:14.084] Camera Mode: AUTO
[LOG 20:32:17.092] all systems started
[LOG 20:32:17.168] [KSPDiagColliders] body Kerbin, colliders drawn within 300 m of the active vessel
[LOG 20:32:17.188] [KSPDiagColliders] collider localSpace/Kerbin/Kerbin/KSC/SpaceCenter/LaunchPad/Facility/LP_lev2/bunker (MeshCollider, on, layer 15), centre 44 m from the active vessel
[LOG 20:32:17.190] [KSPDiagColliders] collider localSpace/Kerbin/Kerbin/KSC/SpaceCenter/LaunchPad/Facility/LP_lev2/LP_lev2/collider (MeshCollider, on, layer 15), centre 7 m from the active vessel
[LOG 20:32:17.190] [KSPDiagColliders] collider localSpace/Kerbin/Kerbin/KSC/SpaceCenter/LaunchPad/Facility/Flag/flagPole_lev1/model01/Pole (CapsuleCollider, on, layer 15), centre 74 m from the active vessel
[LOG 20:32:17.192] [KSPDiagColliders] collider localSpace/Kerbin/Kerbin/KSC/SpaceCenter/LaunchPad/Facility/Flag/flagPole_lev1/model01/WaterBase (MeshCollider, on, layer 15), centre 74 m from the active vessel
[LOG 20:32:17.210] [KSPDiagColliders] collider localSpace/Kerbin/Kerbin/KSC/SpaceCenter/Runway/Facility/runway_lev1_v2 (MeshCollider, on, layer 15), centre 730 m from the active vessel
[LOG 20:32:17.210] [KSPDiagColliders] collider localSpace/Kerbin/Kerbin/KSC/SpaceCenter/Crawlerway/Facility/model_vab_exterior_crawlerway_collider_v46 (MeshCollider, on, layer 15), centre 326 m from the active vessel
[LOG 20:32:17.210] [KSPDiagColliders] drawn within 300 m: 2 ground quad(s), 6 collider(s) of statics on, 0 switched off
[LOG 20:32:17.268] [UiApp] Awake: CurrencyWidgetsApp
[LOG 20:32:17.268] [UiApp] Awake: Contracts
[LOG 20:32:17.268] [UiApp] Awake: ResourceDisplay
[LOG 20:32:17.268] [UiApp] Awake: KSPedia
[LOG 20:32:17.269] [UiApp] Awake: Missions App
[LOG 20:32:17.269] [UiApp] Awake: DeltaVApp
[LOG 20:32:17.269] [UiApp] Awake: ActionGroupsApp
[LOG 20:32:17.269] [UiApp] Awake: Construction
[LOG 20:32:17.269] [UiApp] Awake: Cargo
[LOG 20:32:17.269] [UiApp] Awake: AlarmClock
[LOG 20:32:17.269] [UiApp] Awake: ManeuverTool
[LOG 20:32:17.269] [ApplicationLauncher] OnSceneLoadedGUIReady: scene FLIGHT ShouldBeVisible() True ShouldBeOnTop() True iIsPositionedAtTop True
[LOG 20:32:17.270] [ApplicationLauncher] SetVisible: 
[LOG 20:32:17.272] [KnowledgeBase] OnAppLauncherReady 67797
[LOG 20:32:17.298] [FlightIntegrator]: Reloaded drag cube for zeroed cube root part mk1pod.v2 (Diag3-Rocket) on vessel Diag3-Rocket
[LOG 20:32:17.299] [MessageSystem] Reposition 0.02 67798
[LOG 20:32:17.299] [GenericAppFrame] Reposition 0.02 67798
[LOG 20:32:17.299] [GenericAppFrame] Reposition 0.02 67798
[LOG 20:32:17.387] [PlanetariumCamera]: Focus: Diag3-Rocket
[LOG 20:32:17.405] [UIApp] Adding ResourceDisplay to Application Launcher
[LOG 20:32:17.406] [UIApp] Adding ResourceDisplay to Application Launcher
[LOG 20:32:17.417] [ResourceDisplay] OnAppStarted(): id: -819066
[LOG 20:32:17.418] [GenericAppFrame] Reposition 0.1103745 67802
[LOG 20:32:17.418] [ResourceDisplay] OnAppStarted(): id: 326448
[LOG 20:32:17.418] ResourceDisplay already exist, destroying this instance
[LOG 20:32:17.418] [UIApp] OnDestroy: ResourceDisplay
[LOG 20:32:17.433] [UIApp] Adding AlarmClock to Application Launcher
[LOG 20:32:17.434] [UIApp] Adding ActionGroupsApp to Application Launcher
[LOG 20:32:17.435] [ApplicationLauncher] SetHidden: 
[LOG 20:32:17.435] [UIApp] Adding Missions App to Application Launcher
[LOG 20:32:17.436] [UIApp] Adding Contracts to Application Launcher
[LOG 20:32:17.437] CURRENCY WIDGET True True True
[LOG 20:32:17.437] [UIApp] Adding CurrencyWidgetsApp to Application Launcher
[LOG 20:32:17.464] [GenericAppFrame] Reposition 0.141613 67804
[LOG 20:32:17.469] [ActionGroupsApp] OnAppStarted(): id: -819090
[LOG 20:32:17.470] [GenericAppFrame] Reposition 0.141613 67804
[LOG 20:32:17.470] [UIApp] Adding DeltaVApp to Application Launcher
[LOG 20:32:17.472] [MissionsApp] OnAppStarted(): id: -819078
[LOG 20:32:17.472] MissionsApp does not execute in this game mode, destroying this instance
[LOG 20:32:17.472] [UIApp] OnDestroy: Missions App
[LOG 20:32:17.473] [GenericAppFrame] Reposition 0.141613 67804
[LOG 20:32:17.485] [GenericAppFrame] Reposition 0.1778201 67805
[LOG 20:32:17.500] [UIApp] Adding Cargo to Application Launcher
[LOG 20:32:17.502] [UIApp] Adding Construction to Application Launcher
[LOG 20:32:17.502] [UIApp] Adding KSPedia to Application Launcher
[LOG 20:32:17.514] [ApplicationLauncher] SetHidden: 
[LOG 20:32:17.555] Flight State Captured
[LOG 20:32:17.555] Saving Achievements Tree...
[LOG 20:32:17.556] [MessageSystem] Save Messages
[LOG 20:32:17.567] Game State Saved as persistent
[LOG 20:32:18.298] Unpacking Diag3-Rocket
[LOG 20:32:18.304] [UIMasterController]: ShowUI
[LOG 20:32:28.353] [KSPDiagColliders] under 'Diag3-Rocket' PRELAUNCH lat=-0.097179 lon=-74.557691: [collider (LP_lev2) 2756.870 mm, active=True] [Kerbin Zn1232223323 (PQStorage) -141.865 mm, active=True]
[LOG 20:32:28.362] Flight State Captured
[LOG 20:32:28.362] Saving Achievements Tree...
[LOG 20:32:28.363] [MessageSystem] Save Messages
[LOG 20:32:28.376] Game State Saved to saves/claude-carriere/persistent
[LOG 20:32:28.384] [UIMasterController]: HideUI
[LOG 20:32:28.392] [HighLogic]: =========================== Scene Change : From FLIGHT to SPACECENTER =====================
[LOG 20:32:28.688] KbApp.OnDestroy Unowned Info
[LOG 20:32:28.688] [UIApp] OnDestroy: CurrencyWidgetsApp
[LOG 20:32:28.689] [UIApp] OnDestroy: ResourceDisplay
[LOG 20:32:28.689] [UIApp] OnDestroy: KSPedia
[LOG 20:32:28.689] [UIApp] OnDestroy: DeltaVApp
[LOG 20:32:28.689] KbApp.OnDestroy NullName
[LOG 20:32:28.689] KbApp.OnDestroy Vessel Crew
[LOG 20:32:28.689] KbApp.OnDestroy Planet Parameters
[LOG 20:32:28.689] [UIApp] OnDestroy: AlarmClock
[LOG 20:32:28.689] KbApp.OnDestroy Planet Info
[LOG 20:32:28.690] [UIApp] OnDestroy: Cargo
[LOG 20:32:28.690] [UIApp] OnDestroy: Construction
[LOG 20:32:28.690] [UIApp] OnDestroy: Contracts
[LOG 20:32:28.690] KbApp.OnDestroy Vessel Info
[LOG 20:32:28.691] [UIApp] OnDestroy: ManeuverTool
[LOG 20:32:28.691] [UIApp] OnDestroy: ActionGroupsApp
[LOG 20:32:28.691] KbApp.OnDestroy Planet Resources
[LOG 20:32:28.692] [KSPCF:MemoryLeaks] Removed a OnMapExited callback owned by a destroyed Assembly-CSharp:NavBallToggle instance
[LOG 20:32:28.692] [KSPCF:MemoryLeaks] Removed a OnGameSettingsApplied callback owned by a destroyed Assembly-CSharp:VesselAutopilotUI instance
[LOG 20:32:28.693] [KSPCF:MemoryLeaks] Removed a onPartActionUICreate callback owned by a destroyed Assembly-CSharp:ModuleInventoryPart instance
[LOG 20:32:28.693] [KSPCF:MemoryLeaks] Removed a onModuleInventoryChanged callback owned by a destroyed Assembly-CSharp:ModuleInventoryPart instance
[LOG 20:32:28.694] [KSPCF:MemoryLeaks] Removed a TimingManager.Instance.timing5.onLateUpdate callback owned by a destroyed Assembly-CSharp:MapView instance
[LOG 20:32:28.694] [KSPCF:MemoryLeaks] Leaving scene "Flight", cleaned 53 memory leaks in 0.002s. GameEvents callbacks : 425. Allocated memory : 1.112 GiB (managed heap), 2.212 GiB (unmanaged)
[LOG 20:32:28.818] [AddonLoader]: Instantiating addon 'CustomConfigsManager' from assembly 'ModuleManager'
[LOG 20:32:31.406] [UIMasterController]: ShowUI
[LOG 20:32:31.773] [SceneLoadSpeedBoost] Save loaded from cache in 0ms
[LOG 20:32:31.776] GetSubclassesOfParentClass: Using cached results for AlarmTypeBase
[LOG 20:32:31.776] Loading Depletion Nodes
[LOG 20:32:31.776] DepNodeCount:  0
[LOG 20:32:31.777] Loading Biome Nodes
[LOG 20:32:31.777] BiomeNodeCount:  0
[LOG 20:32:31.777] Loading Planet Nodes
[LOG 20:32:31.777] PlanetNodeCount:  0
[LOG 20:32:31.778] [ScenarioDestructibles]: Loading... 0 objects registered
[LOG 20:32:31.780] [ScenarioUpgradeableFacilities]: Loading... 0 objects registered
[LOG 20:32:31.809] [UiApp] Awake: Contracts
[LOG 20:32:31.809] [UiApp] Awake: KSPedia
[LOG 20:32:31.809] [UiApp] Awake: Missions App
[LOG 20:32:31.809] [UiApp] Awake: AlarmClock
[LOG 20:32:31.809] [ApplicationLauncher] OnSceneLoadedGUIReady: scene SPACECENTER ShouldBeVisible() True ShouldBeOnTop() False iIsPositionedAtTop True
[LOG 20:32:31.809] [ApplicationLauncher] SpawnSimpleLayout: HorizontalRightLeft
[LOG 20:32:31.846] [MessageSystem] Reposition 0.02 69217
[LOG 20:32:31.847] [GenericAppFrame] Reposition 0.02 69217
[LOG 20:32:31.847] [GenericAppFrame] Reposition 0.02 69217
[LOG 20:32:31.971] [UIApp] Adding AlarmClock to Application Launcher
[LOG 20:32:31.972] [UIApp] Adding Missions App to Application Launcher
[LOG 20:32:31.973] [UIApp] Adding Contracts to Application Launcher
[LOG 20:32:31.993] [GenericAppFrame] Reposition 0.0887644 69223
[LOG 20:32:31.998] [MissionsApp] OnAppStarted(): id: -833772
[LOG 20:32:31.998] MissionsApp does not execute in this game mode, destroying this instance
[LOG 20:32:31.999] [UIApp] OnDestroy: Missions App
[LOG 20:32:32.000] [GenericAppFrame] Reposition 0.0887644 69223
[LOG 20:32:32.011] [UIApp] Adding KSPedia to Application Launcher
[LOG 20:32:36.863] Flight State Captured
[LOG 20:32:36.863] Saving Achievements Tree...
[LOG 20:32:36.864] [MessageSystem] Save Messages
[LOG 20:32:36.874] Game State Saved to saves/claude-carriere/persistent
[LOG 20:32:36.881] Going to Hangar! CachedShipType: VAB
[LOG 20:32:36.882] [UIMasterController]: HideUI
[LOG 20:32:36.885] [HighLogic]: =========================== Scene Change : From SPACECENTER to EDITOR =====================
[LOG 20:32:37.099] [UIApp] OnDestroy: AlarmClock
[LOG 20:32:37.099] [UIApp] OnDestroy: KSPedia
[LOG 20:32:37.099] [UIApp] OnDestroy: Contracts
[LOG 20:32:37.102] [KSPCF:MemoryLeaks] Removed a OnInViewChange callback owned by a destroyed Assembly-CSharp:BuildingPickerItem instance
[LOG 20:32:37.102] [KSPCF:MemoryLeaks] Leaving scene "SpaceCenter", cleaned 5 memory leaks in 0.002s. GameEvents callbacks : 349. Allocated memory : 1.101 GiB (managed heap), 2.205 GiB (unmanaged)
[LOG 20:32:37.112] UICanvasPrefabSpawner SceneLogic spawning Editor
[LOG 20:32:37.133] Aucun verrouillage commandes en cours
[LOG 20:32:37.256] [UIMasterController]: ShowUI
[LOG 20:32:37.845] [UIMasterController]: ShowUI
[LOG 20:32:38.423] [UIMasterController]: ShowUI
[LOG 20:32:38.434] ------------------- initializing editor mode... ------------------
[LOG 20:32:38.434] editor started
[LOG 20:32:38.434] [SceneLoadSpeedBoost] Save loaded from cache in 0ms
[LOG 20:32:38.437] GetSubclassesOfParentClass: Using cached results for AlarmTypeBase
[LOG 20:32:38.437] Loading Depletion Nodes
[LOG 20:32:38.437] DepNodeCount:  0
[LOG 20:32:38.438] Loading Biome Nodes
[LOG 20:32:38.438] BiomeNodeCount:  0
[LOG 20:32:38.438] Loading Planet Nodes
[LOG 20:32:38.438] PlanetNodeCount:  0
[LOG 20:32:38.440] [ScenarioDestructibles]: Loading... 0 objects registered
[LOG 20:32:38.440] [ScenarioUpgradeableFacilities]: Loading... 0 objects registered
[WRN 20:32:38.608] HighlightingSystem : Framebuffer depth data is not available and can't be used to occlude highlighting. Highlighting occluders enabled.
[LOG 20:32:38.614] [UiApp] Awake: EngineersReport
[LOG 20:32:38.614] [UiApp] Awake: Contracts
[LOG 20:32:38.614] [UiApp] Awake: KSPedia
[LOG 20:32:38.614] [UiApp] Awake: Missions App
[LOG 20:32:38.614] [UiApp] Awake: DeltaVApp
[LOG 20:32:38.615] [UiApp] Awake: ActionGroupsApp
[LOG 20:32:38.615] [UiApp] Awake: AlarmClock
[LOG 20:32:38.615] [ApplicationLauncher] OnSceneLoadedGUIReady: scene EDITOR ShouldBeVisible() True ShouldBeOnTop() False iIsPositionedAtTop False
[LOG 20:32:38.644] [MessageSystem] Reposition 0.02 70213
[LOG 20:32:38.644] [GenericAppFrame] Reposition 0.02 70213
[LOG 20:32:38.644] [GenericAppFrame] Reposition 0.02 70213
[LOG 20:32:38.735] [UIApp] Adding AlarmClock to Application Launcher
[LOG 20:32:38.736] [UIApp] Adding ActionGroupsApp to Application Launcher
[LOG 20:32:38.737] [ApplicationLauncher] SetHidden: 
[LOG 20:32:38.738] [UIApp] Adding Missions App to Application Launcher
[LOG 20:32:38.739] [UIApp] Adding Contracts to Application Launcher
[LOG 20:32:38.740] [UIApp] Adding EngineersReport to Application Launcher
[LOG 20:32:38.763] [GenericAppFrame] Reposition 0.1119716 70219
[LOG 20:32:38.769] [ActionGroupsApp] OnAppStarted(): id: -860774
[LOG 20:32:38.769] [GenericAppFrame] Reposition 0.1119716 70219
[LOG 20:32:38.770] [UIApp] Adding DeltaVApp to Application Launcher
[LOG 20:32:38.771] [MissionsApp] OnAppStarted(): id: -860762
[LOG 20:32:38.771] MissionsApp does not execute in this game mode, destroying this instance
[LOG 20:32:38.771] [UIApp] OnDestroy: Missions App
[LOG 20:32:38.772] [GenericAppFrame] Reposition 0.1119716 70219
[LOG 20:32:38.773] [GenericAppFrame] Reposition 0.1119716 70219
[LOG 20:32:38.805] [GenericAppFrame] Reposition 0.1519716 70220
[LOG 20:32:38.819] [UIApp] Adding KSPedia to Application Launcher
[LOG 20:32:41.770] Launching vessel from Runway. Craft file: D:\ksp-dev\saves\claude-carriere\Ships\SPH\Diag3-Rover.craft
[LOG 20:32:41.770] Saving Achievements Tree...
[LOG 20:32:41.770] [MessageSystem] Save Messages
[LOG 20:32:41.783] Game State Saved to saves/claude-carriere/persistent
[LOG 20:32:41.791] [UIMasterController]: HideUI
[LOG 20:32:41.848] [HighLogic]: =========================== Scene Change : From EDITOR to FLIGHT =====================
[LOG 20:32:42.073] [UIApp] OnDestroy: AlarmClock
[LOG 20:32:42.073] [UIApp] OnDestroy: KSPedia
[LOG 20:32:42.078] [UIApp] OnDestroy: ActionGroupsApp
[LOG 20:32:42.078] [UIApp] OnDestroy: DeltaVApp
[LOG 20:32:42.078] [UIApp] OnDestroy: Contracts
[LOG 20:32:42.079] [UIApp] OnDestroy: EngineersReport
[LOG 20:32:42.081] [KSPCF:MemoryLeaks] Removed a onPartActionUICreate callback owned by a destroyed Assembly-CSharp:ModuleInventoryPart instance
[LOG 20:32:42.081] [KSPCF:MemoryLeaks] Removed a onPartActionUICreate callback owned by a destroyed Assembly-CSharp:ModuleInventoryPart instance
[LOG 20:32:42.081] [KSPCF:MemoryLeaks] Removed a onPartActionUICreate callback owned by a destroyed Assembly-CSharp:ModuleInventoryPart instance
[LOG 20:32:42.081] [KSPCF:MemoryLeaks] Removed a onPartActionUICreate callback owned by a destroyed Assembly-CSharp:ModuleInventoryPart instance
[LOG 20:32:42.081] [KSPCF:MemoryLeaks] Removed a onEditorScreenChange callback owned by a destroyed Assembly-CSharp:EditorLogic instance
[LOG 20:32:42.081] [KSPCF:MemoryLeaks] Removed a onEditorPartEvent callback owned by a destroyed Assembly-CSharp:ModuleInventoryPart instance
[LOG 20:32:42.081] [KSPCF:MemoryLeaks] Removed a onEditorPartEvent callback owned by a destroyed Assembly-CSharp:ModuleInventoryPart instance
[LOG 20:32:42.081] [KSPCF:MemoryLeaks] Removed a onEditorPartEvent callback owned by a destroyed Assembly-CSharp:ModuleInventoryPart instance
[LOG 20:32:42.082] [KSPCF:MemoryLeaks] Removed a OnPartPurchased callback owned by a destroyed Assembly-CSharp:ModuleInventoryPart instance
[LOG 20:32:42.082] [KSPCF:MemoryLeaks] Removed a OnPartPurchased callback owned by a destroyed Assembly-CSharp:ModuleInventoryPart instance
[LOG 20:32:42.082] [KSPCF:MemoryLeaks] Removed a OnPartPurchased callback owned by a destroyed Assembly-CSharp:ModuleInventoryPart instance
[LOG 20:32:42.082] [KSPCF:MemoryLeaks] Removed a onModuleInventoryChanged callback owned by a destroyed Assembly-CSharp:ModuleInventoryPart instance
[LOG 20:32:42.082] [KSPCF:MemoryLeaks] Removed a onModuleInventoryChanged callback owned by a destroyed Assembly-CSharp:ModuleInventoryPart instance
[LOG 20:32:42.082] [KSPCF:MemoryLeaks] Removed a onModuleInventoryChanged callback owned by a destroyed Assembly-CSharp:ModuleInventoryPart instance
[LOG 20:32:42.082] [KSPCF:MemoryLeaks] Removed a onModuleInventoryChanged callback owned by a destroyed Assembly-CSharp:ModuleInventoryPart instance
[LOG 20:32:42.082] [KSPCF:MemoryLeaks] Removed a OnDestructibleLoaded callback owned by a destroyed Assembly-CSharp:RunwayCollisionHandler instance
[LOG 20:32:42.083] [KSPCF:MemoryLeaks] Leaving scene "Editor", cleaned 20 memory leaks in 0.002s. GameEvents callbacks : 474. Allocated memory : 1.077 GiB (managed heap), 2.082 GiB (unmanaged)
[LOG 20:32:42.093] UICanvasPrefabSpawner FlightUI spawning Flight
[LOG 20:32:42.117] UICanvasPrefabSpawner FlightUI spawning VesselLabels
[LOG 20:32:42.117] [UiApp] Awake: ResourceDisplay
[LOG 20:32:42.216] [AddonLoader]: Instantiating addon 'AeroGUI' from assembly 'KSP'
[LOG 20:32:42.229] [AddonLoader]: Instantiating addon 'KSPDiagColliders' from assembly 'KSPDiagColliders'
[LOG 20:32:42.229] [KSPDiagColliders] shader Hidden/Internal-Colored, depth test settable: True; display: colliders, hidden by what stands in front
[LOG 20:32:42.229] [PlanetariumCamera]: Focus: Kerbin
[LOG 20:32:42.230] [UIMasterController]: HideUI
[LOG 20:32:42.580] [UIMasterController]: HideUI
[LOG 20:32:42.580] ------------------- initializing flight mode... ------------------
[LOG 20:32:42.580] [SceneLoadSpeedBoost] Save loaded from cache in 0ms
[LOG 20:32:42.584] [MessageSystem] Save Messages
[LOG 20:32:42.585] GetSubclassesOfParentClass: Using cached results for AlarmTypeBase
[LOG 20:32:42.586] Loading Depletion Nodes
[LOG 20:32:42.586] DepNodeCount:  0
[LOG 20:32:42.586] Loading Biome Nodes
[LOG 20:32:42.586] BiomeNodeCount:  0
[LOG 20:32:42.586] Loading Planet Nodes
[LOG 20:32:42.586] PlanetNodeCount:  0
[LOG 20:32:42.588] [ScenarioDestructibles]: Loading... 0 objects registered
[LOG 20:32:42.589] [ScenarioUpgradeableFacilities]: Loading... 0 objects registered
[LOG 20:32:42.594] Loading ship from file: D:\ksp-dev\saves\claude-carriere\Ships\SPH\Diag3-Rover.craft
[LOG 20:32:42.594] [UIMasterController]: HideUI
[LOG 20:32:42.622] Diag3-Rover loaded!
[LOG 20:32:44.906] putting ship to ground: 9.282557
[LOG 20:32:44.909] [Diag3-Rover]: Ready to Launch - waiting to start physics...
[LOG 20:32:44.911] Crewmember Bill Kerman assigned to Conserve d'atterrissage Mk2, seat # 0 (crew seat index: 0)
[LOG 20:32:44.912] Crewmember Bob Kerman assigned to Conserve d'atterrissage Mk2, seat # 1 (crew seat index: 1)
[LOG 20:32:44.912] [FLIGHT GLOBALS]: Switching To Vessel Diag3-Rover ---------------------- 
[LOG 20:32:44.912] setting new dominant body: Kerbin
FlightGlobals.mainBody: Kerbin
[LOG 20:32:44.912] Reference Frame: Rotating
[LOG 20:32:44.917] Vessel assembly complete!
[LOG 20:32:47.736] all systems started
[LOG 20:32:47.825] [KSPDiagColliders] body Kerbin, colliders drawn within 300 m of the active vessel
[LOG 20:32:47.859] [KSPDiagColliders] collider localSpace/Kerbin/Kerbin/KSC/SpaceCenter/Runway/Facility/runway_lev1_v2 (MeshCollider, on, layer 15), centre 1066 m from the active vessel
[LOG 20:32:47.859] [KSPDiagColliders] drawn within 300 m: 2 ground quad(s), 1 collider(s) of statics on, 0 switched off
[WRN 20:32:47.870] [Part]: Cannot have ModuleCargoPart and ModuleInventoryPart on same Part [Diag3-Rocket (unloaded)'. Removed ModuleCargoPart
[LOG 20:32:47.883] [Diag3-Rocket]: landed - waiting for ground contact to resume physics...
[LOG 20:32:47.947] [UiApp] Awake: CurrencyWidgetsApp
[LOG 20:32:47.947] [UiApp] Awake: Contracts
[LOG 20:32:47.947] [UiApp] Awake: ResourceDisplay
[LOG 20:32:47.947] [UiApp] Awake: KSPedia
[LOG 20:32:47.947] [UiApp] Awake: Missions App
[LOG 20:32:47.947] [UiApp] Awake: DeltaVApp
[LOG 20:32:47.947] [UiApp] Awake: ActionGroupsApp
[LOG 20:32:47.947] [UiApp] Awake: Construction
[LOG 20:32:47.948] [UiApp] Awake: Cargo
[LOG 20:32:47.948] [UiApp] Awake: AlarmClock
[LOG 20:32:47.948] [UiApp] Awake: ManeuverTool
[LOG 20:32:47.948] [ApplicationLauncher] OnSceneLoadedGUIReady: scene FLIGHT ShouldBeVisible() True ShouldBeOnTop() True iIsPositionedAtTop False
[LOG 20:32:47.948] [ApplicationLauncher] SpawnSimpleLayout: VerticalTopDown
[LOG 20:32:47.951] [KnowledgeBase] OnAppLauncherReady 70709
[LOG 20:32:47.983] [FlightIntegrator]: Reloaded drag cube for zeroed cube root part trussPiece3x on vessel Diag3-Rover
[LOG 20:32:47.983] [FlightIntegrator]: Vessel Diag3-Rover has been unloaded 1.79769313486232E+308, applying analytic temperature 303.837820021876
[LOG 20:32:47.991] [MessageSystem] Reposition 0.02 70710
[LOG 20:32:47.991] [GenericAppFrame] Reposition 0.02 70710
[LOG 20:32:47.992] [GenericAppFrame] Reposition 0.02 70710
[LOG 20:32:48.009] [FlightIntegrator]: Reloaded drag cube for zeroed cube root part mk1pod.v2 (Diag3-Rocket) on vessel Diag3-Rocket
[LOG 20:32:48.010] [FlightIntegrator]: Vessel Diag3-Rocket has been unloaded 5.09999999999536, applying analytic temperature 310.059961059584
[LOG 20:32:48.079] [PlanetariumCamera]: Focus: Diag3-Rover
[LOG 20:32:48.098] [UIApp] Adding ResourceDisplay to Application Launcher
[LOG 20:32:48.099] [UIApp] Adding ResourceDisplay to Application Launcher
[LOG 20:32:48.109] [ResourceDisplay] OnAppStarted(): id: -901726
[LOG 20:32:48.110] [GenericAppFrame] Reposition 0.1216503 70714
[LOG 20:32:48.110] [ResourceDisplay] OnAppStarted(): id: 351902
[LOG 20:32:48.110] ResourceDisplay already exist, destroying this instance
[LOG 20:32:48.110] [UIApp] OnDestroy: ResourceDisplay
[LOG 20:32:48.122] [UIApp] Adding AlarmClock to Application Launcher
[LOG 20:32:48.123] [UIApp] Adding ActionGroupsApp to Application Launcher
[LOG 20:32:48.124] [ApplicationLauncher] SetHidden: 
[LOG 20:32:48.124] [UIApp] Adding Missions App to Application Launcher
[LOG 20:32:48.125] [UIApp] Adding Contracts to Application Launcher
[LOG 20:32:48.126] CURRENCY WIDGET True True True
[LOG 20:32:48.126] [UIApp] Adding CurrencyWidgetsApp to Application Launcher
[LOG 20:32:48.153] [GenericAppFrame] Reposition 0.1481004 70716
[LOG 20:32:48.158] [ActionGroupsApp] OnAppStarted(): id: -901750
[LOG 20:32:48.159] [GenericAppFrame] Reposition 0.1481004 70716
[LOG 20:32:48.159] [UIApp] Adding DeltaVApp to Application Launcher
[LOG 20:32:48.161] [MissionsApp] OnAppStarted(): id: -901738
[LOG 20:32:48.161] MissionsApp does not execute in this game mode, destroying this instance
[LOG 20:32:48.161] [UIApp] OnDestroy: Missions App
[LOG 20:32:48.162] [GenericAppFrame] Reposition 0.1481004 70716
[LOG 20:32:48.176] [GenericAppFrame] Reposition 0.1863746 70717
[LOG 20:32:48.189] [UIApp] Adding Cargo to Application Launcher
[LOG 20:32:48.190] [UIApp] Adding Construction to Application Launcher
[LOG 20:32:48.191] [UIApp] Adding KSPedia to Application Launcher
[LOG 20:32:48.203] [ApplicationLauncher] SetHidden: 
[LOG 20:32:48.242] Flight State Captured
[LOG 20:32:48.242] Saving Achievements Tree...
[LOG 20:32:48.242] [MessageSystem] Save Messages
[LOG 20:32:48.256] Game State Saved as persistent
[LOG 20:32:49.019] Unpacking Diag3-Rover
[LOG 20:32:49.033] [UIMasterController]: ShowUI
[LOG 20:32:59.176] [KSPDiagColliders] under 'Diag3-Rover' PRELAUNCH lat=-0.048904 lon=-74.710159: [runway_lev1_v2 (Facility) 4092.747 mm, active=True] [Kerbin Zn1232223233 (PQStorage) 50.946 mm, active=True]
[LOG 20:32:59.177] [KSPDiagColliders] under 'Diag3-Rocket' LANDED lat=-0.097179 lon=-74.557691: [collider (LP_lev2) 2756.866 mm, active=True] [Kerbin Zn1232223323 (PQStorage) -141.865 mm, active=True]
[LOG 20:32:59.187] Killed all parts in permanent ground contact on vessel Diag3-Rover.
[LOG 20:32:59.187] Packing Diag3-Rover for orbit
[LOG 20:32:59.190] setting new dominant body: Mun
FlightGlobals.mainBody: Mun
[LOG 20:32:59.193] Reference Frame: Rotating
[LOG 20:32:59.194] [Progress Node Reached]: Flyby
[LOG 20:32:59.196] [Progress Node Reached]: Mun
[LOG 20:32:59.204] [Progress Node Complete]: Flyby
[LOG 20:32:59.205] Added 3.999998 (4) reputation: 'Progression'.
[LOG 20:32:59.212] [Progress Node Reached]: Escape
[LOG 20:32:59.214] [Progress Node Reached]: Kerbin
[LOG 20:32:59.215] [Progress Node Complete]: Escape
[LOG 20:32:59.216] Added 4.999998 (5) reputation: 'Progression'.
[LOG 20:32:59.219] Diag3-Rocket Unloaded
[LOG 20:32:59.927] Kerbin: Resetting
[LOG 20:32:59.973] [KSPDiagColliders] body Mun, colliders drawn within 300 m of the active vessel
[LOG 20:32:59.989] [KSPDiagColliders] drawn within 300 m: 0 ground quad(s), 0 collider(s) of statics on, 0 switched off
[LOG 20:33:00.006] [Progress Node Reached]: Orbit
[LOG 20:33:00.014] [Progress Node Complete]: Orbit
[LOG 20:33:00.014] Added 3.999998 (4) reputation: 'Progression'.
[LOG 20:33:02.151] Unpacking Diag3-Rover
[LOG 20:33:05.296] [FLIGHT GLOBALS]: Switching To Vessel Diag3-Rocket ---------------------- 
[LOG 20:33:05.298] Flight State Captured
[LOG 20:33:05.298] Saving Achievements Tree...
[LOG 20:33:05.299] Saving Achievements Tree...
[LOG 20:33:05.300] Saving Achievements Tree...
[LOG 20:33:05.301] [MessageSystem] Save Messages
[LOG 20:33:05.315] Game State Saved to saves/claude-carriere/persistent
[LOG 20:33:05.322] Flight State Captured
[LOG 20:33:05.323] Saving Achievements Tree...
[LOG 20:33:05.323] Saving Achievements Tree...
[LOG 20:33:05.323] Saving Achievements Tree...
[LOG 20:33:05.323] [MessageSystem] Save Messages
[LOG 20:33:05.325] [UIMasterController]: HideUI
[LOG 20:33:05.372] [HighLogic]: =========================== Scene Change : From FLIGHT to FLIGHT =====================
[LOG 20:33:05.610] [UIApp] OnDestroy: KSPedia
[LOG 20:33:05.611] KbApp.OnDestroy NullName
[LOG 20:33:05.611] [UIApp] OnDestroy: AlarmClock
[LOG 20:33:05.611] [UIApp] OnDestroy: Contracts
[LOG 20:33:05.611] [UIApp] OnDestroy: ManeuverTool
[LOG 20:33:05.611] [UIApp] OnDestroy: Construction
[LOG 20:33:05.612] KbApp.OnDestroy Vessel Crew
[LOG 20:33:05.612] [UIApp] OnDestroy: ResourceDisplay
[LOG 20:33:05.612] [UIApp] OnDestroy: Cargo
[LOG 20:33:05.612] [UIApp] OnDestroy: CurrencyWidgetsApp
[LOG 20:33:05.612] [UIApp] OnDestroy: ActionGroupsApp
[LOG 20:33:05.612] KbApp.OnDestroy Planet Resources
[LOG 20:33:05.612] KbApp.OnDestroy Planet Info
[LOG 20:33:05.614] KbApp.OnDestroy Vessel Info
[LOG 20:33:05.614] [PlanetariumCamera]: Focus: Mun
[LOG 20:33:05.614] KbApp.OnDestroy Planet Parameters
[LOG 20:33:05.615] [UIApp] OnDestroy: DeltaVApp
[LOG 20:33:05.615] KbApp.OnDestroy Unowned Info
[LOG 20:33:05.616] [KSPCF:MemoryLeaks] Removed a onVesselChange callback owned by a destroyed Assembly-CSharp:ModuleDeployableSolarPanel instance
[LOG 20:33:05.617] [KSPCF:MemoryLeaks] Removed a onVesselChange callback owned by a destroyed Assembly-CSharp:ModuleDeployableSolarPanel instance
[LOG 20:33:05.617] [KSPCF:MemoryLeaks] Removed a onVesselChange callback owned by a destroyed Assembly-CSharp:ModuleDeployableSolarPanel instance
[LOG 20:33:05.617] [KSPCF:MemoryLeaks] Removed a onVesselChange callback owned by a destroyed Assembly-CSharp:ModuleDeployableSolarPanel instance
[LOG 20:33:05.617] [KSPCF:MemoryLeaks] Removed a onVesselChange callback owned by a destroyed Assembly-CSharp:ModuleDeployableSolarPanel instance
[LOG 20:33:05.617] [KSPCF:MemoryLeaks] Removed a onVesselChange callback owned by a destroyed Assembly-CSharp:ModuleDeployableSolarPanel instance
[LOG 20:33:05.617] [KSPCF:MemoryLeaks] Removed a OnMapExited callback owned by a destroyed Assembly-CSharp:NavBallToggle instance
[LOG 20:33:05.617] [KSPCF:MemoryLeaks] Removed a OnGameSettingsApplied callback owned by a destroyed Assembly-CSharp:VesselAutopilotUI instance
[LOG 20:33:05.617] [KSPCF:MemoryLeaks] Removed a onPartActionUICreate callback owned by a destroyed Assembly-CSharp:ModuleInventoryPart instance
[LOG 20:33:05.617] [KSPCF:MemoryLeaks] Removed a onPartActionUICreate callback owned by a destroyed Assembly-CSharp:ModuleInventoryPart instance
[LOG 20:33:05.618] [KSPCF:MemoryLeaks] Removed a onPartActionUICreate callback owned by a destroyed Assembly-CSharp:ModuleInventoryPart instance
[LOG 20:33:05.618] [KSPCF:MemoryLeaks] Removed a onModuleInventoryChanged callback owned by a destroyed Assembly-CSharp:ModuleInventoryPart instance
[LOG 20:33:05.618] [KSPCF:MemoryLeaks] Removed a onModuleInventoryChanged callback owned by a destroyed Assembly-CSharp:ModuleInventoryPart instance
[LOG 20:33:05.618] [KSPCF:MemoryLeaks] Removed a onModuleInventoryChanged callback owned by a destroyed Assembly-CSharp:ModuleInventoryPart instance
[LOG 20:33:05.618] [KSPCF:MemoryLeaks] Removed a OnEVAConstructionMode callback owned by a destroyed Assembly-CSharp:ModuleCargoPart instance
[LOG 20:33:05.618] [KSPCF:MemoryLeaks] Removed a OnEVAConstructionMode callback owned by a destroyed Assembly-CSharp:ModuleCargoPart instance
[LOG 20:33:05.618] [KSPCF:MemoryLeaks] Removed a OnEVAConstructionMode callback owned by a destroyed Assembly-CSharp:ModuleCargoPart instance
[LOG 20:33:05.618] [KSPCF:MemoryLeaks] Removed a OnEVAConstructionMode callback owned by a destroyed Assembly-CSharp:ModuleCargoPart instance
[LOG 20:33:05.618] [KSPCF:MemoryLeaks] Removed a OnEVAConstructionMode callback owned by a destroyed Assembly-CSharp:ModuleCargoPart instance
[LOG 20:33:05.618] [KSPCF:MemoryLeaks] Removed a OnEVAConstructionMode callback owned by a destroyed Assembly-CSharp:ModuleCargoPart instance
[LOG 20:33:05.619] [KSPCF:MemoryLeaks] Removed a OnEVAConstructionMode callback owned by a destroyed Assembly-CSharp:ModuleCargoPart instance
[LOG 20:33:05.619] [KSPCF:MemoryLeaks] Removed a OnEVAConstructionMode callback owned by a destroyed Assembly-CSharp:ModuleCargoPart instance
[LOG 20:33:05.619] [KSPCF:MemoryLeaks] Removed a OnEVAConstructionMode callback owned by a destroyed Assembly-CSharp:ModuleCargoPart instance
[LOG 20:33:05.619] [KSPCF:MemoryLeaks] Removed a OnEVAConstructionMode callback owned by a destroyed Assembly-CSharp:ModuleCargoPart instance
[LOG 20:33:05.619] [KSPCF:MemoryLeaks] Removed a OnEVAConstructionMode callback owned by a destroyed Assembly-CSharp:ModuleCargoPart instance
[LOG 20:33:05.619] [KSPCF:MemoryLeaks] Removed a OnEVAConstructionMode callback owned by a destroyed Assembly-CSharp:ModuleCargoPart instance
[LOG 20:33:05.619] [KSPCF:MemoryLeaks] Removed a OnEVAConstructionMode callback owned by a destroyed Assembly-CSharp:ModuleCargoPart instance
[LOG 20:33:05.619] [KSPCF:MemoryLeaks] Removed a OnEVAConstructionMode callback owned by a destroyed Assembly-CSharp:ModuleCargoPart instance
[LOG 20:33:05.619] [KSPCF:MemoryLeaks] Removed a OnEVAConstructionMode callback owned by a destroyed Assembly-CSharp:ModuleCargoPart instance
[LOG 20:33:05.619] [KSPCF:MemoryLeaks] Removed a OnEVAConstructionMode callback owned by a destroyed Assembly-CSharp:ModuleCargoPart instance
[LOG 20:33:05.619] [KSPCF:MemoryLeaks] Removed a OnEVAConstructionMode callback owned by a destroyed Assembly-CSharp:ModuleCargoPart instance
[LOG 20:33:05.619] [KSPCF:MemoryLeaks] Removed a OnEVAConstructionMode callback owned by a destroyed Assembly-CSharp:ModuleCargoPart instance
[LOG 20:33:05.619] [KSPCF:MemoryLeaks] Removed a OnEVAConstructionMode callback owned by a destroyed Assembly-CSharp:ModuleCargoPart instance
[LOG 20:33:05.619] [KSPCF:MemoryLeaks] Removed a OnEVAConstructionMode callback owned by a destroyed Assembly-CSharp:ModuleCargoPart instance
[LOG 20:33:05.619] [KSPCF:MemoryLeaks] Removed a OnEVAConstructionMode callback owned by a destroyed Assembly-CSharp:ModuleCargoPart instance
[LOG 20:33:05.619] [KSPCF:MemoryLeaks] Removed a OnEVAConstructionMode callback owned by a destroyed Assembly-CSharp:ModuleCargoPart instance
[LOG 20:33:05.619] [KSPCF:MemoryLeaks] Removed a OnEVAConstructionMode callback owned by a destroyed Assembly-CSharp:ModuleCargoPart instance
[LOG 20:33:05.619] [KSPCF:MemoryLeaks] Removed a OnEVAConstructionMode callback owned by a destroyed Assembly-CSharp:ModuleCargoPart instance
[LOG 20:33:05.620] [KSPCF:MemoryLeaks] Removed a OnEVAConstructionMode callback owned by a destroyed Assembly-CSharp:ModuleCargoPart instance
[LOG 20:33:05.620] [KSPCF:MemoryLeaks] Removed a OnEVAConstructionMode callback owned by a destroyed Assembly-CSharp:ModuleCargoPart instance
[LOG 20:33:05.620] [KSPCF:MemoryLeaks] Removed a OnEVAConstructionMode callback owned by a destroyed Assembly-CSharp:ModuleCargoPart instance
[LOG 20:33:05.620] [KSPCF:MemoryLeaks] Removed a OnEVAConstructionMode callback owned by a destroyed Assembly-CSharp:ModuleCargoPart instance
[LOG 20:33:05.620] [KSPCF:MemoryLeaks] Removed a OnEVAConstructionMode callback owned by a destroyed Assembly-CSharp:ModuleCargoPart instance
[LOG 20:33:05.620] [KSPCF:MemoryLeaks] Removed a OnEVAConstructionMode callback owned by a destroyed Assembly-CSharp:ModuleCargoPart instance
[LOG 20:33:05.620] [KSPCF:MemoryLeaks] Removed a OnEVAConstructionMode callback owned by a destroyed Assembly-CSharp:ModuleCargoPart instance
[LOG 20:33:05.620] [KSPCF:MemoryLeaks] Removed a OnEVAConstructionMode callback owned by a destroyed Assembly-CSharp:ModuleCargoPart instance
[LOG 20:33:05.620] [KSPCF:MemoryLeaks] Removed a OnEVAConstructionMode callback owned by a destroyed Assembly-CSharp:ModuleCargoPart instance
[LOG 20:33:05.620] [KSPCF:MemoryLeaks] Removed a OnEVAConstructionMode callback owned by a destroyed Assembly-CSharp:ModuleCargoPart instance
[LOG 20:33:05.620] [KSPCF:MemoryLeaks] Removed a OnEVAConstructionMode callback owned by a destroyed Assembly-CSharp:ModuleCargoPart instance
[LOG 20:33:05.620] [KSPCF:MemoryLeaks] Removed a OnEVAConstructionMode callback owned by a destroyed Assembly-CSharp:ModuleCargoPart instance
[LOG 20:33:05.620] [KSPCF:MemoryLeaks] Removed a OnEVAConstructionMode callback owned by a destroyed Assembly-CSharp:ModuleCargoPart instance
[LOG 20:33:05.620] [KSPCF:MemoryLeaks] Removed a OnEVAConstructionMode callback owned by a destroyed Assembly-CSharp:ModuleCargoPart instance
[LOG 20:33:05.620] [KSPCF:MemoryLeaks] Removed a OnEVAConstructionMode callback owned by a destroyed Assembly-CSharp:ModuleCargoPart instance
[LOG 20:33:05.620] [KSPCF:MemoryLeaks] Removed a OnEVAConstructionMode callback owned by a destroyed Assembly-CSharp:ModuleCargoPart instance
[LOG 20:33:05.620] [KSPCF:MemoryLeaks] Removed a OnEVAConstructionMode callback owned by a destroyed Assembly-CSharp:ModuleCargoPart instance
[LOG 20:33:05.620] [KSPCF:MemoryLeaks] Removed a OnEVAConstructionMode callback owned by a destroyed Assembly-CSharp:ModuleCargoPart instance
[LOG 20:33:05.620] [KSPCF:MemoryLeaks] Removed a OnEVAConstructionMode callback owned by a destroyed Assembly-CSharp:ModuleCargoPart instance
[LOG 20:33:05.620] [KSPCF:MemoryLeaks] Removed a OnEVAConstructionMode callback owned by a destroyed Assembly-CSharp:ModuleCargoPart instance
[LOG 20:33:05.620] [KSPCF:MemoryLeaks] Removed a OnEVAConstructionMode callback owned by a destroyed Assembly-CSharp:ModuleCargoPart instance
[LOG 20:33:05.620] [KSPCF:MemoryLeaks] Removed a OnEVAConstructionMode callback owned by a destroyed Assembly-CSharp:ModuleCargoPart instance
[LOG 20:33:05.620] [KSPCF:MemoryLeaks] Removed a OnEVAConstructionMode callback owned by a destroyed Assembly-CSharp:ModuleCargoPart instance
[LOG 20:33:05.620] [KSPCF:MemoryLeaks] Removed a OnEVAConstructionMode callback owned by a destroyed Assembly-CSharp:ModuleCargoPart instance
[LOG 20:33:05.621] [KSPCF:MemoryLeaks] Removed a OnEVAConstructionMode callback owned by a destroyed Assembly-CSharp:ModuleCargoPart instance
[LOG 20:33:05.621] [KSPCF:MemoryLeaks] Removed a OnEVAConstructionMode callback owned by a destroyed Assembly-CSharp:ModuleCargoPart instance
[LOG 20:33:05.621] [KSPCF:MemoryLeaks] Removed a OnEVAConstructionMode callback owned by a destroyed Assembly-CSharp:ModuleCargoPart instance
[LOG 20:33:05.621] [KSPCF:MemoryLeaks] Removed a OnEVAConstructionMode callback owned by a destroyed Assembly-CSharp:ModuleCargoPart instance
[LOG 20:33:05.621] [KSPCF:MemoryLeaks] Removed a OnEVAConstructionMode callback owned by a destroyed Assembly-CSharp:ModuleCargoPart instance
[LOG 20:33:05.621] [KSPCF:MemoryLeaks] Removed a OnEVAConstructionMode callback owned by a destroyed Assembly-CSharp:ModuleCargoPart instance
[LOG 20:33:05.621] [KSPCF:MemoryLeaks] Removed a OnClick callback owned by a destroyed Assembly-CSharp:EVAConstructionModeEditor instance
[LOG 20:33:05.621] [KSPCF:MemoryLeaks] Removed a TimingManager.Instance.timing5.onLateUpdate callback owned by a destroyed Assembly-CSharp:MapView instance
[LOG 20:33:05.621] [KSPCF:MemoryLeaks] Leaving scene "Flight", cleaned 142 memory leaks in 0.005s. GameEvents callbacks : 440. Allocated memory : 1.08 GiB (managed heap), 2.071 GiB (unmanaged)
[LOG 20:33:05.632] UICanvasPrefabSpawner FlightUI spawning Flight
[LOG 20:33:05.655] UICanvasPrefabSpawner FlightUI spawning VesselLabels
[LOG 20:33:05.655] [UiApp] Awake: ResourceDisplay
[LOG 20:33:05.759] [AddonLoader]: Instantiating addon 'AeroGUI' from assembly 'KSP'
[LOG 20:33:05.771] [AddonLoader]: Instantiating addon 'KSPDiagColliders' from assembly 'KSPDiagColliders'
[LOG 20:33:05.772] [KSPDiagColliders] shader Hidden/Internal-Colored, depth test settable: True; display: colliders, hidden by what stands in front
[LOG 20:33:05.772] [PlanetariumCamera]: Focus: Kerbin
[LOG 20:33:05.773] [UIMasterController]: HideUI
[LOG 20:33:06.127] [UIMasterController]: HideUI
[LOG 20:33:06.127] ------------------- initializing flight mode... ------------------
[LOG 20:33:06.128] GetSubclassesOfParentClass: Using cached results for AlarmTypeBase
[LOG 20:33:06.129] Loading Depletion Nodes
[LOG 20:33:06.129] DepNodeCount:  0
[LOG 20:33:06.129] Loading Biome Nodes
[LOG 20:33:06.129] BiomeNodeCount:  0
[LOG 20:33:06.129] Loading Planet Nodes
[LOG 20:33:06.129] PlanetNodeCount:  0
[LOG 20:33:06.132] [ScenarioDestructibles]: Loading... 0 objects registered
[LOG 20:33:06.133] [ScenarioUpgradeableFacilities]: Loading... 0 objects registered
[LOG 20:33:06.156] Target vessel index: 0  vessel count: 2
[LOG 20:33:06.156] [FLIGHT GLOBALS]: Switching To Vessel Diag3-Rocket ---------------------- 
[LOG 20:33:06.156] setting new dominant body: Kerbin
FlightGlobals.mainBody: Kerbin
[LOG 20:33:06.157] Reference Frame: Rotating
[WRN 20:33:06.165] [Part]: Cannot have ModuleCargoPart and ModuleInventoryPart on same Part [Diag3-Rocket (unloaded)'. Removed ModuleCargoPart
[LOG 20:33:06.178] [Diag3-Rocket]: landed - waiting for ground contact to resume physics...
[LOG 20:33:06.178] Camera Mode: AUTO
[LOG 20:33:09.004] all systems started
[LOG 20:33:09.077] [KSPDiagColliders] body Kerbin, colliders drawn within 300 m of the active vessel
[LOG 20:33:09.094] [KSPDiagColliders] collider localSpace/Kerbin/Kerbin/KSC/SpaceCenter/LaunchPad/Facility/LP_lev2/bunker (MeshCollider, on, layer 15), centre 44 m from the active vessel
[LOG 20:33:09.095] [KSPDiagColliders] collider localSpace/Kerbin/Kerbin/KSC/SpaceCenter/LaunchPad/Facility/LP_lev2/LP_lev2/collider (MeshCollider, on, layer 15), centre 7 m from the active vessel
[LOG 20:33:09.095] [KSPDiagColliders] collider localSpace/Kerbin/Kerbin/KSC/SpaceCenter/LaunchPad/Facility/Flag/flagPole_lev1/model01/Pole (CapsuleCollider, on, layer 15), centre 74 m from the active vessel
[LOG 20:33:09.096] [KSPDiagColliders] collider localSpace/Kerbin/Kerbin/KSC/SpaceCenter/LaunchPad/Facility/Flag/flagPole_lev1/model01/WaterBase (MeshCollider, on, layer 15), centre 74 m from the active vessel
[LOG 20:33:09.113] [KSPDiagColliders] collider localSpace/Kerbin/Kerbin/KSC/SpaceCenter/Runway/Facility/runway_lev1_v2 (MeshCollider, on, layer 15), centre 730 m from the active vessel
[LOG 20:33:09.113] [KSPDiagColliders] collider localSpace/Kerbin/Kerbin/KSC/SpaceCenter/Crawlerway/Facility/crawler_level2 (MeshCollider, on, layer 15), centre 326 m from the active vessel
[LOG 20:33:09.113] [KSPDiagColliders] drawn within 300 m: 2 ground quad(s), 6 collider(s) of statics on, 0 switched off
[LOG 20:33:09.114] [Progress Node Reached]: RecordsAltitude
[LOG 20:33:09.114] [Progress Node Reached]: RecordsSpeed
[LOG 20:33:09.114] [Progress Node Reached]: RecordsDistance
[LOG 20:33:09.167] [UiApp] Awake: CurrencyWidgetsApp
[LOG 20:33:09.167] [UiApp] Awake: Contracts
[LOG 20:33:09.167] [UiApp] Awake: ResourceDisplay
[LOG 20:33:09.167] [UiApp] Awake: KSPedia
[LOG 20:33:09.167] [UiApp] Awake: Missions App
[LOG 20:33:09.167] [UiApp] Awake: DeltaVApp
[LOG 20:33:09.168] [UiApp] Awake: ActionGroupsApp
[LOG 20:33:09.168] [UiApp] Awake: Construction
[LOG 20:33:09.168] [UiApp] Awake: Cargo
[LOG 20:33:09.168] [UiApp] Awake: AlarmClock
[LOG 20:33:09.168] [UiApp] Awake: ManeuverTool
[LOG 20:33:09.168] [ApplicationLauncher] OnSceneLoadedGUIReady: scene FLIGHT ShouldBeVisible() True ShouldBeOnTop() True iIsPositionedAtTop True
[LOG 20:33:09.170] [KnowledgeBase] OnAppLauncherReady 73221
[LOG 20:33:09.196] [FlightGlobals]: ProtoPartSnapShot persistentId changed from 3701273471 to 4163455159. Vessel persistentId 0
[LOG 20:33:09.196] [FlightGlobals]: ProtoPartSnapShot persistentId changed from 534291385 to 307497451. Vessel persistentId 0
[LOG 20:33:09.197] [FlightIntegrator]: Reloaded drag cube for zeroed cube root part mk1pod.v2 (Diag3-Rocket) on vessel Diag3-Rocket
[LOG 20:33:09.197] [FlightIntegrator]: Vessel Diag3-Rocket has been unloaded 5.37999999999511, applying analytic temperature 310.050265587307
[LOG 20:33:09.198] [MessageSystem] Reposition 0.02 73222
[LOG 20:33:09.198] [GenericAppFrame] Reposition 0.02 73222
[LOG 20:33:09.198] [GenericAppFrame] Reposition 0.02 73222
[LOG 20:33:09.280] [PlanetariumCamera]: Focus: Diag3-Rocket
[LOG 20:33:09.298] [UIApp] Adding ResourceDisplay to Application Launcher
[LOG 20:33:09.299] [UIApp] Adding ResourceDisplay to Application Launcher
[LOG 20:33:09.308] [ResourceDisplay] OnAppStarted(): id: -948984
[LOG 20:33:09.308] [GenericAppFrame] Reposition 0.108368 73226
[LOG 20:33:09.309] [ResourceDisplay] OnAppStarted(): id: 352034
[LOG 20:33:09.309] ResourceDisplay already exist, destroying this instance
[LOG 20:33:09.309] [UIApp] OnDestroy: ResourceDisplay
[LOG 20:33:09.321] [UIApp] Adding AlarmClock to Application Launcher
[LOG 20:33:09.323] [UIApp] Adding ActionGroupsApp to Application Launcher
[LOG 20:33:09.323] [ApplicationLauncher] SetHidden: 
[LOG 20:33:09.323] [UIApp] Adding Missions App to Application Launcher
[LOG 20:33:09.325] [UIApp] Adding Contracts to Application Launcher
[LOG 20:33:09.326] CURRENCY WIDGET True True True
[LOG 20:33:09.326] [UIApp] Adding CurrencyWidgetsApp to Application Launcher
[LOG 20:33:09.350] [GenericAppFrame] Reposition 0.1354726 73228
[LOG 20:33:09.355] [ActionGroupsApp] OnAppStarted(): id: -949008
[LOG 20:33:09.356] [GenericAppFrame] Reposition 0.1354726 73228
[LOG 20:33:09.356] [UIApp] Adding DeltaVApp to Application Launcher
[LOG 20:33:09.358] [MissionsApp] OnAppStarted(): id: -948996
[LOG 20:33:09.358] MissionsApp does not execute in this game mode, destroying this instance
[LOG 20:33:09.358] [UIApp] OnDestroy: Missions App
[LOG 20:33:09.359] [GenericAppFrame] Reposition 0.1354726 73228
[LOG 20:33:09.371] [GenericAppFrame] Reposition 0.1709269 73229
[LOG 20:33:09.382] [UIApp] Adding Cargo to Application Launcher
[LOG 20:33:09.384] [UIApp] Adding Construction to Application Launcher
[LOG 20:33:09.385] [UIApp] Adding KSPedia to Application Launcher
[LOG 20:33:09.399] [ApplicationLauncher] SetHidden: 
[LOG 20:33:09.439] Flight State Captured
[LOG 20:33:09.439] Saving Achievements Tree...
[LOG 20:33:09.439] Saving Achievements Tree...
[LOG 20:33:09.440] Saving Achievements Tree...
[LOG 20:33:09.440] [MessageSystem] Save Messages
[LOG 20:33:09.453] Game State Saved as persistent
[LOG 20:33:10.196] Unpacking Diag3-Rocket
[LOG 20:33:10.202] [UIMasterController]: ShowUI
[LOG 20:33:20.248] [KSPDiagColliders] under 'Diag3-Rocket' LANDED lat=-0.097178 lon=-74.557691: [collider (LP_lev2) 2746.312 mm, active=True] [Kerbin Zn1232223323 (PQStorage) -160.804 mm, active=True]
[LOG 20:33:21.722] [KSP-MCPServer] Quitting KSP, as asked
[LOG 20:33:22.353] [UIApp] OnDestroy: ActionGroupsApp
[LOG 20:33:22.353] KbApp.OnDestroy Planet Parameters
