[LOG 20:58:33.017] ******* Log Initiated for Kerbal Space Program - 1.12.5.3190 (WindowsPlayer x64) fr-fr *******
Kerbal Space Program - 1.12.5.3190 (WindowsPlayer x64) fr-fr


OS: Windows 10  (10.0.0) 64bit
CPU: Intel(R) Core(TM) Ultra 7 155H (22)
RAM: 32265
GPU: Intel(R) Arc(TM) Pro Graphics (18391MB)
SM: 50 (Direct3D 11.0 [level 11.1])
RT Formats: ARGB32, Depth, ARGBHalf, Shadowmap, RGB565, ARGB4444, ARGB1555, Default, ARGB2101010, DefaultHDR, ARGB64, ARGBFloat, RGFloat, RGHalf, RFloat, RHalf, R8, ARGBInt, RGInt, RInt, BGRA32, RGB111110Float, RG32, RGBAUShort, RG16, BGRA10101010_XR, BGR101010_XR, R16


Log started: Sat, Oct 03, 2026 20:58:33


[LOG 20:58:33.033] ActionCanvas MASK: 3458764513820540928
[LOG 20:58:33.034] AppCanvas MASK: 3458764513820540928
[LOG 20:58:33.035] MainCanvas MASK: 3458764513820540928
[LOG 20:58:34.930] Load(Assembly): /ModuleManager.4.2.3
[LOG 20:58:34.931] AssemblyLoader: Loading assembly at C:\Users\lhervier\Perso\ksp-dev\GameData\ModuleManager.4.2.3.dll
[LOG 20:58:34.947] AssemblyLoader: KSPAssembly 'ModuleManager' V2.5.0
[LOG 20:58:34.948] Load(Assembly): 000_Harmony/0Harmony
[LOG 20:58:34.948] AssemblyLoader: Loading assembly at C:\Users\lhervier\Perso\ksp-dev\GameData\000_Harmony\0Harmony.dll
[LOG 20:58:34.952] Load(Assembly): 000_Harmony/HarmonyInstallChecker
[LOG 20:58:34.952] AssemblyLoader: Loading assembly at C:\Users\lhervier\Perso\ksp-dev\GameData\000_Harmony\HarmonyInstallChecker.dll
[LOG 20:58:34.953] AssemblyLoader: KSPAssembly 'HarmonyKSP' V1.0.0
[LOG 20:58:34.953] Load(Assembly): CustomPreLaunchChecks/CustomPreLaunchChecks
[LOG 20:58:34.953] AssemblyLoader: Loading assembly at C:\Users\lhervier\Perso\ksp-dev\GameData\CustomPreLaunchChecks\CustomPreLaunchChecks.dll
[LOG 20:58:34.954] AssemblyLoader: KSPAssembly 'CustomPreLaunchChecks' V1.0.0
[LOG 20:58:34.954] Load(Assembly): KerbalKonstructs/KerbalKonstructs
[LOG 20:58:34.954] AssemblyLoader: Loading assembly at C:\Users\lhervier\Perso\ksp-dev\GameData\KerbalKonstructs\KerbalKonstructs.dll
[LOG 20:58:34.957] AssemblyLoader: KSPAssemblyDependency 'CustomPreLaunchChecks' V1.0.0
[LOG 20:58:34.957] AssemblyLoader: KSPAssembly 'KerbalKonstructs' V1.12.0
[LOG 20:58:34.957] Load(Assembly): KSPCommunityFixes/Plugins/0_MultipleModuleInPartAPI
[LOG 20:58:34.957] AssemblyLoader: Loading assembly at C:\Users\lhervier\Perso\ksp-dev\GameData\KSPCommunityFixes\Plugins\0_MultipleModuleInPartAPI.dll
[LOG 20:58:34.958] AssemblyLoader: KSPAssembly 'MultipleModulePartAPI' V1.0.0
[LOG 20:58:34.958] Load(Assembly): KSPCommunityFixes/Plugins/KSPCommunityFixes
[LOG 20:58:34.958] AssemblyLoader: Loading assembly at C:\Users\lhervier\Perso\ksp-dev\GameData\KSPCommunityFixes\Plugins\KSPCommunityFixes.dll
[LOG 20:58:34.964] AssemblyLoader: KSPAssembly 'KSPCommunityFixes' V1.41.1
[LOG 20:58:34.965] AssemblyLoader: KSPAssemblyDependency 'HarmonyKSP' V1.0.0
[LOG 20:58:34.965] AssemblyLoader: KSPAssemblyDependency 'ModuleManager' V1.0.0
[LOG 20:58:34.965] AssemblyLoader: KSPAssemblyDependency 'MultipleModulePartAPI' V1.0.0
[LOG 20:58:34.965] Load(Assembly): KSPDiagLandedVessel/KSPDiagLandedVessel
[LOG 20:58:34.965] AssemblyLoader: Loading assembly at C:\Users\lhervier\Perso\ksp-dev\GameData\KSPDiagLandedVessel\KSPDiagLandedVessel.dll
[LOG 20:58:34.966] Load(Assembly): KSPDiagTerrainHeight/KSPDiagTerrainHeight
[LOG 20:58:34.966] AssemblyLoader: Loading assembly at C:\Users\lhervier\Perso\ksp-dev\GameData\KSPDiagTerrainHeight\KSPDiagTerrainHeight.dll
[LOG 20:58:34.967] Load(Assembly): KSPMCPServer/KSPMCPServer
[LOG 20:58:34.967] AssemblyLoader: Loading assembly at C:\Users\lhervier\Perso\ksp-dev\GameData\KSPMCPServer\KSPMCPServer.dll
[LOG 20:58:34.968] Load(Assembly): Squad/Plugins/KSPSteamCtrlr
[LOG 20:58:34.968] AssemblyLoader: Loading assembly at C:\Users\lhervier\Perso\ksp-dev\GameData\Squad\Plugins\KSPSteamCtrlr.dll
[LOG 20:58:34.970] AssemblyLoader: Loading assemblies
[LOG 20:58:35.039] VesselModules: Found VesselModule of type AxisGroupsModule with order 999
[LOG 20:58:35.070] VesselModules: Found VesselModule of type CometVessel with order 999
[LOG 20:58:35.071] VesselModules: Found VesselModule of type SuspensionLoadBalancer with order 999
[LOG 20:58:35.072] VesselModules: Found VesselModule of type FlightIntegrator with order 0
[LOG 20:58:35.074] VesselModules: Found VesselModule of type CommNetVessel with order 999
[LOG 20:58:35.077] VesselModules: Found 5 VesselModule types
[LOG 20:58:35.086] 
************************************************************************

Environment Info
Win32NT 7FFFFFFFFFFFFFFF  Args: KSP_x64.exe 

Mod DLLs found:
Stock assembly: Assembly-CSharp v0.0.0.0
ModuleManager v4.2.3.0
0Harmony v2.2.1.0
HarmonyInstallChecker v2.2.1.0
CustomPreLaunchChecks v1.0.0.0 / v1.8.1.0
KerbalKonstructs v2.0.0.0 / v1.12.3.0
0_MultipleModuleInPartAPI v1.0.0.0 / v1.0.0+7969fdc50bf4e350193abe5ba2e89533b12ca02f
KSPCommunityFixes v1.41.0.0 / v1.41.1+7969fdc50bf4e350193abe5ba2e89533b12ca02f / v1.41.1.0
KSPDiagLandedVessel v1.0.9772.27897
KSPDiagTerrainHeight v1.0.9772.27897
KSPMCPServer v0.0.0.0
Stock assembly: KSPSteamCtrlr v0.0.1.35

Folders and files in GameData:
000_Harmony
CustomPreLaunchChecks
KerbalKonstructs
KSPCommunityFixes
KSPDiagLandedVessel
KSPDiagTerrainHeight
KSPMCPServer
Stock folder: Squad

Stock folder: SquadExpansion

ModuleManager.4.2.3.dll
ModuleManager.ConfigCache
ModuleManager.ConfigSHA
ModuleManager.Physics
ModuleManager.TechTree

************************************************************************

[LOG 20:58:35.099] [AddonLoader]: Instantiating addon 'ModuleManager' from assembly 'ModuleManager'
[LOG 20:58:35.108] [ModuleManager] Adding post patch to the loading screen 4
[LOG 20:58:35.110] [ModuleManager] Patching started on a new thread, all output will be directed to C:\Users\lhervier\Perso\ksp-dev\Logs\ModuleManager\ModuleManager.log
[LOG 20:58:35.112] [AddonLoader]: Instantiating addon 'HarmonyInstallChecker' from assembly 'HarmonyKSP'
[LOG 20:58:35.113] [AddonLoader]: Instantiating addon 'CustomPreLaunchChecks' from assembly 'CustomPreLaunchChecks'
[LOG 20:58:35.114] [AddonLoader]: Instantiating addon 'DebugDrawer' from assembly 'KerbalKonstructs'
[LOG 20:58:35.115] [AddonLoader]: Instantiating addon 'KSPCommunityFixes' from assembly 'KSPCommunityFixes'
[LOG 20:58:35.117] [AddonLoader]: Instantiating addon 'NoIVA' from assembly 'KSPCommunityFixes'
[LOG 20:58:35.117] [AddonLoader]: Instantiating addon 'ConfigNodePerf' from assembly 'KSPCommunityFixes'
[LOG 20:58:35.286] [AddonLoader]: Instantiating addon 'KSPCFFastLoader' from assembly 'KSPCommunityFixes'
[LOG 20:58:35.287] [KSPCF] Injecting FastLoader...
[LOG 20:58:35.305] [KSPCommunityFixes] Patch GameDatabasePerf applied.
[LOG 20:58:35.373] [AddonLoader]: Instantiating addon 'ReflectionTypeLoadExceptionHandler' from assembly 'KSPCommunityFixes'
[LOG 20:58:35.375] [AddonLoader]: Instantiating addon 'KSPMCPServerMod' from assembly 'KSPMCPServer'
[LOG 20:58:35.480] [KSP-MCPServer] Tool landedvessel_record from KSPDiagLandedVessel (com.github.lhervier.ksp.diag.landedvessel.McpTools.Record)
[LOG 20:58:35.480] [KSP-MCPServer] Tool landedvessel_read from KSPDiagLandedVessel (com.github.lhervier.ksp.diag.landedvessel.McpTools.Read)
[LOG 20:58:35.480] [KSP-MCPServer] Tool landedvessel_clear from KSPDiagLandedVessel (com.github.lhervier.ksp.diag.landedvessel.McpTools.Clear)
[LOG 20:58:35.480] [KSP-MCPServer] Tool landedvessel_move_window from KSPDiagLandedVessel (com.github.lhervier.ksp.diag.landedvessel.McpTools.MoveWindow)
[LOG 20:58:35.481] [KSP-MCPServer] Tool terrainheight_record from KSPDiagTerrainHeight (com.github.lhervier.ksp.diag.terrainheight.McpTools.Record)
[LOG 20:58:35.481] [KSP-MCPServer] Tool terrainheight_read from KSPDiagTerrainHeight (com.github.lhervier.ksp.diag.terrainheight.McpTools.Read)
[LOG 20:58:35.481] [KSP-MCPServer] Tool terrainheight_clear from KSPDiagTerrainHeight (com.github.lhervier.ksp.diag.terrainheight.McpTools.Clear)
[LOG 20:58:35.481] [KSP-MCPServer] Tool terrainheight_move_window from KSPDiagTerrainHeight (com.github.lhervier.ksp.diag.terrainheight.McpTools.MoveWindow)
[LOG 20:58:35.491] [KSP-MCPServer] Listening on http://127.0.0.1:8770/mcp/ with 34 tools
[LOG 20:58:35.491] [AddonLoader]: Instantiating addon 'KSPSteamController' from assembly 'KSPSteamCtrlr'
[LOG 20:58:36.725] [KSPCF] Taking over stock loader. An exception will follow, this is intended.
[EXC 20:58:36.728] Exception: Terminating stock loader coroutine, this is intended and not an error
	KSPCommunityFixes.Performance.KSPCFFastLoader.GameDatabase_SetupMainLoaders_Prefix () (at <62bb7f5420994f409a34377c091e8538>:0)
	(wrapper dynamic-method) GameDatabase.GameDatabase.SetupMainLoaders_Patch1(GameDatabase)
	GameDatabase+<LoadObjects>d__90.MoveNext () (at <4b449f2841f84227adfaad3149c8fdba>:0)
	UnityEngine.SetupCoroutine.InvokeMoveNext (System.Collections.IEnumerator enumerator, System.IntPtr returnValueAddress) (at <12e76cd50cc64cf19e759e981cb725af>:0)
	UnityEngine.DebugLogHandler:LogException(Exception, Object)
	ModuleManager.UnityLogHandle.InterceptLogHandler:LogException(Exception, Object)
	UnityEngine.MonoBehaviour:StartCoroutine(IEnumerator)
	<CreateDatabase>d__71:MoveNext()
	UnityEngine.MonoBehaviour:StartCoroutine(IEnumerator)
	GameDatabase:StartLoad()
	<LoadSystems>d__11:MoveNext()
	UnityEngine.MonoBehaviour:StartCoroutine(IEnumerator)
	LoadingScreen:Start()
[LOG 20:58:36.771] DebugDrawer starting
[LOG 20:58:36.866] Preloading Asset Bundle Definitions
[LOG 20:58:37.092] Load Audio: Squad/Alarms/Sounds/Chirps
[LOG 20:58:37.107] Load Audio: Squad/Alarms/Sounds/Classic
[LOG 20:58:37.107] Load Audio: Squad/Alarms/Sounds/ClockTower
[LOG 20:58:37.107] Load Audio: Squad/Alarms/Sounds/ComputerGlass1
[LOG 20:58:37.107] Load Audio: Squad/Alarms/Sounds/ComputerGlass2
[LOG 20:58:37.108] Load Audio: Squad/Alarms/Sounds/ComputerShort
[LOG 20:58:37.108] Load Audio: Squad/Alarms/Sounds/ComputerTriad
[LOG 20:58:37.108] Load Audio: Squad/Alarms/Sounds/DoorBell
[LOG 20:58:37.108] Load Audio: Squad/Alarms/Sounds/Glass
[LOG 20:58:37.108] Load Audio: Squad/Alarms/Sounds/Klaxon
[LOG 20:58:37.108] Load Audio: Squad/Alarms/Sounds/Mobile
[LOG 20:58:37.108] Load Audio: Squad/Alarms/Sounds/Morning
[LOG 20:58:37.109] Load Audio: Squad/Alarms/Sounds/OldClock
[LOG 20:58:37.109] Load Audio: Squad/Alarms/Sounds/OldHorn
[LOG 20:58:37.109] Load Audio: Squad/Alarms/Sounds/Ripple
[LOG 20:58:37.109] Load Audio: Squad/Sounds/editorLoop01
[LOG 20:58:37.109] Load Audio: Squad/Sounds/elev_loop
[LOG 20:58:37.109] Load Audio: Squad/Sounds/elev_start
[LOG 20:58:37.109] Load Audio: Squad/Sounds/elev_stop
[LOG 20:58:37.110] Load Audio: Squad/Sounds/fireworks_explosion_2
[LOG 20:58:37.110] Load Audio: Squad/Sounds/fireworks_explosion_3
[LOG 20:58:37.110] Load Audio: Squad/Sounds/fireworks_explosion_4
[LOG 20:58:37.110] Load Audio: Squad/Sounds/fireworks_launch_boom
[LOG 20:58:37.110] Load Audio: Squad/Sounds/fireworks_only_crackle_crackle_1
[LOG 20:58:37.110] Load Audio: Squad/Sounds/fireworks_only_crackle_dragon_1
[LOG 20:58:37.326] Load Audio: Squad/Sounds/fireworks_only_crackle_palm_1
[LOG 20:58:37.326] Load Audio: Squad/Sounds/fireworks_whistle
[LOG 20:58:37.326] Load Audio: Squad/Sounds/ksp1_banana_V2_01
[LOG 20:58:37.327] Load Audio: Squad/Sounds/ksp1_banana_V2_04
[LOG 20:58:37.327] Load Audio: Squad/Sounds/ksp1_banana_V2_05
[LOG 20:58:37.327] Load Audio: Squad/Sounds/ksp1_golf_swing_normal
[LOG 20:58:37.327] Load Audio: Squad/Sounds/ksp1_ground_anchor_v2_1
[LOG 20:58:37.327] Load Audio: Squad/Sounds/ksp1_strunts_disconnect_v3_pitched2
[LOG 20:58:37.327] Load Audio: Squad/Sounds/repairKit_repair1
[LOG 20:58:37.327] Load Audio: Squad/Sounds/repairKit_repair2
[LOG 20:58:37.327] Load Audio: Squad/Sounds/sound_ambience_nature
[LOG 20:58:37.327] Load Audio: Squad/Sounds/sound_click_flick
[LOG 20:58:37.327] Load Audio: Squad/Sounds/sound_click_latch
[LOG 20:58:37.327] Load Audio: Squad/Sounds/sound_click_sharp
[LOG 20:58:37.327] Load Audio: Squad/Sounds/sound_click_tick
[LOG 20:58:37.328] Load Audio: Squad/Sounds/sound_click_tock
[LOG 20:58:37.328] Load Audio: Squad/Sounds/sound_decoupler_fire
[LOG 20:58:37.328] Load Audio: Squad/Sounds/sound_delete_bin
[LOG 20:58:37.328] Load Audio: Squad/Sounds/sound_explosion_debris1
[LOG 20:58:37.328] Load Audio: Squad/Sounds/sound_explosion_debris2
[LOG 20:58:37.328] Load Audio: Squad/Sounds/sound_explosion_large
[LOG 20:58:37.328] Load Audio: Squad/Sounds/sound_rocket_mini
[LOG 20:58:37.329] Load Audio: Squad/Sounds/sound_rocket_spurts
[LOG 20:58:37.329] Load Audio: Squad/Sounds/sound_servomotor
[LOG 20:58:37.329] Load Audio: Squad/Sounds/sound_tab_extend
[LOG 20:58:37.335] Load Audio: Squad/Sounds/sound_tab_retreat
[LOG 20:58:37.335] Load Audio: SquadExpansion/Serenity/Sounds/robo_arm_large_end
[LOG 20:58:37.335] Load Audio: SquadExpansion/Serenity/Sounds/robo_arm_large_motor_00
[LOG 20:58:37.336] Load Audio: SquadExpansion/Serenity/Sounds/robo_arm_large_scan
[LOG 20:58:37.336] Load Audio: SquadExpansion/Serenity/Sounds/robo_arm_large_start
[LOG 20:58:37.336] Load Audio: SquadExpansion/Serenity/Sounds/robo_arm_medium_end
[LOG 20:58:37.336] Load Audio: SquadExpansion/Serenity/Sounds/robo_arm_medium_motor_00
[LOG 20:58:37.336] Load Audio: SquadExpansion/Serenity/Sounds/robo_arm_medium_scan
[LOG 20:58:37.336] Load Audio: SquadExpansion/Serenity/Sounds/robo_arm_medium_start
[LOG 20:58:37.336] Load Audio: SquadExpansion/Serenity/Sounds/robo_arm_small_end
[LOG 20:58:37.336] Load Audio: SquadExpansion/Serenity/Sounds/robo_arm_small_motor_00
[LOG 20:58:37.337] Load Audio: SquadExpansion/Serenity/Sounds/robo_arm_small_scan
[LOG 20:58:37.337] Load Audio: SquadExpansion/Serenity/Sounds/robo_arm_small_start
[LOG 20:58:37.337] Load Audio: SquadExpansion/Serenity/Sounds/sfx_cryoVolcano_burst
[LOG 20:58:37.337] Load Audio: SquadExpansion/Serenity/Sounds/sfx_cryoVolcano_idle
[LOG 20:58:37.337] Load Audio: SquadExpansion/Serenity/Sounds/sfx_deployable_booster_antena_end
[LOG 20:58:37.337] Load Audio: SquadExpansion/Serenity/Sounds/sfx_deployable_booster_antena_start
[LOG 20:58:37.337] Load Audio: SquadExpansion/Serenity/Sounds/sfx_deployable_central_station_end
[LOG 20:58:37.338] Load Audio: SquadExpansion/Serenity/Sounds/sfx_deployable_central_station_loop
[LOG 20:58:37.338] Load Audio: SquadExpansion/Serenity/Sounds/sfx_deployable_central_station_start
[LOG 20:58:37.338] Load Audio: SquadExpansion/Serenity/Sounds/sfx_deployable_detector_end
[LOG 20:58:37.339] Load Audio: SquadExpansion/Serenity/Sounds/sfx_deployable_detector_start
[LOG 20:58:37.339] Load Audio: SquadExpansion/Serenity/Sounds/sfx_deployable_GoObEd_end
[LOG 20:58:37.339] Load Audio: SquadExpansion/Serenity/Sounds/sfx_deployable_GoObEd_loop
[LOG 20:58:37.339] Load Audio: SquadExpansion/Serenity/Sounds/sfx_deployable_GoObEd_start
[LOG 20:58:37.375] Load Audio: SquadExpansion/Serenity/Sounds/sfx_deployable_rtg_end
[LOG 20:58:37.375] Load Audio: SquadExpansion/Serenity/Sounds/sfx_deployable_rtg_start
[LOG 20:58:37.375] Load Audio: SquadExpansion/Serenity/Sounds/sfx_deployable_seismometer_end
[LOG 20:58:37.375] Load Audio: SquadExpansion/Serenity/Sounds/sfx_deployable_seismometer_start
[LOG 20:58:37.375] Load Audio: SquadExpansion/Serenity/Sounds/sfx_deployable_solar_panel_end
[LOG 20:58:37.375] Load Audio: SquadExpansion/Serenity/Sounds/sfx_deployable_solar_panel_start
[LOG 20:58:37.376] Load Audio: SquadExpansion/Serenity/Sounds/sfx_deployable_weather_station_end
[LOG 20:58:37.376] Load Audio: SquadExpansion/Serenity/Sounds/sfx_deployable_weather_station_loop
[LOG 20:58:37.376] Load Audio: SquadExpansion/Serenity/Sounds/sfx_deployable_weather_station_start
[LOG 20:58:37.376] Load Audio: SquadExpansion/Serenity/Sounds/sfx_geyser_burst
[LOG 20:58:37.376] Load Audio: SquadExpansion/Serenity/Sounds/sfx_geyser_idle
[LOG 20:58:37.395] Load PNG texture: KerbalKonstructs/Assets/ANYMapIcon
[LOG 20:58:37.399] [KSPCF] PNG texture 'KerbalKonstructs/Assets/ANYMapIcon' was converted to DXT5 and has been cached for future reloads
[LOG 20:58:37.403] Load PNG texture: KerbalKonstructs/Assets/banner
[WRN 20:58:37.404] Texture isn't eligible for DXT compression, width and height must be multiples of 4
[LOG 20:58:37.404] Load PNG texture: KerbalKonstructs/Assets/BaseManagerIcon
[WRN 20:58:37.404] Texture isn't eligible for DXT compression, width and height must be multiples of 4
[LOG 20:58:37.404] Load PNG texture: KerbalKonstructs/Assets/billeted
[WRN 20:58:37.404] Texture isn't eligible for DXT compression, width and height must be multiples of 4
[LOG 20:58:37.404] Load PNG texture: KerbalKonstructs/Assets/boatlaunchIcon
[LOG 20:58:37.405] [KSPCF] PNG texture 'KerbalKonstructs/Assets/boatlaunchIcon' was converted to DXT5 and has been cached for future reloads
[LOG 20:58:37.405] Load PNG texture: KerbalKonstructs/Assets/cancelsearch
[LOG 20:58:37.406] [KSPCF] PNG texture 'KerbalKonstructs/Assets/cancelsearch' was converted to DXT5 and has been cached for future reloads
[LOG 20:58:37.407] Load PNG texture: KerbalKonstructs/Assets/closedlaunchsite
[LOG 20:58:37.408] [KSPCF] PNG texture 'KerbalKonstructs/Assets/closedlaunchsite' was converted to DXT5 and has been cached for future reloads
[LOG 20:58:37.408] Load PNG texture: KerbalKonstructs/Assets/copypos
[LOG 20:58:37.408] [KSPCF] PNG texture 'KerbalKonstructs/Assets/copypos' was converted to DXT5 and has been cached for future reloads
[LOG 20:58:37.408] Load PNG texture: KerbalKonstructs/Assets/cubes
[LOG 20:58:37.411] [KSPCF] PNG texture 'KerbalKonstructs/Assets/cubes' was converted to DXT5 and has been cached for future reloads
[LOG 20:58:37.411] Load PNG texture: KerbalKonstructs/Assets/DefaultSiteLogo
[WRN 20:58:37.411] Texture isn't eligible for DXT compression, width and height must be multiples of 4
[LOG 20:58:37.411] Load PNG texture: KerbalKonstructs/Assets/focuson
[LOG 20:58:37.412] [KSPCF] PNG texture 'KerbalKonstructs/Assets/focuson' was converted to DXT5 and has been cached for future reloads
[LOG 20:58:37.412] Load PNG texture: KerbalKonstructs/Assets/foldin
[LOG 20:58:37.413] [KSPCF] PNG texture 'KerbalKonstructs/Assets/foldin' was converted to DXT5 and has been cached for future reloads
[LOG 20:58:37.413] Load PNG texture: KerbalKonstructs/Assets/foldout
[LOG 20:58:37.414] [KSPCF] PNG texture 'KerbalKonstructs/Assets/foldout' was converted to DXT5 and has been cached for future reloads
[LOG 20:58:37.414] Load PNG texture: KerbalKonstructs/Assets/horizontalsep
[LOG 20:58:37.415] [KSPCF] PNG texture 'KerbalKonstructs/Assets/horizontalsep' was converted to DXT5 and has been cached for future reloads
[LOG 20:58:37.415] Load PNG texture: KerbalKonstructs/Assets/horizontalsep2
[WRN 20:58:37.415] Texture isn't eligible for DXT compression, width and height must be multiples of 4
[LOG 20:58:37.415] Load PNG texture: KerbalKonstructs/Assets/horizontalsep3
[LOG 20:58:37.416] [KSPCF] PNG texture 'KerbalKonstructs/Assets/horizontalsep3' was converted to DXT5 and has been cached for future reloads
[LOG 20:58:37.416] Load PNG texture: KerbalKonstructs/Assets/isFavourite
[LOG 20:58:37.417] [KSPCF] PNG texture 'KerbalKonstructs/Assets/isFavourite' was converted to DXT5 and has been cached for future reloads
[LOG 20:58:37.418] Load PNG texture: KerbalKonstructs/Assets/kscadmin
[LOG 20:58:37.419] [KSPCF] PNG texture 'KerbalKonstructs/Assets/kscadmin' was converted to DXT5 and has been cached for future reloads
[LOG 20:58:37.419] Load PNG texture: KerbalKonstructs/Assets/kscadminister
[WRN 20:58:37.419] Texture isn't eligible for DXT compression, width and height must be multiples of 4
[LOG 20:58:37.419] Load PNG texture: KerbalKonstructs/Assets/kscassembly
[WRN 20:58:37.419] Texture isn't eligible for DXT compression, width and height must be multiples of 4
[LOG 20:58:37.419] Load PNG texture: KerbalKonstructs/Assets/kscastro
[LOG 20:58:37.420] [KSPCF] PNG texture 'KerbalKonstructs/Assets/kscastro' was converted to DXT5 and has been cached for future reloads
[LOG 20:58:37.420] Load PNG texture: KerbalKonstructs/Assets/ksccommand
[LOG 20:58:37.422] [KSPCF] PNG texture 'KerbalKonstructs/Assets/ksccommand' was converted to DXT5 and has been cached for future reloads
[LOG 20:58:37.422] Load PNG texture: KerbalKonstructs/Assets/ksccontrol
[WRN 20:58:37.422] Texture isn't eligible for DXT compression, width and height must be multiples of 4
[LOG 20:58:37.422] Load PNG texture: KerbalKonstructs/Assets/kschangar
[WRN 20:58:37.422] Texture isn't eligible for DXT compression, width and height must be multiples of 4
[LOG 20:58:37.422] Load PNG texture: KerbalKonstructs/Assets/kscHelipadIcon
[LOG 20:58:37.424] [KSPCF] PNG texture 'KerbalKonstructs/Assets/kscHelipadIcon' was converted to DXT5 and has been cached for future reloads
[LOG 20:58:37.424] Load PNG texture: KerbalKonstructs/Assets/ksclabs
[WRN 20:58:37.424] Texture isn't eligible for DXT compression, width and height must be multiples of 4
[LOG 20:58:37.424] Load PNG texture: KerbalKonstructs/Assets/ksclaunch
[LOG 20:58:37.425] [KSPCF] PNG texture 'KerbalKonstructs/Assets/ksclaunch' was converted to DXT5 and has been cached for future reloads
[LOG 20:58:37.425] Load PNG texture: KerbalKonstructs/Assets/KSCLaunchpad
[WRN 20:58:37.426] Texture isn't eligible for DXT compression, width and height must be multiples of 4
[LOG 20:58:37.426] Load PNG texture: KerbalKonstructs/Assets/kscpad
[WRN 20:58:37.426] Texture isn't eligible for DXT compression, width and height must be multiples of 4
[LOG 20:58:37.426] Load PNG texture: KerbalKonstructs/Assets/kscquarters
[WRN 20:58:37.426] Texture isn't eligible for DXT compression, width and height must be multiples of 4
[LOG 20:58:37.426] Load PNG texture: KerbalKonstructs/Assets/kscrnd
[LOG 20:58:37.427] [KSPCF] PNG texture 'KerbalKonstructs/Assets/kscrnd' was converted to DXT5 and has been cached for future reloads
[LOG 20:58:37.429] Load PNG texture: KerbalKonstructs/Assets/kscrun
[LOG 20:58:37.430] [KSPCF] PNG texture 'KerbalKonstructs/Assets/kscrun' was converted to DXT5 and has been cached for future reloads
[LOG 20:58:37.430] Load PNG texture: KerbalKonstructs/Assets/KSCRunway
[WRN 20:58:37.430] Texture isn't eligible for DXT compression, width and height must be multiples of 4
[LOG 20:58:37.430] Load PNG texture: KerbalKonstructs/Assets/kscRunwayIcon
[LOG 20:58:37.431] [KSPCF] PNG texture 'KerbalKonstructs/Assets/kscRunwayIcon' was converted to DXT5 and has been cached for future reloads
[LOG 20:58:37.432] Load PNG texture: KerbalKonstructs/Assets/kscsph
[LOG 20:58:37.433] [KSPCF] PNG texture 'KerbalKonstructs/Assets/kscsph' was converted to DXT5 and has been cached for future reloads
[LOG 20:58:37.433] Load PNG texture: KerbalKonstructs/Assets/ksctrack
[WRN 20:58:37.433] Texture isn't eligible for DXT compression, width and height must be multiples of 4
[LOG 20:58:37.433] Load PNG texture: KerbalKonstructs/Assets/ksctracking
[LOG 20:58:37.435] [KSPCF] PNG texture 'KerbalKonstructs/Assets/ksctracking' was converted to DXT5 and has been cached for future reloads
[LOG 20:58:37.435] Load PNG texture: KerbalKonstructs/Assets/kscvab
[LOG 20:58:37.436] [KSPCF] PNG texture 'KerbalKonstructs/Assets/kscvab' was converted to DXT5 and has been cached for future reloads
[LOG 20:58:37.436] Load PNG texture: KerbalKonstructs/Assets/kscway
[WRN 20:58:37.436] Texture isn't eligible for DXT compression, width and height must be multiples of 4
[LOG 20:58:37.436] Load PNG texture: KerbalKonstructs/Assets/leftoff
[LOG 20:58:37.437] [KSPCF] PNG texture 'KerbalKonstructs/Assets/leftoff' was converted to DXT5 and has been cached for future reloads
[LOG 20:58:37.437] Load PNG texture: KerbalKonstructs/Assets/lefton
[LOG 20:58:37.439] [KSPCF] PNG texture 'KerbalKonstructs/Assets/lefton' was converted to DXT5 and has been cached for future reloads
[LOG 20:58:37.439] Load PNG texture: KerbalKonstructs/Assets/lgbottom
[WRN 20:58:37.439] Texture isn't eligible for DXT compression, width and height must be multiples of 4
[LOG 20:58:37.439] Load PNG texture: KerbalKonstructs/Assets/lgmiddle
[LOG 20:58:37.441] [KSPCF] PNG texture 'KerbalKonstructs/Assets/lgmiddle' was converted to DXT5 and has been cached for future reloads
[LOG 20:58:37.441] Load PNG texture: KerbalKonstructs/Assets/lgtop
[WRN 20:58:37.441] Texture isn't eligible for DXT compression, width and height must be multiples of 4
[LOG 20:58:37.441] Load PNG texture: KerbalKonstructs/Assets/littleclose
[LOG 20:58:37.443] [KSPCF] PNG texture 'KerbalKonstructs/Assets/littleclose' was converted to DXT5 and has been cached for future reloads
[LOG 20:58:37.443] Load PNG texture: KerbalKonstructs/Assets/makefavourite
[LOG 20:58:37.444] [KSPCF] PNG texture 'KerbalKonstructs/Assets/makefavourite' was converted to DXT5 and has been cached for future reloads
[LOG 20:58:37.444] Load PNG texture: KerbalKonstructs/Assets/mapButtonHover
[LOG 20:58:37.445] [KSPCF] PNG texture 'KerbalKonstructs/Assets/mapButtonHover' was converted to DXT5 and has been cached for future reloads
[LOG 20:58:37.445] Load PNG texture: KerbalKonstructs/Assets/mapButtonNormal
[LOG 20:58:37.446] [KSPCF] PNG texture 'KerbalKonstructs/Assets/mapButtonNormal' was converted to DXT5 and has been cached for future reloads
[LOG 20:58:37.446] Load PNG texture: KerbalKonstructs/Assets/mapClosedBasesOff
[LOG 20:58:37.447] [KSPCF] PNG texture 'KerbalKonstructs/Assets/mapClosedBasesOff' was converted to DXT5 and has been cached for future reloads
[LOG 20:58:37.447] Load PNG texture: KerbalKonstructs/Assets/mapClosedBasesOn
[LOG 20:58:37.448] [KSPCF] PNG texture 'KerbalKonstructs/Assets/mapClosedBasesOn' was converted to DXT5 and has been cached for future reloads
[LOG 20:58:37.448] Load PNG texture: KerbalKonstructs/Assets/mapDownlinksOff
[LOG 20:58:37.449] [KSPCF] PNG texture 'KerbalKonstructs/Assets/mapDownlinksOff' was converted to DXT5 and has been cached for future reloads
[LOG 20:58:37.449] Load PNG texture: KerbalKonstructs/Assets/mapDownlinksOn
[LOG 20:58:37.451] [KSPCF] PNG texture 'KerbalKonstructs/Assets/mapDownlinksOn' was converted to DXT5 and has been cached for future reloads
[LOG 20:58:37.451] Load PNG texture: KerbalKonstructs/Assets/mapFavouritesOff
[LOG 20:58:37.452] [KSPCF] PNG texture 'KerbalKonstructs/Assets/mapFavouritesOff' was converted to DXT5 and has been cached for future reloads
[LOG 20:58:37.452] Load PNG texture: KerbalKonstructs/Assets/mapFavouritesOn
[LOG 20:58:37.453] [KSPCF] PNG texture 'KerbalKonstructs/Assets/mapFavouritesOn' was converted to DXT5 and has been cached for future reloads
[LOG 20:58:37.453] Load PNG texture: KerbalKonstructs/Assets/mapGroundCommsOff
[LOG 20:58:37.454] [KSPCF] PNG texture 'KerbalKonstructs/Assets/mapGroundCommsOff' was converted to DXT5 and has been cached for future reloads
[LOG 20:58:37.454] Load PNG texture: KerbalKonstructs/Assets/mapGroundCommsOn
[LOG 20:58:37.455] [KSPCF] PNG texture 'KerbalKonstructs/Assets/mapGroundCommsOn' was converted to DXT5 and has been cached for future reloads
[LOG 20:58:37.455] Load PNG texture: KerbalKonstructs/Assets/mapHelipadsOff
[LOG 20:58:37.456] [KSPCF] PNG texture 'KerbalKonstructs/Assets/mapHelipadsOff' was converted to DXT5 and has been cached for future reloads
[LOG 20:58:37.456] Load PNG texture: KerbalKonstructs/Assets/mapHelipadsOn
[LOG 20:58:37.457] [KSPCF] PNG texture 'KerbalKonstructs/Assets/mapHelipadsOn' was converted to DXT5 and has been cached for future reloads
[LOG 20:58:37.457] Load PNG texture: KerbalKonstructs/Assets/mapHideOff
[LOG 20:58:37.459] [KSPCF] PNG texture 'KerbalKonstructs/Assets/mapHideOff' was converted to DXT5 and has been cached for future reloads
[LOG 20:58:37.459] Load PNG texture: KerbalKonstructs/Assets/mapHideOn
[LOG 20:58:37.459] [KSPCF] PNG texture 'KerbalKonstructs/Assets/mapHideOn' was converted to DXT5 and has been cached for future reloads
[LOG 20:58:37.459] Load PNG texture: KerbalKonstructs/Assets/mapLaunchpadsOff
[LOG 20:58:37.461] [KSPCF] PNG texture 'KerbalKonstructs/Assets/mapLaunchpadsOff' was converted to DXT5 and has been cached for future reloads
[LOG 20:58:37.462] Load PNG texture: KerbalKonstructs/Assets/mapLaunchpadsOn
[LOG 20:58:37.464] [KSPCF] PNG texture 'KerbalKonstructs/Assets/mapLaunchpadsOn' was converted to DXT5 and has been cached for future reloads
[LOG 20:58:37.464] Load PNG texture: KerbalKonstructs/Assets/mapOpenBasesOff
[LOG 20:58:37.465] [KSPCF] PNG texture 'KerbalKonstructs/Assets/mapOpenBasesOff' was converted to DXT5 and has been cached for future reloads
[LOG 20:58:37.465] Load PNG texture: KerbalKonstructs/Assets/mapOpenBasesOn
[LOG 20:58:37.466] [KSPCF] PNG texture 'KerbalKonstructs/Assets/mapOpenBasesOn' was converted to DXT5 and has been cached for future reloads
[LOG 20:58:37.466] Load PNG texture: KerbalKonstructs/Assets/mapOtherOff
[LOG 20:58:37.467] [KSPCF] PNG texture 'KerbalKonstructs/Assets/mapOtherOff' was converted to DXT5 and has been cached for future reloads
[LOG 20:58:37.467] Load PNG texture: KerbalKonstructs/Assets/mapOtherOn
[LOG 20:58:37.468] [KSPCF] PNG texture 'KerbalKonstructs/Assets/mapOtherOn' was converted to DXT5 and has been cached for future reloads
[LOG 20:58:37.468] Load PNG texture: KerbalKonstructs/Assets/mapRadarOff
[LOG 20:58:37.469] [KSPCF] PNG texture 'KerbalKonstructs/Assets/mapRadarOff' was converted to DXT5 and has been cached for future reloads
[LOG 20:58:37.469] Load PNG texture: KerbalKonstructs/Assets/mapRadarOn
[LOG 20:58:37.470] [KSPCF] PNG texture 'KerbalKonstructs/Assets/mapRadarOn' was converted to DXT5 and has been cached for future reloads
[LOG 20:58:37.470] Load PNG texture: KerbalKonstructs/Assets/mapRunwaysOff
[LOG 20:58:37.471] [KSPCF] PNG texture 'KerbalKonstructs/Assets/mapRunwaysOff' was converted to DXT5 and has been cached for future reloads
[LOG 20:58:37.471] Load PNG texture: KerbalKonstructs/Assets/mapRunwaysOn
[LOG 20:58:37.472] [KSPCF] PNG texture 'KerbalKonstructs/Assets/mapRunwaysOn' was converted to DXT5 and has been cached for future reloads
[LOG 20:58:37.472] Load PNG texture: KerbalKonstructs/Assets/mapTrackingOff
[LOG 20:58:37.473] [KSPCF] PNG texture 'KerbalKonstructs/Assets/mapTrackingOff' was converted to DXT5 and has been cached for future reloads
[LOG 20:58:37.473] Load PNG texture: KerbalKonstructs/Assets/mapTrackingOn
[LOG 20:58:37.474] [KSPCF] PNG texture 'KerbalKonstructs/Assets/mapTrackingOn' was converted to DXT5 and has been cached for future reloads
[LOG 20:58:37.474] Load PNG texture: KerbalKonstructs/Assets/mapUplinksOff
[LOG 20:58:37.476] [KSPCF] PNG texture 'KerbalKonstructs/Assets/mapUplinksOff' was converted to DXT5 and has been cached for future reloads
[LOG 20:58:37.476] Load PNG texture: KerbalKonstructs/Assets/mapUplinksOn
[LOG 20:58:37.477] [KSPCF] PNG texture 'KerbalKonstructs/Assets/mapUplinksOn' was converted to DXT5 and has been cached for future reloads
[LOG 20:58:37.477] Load PNG texture: KerbalKonstructs/Assets/mapWaterOff
[LOG 20:58:37.479] [KSPCF] PNG texture 'KerbalKonstructs/Assets/mapWaterOff' was converted to DXT5 and has been cached for future reloads
[LOG 20:58:37.479] Load PNG texture: KerbalKonstructs/Assets/mapWaterOn
[LOG 20:58:37.480] [KSPCF] PNG texture 'KerbalKonstructs/Assets/mapWaterOn' was converted to DXT5 and has been cached for future reloads
[LOG 20:58:37.480] Load PNG texture: KerbalKonstructs/Assets/openedlaunchsite
[LOG 20:58:37.482] [KSPCF] PNG texture 'KerbalKonstructs/Assets/openedlaunchsite' was converted to DXT5 and has been cached for future reloads
[LOG 20:58:37.482] Load PNG texture: KerbalKonstructs/Assets/pastepos
[LOG 20:58:37.483] [KSPCF] PNG texture 'KerbalKonstructs/Assets/pastepos' was converted to DXT5 and has been cached for future reloads
[LOG 20:58:37.483] Load PNG texture: KerbalKonstructs/Assets/radarcover
[LOG 20:58:37.484] [KSPCF] PNG texture 'KerbalKonstructs/Assets/radarcover' was converted to DXT5 and has been cached for future reloads
[LOG 20:58:37.484] Load PNG texture: KerbalKonstructs/Assets/recoveryBase
[LOG 20:58:37.489] [KSPCF] PNG texture 'KerbalKonstructs/Assets/recoveryBase' was converted to DXT5 and has been cached for future reloads
[LOG 20:58:37.489] Load PNG texture: KerbalKonstructs/Assets/rightoff
[LOG 20:58:37.490] [KSPCF] PNG texture 'KerbalKonstructs/Assets/rightoff' was converted to DXT5 and has been cached for future reloads
[LOG 20:58:37.490] Load PNG texture: KerbalKonstructs/Assets/righton
[LOG 20:58:37.491] [KSPCF] PNG texture 'KerbalKonstructs/Assets/righton' was converted to DXT5 and has been cached for future reloads
[LOG 20:58:37.491] Load PNG texture: KerbalKonstructs/Assets/search
[LOG 20:58:37.492] [KSPCF] PNG texture 'KerbalKonstructs/Assets/search' was converted to DXT5 and has been cached for future reloads
[LOG 20:58:37.492] Load PNG texture: KerbalKonstructs/Assets/setaslaunchsite
[LOG 20:58:37.493] [KSPCF] PNG texture 'KerbalKonstructs/Assets/setaslaunchsite' was converted to DXT5 and has been cached for future reloads
[LOG 20:58:37.493] Load PNG texture: KerbalKonstructs/Assets/settingscross
[LOG 20:58:37.494] [KSPCF] PNG texture 'KerbalKonstructs/Assets/settingscross' was converted to DXT5 and has been cached for future reloads
[LOG 20:58:37.494] Load PNG texture: KerbalKonstructs/Assets/settingstick
[LOG 20:58:37.495] [KSPCF] PNG texture 'KerbalKonstructs/Assets/settingstick' was converted to DXT5 and has been cached for future reloads
[LOG 20:58:37.496] Load PNG texture: KerbalKonstructs/Assets/siteclosed
[WRN 20:58:37.497] Texture isn't eligible for DXT compression, width and height must be multiples of 4
[LOG 20:58:37.497] Load PNG texture: KerbalKonstructs/Assets/siteopen
[WRN 20:58:37.497] Texture isn't eligible for DXT compression, width and height must be multiples of 4
[LOG 20:58:37.497] Load PNG texture: KerbalKonstructs/Assets/SiteToolbarIcon
[WRN 20:58:37.497] Texture isn't eligible for DXT compression, width and height must be multiples of 4
[LOG 20:58:37.497] Load PNG texture: KerbalKonstructs/Assets/snapto
[LOG 20:58:37.498] [KSPCF] PNG texture 'KerbalKonstructs/Assets/snapto' was converted to DXT5 and has been cached for future reloads
[LOG 20:58:37.498] Load PNG texture: KerbalKonstructs/Assets/terrain
[LOG 20:58:37.499] [KSPCF] PNG texture 'KerbalKonstructs/Assets/terrain' was converted to DXT5 and has been cached for future reloads
[LOG 20:58:37.499] Load PNG texture: KerbalKonstructs/Assets/titlebaricon
[LOG 20:58:37.500] [KSPCF] PNG texture 'KerbalKonstructs/Assets/titlebaricon' was converted to DXT5 and has been cached for future reloads
[LOG 20:58:37.500] Load PNG texture: KerbalKonstructs/Assets/touchdownL
[LOG 20:58:37.503] [KSPCF] PNG texture 'KerbalKonstructs/Assets/touchdownL' was converted to DXT5 and has been cached for future reloads
[LOG 20:58:37.503] Load PNG texture: KerbalKonstructs/Assets/touchdownR
[LOG 20:58:37.505] [KSPCF] PNG texture 'KerbalKonstructs/Assets/touchdownR' was converted to DXT5 and has been cached for future reloads
[LOG 20:58:37.505] Load PNG texture: KerbalKonstructs/Assets/TrackingMapIcon
[LOG 20:58:37.506] [KSPCF] PNG texture 'KerbalKonstructs/Assets/TrackingMapIcon' was converted to DXT5 and has been cached for future reloads
[LOG 20:58:37.506] Load PNG texture: KerbalKonstructs/Assets/unbilleted
[WRN 20:58:37.506] Texture isn't eligible for DXT compression, width and height must be multiples of 4
[LOG 20:58:37.506] Load PNG texture: KerbalKonstructs/Assets/VABMapIcon
[LOG 20:58:37.507] [KSPCF] PNG texture 'KerbalKonstructs/Assets/VABMapIcon' was converted to DXT5 and has been cached for future reloads
[LOG 20:58:37.507] Load PNG texture: KerbalKonstructs/Assets/verticalsep
[WRN 20:58:37.507] Texture isn't eligible for DXT compression, width and height must be multiples of 4
[LOG 20:58:37.507] Load PNG texture: KerbalKonstructs/Assets/world
[LOG 20:58:37.509] [KSPCF] PNG texture 'KerbalKonstructs/Assets/world' was converted to DXT5 and has been cached for future reloads
[LOG 20:58:37.509] Load PNG texture: KerbalKonstructs/Assets/xpgained
[WRN 20:58:37.509] Texture isn't eligible for DXT compression, width and height must be multiples of 4
[LOG 20:58:37.509] Load PNG texture: KerbalKonstructs/Assets/xpungained
[WRN 20:58:37.509] Texture isn't eligible for DXT compression, width and height must be multiples of 4
[LOG 20:58:37.509] Load PNG texture: KerbalKonstructs/Assets/Colors/legacyGrassColors
[LOG 20:58:37.510] [KSPCF] PNG texture 'KerbalKonstructs/Assets/Colors/legacyGrassColors' was converted to DXT5 and has been cached for future reloads
[LOG 20:58:37.510] Load DDS texture: KerbalKonstructs/Assets/CommunityTextures/Blast_01_Damonvv
[LOG 20:58:37.514] Load DDS texture: KerbalKonstructs/Assets/CommunityTextures/Blast_02_Damonvv
[LOG 20:58:37.514] Load DDS texture: KerbalKonstructs/Assets/CommunityTextures/Containers_Damonvv
[LOG 20:58:37.515] Load DDS texture: KerbalKonstructs/Assets/CommunityTextures/Containers_Damonvv_NRM
[LOG 20:58:37.522] Load DDS texture: KerbalKonstructs/Assets/CommunityTextures/DrainLaunchpad
[LOG 20:58:37.529] Load DDS texture: KerbalKonstructs/Assets/Smoke/KKPadSmoke1/ember1
[LOG 20:58:37.535] Load DDS texture: KerbalKonstructs/Assets/Smoke/KKPadSmoke1/smoke2
[LOG 20:58:37.543] Load DDS texture: KerbalKonstructs/Assets/Smoke/KKPadSmoke1/smoke5
[LOG 20:58:37.544] Load PNG texture: KerbalKonstructs/Flags/Kerbal Konstructs
[WRN 20:58:37.545] Texture isn't eligible for DXT compression, width and height must be multiples of 4
[LOG 20:58:37.545] Load PNG texture: KerbalKonstructs/FreeStatics/KKflagDemo/KKFlagDemoBboard
[LOG 20:58:37.546] [KSPCF] PNG texture 'KerbalKonstructs/FreeStatics/KKflagDemo/KKFlagDemoBboard' was converted to DXT5 and has been cached for future reloads
[LOG 20:58:37.546] Load PNG texture: KerbalKonstructs/FreeStatics/RunwayMarkings/AimPoint
[LOG 20:58:37.553] [KSPCF] PNG texture 'KerbalKonstructs/FreeStatics/RunwayMarkings/AimPoint' was converted to DXT5 and has been cached for future reloads
[LOG 20:58:37.553] Load PNG texture: KerbalKonstructs/FreeStatics/RunwayMarkings/Displacement
[LOG 20:58:37.555] [KSPCF] PNG texture 'KerbalKonstructs/FreeStatics/RunwayMarkings/Displacement' was converted to DXT5 and has been cached for future reloads
[LOG 20:58:37.556] Load PNG texture: KerbalKonstructs/FreeStatics/RunwayMarkings/Fixed1500
[LOG 20:58:37.561] [KSPCF] PNG texture 'KerbalKonstructs/FreeStatics/RunwayMarkings/Fixed1500' was converted to DXT5 and has been cached for future reloads
[LOG 20:58:37.564] Load PNG texture: KerbalKonstructs/FreeStatics/RunwayMarkings/Fixed500
[LOG 20:58:37.568] [KSPCF] PNG texture 'KerbalKonstructs/FreeStatics/RunwayMarkings/Fixed500' was converted to DXT5 and has been cached for future reloads
[LOG 20:58:37.569] Load PNG texture: KerbalKonstructs/FreeStatics/RunwayMarkings/runway_symbols
[WRN 20:58:37.573] Texture isn't eligible for DXT compression, width and height must be multiples of 4
[LOG 20:58:37.573] Load PNG texture: KerbalKonstructs/FreeStatics/RunwayMarkings/Threshold6
[LOG 20:58:37.576] [KSPCF] PNG texture 'KerbalKonstructs/FreeStatics/RunwayMarkings/Threshold6' was converted to DXT5 and has been cached for future reloads
[LOG 20:58:37.576] Load PNG texture: KerbalKonstructs/FreeStatics/RunwayMarkings/Threshold8
[LOG 20:58:37.579] [KSPCF] PNG texture 'KerbalKonstructs/FreeStatics/RunwayMarkings/Threshold8' was converted to DXT5 and has been cached for future reloads
[LOG 20:58:37.579] Load PNG texture: KerbalKonstructs/MapDecalMaps/AllBlack
[LOG 20:58:37.583] [KSPCF] PNG texture 'KerbalKonstructs/MapDecalMaps/AllBlack' was converted to DXT5 and has been cached for future reloads
[LOG 20:58:37.583] Load PNG texture: KerbalKonstructs/MapDecalMaps/CircleSlope
[LOG 20:58:37.598] [KSPCF] PNG texture 'KerbalKonstructs/MapDecalMaps/CircleSlope' was converted to DXT5 and has been cached for future reloads
[LOG 20:58:37.598] Load PNG texture: KerbalKonstructs/MapDecalMaps/diagonalSlope
[LOG 20:58:37.617] [KSPCF] PNG texture 'KerbalKonstructs/MapDecalMaps/diagonalSlope' was converted to DXT5 and has been cached for future reloads
[LOG 20:58:37.618] Load PNG texture: KerbalKonstructs/MapDecalMaps/HoleDecal
[LOG 20:58:37.627] [KSPCF] PNG texture 'KerbalKonstructs/MapDecalMaps/HoleDecal' was converted to DXT5 and has been cached for future reloads
[LOG 20:58:37.627] Load PNG texture: KerbalKonstructs/MapDecalMaps/Lava
[LOG 20:58:37.630] [KSPCF] PNG texture 'KerbalKonstructs/MapDecalMaps/Lava' was converted to DXT5 and has been cached for future reloads
[LOG 20:58:37.630] Load PNG texture: KerbalKonstructs/MapDecalMaps/SquarePlateauSloped
[LOG 20:58:37.639] [KSPCF] PNG texture 'KerbalKonstructs/MapDecalMaps/SquarePlateauSloped' was converted to DXT5 and has been cached for future reloads
[LOG 20:58:37.639] Load PNG texture: KerbalKonstructs/MapDecalMaps/SquareSlope
[LOG 20:58:37.652] [KSPCF] PNG texture 'KerbalKonstructs/MapDecalMaps/SquareSlope' was converted to DXT5 and has been cached for future reloads
[LOG 20:58:37.654] Load PNG texture: KerbalKonstructs/MapDecalMaps/Test
[LOG 20:58:37.668] [KSPCF] PNG texture 'KerbalKonstructs/MapDecalMaps/Test' was converted to DXT5 and has been cached for future reloads
[LOG 20:58:37.670] Load DDS texture: KSPCommunityFixes/MMPatches/StockTweaks/Icons/Clamp-O-Tron
[LOG 20:58:37.670] Load TRUECOLOR texture: KSPCommunityFixes/MMPatches/StockTweaks/Icons/Clamp-O-Tron_scaled
[LOG 20:58:37.670] Load DDS texture: KSPCommunityFixes/MMPatches/StockTweaks/Icons/FreeFallParachutes
[LOG 20:58:37.670] Load TRUECOLOR texture: KSPCommunityFixes/MMPatches/StockTweaks/Icons/FreeFallParachutes_scaled
[LOG 20:58:37.671] Load DDS texture: KSPCommunityFixes/MMPatches/StockTweaks/Icons/LightYearTireCompany
[LOG 20:58:37.671] Load TRUECOLOR texture: KSPCommunityFixes/MMPatches/StockTweaks/Icons/LightYearTireCompany_scaled
[LOG 20:58:37.671] Load DDS texture: KSPCommunityFixes/MMPatches/StockTweaks/Icons/StratusCorporation
[LOG 20:58:37.671] Load TRUECOLOR texture: KSPCommunityFixes/MMPatches/StockTweaks/Icons/StratusCorporation_scaled
[LOG 20:58:37.671] Load DDS texture: Squad/Agencies/C7AerospaceDivision
[LOG 20:58:37.671] Load TRUECOLOR texture: Squad/Agencies/C7AerospaceDivision_scaled
[LOG 20:58:37.672] Load DDS texture: Squad/Agencies/DinkelsteinKermansConstructionEmporium
[LOG 20:58:37.672] Load TRUECOLOR texture: Squad/Agencies/DinkelsteinKermansConstructionEmporium_scaled
[LOG 20:58:37.672] Load DDS texture: Squad/Agencies/ExperimentalEngineering
[LOG 20:58:37.672] Load TRUECOLOR texture: Squad/Agencies/ExperimentalEngineering_scaled
[LOG 20:58:37.672] Load DDS texture: Squad/Agencies/FlooydResearchLab
[LOG 20:58:37.672] Load TRUECOLOR texture: Squad/Agencies/FlooydResearchLab_scaled
[LOG 20:58:37.672] Load DDS texture: Squad/Agencies/GoliathNationalProducts
[LOG 20:58:37.672] Load TRUECOLOR texture: Squad/Agencies/GoliathNationalProducts_scaled
[LOG 20:58:37.672] Load DDS texture: Squad/Agencies/IntegratedIntegrals
[LOG 20:58:37.672] Load TRUECOLOR texture: Squad/Agencies/IntegratedIntegrals_scaled
[LOG 20:58:37.673] Load DDS texture: Squad/Agencies/IonicSymphonicProtonicElectronics
[LOG 20:58:37.673] Load TRUECOLOR texture: Squad/Agencies/IonicSymphonicProtonicElectronics_scaled
[LOG 20:58:37.673] Load DDS texture: Squad/Agencies/JebsJunkyard
[LOG 20:58:37.673] Load TRUECOLOR texture: Squad/Agencies/JebsJunkyard_scaled
[LOG 20:58:37.673] Load DDS texture: Squad/Agencies/KerbalMotion
[LOG 20:58:37.673] Load TRUECOLOR texture: Squad/Agencies/KerbalMotion_scaled
[LOG 20:58:37.673] Load DDS texture: Squad/Agencies/KerbinWorldFirstRecordKeepingSociety
[LOG 20:58:37.673] Load TRUECOLOR texture: Squad/Agencies/KerbinWorldFirstRecordKeepingSociety_scaled
[LOG 20:58:37.674] Load DDS texture: Squad/Agencies/Kerbodyne
[LOG 20:58:37.674] Load TRUECOLOR texture: Squad/Agencies/Kerbodyne_scaled
[LOG 20:58:37.674] Load DDS texture: Squad/Agencies/Kerlington
[LOG 20:58:37.674] Load TRUECOLOR texture: Squad/Agencies/Kerlington_scaled
[LOG 20:58:37.674] Load DDS texture: Squad/Agencies/MaxoConstructionToys
[LOG 20:58:37.674] Load TRUECOLOR texture: Squad/Agencies/MaxoConstructionToys_scaled
[LOG 20:58:37.674] Load DDS texture: Squad/Agencies/MovingPartsExpertsGroup
[LOG 20:58:37.675] Load TRUECOLOR texture: Squad/Agencies/MovingPartsExpertsGroup_scaled
[LOG 20:58:37.675] Load DDS texture: Squad/Agencies/OMBDemolition
[LOG 20:58:37.676] Load TRUECOLOR texture: Squad/Agencies/OMBDemolition_scaled
[LOG 20:58:37.676] Load DDS texture: Squad/Agencies/PeriapsisCo
[LOG 20:58:37.676] Load TRUECOLOR texture: Squad/Agencies/PeriapsisCo_scaled
[LOG 20:58:37.677] Load DDS texture: Squad/Agencies/Probodobodyne
[LOG 20:58:37.677] Load TRUECOLOR texture: Squad/Agencies/Probodobodyne_scaled
[LOG 20:58:37.677] Load DDS texture: Squad/Agencies/R&D
[LOG 20:58:37.677] Load TRUECOLOR texture: Squad/Agencies/R&D_scaled
[LOG 20:58:37.677] Load DDS texture: Squad/Agencies/ReactionSystemsLtd
[LOG 20:58:37.677] Load TRUECOLOR texture: Squad/Agencies/ReactionSystemsLtd_scaled
[LOG 20:58:37.678] Load DDS texture: Squad/Agencies/Rockomax
[LOG 20:58:37.678] Load TRUECOLOR texture: Squad/Agencies/Rockomax_scaled
[LOG 20:58:37.678] Load DDS texture: Squad/Agencies/Rokea
[LOG 20:58:37.678] Load TRUECOLOR texture: Squad/Agencies/Rokea_scaled
[LOG 20:58:37.678] Load DDS texture: Squad/Agencies/SeansCannery
[LOG 20:58:37.678] Load TRUECOLOR texture: Squad/Agencies/SeansCannery_scaled
[LOG 20:58:37.678] Load DDS texture: Squad/Agencies/SteadlerEngineeringCorps
[LOG 20:58:37.678] Load TRUECOLOR texture: Squad/Agencies/SteadlerEngineeringCorps_scaled
[LOG 20:58:37.678] Load DDS texture: Squad/Agencies/StrutCo
[LOG 20:58:37.679] Load TRUECOLOR texture: Squad/Agencies/StrutCo_scaled
[LOG 20:58:37.679] Load DDS texture: Squad/Agencies/Vac-Co
[LOG 20:58:37.679] Load TRUECOLOR texture: Squad/Agencies/Vac-Co_scaled
[LOG 20:58:37.679] Load DDS texture: Squad/Agencies/WinterOwl
[LOG 20:58:37.679] Load TRUECOLOR texture: Squad/Agencies/WinterOwl_scaled
[LOG 20:58:37.679] Load DDS texture: Squad/Agencies/ZaltonicElectronics
[LOG 20:58:37.679] Load TRUECOLOR texture: Squad/Agencies/ZaltonicElectronics_scaled
[LOG 20:58:37.679] Load Cached PNG Texture: Squad/Alarms/Icons/ap
[LOG 20:58:37.680] Load Cached PNG Texture: Squad/Alarms/Icons/default
[LOG 20:58:37.680] Load Cached PNG Texture: Squad/Alarms/Icons/maneuver
[LOG 20:58:37.680] Load Cached PNG Texture: Squad/Alarms/Icons/pe
[LOG 20:58:37.680] Load Cached PNG Texture: Squad/Alarms/Icons/raw
[LOG 20:58:37.680] Load Cached PNG Texture: Squad/Alarms/Icons/soi
[LOG 20:58:37.680] Load Cached PNG Texture: Squad/Alarms/Icons/xfer
[LOG 20:58:37.680] Load DDS texture: Squad/Contracts/Icons/balloon
[LOG 20:58:37.681] Load DDS texture: Squad/Contracts/Icons/custom
[LOG 20:58:37.681] Load DDS texture: Squad/Contracts/Icons/default
[LOG 20:58:37.681] Load DDS texture: Squad/Contracts/Icons/dish
[LOG 20:58:37.681] Load DDS texture: Squad/Contracts/Icons/eva
[LOG 20:58:37.681] Load DDS texture: Squad/Contracts/Icons/gravity
[LOG 20:58:37.681] Load Cached PNG Texture: Squad/Contracts/Icons/ksc
[LOG 20:58:37.681] Load DDS texture: Squad/Contracts/Icons/launchsite
[LOG 20:58:37.681] Load DDS texture: Squad/Contracts/Icons/marker
[LOG 20:58:37.681] Load DDS texture: Squad/Contracts/Icons/pressure
[LOG 20:58:37.681] Load DDS texture: Squad/Contracts/Icons/report
[LOG 20:58:37.681] Load DDS texture: Squad/Contracts/Icons/runway
[LOG 20:58:37.681] Load DDS texture: Squad/Contracts/Icons/sample
[LOG 20:58:37.681] Load DDS texture: Squad/Contracts/Icons/seismic
[LOG 20:58:37.681] Load DDS texture: Squad/Contracts/Icons/thermometer
[LOG 20:58:37.681] Load DDS texture: Squad/Contracts/Icons/vessel
[LOG 20:58:37.682] Load Cached PNG Texture: Squad/Flags/09
[LOG 20:58:37.682] Load Cached PNG Texture: Squad/Flags/blorbs
[LOG 20:58:37.682] Load Cached PNG Texture: Squad/Flags/bullseye
[LOG 20:58:37.682] Load Cached PNG Texture: Squad/Flags/capsule
[LOG 20:58:37.682] Load Cached PNG Texture: Squad/Flags/circles
[LOG 20:58:37.682] Load Cached PNG Texture: Squad/Flags/default
[LOG 20:58:37.682] Load Cached PNG Texture: Squad/Flags/hexagon
[LOG 20:58:37.682] Load Cached PNG Texture: Squad/Flags/hexagonCircles
[LOG 20:58:37.682] Load Cached PNG Texture: Squad/Flags/kerbal1
[LOG 20:58:37.682] Load Cached PNG Texture: Squad/Flags/kerbal2
[LOG 20:58:37.682] Load Cached PNG Texture: Squad/Flags/kerbin
[LOG 20:58:37.683] Load Cached PNG Texture: Squad/Flags/kerbinmunflag
[LOG 20:58:37.683] Load Cached PNG Texture: Squad/Flags/line
[LOG 20:58:37.683] Load Cached PNG Texture: Squad/Flags/minimalistic
[LOG 20:58:37.683] Load Cached PNG Texture: Squad/Flags/orbit
[LOG 20:58:37.683] Load Cached PNG Texture: Squad/Flags/orbs
[LOG 20:58:37.683] Load Cached PNG Texture: Squad/Flags/retro
[LOG 20:58:37.684] Load Cached PNG Texture: Squad/Flags/rings
[LOG 20:58:37.684] Load Cached PNG Texture: Squad/Flags/rocketScience
[LOG 20:58:37.684] Load Cached PNG Texture: Squad/Flags/satellite
[LOG 20:58:37.684] Load Cached PNG Texture: Squad/Flags/Sentinel_Flag
[LOG 20:58:37.684] Load Cached PNG Texture: Squad/Flags/spheres
[LOG 20:58:37.685] Load Cached PNG Texture: Squad/Flags/squadLogo
[LOG 20:58:37.685] Load Cached PNG Texture: Squad/Flags/squadLogo2
[LOG 20:58:37.685] Load Cached PNG Texture: Squad/Flags/stripes
[LOG 20:58:37.685] Load Cached PNG Texture: Squad/Flags/trees
[LOG 20:58:37.686] Load Cached PNG Texture: Squad/Flags/trippy
[LOG 20:58:37.687] Load Cached PNG Texture: Squad/FlagsAgency/esa_dark_blue
[LOG 20:58:37.687] Load Cached PNG Texture: Squad/FlagsAgency/NASA
[LOG 20:58:37.687] Load Cached PNG Texture: Squad/FlagsAgency/uk_space_agency
[LOG 20:58:37.687] Load Cached PNG Texture: Squad/FlagsOrganization/B612_Foundation_flag
[LOG 20:58:37.687] Load Cached PNG Texture: Squad/FlagsOrganization/electron
[LOG 20:58:37.687] Load Cached PNG Texture: Squad/FlagsOrganization/ESA_Arianespace
[LOG 20:58:37.687] Load Cached PNG Texture: Squad/FlagsOrganization/rocketlab
[LOG 20:58:37.687] Load DDS texture: Squad/FX/DiamondBlue
[LOG 20:58:37.687] Load DDS texture: Squad/FX/FlameBlueOrange
[LOG 20:58:37.687] Load DDS texture: Squad/FX/FlamePurple
[LOG 20:58:37.687] Load DDS texture: Squad/FX/FlameRed
[LOG 20:58:37.687] Load DDS texture: Squad/FX/FlameRedOrange
[LOG 20:58:37.687] Load DDS texture: Squad/FX/Monoprop
[LOG 20:58:37.687] Load DDS texture: Squad/FX/plasma2
[LOG 20:58:37.687] Load DDS texture: Squad/FX/rocketplume2
[LOG 20:58:37.687] Load DDS texture: Squad/FX/shockDiamond2
[LOG 20:58:37.688] Load DDS texture: Squad/FX/smokepuff1
[LOG 20:58:37.688] Load DDS texture: Squad/Interiors/Administration/AdminBuilding_Lvl1
[LOG 20:58:37.691] Load DDS texture: Squad/Interiors/Administration/AdminBuilding_Lvl2
[LOG 20:58:37.694] Load DDS texture: Squad/Interiors/Administration/AdminBuilding_Lvl3
[LOG 20:58:37.699] Load DDS texture: Squad/MenuProps/MunOrBust
[LOG 20:58:37.700] Load Cached PNG Texture: Squad/Missions/Banners/Fail/default
[LOG 20:58:37.701] Load PNG texture: Squad/Missions/Banners/Menu/default
[WRN 20:58:37.704] Texture isn't eligible for DXT compression, width and height must be multiples of 4
[LOG 20:58:37.704] Load Cached PNG Texture: Squad/Missions/Banners/Success/default
[LOG 20:58:37.705] Load PNG texture: Squad/Missions/ESA-BepiColombo/Banners/Fail/ESA_MB_Fail_01
[WRN 20:58:37.709] Texture isn't eligible for DXT compression, width and height must be multiples of 4
[LOG 20:58:37.709] Load PNG texture: Squad/Missions/ESA-BepiColombo/Banners/Menu/ESA_MB_Select_01
[WRN 20:58:37.713] Texture isn't eligible for DXT compression, width and height must be multiples of 4
[LOG 20:58:37.714] Load PNG texture: Squad/Missions/ESA-BepiColombo/Banners/Success/ESA_MB_Success_01
[WRN 20:58:37.721] Texture isn't eligible for DXT compression, width and height must be multiples of 4
[LOG 20:58:37.723] Load PNG texture: Squad/Missions/ESA-BepiColombo-Short/Banners/Fail/ESA_MB_Fail_01
[WRN 20:58:37.727] Texture isn't eligible for DXT compression, width and height must be multiples of 4
[LOG 20:58:37.727] Load PNG texture: Squad/Missions/ESA-BepiColombo-Short/Banners/Menu/ESA_MB_Select_01
[WRN 20:58:37.731] Texture isn't eligible for DXT compression, width and height must be multiples of 4
[LOG 20:58:37.731] Load PNG texture: Squad/Missions/ESA-BepiColombo-Short/Banners/Success/ESA_MB_Success_01
[WRN 20:58:37.734] Texture isn't eligible for DXT compression, width and height must be multiples of 4
[LOG 20:58:37.734] Load PNG texture: Squad/Missions/ESA-Rosetta/Banners/Fail/ESA_MB_Fail_02
[WRN 20:58:37.738] Texture isn't eligible for DXT compression, width and height must be multiples of 4
[LOG 20:58:37.738] Load PNG texture: Squad/Missions/ESA-Rosetta/Banners/Menu/ESA_MB_Select_02
[WRN 20:58:37.741] Texture isn't eligible for DXT compression, width and height must be multiples of 4
[LOG 20:58:37.741] Load PNG texture: Squad/Missions/ESA-Rosetta/Banners/Success/ESA_MB_Success_02
[WRN 20:58:37.744] Texture isn't eligible for DXT compression, width and height must be multiples of 4
[LOG 20:58:37.744] Load Cached PNG Texture: Squad/PartList/SimpleIcons/ablator
[LOG 20:58:37.744] Load Cached PNG Texture: Squad/PartList/SimpleIcons/active_radiator
[LOG 20:58:37.745] Load Cached PNG Texture: Squad/PartList/SimpleIcons/asteroid_drill
[LOG 20:58:37.745] Load Cached PNG Texture: Squad/PartList/SimpleIcons/cargo_part
[LOG 20:58:37.745] Load Cached PNG Texture: Squad/PartList/SimpleIcons/comet_drill
[LOG 20:58:37.745] Load Cached PNG Texture: Squad/PartList/SimpleIcons/core_heat
[LOG 20:58:37.745] Load Cached PNG Texture: Squad/PartList/SimpleIcons/cs_main
[LOG 20:58:37.745] Load Cached PNG Texture: Squad/PartList/SimpleIcons/cs_mk2
[LOG 20:58:37.745] Load Cached PNG Texture: Squad/PartList/SimpleIcons/cs_mk3
[LOG 20:58:37.745] Load Cached PNG Texture: Squad/PartList/SimpleIcons/cs_size0
[LOG 20:58:37.745] Load Cached PNG Texture: Squad/PartList/SimpleIcons/cs_size1
[LOG 20:58:37.745] Load Cached PNG Texture: Squad/PartList/SimpleIcons/cs_size1p5
[LOG 20:58:37.745] Load Cached PNG Texture: Squad/PartList/SimpleIcons/cs_size2
[LOG 20:58:37.745] Load Cached PNG Texture: Squad/PartList/SimpleIcons/cs_size3
[LOG 20:58:37.745] Load Cached PNG Texture: Squad/PartList/SimpleIcons/cs_size4
[LOG 20:58:37.745] Load Cached PNG Texture: Squad/PartList/SimpleIcons/cs_surface
[LOG 20:58:37.745] Load Cached PNG Texture: Squad/PartList/SimpleIcons/custom_built_fairing
[LOG 20:58:37.745] Load Cached PNG Texture: Squad/PartList/SimpleIcons/deployable_antenna
[LOG 20:58:37.745] Load Cached PNG Texture: Squad/PartList/SimpleIcons/deployable_comms_part
[LOG 20:58:37.745] Load Cached PNG Texture: Squad/PartList/SimpleIcons/deployable_ground_part
[LOG 20:58:37.745] Load Cached PNG Texture: Squad/PartList/SimpleIcons/deployable_part
[LOG 20:58:37.745] Load Cached PNG Texture: Squad/PartList/SimpleIcons/deployable_radiator
[LOG 20:58:37.745] Load Cached PNG Texture: Squad/PartList/SimpleIcons/deployed_science_control_unit
[LOG 20:58:37.745] Load Cached PNG Texture: Squad/PartList/SimpleIcons/deployed_science_experiment
[LOG 20:58:37.745] Load Cached PNG Texture: Squad/PartList/SimpleIcons/deployed_science_part
[LOG 20:58:37.745] Load Cached PNG Texture: Squad/PartList/SimpleIcons/enviro_sensor
[LOG 20:58:37.745] Load Cached PNG Texture: Squad/PartList/SimpleIcons/experience_management
[LOG 20:58:37.745] Load Cached PNG Texture: Squad/PartList/SimpleIcons/fuels_monopropellant
[LOG 20:58:37.745] Load Cached PNG Texture: Squad/PartList/SimpleIcons/fuels_ore
[LOG 20:58:37.745] Load Cached PNG Texture: Squad/PartList/SimpleIcons/fuels_oxidizer
[LOG 20:58:37.745] Load Cached PNG Texture: Squad/PartList/SimpleIcons/fuels_solidfuel
[LOG 20:58:37.745] Load Cached PNG Texture: Squad/PartList/SimpleIcons/fuels_xenongas
[LOG 20:58:37.745] Load Cached PNG Texture: Squad/PartList/SimpleIcons/inventory_part
[LOG 20:58:37.745] Load Cached PNG Texture: Squad/PartList/SimpleIcons/kerbnet_access
[LOG 20:58:37.745] Load Cached PNG Texture: Squad/PartList/SimpleIcons/number1
[LOG 20:58:37.745] Load Cached PNG Texture: Squad/PartList/SimpleIcons/number2
[LOG 20:58:37.745] Load Cached PNG Texture: Squad/PartList/SimpleIcons/number3
[LOG 20:58:37.746] Load Cached PNG Texture: Squad/PartList/SimpleIcons/number4
[LOG 20:58:37.746] Load Cached PNG Texture: Squad/PartList/SimpleIcons/number5
[LOG 20:58:37.746] Load Cached PNG Texture: Squad/PartList/SimpleIcons/number6
[LOG 20:58:37.746] Load Cached PNG Texture: Squad/PartList/SimpleIcons/number7
[LOG 20:58:37.746] Load Cached PNG Texture: Squad/PartList/SimpleIcons/number8
[LOG 20:58:37.746] Load Cached PNG Texture: Squad/PartList/SimpleIcons/number9
[LOG 20:58:37.746] Load Cached PNG Texture: Squad/PartList/SimpleIcons/probe_control_unit
[LOG 20:58:37.746] Load Cached PNG Texture: Squad/PartList/SimpleIcons/R&D_node_icon_advaerodynamics
[LOG 20:58:37.746] Load Cached PNG Texture: Squad/PartList/SimpleIcons/R&D_node_icon_advancedmotors
[LOG 20:58:37.746] Load Cached PNG Texture: Squad/PartList/SimpleIcons/R&D_node_icon_advconstruction
[LOG 20:58:37.746] Load Cached PNG Texture: Squad/PartList/SimpleIcons/R&D_node_icon_advelectrics
[LOG 20:58:37.746] Load Cached PNG Texture: Squad/PartList/SimpleIcons/R&D_node_icon_advexploration
[LOG 20:58:37.746] Load Cached PNG Texture: Squad/PartList/SimpleIcons/R&D_node_icon_advflightcontrol
[LOG 20:58:37.746] Load Cached PNG Texture: Squad/PartList/SimpleIcons/R&D_node_icon_advlanding
[LOG 20:58:37.746] Load Cached PNG Texture: Squad/PartList/SimpleIcons/R&D_node_icon_advmetalworks
[LOG 20:58:37.746] Load Cached PNG Texture: Squad/PartList/SimpleIcons/R&D_node_icon_advrocketry
[LOG 20:58:37.746] Load Cached PNG Texture: Squad/PartList/SimpleIcons/R&D_node_icon_advsciencetech
[LOG 20:58:37.746] Load Cached PNG Texture: Squad/PartList/SimpleIcons/R&D_node_icon_advunmanned
[LOG 20:58:37.746] Load Cached PNG Texture: Squad/PartList/SimpleIcons/R&D_node_icon_aerodynamicsystems
[LOG 20:58:37.746] Load Cached PNG Texture: Squad/PartList/SimpleIcons/R&D_node_icon_aerospacetech
[LOG 20:58:37.746] Load Cached PNG Texture: Squad/PartList/SimpleIcons/R&D_node_icon_automation
[LOG 20:58:37.746] Load Cached PNG Texture: Squad/PartList/SimpleIcons/R&D_node_icon_basicprobes
[LOG 20:58:37.746] Load Cached PNG Texture: Squad/PartList/SimpleIcons/R&D_node_icon_basicrocketry
[LOG 20:58:37.746] Load Cached PNG Texture: Squad/PartList/SimpleIcons/R&D_node_icon_composites
[LOG 20:58:37.746] Load Cached PNG Texture: Squad/PartList/SimpleIcons/R&D_node_icon_electrics
[LOG 20:58:37.746] Load Cached PNG Texture: Squad/PartList/SimpleIcons/R&D_node_icon_electronics
[LOG 20:58:37.746] Load Cached PNG Texture: Squad/PartList/SimpleIcons/R&D_node_icon_evatech
[LOG 20:58:37.746] Load Cached PNG Texture: Squad/PartList/SimpleIcons/R&D_node_icon_experimentalaerodynamics
[LOG 20:58:37.746] Load Cached PNG Texture: Squad/PartList/SimpleIcons/R&D_node_icon_experimentalelectrics
[LOG 20:58:37.746] Load Cached PNG Texture: Squad/PartList/SimpleIcons/R&D_node_icon_experimentalmotors
[LOG 20:58:37.746] Load Cached PNG Texture: Squad/PartList/SimpleIcons/R&D_node_icon_experimentalrocketry
[LOG 20:58:37.746] Load Cached PNG Texture: Squad/PartList/SimpleIcons/R&D_node_icon_experimentalscience
[LOG 20:58:37.746] Load Cached PNG Texture: Squad/PartList/SimpleIcons/R&D_node_icon_fieldscience
[LOG 20:58:37.746] Load Cached PNG Texture: Squad/PartList/SimpleIcons/R&D_node_icon_flightcontrol
[LOG 20:58:37.747] Load Cached PNG Texture: Squad/PartList/SimpleIcons/R&D_node_icon_fuelsystems
[LOG 20:58:37.747] Load Cached PNG Texture: Squad/PartList/SimpleIcons/R&D_node_icon_generalconstruction
[LOG 20:58:37.747] Load Cached PNG Texture: Squad/PartList/SimpleIcons/R&D_node_icon_generalrocketry
[LOG 20:58:37.747] Load Cached PNG Texture: Squad/PartList/SimpleIcons/R&D_node_icon_generic
[LOG 20:58:37.747] Load Cached PNG Texture: Squad/PartList/SimpleIcons/R&D_node_icon_heavierrocketry
[LOG 20:58:37.747] Load Cached PNG Texture: Squad/PartList/SimpleIcons/R&D_node_icon_heavyaerodynamics
[LOG 20:58:37.747] Load Cached PNG Texture: Squad/PartList/SimpleIcons/R&D_node_icon_heavyrocketry
[LOG 20:58:37.747] Load Cached PNG Texture: Squad/PartList/SimpleIcons/R&D_node_icon_highaltitudeflight
[LOG 20:58:37.747] Load Cached PNG Texture: Squad/PartList/SimpleIcons/R&D_node_icon_highaltitudepropulsion
[LOG 20:58:37.747] Load Cached PNG Texture: Squad/PartList/SimpleIcons/R&D_node_icon_hypersonicflight
[LOG 20:58:37.747] Load Cached PNG Texture: Squad/PartList/SimpleIcons/R&D_node_icon_ionpropulsion
[LOG 20:58:37.747] Load Cached PNG Texture: Squad/PartList/SimpleIcons/R&D_node_icon_landing
[LOG 20:58:37.747] Load Cached PNG Texture: Squad/PartList/SimpleIcons/R&D_node_icon_largecontrol
[LOG 20:58:37.747] Load Cached PNG Texture: Squad/PartList/SimpleIcons/R&D_node_icon_largeelectrics
[LOG 20:58:37.747] Load Cached PNG Texture: Squad/PartList/SimpleIcons/R&D_node_icon_largeprobes
[LOG 20:58:37.747] Load Cached PNG Texture: Squad/PartList/SimpleIcons/R&D_node_icon_metamaterials
[LOG 20:58:37.747] Load Cached PNG Texture: Squad/PartList/SimpleIcons/R&D_node_icon_nanolathing
[LOG 20:58:37.747] Load Cached PNG Texture: Squad/PartList/SimpleIcons/R&D_node_icon_nuclearpropulsion
[LOG 20:58:37.747] Load Cached PNG Texture: Squad/PartList/SimpleIcons/R&D_node_icon_precisionengineering
[LOG 20:58:37.747] Load Cached PNG Texture: Squad/PartList/SimpleIcons/R&D_node_icon_robotics
[LOG 20:58:37.747] Load Cached PNG Texture: Squad/PartList/SimpleIcons/R&D_node_icon_sciencetech
[LOG 20:58:37.747] Load Cached PNG Texture: Squad/PartList/SimpleIcons/R&D_node_icon_specializedconstruction
[LOG 20:58:37.747] Load Cached PNG Texture: Squad/PartList/SimpleIcons/R&D_node_icon_specializedcontrol
[LOG 20:58:37.747] Load Cached PNG Texture: Squad/PartList/SimpleIcons/R&D_node_icon_specializedelectrics
[LOG 20:58:37.747] Load Cached PNG Texture: Squad/PartList/SimpleIcons/R&D_node_icon_stability
[LOG 20:58:37.747] Load Cached PNG Texture: Squad/PartList/SimpleIcons/R&D_node_icon_start
[LOG 20:58:37.747] Load Cached PNG Texture: Squad/PartList/SimpleIcons/R&D_node_icon_supersonicflight
[LOG 20:58:37.747] Load Cached PNG Texture: Squad/PartList/SimpleIcons/R&D_node_icon_survivability
[LOG 20:58:37.747] Load Cached PNG Texture: Squad/PartList/SimpleIcons/R&D_node_icon_unmannedtech
[LOG 20:58:37.747] Load Cached PNG Texture: Squad/PartList/SimpleIcons/R&D_node_icon_veryheavyrocketry
[LOG 20:58:37.747] Load Cached PNG Texture: Squad/PartList/SimpleIcons/rcsfx
[LOG 20:58:37.747] Load Cached PNG Texture: Squad/PartList/SimpleIcons/RDicon_aerospaceTech2
[LOG 20:58:37.747] Load Cached PNG Texture: Squad/PartList/SimpleIcons/RDicon_commandmodules
[LOG 20:58:37.747] Load Cached PNG Texture: Squad/PartList/SimpleIcons/RDicon_fuelSystems-advanced
[LOG 20:58:37.747] Load Cached PNG Texture: Squad/PartList/SimpleIcons/RDicon_fuelSystems-highPerformance
[LOG 20:58:37.747] Load Cached PNG Texture: Squad/PartList/SimpleIcons/RDicon_largeVolumeContainment
[LOG 20:58:37.748] Load Cached PNG Texture: Squad/PartList/SimpleIcons/RDicon_miniaturization
[LOG 20:58:37.748] Load Cached PNG Texture: Squad/PartList/SimpleIcons/RDicon_propulsion-precision
[LOG 20:58:37.748] Load Cached PNG Texture: Squad/PartList/SimpleIcons/RDicon_propulsionSystems
[LOG 20:58:37.748] Load Cached PNG Texture: Squad/PartList/SimpleIcons/RDicon_telescope
[LOG 20:58:37.748] Load Cached PNG Texture: Squad/PartList/SimpleIcons/robotic_controller
[LOG 20:58:37.748] Load Cached PNG Texture: Squad/PartList/SimpleIcons/robotic_rotation_servo
[LOG 20:58:37.748] Load Cached PNG Texture: Squad/PartList/SimpleIcons/robotic_servo_hinge
[LOG 20:58:37.748] Load Cached PNG Texture: Squad/PartList/SimpleIcons/robotic_servo_piston
[LOG 20:58:37.748] Load Cached PNG Texture: Squad/PartList/SimpleIcons/robotic_servo_rotor
[LOG 20:58:37.748] Load Cached PNG Texture: Squad/PartList/SimpleIcons/scanner_arm
[LOG 20:58:37.748] Load Cached PNG Texture: Squad/PartList/SimpleIcons/variant
[LOG 20:58:37.748] Load Cached PNG Texture: Squad/Parts/@thumbs/adapterSmallMiniShort_icon0
[LOG 20:58:37.748] Load Cached PNG Texture: Squad/Parts/@thumbs/adapterSmallMiniShort_icon1
[LOG 20:58:37.748] Load Cached PNG Texture: Squad/Parts/@thumbs/adapterSmallMiniTall_icon0
[LOG 20:58:37.749] Load Cached PNG Texture: Squad/Parts/@thumbs/adapterSmallMiniTall_icon1
[LOG 20:58:37.749] Load Cached PNG Texture: Squad/Parts/@thumbs/AdvancedCanard_icon
[LOG 20:58:37.749] Load Cached PNG Texture: Squad/Parts/@thumbs/advSasModule_icon
[LOG 20:58:37.749] Load Cached PNG Texture: Squad/Parts/@thumbs/airbrake1_icon
[LOG 20:58:37.749] Load Cached PNG Texture: Squad/Parts/@thumbs/airScoop_icon
[LOG 20:58:37.749] Load Cached PNG Texture: Squad/Parts/@thumbs/avionicsNoseCone_icon
[LOG 20:58:37.749] Load Cached PNG Texture: Squad/Parts/@thumbs/basicFin_icon
[LOG 20:58:37.749] Load Cached PNG Texture: Squad/Parts/@thumbs/batteryBankLarge_icon
[LOG 20:58:37.749] Load Cached PNG Texture: Squad/Parts/@thumbs/batteryBankMini_icon
[LOG 20:58:37.749] Load Cached PNG Texture: Squad/Parts/@thumbs/batteryBank_icon
[LOG 20:58:37.749] Load Cached PNG Texture: Squad/Parts/@thumbs/batteryPack_icon
[LOG 20:58:37.749] Load Cached PNG Texture: Squad/Parts/@thumbs/cargoContainer_icon
[LOG 20:58:37.749] Load Cached PNG Texture: Squad/Parts/@thumbs/CircularIntake_icon
[LOG 20:58:37.749] Load Cached PNG Texture: Squad/Parts/@thumbs/commDish_icon
[LOG 20:58:37.749] Load Cached PNG Texture: Squad/Parts/@thumbs/Decoupler.0_icon0
[LOG 20:58:37.749] Load Cached PNG Texture: Squad/Parts/@thumbs/Decoupler.0_icon1
[LOG 20:58:37.749] Load Cached PNG Texture: Squad/Parts/@thumbs/Decoupler.1_icon0
[LOG 20:58:37.749] Load Cached PNG Texture: Squad/Parts/@thumbs/Decoupler.1_icon1
[LOG 20:58:37.749] Load Cached PNG Texture: Squad/Parts/@thumbs/dockingPort1_icon
[LOG 20:58:37.749] Load Cached PNG Texture: Squad/Parts/@thumbs/dockingPort2_icon
[LOG 20:58:37.749] Load Cached PNG Texture: Squad/Parts/@thumbs/dockingPort3_icon
[LOG 20:58:37.750] Load Cached PNG Texture: Squad/Parts/@thumbs/domeLight1_icon0
[LOG 20:58:37.750] Load Cached PNG Texture: Squad/Parts/@thumbs/domeLight1_icon1
[LOG 20:58:37.750] Load Cached PNG Texture: Squad/Parts/@thumbs/elevon2_icon
[LOG 20:58:37.750] Load Cached PNG Texture: Squad/Parts/@thumbs/elevon3_icon
[LOG 20:58:37.750] Load Cached PNG Texture: Squad/Parts/@thumbs/elevon5_icon
[LOG 20:58:37.750] Load Cached PNG Texture: Squad/Parts/@thumbs/evaChute_icon
[LOG 20:58:37.750] Load Cached PNG Texture: Squad/Parts/@thumbs/evaCylinder_icon
[LOG 20:58:37.750] Load Cached PNG Texture: Squad/Parts/@thumbs/evaJetpack_icon
[LOG 20:58:37.750] Load Cached PNG Texture: Squad/Parts/@thumbs/evaRepairKit_icon
[LOG 20:58:37.750] Load Cached PNG Texture: Squad/Parts/@thumbs/evaScienceKit_icon
[LOG 20:58:37.750] Load Cached PNG Texture: Squad/Parts/@thumbs/externalTankCapsule_icon0
[LOG 20:58:37.750] Load Cached PNG Texture: Squad/Parts/@thumbs/externalTankCapsule_icon1
[LOG 20:58:37.750] Load Cached PNG Texture: Squad/Parts/@thumbs/externalTankRound_icon0
[LOG 20:58:37.750] Load Cached PNG Texture: Squad/Parts/@thumbs/externalTankRound_icon1
[LOG 20:58:37.750] Load Cached PNG Texture: Squad/Parts/@thumbs/externalTankToroid_icon0
[LOG 20:58:37.750] Load Cached PNG Texture: Squad/Parts/@thumbs/externalTankToroid_icon1
[LOG 20:58:37.750] Load Cached PNG Texture: Squad/Parts/@thumbs/fireworksLauncherBig_icon
[LOG 20:58:37.750] Load Cached PNG Texture: Squad/Parts/@thumbs/fireworksLauncherSmall_icon
[LOG 20:58:37.750] Load Cached PNG Texture: Squad/Parts/@thumbs/foldingRadMed_icon
[LOG 20:58:37.751] Load Cached PNG Texture: Squad/Parts/@thumbs/foldingRadSmall_icon
[LOG 20:58:37.751] Load Cached PNG Texture: Squad/Parts/@thumbs/FuelCellArray_icon
[LOG 20:58:37.751] Load Cached PNG Texture: Squad/Parts/@thumbs/FuelCell_icon
[LOG 20:58:37.751] Load Cached PNG Texture: Squad/Parts/@thumbs/fuelTank.long_icon0
[LOG 20:58:37.751] Load Cached PNG Texture: Squad/Parts/@thumbs/fuelTankSmallFlat_icon0
[LOG 20:58:37.751] Load Cached PNG Texture: Squad/Parts/@thumbs/fuelTankSmallFlat_icon1
[LOG 20:58:37.751] Load Cached PNG Texture: Squad/Parts/@thumbs/fuelTankSmallFlat_icon2
[LOG 20:58:37.751] Load Cached PNG Texture: Squad/Parts/@thumbs/fuelTankSmallFlat_icon3
[LOG 20:58:37.751] Load Cached PNG Texture: Squad/Parts/@thumbs/fuelTankSmall_icon0
[LOG 20:58:37.751] Load Cached PNG Texture: Squad/Parts/@thumbs/fuelTankSmall_icon1
[LOG 20:58:37.751] Load Cached PNG Texture: Squad/Parts/@thumbs/fuelTankSmall_icon2
[LOG 20:58:37.751] Load Cached PNG Texture: Squad/Parts/@thumbs/fuelTankSmall_icon3
[LOG 20:58:37.751] Load Cached PNG Texture: Squad/Parts/@thumbs/GearFixed_icon
[LOG 20:58:37.751] Load Cached PNG Texture: Squad/Parts/@thumbs/GearFree_icon
[LOG 20:58:37.751] Load Cached PNG Texture: Squad/Parts/@thumbs/GearSmall_icon
[LOG 20:58:37.751] Load Cached PNG Texture: Squad/Parts/@thumbs/GooExperiment_icon
[LOG 20:58:37.751] Load Cached PNG Texture: Squad/Parts/@thumbs/groundAnchor_icon
[LOG 20:58:37.751] Load Cached PNG Texture: Squad/Parts/@thumbs/groundLight1_icon
[LOG 20:58:37.751] Load Cached PNG Texture: Squad/Parts/@thumbs/groundLight2_icon
[LOG 20:58:37.751] Load Cached PNG Texture: Squad/Parts/@thumbs/HeatShield0_icon
[LOG 20:58:37.751] Load Cached PNG Texture: Squad/Parts/@thumbs/HeatShield1_icon
[LOG 20:58:37.751] Load Cached PNG Texture: Squad/Parts/@thumbs/HECS2.ProbeCore_icon
[LOG 20:58:37.751] Load Cached PNG Texture: Squad/Parts/@thumbs/HighGainAntenna5.v2_icon
[LOG 20:58:37.751] Load Cached PNG Texture: Squad/Parts/@thumbs/HighGainAntenna5_icon
[LOG 20:58:37.751] Load Cached PNG Texture: Squad/Parts/@thumbs/HighGainAntenna_icon
[LOG 20:58:37.751] Load Cached PNG Texture: Squad/Parts/@thumbs/IntakeRadialLong_icon
[LOG 20:58:37.751] Load Cached PNG Texture: Squad/Parts/@thumbs/ionEngine_icon
[LOG 20:58:37.751] Load Cached PNG Texture: Squad/Parts/@thumbs/ISRU_icon
[LOG 20:58:37.751] Load Cached PNG Texture: Squad/Parts/@thumbs/ksp.r.largeBatteryPack_icon
[LOG 20:58:37.751] Load Cached PNG Texture: Squad/Parts/@thumbs/ladder1_icon
[LOG 20:58:37.751] Load Cached PNG Texture: Squad/Parts/@thumbs/landingLeg1-2_icon
[LOG 20:58:37.751] Load Cached PNG Texture: Squad/Parts/@thumbs/landingLeg1_icon
[LOG 20:58:37.751] Load Cached PNG Texture: Squad/Parts/@thumbs/largeSolarPanel_icon
[LOG 20:58:37.751] Load Cached PNG Texture: Squad/Parts/@thumbs/LargeTank_icon
[LOG 20:58:37.751] Load Cached PNG Texture: Squad/Parts/@thumbs/LgRadialSolarPanel_icon
[LOG 20:58:37.751] Load Cached PNG Texture: Squad/Parts/@thumbs/linearRcs_icon
[LOG 20:58:37.751] Load Cached PNG Texture: Squad/Parts/@thumbs/liquidEngine3.v2_icon0
[LOG 20:58:37.751] Load Cached PNG Texture: Squad/Parts/@thumbs/liquidEngine3.v2_icon1
[LOG 20:58:37.752] Load Cached PNG Texture: Squad/Parts/@thumbs/liquidEngine3.v2_icon2
[LOG 20:58:37.752] Load Cached PNG Texture: Squad/Parts/@thumbs/liquidEngineMini.v2_icon0
[LOG 20:58:37.752] Load Cached PNG Texture: Squad/Parts/@thumbs/liquidEngineMini.v2_icon1
[LOG 20:58:37.752] Load Cached PNG Texture: Squad/Parts/@thumbs/liquidEngineMini.v2_icon2
[LOG 20:58:37.752] Load Cached PNG Texture: Squad/Parts/@thumbs/longAntenna_icon
[LOG 20:58:37.752] Load Cached PNG Texture: Squad/Parts/@thumbs/Magnetometer_icon
[LOG 20:58:37.752] Load Cached PNG Texture: Squad/Parts/@thumbs/mediumDishAntenna_icon
[LOG 20:58:37.752] Load Cached PNG Texture: Squad/Parts/@thumbs/microEngine.v2_icon0
[LOG 20:58:37.752] Load Cached PNG Texture: Squad/Parts/@thumbs/microEngine.v2_icon1
[LOG 20:58:37.752] Load Cached PNG Texture: Squad/Parts/@thumbs/MiniDrill_icon
[LOG 20:58:37.752] Load Cached PNG Texture: Squad/Parts/@thumbs/miniFuelTank_icon
[LOG 20:58:37.752] Load Cached PNG Texture: Squad/Parts/@thumbs/miniFuselage_icon
[LOG 20:58:37.752] Load Cached PNG Texture: Squad/Parts/@thumbs/miniIntake_icon
[LOG 20:58:37.752] Load Cached PNG Texture: Squad/Parts/@thumbs/miniJetEngine_icon
[LOG 20:58:37.752] Load Cached PNG Texture: Squad/Parts/@thumbs/miniLandingLeg_icon
[LOG 20:58:37.752] Load Cached PNG Texture: Squad/Parts/@thumbs/Mite_icon
[LOG 20:58:37.752] Load Cached PNG Texture: Squad/Parts/@thumbs/MK1CrewCabin_icon
[LOG 20:58:37.752] Load Cached PNG Texture: Squad/Parts/@thumbs/mk1pod.v2_icon0
[LOG 20:58:37.752] Load Cached PNG Texture: Squad/Parts/@thumbs/mk2DroneCore_icon
[LOG 20:58:37.752] Load Cached PNG Texture: Squad/Parts/@thumbs/mk2LanderCabin.v2_icon0
[LOG 20:58:37.752] Load Cached PNG Texture: Squad/Parts/@thumbs/mk2LanderCabin.v2_icon1
[LOG 20:58:37.752] Load Cached PNG Texture: Squad/Parts/@thumbs/MpoProbe_icon
[LOG 20:58:37.752] Load Cached PNG Texture: Squad/Parts/@thumbs/navLight1_icon0
[LOG 20:58:37.752] Load Cached PNG Texture: Squad/Parts/@thumbs/navLight1_icon1
[LOG 20:58:37.752] Load Cached PNG Texture: Squad/Parts/@thumbs/noseCone_icon0
[LOG 20:58:37.752] Load Cached PNG Texture: Squad/Parts/@thumbs/noseCone_icon1
[LOG 20:58:37.753] Load Cached PNG Texture: Squad/Parts/@thumbs/noseCone_icon2
[LOG 20:58:37.753] Load Cached PNG Texture: Squad/Parts/@thumbs/omsEngine_icon
[LOG 20:58:37.753] Load Cached PNG Texture: Squad/Parts/@thumbs/OrbitalScanner_icon
[LOG 20:58:37.753] Load Cached PNG Texture: Squad/Parts/@thumbs/parachuteDrogue_icon
[LOG 20:58:37.753] Load Cached PNG Texture: Squad/Parts/@thumbs/parachuteLarge_icon
[LOG 20:58:37.753] Load Cached PNG Texture: Squad/Parts/@thumbs/parachuteRadial_icon
[LOG 20:58:37.753] Load Cached PNG Texture: Squad/Parts/@thumbs/parachuteSingle_icon
[LOG 20:58:37.753] Load Cached PNG Texture: Squad/Parts/@thumbs/probeCoreCube_icon
[LOG 20:58:37.753] Load Cached PNG Texture: Squad/Parts/@thumbs/probeCoreHex.v2_icon
[LOG 20:58:37.753] Load Cached PNG Texture: Squad/Parts/@thumbs/probeCoreOcto.v2_icon
[LOG 20:58:37.753] Load Cached PNG Texture: Squad/Parts/@thumbs/probeCoreOcto2.v2_icon
[LOG 20:58:37.753] Load Cached PNG Texture: Squad/Parts/@thumbs/probeCoreSphere.v2_icon
[LOG 20:58:37.753] Load Cached PNG Texture: Squad/Parts/@thumbs/probeStackLarge_icon
[LOG 20:58:37.753] Load Cached PNG Texture: Squad/Parts/@thumbs/probeStackSmall_icon
[LOG 20:58:37.753] Load Cached PNG Texture: Squad/Parts/@thumbs/R8winglet_icon
[LOG 20:58:37.753] Load Cached PNG Texture: Squad/Parts/@thumbs/radialDecoupler1-2_icon
[LOG 20:58:37.753] Load Cached PNG Texture: Squad/Parts/@thumbs/radialDecoupler2_icon
[LOG 20:58:37.753] Load Cached PNG Texture: Squad/Parts/@thumbs/radialDecoupler_icon
[LOG 20:58:37.753] Load Cached PNG Texture: Squad/Parts/@thumbs/RadialDrill_icon
[LOG 20:58:37.753] Load Cached PNG Texture: Squad/Parts/@thumbs/radialDrogue_icon
[LOG 20:58:37.753] Load Cached PNG Texture: Squad/Parts/@thumbs/radialEngineMini.v2_icon0
[LOG 20:58:37.753] Load Cached PNG Texture: Squad/Parts/@thumbs/radialEngineMini.v2_icon1
[LOG 20:58:37.753] Load Cached PNG Texture: Squad/Parts/@thumbs/radialLiquidEngine1-2_icon
[LOG 20:58:37.754] Load Cached PNG Texture: Squad/Parts/@thumbs/RadialOreTank_icon
[LOG 20:58:37.754] Load Cached PNG Texture: Squad/Parts/@thumbs/radialRCSTank_icon
[LOG 20:58:37.754] Load Cached PNG Texture: Squad/Parts/@thumbs/radPanelEdge_icon
[LOG 20:58:37.754] Load Cached PNG Texture: Squad/Parts/@thumbs/radPanelLg_icon
[LOG 20:58:37.754] Load Cached PNG Texture: Squad/Parts/@thumbs/radPanelSm_icon
[LOG 20:58:37.754] Load Cached PNG Texture: Squad/Parts/@thumbs/RCSblock.01.small_icon0
[LOG 20:58:37.755] Load Cached PNG Texture: Squad/Parts/@thumbs/RCSblock.01.small_icon1
[LOG 20:58:37.755] Load Cached PNG Texture: Squad/Parts/@thumbs/RCSblock.01.small_icon2
[LOG 20:58:37.755] Load Cached PNG Texture: Squad/Parts/@thumbs/RCSblock.01.small_icon3
[LOG 20:58:37.755] Load Cached PNG Texture: Squad/Parts/@thumbs/RCSblock.01.small_icon4
[LOG 20:58:37.755] Load Cached PNG Texture: Squad/Parts/@thumbs/RCSBlock.v2_icon
[LOG 20:58:37.755] Load Cached PNG Texture: Squad/Parts/@thumbs/RCSBlock.v2_icon0
[LOG 20:58:37.755] Load Cached PNG Texture: Squad/Parts/@thumbs/RCSBlock.v2_icon1
[LOG 20:58:37.755] Load Cached PNG Texture: Squad/Parts/@thumbs/RCSBlock.v2_icon2
[LOG 20:58:37.755] Load Cached PNG Texture: Squad/Parts/@thumbs/RCSBlock.v2_icon3
[LOG 20:58:37.755] Load Cached PNG Texture: Squad/Parts/@thumbs/RCSBlock.v2_icon4
[LOG 20:58:37.755] Load Cached PNG Texture: Squad/Parts/@thumbs/RCSFuelTank_icon
[LOG 20:58:37.755] Load Cached PNG Texture: Squad/Parts/@thumbs/RCSLinearSmall_icon
[LOG 20:58:37.755] Load Cached PNG Texture: Squad/Parts/@thumbs/rcsTankMini_icon
[LOG 20:58:37.755] Load Cached PNG Texture: Squad/Parts/@thumbs/RelayAntenna100_icon
[LOG 20:58:37.755] Load Cached PNG Texture: Squad/Parts/@thumbs/RelayAntenna50_icon
[LOG 20:58:37.755] Load Cached PNG Texture: Squad/Parts/@thumbs/RelayAntenna5_icon
[LOG 20:58:37.755] Load Cached PNG Texture: Squad/Parts/@thumbs/ReleaseValve_icon
[LOG 20:58:37.755] Load Cached PNG Texture: Squad/Parts/@thumbs/Rockomax32.BW_icon0
[LOG 20:58:37.755] Load Cached PNG Texture: Squad/Parts/@thumbs/roverBody.v2_icon0
[LOG 20:58:37.755] Load Cached PNG Texture: Squad/Parts/@thumbs/roverBody.v2_icon1
[LOG 20:58:37.755] Load Cached PNG Texture: Squad/Parts/@thumbs/roverBody.v2_icon2
[LOG 20:58:37.755] Load Cached PNG Texture: Squad/Parts/@thumbs/roverWheel1_icon
[LOG 20:58:37.755] Load Cached PNG Texture: Squad/Parts/@thumbs/roverWheel2_icon
[LOG 20:58:37.755] Load Cached PNG Texture: Squad/Parts/@thumbs/rtg_icon
[LOG 20:58:37.755] Load Cached PNG Texture: Squad/Parts/@thumbs/sasModule_icon
[LOG 20:58:37.755] Load Cached PNG Texture: Squad/Parts/@thumbs/science.module_icon
[LOG 20:58:37.755] Load Cached PNG Texture: Squad/Parts/@thumbs/ScienceBox_icon
[LOG 20:58:37.755] Load Cached PNG Texture: Squad/Parts/@thumbs/seatExternalCmd_icon
[LOG 20:58:37.755] Load Cached PNG Texture: Squad/Parts/@thumbs/sensorAccelerometer_icon
[LOG 20:58:37.757] Load Cached PNG Texture: Squad/Parts/@thumbs/sensorAtmosphere_icon
[LOG 20:58:37.757] Load Cached PNG Texture: Squad/Parts/@thumbs/sensorBarometer_icon
[LOG 20:58:37.757] Load Cached PNG Texture: Squad/Parts/@thumbs/sensorGravimeter_icon
[LOG 20:58:37.757] Load Cached PNG Texture: Squad/Parts/@thumbs/sensorThermometer_icon
[LOG 20:58:37.757] Load Cached PNG Texture: Squad/Parts/@thumbs/Separator.0_icon0
[LOG 20:58:37.757] Load Cached PNG Texture: Squad/Parts/@thumbs/Separator.0_icon1
[LOG 20:58:37.757] Load Cached PNG Texture: Squad/Parts/@thumbs/Separator.1_icon0
[LOG 20:58:37.757] Load Cached PNG Texture: Squad/Parts/@thumbs/Separator.1_icon1
[LOG 20:58:37.757] Load Cached PNG Texture: Squad/Parts/@thumbs/sepMotor1_icon
[LOG 20:58:37.757] Load Cached PNG Texture: Squad/Parts/@thumbs/ServiceBay.125.v2_icon
[LOG 20:58:37.757] Load Cached PNG Texture: Squad/Parts/@thumbs/shockConeIntake_icon
[LOG 20:58:37.757] Load Cached PNG Texture: Squad/Parts/@thumbs/Shrimp_icon
[LOG 20:58:37.757] Load Cached PNG Texture: Squad/Parts/@thumbs/Size3LargeTank_icon0
[LOG 20:58:37.757] Load Cached PNG Texture: Squad/Parts/@thumbs/Size3MediumTank_icon0
[LOG 20:58:37.757] Load Cached PNG Texture: Squad/Parts/@thumbs/smallCargoContainer_icon
[LOG 20:58:37.757] Load Cached PNG Texture: Squad/Parts/@thumbs/smallClaw_icon0
[LOG 20:58:37.757] Load Cached PNG Texture: Squad/Parts/@thumbs/smallClaw_icon1
[LOG 20:58:37.757] Load Cached PNG Texture: Squad/Parts/@thumbs/smallCtrlSrf_icon
[LOG 20:58:37.757] Load Cached PNG Texture: Squad/Parts/@thumbs/SmallGearBay_icon
[LOG 20:58:37.757] Load Cached PNG Texture: Squad/Parts/@thumbs/smallHardpoint_icon
[LOG 20:58:37.757] Load Cached PNG Texture: Squad/Parts/@thumbs/smallRadialEngine.v2_icon0
[LOG 20:58:37.757] Load Cached PNG Texture: Squad/Parts/@thumbs/smallRadialEngine.v2_icon1
[LOG 20:58:37.757] Load Cached PNG Texture: Squad/Parts/@thumbs/SmallTank_icon
[LOG 20:58:37.757] Load Cached PNG Texture: Squad/Parts/@thumbs/solarPanelOX10C_icon
[LOG 20:58:37.757] Load Cached PNG Texture: Squad/Parts/@thumbs/solarPanelOX10L_icon
[LOG 20:58:37.757] Load Cached PNG Texture: Squad/Parts/@thumbs/solarPanels1_icon
[LOG 20:58:37.757] Load Cached PNG Texture: Squad/Parts/@thumbs/solarPanels2_icon
[LOG 20:58:37.757] Load Cached PNG Texture: Squad/Parts/@thumbs/solarPanels3_icon
[LOG 20:58:37.757] Load Cached PNG Texture: Squad/Parts/@thumbs/solarPanels4_icon
[LOG 20:58:37.757] Load Cached PNG Texture: Squad/Parts/@thumbs/solarPanels5_icon
[LOG 20:58:37.758] Load Cached PNG Texture: Squad/Parts/@thumbs/solarPanelSP10C_icon
[LOG 20:58:37.758] Load Cached PNG Texture: Squad/Parts/@thumbs/solarPanelSP10L_icon
[LOG 20:58:37.758] Load Cached PNG Texture: Squad/Parts/@thumbs/spotLight1_icon
[LOG 20:58:37.758] Load Cached PNG Texture: Squad/Parts/@thumbs/spotLight2_icon
[LOG 20:58:37.758] Load Cached PNG Texture: Squad/Parts/@thumbs/spotLight3_icon0
[LOG 20:58:37.758] Load Cached PNG Texture: Squad/Parts/@thumbs/spotLight3_icon1
[LOG 20:58:37.758] Load Cached PNG Texture: Squad/Parts/@thumbs/stackPoint1_icon
[LOG 20:58:37.758] Load Cached PNG Texture: Squad/Parts/@thumbs/StandardCtrlSrf_icon
[LOG 20:58:37.758] Load Cached PNG Texture: Squad/Parts/@thumbs/standardNoseCone_icon
[LOG 20:58:37.758] Load Cached PNG Texture: Squad/Parts/@thumbs/stripLight1_icon0
[LOG 20:58:37.758] Load Cached PNG Texture: Squad/Parts/@thumbs/stripLight1_icon1
[LOG 20:58:37.758] Load Cached PNG Texture: Squad/Parts/@thumbs/structuralIBeam1_icon
[LOG 20:58:37.758] Load Cached PNG Texture: Squad/Parts/@thumbs/structuralIBeam3_icon
[LOG 20:58:37.759] Load Cached PNG Texture: Squad/Parts/@thumbs/structuralMiniNode_icon
[LOG 20:58:37.759] Load Cached PNG Texture: Squad/Parts/@thumbs/structuralPanel1_icon
[LOG 20:58:37.759] Load Cached PNG Texture: Squad/Parts/@thumbs/structuralPanel2_icon
[LOG 20:58:37.760] Load Cached PNG Texture: Squad/Parts/@thumbs/structuralWing4_icon
[LOG 20:58:37.760] Load Cached PNG Texture: Squad/Parts/@thumbs/strutCube_icon
[LOG 20:58:37.761] Load Cached PNG Texture: Squad/Parts/@thumbs/strutOcto_icon
[LOG 20:58:37.761] Load Cached PNG Texture: Squad/Parts/@thumbs/SurfaceScanner_icon
[LOG 20:58:37.761] Load Cached PNG Texture: Squad/Parts/@thumbs/SurfAntenna_icon
[LOG 20:58:37.762] Load Cached PNG Texture: Squad/Parts/@thumbs/telescopicLadderBay_icon
[LOG 20:58:37.762] Load Cached PNG Texture: Squad/Parts/@thumbs/telescopicLadder_icon
[LOG 20:58:37.762] Load Cached PNG Texture: Squad/Parts/@thumbs/toroidalAerospike_icon
[LOG 20:58:37.763] Load Cached PNG Texture: Squad/Parts/@thumbs/trussAdapter_icon
[LOG 20:58:37.763] Load Cached PNG Texture: Squad/Parts/@thumbs/trussPiece1x_icon
[LOG 20:58:37.763] Load Cached PNG Texture: Squad/Parts/@thumbs/trussPiece3x_icon
[LOG 20:58:37.763] Load Cached PNG Texture: Squad/Parts/@thumbs/vernierEngine_icon
[LOG 20:58:37.764] Load Cached PNG Texture: Squad/Parts/@thumbs/wheelMed_icon
[LOG 20:58:37.764] Load Cached PNG Texture: Squad/Parts/@thumbs/wingConnector4_icon
[LOG 20:58:37.764] Load Cached PNG Texture: Squad/Parts/@thumbs/wingConnector5_icon
[LOG 20:58:37.765] Load Cached PNG Texture: Squad/Parts/@thumbs/winglet3_icon
[LOG 20:58:37.765] Load Cached PNG Texture: Squad/Parts/@thumbs/winglet_icon
[LOG 20:58:37.765] Load Cached PNG Texture: Squad/Parts/@thumbs/wingShuttleElevon1_icon
[LOG 20:58:37.766] Load Cached PNG Texture: Squad/Parts/@thumbs/xenonTankLarge_icon
[LOG 20:58:37.766] Load Cached PNG Texture: Squad/Parts/@thumbs/xenonTankRadial_icon
[LOG 20:58:37.766] Load Cached PNG Texture: Squad/Parts/@thumbs/xenonTank_icon
[LOG 20:58:37.766] Load DDS texture: Squad/Parts/Aero/aerodynamicNoseCone/Rockomax_Adapters_diffuse
[LOG 20:58:37.767] Load DDS texture: Squad/Parts/Aero/aerodynamicNoseCone/Rockomax_Adapters_normal
[LOG 20:58:37.767] Load DDS texture: Squad/Parts/Aero/airbrake/airbrake
[LOG 20:58:37.767] Load DDS texture: Squad/Parts/Aero/airIntakeRadialXM-G50/RadialIntake
[LOG 20:58:37.769] Load DDS texture: Squad/Parts/Aero/airlinerWings/AirlinerWings
[LOG 20:58:37.772] Load DDS texture: Squad/Parts/Aero/airplaneFins/AirplaneFins
[LOG 20:58:37.773] Load DDS texture: Squad/Parts/Aero/basicFin/BasicFin
[LOG 20:58:37.773] Load DDS texture: Squad/Parts/Aero/circularIntake/CircluarIntakes
[LOG 20:58:37.773] Load DDS texture: Squad/Parts/Aero/circularIntake/CircluarIntakes_Heat
[LOG 20:58:37.774] Load DDS texture: Squad/Parts/Aero/cones/Assets/Cones
[LOG 20:58:37.774] Load DDS texture: Squad/Parts/Aero/cones/Assets/ConesDiffuse
[LOG 20:58:37.775] Load DDS texture: Squad/Parts/Aero/cones/Assets/ConesDiffuse_Orange
[LOG 20:58:37.782] Load DDS texture: Squad/Parts/Aero/cones/Assets/ConesDiffuse_White
[LOG 20:58:37.782] Load DDS texture: Squad/Parts/Aero/cones/Assets/ConesHeat
[LOG 20:58:37.783] Load DDS texture: Squad/Parts/Aero/cones/Assets/ConesHeat_Orange
[LOG 20:58:37.784] Load DDS texture: Squad/Parts/Aero/cones/Assets/ConesHeat_White
[LOG 20:58:37.785] Load DDS texture: Squad/Parts/Aero/cones/Assets/Cones_Heat
[LOG 20:58:37.785] Load Cached PNG Texture: Squad/Parts/Aero/cones/Assets/rocketNoseCones_O
[LOG 20:58:37.789] Load Cached PNG Texture: Squad/Parts/Aero/cones/Assets/rocketNoseCones_O_Normal
[LOG 20:58:37.790] Load DDS texture: Squad/Parts/Aero/cones/Assets/rocketNoseCones_W
[LOG 20:58:37.794] Load DDS texture: Squad/Parts/Aero/cones/Assets/Rockomax_Adapters_diffuse
[LOG 20:58:37.794] Load DDS texture: Squad/Parts/Aero/cones/Assets/Rockomax_Adapters_normal
[LOG 20:58:37.794] Load DDS texture: Squad/Parts/Aero/fairings/AutoTruss
[LOG 20:58:37.794] Load DDS texture: Squad/Parts/Aero/fairings/FairingBase
[LOG 20:58:37.794] Load DDS texture: Squad/Parts/Aero/fairings/FairingBaseNormals
[LOG 20:58:37.795] Load DDS texture: Squad/Parts/Aero/fairings/FairingBaseNormals_bw
[LOG 20:58:37.795] Load DDS texture: Squad/Parts/Aero/fairings/FairingBaseNormals_goldSilver
[LOG 20:58:37.796] Load DDS texture: Squad/Parts/Aero/fairings/FairingBaseNormals_orange
[LOG 20:58:37.796] Load Cached PNG Texture: Squad/Parts/Aero/fairings/FairingBase_black
[LOG 20:58:37.797] Load DDS texture: Squad/Parts/Aero/fairings/FairingBase_bw
[LOG 20:58:37.797] Load DDS texture: Squad/Parts/Aero/fairings/FairingBase_goldDiffuse
[LOG 20:58:37.797] Load DDS texture: Squad/Parts/Aero/fairings/FairingBase_goldSpecular
[LOG 20:58:37.797] Load DDS texture: Squad/Parts/Aero/fairings/FairingBase_orange
[LOG 20:58:37.797] Load DDS texture: Squad/Parts/Aero/fairings/FairingBase_silverDiffuse
[LOG 20:58:37.797] Load DDS texture: Squad/Parts/Aero/fairings/FairingBase_silverSpecular
[LOG 20:58:37.798] Load DDS texture: Squad/Parts/Aero/fairings/fairingsCap
[LOG 20:58:37.798] Load DDS texture: Squad/Parts/Aero/fairings/FairingsMat_silverSpecular
[LOG 20:58:37.799] Load DDS texture: Squad/Parts/Aero/fairings/fairings_diff
[LOG 20:58:37.799] Load DDS texture: Squad/Parts/Aero/fairings/fairings_diff_grey
[LOG 20:58:37.800] Load DDS texture: Squad/Parts/Aero/fairings/fairings_diff_orange
[LOG 20:58:37.800] Load DDS texture: Squad/Parts/Aero/fairings/fairings_grey_normals
[LOG 20:58:37.801] Load DDS texture: Squad/Parts/Aero/fairings/fairings_normals
[LOG 20:58:37.802] Load DDS texture: Squad/Parts/Aero/fairings/fairings_normals_silver
[LOG 20:58:37.805] Load DDS texture: Squad/Parts/Aero/fairings/fairings_orange_normals
[LOG 20:58:37.807] Load DDS texture: Squad/Parts/Aero/fairings/fairings_silverDiffuse
[LOG 20:58:37.811] Load DDS texture: Squad/Parts/Aero/HeatShield/Fairing
[LOG 20:58:37.811] Load DDS texture: Squad/Parts/Aero/HeatShield/heatshield
[LOG 20:58:37.811] Load DDS texture: Squad/Parts/Aero/InflatableHeatShield/HeatShield
[LOG 20:58:37.812] Load DDS texture: Squad/Parts/Aero/InflatableHeatShield/HeatShieldFairing
[LOG 20:58:37.812] Load DDS texture: Squad/Parts/Aero/InflatableHeatShield/HeatShield_NRM
[LOG 20:58:37.812] Load DDS texture: Squad/Parts/Aero/intakeRadialLong/Radial_long
[LOG 20:58:37.813] Load DDS texture: Squad/Parts/Aero/miniIntake/SmallIntake
[LOG 20:58:37.813] Load DDS texture: Squad/Parts/Aero/ramAirIntake/RampIntake
[LOG 20:58:37.813] Load DDS texture: Squad/Parts/Aero/ramAirIntake/RampIntake_Heat
[LOG 20:58:37.813] Load DDS texture: Squad/Parts/Aero/shuttleWings/ShuttleWings
[LOG 20:58:37.816] Load DDS texture: Squad/Parts/Aero/wingletAV-R8/model000
[LOG 20:58:37.817] Load DDS texture: Squad/Parts/Aero/wingletAV-R8/model001
[LOG 20:58:37.817] Load DDS texture: Squad/Parts/Aero/wingletAV-T1/model000
[LOG 20:58:37.817] Load DDS texture: Squad/Parts/Aero/wingletAV-T1/model001
[LOG 20:58:37.817] Load DDS texture: Squad/Parts/Aero/wingletDeltaDeluxe/model000
[LOG 20:58:37.817] Load DDS texture: Squad/Parts/Aero/wings/Wings
[LOG 20:58:37.819] Load DDS texture: Squad/Parts/Cargo/CargoContainers/cargoContainer_diff
[LOG 20:58:37.819] Load DDS texture: Squad/Parts/Cargo/CargoContainers/smallCargoContainer_diffuse
[LOG 20:58:37.819] Load DDS texture: Squad/Parts/Cargo/CargoContainers/smallCargoContainer_nrm
[LOG 20:58:37.820] Load DDS texture: Squad/Parts/Cargo/CargoContainers/smallCargoContainer_specular
[LOG 20:58:37.820] Load DDS texture: Squad/Parts/Cargo/Cylinder/EVAcylinder_diffuse
[LOG 20:58:37.820] Load DDS texture: Squad/Parts/Cargo/Cylinder/EVAcylinder_nrm
[LOG 20:58:37.820] Load DDS texture: Squad/Parts/Cargo/GroundAnchor/groundAnchor_diffuse
[LOG 20:58:37.821] Load DDS texture: Squad/Parts/Cargo/GroundAnchor/groundAnchor_nrm
[LOG 20:58:37.821] Load DDS texture: Squad/Parts/Cargo/Jetpack/EVAjetpack
[LOG 20:58:37.822] Load DDS texture: Squad/Parts/Cargo/Jetpack/EVAjetpackEmmisive
[LOG 20:58:37.823] Load DDS texture: Squad/Parts/Cargo/Jetpack/EVAjetpackNRM
[LOG 20:58:37.823] Load DDS texture: Squad/Parts/Cargo/Parachute/backpack_Diff
[LOG 20:58:37.827] Load DDS texture: Squad/Parts/Cargo/Parachute/backpack_NM
[LOG 20:58:37.835] Load DDS texture: Squad/Parts/Cargo/RepairKit/RepairKit_Diffuse
[LOG 20:58:37.836] Load DDS texture: Squad/Parts/Cargo/RepairKit/RepairKit_Normal
[LOG 20:58:37.838] Load DDS texture: Squad/Parts/Cargo/ScienceKit/ExperimentKit_Material_Diffuse
[LOG 20:58:37.838] Load DDS texture: Squad/Parts/Cargo/ScienceKit/ExperimentKit_Material_Emissive
[LOG 20:58:37.840] Load DDS texture: Squad/Parts/Cargo/ScienceKit/ExperimentKit_Material_Normal
[LOG 20:58:37.840] Load DDS texture: Squad/Parts/Cargo/StorageUnits/Assets/Cargo_Material_Diffuse
[LOG 20:58:37.843] Load DDS texture: Squad/Parts/Cargo/StorageUnits/Assets/Cargo_Material_Normal
[LOG 20:58:37.850] Load DDS texture: Squad/Parts/Command/advancedSasModuleLarge/model000
[LOG 20:58:37.856] Load DDS texture: Squad/Parts/Command/advancedSasModuleLarge/model001
[LOG 20:58:37.856] Load DDS texture: Squad/Parts/Command/cupola/cupola_Emissive
[LOG 20:58:37.856] Load DDS texture: Squad/Parts/Command/cupola/ksp_l_cupola_diff
[LOG 20:58:37.857] Load DDS texture: Squad/Parts/Command/cupola/ksp_l_cupola_normal
[LOG 20:58:37.857] Load DDS texture: Squad/Parts/Command/cupola/window
[LOG 20:58:37.859] Load DDS texture: Squad/Parts/Command/externalCommandSeat/model000
[LOG 20:58:37.860] Load DDS texture: Squad/Parts/Command/hitchhikerStorageContainer/cabin
[LOG 20:58:37.860] Load DDS texture: Squad/Parts/Command/hitchhikerStorageContainer/cabin_Illum
[LOG 20:58:37.860] Load DDS texture: Squad/Parts/Command/hitchhikerStorageContainer/cabin_n
[LOG 20:58:37.861] Load DDS texture: Squad/Parts/Command/hitchhikerStorageContainer/window
[LOG 20:58:37.861] Load DDS texture: Squad/Parts/Command/inlineAdvancedStabilizer/model000
[LOG 20:58:37.861] Load DDS texture: Squad/Parts/Command/inlineAdvancedStabilizer/model001
[LOG 20:58:37.862] Load DDS texture: Squad/Parts/Command/inlineReactionWheel/model000
[LOG 20:58:37.862] Load DDS texture: Squad/Parts/Command/inlineReactionWheel/model001
[LOG 20:58:37.862] Load DDS texture: Squad/Parts/Command/inlineReactionWheel/model002
[LOG 20:58:37.862] Load DDS texture: Squad/Parts/Command/Mk1-2Pod/mk 1-2 external shell Variant-Hatch
[LOG 20:58:37.866] Load DDS texture: Squad/Parts/Command/Mk1-3Pod/M1-3 Pod
[LOG 20:58:37.867] Load DDS texture: Squad/Parts/Command/Mk1-3Pod/M1-3 Pod_GLOW
[LOG 20:58:37.867] Load DDS texture: Squad/Parts/Command/mk1Cockpits/GLOW
[LOG 20:58:37.867] Load DDS texture: Squad/Parts/Command/mk1Cockpits/Mk1Cockpit
[LOG 20:58:37.869] Load DDS texture: Squad/Parts/Command/mk1LanderCan/ksp_s_landerCan_diff
[LOG 20:58:37.869] Load DDS texture: Squad/Parts/Command/mk1LanderCan/ksp_s_landerCan_normal
[LOG 20:58:37.869] Load DDS texture: Squad/Parts/Command/mk1LanderCan/ksp_s_landerCan_psd_illum
[LOG 20:58:37.869] Load DDS texture: Squad/Parts/Command/mk1pod/outer shell
[LOG 20:58:37.869] Load DDS texture: Squad/Parts/Command/mk1pod_v2/Mk1_v2
[LOG 20:58:37.870] Load DDS texture: Squad/Parts/Command/mk1pod_v2/Mk1_v2_GLOW
[LOG 20:58:37.870] Load DDS texture: Squad/Parts/Command/mk1pod_v2/Mk1_v2_GW
[LOG 20:58:37.871] Load DDS texture: Squad/Parts/Command/mk1pod_v2/Mk1_v2_N
[LOG 20:58:37.872] Load DDS texture: Squad/Parts/Command/mk1pod_v2/Mk1_v2_W
[LOG 20:58:37.873] Load DDS texture: Squad/Parts/Command/mk1pod_v2/Mk1_v2_W_N
[LOG 20:58:37.874] Load DDS texture: Squad/Parts/Command/mk2CockpitInline/Cockpit_inline_A
[LOG 20:58:37.875] Load DDS texture: Squad/Parts/Command/mk2CockpitInline/Cockpit_inline_Emissive
[LOG 20:58:37.876] Load DDS texture: Squad/Parts/Command/mk2CockpitInline/Cockpit_inline_normal
[LOG 20:58:37.877] Load DDS texture: Squad/Parts/Command/mk2CockpitStandard/Cockpit
[LOG 20:58:37.878] Load DDS texture: Squad/Parts/Command/mk2CockpitStandard/Cockpit_Lum
[LOG 20:58:37.878] Load DDS texture: Squad/Parts/Command/mk2CockpitStandard/Cockpit_NRM
[LOG 20:58:37.879] Load DDS texture: Squad/Parts/Command/mk2DroneCore/mk2Dronecore
[LOG 20:58:37.879] Load DDS texture: Squad/Parts/Command/mk2LanderCan/Illum
[LOG 20:58:37.879] Load DDS texture: Squad/Parts/Command/mk2LanderCan/ladder
[LOG 20:58:37.879] Load DDS texture: Squad/Parts/Command/mk2LanderCan/outershell
[LOG 20:58:37.880] Load DDS texture: Squad/Parts/Command/mk2LanderCan/outershell_n
[LOG 20:58:37.880] Load DDS texture: Squad/Parts/Command/mk2LanderCan/window
[LOG 20:58:37.880] Load DDS texture: Squad/Parts/Command/mk2LanderCan_v2/Mk2Can
[LOG 20:58:37.884] Load DDS texture: Squad/Parts/Command/mk2LanderCan_v2/Mk2Can_glow
[LOG 20:58:37.889] Load DDS texture: Squad/Parts/Command/mk3CockpitShuttle/Mk3CockpitShuttle
[LOG 20:58:37.894] Load DDS texture: Squad/Parts/Command/mk3CockpitShuttle/Mk3CockpitShuttle_LUM
[LOG 20:58:37.895] Load DDS texture: Squad/Parts/Command/MpoProbe/MpoProbe_diffuse
[LOG 20:58:37.895] Load DDS texture: Squad/Parts/Command/MpoProbe/MpoProbe_nrm
[LOG 20:58:37.901] Load DDS texture: Squad/Parts/Command/MpoProbe/MpoProbe_specular
[LOG 20:58:37.902] Load DDS texture: Squad/Parts/Command/MtmStage/mtmStage_diffuse
[LOG 20:58:37.903] Load DDS texture: Squad/Parts/Command/MtmStage/mtmStage_nrm
[LOG 20:58:37.904] Load DDS texture: Squad/Parts/Command/MtmStage/mtmStage_specular
[LOG 20:58:37.905] Load DDS texture: Squad/Parts/Command/probeCoreCube/QBE_New_diffuse
[LOG 20:58:37.906] Load Cached PNG Texture: Squad/Parts/Command/probeCoreCube/QBE_New_NRM
[LOG 20:58:37.907] Load DDS texture: Squad/Parts/Command/probeCoreCube/QBE_New_specular
[LOG 20:58:37.907] Load DDS texture: Squad/Parts/Command/probeCoreHex/ksp_m_hexProbe_diff
[LOG 20:58:37.908] Load DDS texture: Squad/Parts/Command/probeCoreHex/ksp_m_hexProbe_normal
[LOG 20:58:37.908] Load DDS texture: Squad/Parts/Command/probeCoreHex_v2/hecsDiffuse
[LOG 20:58:37.909] Load DDS texture: Squad/Parts/Command/probeCoreHex_v2/hecsNormal
[LOG 20:58:37.909] Load DDS texture: Squad/Parts/Command/probeCoreOcto2_v2/octoDiffuse
[LOG 20:58:37.909] Load DDS texture: Squad/Parts/Command/probeCoreOcto2_v2/octoNormal
[LOG 20:58:37.909] Load DDS texture: Squad/Parts/Command/probeCoreOcto2_v2/octoSpecular
[LOG 20:58:37.909] Load DDS texture: Squad/Parts/Command/probeCoreOcto_v2/octoDiffuse
[LOG 20:58:37.910] Load DDS texture: Squad/Parts/Command/probeCoreOcto_v2/octoNormal
[LOG 20:58:37.910] Load DDS texture: Squad/Parts/Command/probeCoreOcto_v2/octoSpecular
[LOG 20:58:37.910] Load DDS texture: Squad/Parts/Command/probeRoverBody/model000
[LOG 20:58:37.910] Load DDS texture: Squad/Parts/Command/probeRoverBody/model001
[LOG 20:58:37.910] Load DDS texture: Squad/Parts/Command/probeRoverBody_v2/probeRoverBody_v2_gold_diffuse
[LOG 20:58:37.911] Load Cached PNG Texture: Squad/Parts/Command/probeRoverBody_v2/probeRoverBody_v2_gold_NRM
[LOG 20:58:37.911] Load DDS texture: Squad/Parts/Command/probeRoverBody_v2/probeRoverBody_v2_gold_specular
[LOG 20:58:37.912] Load DDS texture: Squad/Parts/Command/probeRoverBody_v2/probeRoverBody_v2_silver_diffuse
[LOG 20:58:37.916] Load Cached PNG Texture: Squad/Parts/Command/probeRoverBody_v2/probeRoverBody_v2_silver_NRM
[LOG 20:58:37.922] Load DDS texture: Squad/Parts/Command/probeRoverBody_v2/probeRoverBody_v2_silver_specular
[LOG 20:58:37.923] Load DDS texture: Squad/Parts/Command/probeRoverBody_v2/QBE_New_diffuse
[LOG 20:58:37.923] Load DDS texture: Squad/Parts/Command/probeRoverBody_v2/QBE_New_NRM
[LOG 20:58:37.923] Load DDS texture: Squad/Parts/Command/probeRoverBody_v2/QBE_New_specular
[LOG 20:58:37.923] Load DDS texture: Squad/Parts/Command/probeStackLarge/model000
[LOG 20:58:37.925] Load DDS texture: Squad/Parts/Command/probeStackLarge/model001
[LOG 20:58:37.926] Load DDS texture: Squad/Parts/Command/probeStackSmall/model000
[LOG 20:58:37.926] Load DDS texture: Squad/Parts/Command/probeStackSmall/model001
[LOG 20:58:37.927] Load DDS texture: Squad/Parts/Command/probeStackSphere_v2/probeStackSphere_diffuse
[LOG 20:58:37.927] Load DDS texture: Squad/Parts/Command/probeStackSphere_v2/probeStackSphere_normal
[LOG 20:58:37.928] Load DDS texture: Squad/Parts/Command/probeStackSphere_v2/probeStackSphere_specular
[LOG 20:58:37.928] Load Cached PNG Texture: Squad/Parts/CompoundParts/@thumbs/fuelLine_icon0
[LOG 20:58:37.929] Load Cached PNG Texture: Squad/Parts/CompoundParts/@thumbs/fuelLine_icon1
[LOG 20:58:37.929] Load Cached PNG Texture: Squad/Parts/CompoundParts/@thumbs/strutConnector_icon0
[LOG 20:58:37.929] Load Cached PNG Texture: Squad/Parts/CompoundParts/@thumbs/strutConnector_icon1
[LOG 20:58:37.929] Load DDS texture: Squad/Parts/CompoundParts/FuelLine/FTX-2 External Fuel Duct
[LOG 20:58:37.929] Load DDS texture: Squad/Parts/CompoundParts/FuelLine/FTX-2 External Fuel Duct_ESA
[LOG 20:58:37.929] Load DDS texture: Squad/Parts/CompoundParts/strutConnector/EAS-4 Strut Connector
[LOG 20:58:37.929] Load DDS texture: Squad/Parts/CompoundParts/strutConnector/EAS-4 Strut Connector_white
[LOG 20:58:37.929] Load DDS texture: Squad/Parts/Coupling/Assets/Decouplers
[LOG 20:58:37.931] Load DDS texture: Squad/Parts/Coupling/Assets/Decouplers_N
[LOG 20:58:37.932] Load DDS texture: Squad/Parts/Coupling/Assets/Decouplers_whiteYellow
[LOG 20:58:37.934] Load DDS texture: Squad/Parts/Coupling/Assets/Decouplers_whiteYellow_N
[LOG 20:58:37.936] Load DDS texture: Squad/Parts/Electrical/10CSolarPanels/assets/circularSolarPanel_diffuse
[LOG 20:58:37.938] Load DDS texture: Squad/Parts/Electrical/10CSolarPanels/assets/circularSolarPanel_nrm
[LOG 20:58:37.938] Load DDS texture: Squad/Parts/Electrical/10LSolarPanels/assets/retractableSolarPanel_diffuse
[LOG 20:58:37.942] Load DDS texture: Squad/Parts/Electrical/10LSolarPanels/assets/retractableSolarPanel_nrm
[LOG 20:58:37.943] Load DDS texture: Squad/Parts/Electrical/1x6ShroudSolarPanels/model000
[LOG 20:58:37.943] Load DDS texture: Squad/Parts/Electrical/1x6ShroudSolarPanels/model001
[LOG 20:58:37.943] Load DDS texture: Squad/Parts/Electrical/1x6ShroudSolarPanels/model002
[LOG 20:58:37.943] Load DDS texture: Squad/Parts/Electrical/1x6SolarPanels/model000
[LOG 20:58:37.943] Load DDS texture: Squad/Parts/Electrical/1x6SolarPanels/model001
[LOG 20:58:37.943] Load DDS texture: Squad/Parts/Electrical/1x6SolarPanels/model002
[LOG 20:58:37.943] Load DDS texture: Squad/Parts/Electrical/3x2ShroudSolarPanels/model000
[LOG 20:58:37.948] Load DDS texture: Squad/Parts/Electrical/3x2ShroudSolarPanels/model001
[LOG 20:58:37.948] Load DDS texture: Squad/Parts/Electrical/3x2ShroudSolarPanels/model002
[LOG 20:58:37.948] Load DDS texture: Squad/Parts/Electrical/3x2SolarPanels/model000
[LOG 20:58:37.948] Load DDS texture: Squad/Parts/Electrical/3x2SolarPanels/model001
[LOG 20:58:37.948] Load DDS texture: Squad/Parts/Electrical/3x2SolarPanels/model002
[LOG 20:58:37.949] Load DDS texture: Squad/Parts/Electrical/gigantorXlSolarArray/panel
[LOG 20:58:37.949] Load DDS texture: Squad/Parts/Electrical/radialFlatSolarPanel/model000
[LOG 20:58:37.949] Load DDS texture: Squad/Parts/Electrical/RTG/model000
[LOG 20:58:37.949] Load DDS texture: Squad/Parts/Electrical/z-100Battery/model000
[LOG 20:58:37.949] Load DDS texture: Squad/Parts/Electrical/z-1kBattery/model000
[LOG 20:58:37.949] Load DDS texture: Squad/Parts/Electrical/z-1kBattery/model001
[LOG 20:58:37.949] Load DDS texture: Squad/Parts/Electrical/z-200Battery/ksp_m_batteryPack_diff
[LOG 20:58:37.949] Load DDS texture: Squad/Parts/Electrical/z-400Battery/model000
[LOG 20:58:37.949] Load DDS texture: Squad/Parts/Electrical/z-4kBattery/ksp_l_batteryPack_diff
[LOG 20:58:37.949] Load DDS texture: Squad/Parts/Electrical/z-4kBattery/ksp_l_batteryPack_normal
[LOG 20:58:37.949] Load DDS texture: Squad/Parts/Engine/ionEngine/model000
[LOG 20:58:37.949] Load DDS texture: Squad/Parts/Engine/jetEngines/Jet Engines
[LOG 20:58:37.951] Load DDS texture: Squad/Parts/Engine/jetEngines/Jet_Heat
[LOG 20:58:37.951] Load DDS texture: Squad/Parts/Engine/liquidEngine24-77/engine
[LOG 20:58:37.951] Load DDS texture: Squad/Parts/Engine/liquidEngine24-77_v2/Twitch
[LOG 20:58:37.952] Load DDS texture: Squad/Parts/Engine/liquidEngine24-77_v2/Twitch_G
[LOG 20:58:37.952] Load DDS texture: Squad/Parts/Engine/liquidEngine24-77_v2/Twitch_GLOW
[LOG 20:58:37.952] Load DDS texture: Squad/Parts/Engine/liquidEngine48-7S/ksp_m_liquidEngine_diff
[LOG 20:58:37.952] Load DDS texture: Squad/Parts/Engine/liquidEngine48-7S_v2/Spark
[LOG 20:58:37.952] Load DDS texture: Squad/Parts/Engine/liquidEngine48-7S_v2/Spark_Glow
[LOG 20:58:37.953] Load DDS texture: Squad/Parts/Engine/liquidEngineAerospike/Aerospike
[LOG 20:58:37.953] Load DDS texture: Squad/Parts/Engine/liquidEngineAerospike/Aerospike_Heat
[LOG 20:58:37.953] Load DDS texture: Squad/Parts/Engine/liquidEngineLV-1_v2/Assets/Ant_and_Spider_diffuse
[LOG 20:58:37.953] Load DDS texture: Squad/Parts/Engine/liquidEngineLV-1_v2/Assets/Ant_and_Spider_emissive
[LOG 20:58:37.953] Load DDS texture: Squad/Parts/Engine/liquidEngineLV-1_v2/Assets/Ant_and_Spider_normal
[LOG 20:58:37.953] Load DDS texture: Squad/Parts/Engine/liquidEngineLV-1_v2/Assets/Ant_and_Spider_specular
[LOG 20:58:37.953] Load DDS texture: Squad/Parts/Engine/liquidEngineLV-909_v2/Terrier
[LOG 20:58:37.954] Load DDS texture: Squad/Parts/Engine/liquidEngineLV-909_v2/TerrierFairing
[LOG 20:58:37.954] Load DDS texture: Squad/Parts/Engine/liquidEngineLV-909_v2/Terrier_glow
[LOG 20:58:37.954] Load DDS texture: Squad/Parts/Engine/liquidEngineLV-N/model000
[LOG 20:58:37.955] Load DDS texture: Squad/Parts/Engine/liquidEngineLV-N/model001
[LOG 20:58:37.955] Load DDS texture: Squad/Parts/Engine/liquidEngineLV-N/model002
[LOG 20:58:37.955] Load DDS texture: Squad/Parts/Engine/liquidEngineLV-N/model003
[LOG 20:58:37.955] Load DDS texture: Squad/Parts/Engine/liquidEngineLV-T30/model000
[LOG 20:58:37.955] Load DDS texture: Squad/Parts/Engine/liquidEngineLV-T30/model001
[LOG 20:58:37.955] Load DDS texture: Squad/Parts/Engine/liquidEngineLV-T30/model002
[LOG 20:58:37.956] Load DDS texture: Squad/Parts/Engine/liquidEngineLV-T30_v2/Engine_Emissive
[LOG 20:58:37.961] Load DDS texture: Squad/Parts/Engine/liquidEngineLV-T30_v2/Engine_Normal
[LOG 20:58:37.967] Load DDS texture: Squad/Parts/Engine/liquidEngineLV-T30_v2/Fairing
[LOG 20:58:37.968] Load DDS texture: Squad/Parts/Engine/liquidEngineLV-T30_v2/Reliant_v2-shroud_Diffuse
[LOG 20:58:37.985] Load DDS texture: Squad/Parts/Engine/liquidEngineLV-T30_v2/Reliant_v2_Diffuse
[LOG 20:58:37.988] Load DDS texture: Squad/Parts/Engine/liquidEngineLV-T45/model000
[LOG 20:58:37.989] Load DDS texture: Squad/Parts/Engine/liquidEngineLV-T45/model001
[LOG 20:58:37.990] Load DDS texture: Squad/Parts/Engine/liquidEngineLV-T45/model002
[LOG 20:58:37.990] Load DDS texture: Squad/Parts/Engine/liquidEngineLV-T45/model003
[LOG 20:58:37.990] Load DDS texture: Squad/Parts/Engine/liquidEngineLV-T45_v2/Engine_Emissive
[LOG 20:58:37.998] Load DDS texture: Squad/Parts/Engine/liquidEngineLV-T45_v2/Fairing
[LOG 20:58:37.998] Load DDS texture: Squad/Parts/Engine/liquidEngineLV-T45_v2/Swivel_v2_Diffuse
[LOG 20:58:38.003] Load DDS texture: Squad/Parts/Engine/liquidEngineLV-T45_v2/Swivel_v2_Normal
[LOG 20:58:38.007] Load DDS texture: Squad/Parts/Engine/liquidEngineMainsail_v2/mainsail_diffuse
[LOG 20:58:38.012] Load DDS texture: Squad/Parts/Engine/liquidEngineMainsail_v2/mainsail_emissive
[LOG 20:58:38.014] Load DDS texture: Squad/Parts/Engine/liquidEngineMainsail_v2/mainsail_nrm
[LOG 20:58:38.020] Load DDS texture: Squad/Parts/Engine/liquidEngineMainsail_v2/mainsail_specular
[LOG 20:58:38.027] Load DDS texture: Squad/Parts/Engine/liquidEngineMainsail_v2/Shroud
[LOG 20:58:38.028] Load DDS texture: Squad/Parts/Engine/liquidEngineMk55/Thud
[LOG 20:58:38.028] Load DDS texture: Squad/Parts/Engine/liquidEngineMk55/Thud_Heat
[LOG 20:58:38.028] Load DDS texture: Squad/Parts/Engine/liquidEnginePoodle_v2/poodle
[LOG 20:58:38.028] Load DDS texture: Squad/Parts/Engine/liquidEnginePoodle_v2/PoodleShroud
[LOG 20:58:38.029] Load DDS texture: Squad/Parts/Engine/liquidEnginePoodle_v2/poodle_Glow
[LOG 20:58:38.030] Load DDS texture: Squad/Parts/Engine/liquidEnginePoodle_v2/Poodle_SingleBell_Poodle_Diffuse
[LOG 20:58:38.031] Load DDS texture: Squad/Parts/Engine/liquidEnginePoodle_v2/Poodle_SingleBell_Poodle_Emissive
[LOG 20:58:38.032] Load DDS texture: Squad/Parts/Engine/liquidEnginePoodle_v2/Poodle_SingleBell_Poodle_Normal
[LOG 20:58:38.033] Load DDS texture: Squad/Parts/Engine/liquidEngineSkipper_v2/Shroud
[LOG 20:58:38.033] Load DDS texture: Squad/Parts/Engine/liquidEngineSkipper_v2/skipper_v2_diffuse
[LOG 20:58:38.039] Load DDS texture: Squad/Parts/Engine/liquidEngineSkipper_v2/skipper_v2_emissive
[LOG 20:58:38.047] Load DDS texture: Squad/Parts/Engine/liquidEngineSkipper_v2/skipper_v2_normal
[LOG 20:58:38.052] Load DDS texture: Squad/Parts/Engine/liquidEngineSSME/SSME
[LOG 20:58:38.052] Load DDS texture: Squad/Parts/Engine/liquidEngineSSME/SSME_GLOW
[LOG 20:58:38.052] Load DDS texture: Squad/Parts/Engine/liquidEngineSSME/SSME_NRM
[LOG 20:58:38.052] Load DDS texture: Squad/Parts/Engine/MassiveSRB/solid_booster_cm
[LOG 20:58:38.053] Load DDS texture: Squad/Parts/Engine/MassiveSRB/solid_booster_cm_esa
[LOG 20:58:38.076] Load DDS texture: Squad/Parts/Engine/MassiveSRB/solid_booster_em
[LOG 20:58:38.077] Load DDS texture: Squad/Parts/Engine/MassiveSRB/solid_booster_nm
[LOG 20:58:38.077] Load DDS texture: Squad/Parts/Engine/miniJet/SmallJet
[LOG 20:58:38.077] Load DDS texture: Squad/Parts/Engine/OMSEngine/Puff_diffuse
[LOG 20:58:38.077] Load DDS texture: Squad/Parts/Engine/OMSEngine/Puff_emissive
[LOG 20:58:38.079] Load DDS texture: Squad/Parts/Engine/OMSEngine/Puff_normal
[LOG 20:58:38.079] Load DDS texture: Squad/Parts/Engine/OMSEngine/Puff_specular
[LOG 20:58:38.079] Load DDS texture: Squad/Parts/Engine/rapierEngine/rapierDiffuse
[LOG 20:58:38.079] Load DDS texture: Squad/Parts/Engine/rapierEngine/rapieremit
[LOG 20:58:38.079] Load DDS texture: Squad/Parts/Engine/Size1_SRBs/SRB_O
[LOG 20:58:38.080] Load DDS texture: Squad/Parts/Engine/Size1_SRBs/SRB_W
[LOG 20:58:38.080] Load DDS texture: Squad/Parts/Engine/Size1_SRBs/SRB_Y
[LOG 20:58:38.080] Load DDS texture: Squad/Parts/Engine/Size2LFB/Size2LFBEmissive
[LOG 20:58:38.080] Load DDS texture: Squad/Parts/Engine/Size2LFB/twin_nozzle_booster_cm
[LOG 20:58:38.082] Load DDS texture: Squad/Parts/Engine/Size2LFB/twin_nozzle_booster_nm
[LOG 20:58:38.083] Load DDS texture: Squad/Parts/Engine/Size2LFB_v2/Size2LFBEmissive
[LOG 20:58:38.083] Load DDS texture: Squad/Parts/Engine/Size2LFB_v2/twin_nozzle_booster_cm
[LOG 20:58:38.084] Load DDS texture: Squad/Parts/Engine/Size2LFB_v2/twin_nozzle_booster_nm
[LOG 20:58:38.089] Load DDS texture: Squad/Parts/Engine/Size3AdvancedEngine/decoupler_and_adaptor_cm
[LOG 20:58:38.089] Load DDS texture: Squad/Parts/Engine/Size3AdvancedEngine/Size3AdvancedEngineDiffuse
[LOG 20:58:38.094] Load DDS texture: Squad/Parts/Engine/Size3AdvancedEngine/Size3AdvancedEngineEmissive
[LOG 20:58:38.094] Load DDS texture: Squad/Parts/Engine/Size3AdvancedEngine/Size3AdvancedEngineNormal
[LOG 20:58:38.094] Load DDS texture: Squad/Parts/Engine/Size3EngineCluster/ClusterEngineEmit
[LOG 20:58:38.094] Load DDS texture: Squad/Parts/Engine/Size3EngineCluster/four_nozzle_engine_cm
[LOG 20:58:38.095] Load DDS texture: Squad/Parts/Engine/Size3EngineCluster/four_nozzle_engine_nm
[LOG 20:58:38.096] Load DDS texture: Squad/Parts/Engine/solidBoosterBACC/model000
[LOG 20:58:38.096] Load DDS texture: Squad/Parts/Engine/solidBoosterBACC/model001
[LOG 20:58:38.097] Load DDS texture: Squad/Parts/Engine/solidBoosterBACC/model002
[LOG 20:58:38.098] Load DDS texture: Squad/Parts/Engine/solidBoosterRT-5/RT5
[LOG 20:58:38.098] Load DDS texture: Squad/Parts/Engine/solidBoosterS2-17/solidBoosterS2-17_diffuse
[LOG 20:58:38.105] Load DDS texture: Squad/Parts/Engine/solidBoosterS2-17/solidBoosterS2-17_emissive
[LOG 20:58:38.121] Load DDS texture: Squad/Parts/Engine/solidBoosterS2-17/solidBoosterS2-17_normal
[LOG 20:58:38.128] Load DDS texture: Squad/Parts/Engine/solidBoosterS2-33/solidBoosterS2-33_diffuse
[LOG 20:58:38.146] Load DDS texture: Squad/Parts/Engine/solidBoosterS2-33/solidBoosterS2-33_emissive
[LOG 20:58:38.174] Load DDS texture: Squad/Parts/Engine/solidBoosterS2-33/solidBoosterS2-33_normal
[LOG 20:58:38.192] Load DDS texture: Squad/Parts/Engine/solidBoosterSep/model000
[LOG 20:58:38.195] Load DDS texture: Squad/Parts/Engine/solidBoosterSep/motor
[LOG 20:58:38.195] Load DDS texture: Squad/Parts/Engine/SolidBoostersF/Assets/SolidBoosterF3S0_diffuse
[LOG 20:58:38.195] Load DDS texture: Squad/Parts/Engine/SolidBoostersF/Assets/SolidBoosterF3S0_emissive
[LOG 20:58:38.196] Load DDS texture: Squad/Parts/Engine/SolidBoostersF/Assets/SolidBoosterF3S0_normal
[LOG 20:58:38.196] Load DDS texture: Squad/Parts/FuelTank/adapterTanks/Mk3Adapters
[LOG 20:58:38.201] Load DDS texture: Squad/Parts/FuelTank/drainTankFTE-1/fuelValve_diffuse
[LOG 20:58:38.201] Load DDS texture: Squad/Parts/FuelTank/drainTankFTE-1/fuelValve_nrm
[LOG 20:58:38.201] Load DDS texture: Squad/Parts/FuelTank/FoilTanks/RadialTanks
[LOG 20:58:38.202] Load DDS texture: Squad/Parts/FuelTank/FoilTanks/RadialTanksGold_specular
[LOG 20:58:38.202] Load DDS texture: Squad/Parts/FuelTank/FoilTanks/RadialTanksSilver_specular
[LOG 20:58:38.203] Load DDS texture: Squad/Parts/FuelTank/FoilTanks/RadialTanks_N
[LOG 20:58:38.204] Load DDS texture: Squad/Parts/FuelTank/FoilTanks/RadialTanks_silver
[LOG 20:58:38.206] Load DDS texture: Squad/Parts/FuelTank/fuelTankOscarB/model000
[LOG 20:58:38.206] Load DDS texture: Squad/Parts/FuelTank/fuelTankOscarB/model001
[LOG 20:58:38.206] Load DDS texture: Squad/Parts/FuelTank/fuelTankOscarB/tank
[LOG 20:58:38.206] Load DDS texture: Squad/Parts/FuelTank/fuelTankOscarB/tank_n
[LOG 20:58:38.206] Load DDS texture: Squad/Parts/FuelTank/miniFuselage/Fuselage
[LOG 20:58:38.206] Load DDS texture: Squad/Parts/FuelTank/mk2Adapters/mk2adapters1m
[LOG 20:58:38.207] Load DDS texture: Squad/Parts/FuelTank/mk2FuselageLong/mk2Fuselage
[LOG 20:58:38.208] Load DDS texture: Squad/Parts/FuelTank/mk2FuselageShort/mk2FuselageShort
[LOG 20:58:38.211] Load DDS texture: Squad/Parts/FuelTank/mk3Fuselage/Mk3Fuselage
[LOG 20:58:38.213] Load DDS texture: Squad/Parts/FuelTank/mk3Fuselage/Mk3Fuselage_LUM
[LOG 20:58:38.213] Load DDS texture: Squad/Parts/FuelTank/RCSFuelTankR1/RCSFuelTankR1_01
[LOG 20:58:38.213] Load DDS texture: Squad/Parts/FuelTank/RCSFuelTankR1/RCSFuelTankR1_02
[LOG 20:58:38.214] Load DDS texture: Squad/Parts/FuelTank/RCSFuelTankR1/RCSFuelTankR1_N
[LOG 20:58:38.214] Load DDS texture: Squad/Parts/FuelTank/RCSFuelTankR10/ksp_m_rcsTank_diff
[LOG 20:58:38.214] Load DDS texture: Squad/Parts/FuelTank/RCSFuelTankR10/ksp_m_rcsTank_normal
[LOG 20:58:38.215] Load DDS texture: Squad/Parts/FuelTank/RCSFuelTankR25/FL-R25 RCS Fuel Tank_D
[LOG 20:58:38.215] Load DDS texture: Squad/Parts/FuelTank/RCSFuelTankR25/FL-R25 RCS Fuel Tank_N
[LOG 20:58:38.215] Load DDS texture: Squad/Parts/FuelTank/RCSTankRadial/model000
[LOG 20:58:38.215] Load DDS texture: Squad/Parts/FuelTank/RCStankRadialLong/ksp_r_rcsCylTank_diff
[LOG 20:58:38.215] Load DDS texture: Squad/Parts/FuelTank/RockomaxTanks/Assets/rockomax_16 [AlbedoM] BW
[LOG 20:58:38.218] Load DDS texture: Squad/Parts/FuelTank/RockomaxTanks/Assets/rockomax_16 [AlbedoM] ESA
[LOG 20:58:38.222] Load DDS texture: Squad/Parts/FuelTank/RockomaxTanks/Assets/rockomax_16 [AlbedoM] O
[LOG 20:58:38.227] Load DDS texture: Squad/Parts/FuelTank/RockomaxTanks/Assets/rockomax_16 [Normal] BW
[LOG 20:58:38.232] Load DDS texture: Squad/Parts/FuelTank/RockomaxTanks/Assets/rockomax_16 [Normal]ESA
[LOG 20:58:38.236] Load DDS texture: Squad/Parts/FuelTank/RockomaxTanks/Assets/rockomax_16 [Normal]O
[LOG 20:58:38.239] Load DDS texture: Squad/Parts/FuelTank/RockomaxTanks/Assets/rockomax_32 [AlbedoM] ESA
[LOG 20:58:38.242] Load DDS texture: Squad/Parts/FuelTank/RockomaxTanks/Assets/rockomax_32 [Normal]ESA
[LOG 20:58:38.243] Load DDS texture: Squad/Parts/FuelTank/Size1_Tanks/125Tanks_BW
[LOG 20:58:38.244] Load DDS texture: Squad/Parts/FuelTank/Size1_Tanks/125Tanks_D
[LOG 20:58:38.245] Load DDS texture: Squad/Parts/FuelTank/Size1_Tanks/125Tanks_N
[LOG 20:58:38.247] Load DDS texture: Squad/Parts/FuelTank/Size1_Tanks/125Tanks_O
[LOG 20:58:38.248] Load DDS texture: Squad/Parts/FuelTank/Size1_Tanks/125Tanks_W
[LOG 20:58:38.249] Load DDS texture: Squad/Parts/FuelTank/Size3Tanks/fueltTanks_cm
[LOG 20:58:38.250] Load Cached PNG Texture: Squad/Parts/FuelTank/Size3Tanks/Size3Tanks
[LOG 20:58:38.251] Load Cached PNG Texture: Squad/Parts/FuelTank/Size3Tanks/Size3Tanks_Norm
[LOG 20:58:38.252] Load Cached PNG Texture: Squad/Parts/FuelTank/Size3Tanks/Size3Tanks_Orange
[LOG 20:58:38.252] Load Cached PNG Texture: Squad/Parts/FuelTank/Size3Tanks/Size3Tanks_Orange_Norm
[LOG 20:58:38.253] Load DDS texture: Squad/Parts/FuelTank/xenonTank/model000
[LOG 20:58:38.253] Load DDS texture: Squad/Parts/FuelTank/xenonTank/model001
[LOG 20:58:38.253] Load DDS texture: Squad/Parts/FuelTank/xenonTankLarge/tank
[LOG 20:58:38.253] Load DDS texture: Squad/Parts/FuelTank/xenonTankRadial/ksp_r_xenonTank_diff
[LOG 20:58:38.254] Load DDS texture: Squad/Parts/Misc/AsteroidDay/CamSat
[LOG 20:58:38.254] Load DDS texture: Squad/Parts/Misc/AsteroidDay/CamSat_glow
[LOG 20:58:38.254] Load DDS texture: Squad/Parts/Misc/AsteroidDay/CamSat_N_NRM
[LOG 20:58:38.255] Load DDS texture: Squad/Parts/Misc/AsteroidDay/default
[LOG 20:58:38.255] Load DDS texture: Squad/Parts/Misc/AsteroidDay/hecsDiffuse
[LOG 20:58:38.255] Load DDS texture: Squad/Parts/Misc/AsteroidDay/hecsNormal
[LOG 20:58:38.255] Load DDS texture: Squad/Parts/Misc/AsteroidDay/hecsSpecular
[LOG 20:58:38.256] Load DDS texture: Squad/Parts/Misc/AsteroidDay/JumboHexProbe
[LOG 20:58:38.256] Load DDS texture: Squad/Parts/Misc/AsteroidDay/JumboHexProbe_NORM_NRM
[LOG 20:58:38.256] Load DDS texture: Squad/Parts/Resources/FuelCell/FCLamp
[LOG 20:58:38.256] Load DDS texture: Squad/Parts/Resources/FuelCell/FuelCellRack
[LOG 20:58:38.256] Load DDS texture: Squad/Parts/Resources/FuelCell/fuellcell
[LOG 20:58:38.256] Load DDS texture: Squad/Parts/Resources/ISRU/Processor_Large
[LOG 20:58:38.256] Load DDS texture: Squad/Parts/Resources/LargeTank/ksp_l_resourceContainer_diff
[LOG 20:58:38.257] Load DDS texture: Squad/Parts/Resources/LargeTank/ksp_l_resourceContainer_norm
[LOG 20:58:38.257] Load DDS texture: Squad/Parts/Resources/MiniDrill/DustParticle
[LOG 20:58:38.257] Load DDS texture: Squad/Parts/Resources/MiniDrill/ksp_r_rockProbe_diff
[LOG 20:58:38.257] Load DDS texture: Squad/Parts/Resources/MiniDrill/RockParticle
[LOG 20:58:38.257] Load DDS texture: Squad/Parts/Resources/MiniISRU/ksp_s_processorSmall_diff
[LOG 20:58:38.258] Load DDS texture: Squad/Parts/Resources/OrbitalScanner/detector
[LOG 20:58:38.258] Load DDS texture: Squad/Parts/Resources/RadialDrill/DustParticle
[LOG 20:58:38.258] Load DDS texture: Squad/Parts/Resources/RadialDrill/RockParticle
[LOG 20:58:38.258] Load DDS texture: Squad/Parts/Resources/RadialDrill/TriBitDrill
[LOG 20:58:38.258] Load DDS texture: Squad/Parts/Resources/RadialTank/ksp_r_resourceContainer_psd_2
[LOG 20:58:38.258] Load DDS texture: Squad/Parts/Resources/SmallTank/ksp_s_resourceContainer_diff
[LOG 20:58:38.260] Load DDS texture: Squad/Parts/Resources/SmallTank/ksp_s_resourceContainer_normal
[LOG 20:58:38.261] Load DDS texture: Squad/Parts/Resources/SurfaceScanner/ksp_r_samplerAir_diff
[LOG 20:58:38.261] Load DDS texture: Squad/Parts/Resources/SurveyScanner/dish
[LOG 20:58:38.262] Load DDS texture: Squad/Parts/Resources/SurveyScanner/dish_n
[LOG 20:58:38.262] Load DDS texture: Squad/Parts/Science/AtmosphereSensor/ksp_r_hydroscoop_diff
[LOG 20:58:38.262] Load DDS texture: Squad/Parts/Science/GooExperiment/GooExperiment
[LOG 20:58:38.263] Load DDS texture: Squad/Parts/Science/LargeCrewedLab/Large_Crewed_Lab
[LOG 20:58:38.263] Load DDS texture: Squad/Parts/Science/LargeCrewedLab/Large_Crewed_Lab_glow
[LOG 20:58:38.267] Load DDS texture: Squad/Parts/Science/LargeCrewedLab/window
[LOG 20:58:38.267] Load DDS texture: Squad/Parts/Science/Magnetometer/Magnetometer_diffuse
[LOG 20:58:38.267] Load DDS texture: Squad/Parts/Science/Magnetometer/Magnetometer_nrm
[LOG 20:58:38.267] Load DDS texture: Squad/Parts/Science/MaterialBay/science_module_small
[LOG 20:58:38.268] Load DDS texture: Squad/Parts/Science/MaterialBay/science_module_small_emit
[LOG 20:58:38.268] Load DDS texture: Squad/Parts/Science/MaterialBay/science_module_small_nrm
[LOG 20:58:38.268] Load DDS texture: Squad/Parts/Science/MaterialBay/wires
[LOG 20:58:38.268] Load DDS texture: Squad/Parts/Science/ScienceBox/Container
[LOG 20:58:38.269] Load DDS texture: Squad/Parts/Science/sensorAccelerometer/model000
[LOG 20:58:38.269] Load DDS texture: Squad/Parts/Science/sensorBarometer/model000
[LOG 20:58:38.269] Load DDS texture: Squad/Parts/Science/sensorGravimeter/model000
[LOG 20:58:38.269] Load DDS texture: Squad/Parts/Science/sensorThermometer/model000
[LOG 20:58:38.269] Load DDS texture: Squad/Parts/Structural/FLAdapters/Assets/FLA-Adapters_diffuse
[LOG 20:58:38.270] Load DDS texture: Squad/Parts/Structural/FLAdapters/Assets/FLA-Adapters_diffuse_O
[LOG 20:58:38.271] Load DDS texture: Squad/Parts/Structural/FLAdapters/Assets/FLA-Adapters_normal
[LOG 20:58:38.272] Load DDS texture: Squad/Parts/Structural/FLAdapters/Assets/FLA-Adapters_normal_O
[LOG 20:58:38.273] Load DDS texture: Squad/Parts/Structural/mk1Parts/Mk1Structural
[LOG 20:58:38.274] Load DDS texture: Squad/Parts/Structural/mk1Parts/Mk1StructuralHeat
[LOG 20:58:38.274] Load Cached PNG Texture: Squad/Parts/Structural/mk1Parts/@thumbs/MK1Fuselage_icon
[LOG 20:58:38.274] Load DDS texture: Squad/Parts/Structural/Size3To2Adapter_v2/Size2to3_BW_Diffuse
[LOG 20:58:38.277] Load DDS texture: Squad/Parts/Structural/Size3To2Adapter_v2/Size2to3_DUMMY_NRM
[LOG 20:58:38.279] Load DDS texture: Squad/Parts/Structural/Size3To2Adapter_v2/Size2to3_O_Diffuse
[LOG 20:58:38.286] Load DDS texture: Squad/Parts/Structural/Size3To2Adapter_v2/Size2to3_W_Diffuse
[LOG 20:58:38.290] Load DDS texture: Squad/Parts/Structural/Size3To2Adapter_v2/Size2to3_W_NRM
[LOG 20:58:38.294] Load DDS texture: Squad/Parts/Structural/stackAdapters/Assets/stackAdapters_diffuse
[LOG 20:58:38.295] Load DDS texture: Squad/Parts/Structural/stackAdapters/Assets/stackAdapters_diffuse_Dark
[LOG 20:58:38.297] Load DDS texture: Squad/Parts/Structural/stackAdapters/Assets/stackAdapters_diffuse_Orange
[LOG 20:58:38.297] Load DDS texture: Squad/Parts/Structural/stackAdapters/Assets/stackAdapters_normal
[LOG 20:58:38.300] Load DDS texture: Squad/Parts/Structural/stackAdapters/Assets/stackAdapters_normal_Orange
[LOG 20:58:38.300] Load DDS texture: Squad/Parts/Structural/stationHub/model000
[LOG 20:58:38.301] Load DDS texture: Squad/Parts/Structural/stationHub/model001
[LOG 20:58:38.301] Load DDS texture: Squad/Parts/Structural/structuralIBeam200/model000
[LOG 20:58:38.301] Load DDS texture: Squad/Parts/Structural/structuralIBeam200Pocket/model000
[LOG 20:58:38.301] Load DDS texture: Squad/Parts/Structural/structuralIBeam650/model000
[LOG 20:58:38.301] Load DDS texture: Squad/Parts/Structural/structuralMicronode/model000
[LOG 20:58:38.301] Load DDS texture: Squad/Parts/Structural/structuralPanel1x1/model000
[LOG 20:58:38.301] Load DDS texture: Squad/Parts/Structural/structuralPanel1x1/model001
[LOG 20:58:38.302] Load DDS texture: Squad/Parts/Structural/structuralPanel2x2/model000
[LOG 20:58:38.302] Load DDS texture: Squad/Parts/Structural/structuralPanel2x2/model001
[LOG 20:58:38.302] Load DDS texture: Squad/Parts/Structural/structuralPylons/Pylons
[LOG 20:58:38.302] Load DDS texture: Squad/Parts/Structural/strutCubicOcto/cubestrut
[LOG 20:58:38.302] Load DDS texture: Squad/Parts/Structural/strutOcto/model000
[LOG 20:58:38.302] Load DDS texture: Squad/Parts/Structural/trussGirderAdapter/model000
[LOG 20:58:38.302] Load DDS texture: Squad/Parts/Structural/trussGirderAdapter/model001
[LOG 20:58:38.302] Load DDS texture: Squad/Parts/Structural/trussGirderL/model000
[LOG 20:58:38.302] Load DDS texture: Squad/Parts/Structural/trussGirderXL/model000
[LOG 20:58:38.303] Load DDS texture: Squad/Parts/Thermal/FoldingRadiators/radiator
[LOG 20:58:38.303] Load DDS texture: Squad/Parts/Thermal/FoldingRadiators/radiator_N_NRM
[LOG 20:58:38.304] Load DDS texture: Squad/Parts/Thermal/RadiatorPanels/radPanel
[LOG 20:58:38.305] Load DDS texture: Squad/Parts/Thermal/RadiatorPanels/radPanel_N_NRM
[LOG 20:58:38.307] Load DDS texture: Squad/Parts/Utility/commDish88-88/comm_dish_array
[LOG 20:58:38.307] Load DDS texture: Squad/Parts/Utility/commDish88-88/comm_dish_v2_diff
[LOG 20:58:38.307] Load DDS texture: Squad/Parts/Utility/commDish88-88/model000
[LOG 20:58:38.307] Load DDS texture: Squad/Parts/Utility/commsAntennaDTS-M1/mediumDishAntenna
[LOG 20:58:38.307] Load DDS texture: Squad/Parts/Utility/commsAntennaDTS-M1/mediumDishAntenna_Emit
[LOG 20:58:38.307] Load DDS texture: Squad/Parts/Utility/commsDish16/model000
[LOG 20:58:38.307] Load DDS texture: Squad/Parts/Utility/decouplerRadialHDM/model000
[LOG 20:58:38.307] Load DDS texture: Squad/Parts/Utility/decouplerRadialTT-38K/model000
[LOG 20:58:38.307] Load DDS texture: Squad/Parts/Utility/decouplerRadialTT-38K/model001
[LOG 20:58:38.307] Load DDS texture: Squad/Parts/Utility/decouplerRadialTT-70/model000
[LOG 20:58:38.307] Load DDS texture: Squad/Parts/Utility/DirectAntennas/MiniAntenna
[LOG 20:58:38.307] Load DDS texture: Squad/Parts/Utility/dockingPort/Arrow Pointer
[LOG 20:58:38.307] Load DDS texture: Squad/Parts/Utility/dockingPort/DockingPorts_Clampotron_Diffuse
[LOG 20:58:38.311] Load DDS texture: Squad/Parts/Utility/dockingPort/DockingPorts_Clampotron_Emissive
[LOG 20:58:38.313] Load DDS texture: Squad/Parts/Utility/dockingPort/DockingPorts_Clampotron_Normal
[LOG 20:58:38.316] Load DDS texture: Squad/Parts/Utility/dockingPortInline/Arrow Pointer
[LOG 20:58:38.318] Load DDS texture: Squad/Parts/Utility/dockingPortInline/ClampotronLinear_ClampotronLinear_Diffuse
[LOG 20:58:38.322] Load DDS texture: Squad/Parts/Utility/dockingPortInline/ClampotronLinear_ClampotronLinear_Emissive
[LOG 20:58:38.323] Load DDS texture: Squad/Parts/Utility/dockingPortInline/ClampotronLinear_ClampotronLinear_Normal
[LOG 20:58:38.331] Load DDS texture: Squad/Parts/Utility/dockingPortInline/DockingPorts_Clampotron_Diffuse
[LOG 20:58:38.337] Load DDS texture: Squad/Parts/Utility/dockingPortInline/DockingPorts_Clampotron_Emissive
[LOG 20:58:38.338] Load DDS texture: Squad/Parts/Utility/dockingPortInline/DockingPorts_Clampotron_Normal
[LOG 20:58:38.342] Load DDS texture: Squad/Parts/Utility/dockingPortJr/Arrow Pointer
[LOG 20:58:38.342] Load DDS texture: Squad/Parts/Utility/dockingPortJr/DockingPorts_ClampotronJR_Diffuse
[LOG 20:58:38.343] Load DDS texture: Squad/Parts/Utility/dockingPortJr/DockingPorts_ClampotronJR_Normal
[LOG 20:58:38.344] Load DDS texture: Squad/Parts/Utility/dockingPortJr/model000
[LOG 20:58:38.344] Load DDS texture: Squad/Parts/Utility/dockingPortShielded/Arrow Pointer
[LOG 20:58:38.344] Load DDS texture: Squad/Parts/Utility/dockingPortShielded/Clamp-O-Tron Shielded Docking Port_ClampotronShielded_Diffuse
[LOG 20:58:38.347] Load DDS texture: Squad/Parts/Utility/dockingPortShielded/Clamp-O-Tron Shielded Docking Port_ClampotronShielded_Normal
[LOG 20:58:38.352] Load DDS texture: Squad/Parts/Utility/dockingPortShielded/DockingPorts_Clampotron_Diffuse
[LOG 20:58:38.355] Load DDS texture: Squad/Parts/Utility/dockingPortShielded/DockingPorts_Clampotron_Emissive
[LOG 20:58:38.357] Load DDS texture: Squad/Parts/Utility/dockingPortShielded/DockingPorts_Clampotron_Normal
[LOG 20:58:38.360] Load DDS texture: Squad/Parts/Utility/dockingPortSr/Arrow Pointer
[LOG 20:58:38.361] Load DDS texture: Squad/Parts/Utility/dockingPortSr/ClampotronSr_ClampotronSr_Diffuse
[LOG 20:58:38.365] Load DDS texture: Squad/Parts/Utility/dockingPortSr/ClampotronSr_ClampotronSr_Diffuse_gray
[LOG 20:58:38.368] Load DDS texture: Squad/Parts/Utility/dockingPortSr/ClampotronSr_ClampotronSr_Emissive
[LOG 20:58:38.374] Load DDS texture: Squad/Parts/Utility/dockingPortSr/ClampotronSr_ClampotronSr_Normal
[LOG 20:58:38.377] Load Cached PNG Texture: Squad/Parts/Utility/Fireworks/Assets/fireworks_launcher_big 1
[LOG 20:58:38.380] Load Cached PNG Texture: Squad/Parts/Utility/Fireworks/Assets/fireworks_launcher_big
[LOG 20:58:38.383] Load Cached PNG Texture: Squad/Parts/Utility/flags/backgroundTextures/dark_background
[LOG 20:58:38.383] Load Cached PNG Texture: Squad/Parts/Utility/flags/backgroundTextures/orange_background
[LOG 20:58:38.383] Load Cached PNG Texture: Squad/Parts/Utility/flags/backgroundTextures/white_background
[LOG 20:58:38.384] Load DDS texture: Squad/Parts/Utility/GrapplingDevice/grabberDiffuse
[LOG 20:58:38.384] Load DDS texture: Squad/Parts/Utility/GrapplingDevice/grabberDiffuse_dark
[LOG 20:58:38.385] Load DDS texture: Squad/Parts/Utility/GrapplingDevice/grabberNRM
[LOG 20:58:38.386] Load DDS texture: Squad/Parts/Utility/GrapplingDevice/window
[LOG 20:58:38.386] Load DDS texture: Squad/Parts/Utility/ladderRadial/model000
[LOG 20:58:38.386] Load DDS texture: Squad/Parts/Utility/ladderTelescopic/model000
[LOG 20:58:38.386] Load DDS texture: Squad/Parts/Utility/ladderTelescopic/model001
[LOG 20:58:38.387] Load DDS texture: Squad/Parts/Utility/ladderTelescopic/model002
[LOG 20:58:38.388] Load DDS texture: Squad/Parts/Utility/ladderTelescopicBay/model000
[LOG 20:58:38.388] Load DDS texture: Squad/Parts/Utility/ladderTelescopicBay/model001
[LOG 20:58:38.390] Load DDS texture: Squad/Parts/Utility/landingLegLT-1/ksp_r_landingStrut_diff
[LOG 20:58:38.390] Load DDS texture: Squad/Parts/Utility/landingLegLT-2/landingLeg
[LOG 20:58:38.390] Load DDS texture: Squad/Parts/Utility/landingLegLT-5/leg
[LOG 20:58:38.391] Load DDS texture: Squad/Parts/Utility/landingLegLT-5/model000
[LOG 20:58:38.391] Load DDS texture: Squad/Parts/Utility/launchClamp1/model000
[LOG 20:58:38.391] Load DDS texture: Squad/Parts/Utility/launchClamp1/model001
[LOG 20:58:38.391] Load DDS texture: Squad/Parts/Utility/launchEscapeSystem/LES_Diffuse
[LOG 20:58:38.391] Load DDS texture: Squad/Parts/Utility/Lights/Assets/Lights_Attacheable_Lights_Diffuse
[LOG 20:58:38.391] Load DDS texture: Squad/Parts/Utility/Lights/Assets/Lights_Attacheable_Lights_Diffuse_white
[LOG 20:58:38.392] Load DDS texture: Squad/Parts/Utility/Lights/Assets/Lights_Attacheable_Lights_Emissive
[LOG 20:58:38.392] Load DDS texture: Squad/Parts/Utility/Lights/Assets/Lights_Attacheable_Lights_Normal
[LOG 20:58:38.392] Load DDS texture: Squad/Parts/Utility/Lights/Assets/Lights_Rectangle_Light_Diffuse
[LOG 20:58:38.396] Load DDS texture: Squad/Parts/Utility/Lights/Assets/Lights_Rectangle_Light_Diffuse_white
[LOG 20:58:38.399] Load DDS texture: Squad/Parts/Utility/Lights/Assets/Lights_Rectangle_Light_Emissive
[LOG 20:58:38.412] Load DDS texture: Squad/Parts/Utility/Lights/Assets/Lights_Rectangle_Light_Normal
[LOG 20:58:38.417] Load DDS texture: Squad/Parts/Utility/Lights/Assets/Lights_Worklights_Diffuse
[LOG 20:58:38.419] Load DDS texture: Squad/Parts/Utility/Lights/Assets/Lights_Worklights_Emissive
[LOG 20:58:38.420] Load DDS texture: Squad/Parts/Utility/Lights/Assets/Lights_Worklights_Normal
[LOG 20:58:38.421] Load DDS texture: Squad/Parts/Utility/Lights/Assets/Spotlight_Attacheable_Lights_Diffuse
[LOG 20:58:38.421] Load DDS texture: Squad/Parts/Utility/Lights/Assets/Spotlight_Attacheable_Lights_Diffuse_white
[LOG 20:58:38.421] Load DDS texture: Squad/Parts/Utility/Lights/Assets/Spotlight_Attacheable_Lights_Emissive
[LOG 20:58:38.421] Load DDS texture: Squad/Parts/Utility/Lights/Assets/Spotlight_Attacheable_Lights_Normal
[LOG 20:58:38.421] Load DDS texture: Squad/Parts/Utility/linearVernorRCS/Assets/linear_vernor_diffuse
[LOG 20:58:38.421] Load DDS texture: Squad/Parts/Utility/linearVernorRCS/Assets/linear_vernor_emissive
[LOG 20:58:38.421] Load DDS texture: Squad/Parts/Utility/linearVernorRCS/Assets/linear_vernor_normalDummy
[LOG 20:58:38.421] Load DDS texture: Squad/Parts/Utility/linearVernorRCS/Assets/linear_vernor_specular
[LOG 20:58:38.421] Load DDS texture: Squad/Parts/Utility/mk2CargoBay/mk2CargoBay
[LOG 20:58:38.422] Load DDS texture: Squad/Parts/Utility/mk2CrewCabin/mk2CrewCabin
[LOG 20:58:38.422] Load DDS texture: Squad/Parts/Utility/mk2CrewCabin/mk2CrewCabin_LUM
[LOG 20:58:38.422] Load DDS texture: Squad/Parts/Utility/mk2DockingPort/Arrow Pointer
[LOG 20:58:38.422] Load DDS texture: Squad/Parts/Utility/mk2DockingPort/Mk2Clampotron_Caps_Diffuse
[LOG 20:58:38.422] Load DDS texture: Squad/Parts/Utility/mk2DockingPort/Mk2Clampotron_Caps_Emmisive
[LOG 20:58:38.422] Load DDS texture: Squad/Parts/Utility/mk2DockingPort/Mk2Clampotron_Caps_Normal
[LOG 20:58:38.422] Load DDS texture: Squad/Parts/Utility/mk2DockingPort/Mk2Clampotron_Mk2Clampotron_Diffuse
[LOG 20:58:38.426] Load DDS texture: Squad/Parts/Utility/mk2DockingPort/Mk2Clampotron_Mk2Clampotron_Emissive
[LOG 20:58:38.427] Load DDS texture: Squad/Parts/Utility/mk2DockingPort/Mk2Clampotron_Mk2Clampotron_Normal
[LOG 20:58:38.431] Load DDS texture: Squad/Parts/Utility/mk2DockingPort/mk2DockingPort
[LOG 20:58:38.432] Load DDS texture: Squad/Parts/Utility/mk3CargoBay/Mk3CargoBay
[LOG 20:58:38.433] Load DDS texture: Squad/Parts/Utility/parachuteMk1/model000
[LOG 20:58:38.433] Load DDS texture: Squad/Parts/Utility/parachuteMk1/model001
[LOG 20:58:38.434] Load DDS texture: Squad/Parts/Utility/parachuteMk12-R/model000
[LOG 20:58:38.434] Load DDS texture: Squad/Parts/Utility/parachuteMk12-R/model001
[LOG 20:58:38.434] Load DDS texture: Squad/Parts/Utility/parachuteMk16-XL/model000
[LOG 20:58:38.434] Load DDS texture: Squad/Parts/Utility/parachuteMk16-XL/model001
[LOG 20:58:38.434] Load DDS texture: Squad/Parts/Utility/parachuteMk2-R/model000
[LOG 20:58:38.434] Load DDS texture: Squad/Parts/Utility/parachuteMk2-R/model001
[LOG 20:58:38.434] Load DDS texture: Squad/Parts/Utility/parachuteMk25/model000
[LOG 20:58:38.434] Load DDS texture: Squad/Parts/Utility/parachuteMk25/model001
[LOG 20:58:38.434] Load DDS texture: Squad/Parts/Utility/radialAttachmentPoint/model000
[LOG 20:58:38.435] Load DDS texture: Squad/Parts/Utility/radialAttachmentPoint/model001
[LOG 20:58:38.435] Load DDS texture: Squad/Parts/Utility/rcsBlockRV-105_v2/rcsBlock_diffuse
[LOG 20:58:38.435] Load DDS texture: Squad/Parts/Utility/rcsBlockRV-105_v2/rcsThrusterBlock_normal
[LOG 20:58:38.435] Load DDS texture: Squad/Parts/Utility/rcsBlockRV-105_v2/rcsThruster_emissive
[LOG 20:58:38.435] Load DDS texture: Squad/Parts/Utility/rcsBlockRV-105_v2/rcsThruster_specular
[LOG 20:58:38.435] Load DDS texture: Squad/Parts/Utility/rcsBlockRV-105_v2/RCS_Block_Diffuse
[LOG 20:58:38.435] Load DDS texture: Squad/Parts/Utility/rcsBlockRV-105_v2/RCS_Block_Emissive
[LOG 20:58:38.436] Load DDS texture: Squad/Parts/Utility/rcsBlockRV-105_v2/RCS_Block_Normal
[LOG 20:58:38.436] Load DDS texture: Squad/Parts/Utility/rcsBlockRV-105_v2/RCS_Block_Specular
[LOG 20:58:38.436] Load DDS texture: Squad/Parts/Utility/rcsSmallLinear/Assets/RCS_Linear_Base_Diffuse
[LOG 20:58:38.436] Load DDS texture: Squad/Parts/Utility/rcsSmallLinear/Assets/RCS_Linear_Diffuse
[LOG 20:58:38.436] Load DDS texture: Squad/Parts/Utility/rcsSmallLinear/Assets/RCS_Linear_Emissive
[LOG 20:58:38.437] Load DDS texture: Squad/Parts/Utility/rcsSmallLinear/Assets/RCS_Linear_Normal
[LOG 20:58:38.437] Load DDS texture: Squad/Parts/Utility/rcsSmallLinear/Assets/RCS_Linear_Specular
[LOG 20:58:38.437] Load DDS texture: Squad/Parts/Utility/RelayAntennas/DishAntenna
[LOG 20:58:38.438] Load DDS texture: Squad/Parts/Utility/RelayAntennas/MiniAntenna
[LOG 20:58:38.438] Load DDS texture: Squad/Parts/Utility/rockomaxAdapters/Assets/Rockomax_Adapters_diffuse
[LOG 20:58:38.438] Load DDS texture: Squad/Parts/Utility/rockomaxAdapters/Assets/Rockomax_Adapters_diffuse_O
[LOG 20:58:38.439] Load DDS texture: Squad/Parts/Utility/rockomaxAdapters/Assets/Rockomax_Adapters_diffuse_W
[LOG 20:58:38.440] Load DDS texture: Squad/Parts/Utility/rockomaxAdapters/Assets/Rockomax_Adapters_normal
[LOG 20:58:38.441] Load DDS texture: Squad/Parts/Utility/rockomaxAdapters/Assets/Rockomax_Adapters_normal_O
[LOG 20:58:38.442] Load DDS texture: Squad/Parts/Utility/ServiceBay/ServiceBay
[LOG 20:58:38.442] Load Cached PNG Texture: Squad/Parts/Utility/ServiceBay_v2/Assets/Scratch
[LOG 20:58:38.443] Load Cached PNG Texture: Squad/Parts/Utility/ServiceBay_v2/Assets/ServiceBay_bump
[LOG 20:58:38.444] Load Cached PNG Texture: Squad/Parts/Utility/ServiceBay_v2/Assets/ServiceBay_v2
[LOG 20:58:38.444] Load DDS texture: Squad/Parts/Utility/smallClaw/grabberSmallDiffuse
[LOG 20:58:38.444] Load DDS texture: Squad/Parts/Utility/smallClaw/grabberSmallDiffuseDark
[LOG 20:58:38.444] Load DDS texture: Squad/Parts/Utility/smallClaw/grabberSmallNRM
[LOG 20:58:38.444] Load DDS texture: Squad/Parts/Utility/smallClaw/window
[LOG 20:58:38.445] Load DDS texture: Squad/Parts/Utility/spotLightMk1/light1
[LOG 20:58:38.445] Load DDS texture: Squad/Parts/Utility/spotLightMk1/light1_em
[LOG 20:58:38.445] Load DDS texture: Squad/Parts/Utility/spotLightMk1_v2/spotLightMk1_Diffuse
[LOG 20:58:38.445] Load DDS texture: Squad/Parts/Utility/spotLightMk1_v2/spotLightMk1_Diffuse_white
[LOG 20:58:38.445] Load DDS texture: Squad/Parts/Utility/spotLightMk1_v2/spotLightMk1_Emissive
[LOG 20:58:38.445] Load DDS texture: Squad/Parts/Utility/spotLightMk1_v2/spotLightMk1_Normal
[LOG 20:58:38.445] Load DDS texture: Squad/Parts/Utility/spotLightMk2/light2
[LOG 20:58:38.445] Load DDS texture: Squad/Parts/Utility/spotLightMk2/light2_em
[LOG 20:58:38.445] Load DDS texture: Squad/Parts/Utility/spotLightMk2_v2/spotLightMk2_Diffuse
[LOG 20:58:38.446] Load DDS texture: Squad/Parts/Utility/spotLightMk2_v2/spotLightMk2_Diffuse_white
[LOG 20:58:38.446] Load DDS texture: Squad/Parts/Utility/spotLightMk2_v2/spotLightMk2_Emissive
[LOG 20:58:38.446] Load DDS texture: Squad/Parts/Utility/spotLightMk2_v2/spotLightMk2_Normal
[LOG 20:58:38.446] Load DDS texture: Squad/Parts/Utility/stackCouplers/Assets/stackCouplersDiffuse
[LOG 20:58:38.447] Load DDS texture: Squad/Parts/Utility/stackCouplers/Assets/stackCouplersDiffuse_Dark
[LOG 20:58:38.448] Load DDS texture: Squad/Parts/Utility/stackCouplers/Assets/stackCouplersDiffuse_Orange
[LOG 20:58:38.448] Load DDS texture: Squad/Parts/Utility/stackCouplers/Assets/stackCouplers_NRM
[LOG 20:58:38.450] Load DDS texture: Squad/Parts/Utility/stackCouplers/Assets/stackCouplers_Orange_NRM
[LOG 20:58:38.450] Load DDS texture: Squad/Parts/Wheel/LandingGear/Flare
[LOG 20:58:38.450] Load DDS texture: Squad/Parts/Wheel/LandingGear/LandingGear
[LOG 20:58:38.451] Load DDS texture: Squad/Parts/Wheel/LandingGear/LandingGear_Emissive
[LOG 20:58:38.451] Load DDS texture: Squad/Parts/Wheel/roverWheelM1/model000
[LOG 20:58:38.451] Load DDS texture: Squad/Parts/Wheel/roverWheelM1/roverwheel1
[LOG 20:58:38.451] Load DDS texture: Squad/Parts/Wheel/roverWheelS2/model000
[LOG 20:58:38.451] Load DDS texture: Squad/Parts/Wheel/roverWheelS2/model001
[LOG 20:58:38.452] Load DDS texture: Squad/Parts/Wheel/roverWheelS2/roverwheel2
[LOG 20:58:38.452] Load DDS texture: Squad/Parts/Wheel/roverWheelS2/roverwheel2_n
[LOG 20:58:38.452] Load DDS texture: Squad/Parts/Wheel/roverWheelTR-2L/ksp_r_medWheel_diff
[LOG 20:58:38.452] Load DDS texture: Squad/Parts/Wheel/roverWheelTR-2L/ksp_r_medWheel_normal
[LOG 20:58:38.452] Load DDS texture: Squad/Parts/Wheel/roverWheelTR-2L/ksp_r_medWheel_wheel_diff
[LOG 20:58:38.453] Load DDS texture: Squad/Parts/Wheel/roverWheelTR-2L/ksp_r_medWheel_wheel_normal
[LOG 20:58:38.454] Load DDS texture: Squad/Parts/Wheel/roverWheelXL3/mount
[LOG 20:58:38.454] Load DDS texture: Squad/Parts/Wheel/roverWheelXL3/mount_n
[LOG 20:58:38.455] Load DDS texture: Squad/Parts/Wheel/roverWheelXL3/wheel
[LOG 20:58:38.455] Load DDS texture: Squad/Parts/Wheel/roverWheelXL3/wheel_n
[LOG 20:58:38.455] Load DDS texture: Squad/Props/AltimeterThreeHands/model000
[LOG 20:58:38.455] Load DDS texture: Squad/Props/AltimeterThreeHands/model001
[LOG 20:58:38.455] Load DDS texture: Squad/Props/AtmosphereDepth/model000
[LOG 20:58:38.455] Load DDS texture: Squad/Props/AtmosphereDepth/model001
[LOG 20:58:38.455] Load DDS texture: Squad/Props/AxisIndicator/model000
[LOG 20:58:38.455] Load DDS texture: Squad/Props/buttonsGeneric/ButtonsAndSwitches
[LOG 20:58:38.455] Load DDS texture: Squad/Props/ButtonSquare/model000
[LOG 20:58:38.455] Load DDS texture: Squad/Props/circularButton/model000
[LOG 20:58:38.455] Load DDS texture: Squad/Props/Compass/model000
[LOG 20:58:38.456] Load DDS texture: Squad/Props/directionalKnob/model000
[LOG 20:58:38.456] Load DDS texture: Squad/Props/directionalKnob2/model000
[LOG 20:58:38.456] Load DDS texture: Squad/Props/IndicatorPanel/model000
[LOG 20:58:38.456] Load DDS texture: Squad/Props/IndicatorPanel/model001
[LOG 20:58:38.456] Load DDS texture: Squad/Props/IVANavBall/Arrows8dir
[LOG 20:58:38.456] Load DDS texture: Squad/Props/IVANavBall/IVANavBall
[LOG 20:58:38.456] Load DDS texture: Squad/Props/IVANavBall/IVANavBall_Glow
[LOG 20:58:38.456] Load DDS texture: Squad/Props/IVANavBall/ManeuverNode_vectors
[LOG 20:58:38.456] Load DDS texture: Squad/Props/IVANavBall/navball2
[LOG 20:58:38.456] Load DDS texture: Squad/Props/IVANavBall/navBall_DV_IVA
[LOG 20:58:38.456] Load DDS texture: Squad/Props/IVANavBall/navBall_vectors_IVA
[LOG 20:58:38.456] Load Cached PNG Texture: Squad/Props/IVANavBallNoBase/Arrows8dir
[LOG 20:58:38.456] Load Cached PNG Texture: Squad/Props/IVANavBallNoBase/IVANavBall
[LOG 20:58:38.457] Load Cached PNG Texture: Squad/Props/IVANavBallNoBase/ManeuverNode_vectors
[LOG 20:58:38.457] Load Cached PNG Texture: Squad/Props/IVANavBallNoBase/navball2
[LOG 20:58:38.457] Load Cached PNG Texture: Squad/Props/IVANavBallNoBase/navBall_DV_IVA
[LOG 20:58:38.457] Load Cached PNG Texture: Squad/Props/IVANavBallNoBase/navBall_vectors_IVA
[LOG 20:58:38.457] Load DDS texture: Squad/Props/ledPanelSpeed/circularButton
[LOG 20:58:38.457] Load DDS texture: Squad/Props/ledPanelSpeed/ledPanel
[LOG 20:58:38.457] Load DDS texture: Squad/Props/Monitor/Emissives
[LOG 20:58:38.457] Load DDS texture: Squad/Props/Monitor/Emissives_glow
[LOG 20:58:38.457] Load DDS texture: Squad/Props/Monitor/Monitor
[LOG 20:58:38.457] Load DDS texture: Squad/Props/NavBall/GaugeGee
[LOG 20:58:38.457] Load DDS texture: Squad/Props/NavBall/GaugeThrottle
[LOG 20:58:38.457] Load DDS texture: Squad/Props/NavBall/model000
[LOG 20:58:38.457] Load DDS texture: Squad/Props/NavBall/model001
[LOG 20:58:38.457] Load DDS texture: Squad/Props/NavBall/model002
[LOG 20:58:38.457] Load DDS texture: Squad/Props/NavBall/model003
[LOG 20:58:38.458] Load DDS texture: Squad/Props/PropsGeneric/propsGeneric
[LOG 20:58:38.458] Load DDS texture: Squad/Props/pullSwitch/model000
[LOG 20:58:38.459] Load DDS texture: Squad/Props/pullSwitch/model001
[LOG 20:58:38.459] Load DDS texture: Squad/Props/radarAltitude/model000
[LOG 20:58:38.459] Load DDS texture: Squad/Props/squareButton/model000
[LOG 20:58:38.459] Load DDS texture: Squad/Props/standingSwitch/model000
[LOG 20:58:38.459] Load DDS texture: Squad/Props/standingSwitch/model001
[LOG 20:58:38.459] Load DDS texture: Squad/Props/switch/model000
[LOG 20:58:38.459] Load DDS texture: Squad/Props/switchGuard/model000
[LOG 20:58:38.459] Load DDS texture: Squad/Props/switchWithGuards/model000
[LOG 20:58:38.459] Load DDS texture: Squad/Props/switchWithGuards/model001
[LOG 20:58:38.459] Load DDS texture: Squad/Props/switchWithGuards/model002
[LOG 20:58:38.459] Load DDS texture: Squad/Props/throttle/model000
[LOG 20:58:38.459] Load DDS texture: Squad/Props/throttle/model001
[LOG 20:58:38.460] Load DDS texture: Squad/Props/VSI/model000
[LOG 20:58:38.460] Load DDS texture: Squad/Spaces/crewCabinInternals/model000
[LOG 20:58:38.460] Load DDS texture: Squad/Spaces/crewCabinInternals/model001
[LOG 20:58:38.463] Load DDS texture: Squad/Spaces/crewCabinInternals/model002
[LOG 20:58:38.463] Load DDS texture: Squad/Spaces/crewCabinInternals/model003
[LOG 20:58:38.463] Load DDS texture: Squad/Spaces/crewCabinInternals/model004
[LOG 20:58:38.463] Load DDS texture: Squad/Spaces/crewCabinInternals/model005
[LOG 20:58:38.464] Load DDS texture: Squad/Spaces/cupolaInternal/ksp_l_cupola_internal_diff
[LOG 20:58:38.466] Load DDS texture: Squad/Spaces/cupolaInternal/ksp_l_cupola_internal_normal
[LOG 20:58:38.469] Load DDS texture: Squad/Spaces/cupolaInternal/ksp_l_cupola_internal_windows_alpha
[LOG 20:58:38.471] Load DDS texture: Squad/Spaces/cupolaInternal/pilot Seat
[LOG 20:58:38.472] Load DDS texture: Squad/Spaces/GenericSpace1/model000
[LOG 20:58:38.473] Load DDS texture: Squad/Spaces/GenericSpace1/model001
[LOG 20:58:38.473] Load DDS texture: Squad/Spaces/GenericSpace1/model002
[LOG 20:58:38.475] Load DDS texture: Squad/Spaces/GenericSpace1/model003
[LOG 20:58:38.476] Load DDS texture: Squad/Spaces/GenericSpace1/model004
[LOG 20:58:38.477] Load DDS texture: Squad/Spaces/GenericSpace1/model005
[LOG 20:58:38.480] Load DDS texture: Squad/Spaces/GenericSpace3/model000
[LOG 20:58:38.481] Load DDS texture: Squad/Spaces/GenericSpace3/model001
[LOG 20:58:38.481] Load DDS texture: Squad/Spaces/GenericSpace3/model002
[LOG 20:58:38.481] Load DDS texture: Squad/Spaces/GenericSpace3/model003
[LOG 20:58:38.482] Load DDS texture: Squad/Spaces/GenericSpace3/model004
[LOG 20:58:38.484] Load DDS texture: Squad/Spaces/GenericSpace3/model005
[LOG 20:58:38.484] Load DDS texture: Squad/Spaces/GenericSpace3/model006
[LOG 20:58:38.485] Load DDS texture: Squad/Spaces/GenericSpace3/model007
[LOG 20:58:38.486] Load DDS texture: Squad/Spaces/landerCabinInternals/model000
[LOG 20:58:38.487] Load DDS texture: Squad/Spaces/landerCabinInternals/model001
[LOG 20:58:38.488] Load DDS texture: Squad/Spaces/landerCabinInternals/model002
[LOG 20:58:38.489] Load DDS texture: Squad/Spaces/landerCabinInternals/model003
[LOG 20:58:38.492] Load DDS texture: Squad/Spaces/landerCabinInternals/model004
[LOG 20:58:38.494] Load DDS texture: Squad/Spaces/landerCabinInternals/model005
[LOG 20:58:38.494] Load DDS texture: Squad/Spaces/landerCabinInternals/model006
[LOG 20:58:38.495] Load DDS texture: Squad/Spaces/landerCabinInternals/model007
[LOG 20:58:38.495] Load DDS texture: Squad/Spaces/landerCabinSmallInternal/ksp_s_landerCan_internal_diff
[LOG 20:58:38.497] Load DDS texture: Squad/Spaces/landerCabinSmallInternal/ksp_s_landerCan_internal_normal
[LOG 20:58:38.503] Load DDS texture: Squad/Spaces/landerCabinSmallInternal/ksp_s_landerCan_internal_window_alpha
[LOG 20:58:38.505] Load DDS texture: Squad/Spaces/landerCabinSmallInternal/pilot Seat
[LOG 20:58:38.506] Load DDS texture: Squad/Spaces/LargeCrewedLabInternals/Glass
[LOG 20:58:38.507] Load DDS texture: Squad/Spaces/LargeCrewedLabInternals/MPL_Int
[LOG 20:58:38.509] Load DDS texture: Squad/Spaces/LargeCrewedLabInternals/MPL_Int_n_NRM
[LOG 20:58:38.510] Load DDS texture: Squad/Spaces/Mk1-3/Mk1_3_IvaProps_Diffuse
[LOG 20:58:38.513] Load DDS texture: Squad/Spaces/Mk1-3/Mk1_3_IvaProps_Normal
[LOG 20:58:38.516] Load DDS texture: Squad/Spaces/Mk1-3/Mk1_3_IvaShell_Diffuse
[LOG 20:58:38.519] Load DDS texture: Squad/Spaces/Mk1-3/Mk1_3_IvaShell_Emissive
[LOG 20:58:38.522] Load DDS texture: Squad/Spaces/Mk1-3/Mk1_3_IvaShell_Normal
[LOG 20:58:38.526] Load DDS texture: Squad/Spaces/Mk1-3/pilot Seat
[LOG 20:58:38.527] Load DDS texture: Squad/Spaces/mk1CabinInternal/Cabin_Lightmap
[LOG 20:58:38.527] Load DDS texture: Squad/Spaces/mk1CabinInternal/CockpitGeneric
[LOG 20:58:38.527] Load DDS texture: Squad/Spaces/mk1CabinInternal/CockpitGeneric_NRM
[LOG 20:58:38.527] Load DDS texture: Squad/Spaces/mk1CockpitInternal/CockpitGeneric
[LOG 20:58:38.527] Load DDS texture: Squad/Spaces/mk1CockpitInternal/CockpitGeneric_NRM
[LOG 20:58:38.527] Load DDS texture: Squad/Spaces/mk1CockpitInternal/IVAMAP
[LOG 20:58:38.528] Load DDS texture: Squad/Spaces/mk1CockpitInternal/Windows
[LOG 20:58:38.528] Load DDS texture: Squad/Spaces/mk1InlineInternal/Canopy
[LOG 20:58:38.528] Load DDS texture: Squad/Spaces/mk1InlineInternal/CockpitGeneric
[LOG 20:58:38.528] Load DDS texture: Squad/Spaces/mk1InlineInternal/CockpitGeneric_NRM
[LOG 20:58:38.528] Load DDS texture: Squad/Spaces/mk1InlineInternal/Mk1Inline_Lightmap
[LOG 20:58:38.529] Load DDS texture: Squad/Spaces/mk1PodCockpit/model000
[LOG 20:58:38.529] Load DDS texture: Squad/Spaces/mk1PodCockpit/model001
[LOG 20:58:38.530] Load DDS texture: Squad/Spaces/mk1PodCockpit/model002
[LOG 20:58:38.531] Load DDS texture: Squad/Spaces/mk1PodCockpit/model003
[LOG 20:58:38.531] Load DDS texture: Squad/Spaces/mk1PodCockpit/model004
[LOG 20:58:38.533] Load DDS texture: Squad/Spaces/mk1PodCockpit/model005
[LOG 20:58:38.534] Load DDS texture: Squad/Spaces/mk1PodCockpit/model006
[LOG 20:58:38.534] Load DDS texture: Squad/Spaces/mk1PodCockpit/model007
[LOG 20:58:38.535] Load DDS texture: Squad/Spaces/mk1pod_IVA/mk1pod_iva_props_diffuse
[LOG 20:58:38.540] Load DDS texture: Squad/Spaces/mk1pod_IVA/mk1pod_iva_props_emissive
[LOG 20:58:38.540] Load DDS texture: Squad/Spaces/mk1pod_IVA/mk1pod_iva_props_normal
[LOG 20:58:38.544] Load DDS texture: Squad/Spaces/mk1pod_IVA/mk1pod_iva_shell_diffuse
[LOG 20:58:38.547] Load DDS texture: Squad/Spaces/mk1pod_IVA/mk1pod_iva_shell_normal
[LOG 20:58:38.552] Load MBM texture: Squad/Spaces/mk1pod_IVA/pilot Seat
[LOG 20:58:38.583] Load DDS texture: Squad/Spaces/mk2CockpitStandardInternal/CargoBagA
[LOG 20:58:38.585] Load DDS texture: Squad/Spaces/mk2CockpitStandardInternal/Mk2StandardIVA
[LOG 20:58:38.585] Load DDS texture: Squad/Spaces/mk2CockpitStandardInternal/Pilotseat
[LOG 20:58:38.585] Load DDS texture: Squad/Spaces/mk2CockpitStandardInternal/Windows
[LOG 20:58:38.585] Load DDS texture: Squad/Spaces/Mk2CrewCabinInternal/CargoBagA
[LOG 20:58:38.585] Load DDS texture: Squad/Spaces/Mk2CrewCabinInternal/Glass
[LOG 20:58:38.585] Load DDS texture: Squad/Spaces/Mk2CrewCabinInternal/Mk2StandardIVA
[LOG 20:58:38.586] Load DDS texture: Squad/Spaces/Mk2CrewCabinInternal/Pilotseat
[LOG 20:58:38.586] Load DDS texture: Squad/Spaces/mk2InlineInternal/CockpitGeneric
[LOG 20:58:38.586] Load DDS texture: Squad/Spaces/mk2InlineInternal/CockpitGeneric_NRM
[LOG 20:58:38.587] Load DDS texture: Squad/Spaces/mk2InlineInternal/Mk2InlineLightmap
[LOG 20:58:38.588] Load DDS texture: Squad/Spaces/mk2InlineInternal/propsGeneric
[LOG 20:58:38.588] Load DDS texture: Squad/Spaces/mk2LanderCanInternal/mk2LanderCan_props_diffuse
[LOG 20:58:38.592] Load DDS texture: Squad/Spaces/mk2LanderCanInternal/mk2LanderCan_props_normal
[LOG 20:58:38.596] Load DDS texture: Squad/Spaces/mk2LanderCanInternal/mk2LanderCan_shell_diffuse
[LOG 20:58:38.599] Load DDS texture: Squad/Spaces/mk2LanderCanInternal/mk2LanderCan_shell_normal
[LOG 20:58:38.603] Load MBM texture: Squad/Spaces/mk2LanderCanInternal/pilot Seat
[LOG 20:58:38.632] Load DDS texture: Squad/Spaces/MK3CockpitInternal/Glass
[LOG 20:58:38.632] Load DDS texture: Squad/Spaces/MK3CockpitInternal/Mk2StandardIVA
[LOG 20:58:38.632] Load DDS texture: Squad/Spaces/MK3_CrewCab_Int/Glass
[LOG 20:58:38.632] Load DDS texture: Squad/Spaces/MK3_CrewCab_Int/GlassMK3CC
[LOG 20:58:38.633] Load DDS texture: Squad/Spaces/MK3_CrewCab_Int/Mk2StandardIVA
[LOG 20:58:38.633] Load DDS texture: Squad/Spaces/MK3_CrewCab_Int/MK3_CrewCab_Int
[LOG 20:58:38.633] Load DDS texture: Squad/Spaces/MK3_CrewCab_Int/MK3_CrewCab_Int_n
[LOG 20:58:38.633] Load DDS texture: Squad/Spaces/MK3_CrewCab_Int/Pilotseat
[LOG 20:58:38.633] Load DDS texture: Squad/Spaces/Placeholder/PlaceholderIVA
[LOG 20:58:38.633] Load DDS texture: Squad/Spaces/PodCockpit/model000
[LOG 20:58:38.634] Load DDS texture: Squad/Spaces/PodCockpit/model001
[LOG 20:58:38.635] Load DDS texture: Squad/Spaces/PodCockpit/model002
[LOG 20:58:38.636] Load DDS texture: Squad/Spaces/PodCockpit/model003
[LOG 20:58:38.636] Load DDS texture: Squad/Spaces/PodCockpit/model004
[LOG 20:58:38.637] Load DDS texture: Squad/Spaces/PodCockpit/model005
[LOG 20:58:38.638] Load DDS texture: Squad/Spaces/PodCockpit/model006
[LOG 20:58:38.639] Load DDS texture: Squad/Spaces/PodCockpit/model007
[LOG 20:58:38.640] Load DDS texture: Squad/Spaces/sharedAssets/CockpitGeneric
[LOG 20:58:38.641] Load DDS texture: Squad/Spaces/sharedAssets/CockpitGeneric_NRM
[LOG 20:58:38.642] Load Cached PNG Texture: Squad/Strategies/Icons/AggressiveNegotiations
[LOG 20:58:38.642] Load Cached PNG Texture: Squad/Strategies/Icons/AppreciationCampaign
[LOG 20:58:38.642] Load Cached PNG Texture: Squad/Strategies/Icons/BailOutGrant
[LOG 20:58:38.642] Load Cached PNG Texture: Squad/Strategies/Icons/FundraisingCampaign
[LOG 20:58:38.642] Load Cached PNG Texture: Squad/Strategies/Icons/LeadershipInitiative
[LOG 20:58:38.642] Load Cached PNG Texture: Squad/Strategies/Icons/OpenSourceTechProgram
[LOG 20:58:38.642] Load Cached PNG Texture: Squad/Strategies/Icons/OutsourcedResearch
[LOG 20:58:38.642] Load Cached PNG Texture: Squad/Strategies/Icons/PatentsLicensing
[LOG 20:58:38.642] Load Cached PNG Texture: Squad/Strategies/Icons/RecoveryTransponderFitting
[LOG 20:58:38.642] Load Cached PNG Texture: Squad/Strategies/Icons/ResearchRightsSellOut
[LOG 20:58:38.642] Load Cached PNG Texture: Squad/Strategies/Icons/UnpaidResearchProgram
[LOG 20:58:38.642] Load Cached PNG Texture: Squad/Tutorials/ChuteColors
[LOG 20:58:38.642] Load DDS texture: Squad/Tutorials/EditorCoM
[LOG 20:58:38.642] Load Cached PNG Texture: Squad/Tutorials/EditorSnap
[LOG 20:58:38.643] Load Cached PNG Texture: Squad/Tutorials/EditorSnap4x
[LOG 20:58:38.643] Load Cached PNG Texture: Squad/Tutorials/EditorSymm
[LOG 20:58:38.643] Load Cached PNG Texture: Squad/Tutorials/StagingStack
[LOG 20:58:38.643] Load PNG texture: Squad/Tutorials/YPRDiagram
[WRN 20:58:38.643] Texture isn't eligible for DXT compression, width and height must be multiples of 4
[LOG 20:58:38.644] Load Cached PNG Texture: SquadExpansion/MakingHistory/Banners/Fail/default
[LOG 20:58:38.644] Load Cached PNG Texture: SquadExpansion/MakingHistory/Banners/Fail/fail01
[LOG 20:58:38.644] Load Cached PNG Texture: SquadExpansion/MakingHistory/Banners/Fail/fail02
[LOG 20:58:38.644] Load PNG texture: SquadExpansion/MakingHistory/Banners/Menu/default
[WRN 20:58:38.647] Texture isn't eligible for DXT compression, width and height must be multiples of 4
[LOG 20:58:38.647] Load PNG texture: SquadExpansion/MakingHistory/Banners/Menu/MBanner_01
[WRN 20:58:38.649] Texture isn't eligible for DXT compression, width and height must be multiples of 4
[LOG 20:58:38.649] Load PNG texture: SquadExpansion/MakingHistory/Banners/Menu/MBanner_02
[WRN 20:58:38.653] Texture isn't eligible for DXT compression, width and height must be multiples of 4
[LOG 20:58:38.654] Load PNG texture: SquadExpansion/MakingHistory/Banners/Menu/MBanner_03
[WRN 20:58:38.656] Texture isn't eligible for DXT compression, width and height must be multiples of 4
[LOG 20:58:38.656] Load Cached PNG Texture: SquadExpansion/MakingHistory/Banners/Success/default
[LOG 20:58:38.657] Load Cached PNG Texture: SquadExpansion/MakingHistory/Banners/Success/success01
[LOG 20:58:38.657] Load Cached PNG Texture: SquadExpansion/MakingHistory/Banners/Success/success02
[LOG 20:58:38.657] Load Cached PNG Texture: SquadExpansion/MakingHistory/Missions/Acapello 13/Banners/Fail/fail01
[LOG 20:58:38.657] Load PNG texture: SquadExpansion/MakingHistory/Missions/Acapello 13/Banners/Menu/Mun
[WRN 20:58:38.659] Texture isn't eligible for DXT compression, width and height must be multiples of 4
[LOG 20:58:38.660] Load Cached PNG Texture: SquadExpansion/MakingHistory/Missions/Acapello 13/Banners/Success/success01
[LOG 20:58:38.660] Load Cached PNG Texture: SquadExpansion/MakingHistory/Missions/Acapello 15/Banners/Fail/default
[LOG 20:58:38.660] Load Cached PNG Texture: SquadExpansion/MakingHistory/Missions/Acapello 15/Banners/Fail/fail02
[LOG 20:58:38.660] Load PNG texture: SquadExpansion/MakingHistory/Missions/Acapello 15/Banners/Menu/default
[WRN 20:58:38.662] Texture isn't eligible for DXT compression, width and height must be multiples of 4
[LOG 20:58:38.662] Load Cached PNG Texture: SquadExpansion/MakingHistory/Missions/Acapello 15/Banners/Success/default
[LOG 20:58:38.662] Load Cached PNG Texture: SquadExpansion/MakingHistory/Missions/Blue Mun/Banners/Fail/fail01
[LOG 20:58:38.662] Load PNG texture: SquadExpansion/MakingHistory/Missions/Blue Mun/Banners/Menu/default
[WRN 20:58:38.665] Texture isn't eligible for DXT compression, width and height must be multiples of 4
[LOG 20:58:38.665] Load Cached PNG Texture: SquadExpansion/MakingHistory/Missions/Blue Mun/Banners/Success/success02
[LOG 20:58:38.665] Load Cached PNG Texture: SquadExpansion/MakingHistory/Missions/Dawn of the Space Age/Banners/Fail/default
[LOG 20:58:38.665] Load PNG texture: SquadExpansion/MakingHistory/Missions/Dawn of the Space Age/Banners/Menu/default
[WRN 20:58:38.668] Texture isn't eligible for DXT compression, width and height must be multiples of 4
[LOG 20:58:38.669] Load Cached PNG Texture: SquadExpansion/MakingHistory/Missions/Dawn of the Space Age/Banners/Success/default
[LOG 20:58:38.669] Load Cached PNG Texture: SquadExpansion/MakingHistory/Missions/Meet Me in Zero G/Banners/Fail/default
[LOG 20:58:38.669] Load Cached PNG Texture: SquadExpansion/MakingHistory/Missions/Meet Me in Zero G/Banners/Fail/fail01
[LOG 20:58:38.669] Load PNG texture: SquadExpansion/MakingHistory/Missions/Meet Me in Zero G/Banners/Menu/default
[WRN 20:58:38.671] Texture isn't eligible for DXT compression, width and height must be multiples of 4
[LOG 20:58:38.671] Load Cached PNG Texture: SquadExpansion/MakingHistory/Missions/Meet Me in Zero G/Banners/Success/default
[LOG 20:58:38.671] Load Cached PNG Texture: SquadExpansion/MakingHistory/Missions/Meet Me in Zero G/Banners/Success/success02
[LOG 20:58:38.671] Load Cached PNG Texture: SquadExpansion/MakingHistory/Missions/Munar 1/Banners/Fail/default
[LOG 20:58:38.671] Load Cached PNG Texture: SquadExpansion/MakingHistory/Missions/Munar 1/Banners/Fail/fail02
[LOG 20:58:38.671] Load PNG texture: SquadExpansion/MakingHistory/Missions/Munar 1/Banners/Menu/default
[WRN 20:58:38.673] Texture isn't eligible for DXT compression, width and height must be multiples of 4
[LOG 20:58:38.674] Load Cached PNG Texture: SquadExpansion/MakingHistory/Missions/Munar 1/Banners/Success/default
[LOG 20:58:38.674] Load Cached PNG Texture: SquadExpansion/MakingHistory/Missions/Munar 1/Banners/Success/success01
[LOG 20:58:38.674] Load Cached PNG Texture: SquadExpansion/MakingHistory/Missions/Sally-Hut 1/Banners/Fail/default
[LOG 20:58:38.674] Load Cached PNG Texture: SquadExpansion/MakingHistory/Missions/Sally-Hut 1/Banners/Fail/fail01
[LOG 20:58:38.674] Load Cached PNG Texture: SquadExpansion/MakingHistory/Missions/Sally-Hut 1/Banners/Menu/bannerSatellite
[LOG 20:58:38.674] Load Cached PNG Texture: SquadExpansion/MakingHistory/Missions/Sally-Hut 1/Banners/Success/default
[LOG 20:58:38.674] Load Cached PNG Texture: SquadExpansion/MakingHistory/Missions/Sally-Hut 1/Banners/Success/success02
[LOG 20:58:38.674] Load Cached PNG Texture: SquadExpansion/MakingHistory/Missions/To the Mun Via Minmus/Banners/Fail/fail02
[LOG 20:58:38.674] Load PNG texture: SquadExpansion/MakingHistory/Missions/To the Mun Via Minmus/Banners/Menu/MissionBannerKerbin
[WRN 20:58:38.676] Texture isn't eligible for DXT compression, width and height must be multiples of 4
[LOG 20:58:38.677] Load Cached PNG Texture: SquadExpansion/MakingHistory/Missions/To the Mun Via Minmus/Banners/Success/success01
[LOG 20:58:38.677] Load Cached PNG Texture: SquadExpansion/MakingHistory/Missions/Trouble in the Void/Banners/Fail/fail01
[LOG 20:58:38.677] Load PNG texture: SquadExpansion/MakingHistory/Missions/Trouble in the Void/Banners/Menu/default
[WRN 20:58:38.678] Texture isn't eligible for DXT compression, width and height must be multiples of 4
[LOG 20:58:38.678] Load Cached PNG Texture: SquadExpansion/MakingHistory/Missions/Trouble in the Void/Banners/Success/success02
[LOG 20:58:38.678] Load Cached PNG Texture: SquadExpansion/MakingHistory/Missions/Ziggy Kerman and the Spiders from Duna/Banners/Fail/fail02
[LOG 20:58:38.679] Load Cached PNG Texture: SquadExpansion/MakingHistory/Missions/Ziggy Kerman and the Spiders from Duna/Banners/Menu/bannerSatellite
[LOG 20:58:38.679] Load Cached PNG Texture: SquadExpansion/MakingHistory/Missions/Ziggy Kerman and the Spiders from Duna/Banners/Success/success01
[LOG 20:58:38.679] Load Cached PNG Texture: SquadExpansion/MakingHistory/Parts/@thumbs/Decoupler.1p5_icon0
[LOG 20:58:38.679] Load Cached PNG Texture: SquadExpansion/MakingHistory/Parts/@thumbs/Decoupler.1p5_icon1
[LOG 20:58:38.679] Load Cached PNG Texture: SquadExpansion/MakingHistory/Parts/@thumbs/EquiTriangle0_icon0
[LOG 20:58:38.679] Load Cached PNG Texture: SquadExpansion/MakingHistory/Parts/@thumbs/EquiTriangle0_icon1
[LOG 20:58:38.679] Load Cached PNG Texture: SquadExpansion/MakingHistory/Parts/@thumbs/EquiTriangle0_icon2
[LOG 20:58:38.679] Load Cached PNG Texture: SquadExpansion/MakingHistory/Parts/@thumbs/EquiTriangle0_icon3
[LOG 20:58:38.679] Load Cached PNG Texture: SquadExpansion/MakingHistory/Parts/@thumbs/EquiTriangle1p5_icon0
[LOG 20:58:38.679] Load Cached PNG Texture: SquadExpansion/MakingHistory/Parts/@thumbs/EquiTriangle1p5_icon1
[LOG 20:58:38.679] Load Cached PNG Texture: SquadExpansion/MakingHistory/Parts/@thumbs/EquiTriangle1p5_icon2
[LOG 20:58:38.679] Load Cached PNG Texture: SquadExpansion/MakingHistory/Parts/@thumbs/EquiTriangle1p5_icon3
[LOG 20:58:38.679] Load Cached PNG Texture: SquadExpansion/MakingHistory/Parts/@thumbs/EquiTriangle1_icon0
[LOG 20:58:38.679] Load Cached PNG Texture: SquadExpansion/MakingHistory/Parts/@thumbs/EquiTriangle1_icon1
[LOG 20:58:38.679] Load Cached PNG Texture: SquadExpansion/MakingHistory/Parts/@thumbs/EquiTriangle1_icon2
[LOG 20:58:38.679] Load Cached PNG Texture: SquadExpansion/MakingHistory/Parts/@thumbs/EquiTriangle1_icon3
[LOG 20:58:38.679] Load Cached PNG Texture: SquadExpansion/MakingHistory/Parts/@thumbs/EquiTriangle2_icon0
[LOG 20:58:38.679] Load Cached PNG Texture: SquadExpansion/MakingHistory/Parts/@thumbs/EquiTriangle2_icon1
[LOG 20:58:38.679] Load Cached PNG Texture: SquadExpansion/MakingHistory/Parts/@thumbs/EquiTriangle2_icon2
[LOG 20:58:38.679] Load Cached PNG Texture: SquadExpansion/MakingHistory/Parts/@thumbs/EquiTriangle2_icon3
[LOG 20:58:38.680] Load Cached PNG Texture: SquadExpansion/MakingHistory/Parts/@thumbs/HeatShield1p5_icon
[LOG 20:58:38.680] Load Cached PNG Texture: SquadExpansion/MakingHistory/Parts/@thumbs/InflatableAirlock_icon
[LOG 20:58:38.680] Load Cached PNG Texture: SquadExpansion/MakingHistory/Parts/@thumbs/LiquidEngineRV-1_icon
[LOG 20:58:38.680] Load Cached PNG Texture: SquadExpansion/MakingHistory/Parts/@thumbs/monopropMiniSphere_icon
[LOG 20:58:38.680] Load Cached PNG Texture: SquadExpansion/MakingHistory/Parts/@thumbs/Panel0_icon0
[LOG 20:58:38.680] Load Cached PNG Texture: SquadExpansion/MakingHistory/Parts/@thumbs/Panel0_icon1
[LOG 20:58:38.680] Load Cached PNG Texture: SquadExpansion/MakingHistory/Parts/@thumbs/Panel0_icon2
[LOG 20:58:38.685] Load Cached PNG Texture: SquadExpansion/MakingHistory/Parts/@thumbs/Panel0_icon3
[LOG 20:58:38.685] Load Cached PNG Texture: SquadExpansion/MakingHistory/Parts/@thumbs/Panel1p5_icon0
[LOG 20:58:38.685] Load Cached PNG Texture: SquadExpansion/MakingHistory/Parts/@thumbs/Panel1p5_icon1
[LOG 20:58:38.685] Load Cached PNG Texture: SquadExpansion/MakingHistory/Parts/@thumbs/Panel1p5_icon2
[LOG 20:58:38.685] Load Cached PNG Texture: SquadExpansion/MakingHistory/Parts/@thumbs/Panel1p5_icon3
[LOG 20:58:38.685] Load Cached PNG Texture: SquadExpansion/MakingHistory/Parts/@thumbs/Panel1_icon0
[LOG 20:58:38.685] Load Cached PNG Texture: SquadExpansion/MakingHistory/Parts/@thumbs/Panel1_icon1
[LOG 20:58:38.685] Load Cached PNG Texture: SquadExpansion/MakingHistory/Parts/@thumbs/Panel1_icon2
[LOG 20:58:38.685] Load Cached PNG Texture: SquadExpansion/MakingHistory/Parts/@thumbs/Panel1_icon3
[LOG 20:58:38.685] Load Cached PNG Texture: SquadExpansion/MakingHistory/Parts/@thumbs/roverWheelM1-F_icon0
[LOG 20:58:38.685] Load Cached PNG Texture: SquadExpansion/MakingHistory/Parts/@thumbs/roverWheelM1-F_icon1
[LOG 20:58:38.685] Load Cached PNG Texture: SquadExpansion/MakingHistory/Parts/@thumbs/Separator.1p5_icon0
[LOG 20:58:38.685] Load Cached PNG Texture: SquadExpansion/MakingHistory/Parts/@thumbs/Separator.1p5_icon1
[LOG 20:58:38.685] Load Cached PNG Texture: SquadExpansion/MakingHistory/Parts/@thumbs/Size1p5.Strut.Decoupler_icon0
[LOG 20:58:38.685] Load Cached PNG Texture: SquadExpansion/MakingHistory/Parts/@thumbs/Size1p5.Strut.Decoupler_icon1
[LOG 20:58:38.685] Load Cached PNG Texture: SquadExpansion/MakingHistory/Parts/@thumbs/Size1p5.Tank.03_icon0
[LOG 20:58:38.685] Load Cached PNG Texture: SquadExpansion/MakingHistory/Parts/@thumbs/Size1p5.Tank.04_icon0
[LOG 20:58:38.685] Load Cached PNG Texture: SquadExpansion/MakingHistory/Parts/@thumbs/Size1to0ServiceModule_icon
[LOG 20:58:38.686] Load Cached PNG Texture: SquadExpansion/MakingHistory/Parts/@thumbs/Triangle0_icon0
[LOG 20:58:38.686] Load Cached PNG Texture: SquadExpansion/MakingHistory/Parts/@thumbs/Triangle0_icon1
[LOG 20:58:38.686] Load Cached PNG Texture: SquadExpansion/MakingHistory/Parts/@thumbs/Triangle0_icon2
[LOG 20:58:38.686] Load Cached PNG Texture: SquadExpansion/MakingHistory/Parts/@thumbs/Triangle0_icon3
[LOG 20:58:38.686] Load Cached PNG Texture: SquadExpansion/MakingHistory/Parts/@thumbs/Triangle1p5_icon0
[LOG 20:58:38.686] Load Cached PNG Texture: SquadExpansion/MakingHistory/Parts/@thumbs/Triangle1p5_icon1
[LOG 20:58:38.686] Load Cached PNG Texture: SquadExpansion/MakingHistory/Parts/@thumbs/Triangle1p5_icon2
[LOG 20:58:38.686] Load Cached PNG Texture: SquadExpansion/MakingHistory/Parts/@thumbs/Triangle1p5_icon3
[LOG 20:58:38.686] Load Cached PNG Texture: SquadExpansion/MakingHistory/Parts/@thumbs/Triangle1_icon0
[LOG 20:58:38.686] Load Cached PNG Texture: SquadExpansion/MakingHistory/Parts/@thumbs/Triangle1_icon1
[LOG 20:58:38.686] Load Cached PNG Texture: SquadExpansion/MakingHistory/Parts/@thumbs/Triangle1_icon2
[LOG 20:58:38.686] Load Cached PNG Texture: SquadExpansion/MakingHistory/Parts/@thumbs/Triangle1_icon3
[LOG 20:58:38.686] Load Cached PNG Texture: SquadExpansion/MakingHistory/Parts/@thumbs/Triangle2_icon0
[LOG 20:58:38.686] Load Cached PNG Texture: SquadExpansion/MakingHistory/Parts/@thumbs/Triangle2_icon1
[LOG 20:58:38.686] Load Cached PNG Texture: SquadExpansion/MakingHistory/Parts/@thumbs/Triangle2_icon2
[LOG 20:58:38.686] Load Cached PNG Texture: SquadExpansion/MakingHistory/Parts/@thumbs/Triangle2_icon3
[LOG 20:58:38.686] Load Cached PNG Texture: SquadExpansion/MakingHistory/Parts/@thumbs/Tube1_icon0
[LOG 20:58:38.686] Load Cached PNG Texture: SquadExpansion/MakingHistory/Parts/@thumbs/Tube1_icon1
[LOG 20:58:38.686] Load Cached PNG Texture: SquadExpansion/MakingHistory/Parts/@thumbs/Tube1_icon2
[LOG 20:58:38.686] Load Cached PNG Texture: SquadExpansion/MakingHistory/Parts/@thumbs/Tube1_icon3
[LOG 20:58:38.686] Load Cached PNG Texture: SquadExpansion/MakingHistory/Parts/@thumbs/Tube1_icon4
[LOG 20:58:38.686] Load Cached PNG Texture: SquadExpansion/MakingHistory/Parts/Aero/protectiveRocketNoseMk5A/s1p5_cone
[LOG 20:58:38.687] Load Cached PNG Texture: SquadExpansion/MakingHistory/Parts/Aero/protectiveRocketNoseMk5A/s1p5_cone_Orange
[LOG 20:58:38.688] Load DDS texture: SquadExpansion/MakingHistory/Parts/Coupling/Assets/airlock
[LOG 20:58:38.688] Load DDS texture: SquadExpansion/MakingHistory/Parts/Coupling/Assets/airlock_N
[LOG 20:58:38.689] Load DDS texture: SquadExpansion/MakingHistory/Parts/Coupling/Assets/EnginePlate
[LOG 20:58:38.689] Load DDS texture: SquadExpansion/MakingHistory/Parts/Coupling/Assets/Size1_5_Decoupler_grey
[LOG 20:58:38.689] Load DDS texture: SquadExpansion/MakingHistory/Parts/Coupling/Assets/Size1_5_Decoupler_orange
[LOG 20:58:38.689] Load DDS texture: SquadExpansion/MakingHistory/Parts/Engine/Assets/KE-1
[LOG 20:58:38.690] Load DDS texture: SquadExpansion/MakingHistory/Parts/Engine/Assets/KE-1_BASE
[LOG 20:58:38.691] Load DDS texture: SquadExpansion/MakingHistory/Parts/Engine/Assets/LV-T87
[LOG 20:58:38.692] Load DDS texture: SquadExpansion/MakingHistory/Parts/Engine/Assets/LV-T91
[LOG 20:58:38.692] Load DDS texture: SquadExpansion/MakingHistory/Parts/Engine/Assets/RE-I2
[LOG 20:58:38.694] Load DDS texture: SquadExpansion/MakingHistory/Parts/Engine/Assets/RE-J10
[LOG 20:58:38.695] Load DDS texture: SquadExpansion/MakingHistory/Parts/Engine/Assets/RE-J10_N
[LOG 20:58:38.696] Load DDS texture: SquadExpansion/MakingHistory/Parts/Engine/Assets/RK-7
[LOG 20:58:38.697] Load DDS texture: SquadExpansion/MakingHistory/Parts/Engine/Assets/RK-7_N
[LOG 20:58:38.697] Load DDS texture: SquadExpansion/MakingHistory/Parts/Engine/solidBoosterTHK/SolidBoosterS2-17_emissive
[LOG 20:58:38.702] Load DDS texture: SquadExpansion/MakingHistory/Parts/Engine/solidBoosterTHK/solidBoosterTHK_diffuse
[LOG 20:58:38.706] Load DDS texture: SquadExpansion/MakingHistory/Parts/FuelTank/Assets/Size1p5_02
[LOG 20:58:38.707] Load DDS texture: SquadExpansion/MakingHistory/Parts/FuelTank/Assets/Size1p5_02_ALT01
[LOG 20:58:38.709] Load DDS texture: SquadExpansion/MakingHistory/Parts/FuelTank/Assets/Size1p5_02_ALT02
[LOG 20:58:38.710] Load DDS texture: SquadExpansion/MakingHistory/Parts/FuelTank/Assets/Size1p5_02_ALT02_normal
[LOG 20:58:38.711] Load DDS texture: SquadExpansion/MakingHistory/Parts/FuelTank/Assets/Size1p5_mono
[LOG 20:58:38.712] Load DDS texture: SquadExpansion/MakingHistory/Parts/FuelTank/Assets/Size1p5_mono_2
[LOG 20:58:38.712] Load DDS texture: SquadExpansion/MakingHistory/Parts/FuelTank/Assets/Size1p5_mono_N
[LOG 20:58:38.713] Load DDS texture: SquadExpansion/MakingHistory/Parts/FuelTank/Assets/Size1_5_TankAdapters
[LOG 20:58:38.714] Load DDS texture: SquadExpansion/MakingHistory/Parts/FuelTank/Assets/Size1_5_TankAdapters_ALT01
[LOG 20:58:38.714] Load DDS texture: SquadExpansion/MakingHistory/Parts/FuelTank/Assets/Size1_5_TankAdapters_ALT02
[LOG 20:58:38.715] Load DDS texture: SquadExpansion/MakingHistory/Parts/FuelTank/Assets/Size1_5_TankAdapters_ALT02nm
[LOG 20:58:38.717] Load DDS texture: SquadExpansion/MakingHistory/Parts/FuelTank/Assets/Size1_5_TankAdapters_N
[LOG 20:58:38.717] Load DDS texture: SquadExpansion/MakingHistory/Parts/FuelTank/Assets/Size1_5_Tanks
[LOG 20:58:38.718] Load DDS texture: SquadExpansion/MakingHistory/Parts/FuelTank/Assets/Size1_5_Tanks_ALT02
[LOG 20:58:38.719] Load DDS texture: SquadExpansion/MakingHistory/Parts/FuelTank/Assets/Size1_5_Tanks_ALT02_nm
[LOG 20:58:38.719] Load DDS texture: SquadExpansion/MakingHistory/Parts/FuelTank/Assets/Size1_5_Tanks_grey
[LOG 20:58:38.720] Load DDS texture: SquadExpansion/MakingHistory/Parts/FuelTank/Assets/Size4_Tanks
[LOG 20:58:38.723] Load DDS texture: SquadExpansion/MakingHistory/Parts/FuelTank/Assets/Size4_Tanks_N
[LOG 20:58:38.727] Load DDS texture: SquadExpansion/MakingHistory/Parts/Ground/Assets/RoverWheel
[LOG 20:58:38.729] Load DDS texture: SquadExpansion/MakingHistory/Parts/Ground/Assets/RoverWheelG
[LOG 20:58:38.729] Load DDS texture: SquadExpansion/MakingHistory/Parts/Payload/Assets/Size1to0ServiceBay
[LOG 20:58:38.729] Load DDS texture: SquadExpansion/MakingHistory/Parts/Payload/Assets/Size1to0ServiceBay_n
[LOG 20:58:38.731] Load DDS texture: SquadExpansion/MakingHistory/Parts/Payload/Assets/SM18_diffuse
[LOG 20:58:38.734] Load Cached PNG Texture: SquadExpansion/MakingHistory/Parts/Payload/Assets/SM18_NRM
[LOG 20:58:38.740] Load DDS texture: SquadExpansion/MakingHistory/Parts/Payload/Assets/SM18_specular
[LOG 20:58:38.744] Load DDS texture: SquadExpansion/MakingHistory/Parts/Payload/Assets/SM25_diffuse
[LOG 20:58:38.745] Load DDS texture: SquadExpansion/MakingHistory/Parts/Payload/Assets/SM25_normals
[LOG 20:58:38.747] Load DDS texture: SquadExpansion/MakingHistory/Parts/Pods/Assets/KV1
[LOG 20:58:38.748] Load DDS texture: SquadExpansion/MakingHistory/Parts/Pods/Assets/KV1_GLOW
[LOG 20:58:38.748] Load DDS texture: SquadExpansion/MakingHistory/Parts/Pods/Assets/KV2
[LOG 20:58:38.749] Load DDS texture: SquadExpansion/MakingHistory/Parts/Pods/Assets/KV3
[LOG 20:58:38.751] Load DDS texture: SquadExpansion/MakingHistory/Parts/Pods/Assets/Mk2Pod
[LOG 20:58:38.751] Load DDS texture: SquadExpansion/MakingHistory/Parts/Pods/Assets/Mk2Pod_GLOW
[LOG 20:58:38.752] Load DDS texture: SquadExpansion/MakingHistory/Parts/Pods/Assets/Mk2Pod_n
[LOG 20:58:38.752] Load DDS texture: SquadExpansion/MakingHistory/Parts/Pods/Assets/Size1_5_Lander
[LOG 20:58:38.753] Load DDS texture: SquadExpansion/MakingHistory/Parts/Pods/Assets/Size1_5_Lander_GLOW
[LOG 20:58:38.753] Load DDS texture: SquadExpansion/MakingHistory/Parts/SharedAssets/Shrouds
[LOG 20:58:38.755] Load DDS texture: SquadExpansion/MakingHistory/Parts/SharedAssets/Shrouds_N
[LOG 20:58:38.755] Load DDS texture: SquadExpansion/MakingHistory/Parts/Structural/Assets/NormalMap
[LOG 20:58:38.756] Load DDS texture: SquadExpansion/MakingHistory/Parts/Structural/Assets/Panels
[LOG 20:58:38.758] Load DDS texture: SquadExpansion/MakingHistory/Parts/Structural/Assets/Panels_Dark_D
[LOG 20:58:38.761] Load DDS texture: SquadExpansion/MakingHistory/Parts/Structural/Assets/Panels_Gold_D
[LOG 20:58:38.763] Load Cached PNG Texture: SquadExpansion/MakingHistory/Parts/Structural/Assets/Panels_Gold_NRM
[LOG 20:58:38.765] Load DDS texture: SquadExpansion/MakingHistory/Parts/Structural/Assets/Panels_Gold_S
[LOG 20:58:38.766] Load DDS texture: SquadExpansion/MakingHistory/Parts/Structural/Assets/Panels_Silver_D
[LOG 20:58:38.767] Load DDS texture: SquadExpansion/MakingHistory/Parts/Structural/Assets/Panels_Silver_S
[LOG 20:58:38.768] Load Cached PNG Texture: SquadExpansion/MakingHistory/Ships/@thumbs/VAB/Acapello
[LOG 20:58:38.768] Load Cached PNG Texture: SquadExpansion/MakingHistory/Ships/@thumbs/VAB/Beta Centaurus
[LOG 20:58:38.768] Load Cached PNG Texture: SquadExpansion/MakingHistory/Ships/@thumbs/VAB/Goliath II HLV
[LOG 20:58:38.768] Load Cached PNG Texture: SquadExpansion/MakingHistory/Ships/@thumbs/VAB/Muna 1
[LOG 20:58:38.768] Load Cached PNG Texture: SquadExpansion/MakingHistory/Ships/@thumbs/VAB/Sally-Hut 1
[LOG 20:58:38.769] Load Cached PNG Texture: SquadExpansion/MakingHistory/Ships/@thumbs/VAB/SWM-94 Communications Satellite
[LOG 20:58:38.769] Load Cached PNG Texture: SquadExpansion/MakingHistory/Ships/@thumbs/VAB/Valshkod 2
[LOG 20:58:38.769] Load DDS texture: SquadExpansion/MakingHistory/Spaces/KVPods/airlock
[LOG 20:58:38.769] Load DDS texture: SquadExpansion/MakingHistory/Spaces/KVPods/airlock_N
[LOG 20:58:38.770] Load DDS texture: SquadExpansion/MakingHistory/Spaces/KVPods/KV1_Props_Diffuse
[LOG 20:58:38.780] Load DDS texture: SquadExpansion/MakingHistory/Spaces/KVPods/KV1_Props_Normal
[LOG 20:58:38.783] Load DDS texture: SquadExpansion/MakingHistory/Spaces/KVPods/KV1_Shell_Diffuse
[LOG 20:58:38.787] Load DDS texture: SquadExpansion/MakingHistory/Spaces/KVPods/KV1_Shell_Emissive
[LOG 20:58:38.789] Load DDS texture: SquadExpansion/MakingHistory/Spaces/KVPods/KV1_Shell_Normal
[LOG 20:58:38.793] Load DDS texture: SquadExpansion/MakingHistory/Spaces/KVPods/KV1_Vzor_Diffuse
[LOG 20:58:38.794] Load DDS texture: SquadExpansion/MakingHistory/Spaces/KVPods/KV2_Props_Diffuse
[LOG 20:58:38.797] Load DDS texture: SquadExpansion/MakingHistory/Spaces/KVPods/KV2_Props_Emissive
[LOG 20:58:38.801] Load DDS texture: SquadExpansion/MakingHistory/Spaces/KVPods/KV2_Props_Normal
[LOG 20:58:38.805] Load DDS texture: SquadExpansion/MakingHistory/Spaces/KVPods/KV2_Shell_Diffuse
[LOG 20:58:38.810] Load DDS texture: SquadExpansion/MakingHistory/Spaces/KVPods/KV2_Shell_Normal
[LOG 20:58:38.815] Load DDS texture: SquadExpansion/MakingHistory/Spaces/KVPods/KV3_Props_Diffuse
[LOG 20:58:38.819] Load DDS texture: SquadExpansion/MakingHistory/Spaces/KVPods/KV3_Props_Normal
[LOG 20:58:38.822] Load DDS texture: SquadExpansion/MakingHistory/Spaces/KVPods/KV3_Shell_Diffuse
[LOG 20:58:38.825] Load DDS texture: SquadExpansion/MakingHistory/Spaces/KVPods/KV3_Shell_Normal
[LOG 20:58:38.829] Load DDS texture: SquadExpansion/MakingHistory/Spaces/KVPods/motor
[LOG 20:58:38.830] Load DDS texture: SquadExpansion/MakingHistory/Spaces/KVPods/pilot Seat
[LOG 20:58:38.830] Load DDS texture: SquadExpansion/MakingHistory/Spaces/MEM/PANELS_AO
[LOG 20:58:38.833] Load DDS texture: SquadExpansion/MakingHistory/Spaces/MEM/PANELS_EMISSIVE
[LOG 20:58:38.836] Load DDS texture: SquadExpansion/MakingHistory/Spaces/MEM/PANELS_NORMAL
[LOG 20:58:38.839] Load DDS texture: SquadExpansion/MakingHistory/Spaces/MEM/pilot Seat
[LOG 20:58:38.840] Load DDS texture: SquadExpansion/MakingHistory/Spaces/MEM/propsGeneric
[LOG 20:58:38.840] Load DDS texture: SquadExpansion/MakingHistory/Spaces/MEM/PROPS_AO
[LOG 20:58:38.843] Load DDS texture: SquadExpansion/MakingHistory/Spaces/MEM/PROPS_EMISSIVE
[LOG 20:58:38.843] Load DDS texture: SquadExpansion/MakingHistory/Spaces/MEM/PROPS_NORMAL
[LOG 20:58:38.849] Load DDS texture: SquadExpansion/MakingHistory/Spaces/Mk2Pod/DIfuse_controlboard
[LOG 20:58:38.853] Load DDS texture: SquadExpansion/MakingHistory/Spaces/Mk2Pod/Normal_controlbard
[LOG 20:58:38.862] Load DDS texture: SquadExpansion/MakingHistory/Spaces/Mk2Pod/Outershell_Base_Color
[LOG 20:58:38.866] Load DDS texture: SquadExpansion/MakingHistory/Spaces/Mk2Pod/Outershell_Normal
[LOG 20:58:38.870] Load DDS texture: SquadExpansion/MakingHistory/Spaces/Mk2Pod/pilot Seat
[LOG 20:58:38.871] Load Cached PNG Texture: SquadExpansion/Serenity/Parts/@thumbs/controller1000_icon
[LOG 20:58:38.871] Load Cached PNG Texture: SquadExpansion/Serenity/Parts/@thumbs/DeployedCentralStation_icon
[LOG 20:58:38.871] Load Cached PNG Texture: SquadExpansion/Serenity/Parts/@thumbs/DeployedGoExOb_icon
[LOG 20:58:38.871] Load Cached PNG Texture: SquadExpansion/Serenity/Parts/@thumbs/DeployedIONExp_icon
[LOG 20:58:38.872] Load Cached PNG Texture: SquadExpansion/Serenity/Parts/@thumbs/DeployedRTG_icon
[LOG 20:58:38.872] Load Cached PNG Texture: SquadExpansion/Serenity/Parts/@thumbs/DeployedSatDish_icon
[LOG 20:58:38.872] Load Cached PNG Texture: SquadExpansion/Serenity/Parts/@thumbs/DeployedSeismicSensor_icon
[LOG 20:58:38.872] Load Cached PNG Texture: SquadExpansion/Serenity/Parts/@thumbs/DeployedSolarPanel_icon
[LOG 20:58:38.872] Load Cached PNG Texture: SquadExpansion/Serenity/Parts/@thumbs/DeployedWeatherStn_icon
[LOG 20:58:38.872] Load Cached PNG Texture: SquadExpansion/Serenity/Parts/@thumbs/FanShroud.01_icon0
[LOG 20:58:38.872] Load Cached PNG Texture: SquadExpansion/Serenity/Parts/@thumbs/FanShroud.01_icon1
[LOG 20:58:38.872] Load Cached PNG Texture: SquadExpansion/Serenity/Parts/@thumbs/FanShroud.02_icon0
[LOG 20:58:38.872] Load Cached PNG Texture: SquadExpansion/Serenity/Parts/@thumbs/FanShroud.02_icon1
[LOG 20:58:38.873] Load Cached PNG Texture: SquadExpansion/Serenity/Parts/@thumbs/hinge.01.s_icon0
[LOG 20:58:38.873] Load Cached PNG Texture: SquadExpansion/Serenity/Parts/@thumbs/hinge.01.s_icon1
[LOG 20:58:38.873] Load Cached PNG Texture: SquadExpansion/Serenity/Parts/@thumbs/hinge.01_icon0
[LOG 20:58:38.873] Load Cached PNG Texture: SquadExpansion/Serenity/Parts/@thumbs/hinge.01_icon1
[LOG 20:58:38.873] Load Cached PNG Texture: SquadExpansion/Serenity/Parts/@thumbs/hinge.03.s_icon0
[LOG 20:58:38.873] Load Cached PNG Texture: SquadExpansion/Serenity/Parts/@thumbs/hinge.03.s_icon1
[LOG 20:58:38.873] Load Cached PNG Texture: SquadExpansion/Serenity/Parts/@thumbs/hinge.03_icon0
[LOG 20:58:38.873] Load Cached PNG Texture: SquadExpansion/Serenity/Parts/@thumbs/hinge.03_icon1
[LOG 20:58:38.873] Load Cached PNG Texture: SquadExpansion/Serenity/Parts/@thumbs/largeFanBlade_icon0
[LOG 20:58:38.873] Load Cached PNG Texture: SquadExpansion/Serenity/Parts/@thumbs/largeFanBlade_icon1
[LOG 20:58:38.873] Load Cached PNG Texture: SquadExpansion/Serenity/Parts/@thumbs/largePropeller_icon0
[LOG 20:58:38.873] Load Cached PNG Texture: SquadExpansion/Serenity/Parts/@thumbs/largePropeller_icon1
[LOG 20:58:38.873] Load Cached PNG Texture: SquadExpansion/Serenity/Parts/@thumbs/lGripPad_icon0
[LOG 20:58:38.873] Load Cached PNG Texture: SquadExpansion/Serenity/Parts/@thumbs/lGripPad_icon1
[LOG 20:58:38.874] Load Cached PNG Texture: SquadExpansion/Serenity/Parts/@thumbs/lGripStrip_icon
[LOG 20:58:38.874] Load Cached PNG Texture: SquadExpansion/Serenity/Parts/@thumbs/mediumFanBlade_icon0
[LOG 20:58:38.874] Load Cached PNG Texture: SquadExpansion/Serenity/Parts/@thumbs/mediumFanBlade_icon1
[LOG 20:58:38.874] Load Cached PNG Texture: SquadExpansion/Serenity/Parts/@thumbs/mediumPropeller_icon0
[LOG 20:58:38.874] Load Cached PNG Texture: SquadExpansion/Serenity/Parts/@thumbs/mediumPropeller_icon1
[LOG 20:58:38.874] Load Cached PNG Texture: SquadExpansion/Serenity/Parts/@thumbs/mGripPad_icon0
[LOG 20:58:38.874] Load Cached PNG Texture: SquadExpansion/Serenity/Parts/@thumbs/mGripPad_icon1
[LOG 20:58:38.874] Load Cached PNG Texture: SquadExpansion/Serenity/Parts/@thumbs/noseconeTiny_icon
[LOG 20:58:38.874] Load Cached PNG Texture: SquadExpansion/Serenity/Parts/@thumbs/noseconeVS_icon
[LOG 20:58:38.874] Load Cached PNG Texture: SquadExpansion/Serenity/Parts/@thumbs/piston.01_icon0
[LOG 20:58:38.874] Load Cached PNG Texture: SquadExpansion/Serenity/Parts/@thumbs/piston.01_icon1
[LOG 20:58:38.874] Load Cached PNG Texture: SquadExpansion/Serenity/Parts/@thumbs/piston.02_icon0
[LOG 20:58:38.874] Load Cached PNG Texture: SquadExpansion/Serenity/Parts/@thumbs/piston.02_icon1
[LOG 20:58:38.874] Load Cached PNG Texture: SquadExpansion/Serenity/Parts/@thumbs/piston.03_icon0
[LOG 20:58:38.874] Load Cached PNG Texture: SquadExpansion/Serenity/Parts/@thumbs/piston.03_icon1
[LOG 20:58:38.874] Load Cached PNG Texture: SquadExpansion/Serenity/Parts/@thumbs/piston.04_icon0
[LOG 20:58:38.874] Load Cached PNG Texture: SquadExpansion/Serenity/Parts/@thumbs/piston.04_icon1
[LOG 20:58:38.874] Load Cached PNG Texture: SquadExpansion/Serenity/Parts/@thumbs/RobotArmScanner.S1_icon
[LOG 20:58:38.874] Load Cached PNG Texture: SquadExpansion/Serenity/Parts/@thumbs/RobotArmScanner.S2_icon
[LOG 20:58:38.874] Load Cached PNG Texture: SquadExpansion/Serenity/Parts/@thumbs/RobotArmScanner.S3_icon
[LOG 20:58:38.875] Load Cached PNG Texture: SquadExpansion/Serenity/Parts/@thumbs/rotor.01s_icon0
[LOG 20:58:38.875] Load Cached PNG Texture: SquadExpansion/Serenity/Parts/@thumbs/rotor.01s_icon1
[LOG 20:58:38.875] Load Cached PNG Texture: SquadExpansion/Serenity/Parts/@thumbs/rotor.01_icon0
[LOG 20:58:38.875] Load Cached PNG Texture: SquadExpansion/Serenity/Parts/@thumbs/rotor.01_icon1
[LOG 20:58:38.875] Load Cached PNG Texture: SquadExpansion/Serenity/Parts/@thumbs/rotor.02s_icon0
[LOG 20:58:38.875] Load Cached PNG Texture: SquadExpansion/Serenity/Parts/@thumbs/rotor.02s_icon1
[LOG 20:58:38.875] Load Cached PNG Texture: SquadExpansion/Serenity/Parts/@thumbs/rotor.02_icon0
[LOG 20:58:38.875] Load Cached PNG Texture: SquadExpansion/Serenity/Parts/@thumbs/rotor.02_icon1
[LOG 20:58:38.875] Load Cached PNG Texture: SquadExpansion/Serenity/Parts/@thumbs/RotorEngine.02_icon
[LOG 20:58:38.875] Load Cached PNG Texture: SquadExpansion/Serenity/Parts/@thumbs/rotoServo.00_icon0
[LOG 20:58:38.875] Load Cached PNG Texture: SquadExpansion/Serenity/Parts/@thumbs/rotoServo.00_icon1
[LOG 20:58:38.875] Load Cached PNG Texture: SquadExpansion/Serenity/Parts/@thumbs/rotoServo.02_icon0
[LOG 20:58:38.875] Load Cached PNG Texture: SquadExpansion/Serenity/Parts/@thumbs/rotoServo.02_icon1
[LOG 20:58:38.875] Load Cached PNG Texture: SquadExpansion/Serenity/Parts/@thumbs/rotoServo.03_icon0
[LOG 20:58:38.875] Load Cached PNG Texture: SquadExpansion/Serenity/Parts/@thumbs/rotoServo.03_icon1
[LOG 20:58:38.875] Load Cached PNG Texture: SquadExpansion/Serenity/Parts/@thumbs/sGripPad_icon0
[LOG 20:58:38.875] Load Cached PNG Texture: SquadExpansion/Serenity/Parts/@thumbs/sGripPad_icon1
[LOG 20:58:38.875] Load Cached PNG Texture: SquadExpansion/Serenity/Parts/@thumbs/sGripStrip_icon
[LOG 20:58:38.875] Load Cached PNG Texture: SquadExpansion/Serenity/Parts/@thumbs/smallFanBlade_icon0
[LOG 20:58:38.875] Load Cached PNG Texture: SquadExpansion/Serenity/Parts/@thumbs/smallFanBlade_icon1
[LOG 20:58:38.875] Load Cached PNG Texture: SquadExpansion/Serenity/Parts/@thumbs/smallHeliBlade_icon0
[LOG 20:58:38.875] Load Cached PNG Texture: SquadExpansion/Serenity/Parts/@thumbs/smallHeliBlade_icon1
[LOG 20:58:38.876] Load Cached PNG Texture: SquadExpansion/Serenity/Parts/@thumbs/smallPropeller_icon0
[LOG 20:58:38.876] Load Cached PNG Texture: SquadExpansion/Serenity/Parts/@thumbs/smallPropeller_icon1
[LOG 20:58:38.876] Load DDS texture: SquadExpansion/Serenity/Parts/Aero/Assets/copterBlades_diffuse
[LOG 20:58:38.876] Load DDS texture: SquadExpansion/Serenity/Parts/Aero/Assets/shroudsDiffuse_color
[LOG 20:58:38.876] Load DDS texture: SquadExpansion/Serenity/Parts/Aero/Assets/shroudsDiffuse_plain
[LOG 20:58:38.876] Load Cached PNG Texture: SquadExpansion/Serenity/Parts/DeployedScience/MockupTexture
[LOG 20:58:38.876] Load DDS texture: SquadExpansion/Serenity/Parts/DeployedScience/Assets/centralStation_diffuse
[LOG 20:58:38.877] Load DDS texture: SquadExpansion/Serenity/Parts/DeployedScience/Assets/centralStation_emissive
[LOG 20:58:38.906] Load DDS texture: SquadExpansion/Serenity/Parts/DeployedScience/Assets/GenericParts_diffuse
[LOG 20:58:38.906] Load DDS texture: SquadExpansion/Serenity/Parts/DeployedScience/Assets/GenericParts_emissive
[LOG 20:58:38.907] Load DDS texture: SquadExpansion/Serenity/Parts/DeployedScience/Assets/GenericParts_normal
[LOG 20:58:38.908] Load DDS texture: SquadExpansion/Serenity/Parts/DeployedScience/Assets/goex_diffuse
[LOG 20:58:38.911] Load DDS texture: SquadExpansion/Serenity/Parts/DeployedScience/Assets/goex_specMapped
[LOG 20:58:38.912] Load DDS texture: SquadExpansion/Serenity/Parts/DeployedScience/Assets/Grid
[LOG 20:58:38.913] Load DDS texture: SquadExpansion/Serenity/Parts/DeployedScience/Assets/IonExperiment_diffuse
[LOG 20:58:38.913] Load DDS texture: SquadExpansion/Serenity/Parts/DeployedScience/Assets/RTGCask_diffuse
[LOG 20:58:38.914] Load DDS texture: SquadExpansion/Serenity/Parts/DeployedScience/Assets/satDish_diffuse
[LOG 20:58:38.915] Load Cached PNG Texture: SquadExpansion/Serenity/Parts/DeployedScience/Assets/Scratch
[LOG 20:58:38.916] Load DDS texture: SquadExpansion/Serenity/Parts/DeployedScience/Assets/Screen2
[LOG 20:58:38.916] Load DDS texture: SquadExpansion/Serenity/Parts/DeployedScience/Assets/Screen3
[LOG 20:58:38.916] Load DDS texture: SquadExpansion/Serenity/Parts/DeployedScience/Assets/ScreenReadout
[LOG 20:58:38.916] Load DDS texture: SquadExpansion/Serenity/Parts/DeployedScience/Assets/seismicSensor_diffuse
[LOG 20:58:38.917] Load DDS texture: SquadExpansion/Serenity/Parts/DeployedScience/Assets/seismicSensor_nrm
[LOG 20:58:38.917] Load DDS texture: SquadExpansion/Serenity/Parts/DeployedScience/Assets/seismicSensor_specularMapped
[LOG 20:58:38.918] Load DDS texture: SquadExpansion/Serenity/Parts/DeployedScience/Assets/SolarGraph
[LOG 20:58:38.918] Load DDS texture: SquadExpansion/Serenity/Parts/DeployedScience/Assets/solarPanel_diffuse
[LOG 20:58:38.919] Load DDS texture: SquadExpansion/Serenity/Parts/DeployedScience/Assets/Waveleght3
[LOG 20:58:38.919] Load DDS texture: SquadExpansion/Serenity/Parts/DeployedScience/Assets/Wavelenght
[LOG 20:58:38.919] Load DDS texture: SquadExpansion/Serenity/Parts/DeployedScience/Assets/Wavelenght2
[LOG 20:58:38.919] Load DDS texture: SquadExpansion/Serenity/Parts/DeployedScience/Assets/wavelenght4
[LOG 20:58:38.920] Load DDS texture: SquadExpansion/Serenity/Parts/DeployedScience/Assets/wavelenght5
[LOG 20:58:38.920] Load DDS texture: SquadExpansion/Serenity/Parts/DeployedScience/Assets/WeatherStation [Normal]
[LOG 20:58:38.933] Load DDS texture: SquadExpansion/Serenity/Parts/DeployedScience/Assets/Weather_Station_diffuse
[LOG 20:58:38.943] Load DDS texture: SquadExpansion/Serenity/Parts/DeployedScience/Assets/Weather_Station_normal
[LOG 20:58:38.948] Load DDS texture: SquadExpansion/Serenity/Parts/Propellers/Assets/blade_diffuse
[LOG 20:58:38.949] Load DDS texture: SquadExpansion/Serenity/Parts/Propellers/Assets/copterBlades_diffuse
[LOG 20:58:38.949] Load DDS texture: SquadExpansion/Serenity/Parts/Propellers/Assets/fan_diffuse
[LOG 20:58:38.949] Load DDS texture: SquadExpansion/Serenity/Parts/Robotics/Assets/hinges-03-s_diffuse_Color
[LOG 20:58:38.950] Load DDS texture: SquadExpansion/Serenity/Parts/Robotics/Assets/hinges-03_diffuse_color
[LOG 20:58:38.952] Load DDS texture: SquadExpansion/Serenity/Parts/Robotics/Assets/hinges-03_diffuse_plain
[LOG 20:58:38.953] Load DDS texture: SquadExpansion/Serenity/Parts/Robotics/Assets/hinges_diffuse
[LOG 20:58:38.953] Load DDS texture: SquadExpansion/Serenity/Parts/Robotics/Assets/Hinge_diffuse_G-00_Color
[LOG 20:58:38.953] Load DDS texture: SquadExpansion/Serenity/Parts/Robotics/Assets/Hinge_diffuse_G-11_Color
[LOG 20:58:38.953] Load DDS texture: SquadExpansion/Serenity/Parts/Robotics/Assets/Hinge_diffuse_G-11_plain
[LOG 20:58:38.954] Load DDS texture: SquadExpansion/Serenity/Parts/Robotics/Assets/Hinge_normal
[LOG 20:58:38.954] Load DDS texture: SquadExpansion/Serenity/Parts/Robotics/Assets/RotorEngine_02_diffuse
[LOG 20:58:38.954] Load DDS texture: SquadExpansion/Serenity/Parts/Robotics/Assets/RotorEngine_03_diffuse
[LOG 20:58:38.955] Load DDS texture: SquadExpansion/Serenity/Parts/Robotics/Assets/RotorEngine_03_normal
[LOG 20:58:38.956] Load DDS texture: SquadExpansion/Serenity/Parts/Robotics/Assets/Rotor_01_diffuse_color
[LOG 20:58:38.957] Load DDS texture: SquadExpansion/Serenity/Parts/Robotics/Assets/Rotor_01_diffuse_plain
[LOG 20:58:38.957] Load DDS texture: SquadExpansion/Serenity/Parts/Robotics/Assets/Rotor_01_normal
[LOG 20:58:38.957] Load DDS texture: SquadExpansion/Serenity/Parts/Robotics/Assets/Rotor_01_specular_D
[LOG 20:58:38.958] Load DDS texture: SquadExpansion/Serenity/Parts/Robotics/Assets/Rotor_02_diffuse_color
[LOG 20:58:38.958] Load DDS texture: SquadExpansion/Serenity/Parts/Robotics/Assets/Rotor_03_diffuse_color
[LOG 20:58:38.958] Load DDS texture: SquadExpansion/Serenity/Parts/Robotics/Assets/Rotor_03_diffuse_plain
[LOG 20:58:38.959] Load DDS texture: SquadExpansion/Serenity/Parts/Robotics/Assets/Rotor_03_normal
[LOG 20:58:38.959] Load DDS texture: SquadExpansion/Serenity/Parts/Robotics/Assets/rotoServos_diffuse_color
[LOG 20:58:38.960] Load DDS texture: SquadExpansion/Serenity/Parts/Robotics/Assets/rotoServos_diffuse_plain
[LOG 20:58:38.960] Load DDS texture: SquadExpansion/Serenity/Parts/Robotics/Assets/rotoServos_nrm
[LOG 20:58:38.962] Load DDS texture: SquadExpansion/Serenity/Parts/Robotics/Controllers/roboController_diffuse
[LOG 20:58:38.962] Load DDS texture: SquadExpansion/Serenity/Parts/Robotics/Controllers/roboController_emissive
[LOG 20:58:38.962] Load Cached PNG Texture: SquadExpansion/Serenity/Parts/Science/RobotArmScanner/Assets/DrillBits
[LOG 20:58:38.962] Load DDS texture: SquadExpansion/Serenity/Parts/Science/RobotArmScanner/Assets/DustParticle
[WRN 20:58:38.962] Duplicate PNG texture 'SquadExpansion/Serenity/Parts/Science/RobotArmScanner/Assets/DustParticle' with extension 'png' won't be loaded
[LOG 20:58:38.962] Load DDS texture: SquadExpansion/Serenity/Parts/Science/RobotArmScanner/Assets/GenericParts_diffuse
[LOG 20:58:38.965] Load DDS texture: SquadExpansion/Serenity/Parts/Science/RobotArmScanner/Assets/GenericParts_normal
[LOG 20:58:38.970] Load DDS texture: SquadExpansion/Serenity/Parts/Science/RobotArmScanner/Assets/ROCArm3_diffuse
[LOG 20:58:38.975] Load DDS texture: SquadExpansion/Serenity/Parts/Science/RobotArmScanner/Assets/ROCArm3_normal
[LOG 20:58:38.978] Load DDS texture: SquadExpansion/Serenity/Parts/Science/RobotArmScanner/Assets/ROCArm_2_diffuse
[LOG 20:58:38.981] Load DDS texture: SquadExpansion/Serenity/Parts/Science/RobotArmScanner/Assets/ROCArm_2_normal
[LOG 20:58:38.983] Load Cached PNG Texture: SquadExpansion/Serenity/Parts/Science/RobotArmScanner/Assets/Scratch
[LOG 20:58:38.984] Load DDS texture: SquadExpansion/Serenity/Parts/Science/RobotArmScanner/Assets/SmallArm_diffuse
[LOG 20:58:38.985] Load DDS texture: SquadExpansion/Serenity/Parts/Science/RobotArmScanner/Assets/SmallArm_normal
[LOG 20:58:38.986] Load DDS texture: SquadExpansion/Serenity/Parts/Structural/gripPads/Assets/gripPads_diffuse
[LOG 20:58:38.987] Load DDS texture: SquadExpansion/Serenity/Parts/Structural/gripPads/Assets/gripPads_nrm
[LOG 20:58:38.988] Load Cached PNG Texture: SquadExpansion/Serenity/Ships/@thumbs/SPH/Arrow-E
[LOG 20:58:38.989] Load Cached PNG Texture: SquadExpansion/Serenity/Ships/@thumbs/SPH/Butterfly Rover
[LOG 20:58:38.989] Load Cached PNG Texture: SquadExpansion/Serenity/Ships/@thumbs/SPH/Jeb_s Quadtaxi
[LOG 20:58:38.989] Load Cached PNG Texture: SquadExpansion/Serenity/Ships/@thumbs/SPH/Kerbodyne Rotodyne
[LOG 20:58:38.989] Load Cached PNG Texture: SquadExpansion/Serenity/Ships/@thumbs/SPH/Seahawk
[LOG 20:58:38.989] Load Cached PNG Texture: SquadExpansion/Serenity/Ships/@thumbs/SPH/Val-Thopter
[LOG 20:58:39.002] Load MU model: KerbalKonstructs/Assets/Smoke/KKPadSmoke1/cloudfast
[LOG 20:58:39.010] Load MU model: KerbalKonstructs/Assets/Smoke/KKPadSmoke1/cloudslow
[LOG 20:58:39.019] Load MU model: KerbalKonstructs/Assets/Smoke/KKPadSmoke1/embers
[LOG 20:58:39.027] Load MU model: KerbalKonstructs/Assets/Smoke/KKPadSmoke1/furnace
[LOG 20:58:39.037] Load MU model: KerbalKonstructs/FreeStatics/KKflagDemo/KKflagDemo
[LOG 20:58:39.054] Load MU model: KerbalKonstructs/FreeStatics/RunwayMarkings/aimpoint
[LOG 20:58:39.057] Load MU model: KerbalKonstructs/FreeStatics/RunwayMarkings/displacement
[LOG 20:58:39.067] Load MU model: KerbalKonstructs/FreeStatics/RunwayMarkings/fixed1500
[LOG 20:58:39.076] Load MU model: KerbalKonstructs/FreeStatics/RunwayMarkings/fixed500
[LOG 20:58:39.083] Load MU model: KerbalKonstructs/FreeStatics/RunwayMarkings/kourseXX
[LOG 20:58:39.089] Load MU model: KerbalKonstructs/FreeStatics/RunwayMarkings/threshold6
[LOG 20:58:39.095] Load MU model: KerbalKonstructs/FreeStatics/RunwayMarkings/threshold8
[LOG 20:58:39.100] Load MU model: KerbalKonstructs/FreeStatics/SoundCube/SoundCube
[LOG 20:58:39.107] Load MU model: KerbalKonstructs/FreeStatics/UniversalSpawnPoint/UniversalSpawnPoint
[LOG 20:58:39.120] Load MU model: KerbalKonstructs/FreeStatics/WaterSurfaces/WaterSurfaceRound
[LOG 20:58:39.122] Load MU model: KerbalKonstructs/FreeStatics/WaterSurfaces/WaterSurfaceSquare
[LOG 20:58:39.123] Load MU model: Squad/FX/afterburner_flame
[LOG 20:58:39.123] Load MU model: Squad/FX/afterburner_shock
[LOG 20:58:39.123] Load MU model: Squad/FX/diamondBlue
[LOG 20:58:39.124] Load MU model: Squad/FX/exhaustFlames_blue
[LOG 20:58:39.184] Load MU model: Squad/FX/hydroLOXFlame
[LOG 20:58:39.185] Load MU model: Squad/FX/IonPlume
[LOG 20:58:39.185] Load MU model: Squad/FX/ks1_Exhaust
[LOG 20:58:39.186] Load MU model: Squad/FX/ks25_Exhaust
[LOG 20:58:39.186] Load MU model: Squad/FX/ksX_Exhaust
[LOG 20:58:39.187] Load MU model: Squad/FX/LES_Thruster
[LOG 20:58:39.187] Load MU model: Squad/FX/Monoprop_big
[LOG 20:58:39.187] Load MU model: Squad/FX/Monoprop_medium
[LOG 20:58:39.188] Load MU model: Squad/FX/Monoprop_small
[LOG 20:58:39.188] Load MU model: Squad/FX/shockExhaust_blue
[LOG 20:58:39.188] Load MU model: Squad/FX/shockExhaust_blue_small
[LOG 20:58:39.188] Load MU model: Squad/FX/shockExhaust_red_small
[LOG 20:58:39.189] Load MU model: Squad/FX/SRB_Large
[LOG 20:58:39.189] Load MU model: Squad/FX/SRB_LargeSparks
[LOG 20:58:39.189] Load MU model: Squad/Parts/Aero/aerodynamicNoseCone/aerodynamicNoseCone
[LOG 20:58:39.189] Load MU model: Squad/Parts/Aero/airbrake/Airbrake
[LOG 20:58:39.189] Load MU model: Squad/Parts/Aero/airIntakeRadialXM-G50/RadialIntake
[LOG 20:58:39.189] Load MU model: Squad/Parts/Aero/airlinerWings/ControlSurface
[LOG 20:58:39.190] Load MU model: Squad/Parts/Aero/airlinerWings/MainWing
[LOG 20:58:39.190] Load MU model: Squad/Parts/Aero/airlinerWings/TailFin
[LOG 20:58:39.192] Load MU model: Squad/Parts/Aero/airplaneFins/AdvCanard
[LOG 20:58:39.192] Load MU model: Squad/Parts/Aero/airplaneFins/Canard
[LOG 20:58:39.192] Load MU model: Squad/Parts/Aero/airplaneFins/Swept
[LOG 20:58:39.192] Load MU model: Squad/Parts/Aero/airplaneFins/TailFin
[LOG 20:58:39.192] Load MU model: Squad/Parts/Aero/basicFin/basicFin
[LOG 20:58:39.192] Load MU model: Squad/Parts/Aero/circularIntake/CircularIntake
[LOG 20:58:39.194] Load MU model: Squad/Parts/Aero/circularIntake/ConeIntake
[LOG 20:58:39.194] Load MU model: Squad/Parts/Aero/cones/Assets/AvioCone
[LOG 20:58:39.194] Load MU model: Squad/Parts/Aero/cones/Assets/ConeA
[LOG 20:58:39.194] Load MU model: Squad/Parts/Aero/cones/Assets/ConeB
[LOG 20:58:39.195] Load MU model: Squad/Parts/Aero/cones/Assets/NCS
[LOG 20:58:39.195] Load MU model: Squad/Parts/Aero/cones/Assets/orangeNoseCone
[LOG 20:58:39.195] Load MU model: Squad/Parts/Aero/cones/Assets/rocketNoseCone
[LOG 20:58:39.195] Load MU model: Squad/Parts/Aero/cones/Assets/rocketNoseCone_v2
[LOG 20:58:39.196] Load MU model: Squad/Parts/Aero/cones/Assets/rocketNoseCone_v3
[LOG 20:58:39.196] Load MU model: Squad/Parts/Aero/cones/Assets/TailA
[LOG 20:58:39.196] Load MU model: Squad/Parts/Aero/cones/Assets/TailB
[LOG 20:58:39.196] Load MU model: Squad/Parts/Aero/cones/Assets/TinyCone
[LOG 20:58:39.196] Load MU model: Squad/Parts/Aero/fairings/AutoTruss
[LOG 20:58:39.197] Load MU model: Squad/Parts/Aero/fairings/fairingSize1
[LOG 20:58:39.197] Load MU model: Squad/Parts/Aero/fairings/fairingSize2
[LOG 20:58:39.197] Load MU model: Squad/Parts/Aero/fairings/fairingSize3
[LOG 20:58:39.197] Load MU model: Squad/Parts/Aero/HeatShield/HeatShield0
[LOG 20:58:39.197] Load MU model: Squad/Parts/Aero/HeatShield/HeatShield1
[LOG 20:58:39.197] Load MU model: Squad/Parts/Aero/HeatShield/HeatShield2
[LOG 20:58:39.199] Load MU model: Squad/Parts/Aero/HeatShield/HeatShield3
[LOG 20:58:39.199] Load MU model: Squad/Parts/Aero/InflatableHeatShield/HeatShield
[LOG 20:58:39.201] Load MU model: Squad/Parts/Aero/intakeRadialLong/IntakeRadial
[LOG 20:58:39.201] Load MU model: Squad/Parts/Aero/miniIntake/SmallIntake
[LOG 20:58:39.201] Load MU model: Squad/Parts/Aero/ramAirIntake/RampIntake
[LOG 20:58:39.201] Load MU model: Squad/Parts/Aero/shuttleWings/ShuttleDeltaWing
[LOG 20:58:39.201] Load MU model: Squad/Parts/Aero/shuttleWings/ShuttleElevonA
[LOG 20:58:39.202] Load MU model: Squad/Parts/Aero/shuttleWings/ShuttleElevonB
[LOG 20:58:39.202] Load MU model: Squad/Parts/Aero/shuttleWings/ShuttleRudder
[LOG 20:58:39.202] Load MU model: Squad/Parts/Aero/shuttleWings/ShuttleStrake
[LOG 20:58:39.202] Load MU model: Squad/Parts/Aero/wingletAV-R8/model
[LOG 20:58:39.202] Load MU model: Squad/Parts/Aero/wingletAV-T1/model
[LOG 20:58:39.202] Load MU model: Squad/Parts/Aero/wingletDeltaDeluxe/model
[LOG 20:58:39.202] Load MU model: Squad/Parts/Aero/wings/connector1
[LOG 20:58:39.202] Load MU model: Squad/Parts/Aero/wings/connector2
[LOG 20:58:39.202] Load MU model: Squad/Parts/Aero/wings/connector3
[LOG 20:58:39.203] Load MU model: Squad/Parts/Aero/wings/connector4
[LOG 20:58:39.203] Load MU model: Squad/Parts/Aero/wings/connector5
[LOG 20:58:39.203] Load MU model: Squad/Parts/Aero/wings/delta
[LOG 20:58:39.203] Load MU model: Squad/Parts/Aero/wings/delta_small
[LOG 20:58:39.203] Load MU model: Squad/Parts/Aero/wings/elevon1
[LOG 20:58:39.203] Load MU model: Squad/Parts/Aero/wings/elevon2
[LOG 20:58:39.203] Load MU model: Squad/Parts/Aero/wings/elevon3
[LOG 20:58:39.203] Load MU model: Squad/Parts/Aero/wings/elevon4
[LOG 20:58:39.203] Load MU model: Squad/Parts/Aero/wings/elevon5
[LOG 20:58:39.203] Load MU model: Squad/Parts/Aero/wings/strake
[LOG 20:58:39.203] Load MU model: Squad/Parts/Aero/wings/structural1
[LOG 20:58:39.204] Load MU model: Squad/Parts/Aero/wings/structural2
[LOG 20:58:39.204] Load MU model: Squad/Parts/Aero/wings/structural3
[LOG 20:58:39.204] Load MU model: Squad/Parts/Aero/wings/structural4
[LOG 20:58:39.204] Load MU model: Squad/Parts/Aero/wings/swept1
[LOG 20:58:39.204] Load MU model: Squad/Parts/Aero/wings/swept2
[LOG 20:58:39.204] Load MU model: Squad/Parts/Cargo/CargoContainers/cargoContainer
[LOG 20:58:39.204] Load MU model: Squad/Parts/Cargo/CargoContainers/smallCargoContainer
[LOG 20:58:39.204] Load MU model: Squad/Parts/Cargo/Cylinder/EVAcylinder
[LOG 20:58:39.205] Load MU model: Squad/Parts/Cargo/GroundAnchor/groundAnchor
[LOG 20:58:39.205] Load MU model: Squad/Parts/Cargo/Jetpack/Jetpack
[LOG 20:58:39.205] Load MU model: Squad/Parts/Cargo/Parachute/Parachute
[LOG 20:58:39.206] Load MU model: Squad/Parts/Cargo/RepairKit/RepairKit
[LOG 20:58:39.217] Load MU model: Squad/Parts/Cargo/ScienceKit/ExperimentKit
[LOG 20:58:39.219] Load MU model: Squad/Parts/Cargo/StorageUnits/Assets/CargoStorageUnit
[LOG 20:58:39.219] Load MU model: Squad/Parts/Cargo/StorageUnits/Assets/ConformalStorageUnit
[LOG 20:58:39.220] Load MU model: Squad/Parts/Command/advancedSasModuleLarge/model
[LOG 20:58:39.220] Load MU model: Squad/Parts/Command/cupola/model
[LOG 20:58:39.221] Load MU model: Squad/Parts/Command/externalCommandSeat/model
[LOG 20:58:39.221] Load MU model: Squad/Parts/Command/hitchhikerStorageContainer/model
[LOG 20:58:39.221] Load MU model: Squad/Parts/Command/inlineAdvancedStabilizer/model
[LOG 20:58:39.222] Load MU model: Squad/Parts/Command/inlineReactionWheel/model
[LOG 20:58:39.222] Load MU model: Squad/Parts/Command/Mk1-3Pod/Mk1-3
[LOG 20:58:39.222] Load MU model: Squad/Parts/Command/mk1Cockpits/Cabin
[LOG 20:58:39.223] Load MU model: Squad/Parts/Command/mk1Cockpits/CockpitInline
[LOG 20:58:39.223] Load MU model: Squad/Parts/Command/mk1Cockpits/CockpitStandard
[LOG 20:58:39.236] Load MU model: Squad/Parts/Command/mk1LanderCan/model
[LOG 20:58:39.236] Load MU model: Squad/Parts/Command/mk1pod_v2/Mk1Pod_v2
[LOG 20:58:39.236] Load MU model: Squad/Parts/Command/mk2CockpitInline/model
[LOG 20:58:39.237] Load MU model: Squad/Parts/Command/mk2CockpitStandard/model
[LOG 20:58:39.237] Load MU model: Squad/Parts/Command/mk2DroneCore/model
[LOG 20:58:39.238] Load MU model: Squad/Parts/Command/mk2LanderCan/model
[LOG 20:58:39.238] Load MU model: Squad/Parts/Command/mk2LanderCan_v2/mk2LanderCan
[LOG 20:58:39.239] Load MU model: Squad/Parts/Command/mk3CockpitShuttle/model
[LOG 20:58:39.239] Load MU model: Squad/Parts/Command/MpoProbe/MpoProbe
[LOG 20:58:39.239] Load MU model: Squad/Parts/Command/MtmStage/MTM_Stage
[LOG 20:58:39.239] Load MU model: Squad/Parts/Command/probeCoreCube/probeCoreCube
[LOG 20:58:39.239] Load MU model: Squad/Parts/Command/probeCoreHex/model
[LOG 20:58:39.240] Load MU model: Squad/Parts/Command/probeCoreHex_v2/model
[LOG 20:58:39.240] Load MU model: Squad/Parts/Command/probeCoreOcto2_v2/probeCoreOcto2_v2
[LOG 20:58:39.240] Load MU model: Squad/Parts/Command/probeCoreOcto_v2/probeCoreOcto_v2
[LOG 20:58:39.240] Load MU model: Squad/Parts/Command/probeRoverBody/model
[LOG 20:58:39.240] Load MU model: Squad/Parts/Command/probeRoverBody_v2/probeRoverBody_v2
[LOG 20:58:39.244] Load MU model: Squad/Parts/Command/probeStackLarge/model
[LOG 20:58:39.244] Load MU model: Squad/Parts/Command/probeStackSmall/model
[LOG 20:58:39.244] Load MU model: Squad/Parts/Command/probeStackSphere_v2/probeStackSphere_v2
[LOG 20:58:39.244] Load MU model: Squad/Parts/CompoundParts/FuelLine/model
[LOG 20:58:39.244] Load MU model: Squad/Parts/CompoundParts/strutConnector/model
[LOG 20:58:39.245] Load MU model: Squad/Parts/Coupling/Assets/Decoupler_0
[LOG 20:58:39.245] Load MU model: Squad/Parts/Coupling/Assets/Decoupler_1
[LOG 20:58:39.245] Load MU model: Squad/Parts/Coupling/Assets/Decoupler_1p5
[LOG 20:58:39.245] Load MU model: Squad/Parts/Coupling/Assets/Decoupler_2
[LOG 20:58:39.245] Load MU model: Squad/Parts/Coupling/Assets/Decoupler_3
[LOG 20:58:39.246] Load MU model: Squad/Parts/Coupling/Assets/Decoupler_4
[LOG 20:58:39.246] Load MU model: Squad/Parts/Coupling/Assets/Separator_0
[LOG 20:58:39.247] Load MU model: Squad/Parts/Coupling/Assets/Separator_1
[LOG 20:58:39.247] Load MU model: Squad/Parts/Coupling/Assets/Separator_1p5
[LOG 20:58:39.247] Load MU model: Squad/Parts/Coupling/Assets/Separator_2
[LOG 20:58:39.247] Load MU model: Squad/Parts/Coupling/Assets/Separator_3
[LOG 20:58:39.247] Load MU model: Squad/Parts/Coupling/Assets/Separator_4
[LOG 20:58:39.247] Load MU model: Squad/Parts/Electrical/10CSolarPanels/assets/OX-10C
[LOG 20:58:39.249] Load MU model: Squad/Parts/Electrical/10CSolarPanels/assets/SP-10C
[LOG 20:58:39.251] Load MU model: Squad/Parts/Electrical/10LSolarPanels/assets/OX-10L
[LOG 20:58:39.251] Load MU model: Squad/Parts/Electrical/10LSolarPanels/assets/SP-10L
[LOG 20:58:39.252] Load MU model: Squad/Parts/Electrical/1x6ShroudSolarPanels/model
[LOG 20:58:39.253] Load MU model: Squad/Parts/Electrical/1x6SolarPanels/model
[LOG 20:58:39.253] Load MU model: Squad/Parts/Electrical/3x2ShroudSolarPanels/model
[LOG 20:58:39.253] Load MU model: Squad/Parts/Electrical/3x2SolarPanels/model
[LOG 20:58:39.254] Load MU model: Squad/Parts/Electrical/gigantorXlSolarArray/model
[LOG 20:58:39.254] Load MU model: Squad/Parts/Electrical/radialFlatSolarPanel/model
[LOG 20:58:39.254] Load MU model: Squad/Parts/Electrical/RTG/model
[LOG 20:58:39.254] Load MU model: Squad/Parts/Electrical/z-100Battery/model
[LOG 20:58:39.254] Load MU model: Squad/Parts/Electrical/z-1kBattery/model
[LOG 20:58:39.255] Load MU model: Squad/Parts/Electrical/z-200Battery/model
[LOG 20:58:39.255] Load MU model: Squad/Parts/Electrical/z-400Battery/model
[LOG 20:58:39.255] Load MU model: Squad/Parts/Electrical/z-4kBattery/model
[LOG 20:58:39.255] Load MU model: Squad/Parts/Engine/ionEngine/model
[LOG 20:58:39.255] Load MU model: Squad/Parts/Engine/jetEngines/turbineInside
[LOG 20:58:39.255] Load MU model: Squad/Parts/Engine/jetEngines/turboFanSize1
[LOG 20:58:39.256] Load MU model: Squad/Parts/Engine/jetEngines/turboFanSize2
[LOG 20:58:39.256] Load MU model: Squad/Parts/Engine/jetEngines/turboJet
[LOG 20:58:39.256] Load MU model: Squad/Parts/Engine/jetEngines/turboRamJet
[LOG 20:58:39.258] Load MU model: Squad/Parts/Engine/liquidEngine24-77/model
[LOG 20:58:39.258] Load MU model: Squad/Parts/Engine/liquidEngine24-77_v2/Twitch_v2
[LOG 20:58:39.258] Load MU model: Squad/Parts/Engine/liquidEngine48-7S_v2/SparkV2
[LOG 20:58:39.258] Load MU model: Squad/Parts/Engine/liquidEngineAerospike/AeroSpike
[LOG 20:58:39.259] Load MU model: Squad/Parts/Engine/liquidEngineLV-1_v2/Assets/Ant
[LOG 20:58:39.260] Load MU model: Squad/Parts/Engine/liquidEngineLV-1_v2/Assets/Spider
[LOG 20:58:39.260] Load MU model: Squad/Parts/Engine/liquidEngineLV-909_v2/TerrierV2
[LOG 20:58:39.261] Load MU model: Squad/Parts/Engine/liquidEngineLV-N/model
[LOG 20:58:39.261] Load MU model: Squad/Parts/Engine/liquidEngineLV-T30/model
[LOG 20:58:39.261] Load MU model: Squad/Parts/Engine/liquidEngineLV-T30_v2/Reliant_v2
[LOG 20:58:39.263] Load MU model: Squad/Parts/Engine/liquidEngineLV-T45/model
[LOG 20:58:39.263] Load MU model: Squad/Parts/Engine/liquidEngineLV-T45_v2/Swivel_v2
[LOG 20:58:39.264] Load MU model: Squad/Parts/Engine/liquidEngineMainsail_v2/liquidEngineMainsail_v2
[LOG 20:58:39.265] Load MU model: Squad/Parts/Engine/liquidEngineMk55/Thud
[LOG 20:58:39.266] Load MU model: Squad/Parts/Engine/liquidEnginePoodle_v2/LqdEnginePoodle_v2
[LOG 20:58:39.267] Load MU model: Squad/Parts/Engine/liquidEngineSkipper_v2/skipper_v2
[LOG 20:58:39.268] Load MU model: Squad/Parts/Engine/liquidEngineSSME/SSME
[LOG 20:58:39.268] Load MU model: Squad/Parts/Engine/MassiveSRB/MassiveSRB
[LOG 20:58:39.269] Load MU model: Squad/Parts/Engine/miniJet/SmallJet
[LOG 20:58:39.269] Load MU model: Squad/Parts/Engine/OMSEngine/Puff_v2
[LOG 20:58:39.269] Load MU model: Squad/Parts/Engine/rapierEngine/rapier
[LOG 20:58:39.269] Load MU model: Squad/Parts/Engine/Size1_SRBs/SRB10
[LOG 20:58:39.270] Load MU model: Squad/Parts/Engine/Size1_SRBs/SRB5
[LOG 20:58:39.270] Load MU model: Squad/Parts/Engine/Size2LFB/Size2LFB
[LOG 20:58:39.271] Load MU model: Squad/Parts/Engine/Size2LFB_v2/Size2LFB_v2
[LOG 20:58:39.272] Load MU model: Squad/Parts/Engine/Size3AdvancedEngine/Size3AdvancedEngine
[LOG 20:58:39.272] Load MU model: Squad/Parts/Engine/Size3EngineCluster/Size3EngineCluster
[LOG 20:58:39.273] Load MU model: Squad/Parts/Engine/solidBoosterBACC/model
[LOG 20:58:39.274] Load MU model: Squad/Parts/Engine/solidBoosterS2-17/solidBoosterS2-17
[LOG 20:58:39.274] Load MU model: Squad/Parts/Engine/solidBoosterS2-33/solidBoosterS2-33
[LOG 20:58:39.275] Load MU model: Squad/Parts/Engine/solidBoosterSep/model
[LOG 20:58:39.275] Load MU model: Squad/Parts/Engine/SolidBoostersF/Assets/SolidBoosterF3S0
[LOG 20:58:39.275] Load MU model: Squad/Parts/Engine/SolidBoostersF/Assets/SolidBoosterFM1
[LOG 20:58:39.275] Load MU model: Squad/Parts/FuelTank/adapterTanks/Mk3-Mk2
[LOG 20:58:39.276] Load MU model: Squad/Parts/FuelTank/adapterTanks/Mk3-Size2
[LOG 20:58:39.276] Load MU model: Squad/Parts/FuelTank/adapterTanks/Mk3-Size2Slant
[LOG 20:58:39.276] Load MU model: Squad/Parts/FuelTank/adapterTanks/ShuttleAdapter
[LOG 20:58:39.276] Load MU model: Squad/Parts/FuelTank/adapterTanks/Size2-Mk2
[LOG 20:58:39.276] Load MU model: Squad/Parts/FuelTank/adapterTanks/Size2-Size1
[LOG 20:58:39.276] Load MU model: Squad/Parts/FuelTank/adapterTanks/Size2-Size1Slant
[LOG 20:58:39.277] Load MU model: Squad/Parts/FuelTank/adapterTanks/Size3-Mk3
[LOG 20:58:39.277] Load MU model: Squad/Parts/FuelTank/drainTankFTE-1/fuelValve
[LOG 20:58:39.277] Load MU model: Squad/Parts/FuelTank/FoilTanks/RadialTank_Capsule
[LOG 20:58:39.277] Load MU model: Squad/Parts/FuelTank/FoilTanks/RadialTank_Round
[LOG 20:58:39.278] Load MU model: Squad/Parts/FuelTank/FoilTanks/ToroidTank
[LOG 20:58:39.278] Load MU model: Squad/Parts/FuelTank/fuelTankOscarB/model
[LOG 20:58:39.279] Load MU model: Squad/Parts/FuelTank/miniFuselage/Fuselage
[LOG 20:58:39.279] Load MU model: Squad/Parts/FuelTank/mk2Adapters/bicoupler
[LOG 20:58:39.279] Load MU model: Squad/Parts/FuelTank/mk2Adapters/long
[LOG 20:58:39.279] Load MU model: Squad/Parts/FuelTank/mk2Adapters/standard
[LOG 20:58:39.279] Load MU model: Squad/Parts/FuelTank/mk2FuselageLong/FuselageLongLFO
[LOG 20:58:39.280] Load MU model: Squad/Parts/FuelTank/mk2FuselageLong/FuselageLongLiquid
[LOG 20:58:39.280] Load MU model: Squad/Parts/FuelTank/mk2FuselageShort/FuselageShortLFO
[LOG 20:58:39.280] Load MU model: Squad/Parts/FuelTank/mk2FuselageShort/FuselageShortLiquid
[LOG 20:58:39.280] Load MU model: Squad/Parts/FuelTank/mk2FuselageShort/FuselageShortMono
[LOG 20:58:39.280] Load MU model: Squad/Parts/FuelTank/mk3Fuselage/CREW
[LOG 20:58:39.281] Load MU model: Squad/Parts/FuelTank/mk3Fuselage/LFO_100
[LOG 20:58:39.281] Load MU model: Squad/Parts/FuelTank/mk3Fuselage/LFO_25
[LOG 20:58:39.281] Load MU model: Squad/Parts/FuelTank/mk3Fuselage/LFO_50
[LOG 20:58:39.281] Load MU model: Squad/Parts/FuelTank/mk3Fuselage/LF_100
[LOG 20:58:39.281] Load MU model: Squad/Parts/FuelTank/mk3Fuselage/LF_25
[LOG 20:58:39.281] Load MU model: Squad/Parts/FuelTank/mk3Fuselage/LF_50
[LOG 20:58:39.281] Load MU model: Squad/Parts/FuelTank/mk3Fuselage/MONO
[LOG 20:58:39.281] Load MU model: Squad/Parts/FuelTank/RCSFuelTankR1/RCSFuelTankR1_01
[LOG 20:58:39.282] Load MU model: Squad/Parts/FuelTank/RCSFuelTankR10/model
[LOG 20:58:39.282] Load MU model: Squad/Parts/FuelTank/RCSFuelTankR25/RCSFuelTankR25
[LOG 20:58:39.282] Load MU model: Squad/Parts/FuelTank/RCSTankRadial/model
[LOG 20:58:39.282] Load MU model: Squad/Parts/FuelTank/RCStankRadialLong/model
[LOG 20:58:39.282] Load MU model: Squad/Parts/FuelTank/RockomaxTanks/Assets/Rockomax16
[LOG 20:58:39.282] Load MU model: Squad/Parts/FuelTank/RockomaxTanks/Assets/Rockomax32
[LOG 20:58:39.283] Load MU model: Squad/Parts/FuelTank/RockomaxTanks/Assets/Rockomax64
[LOG 20:58:39.283] Load MU model: Squad/Parts/FuelTank/RockomaxTanks/Assets/Rockomax8
[LOG 20:58:39.283] Load MU model: Squad/Parts/FuelTank/Size1_Tanks/Size1Tank_01
[LOG 20:58:39.284] Load MU model: Squad/Parts/FuelTank/Size1_Tanks/Size1Tank_02
[LOG 20:58:39.284] Load MU model: Squad/Parts/FuelTank/Size1_Tanks/Size1Tank_03
[LOG 20:58:39.284] Load MU model: Squad/Parts/FuelTank/Size1_Tanks/Size1Tank_04
[LOG 20:58:39.284] Load MU model: Squad/Parts/FuelTank/Size3Tanks/Size3LargeTank
[LOG 20:58:39.284] Load MU model: Squad/Parts/FuelTank/Size3Tanks/Size3MediumTank
[LOG 20:58:39.284] Load MU model: Squad/Parts/FuelTank/Size3Tanks/Size3SmallTank
[LOG 20:58:39.285] Load MU model: Squad/Parts/FuelTank/xenonTank/model
[LOG 20:58:39.286] Load MU model: Squad/Parts/FuelTank/xenonTankLarge/model
[LOG 20:58:39.286] Load MU model: Squad/Parts/FuelTank/xenonTankRadial/model
[LOG 20:58:39.286] Load MU model: Squad/Parts/Misc/AsteroidDay/CamSat
[LOG 20:58:39.286] Load MU model: Squad/Parts/Misc/AsteroidDay/HECS2
[LOG 20:58:39.286] Load MU model: Squad/Parts/Misc/AsteroidDay/HighGainAntenna
[LOG 20:58:39.287] Load MU model: Squad/Parts/Misc/AsteroidDay/LgRadialSolar
[LOG 20:58:39.287] Load MU model: Squad/Parts/Misc/PotatoComet/Cube
[LOG 20:58:39.287] Load MU model: Squad/Parts/Misc/PotatoRoid/Cube
[LOG 20:58:39.287] Load MU model: Squad/Parts/Resources/FuelCell/FuelCell
[LOG 20:58:39.287] Load MU model: Squad/Parts/Resources/FuelCell/FuelCellArray
[LOG 20:58:39.287] Load MU model: Squad/Parts/Resources/ISRU/ISRU
[LOG 20:58:39.288] Load MU model: Squad/Parts/Resources/LargeTank/LargeTank
[LOG 20:58:39.288] Load MU model: Squad/Parts/Resources/MiniDrill/MiniDrill
[LOG 20:58:39.289] Load MU model: Squad/Parts/Resources/MiniISRU/MiniISRU
[LOG 20:58:39.289] Load MU model: Squad/Parts/Resources/OrbitalScanner/OrbitalScanner
[LOG 20:58:39.290] Load MU model: Squad/Parts/Resources/RadialDrill/TriBitDrill
[LOG 20:58:39.291] Load MU model: Squad/Parts/Resources/RadialTank/RadialOreTank
[LOG 20:58:39.292] Load MU model: Squad/Parts/Resources/SmallTank/SmallTank
[LOG 20:58:39.292] Load MU model: Squad/Parts/Resources/SurfaceScanner/SurfaceScanner
[LOG 20:58:39.292] Load MU model: Squad/Parts/Resources/SurveyScanner/SurveyScanner
[LOG 20:58:39.292] Load MU model: Squad/Parts/Science/AtmosphereSensor/model
[LOG 20:58:39.292] Load MU model: Squad/Parts/Science/GooExperiment/GooExperiment
[LOG 20:58:39.292] Load MU model: Squad/Parts/Science/LargeCrewedLab/large_crewed_lab
[LOG 20:58:39.294] Load MU model: Squad/Parts/Science/Magnetometer/Magnetometer
[LOG 20:58:39.297] Load MU model: Squad/Parts/Science/MaterialBay/science_module_small
[LOG 20:58:39.297] Load MU model: Squad/Parts/Science/ScienceBox/ScienceBox
[LOG 20:58:39.297] Load MU model: Squad/Parts/Science/sensorAccelerometer/model
[LOG 20:58:39.297] Load MU model: Squad/Parts/Science/sensorBarometer/model
[LOG 20:58:39.297] Load MU model: Squad/Parts/Science/sensorGravimeter/model
[LOG 20:58:39.297] Load MU model: Squad/Parts/Science/sensorThermometer/model
[LOG 20:58:39.297] Load MU model: Squad/Parts/Structural/FLAdapters/Assets/adapterSmallMiniShort_v2
[LOG 20:58:39.297] Load MU model: Squad/Parts/Structural/FLAdapters/Assets/adapterSmallMiniTall_v2
[LOG 20:58:39.297] Load MU model: Squad/Parts/Structural/mk1Parts/Fuselage
[LOG 20:58:39.297] Load MU model: Squad/Parts/Structural/mk1Parts/IntakeFuselage
[LOG 20:58:39.298] Load MU model: Squad/Parts/Structural/mk1Parts/Nacelle1
[LOG 20:58:39.298] Load MU model: Squad/Parts/Structural/mk1Parts/Nacelle2
[LOG 20:58:39.298] Load MU model: Squad/Parts/Structural/mk1Parts/Structural
[LOG 20:58:39.298] Load MU model: Squad/Parts/Structural/mk1Parts/StructuralHollow
[LOG 20:58:39.298] Load MU model: Squad/Parts/Structural/Size3To2Adapter_v2/Size2to3_v2
[LOG 20:58:39.299] Load MU model: Squad/Parts/Structural/stackAdapters/Assets/adapterLargeSmallBi
[LOG 20:58:39.299] Load MU model: Squad/Parts/Structural/stackAdapters/Assets/adapterLargeSmallQuad
[LOG 20:58:39.299] Load MU model: Squad/Parts/Structural/stackAdapters/Assets/adapterLargeSmallTri
[LOG 20:58:39.299] Load MU model: Squad/Parts/Structural/stationHub/model
[LOG 20:58:39.299] Load MU model: Squad/Parts/Structural/structuralIBeam200/model
[LOG 20:58:39.299] Load MU model: Squad/Parts/Structural/structuralIBeam200Pocket/model
[LOG 20:58:39.300] Load MU model: Squad/Parts/Structural/structuralIBeam650/model
[LOG 20:58:39.300] Load MU model: Squad/Parts/Structural/structuralMicronode/model
[LOG 20:58:39.300] Load MU model: Squad/Parts/Structural/structuralPanel1x1/model
[LOG 20:58:39.300] Load MU model: Squad/Parts/Structural/structuralPanel2x2/model
[LOG 20:58:39.300] Load MU model: Squad/Parts/Structural/structuralPylons/PylonBig
[LOG 20:58:39.300] Load MU model: Squad/Parts/Structural/structuralPylons/PylonSmall
[LOG 20:58:39.300] Load MU model: Squad/Parts/Structural/strutCubicOcto/model
[LOG 20:58:39.300] Load MU model: Squad/Parts/Structural/strutOcto/model
[LOG 20:58:39.300] Load MU model: Squad/Parts/Structural/trussGirderAdapter/model
[LOG 20:58:39.300] Load MU model: Squad/Parts/Structural/trussGirderL/model
[LOG 20:58:39.301] Load MU model: Squad/Parts/Structural/trussGirderXL/model
[LOG 20:58:39.301] Load MU model: Squad/Parts/Thermal/FoldingRadiators/foldingRadLarge
[LOG 20:58:39.304] Load MU model: Squad/Parts/Thermal/FoldingRadiators/foldingRadMed
[LOG 20:58:39.305] Load MU model: Squad/Parts/Thermal/FoldingRadiators/foldingRadSmall
[LOG 20:58:39.306] Load MU model: Squad/Parts/Thermal/RadiatorPanels/radPanelEdge
[LOG 20:58:39.306] Load MU model: Squad/Parts/Thermal/RadiatorPanels/radPanelLg
[LOG 20:58:39.306] Load MU model: Squad/Parts/Thermal/RadiatorPanels/radPanelSm
[LOG 20:58:39.307] Load MU model: Squad/Parts/Utility/commDish88-88/model
[LOG 20:58:39.310] Load MU model: Squad/Parts/Utility/commsAntennaDTS-M1/mediumDishAntenna
[LOG 20:58:39.311] Load MU model: Squad/Parts/Utility/commsDish16/model
[LOG 20:58:39.311] Load MU model: Squad/Parts/Utility/decouplerRadialHDM/model
[LOG 20:58:39.312] Load MU model: Squad/Parts/Utility/decouplerRadialTT-38K/model
[LOG 20:58:39.312] Load MU model: Squad/Parts/Utility/decouplerRadialTT-70/model
[LOG 20:58:39.312] Load MU model: Squad/Parts/Utility/DirectAntennas/HGAntenna
[LOG 20:58:39.313] Load MU model: Squad/Parts/Utility/DirectAntennas/HGAntenna_v2
[LOG 20:58:39.313] Load MU model: Squad/Parts/Utility/DirectAntennas/SurfAntenna
[LOG 20:58:39.313] Load MU model: Squad/Parts/Utility/dockingPort/dockingPort
[LOG 20:58:39.314] Load MU model: Squad/Parts/Utility/dockingPortInline/dockingPortInline
[LOG 20:58:39.314] Load MU model: Squad/Parts/Utility/dockingPortJr/dockingPortJr
[LOG 20:58:39.314] Load MU model: Squad/Parts/Utility/dockingPortShielded/dockingPortShielded
[LOG 20:58:39.315] Load MU model: Squad/Parts/Utility/dockingPortSr/dockingPortSr
[LOG 20:58:39.316] Load MU model: Squad/Parts/Utility/Fireworks/Assets/fireworksLauncherBig
[LOG 20:58:39.316] Load MU model: Squad/Parts/Utility/Fireworks/Assets/fireworksLauncherSmall
[LOG 20:58:39.316] Load MU model: Squad/Parts/Utility/flags/flagFlat/flagFlatMeshes
[LOG 20:58:39.318] Load MU model: Squad/Parts/Utility/flags/flagSize0/flagSize0Meshes
[LOG 20:58:39.319] Load MU model: Squad/Parts/Utility/flags/flagSize1/flagSize1Meshes
[LOG 20:58:39.320] Load MU model: Squad/Parts/Utility/flags/flagSize2/flagSize2Meshes
[LOG 20:58:39.321] Load MU model: Squad/Parts/Utility/flags/flagSize3/flagSize3Meshes
[LOG 20:58:39.322] Load MU model: Squad/Parts/Utility/GrapplingDevice/GrapplingArm
[LOG 20:58:39.326] Load MU model: Squad/Parts/Utility/ladderRadial/model
[LOG 20:58:39.326] Load MU model: Squad/Parts/Utility/ladderTelescopic/model
[LOG 20:58:39.327] Load MU model: Squad/Parts/Utility/ladderTelescopicBay/model
[LOG 20:58:39.328] Load MU model: Squad/Parts/Utility/landingLegLT-1/model
[LOG 20:58:39.329] Load MU model: Squad/Parts/Utility/landingLegLT-2/model
[LOG 20:58:39.329] Load MU model: Squad/Parts/Utility/landingLegLT-5/model
[WRN 20:58:39.330] WheelCollider requires an attached Rigidbody to function.
[WRN 20:58:39.330] WheelCollider requires an attached Rigidbody to function.
[LOG 20:58:39.330] Load MU model: Squad/Parts/Utility/launchClamp1/model
[LOG 20:58:39.330] Load MU model: Squad/Parts/Utility/launchEscapeSystem/LaunchEscapeSystem
[LOG 20:58:39.331] Load MU model: Squad/Parts/Utility/Lights/Assets/light_02
[LOG 20:58:39.331] Load MU model: Squad/Parts/Utility/Lights/Assets/light_03
[LOG 20:58:39.331] Load MU model: Squad/Parts/Utility/Lights/Assets/light_04
[LOG 20:58:39.331] Load MU model: Squad/Parts/Utility/Lights/Assets/light_07
[LOG 20:58:39.332] Load MU model: Squad/Parts/Utility/Lights/Assets/light_08
[LOG 20:58:39.332] Load MU model: Squad/Parts/Utility/Lights/Assets/light_12
[LOG 20:58:39.332] Load MU model: Squad/Parts/Utility/linearVernorRCS/Assets/linearRCS
[LOG 20:58:39.332] Load MU model: Squad/Parts/Utility/linearVernorRCS/Assets/vernorEngine
[LOG 20:58:39.333] Load MU model: Squad/Parts/Utility/mk2CargoBay/BayLarge
[LOG 20:58:39.333] Load MU model: Squad/Parts/Utility/mk2CargoBay/BaySmall
[LOG 20:58:39.334] Load MU model: Squad/Parts/Utility/mk2CrewCabin/model
[LOG 20:58:39.334] Load MU model: Squad/Parts/Utility/mk2DockingPort/mk2Dockingport
[LOG 20:58:39.334] Load MU model: Squad/Parts/Utility/mk3CargoBay/long
[LOG 20:58:39.335] Load MU model: Squad/Parts/Utility/mk3CargoBay/medium
[LOG 20:58:39.335] Load MU model: Squad/Parts/Utility/mk3CargoBay/ramp
[LOG 20:58:39.336] Load MU model: Squad/Parts/Utility/mk3CargoBay/short
[LOG 20:58:39.336] Load MU model: Squad/Parts/Utility/parachuteMk1/model
[LOG 20:58:39.337] Load MU model: Squad/Parts/Utility/parachuteMk12-R/model
[LOG 20:58:39.337] Load MU model: Squad/Parts/Utility/parachuteMk16-XL/model
[LOG 20:58:39.337] Load MU model: Squad/Parts/Utility/parachuteMk2-R/model
[LOG 20:58:39.337] Load MU model: Squad/Parts/Utility/parachuteMk25/model
[LOG 20:58:39.338] Load MU model: Squad/Parts/Utility/radialAttachmentPoint/model
[LOG 20:58:39.338] Load MU model: Squad/Parts/Utility/rcsBlockRV-105_v2/rcsBlock105
[LOG 20:58:39.339] Load MU model: Squad/Parts/Utility/rcsSmallLinear/Assets/RCSLinearSmall
[LOG 20:58:39.340] Load MU model: Squad/Parts/Utility/RelayAntennas/HGAntenna
[LOG 20:58:39.340] Load MU model: Squad/Parts/Utility/RelayAntennas/RA-100
[LOG 20:58:39.340] Load MU model: Squad/Parts/Utility/RelayAntennas/RA-5
[LOG 20:58:39.340] Load MU model: Squad/Parts/Utility/RelayAntennas/RA-50
[LOG 20:58:39.341] Load MU model: Squad/Parts/Utility/rockomaxAdapters/Assets/brandAdapter
[LOG 20:58:39.341] Load MU model: Squad/Parts/Utility/rockomaxAdapters/Assets/brandAdapter02
[LOG 20:58:39.341] Load MU model: Squad/Parts/Utility/ServiceBay_v2/Assets/ServiceBay_125_v2
[LOG 20:58:39.342] Load MU model: Squad/Parts/Utility/ServiceBay_v2/Assets/ServiceBay_250_v2
[LOG 20:58:39.343] Load MU model: Squad/Parts/Utility/smallClaw/smallClaw
[LOG 20:58:39.345] Load MU model: Squad/Parts/Utility/spotLightMk1/model
[LOG 20:58:39.345] Load MU model: Squad/Parts/Utility/spotLightMk1_v2/model
[LOG 20:58:39.346] Load MU model: Squad/Parts/Utility/spotLightMk2/model
[LOG 20:58:39.346] Load MU model: Squad/Parts/Utility/spotLightMk2_v2/model
[LOG 20:58:39.346] Load MU model: Squad/Parts/Utility/stackCouplers/Assets/stackBiCoupler_v2
[LOG 20:58:39.346] Load MU model: Squad/Parts/Utility/stackCouplers/Assets/stackQuadCoupler
[LOG 20:58:39.346] Load MU model: Squad/Parts/Utility/stackCouplers/Assets/stackTriCoupler_v2
[LOG 20:58:39.347] Load MU model: Squad/Parts/Wheel/LandingGear/GearExtraLarge
[WRN 20:58:39.347] WheelCollider requires an attached Rigidbody to function.
[WRN 20:58:39.347] WheelCollider requires an attached Rigidbody to function.
[LOG 20:58:39.348] Load MU model: Squad/Parts/Wheel/LandingGear/GearFixed
[WRN 20:58:39.348] WheelCollider requires an attached Rigidbody to function.
[WRN 20:58:39.348] WheelCollider requires an attached Rigidbody to function.
[LOG 20:58:39.348] Load MU model: Squad/Parts/Wheel/LandingGear/GearFree
[WRN 20:58:39.348] WheelCollider requires an attached Rigidbody to function.
[WRN 20:58:39.348] WheelCollider requires an attached Rigidbody to function.
[LOG 20:58:39.349] Load MU model: Squad/Parts/Wheel/LandingGear/GearLarge
[WRN 20:58:39.349] WheelCollider requires an attached Rigidbody to function.
[WRN 20:58:39.349] WheelCollider requires an attached Rigidbody to function.
[LOG 20:58:39.349] Load MU model: Squad/Parts/Wheel/LandingGear/GearMedium
[WRN 20:58:39.350] WheelCollider requires an attached Rigidbody to function.
[WRN 20:58:39.350] WheelCollider requires an attached Rigidbody to function.
[LOG 20:58:39.350] Load MU model: Squad/Parts/Wheel/LandingGear/GearSmall
[WRN 20:58:39.350] WheelCollider requires an attached Rigidbody to function.
[WRN 20:58:39.350] WheelCollider requires an attached Rigidbody to function.
[LOG 20:58:39.350] Load MU model: Squad/Parts/Wheel/roverWheelM1/model
[WRN 20:58:39.350] WheelCollider requires an attached Rigidbody to function.
[WRN 20:58:39.350] WheelCollider requires an attached Rigidbody to function.
[LOG 20:58:39.350] Load MU model: Squad/Parts/Wheel/roverWheelS2/model
[WRN 20:58:39.351] WheelCollider requires an attached Rigidbody to function.
[WRN 20:58:39.351] WheelCollider requires an attached Rigidbody to function.
[LOG 20:58:39.352] Load MU model: Squad/Parts/Wheel/roverWheelTR-2L/model
[WRN 20:58:39.352] WheelCollider requires an attached Rigidbody to function.
[WRN 20:58:39.352] WheelCollider requires an attached Rigidbody to function.
[LOG 20:58:39.352] Load MU model: Squad/Parts/Wheel/roverWheelXL3/model
[WRN 20:58:39.354] WheelCollider requires an attached Rigidbody to function.
[WRN 20:58:39.354] WheelCollider requires an attached Rigidbody to function.
[LOG 20:58:39.354] Load MU model: Squad/Props/AltimeterThreeHands/model
[LOG 20:58:39.354] Load MU model: Squad/Props/AtmosphereDepth/model
[LOG 20:58:39.355] Load MU model: Squad/Props/AxisIndicator/model
[LOG 20:58:39.355] Load MU model: Squad/Props/buttonsGeneric/circularButton
[LOG 20:58:39.355] Load MU model: Squad/Props/buttonsGeneric/clusterButtons
[LOG 20:58:39.355] Load MU model: Squad/Props/buttonsGeneric/clusterButtons2
[LOG 20:58:39.355] Load MU model: Squad/Props/buttonsGeneric/clusterKnob
[LOG 20:58:39.355] Load MU model: Squad/Props/buttonsGeneric/clusterKnob2
[LOG 20:58:39.355] Load MU model: Squad/Props/buttonsGeneric/clusterMixed
[LOG 20:58:39.356] Load MU model: Squad/Props/buttonsGeneric/clusterSwitches01
[LOG 20:58:39.356] Load MU model: Squad/Props/buttonsGeneric/clusterSwitches02
[LOG 20:58:39.356] Load MU model: Squad/Props/buttonsGeneric/clusterSwitches03
[LOG 20:58:39.356] Load MU model: Squad/Props/buttonsGeneric/clusterSwitches04
[LOG 20:58:39.356] Load MU model: Squad/Props/buttonsGeneric/clusterSwitches05
[LOG 20:58:39.357] Load MU model: Squad/Props/buttonsGeneric/clusterSwitches06
[LOG 20:58:39.357] Load MU model: Squad/Props/buttonsGeneric/clusterSwitches07
[LOG 20:58:39.357] Load MU model: Squad/Props/buttonsGeneric/directionalKnob
[LOG 20:58:39.357] Load MU model: Squad/Props/buttonsGeneric/directionalKnob2
[LOG 20:58:39.357] Load MU model: Squad/Props/buttonsGeneric/pullSwitch
[LOG 20:58:39.357] Load MU model: Squad/Props/buttonsGeneric/squareButton
[LOG 20:58:39.357] Load MU model: Squad/Props/buttonsGeneric/standingSwitch
[LOG 20:58:39.357] Load MU model: Squad/Props/buttonsGeneric/switch
[LOG 20:58:39.357] Load MU model: Squad/Props/buttonsGeneric/switchWithGuards
[LOG 20:58:39.357] Load MU model: Squad/Props/ButtonSquare/model
[LOG 20:58:39.358] Load MU model: Squad/Props/circularButton/model
[LOG 20:58:39.358] Load MU model: Squad/Props/Compass/model
[LOG 20:58:39.358] Load MU model: Squad/Props/directionalKnob/model
[LOG 20:58:39.358] Load MU model: Squad/Props/directionalKnob2/model
[LOG 20:58:39.358] Load MU model: Squad/Props/IndicatorPanel/model
[LOG 20:58:39.358] Load MU model: Squad/Props/IVANavBall/model
[LOG 20:58:39.358] Load MU model: Squad/Props/IVANavBallNoBase/model
[LOG 20:58:39.359] Load MU model: Squad/Props/ledPanelSpeed/model
[LOG 20:58:39.359] Load MU model: Squad/Props/Monitor/MonitorDockingMode
[LOG 20:58:39.359] Load MU model: Squad/Props/NavBall/model
[LOG 20:58:39.359] Load MU model: Squad/Props/PropsGeneric/Button_DockingMode
[LOG 20:58:39.359] Load MU model: Squad/Props/PropsGeneric/CargoBagA
[LOG 20:58:39.361] Load MU model: Squad/Props/PropsGeneric/CargoBagB
[LOG 20:58:39.361] Load MU model: Squad/Props/PropsGeneric/CargoBagC
[LOG 20:58:39.361] Load MU model: Squad/Props/PropsGeneric/Hatch_Plane
[LOG 20:58:39.361] Load MU model: Squad/Props/PropsGeneric/Hatch_Plane_Curve90
[LOG 20:58:39.361] Load MU model: Squad/Props/PropsGeneric/Hatch_Plane_Frame
[LOG 20:58:39.361] Load MU model: Squad/Props/PropsGeneric/Seat_Passenger
[LOG 20:58:39.361] Load MU model: Squad/Props/PropsGeneric/Seat_Pilot
[LOG 20:58:39.361] Load MU model: Squad/Props/PropsGeneric/Seat_Pilot_Helmet
[LOG 20:58:39.361] Load MU model: Squad/Props/PropsGeneric/SideStick
[LOG 20:58:39.361] Load MU model: Squad/Props/pullSwitch/model
[LOG 20:58:39.362] Load MU model: Squad/Props/radarAltitude/model
[LOG 20:58:39.362] Load MU model: Squad/Props/squareButton/model
[LOG 20:58:39.362] Load MU model: Squad/Props/standingSwitch/model
[LOG 20:58:39.362] Load MU model: Squad/Props/switch/model
[LOG 20:58:39.362] Load MU model: Squad/Props/switchGuard/model
[LOG 20:58:39.362] Load MU model: Squad/Props/switchWithGuards/model
[LOG 20:58:39.362] Load MU model: Squad/Props/throttle/model
[LOG 20:58:39.362] Load MU model: Squad/Props/VSI/model
[LOG 20:58:39.362] Load MU model: Squad/Spaces/crewCabinInternals/model
[LOG 20:58:39.363] Load MU model: Squad/Spaces/cupolaInternal/model
[LOG 20:58:39.365] Load MU model: Squad/Spaces/GenericSpace1/model
[LOG 20:58:39.366] Load MU model: Squad/Spaces/GenericSpace3/model
[LOG 20:58:39.367] Load MU model: Squad/Spaces/landerCabinInternals/model
[LOG 20:58:39.367] Load MU model: Squad/Spaces/landerCabinSmallInternal/model
[LOG 20:58:39.367] Load MU model: Squad/Spaces/LargeCrewedLabInternals/Large_Crewed_lab_Int
[LOG 20:58:39.369] Load MU model: Squad/Spaces/Mk1-3/model
[LOG 20:58:39.370] Load MU model: Squad/Spaces/mk1CabinInternal/mk1cabin
[LOG 20:58:39.372] Load MU model: Squad/Spaces/mk1CockpitInternal/Mk1StandardIVA
[LOG 20:58:39.373] Load MU model: Squad/Spaces/mk1InlineInternal/Mk1InlineIVA
[LOG 20:58:39.374] Load MU model: Squad/Spaces/mk1PodCockpit/model
[LOG 20:58:39.375] Load MU model: Squad/Spaces/mk1pod_IVA/mk1pod_IVA
[LOG 20:58:39.375] Load MU model: Squad/Spaces/mk2CockpitStandardInternal/model
[LOG 20:58:39.376] Load MU model: Squad/Spaces/Mk2CrewCabinInternal/MK2_CrewCab_Int
[LOG 20:58:39.377] Load MU model: Squad/Spaces/mk2InlineInternal/mk2InlineIVA
[LOG 20:58:39.379] Load MU model: Squad/Spaces/mk2LanderCanInternal/mk2LanderCanInternal
[LOG 20:58:39.379] Load MU model: Squad/Spaces/MK3CockpitInternal/MK3_Cockpit_Int
[LOG 20:58:39.380] Load MU model: Squad/Spaces/MK3_CrewCab_Int/MK3_CrewCab_Int
[LOG 20:58:39.382] Load MU model: Squad/Spaces/OverlayMasks/CupolaMask
[LOG 20:58:39.382] Load MU model: Squad/Spaces/OverlayMasks/HitchhikerBorder
[LOG 20:58:39.383] Load MU model: Squad/Spaces/OverlayMasks/HitchhikerMask
[LOG 20:58:39.383] Load MU model: Squad/Spaces/OverlayMasks/LargeLabBorder
[LOG 20:58:39.383] Load MU model: Squad/Spaces/OverlayMasks/LargeLabMask
[LOG 20:58:39.383] Load MU model: Squad/Spaces/OverlayMasks/Mk1CabinBorder
[LOG 20:58:39.383] Load MU model: Squad/Spaces/OverlayMasks/Mk1CabinMask
[LOG 20:58:39.383] Load MU model: Squad/Spaces/OverlayMasks/Mk1InlineMask
[LOG 20:58:39.383] Load MU model: Squad/Spaces/OverlayMasks/Mk1InlineMask2
[LOG 20:58:39.383] Load MU model: Squad/Spaces/OverlayMasks/Mk1StandardBorder2
[LOG 20:58:39.383] Load MU model: Squad/Spaces/OverlayMasks/Mk1StandardBorder3
[LOG 20:58:39.383] Load MU model: Squad/Spaces/OverlayMasks/Mk1StandardMask
[LOG 20:58:39.383] Load MU model: Squad/Spaces/OverlayMasks/Mk1StandardMask2
[LOG 20:58:39.383] Load MU model: Squad/Spaces/OverlayMasks/Mk1StandardMask3
[LOG 20:58:39.383] Load MU model: Squad/Spaces/OverlayMasks/Mk2CabinBorder
[LOG 20:58:39.383] Load MU model: Squad/Spaces/OverlayMasks/Mk2CabinMask
[LOG 20:58:39.384] Load MU model: Squad/Spaces/OverlayMasks/Mk2InlineBorder
[LOG 20:58:39.384] Load MU model: Squad/Spaces/OverlayMasks/Mk2InlineMask
[LOG 20:58:39.384] Load MU model: Squad/Spaces/OverlayMasks/Mk2StandardBorder
[LOG 20:58:39.384] Load MU model: Squad/Spaces/OverlayMasks/Mk2StandardMask
[LOG 20:58:39.384] Load MU model: Squad/Spaces/OverlayMasks/Mk3CabinBorder
[LOG 20:58:39.384] Load MU model: Squad/Spaces/OverlayMasks/Mk3CabinMask
[LOG 20:58:39.384] Load MU model: Squad/Spaces/OverlayMasks/Mk3CabinMask2
[LOG 20:58:39.384] Load MU model: Squad/Spaces/OverlayMasks/Mk3ShuttleBorder
[LOG 20:58:39.384] Load MU model: Squad/Spaces/OverlayMasks/Mk3ShuttleMask
[LOG 20:58:39.384] Load MU model: Squad/Spaces/OverlayMasks/Size1LanderBorder
[LOG 20:58:39.384] Load MU model: Squad/Spaces/OverlayMasks/Size1LanderMask
[LOG 20:58:39.384] Load MU model: Squad/Spaces/OverlayMasks/Size1PodBorder
[LOG 20:58:39.384] Load MU model: Squad/Spaces/OverlayMasks/Size1PodMask
[LOG 20:58:39.384] Load MU model: Squad/Spaces/OverlayMasks/Size2LanderBorder
[LOG 20:58:39.384] Load MU model: Squad/Spaces/OverlayMasks/Size2LanderMask
[LOG 20:58:39.384] Load MU model: Squad/Spaces/OverlayMasks/Size2PodBorder
[LOG 20:58:39.385] Load MU model: Squad/Spaces/OverlayMasks/Size2PodMask
[LOG 20:58:39.385] Load MU model: Squad/Spaces/Placeholder/PlaceholderIVA
[LOG 20:58:39.386] Load MU model: Squad/Spaces/PodCockpit/model
[LOG 20:58:39.387] Load MU model: SquadExpansion/MakingHistory/Parts/Aero/protectiveRocketNoseMk5A/Size_1_5_Cone
[LOG 20:58:39.387] Load MU model: SquadExpansion/MakingHistory/Parts/Coupling/Assets/EnginePlate
[LOG 20:58:39.388] Load MU model: SquadExpansion/MakingHistory/Parts/Coupling/Assets/InflatableAirlock
[LOG 20:58:39.388] Load MU model: SquadExpansion/MakingHistory/Parts/Coupling/Assets/Size1_5_Decoupler
[LOG 20:58:39.389] Load MU model: SquadExpansion/MakingHistory/Parts/Engine/Assets/KE-1
[LOG 20:58:39.392] Load MU model: SquadExpansion/MakingHistory/Parts/Engine/Assets/LV-T87
[LOG 20:58:39.393] Load MU model: SquadExpansion/MakingHistory/Parts/Engine/Assets/LV-T91
[LOG 20:58:39.393] Load MU model: SquadExpansion/MakingHistory/Parts/Engine/Assets/RE-I2
[LOG 20:58:39.394] Load MU model: SquadExpansion/MakingHistory/Parts/Engine/Assets/RE-J10
[LOG 20:58:39.395] Load MU model: SquadExpansion/MakingHistory/Parts/Engine/Assets/RK-7
[LOG 20:58:39.396] Load MU model: SquadExpansion/MakingHistory/Parts/Engine/Assets/RV-1
[LOG 20:58:39.396] Load MU model: SquadExpansion/MakingHistory/Parts/Engine/solidBoosterTHK/solidBoosterTHK
[LOG 20:58:39.396] Load MU model: SquadExpansion/MakingHistory/Parts/FuelTank/Assets/MiniMonoTank
[LOG 20:58:39.396] Load MU model: SquadExpansion/MakingHistory/Parts/FuelTank/Assets/Size1_5_Size0_Adapter_01
[LOG 20:58:39.397] Load MU model: SquadExpansion/MakingHistory/Parts/FuelTank/Assets/Size1_5_Size1_Adapter_01
[LOG 20:58:39.397] Load MU model: SquadExpansion/MakingHistory/Parts/FuelTank/Assets/Size1_5_Size1_Adapter_02
[LOG 20:58:39.397] Load MU model: SquadExpansion/MakingHistory/Parts/FuelTank/Assets/Size1_5_Size2_Adapter_01
[LOG 20:58:39.397] Load MU model: SquadExpansion/MakingHistory/Parts/FuelTank/Assets/Size1_5_Tank_01
[LOG 20:58:39.397] Load MU model: SquadExpansion/MakingHistory/Parts/FuelTank/Assets/Size1_5_Tank_02
[LOG 20:58:39.398] Load MU model: SquadExpansion/MakingHistory/Parts/FuelTank/Assets/Size1_5_Tank_03
[LOG 20:58:39.398] Load MU model: SquadExpansion/MakingHistory/Parts/FuelTank/Assets/Size1_5_Tank_04
[LOG 20:58:39.398] Load MU model: SquadExpansion/MakingHistory/Parts/FuelTank/Assets/Size1_5_Tank_05
[LOG 20:58:39.399] Load MU model: SquadExpansion/MakingHistory/Parts/FuelTank/Assets/Size3_Size4_Adapter_01
[LOG 20:58:39.399] Load MU model: SquadExpansion/MakingHistory/Parts/FuelTank/Assets/Size4_EngineAdapter_01
[LOG 20:58:39.399] Load MU model: SquadExpansion/MakingHistory/Parts/FuelTank/Assets/Size4_Tank_01
[LOG 20:58:39.400] Load MU model: SquadExpansion/MakingHistory/Parts/FuelTank/Assets/Size4_Tank_02
[LOG 20:58:39.400] Load MU model: SquadExpansion/MakingHistory/Parts/FuelTank/Assets/Size4_Tank_03
[LOG 20:58:39.400] Load MU model: SquadExpansion/MakingHistory/Parts/FuelTank/Assets/Size4_Tank_04
[LOG 20:58:39.400] Load MU model: SquadExpansion/MakingHistory/Parts/FuelTank/Assets/Size_1p5_Monoprop
[LOG 20:58:39.401] Load MU model: SquadExpansion/MakingHistory/Parts/Ground/Assets/RoverWheel
[WRN 20:58:39.401] WheelCollider requires an attached Rigidbody to function.
[WRN 20:58:39.401] WheelCollider requires an attached Rigidbody to function.
[LOG 20:58:39.401] Load MU model: SquadExpansion/MakingHistory/Parts/Payload/Assets/ServiceModule18
[LOG 20:58:39.402] Load MU model: SquadExpansion/MakingHistory/Parts/Payload/Assets/ServiceModule25
[LOG 20:58:39.403] Load MU model: SquadExpansion/MakingHistory/Parts/Payload/Assets/Size1to0ServiceModule
[LOG 20:58:39.403] Load MU model: SquadExpansion/MakingHistory/Parts/Pods/Assets/Mk2Pod
[LOG 20:58:39.403] Load MU model: SquadExpansion/MakingHistory/Parts/Pods/Assets/RoundPod
[LOG 20:58:39.404] Load MU model: SquadExpansion/MakingHistory/Parts/Pods/Assets/Size1_5_Lander
[LOG 20:58:39.404] Load MU model: SquadExpansion/MakingHistory/Parts/SharedAssets/Shroud1p5x0
[LOG 20:58:39.404] Load MU model: SquadExpansion/MakingHistory/Parts/SharedAssets/Shroud1p5x1
[LOG 20:58:39.404] Load MU model: SquadExpansion/MakingHistory/Parts/SharedAssets/Shroud1p5x2
[LOG 20:58:39.404] Load MU model: SquadExpansion/MakingHistory/Parts/SharedAssets/Shroud1p5x3
[LOG 20:58:39.405] Load MU model: SquadExpansion/MakingHistory/Parts/SharedAssets/Shroud1p5x4
[LOG 20:58:39.405] Load MU model: SquadExpansion/MakingHistory/Parts/SharedAssets/Shroud1x0
[LOG 20:58:39.405] Load MU model: SquadExpansion/MakingHistory/Parts/SharedAssets/Shroud1x1
[LOG 20:58:39.405] Load MU model: SquadExpansion/MakingHistory/Parts/SharedAssets/Shroud1x2
[LOG 20:58:39.405] Load MU model: SquadExpansion/MakingHistory/Parts/SharedAssets/Shroud1x3
[LOG 20:58:39.405] Load MU model: SquadExpansion/MakingHistory/Parts/SharedAssets/Shroud1x4
[LOG 20:58:39.405] Load MU model: SquadExpansion/MakingHistory/Parts/SharedAssets/Shroud2x0
[LOG 20:58:39.405] Load MU model: SquadExpansion/MakingHistory/Parts/SharedAssets/Shroud2x1
[LOG 20:58:39.405] Load MU model: SquadExpansion/MakingHistory/Parts/SharedAssets/Shroud2x2
[LOG 20:58:39.405] Load MU model: SquadExpansion/MakingHistory/Parts/SharedAssets/Shroud2x3
[LOG 20:58:39.405] Load MU model: SquadExpansion/MakingHistory/Parts/SharedAssets/Shroud2x4
[LOG 20:58:39.405] Load MU model: SquadExpansion/MakingHistory/Parts/SharedAssets/Shroud3x0
[LOG 20:58:39.405] Load MU model: SquadExpansion/MakingHistory/Parts/SharedAssets/Shroud3x1
[LOG 20:58:39.405] Load MU model: SquadExpansion/MakingHistory/Parts/SharedAssets/Shroud3x2
[LOG 20:58:39.406] Load MU model: SquadExpansion/MakingHistory/Parts/SharedAssets/Shroud3x3
[LOG 20:58:39.406] Load MU model: SquadExpansion/MakingHistory/Parts/SharedAssets/Shroud3x4
[LOG 20:58:39.406] Load MU model: SquadExpansion/MakingHistory/Parts/SharedAssets/Shroud4x0
[LOG 20:58:39.406] Load MU model: SquadExpansion/MakingHistory/Parts/SharedAssets/Shroud4x1
[LOG 20:58:39.406] Load MU model: SquadExpansion/MakingHistory/Parts/SharedAssets/Shroud4x2
[LOG 20:58:39.406] Load MU model: SquadExpansion/MakingHistory/Parts/SharedAssets/Shroud4x3
[LOG 20:58:39.406] Load MU model: SquadExpansion/MakingHistory/Parts/SharedAssets/Shroud4x4
[LOG 20:58:39.406] Load MU model: SquadExpansion/MakingHistory/Parts/SharedAssets/ShroudCollider0
[LOG 20:58:39.406] Load MU model: SquadExpansion/MakingHistory/Parts/SharedAssets/ShroudCollider1
[LOG 20:58:39.407] Load MU model: SquadExpansion/MakingHistory/Parts/SharedAssets/ShroudCollider1p5
[LOG 20:58:39.407] Load MU model: SquadExpansion/MakingHistory/Parts/SharedAssets/ShroudCollider2
[LOG 20:58:39.407] Load MU model: SquadExpansion/MakingHistory/Parts/SharedAssets/ShroudCollider3
[LOG 20:58:39.407] Load MU model: SquadExpansion/MakingHistory/Parts/SharedAssets/ShroudCollider4
[LOG 20:58:39.407] Load MU model: SquadExpansion/MakingHistory/Parts/Structural/Assets/EquiTriangle0
[LOG 20:58:39.407] Load MU model: SquadExpansion/MakingHistory/Parts/Structural/Assets/EquiTriangle1
[LOG 20:58:39.407] Load MU model: SquadExpansion/MakingHistory/Parts/Structural/Assets/EquiTriangle1p5
[LOG 20:58:39.407] Load MU model: SquadExpansion/MakingHistory/Parts/Structural/Assets/EquiTriangle2
[LOG 20:58:39.407] Load MU model: SquadExpansion/MakingHistory/Parts/Structural/Assets/Panel0
[LOG 20:58:39.407] Load MU model: SquadExpansion/MakingHistory/Parts/Structural/Assets/Panel1
[LOG 20:58:39.407] Load MU model: SquadExpansion/MakingHistory/Parts/Structural/Assets/Panel1p5
[LOG 20:58:39.407] Load MU model: SquadExpansion/MakingHistory/Parts/Structural/Assets/Panel2
[LOG 20:58:39.407] Load MU model: SquadExpansion/MakingHistory/Parts/Structural/Assets/Triangle0
[LOG 20:58:39.408] Load MU model: SquadExpansion/MakingHistory/Parts/Structural/Assets/Triangle1
[LOG 20:58:39.408] Load MU model: SquadExpansion/MakingHistory/Parts/Structural/Assets/Triangle1p5
[LOG 20:58:39.408] Load MU model: SquadExpansion/MakingHistory/Parts/Structural/Assets/Triangle2
[LOG 20:58:39.408] Load MU model: SquadExpansion/MakingHistory/Parts/Utility/flags/flagSize1p5/flagSize1p5Meshes
[LOG 20:58:39.409] Load MU model: SquadExpansion/MakingHistory/Parts/Utility/flags/flagSize4/flagSize4Meshes
[LOG 20:58:39.410] Load MU model: SquadExpansion/MakingHistory/Spaces/KVPods/Airlock_IVA
[LOG 20:58:39.410] Load MU model: SquadExpansion/MakingHistory/Spaces/KVPods/KV1_IVA
[LOG 20:58:39.411] Load MU model: SquadExpansion/MakingHistory/Spaces/KVPods/KV2_IVA
[LOG 20:58:39.412] Load MU model: SquadExpansion/MakingHistory/Spaces/KVPods/KV3_IVA
[LOG 20:58:39.413] Load MU model: SquadExpansion/MakingHistory/Spaces/MEM/MEM_IVA
[LOG 20:58:39.415] Load MU model: SquadExpansion/MakingHistory/Spaces/Mk2Pod/MK2POD_IVA
[LOG 20:58:39.416] Load MU model: SquadExpansion/Serenity/Parts/Aero/Assets/FanShroud_01
[LOG 20:58:39.416] Load MU model: SquadExpansion/Serenity/Parts/Aero/Assets/FanShroud_02
[LOG 20:58:39.416] Load MU model: SquadExpansion/Serenity/Parts/Aero/Assets/FanShroud_03
[LOG 20:58:39.417] Load MU model: SquadExpansion/Serenity/Parts/Aero/Assets/noseconeTiny
[LOG 20:58:39.417] Load MU model: SquadExpansion/Serenity/Parts/Aero/Assets/noseconeVS
[LOG 20:58:39.417] Load MU model: SquadExpansion/Serenity/Parts/DeployedScience/Assets/CentralStation
[LOG 20:58:39.419] Load MU model: SquadExpansion/Serenity/Parts/DeployedScience/Assets/GoExOb
[LOG 20:58:39.421] Load MU model: SquadExpansion/Serenity/Parts/DeployedScience/Assets/IonExperiment
[LOG 20:58:39.422] Load MU model: SquadExpansion/Serenity/Parts/DeployedScience/Assets/RTGCask
[LOG 20:58:39.423] Load MU model: SquadExpansion/Serenity/Parts/DeployedScience/Assets/satDish
[LOG 20:58:39.425] Load MU model: SquadExpansion/Serenity/Parts/DeployedScience/Assets/seismicSensor
[LOG 20:58:39.427] Load MU model: SquadExpansion/Serenity/Parts/DeployedScience/Assets/solarPanel
[LOG 20:58:39.429] Load MU model: SquadExpansion/Serenity/Parts/DeployedScience/Assets/WeatherStation
[LOG 20:58:39.431] Load MU model: SquadExpansion/Serenity/Parts/Propellers/Assets/largeFanBlade
[LOG 20:58:39.431] Load MU model: SquadExpansion/Serenity/Parts/Propellers/Assets/largeHeliBlade
[LOG 20:58:39.432] Load MU model: SquadExpansion/Serenity/Parts/Propellers/Assets/largePropeller
[LOG 20:58:39.432] Load MU model: SquadExpansion/Serenity/Parts/Propellers/Assets/mediumFanBlade
[LOG 20:58:39.432] Load MU model: SquadExpansion/Serenity/Parts/Propellers/Assets/mediumHeliBlade
[LOG 20:58:39.432] Load MU model: SquadExpansion/Serenity/Parts/Propellers/Assets/mediumPropeller
[LOG 20:58:39.432] Load MU model: SquadExpansion/Serenity/Parts/Propellers/Assets/smallFanBlade
[LOG 20:58:39.432] Load MU model: SquadExpansion/Serenity/Parts/Propellers/Assets/smallHeliBlade
[LOG 20:58:39.432] Load MU model: SquadExpansion/Serenity/Parts/Propellers/Assets/smallPropeller
[LOG 20:58:39.432] Load MU model: SquadExpansion/Serenity/Parts/Robotics/Assets/hinge_01
[LOG 20:58:39.434] Load MU model: SquadExpansion/Serenity/Parts/Robotics/Assets/hinge_01_s
[LOG 20:58:39.434] Load MU model: SquadExpansion/Serenity/Parts/Robotics/Assets/hinge_03
[LOG 20:58:39.435] Load MU model: SquadExpansion/Serenity/Parts/Robotics/Assets/hinge_03_s
[LOG 20:58:39.435] Load MU model: SquadExpansion/Serenity/Parts/Robotics/Assets/hinge_04
[LOG 20:58:39.435] Load MU model: SquadExpansion/Serenity/Parts/Robotics/Assets/piston_01
[LOG 20:58:39.436] Load MU model: SquadExpansion/Serenity/Parts/Robotics/Assets/piston_02
[LOG 20:58:39.436] Load MU model: SquadExpansion/Serenity/Parts/Robotics/Assets/piston_03
[LOG 20:58:39.436] Load MU model: SquadExpansion/Serenity/Parts/Robotics/Assets/piston_04
[LOG 20:58:39.436] Load MU model: SquadExpansion/Serenity/Parts/Robotics/Assets/RotorEngine_02
[LOG 20:58:39.437] Load MU model: SquadExpansion/Serenity/Parts/Robotics/Assets/RotorEngine_03
[LOG 20:58:39.437] Load MU model: SquadExpansion/Serenity/Parts/Robotics/Assets/rotor_01
[LOG 20:58:39.437] Load MU model: SquadExpansion/Serenity/Parts/Robotics/Assets/rotor_01s
[LOG 20:58:39.438] Load MU model: SquadExpansion/Serenity/Parts/Robotics/Assets/rotor_02
[LOG 20:58:39.438] Load MU model: SquadExpansion/Serenity/Parts/Robotics/Assets/rotor_02s
[LOG 20:58:39.439] Load MU model: SquadExpansion/Serenity/Parts/Robotics/Assets/rotor_03
[LOG 20:58:39.439] Load MU model: SquadExpansion/Serenity/Parts/Robotics/Assets/rotor_03s
[LOG 20:58:39.440] Load MU model: SquadExpansion/Serenity/Parts/Robotics/Assets/RotoServo_00
[LOG 20:58:39.440] Load MU model: SquadExpansion/Serenity/Parts/Robotics/Assets/RotoServo_02
[LOG 20:58:39.440] Load MU model: SquadExpansion/Serenity/Parts/Robotics/Assets/RotoServo_03
[LOG 20:58:39.440] Load MU model: SquadExpansion/Serenity/Parts/Robotics/Assets/RotoServo_04
[LOG 20:58:39.441] Load MU model: SquadExpansion/Serenity/Parts/Robotics/Controllers/controller1000
[LOG 20:58:39.441] Load MU model: SquadExpansion/Serenity/Parts/Science/RobotArmScanner/Assets/ROCArm_01
[LOG 20:58:39.442] Load MU model: SquadExpansion/Serenity/Parts/Science/RobotArmScanner/Assets/ROCArm_02
[LOG 20:58:39.443] Load MU model: SquadExpansion/Serenity/Parts/Science/RobotArmScanner/Assets/ROCArm_03
[LOG 20:58:39.444] Load MU model: SquadExpansion/Serenity/Parts/Structural/gripPads/Assets/lGripPad
[LOG 20:58:39.445] Load MU model: SquadExpansion/Serenity/Parts/Structural/gripPads/Assets/lGripStrip
[LOG 20:58:39.445] Load MU model: SquadExpansion/Serenity/Parts/Structural/gripPads/Assets/mGripPad
[LOG 20:58:39.445] Load MU model: SquadExpansion/Serenity/Parts/Structural/gripPads/Assets/sGripPad
[LOG 20:58:39.445] Load MU model: SquadExpansion/Serenity/Parts/Structural/gripPads/Assets/sGripStrip
[LOG 20:58:39.446] Loading Asset Bundle Definitions
[LOG 20:58:39.446] AssetLoader: Loading bundle definitions
[LOG 20:58:39.546] AssetLoader: Loaded bundle 'squadcore'
[LOG 20:58:39.546] AssetLoader: Loaded bundle 'squadcorefx'
[LOG 20:58:39.547] AssetLoader: Loaded mod bundle 'kspedia'
[LOG 20:58:39.547] AssetLoader: Loaded mod bundle 'kspedia_actionsets'
[LOG 20:58:39.547] AssetLoader: Loaded mod bundle 'kspedia_aircraft'
[LOG 20:58:39.547] AssetLoader: Loaded mod bundle 'kspedia_aircraftbasics'
[LOG 20:58:39.547] AssetLoader: Loaded mod bundle 'kspedia_aircraftbasicsbalance'
[LOG 20:58:39.549] AssetLoader: Loaded mod bundle 'kspedia_aircraftbasicsbalance2'
[LOG 20:58:39.549] AssetLoader: Loaded mod bundle 'kspedia_aircraftbasicscol'
[LOG 20:58:39.549] AssetLoader: Loaded mod bundle 'kspedia_aircraftbasicscontrol'
[LOG 20:58:39.549] AssetLoader: Loaded mod bundle 'kspedia_aircraftbasicscontrolsurfaces'
[LOG 20:58:39.549] AssetLoader: Loaded mod bundle 'kspedia_aircraftbasicsdrag'
[LOG 20:58:39.550] AssetLoader: Loaded mod bundle 'kspedia_aircraftbasicsengines'
[LOG 20:58:39.550] AssetLoader: Loaded mod bundle 'kspedia_aircraftbasicsforces'
[LOG 20:58:39.550] AssetLoader: Loaded mod bundle 'kspedia_aircraftbasicsintakes'
[LOG 20:58:39.550] AssetLoader: Loaded mod bundle 'kspedia_aircraftbasicslandinggear'
[LOG 20:58:39.550] AssetLoader: Loaded mod bundle 'kspedia_aircraftbasicslift'
[LOG 20:58:39.551] AssetLoader: Loaded mod bundle 'kspedia_axisgroups'
[LOG 20:58:39.551] AssetLoader: Loaded mod bundle 'kspedia_career'
[LOG 20:58:39.551] AssetLoader: Loaded mod bundle 'kspedia_careerbasicscontracts'
[LOG 20:58:39.551] AssetLoader: Loaded mod bundle 'kspedia_careerbasicscrew'
[LOG 20:58:39.551] AssetLoader: Loaded mod bundle 'kspedia_careerbasicscurrencies'
[LOG 20:58:39.552] AssetLoader: Loaded mod bundle 'kspedia_careerbasicsexperience'
[LOG 20:58:39.552] AssetLoader: Loaded mod bundle 'kspedia_careerbasicsfacilities'
[LOG 20:58:39.552] AssetLoader: Loaded mod bundle 'kspedia_careerbasicsstrategies'
[LOG 20:58:39.552] AssetLoader: Loaded mod bundle 'kspedia_careerbasicstechnology'
[LOG 20:58:39.552] AssetLoader: Loaded mod bundle 'kspedia_careerui-ac'
[LOG 20:58:39.552] AssetLoader: Loaded mod bundle 'kspedia_careerui-admin'
[LOG 20:58:39.553] AssetLoader: Loaded mod bundle 'kspedia_careerui-ksc'
[LOG 20:58:39.553] AssetLoader: Loaded mod bundle 'kspedia_careerui-mc'
[LOG 20:58:39.553] AssetLoader: Loaded mod bundle 'kspedia_careerui-sciencearchives'
[LOG 20:58:39.553] AssetLoader: Loaded mod bundle 'kspedia_careerui-techtree'
[LOG 20:58:39.553] AssetLoader: Loaded mod bundle 'kspedia_careerui-ts'
[LOG 20:58:39.554] AssetLoader: Loaded mod bundle 'kspedia_careerui'
[LOG 20:58:39.554] AssetLoader: Loaded mod bundle 'kspedia_cargoapp'
[LOG 20:58:39.554] AssetLoader: Loaded mod bundle 'kspedia_cargomode'
[LOG 20:58:39.554] AssetLoader: Loaded mod bundle 'kspedia_cargosystem-placeableparts'
[LOG 20:58:39.554] AssetLoader: Loaded mod bundle 'kspedia_cargosystem'
[LOG 20:58:39.555] AssetLoader: Loaded mod bundle 'kspedia_chute'
[LOG 20:58:39.555] AssetLoader: Loaded mod bundle 'kspedia_commnet'
[LOG 20:58:39.555] AssetLoader: Loaded mod bundle 'kspedia_commnetbasics'
[LOG 20:58:39.555] AssetLoader: Loaded mod bundle 'kspedia_commnetbuildingeffectivenetworks'
[LOG 20:58:39.555] AssetLoader: Loaded mod bundle 'kspedia_commnetcalculatingrange'
[LOG 20:58:39.555] AssetLoader: Loaded mod bundle 'kspedia_commnetcontrollevels'
[LOG 20:58:39.556] AssetLoader: Loaded mod bundle 'kspedia_commnetcontrollinks'
[LOG 20:58:39.556] AssetLoader: Loaded mod bundle 'kspedia_commnetcontrolpoints'
[LOG 20:58:39.556] AssetLoader: Loaded mod bundle 'kspedia_commnetgui'
[LOG 20:58:39.556] AssetLoader: Loaded mod bundle 'kspedia_commnetgui01'
[LOG 20:58:39.556] AssetLoader: Loaded mod bundle 'kspedia_commnetgui02'
[LOG 20:58:39.556] AssetLoader: Loaded mod bundle 'kspedia_commnetrange'
[LOG 20:58:39.557] AssetLoader: Loaded mod bundle 'kspedia_commnetrelays'
[LOG 20:58:39.557] AssetLoader: Loaded mod bundle 'kspedia_commnetsciencetransmission'
[LOG 20:58:39.557] AssetLoader: Loaded mod bundle 'kspedia_commnetsignalstrength'
[LOG 20:58:39.557] AssetLoader: Loaded mod bundle 'kspedia_commnettransmission'
[LOG 20:58:39.557] AssetLoader: Loaded mod bundle 'kspedia_constructionui-actiongroups'
[LOG 20:58:39.557] AssetLoader: Loaded mod bundle 'kspedia_constructionui-applauncher'
[LOG 20:58:39.557] AssetLoader: Loaded mod bundle 'kspedia_constructionui-crew'
[LOG 20:58:39.558] AssetLoader: Loaded mod bundle 'kspedia_constructionui-engineersreport'
[LOG 20:58:39.558] AssetLoader: Loaded mod bundle 'kspedia_constructionui-gizmos'
[LOG 20:58:39.558] AssetLoader: Loaded mod bundle 'kspedia_constructionui-infos'
[LOG 20:58:39.558] AssetLoader: Loaded mod bundle 'kspedia_constructionui-partdetails'
[LOG 20:58:39.558] AssetLoader: Loaded mod bundle 'kspedia_constructionui-parts'
[LOG 20:58:39.559] AssetLoader: Loaded mod bundle 'kspedia_constructionui-symmetry'
[LOG 20:58:39.559] AssetLoader: Loaded mod bundle 'kspedia_constructionui-vesseldetails'
[LOG 20:58:39.559] AssetLoader: Loaded mod bundle 'kspedia_constructionui'
[LOG 20:58:39.559] AssetLoader: Loaded mod bundle 'kspedia_controls-dockingmode'
[LOG 20:58:39.559] AssetLoader: Loaded mod bundle 'kspedia_controls-editor'
[LOG 20:58:39.559] AssetLoader: Loaded mod bundle 'kspedia_controls-editorgizmos'
[LOG 20:58:39.559] AssetLoader: Loaded mod bundle 'kspedia_controls-eva'
[LOG 20:58:39.561] AssetLoader: Loaded mod bundle 'kspedia_controls-flight'
[LOG 20:58:39.561] AssetLoader: Loaded mod bundle 'kspedia_controls-flightactivities'
[LOG 20:58:39.561] AssetLoader: Loaded mod bundle 'kspedia_controls-flightdirections'
[LOG 20:58:39.561] AssetLoader: Loaded mod bundle 'kspedia_controls-general'
[LOG 20:58:39.561] AssetLoader: Loaded mod bundle 'kspedia_controls-mapandtime'
[LOG 20:58:39.561] AssetLoader: Loaded mod bundle 'kspedia_controls-mouseconstruction'
[LOG 20:58:39.562] AssetLoader: Loaded mod bundle 'kspedia_controls-mouseflight'
[LOG 20:58:39.562] AssetLoader: Loaded mod bundle 'kspedia_controls-rcs'
[LOG 20:58:39.562] AssetLoader: Loaded mod bundle 'kspedia_controls'
[LOG 20:58:39.562] AssetLoader: Loaded mod bundle 'kspedia_eastereggs'
[LOG 20:58:39.562] AssetLoader: Loaded mod bundle 'kspedia_evaconstructionmode'
[LOG 20:58:39.563] AssetLoader: Loaded mod bundle 'kspedia_facilities-ac'
[LOG 20:58:39.563] AssetLoader: Loaded mod bundle 'kspedia_facilities-admin'
[LOG 20:58:39.563] AssetLoader: Loaded mod bundle 'kspedia_facilities-context'
[LOG 20:58:39.563] AssetLoader: Loaded mod bundle 'kspedia_facilities-ksc'
[LOG 20:58:39.563] AssetLoader: Loaded mod bundle 'kspedia_facilities-launchpad'
[LOG 20:58:39.563] AssetLoader: Loaded mod bundle 'kspedia_facilities-mc'
[LOG 20:58:39.563] AssetLoader: Loaded mod bundle 'kspedia_facilities-randd'
[LOG 20:58:39.563] AssetLoader: Loaded mod bundle 'kspedia_facilities-runway'
[LOG 20:58:39.565] AssetLoader: Loaded mod bundle 'kspedia_facilities-sph'
[LOG 20:58:39.565] AssetLoader: Loaded mod bundle 'kspedia_facilities-ts'
[LOG 20:58:39.565] AssetLoader: Loaded mod bundle 'kspedia_facilities-vab'
[LOG 20:58:39.565] AssetLoader: Loaded mod bundle 'kspedia_flightui-altimeter'
[LOG 20:58:39.565] AssetLoader: Loaded mod bundle 'kspedia_flightui-applauncher'
[LOG 20:58:39.565] AssetLoader: Loaded mod bundle 'kspedia_flightui-evaactivities'
[LOG 20:58:39.565] AssetLoader: Loaded mod bundle 'kspedia_flightui-maneuvermodeeditor'
[LOG 20:58:39.565] AssetLoader: Loaded mod bundle 'kspedia_flightui-maneuvermodeeditorcont'
[LOG 20:58:39.566] AssetLoader: Loaded mod bundle 'kspedia_flightui-maneuvermodeorbit'
[LOG 20:58:39.566] AssetLoader: Loaded mod bundle 'kspedia_flightui-maneuvertoolinfo'
[LOG 20:58:39.567] AssetLoader: Loaded mod bundle 'kspedia_flightui-maneuvertoolmain'
[LOG 20:58:39.567] AssetLoader: Loaded mod bundle 'kspedia_flightui-modecontrol'
[LOG 20:58:39.567] AssetLoader: Loaded mod bundle 'kspedia_flightui-navball'
[LOG 20:58:39.567] AssetLoader: Loaded mod bundle 'kspedia_flightui-partrepairs'
[LOG 20:58:39.567] AssetLoader: Loaded mod bundle 'kspedia_flightui-portraits'
[LOG 20:58:39.568] AssetLoader: Loaded mod bundle 'kspedia_flightui-staging'
[LOG 20:58:39.568] AssetLoader: Loaded mod bundle 'kspedia_flightui-timeandaction'
[LOG 20:58:39.568] AssetLoader: Loaded mod bundle 'kspedia_flightui'
[LOG 20:58:39.568] AssetLoader: Loaded mod bundle 'kspedia_heat'
[LOG 20:58:39.568] AssetLoader: Loaded mod bundle 'kspedia_heatactiveradiators'
[LOG 20:58:39.569] AssetLoader: Loaded mod bundle 'kspedia_heatengines'
[LOG 20:58:39.569] AssetLoader: Loaded mod bundle 'kspedia_heatflow'
[LOG 20:58:39.569] AssetLoader: Loaded mod bundle 'kspedia_heatpart'
[LOG 20:58:39.569] AssetLoader: Loaded mod bundle 'kspedia_heatpassiveradiators'
[LOG 20:58:39.569] AssetLoader: Loaded mod bundle 'kspedia_heatshields'
[LOG 20:58:39.569] AssetLoader: Loaded mod bundle 'kspedia_kerbnet'
[LOG 20:58:39.569] AssetLoader: Loaded mod bundle 'kspedia_kerbnetinterface'
[LOG 20:58:39.570] AssetLoader: Loaded mod bundle 'kspedia_kerbnetmodes'
[LOG 20:58:39.570] AssetLoader: Loaded mod bundle 'kspedia_kerbnetwaypoints'
[LOG 20:58:39.570] AssetLoader: Loaded mod bundle 'kspedia_locations'
[LOG 20:58:39.570] AssetLoader: Loaded mod bundle 'kspedia_manual'
[LOG 20:58:39.570] AssetLoader: Loaded mod bundle 'kspedia_mapui-alarmclockcreation'
[LOG 20:58:39.571] AssetLoader: Loaded mod bundle 'kspedia_mapui-alarmclockmain'
[LOG 20:58:39.571] AssetLoader: Loaded mod bundle 'kspedia_mapui-burnindicator'
[LOG 20:58:39.571] AssetLoader: Loaded mod bundle 'kspedia_mapui-dvtoolsflight'
[LOG 20:58:39.571] AssetLoader: Loaded mod bundle 'kspedia_mapui-dvtoolsvab'
[LOG 20:58:39.571] AssetLoader: Loaded mod bundle 'kspedia_mapui-mannodes'
[LOG 20:58:39.572] AssetLoader: Loaded mod bundle 'kspedia_mapui-orbitnodes'
[LOG 20:58:39.572] AssetLoader: Loaded mod bundle 'kspedia_mapui-orbitnodes2'
[LOG 20:58:39.573] AssetLoader: Loaded mod bundle 'kspedia_mapui'
[LOG 20:58:39.573] AssetLoader: Loaded mod bundle 'kspedia_orbitalbasics-atmosphere'
[LOG 20:58:39.573] AssetLoader: Loaded mod bundle 'kspedia_orbitalbasics-gettingbackdown'
[LOG 20:58:39.573] AssetLoader: Loaded mod bundle 'kspedia_orbitalbasics-gettingupthere'
[LOG 20:58:39.573] AssetLoader: Loaded mod bundle 'kspedia_orbitalbasics-gravityturn'
[LOG 20:58:39.574] AssetLoader: Loaded mod bundle 'kspedia_orbitalbasics-orbits'
[LOG 20:58:39.574] AssetLoader: Loaded mod bundle 'kspedia_orbitalbasics-stayingupthere'
[LOG 20:58:39.574] AssetLoader: Loaded mod bundle 'kspedia_orbitalbasics'
[LOG 20:58:39.574] AssetLoader: Loaded mod bundle 'kspedia_orbitaldefinitions-appe'
[LOG 20:58:39.574] AssetLoader: Loaded mod bundle 'kspedia_orbitaldefinitions-dirandinc'
[LOG 20:58:39.575] AssetLoader: Loaded mod bundle 'kspedia_orbitaldefinitions-directions'
[LOG 20:58:39.575] AssetLoader: Loaded mod bundle 'kspedia_orbitaldefinitions-eccentricity'
[LOG 20:58:39.575] AssetLoader: Loaded mod bundle 'kspedia_orbitaldefinitions'
[LOG 20:58:39.575] AssetLoader: Loaded mod bundle 'kspedia_orbitalmaneuvers-adjustinginclination'
[LOG 20:58:39.575] AssetLoader: Loaded mod bundle 'kspedia_orbitalmaneuvers-deltav'
[LOG 20:58:39.576] AssetLoader: Loaded mod bundle 'kspedia_orbitalmaneuvers-efficiency'
[LOG 20:58:39.576] AssetLoader: Loaded mod bundle 'kspedia_orbitalmaneuvers-hohmanntransfer'
[LOG 20:58:39.576] AssetLoader: Loaded mod bundle 'kspedia_orbitalmaneuvers-hohmanntransfer2'
[LOG 20:58:39.576] AssetLoader: Loaded mod bundle 'kspedia_orbitalmaneuvers-orbittypes'
[LOG 20:58:39.577] AssetLoader: Loaded mod bundle 'kspedia_orbitalmaneuvers-radandantirad'
[LOG 20:58:39.577] AssetLoader: Loaded mod bundle 'kspedia_orbitalmaneuvers-shapingup'
[LOG 20:58:39.577] AssetLoader: Loaded mod bundle 'kspedia_orbitalmaneuvers'
[LOG 20:58:39.577] AssetLoader: Loaded mod bundle 'kspedia_planets-dres'
[LOG 20:58:39.577] AssetLoader: Loaded mod bundle 'kspedia_planets-duna'
[LOG 20:58:39.577] AssetLoader: Loaded mod bundle 'kspedia_planets-eeloo'
[LOG 20:58:39.578] AssetLoader: Loaded mod bundle 'kspedia_planets-eve'
[LOG 20:58:39.578] AssetLoader: Loaded mod bundle 'kspedia_planets-jool'
[LOG 20:58:39.578] AssetLoader: Loaded mod bundle 'kspedia_planets-kerbin'
[LOG 20:58:39.579] AssetLoader: Loaded mod bundle 'kspedia_planets-moho'
[LOG 20:58:39.579] AssetLoader: Loaded mod bundle 'kspedia_planets-sun'
[LOG 20:58:39.579] AssetLoader: Loaded mod bundle 'kspedia_planets-system'
[LOG 20:58:39.579] AssetLoader: Loaded mod bundle 'kspedia_resources-asteroidmining'
[LOG 20:58:39.579] AssetLoader: Loaded mod bundle 'kspedia_resources-conversionmanagement'
[LOG 20:58:39.579] AssetLoader: Loaded mod bundle 'kspedia_resources-drilling'
[LOG 20:58:39.580] AssetLoader: Loaded mod bundle 'kspedia_resources-findingit'
[LOG 20:58:39.580] AssetLoader: Loaded mod bundle 'kspedia_resources-findingit2'
[LOG 20:58:39.580] AssetLoader: Loaded mod bundle 'kspedia_resources-storageandconversion'
[LOG 20:58:39.580] AssetLoader: Loaded mod bundle 'kspedia_resources'
[LOG 20:58:39.580] AssetLoader: Loaded mod bundle 'kspedia_rocketry'
[LOG 20:58:39.581] AssetLoader: Loaded mod bundle 'kspedia_rocketryadvanced-fairings'
[LOG 20:58:39.581] AssetLoader: Loaded mod bundle 'kspedia_rocketryadvanced-girders'
[LOG 20:58:39.581] AssetLoader: Loaded mod bundle 'kspedia_rocketryadvanced'
[LOG 20:58:39.581] AssetLoader: Loaded mod bundle 'kspedia_rocketrybasics'
[LOG 20:58:39.581] AssetLoader: Loaded mod bundle 'kspedia_rocketrybasicsaero'
[LOG 20:58:39.581] AssetLoader: Loaded mod bundle 'kspedia_rocketrybasicscentered'
[LOG 20:58:39.582] AssetLoader: Loaded mod bundle 'kspedia_rocketrybasicschutes'
[LOG 20:58:39.582] AssetLoader: Loaded mod bundle 'kspedia_rocketrybasicscontrol'
[LOG 20:58:39.582] AssetLoader: Loaded mod bundle 'kspedia_rocketrybasicsecrecharging'
[LOG 20:58:39.582] AssetLoader: Loaded mod bundle 'kspedia_rocketrybasicsengines'
[LOG 20:58:39.582] AssetLoader: Loaded mod bundle 'kspedia_rocketrybasicsforces'
[LOG 20:58:39.583] AssetLoader: Loaded mod bundle 'kspedia_rocketrybasicshatchesandladders'
[LOG 20:58:39.583] AssetLoader: Loaded mod bundle 'kspedia_rocketrybasicshibernation'
[LOG 20:58:39.583] AssetLoader: Loaded mod bundle 'kspedia_rocketrybasicsresources'
[LOG 20:58:39.583] AssetLoader: Loaded mod bundle 'kspedia_rocketrybasicsservicecontainers'
[LOG 20:58:39.583] AssetLoader: Loaded mod bundle 'kspedia_rocketrybasicsstability'
[LOG 20:58:39.584] AssetLoader: Loaded mod bundle 'kspedia_rocketrybasicsstabilityassist'
[LOG 20:58:39.584] AssetLoader: Loaded mod bundle 'kspedia_rocketrybasicsstaging'
[LOG 20:58:39.584] AssetLoader: Loaded mod bundle 'kspedia_rocketrybasicssymmetry'
[LOG 20:58:39.584] AssetLoader: Loaded mod bundle 'kspedia_science'
[LOG 20:58:39.584] AssetLoader: Loaded mod bundle 'kspedia_sciencedata'
[LOG 20:58:39.584] AssetLoader: Loaded mod bundle 'kspedia_scienceexperiments'
[LOG 20:58:39.585] AssetLoader: Loaded mod bundle 'kspedia_sciencelab'
[LOG 20:58:39.585] AssetLoader: Loaded mod bundle 'kspedia_sciencetransmitted'
[LOG 20:58:39.585] AssetLoader: Loaded mod bundle 'kspedia_spacetravel'
[LOG 20:58:39.585] AssetLoader: Loaded mod bundle 'kspedia_variantswitcher'
[LOG 20:58:39.585] AssetLoader: Loaded mod bundle 'kspfonts'
[LOG 20:58:39.712] AssetLoader: Loaded bundle 'squadcore'
[LOG 20:58:39.712] AssetLoader: Loaded bundle 'squadcorefx'
[LOG 20:58:39.712] AssetLoader: Loaded mod bundle 'kspedia_builder'
[LOG 20:58:39.713] AssetLoader: Loaded mod bundle 'kspedia_buildertoolbar'
[LOG 20:58:39.713] AssetLoader: Loaded mod bundle 'kspedia_canvas'
[LOG 20:58:39.713] AssetLoader: Loaded mod bundle 'kspedia_exportingvalidation'
[LOG 20:58:39.714] AssetLoader: Loaded mod bundle 'kspedia_flight'
[LOG 20:58:39.714] AssetLoader: Loaded mod bundle 'kspedia_flightapp'
[LOG 20:58:39.714] AssetLoader: Loaded mod bundle 'kspedia_gap'
[LOG 20:58:39.715] AssetLoader: Loaded mod bundle 'kspedia_gaptools'
[LOG 20:58:39.715] AssetLoader: Loaded mod bundle 'kspedia_makinghistory'
[LOG 20:58:39.715] AssetLoader: Loaded mod bundle 'kspedia_missionbriefing'
[LOG 20:58:39.715] AssetLoader: Loaded mod bundle 'kspedia_nodedocking'
[LOG 20:58:39.715] AssetLoader: Loaded mod bundle 'kspedia_nodesconnectors'
[LOG 20:58:39.716] AssetLoader: Loaded mod bundle 'kspedia_sap'
[LOG 20:58:39.716] AssetLoader: Loaded mod bundle 'kspedia_sidebar'
[LOG 20:58:39.716] AssetLoader: Loaded mod bundle 'kspedia_testingcheckpoints'
[LOG 20:58:39.716] AssetLoader: Loaded bundle 'makinghistory'
[LOG 20:58:39.716] AssetLoader: Loaded mod bundle 'kspedia_bladecyclic-collective-behaviour'
[LOG 20:58:39.717] AssetLoader: Loaded mod bundle 'kspedia_bladecyclic-collective-controls'
[LOG 20:58:39.717] AssetLoader: Loaded mod bundle 'kspedia_deployedscience-experiments'
[LOG 20:58:39.717] AssetLoader: Loaded mod bundle 'kspedia_deployedscience'
[LOG 20:58:39.717] AssetLoader: Loaded mod bundle 'kspedia_grippads'
[LOG 20:58:39.718] AssetLoader: Loaded mod bundle 'kspedia_layindtracks'
[LOG 20:58:39.718] AssetLoader: Loaded mod bundle 'kspedia_propellers'
[LOG 20:58:39.718] AssetLoader: Loaded mod bundle 'kspedia_propellersaerodynamics'
[LOG 20:58:39.718] AssetLoader: Loaded mod bundle 'kspedia_roboticcontroller'
[LOG 20:58:39.719] AssetLoader: Loaded mod bundle 'kspedia_roboticparts'
[LOG 20:58:39.719] AssetLoader: Loaded mod bundle 'kspedia_surface features-overview'
[LOG 20:58:39.719] AssetLoader: Loaded mod bundle 'kspedia_surface features-roverarmdetails'
[LOG 20:58:39.719] AssetLoader: Loaded mod bundle 'kspedia_trackeditor'
[LOG 20:58:39.719] AssetLoader: Loaded mod bundle 'kspedia_trackeditortoolbar'
[LOG 20:58:39.720] AssetLoader: Loaded mod bundle 'serenity'
[LOG 20:58:39.721] AssetLoader: Finished loading. 226 bundle definitions loaded.
[LOG 20:58:39.721] Compiling Configs:
[LOG 20:58:39.721] Config(PHYSICSGLOBALS) /Physics/PHYSICSGLOBALS
[LOG 20:58:39.721] Config(KERBALCHANGELOG) KerbalKonstructs/changelog/KERBALCHANGELOG
[LOG 20:58:39.721] Config(WindowPositions) KerbalKonstructs/PluginDataWindowPositions/WindowPositions
[LOG 20:58:39.722] Config(KKLaunchPadSmoke) KerbalKonstructs/Assets/Smoke/KKPadSmoke1/KKPadSmoke1/KKLaunchPadSmoke
[LOG 20:58:39.722] Config(KK_ColorPreset2) KerbalKonstructs/ConfigPresets/1_KerbinColor2/KK_ColorPreset2
[LOG 20:58:39.722] Config(KK_ColorPreset2) KerbalKonstructs/ConfigPresets/1_KerbinColor2/KK_ColorPreset2
[LOG 20:58:39.722] Config(KK_ColorPreset2) KerbalKonstructs/ConfigPresets/1_KerbinColor2/KK_ColorPreset2
[LOG 20:58:39.722] Config(KK_ColorPreset) KerbalKonstructs/ConfigPresets/1_KerbinPresetsColor/KK_ColorPreset
[LOG 20:58:39.722] Config(KK_ColorPreset) KerbalKonstructs/ConfigPresets/1_KerbinPresetsColor/KK_ColorPreset
[LOG 20:58:39.722] Config(KK_ColorPreset) KerbalKonstructs/ConfigPresets/1_KerbinPresetsColor/KK_ColorPreset
[LOG 20:58:39.722] Config(KK_ColorPreset) KerbalKonstructs/ConfigPresets/1_KerbinPresetsColor/KK_ColorPreset
[LOG 20:58:39.722] Config(KK_ColorPreset) KerbalKonstructs/ConfigPresets/2_OtherPlanetsColor/KK_ColorPreset
[LOG 20:58:39.722] Config(KK_ColorPreset) KerbalKonstructs/ConfigPresets/2_OtherPlanetsColor/KK_ColorPreset
[LOG 20:58:39.722] Config(KK_ColorPreset) KerbalKonstructs/ConfigPresets/2_OtherPlanetsColor/KK_ColorPreset
[LOG 20:58:39.722] Config(KK_ColorPreset) KerbalKonstructs/ConfigPresets/2_OtherPlanetsColor/KK_ColorPreset
[LOG 20:58:39.722] Config(KK_ColorPreset) KerbalKonstructs/ConfigPresets/2_OtherPlanetsColor/KK_ColorPreset
[LOG 20:58:39.722] Config(KK_ColorPreset) KerbalKonstructs/ConfigPresets/2_OtherPlanetsColor/KK_ColorPreset
[LOG 20:58:39.722] Config(KK_ColorPreset2) KerbalKonstructs/ConfigPresets/2_OtherPlanetsColor2/KK_ColorPreset2
[LOG 20:58:39.722] Config(KK_ColorPreset2) KerbalKonstructs/ConfigPresets/2_OtherPlanetsColor2/KK_ColorPreset2
[LOG 20:58:39.722] Config(KK_ColorPreset2) KerbalKonstructs/ConfigPresets/2_OtherPlanetsColor2/KK_ColorPreset2
[LOG 20:58:39.722] Config(KK_ColorPreset2) KerbalKonstructs/ConfigPresets/2_OtherPlanetsColor2/KK_ColorPreset2
[LOG 20:58:39.722] Config(KK_ColorPreset2) KerbalKonstructs/ConfigPresets/2_OtherPlanetsColor2/KK_ColorPreset2
[LOG 20:58:39.722] Config(KK_ColorPreset2) KerbalKonstructs/ConfigPresets/2_OtherPlanetsColor2/KK_ColorPreset2
[LOG 20:58:39.722] Config(KK_TexturePreset) KerbalKonstructs/ConfigPresets/BlendMasks/KK_TexturePreset
[LOG 20:58:39.722] Config(KK_TexturePreset) KerbalKonstructs/ConfigPresets/Textures/KK_TexturePreset
[LOG 20:58:39.722] Config(KK_TexturePreset) KerbalKonstructs/ConfigPresets/Textures/KK_TexturePreset
[LOG 20:58:39.722] Config(KK_TexturePreset) KerbalKonstructs/ConfigPresets/Textures/KK_TexturePreset
[LOG 20:58:39.722] Config(KK_TexturePreset) KerbalKonstructs/ConfigPresets/Textures/KK_TexturePreset
[LOG 20:58:39.722] Config(KK_TexturePreset) KerbalKonstructs/ConfigPresets/Textures/KK_TexturePreset
[LOG 20:58:39.722] Config(KK_TexturePreset) KerbalKonstructs/ConfigPresets/Textures/KK_TexturePreset
[LOG 20:58:39.722] Config(KK_TexturePreset) KerbalKonstructs/ConfigPresets/Textures/KK_TexturePreset
[LOG 20:58:39.722] Config(KK_TexturePreset) KerbalKonstructs/ConfigPresets/Textures/KK_TexturePreset
[LOG 20:58:39.722] Config(KK_TexturePreset) KerbalKonstructs/ConfigPresets/Textures/KK_TexturePreset
[LOG 20:58:39.722] Config(KK_TexturePreset) KerbalKonstructs/ConfigPresets/Textures/KK_TexturePreset
[LOG 20:58:39.722] Config(KK_TexturePreset) KerbalKonstructs/ConfigPresets/Textures/KK_TexturePreset
[LOG 20:58:39.722] Config(KK_TexturePreset) KerbalKonstructs/ConfigPresets/Textures/KK_TexturePreset
[LOG 20:58:39.722] Config(KK_TexturePreset) KerbalKonstructs/ConfigPresets/Textures/KK_TexturePreset
[LOG 20:58:39.722] Config(KK_TexturePreset) KerbalKonstructs/ConfigPresets/Textures/KK_TexturePreset
[LOG 20:58:39.722] Config(KK_TexturePreset) KerbalKonstructs/ConfigPresets/Textures/KK_TexturePreset
[LOG 20:58:39.722] Config(KK_TexturePreset) KerbalKonstructs/ConfigPresets/Textures/KK_TexturePreset
[LOG 20:58:39.722] Config(STATIC) KerbalKonstructs/FreeStatics/KKflagDemo/AutoGrasDemo/GrasColorDemo
[LOG 20:58:39.722] Config(STATIC) KerbalKonstructs/FreeStatics/KKflagDemo/KKflagDemo/KKflagDemo
[LOG 20:58:39.722] Config(STATIC) KerbalKonstructs/FreeStatics/KKflagDemo/TextureDemo/AdvTextureDemo
[LOG 20:58:39.722] Config(STATIC) KerbalKonstructs/FreeStatics/RunwayMarkings/aimpoint/kkaimpoint
[LOG 20:58:39.722] Config(STATIC) KerbalKonstructs/FreeStatics/RunwayMarkings/displacement/kkdisplacement
[LOG 20:58:39.722] Config(STATIC) KerbalKonstructs/FreeStatics/RunwayMarkings/fixed1500/kkfixed1500
[LOG 20:58:39.722] Config(STATIC) KerbalKonstructs/FreeStatics/RunwayMarkings/fixed500/kkfixed500
[LOG 20:58:39.723] Config(STATIC) KerbalKonstructs/FreeStatics/RunwayMarkings/kourseXX/kkkourseXX
[LOG 20:58:39.723] Config(STATIC) KerbalKonstructs/FreeStatics/RunwayMarkings/threshold6/kkthreshold6
[LOG 20:58:39.723] Config(STATIC) KerbalKonstructs/FreeStatics/RunwayMarkings/threshold8/kkthreshold8
[LOG 20:58:39.723] Config(STATIC) KerbalKonstructs/FreeStatics/SoundCube/SoundCube/SoundCube
[LOG 20:58:39.723] Config(STATIC) KerbalKonstructs/FreeStatics/UniversalSpawnPoint/UniversalSpawnPoint/UniversalSpawnPoint
[LOG 20:58:39.723] Config(STATIC) KerbalKonstructs/FreeStatics/WaterSurfaces/WaterSurfaceRound/KKSurfaceRound50x100
[LOG 20:58:39.723] Config(STATIC) KerbalKonstructs/FreeStatics/WaterSurfaces/WaterSurfaceSquare/KKSurfaceSquare50x100
[LOG 20:58:39.723] Config(KK_DecalsMap) KerbalKonstructs/MapDecalMaps/AllBlack/KK_DecalsMap
[LOG 20:58:39.723] Config(KK_DecalsMap) KerbalKonstructs/MapDecalMaps/CircleSlope/KK_DecalsMap
[LOG 20:58:39.723] Config(KK_DecalsMap) KerbalKonstructs/MapDecalMaps/diagonalSlope/KK_DecalsMap
[LOG 20:58:39.723] Config(KK_DecalsMap) KerbalKonstructs/MapDecalMaps/HoleDecal/KK_DecalsMap
[LOG 20:58:39.723] Config(KK_DecalsMap) KerbalKonstructs/MapDecalMaps/Lava/KK_DecalsMap
[LOG 20:58:39.723] Config(KK_DecalsMap) KerbalKonstructs/MapDecalMaps/SquarePlateauSloped/KK_DecalsMap
[LOG 20:58:39.723] Config(KK_DecalsMap) KerbalKonstructs/MapDecalMaps/SquareSlope/KK_DecalsMap
[LOG 20:58:39.723] Config(KK_DecalsMap) KerbalKonstructs/MapDecalMaps/Test/KK_DecalsMap
[LOG 20:58:39.723] Config(KK_GroupCenter) KerbalKonstructs/NewInstances/KK_GroupCenter_Mun_MuneBase/KK_GroupCenter
[LOG 20:58:39.723] Config(STATIC) KerbalKonstructs/NewInstances/KSC_Runway_level_3-instances/STATIC
[LOG 20:58:39.723] Config(KSP_COMMUNITY_FIXES) KSPCommunityFixes/Settings/KSP_COMMUNITY_FIXES
[LOG 20:58:39.723] Config(Localization) KSPCommunityFixes/Localization/en-us/Localization
[LOG 20:58:39.723] Config(Localization) KSPCommunityFixes/Localization/fr-fr/Localization
[LOG 20:58:39.723] Config(Localization) KSPCommunityFixes/Localization/ru/Localization
[LOG 20:58:39.723] Config(Localization) KSPCommunityFixes/Localization/zh-cn/Localization
[LOG 20:58:39.723] Config(@PART[*]:HAS[@MODULE[ModuleDockingNodeFixed]]:NEEDS[FixDockingNodes]:FINAL) KSPCommunityFixes/MMPatches/ModSupport/FixDockingNodes/@PART[*]:HAS[@MODULE[ModuleDockingNodeFixed]]:NEEDS[FixDockingNodes]:FINAL
[LOG 20:58:39.723] Config(@PART[*]:HAS[@MODULE[Refunding]]:LAST[999_KSP-Recall]) KSPCommunityFixes/MMPatches/ModSupport/KSPRecall/@PART[*]:HAS[@MODULE[Refunding]]:LAST[999_KSP-Recall]
[LOG 20:58:39.723] Config(@PART[*]:HAS[#hasRefundingOnRecovery[?rue]]:LAST[999_KSP-Recall]) KSPCommunityFixes/MMPatches/ModSupport/KSPRecall/@PART[*]:HAS[#hasRefundingOnRecovery[?rue]]:LAST[999_KSP-Recall]
[LOG 20:58:39.723] Config(@PART[*]:HAS[#hasRefundingOnRecovery]:LAST[999_KSP-Recall]) KSPCommunityFixes/MMPatches/ModSupport/KSPRecall/@PART[*]:HAS[#hasRefundingOnRecovery]:LAST[999_KSP-Recall]
[LOG 20:58:39.723] Config(@KSP-Recall:LAST[999_KSP-Recall]) KSPCommunityFixes/MMPatches/ModSupport/KSPRecall/@KSP-Recall:LAST[999_KSP-Recall]
[LOG 20:58:39.723] Config(@KSP-Recall:HAS[#hasRefundingOnRecovery[?rue]]:LAST[999_KSP-Recall]) KSPCommunityFixes/MMPatches/ModSupport/KSPRecall/@KSP-Recall:HAS[#hasRefundingOnRecovery[?rue]]:LAST[999_KSP-Recall]
[LOG 20:58:39.723] Config(@KSP-Recall:HAS[#hasRefundingOnRecovery]:LAST[999_KSP-Recall]) KSPCommunityFixes/MMPatches/ModSupport/KSPRecall/@KSP-Recall:HAS[#hasRefundingOnRecovery]:LAST[999_KSP-Recall]
[LOG 20:58:39.723] Config(@KSP_COMMUNITY_FIXES:NEEDS[AttachedOnEditor]) KSPCommunityFixes/MMPatches/ModSupport/KSPRecall/@KSP_COMMUNITY_FIXES:NEEDS[AttachedOnEditor]
[LOG 20:58:39.723] Config(@KSP_COMMUNITY_FIXES:NEEDS[UniversalStorage2]) KSPCommunityFixes/MMPatches/ModSupport/UniversalStorage/@KSP_COMMUNITY_FIXES:NEEDS[UniversalStorage2]
[LOG 20:58:39.723] Config(@PART[telescopicLadderBay]:FIRST) KSPCommunityFixes/MMPatches/StockTweaks/LadderToggleableLight/@PART[telescopicLadderBay]:FIRST
[LOG 20:58:39.723] Config(@PART[telescopicLadderBay]:HAS[#LadderToggleableLight[?rue]]:FIRST) KSPCommunityFixes/MMPatches/StockTweaks/LadderToggleableLight/@PART[telescopicLadderBay]:HAS[#LadderToggleableLight[?rue]]:FIRST
[LOG 20:58:39.723] Config(@PART[telescopicLadderBay]:HAS[#LadderToggleableLight]:FIRST) KSPCommunityFixes/MMPatches/StockTweaks/LadderToggleableLight/@PART[telescopicLadderBay]:HAS[#LadderToggleableLight]:FIRST
[LOG 20:58:39.723] Config(@PART[GearSmall]:FIRST) KSPCommunityFixes/MMPatches/StockTweaks/LandingGearLights/@PART[GearSmall]:FIRST
[LOG 20:58:39.723] Config(@PART[SmallGearBay]:FIRST) KSPCommunityFixes/MMPatches/StockTweaks/LandingGearLights/@PART[SmallGearBay]:FIRST
[LOG 20:58:39.723] Config(@PART[sasModule]:FOR[KSPCommunityFixes]) KSPCommunityFixes/MMPatches/StockTweaks/ManufacturerFixes/@PART[sasModule]:FOR[KSPCommunityFixes]
[LOG 20:58:39.723] Config(@PART[xenonTankRadial]:FOR[KSPCommunityFixes]) KSPCommunityFixes/MMPatches/StockTweaks/ManufacturerFixes/@PART[xenonTankRadial]:FOR[KSPCommunityFixes]
[LOG 20:58:39.723] Config(@PART[winglet|fireworksLauncherSmall|fireworksLauncherBig]:FOR[KSPCommunityFixes]) KSPCommunityFixes/MMPatches/StockTweaks/ManufacturerFixes/@PART[winglet|fireworksLauncherSmall|fireworksLauncherBig]:FOR[KSPCommunityFixes]
[LOG 20:58:39.723] Config(@PART[solidBooster_sm_v2|solidBooster_v2]:FOR[KSPCommunityFixes]) KSPCommunityFixes/MMPatches/StockTweaks/ManufacturerFixes/@PART[solidBooster_sm_v2|solidBooster_v2]:FOR[KSPCommunityFixes]
[LOG 20:58:39.724] Config(@PART[ServiceBay_125_v2|ServiceBay_250_v2]:FOR[KSPCommunityFixes]) KSPCommunityFixes/MMPatches/StockTweaks/ManufacturerFixes/@PART[ServiceBay_125_v2|ServiceBay_250_v2]:FOR[KSPCommunityFixes]
[LOG 20:58:39.724] Config(@PART[externalTankCapsule]:FOR[KSPCommunityFixes]) KSPCommunityFixes/MMPatches/StockTweaks/ManufacturerFixes/@PART[externalTankCapsule]:FOR[KSPCommunityFixes]
[LOG 20:58:39.724] Config(@PART[RCSFuelTank|rcsTankMini|RCSTank1-2]:FOR[KSPCommunityFixes]) KSPCommunityFixes/MMPatches/StockTweaks/ManufacturerFixes/@PART[RCSFuelTank|rcsTankMini|RCSTank1-2]:FOR[KSPCommunityFixes]
[LOG 20:58:39.724] Config(@PART[landerCabinSmall]:FOR[KSPCommunityFixes]) KSPCommunityFixes/MMPatches/StockTweaks/ManufacturerFixes/@PART[landerCabinSmall]:FOR[KSPCommunityFixes]
[LOG 20:58:39.724] Config(@PART[dockingPortLateral]:FOR[KSPCommunityFixes]) KSPCommunityFixes/MMPatches/StockTweaks/ManufacturerFixes/@PART[dockingPortLateral]:FOR[KSPCommunityFixes]
[LOG 20:58:39.724] Config(@PART[EnginePlate4]:FOR[KSPCommunityFixes]:NEEDS[SquadExpansion/MakingHistory]) KSPCommunityFixes/MMPatches/StockTweaks/ManufacturerFixes/@PART[EnginePlate4]:FOR[KSPCommunityFixes]:NEEDS[SquadExpansion/MakingHistory]
[LOG 20:58:39.724] Config(@PART[Mk2Pod]:FOR[KSPCommunityFixes]:NEEDS[SquadExpansion/MakingHistory]) KSPCommunityFixes/MMPatches/StockTweaks/ManufacturerFixes/@PART[Mk2Pod]:FOR[KSPCommunityFixes]:NEEDS[SquadExpansion/MakingHistory]
[LOG 20:58:39.724] Config(@PART[evaChute|parachuteSingle|parachuteRadial|radialDrogue|parachuteLarge|parachuteDrogue]:FOR[KSPCommunityFixes]) KSPCommunityFixes/MMPatches/StockTweaks/ManufacturerFixes/@PART[evaChute|parachuteSingle|parachuteRadial|radialDrogue|parachuteLarge|parachuteDrogue]:FOR[KSPCommunityFixes]
[LOG 20:58:39.724] Config(@PART[stackPoint1|dockingPort1|dockingPort2|dockingPort3|dockingPortLarge]:FOR[KSPCommunityFixes]) KSPCommunityFixes/MMPatches/StockTweaks/ManufacturerFixes/@PART[stackPoint1|dockingPort1|dockingPort2|dockingPort3|dockingPortLarge]:FOR[KSPCommunityFixes]
[LOG 20:58:39.724] Config(AGENT) KSPCommunityFixes/MMPatches/StockTweaks/ManufacturerFixes/Clamp-O-Tron
[LOG 20:58:39.724] Config(AGENT) KSPCommunityFixes/MMPatches/StockTweaks/ManufacturerFixes/FreeFall Parachutes
[LOG 20:58:39.724] Config(AGENT) KSPCommunityFixes/MMPatches/StockTweaks/ManufacturerFixes/LightYear Tire Company
[LOG 20:58:39.724] Config(AGENT) KSPCommunityFixes/MMPatches/StockTweaks/ManufacturerFixes/Stratus Corporation
[LOG 20:58:39.724] Config(Localization) KSPCommunityFixes/MMPatches/StockTweaks/ManufacturerFixes/Localization
[LOG 20:58:39.724] Config(AGENT) Squad/Agencies/Agents/C7 Aerospace Division
[LOG 20:58:39.724] Config(AGENT) Squad/Agencies/Agents/Dinkelstein Kerman's Construction Emporium
[LOG 20:58:39.724] Config(AGENT) Squad/Agencies/Agents/Experimental Engineering Group
[LOG 20:58:39.724] Config(AGENT) Squad/Agencies/Agents/FLOOYD Dynamics Research Labs
[LOG 20:58:39.724] Config(AGENT) Squad/Agencies/Agents/Goliath National Products
[LOG 20:58:39.724] Config(AGENT) Squad/Agencies/Agents/Integrated Integrals
[LOG 20:58:39.724] Config(AGENT) Squad/Agencies/Agents/Ionic Symphonic Protonic Electronics
[LOG 20:58:39.724] Config(AGENT) Squad/Agencies/Agents/Jebediah Kerman's Junkyard and Spacecraft Parts Co
[LOG 20:58:39.724] Config(AGENT) Squad/Agencies/Agents/Kerbal Motion LLC
[LOG 20:58:39.724] Config(AGENT) Squad/Agencies/Agents/Kerbin World-Firsts Record-Keeping Society
[LOG 20:58:39.724] Config(AGENT) Squad/Agencies/Agents/Kerbodyne
[LOG 20:58:39.724] Config(AGENT) Squad/Agencies/Agents/Kerlington Model Rockets and Paper Products Inc
[LOG 20:58:39.724] Config(AGENT) Squad/Agencies/Agents/Maxo Construction Toys
[LOG 20:58:39.724] Config(AGENT) Squad/Agencies/Agents/Moving Parts Experts Group
[LOG 20:58:39.724] Config(AGENT) Squad/Agencies/Agents/O.M.B. Demolition Enterprises
[LOG 20:58:39.724] Config(AGENT) Squad/Agencies/Agents/Periapsis Rocket Supplies Co
[LOG 20:58:39.724] Config(AGENT) Squad/Agencies/Agents/Probodobodyne Inc
[LOG 20:58:39.724] Config(AGENT) Squad/Agencies/Agents/Research & Development Department
[LOG 20:58:39.724] Config(AGENT) Squad/Agencies/Agents/Reaction Systems Ltd
[LOG 20:58:39.724] Config(AGENT) Squad/Agencies/Agents/Rockomax Conglomerate
[LOG 20:58:39.724] Config(AGENT) Squad/Agencies/Agents/Rokea Inc
[LOG 20:58:39.724] Config(AGENT) Squad/Agencies/Agents/Sean's Cannery
[LOG 20:58:39.724] Config(AGENT) Squad/Agencies/Agents/STEADLER Engineering Corps
[LOG 20:58:39.724] Config(AGENT) Squad/Agencies/Agents/StrutCo
[LOG 20:58:39.724] Config(AGENT) Squad/Agencies/Agents/Vac-Co Advanced Suction Systems
[LOG 20:58:39.724] Config(AGENT) Squad/Agencies/Agents/WinterOwl Aircraft Emporium
[LOG 20:58:39.724] Config(AGENT) Squad/Agencies/Agents/Zaltonic Electronics
[LOG 20:58:39.724] Config(CONTRACT_CONSTRUCTION_PARTS) Squad/Contracts/constructionContractParts/CONTRACT_CONSTRUCTION_PARTS
[LOG 20:58:39.724] Config(Contracts) Squad/Contracts/Contracts/Contracts
[LOG 20:58:39.725] Config(CONTRACTCRAFT) Squad/Contracts/PrebuiltCraft/prebuiltData/CONTRACTCRAFT
[LOG 20:58:39.725] Config(CONTRACTCRAFT) Squad/Contracts/PrebuiltCraft/OrbitalConstructionContract/orbitalConstructionContractCraft/CONTRACTCRAFT
[LOG 20:58:39.725] Config(CONTRACTCRAFT) Squad/Contracts/PrebuiltCraft/RepairContract/repairContractCraft/CONTRACTCRAFT
[LOG 20:58:39.725] Config(CONTRACTCRAFT) Squad/Contracts/PrebuiltCraft/RoverContract/roverContractCraft/CONTRACTCRAFT
[LOG 20:58:39.725] Config(KEYBOARD_LAYOUT) Squad/Controls/Azerty/#autoLOC_6001233
[LOG 20:58:39.725] Config(PITCH_DOWN) Squad/Controls/Azerty/PITCH_DOWN
[LOG 20:58:39.725] Config(PITCH_UP) Squad/Controls/Azerty/PITCH_UP
[LOG 20:58:39.725] Config(YAW_LEFT) Squad/Controls/Azerty/YAW_LEFT
[LOG 20:58:39.725] Config(YAW_RIGHT) Squad/Controls/Azerty/YAW_RIGHT
[LOG 20:58:39.725] Config(ROLL_LEFT) Squad/Controls/Azerty/ROLL_LEFT
[LOG 20:58:39.725] Config(ROLL_RIGHT) Squad/Controls/Azerty/ROLL_RIGHT
[LOG 20:58:39.725] Config(THROTTLE_UP) Squad/Controls/Azerty/THROTTLE_UP
[LOG 20:58:39.725] Config(THROTTLE_DOWN) Squad/Controls/Azerty/THROTTLE_DOWN
[LOG 20:58:39.725] Config(SAS_HOLD) Squad/Controls/Azerty/SAS_HOLD
[LOG 20:58:39.725] Config(SAS_TOGGLE) Squad/Controls/Azerty/SAS_TOGGLE
[LOG 20:58:39.725] Config(LAUNCH_STAGES) Squad/Controls/Azerty/LAUNCH_STAGES
[LOG 20:58:39.725] Config(Docking_toggleRotLin) Squad/Controls/Azerty/Docking_toggleRotLin
[LOG 20:58:39.725] Config(CAMERA_MODE) Squad/Controls/Azerty/CAMERA_MODE
[LOG 20:58:39.725] Config(CAMERA_NEXT) Squad/Controls/Azerty/CAMERA_NEXT
[LOG 20:58:39.725] Config(PAUSE) Squad/Controls/Azerty/PAUSE
[LOG 20:58:39.725] Config(PRECISION_CTRL) Squad/Controls/Azerty/PRECISION_CTRL
[LOG 20:58:39.725] Config(ZOOM_IN) Squad/Controls/Azerty/ZOOM_IN
[LOG 20:58:39.725] Config(ZOOM_OUT) Squad/Controls/Azerty/ZOOM_OUT
[LOG 20:58:39.725] Config(SCROLL_VIEW_UP) Squad/Controls/Azerty/SCROLL_VIEW_UP
[LOG 20:58:39.725] Config(SCROLL_VIEW_DOWN) Squad/Controls/Azerty/SCROLL_VIEW_DOWN
[LOG 20:58:39.725] Config(SCROLL_ICONS_UP) Squad/Controls/Azerty/SCROLL_ICONS_UP
[LOG 20:58:39.725] Config(SCROLL_ICONS_DOWN) Squad/Controls/Azerty/SCROLL_ICONS_DOWN
[LOG 20:58:39.725] Config(CAMERA_ORBIT_UP) Squad/Controls/Azerty/CAMERA_ORBIT_UP
[LOG 20:58:39.725] Config(CAMERA_ORBIT_DOWN) Squad/Controls/Azerty/CAMERA_ORBIT_DOWN
[LOG 20:58:39.725] Config(CAMERA_ORBIT_LEFT) Squad/Controls/Azerty/CAMERA_ORBIT_LEFT
[LOG 20:58:39.725] Config(CAMERA_ORBIT_RIGHT) Squad/Controls/Azerty/CAMERA_ORBIT_RIGHT
[LOG 20:58:39.725] Config(CAMERA_RESET) Squad/Controls/Azerty/CAMERA_RESET
[LOG 20:58:39.725] Config(CAMERA_MOUSE_TOGGLE) Squad/Controls/Azerty/CAMERA_MOUSE_TOGGLE
[LOG 20:58:39.725] Config(TIME_WARP_INCREASE) Squad/Controls/Azerty/TIME_WARP_INCREASE
[LOG 20:58:39.725] Config(TIME_WARP_DECREASE) Squad/Controls/Azerty/TIME_WARP_DECREASE
[LOG 20:58:39.725] Config(TIME_WARP_STOP) Squad/Controls/Azerty/TIME_WARP_STOP
[LOG 20:58:39.725] Config(MAP_VIEW_TOGGLE) Squad/Controls/Azerty/MAP_VIEW_TOGGLE
[LOG 20:58:39.725] Config(NAVBALL_TOGGLE) Squad/Controls/Azerty/NAVBALL_TOGGLE
[LOG 20:58:39.725] Config(UIMODE_STAGING) Squad/Controls/Azerty/UIMODE_STAGING
[LOG 20:58:39.725] Config(UIMODE_DOCKING) Squad/Controls/Azerty/UIMODE_DOCKING
[LOG 20:58:39.725] Config(TRANSLATE_DOWN) Squad/Controls/Azerty/TRANSLATE_DOWN
[LOG 20:58:39.725] Config(TRANSLATE_UP) Squad/Controls/Azerty/TRANSLATE_UP
[LOG 20:58:39.725] Config(TRANSLATE_LEFT) Squad/Controls/Azerty/TRANSLATE_LEFT
[LOG 20:58:39.725] Config(TRANSLATE_RIGHT) Squad/Controls/Azerty/TRANSLATE_RIGHT
[LOG 20:58:39.726] Config(TRANSLATE_FWD) Squad/Controls/Azerty/TRANSLATE_FWD
[LOG 20:58:39.726] Config(TRANSLATE_BACK) Squad/Controls/Azerty/TRANSLATE_BACK
[LOG 20:58:39.726] Config(RCS_TOGGLE) Squad/Controls/Azerty/RCS_TOGGLE
[LOG 20:58:39.726] Config(FOCUS_NEXT_VESSEL) Squad/Controls/Azerty/FOCUS_NEXT_VESSEL
[LOG 20:58:39.726] Config(FOCUS_PREV_VESSEL) Squad/Controls/Azerty/FOCUS_PREV_VESSEL
[LOG 20:58:39.726] Config(TOGGLE_UI) Squad/Controls/Azerty/TOGGLE_UI
[LOG 20:58:39.726] Config(TOGGLE_STATUS_SCREEN) Squad/Controls/Azerty/TOGGLE_STATUS_SCREEN
[LOG 20:58:39.726] Config(TAKE_SCREENSHOT) Squad/Controls/Azerty/TAKE_SCREENSHOT
[LOG 20:58:39.726] Config(TOGGLE_LABELS) Squad/Controls/Azerty/TOGGLE_LABELS
[LOG 20:58:39.726] Config(TOGGLE_TEMP_GAUGES) Squad/Controls/Azerty/TOGGLE_TEMP_GAUGES
[LOG 20:58:39.726] Config(TOGGLE_TEMP_OVERLAY) Squad/Controls/Azerty/TOGGLE_TEMP_OVERLAY
[LOG 20:58:39.726] Config(TOGGLE_FLIGHT_FORCES) Squad/Controls/Azerty/TOGGLE_FLIGHT_FORCES
[LOG 20:58:39.726] Config(QUICKSAVE) Squad/Controls/Azerty/QUICKSAVE
[LOG 20:58:39.726] Config(QUICKLOAD) Squad/Controls/Azerty/QUICKLOAD
[LOG 20:58:39.726] Config(THROTTLE_CUTOFF) Squad/Controls/Azerty/THROTTLE_CUTOFF
[LOG 20:58:39.726] Config(THROTTLE_FULL) Squad/Controls/Azerty/THROTTLE_FULL
[LOG 20:58:39.726] Config(LANDING_GEAR) Squad/Controls/Azerty/LANDING_GEAR
[LOG 20:58:39.726] Config(HEADLIGHT_TOGGLE) Squad/Controls/Azerty/HEADLIGHT_TOGGLE
[LOG 20:58:39.726] Config(BRAKES) Squad/Controls/Azerty/BRAKES
[LOG 20:58:39.726] Config(TOGGLE_SPACENAV_FLIGHT_CONTROL) Squad/Controls/Azerty/TOGGLE_SPACENAV_FLIGHT_CONTROL
[LOG 20:58:39.726] Config(TOGGLE_SPACENAV_ROLL_LOCK) Squad/Controls/Azerty/TOGGLE_SPACENAV_ROLL_LOCK
[LOG 20:58:39.726] Config(WHEEL_STEER_LEFT) Squad/Controls/Azerty/WHEEL_STEER_LEFT
[LOG 20:58:39.726] Config(WHEEL_STEER_RIGHT) Squad/Controls/Azerty/WHEEL_STEER_RIGHT
[LOG 20:58:39.726] Config(WHEEL_THROTTLE_DOWN) Squad/Controls/Azerty/WHEEL_THROTTLE_DOWN
[LOG 20:58:39.726] Config(WHEEL_THROTTLE_UP) Squad/Controls/Azerty/WHEEL_THROTTLE_UP
[LOG 20:58:39.726] Config(EVA_forward) Squad/Controls/Azerty/EVA_forward
[LOG 20:58:39.726] Config(EVA_back) Squad/Controls/Azerty/EVA_back
[LOG 20:58:39.726] Config(EVA_left) Squad/Controls/Azerty/EVA_left
[LOG 20:58:39.726] Config(EVA_right) Squad/Controls/Azerty/EVA_right
[LOG 20:58:39.726] Config(EVA_yaw_left) Squad/Controls/Azerty/EVA_yaw_left
[LOG 20:58:39.726] Config(EVA_yaw_right) Squad/Controls/Azerty/EVA_yaw_right
[LOG 20:58:39.726] Config(EVA_Pack_forward) Squad/Controls/Azerty/EVA_Pack_forward
[LOG 20:58:39.726] Config(EVA_Pack_back) Squad/Controls/Azerty/EVA_Pack_back
[LOG 20:58:39.726] Config(EVA_Pack_left) Squad/Controls/Azerty/EVA_Pack_left
[LOG 20:58:39.726] Config(EVA_Pack_right) Squad/Controls/Azerty/EVA_Pack_right
[LOG 20:58:39.726] Config(EVA_Pack_up) Squad/Controls/Azerty/EVA_Pack_up
[LOG 20:58:39.726] Config(EVA_Pack_down) Squad/Controls/Azerty/EVA_Pack_down
[LOG 20:58:39.726] Config(EVA_Jump) Squad/Controls/Azerty/EVA_Jump
[LOG 20:58:39.726] Config(EVA_Run) Squad/Controls/Azerty/EVA_Run
[LOG 20:58:39.726] Config(EVA_ToggleMovementMode) Squad/Controls/Azerty/EVA_ToggleMovementMode
[LOG 20:58:39.726] Config(EVA_TogglePack) Squad/Controls/Azerty/EVA_TogglePack
[LOG 20:58:39.726] Config(EVA_Use) Squad/Controls/Azerty/EVA_Use
[LOG 20:58:39.726] Config(EVA_Board) Squad/Controls/Azerty/EVA_Board
[LOG 20:58:39.726] Config(EVA_Orient) Squad/Controls/Azerty/EVA_Orient
[LOG 20:58:39.726] Config(EVA_Lights) Squad/Controls/Azerty/EVA_Lights
[LOG 20:58:39.726] Config(EVA_ChuteDeploy) Squad/Controls/Azerty/EVA_ChuteDeploy
[LOG 20:58:39.726] Config(Editor_pitchUp) Squad/Controls/Azerty/Editor_pitchUp
[LOG 20:58:39.727] Config(Editor_pitchDown) Squad/Controls/Azerty/Editor_pitchDown
[LOG 20:58:39.727] Config(Editor_yawLeft) Squad/Controls/Azerty/Editor_yawLeft
[LOG 20:58:39.727] Config(Editor_yawRight) Squad/Controls/Azerty/Editor_yawRight
[LOG 20:58:39.727] Config(Editor_rollLeft) Squad/Controls/Azerty/Editor_rollLeft
[LOG 20:58:39.727] Config(Editor_rollRight) Squad/Controls/Azerty/Editor_rollRight
[LOG 20:58:39.727] Config(Editor_resetRotation) Squad/Controls/Azerty/Editor_resetRotation
[LOG 20:58:39.727] Config(Editor_modePlace) Squad/Controls/Azerty/Editor_modePlace
[LOG 20:58:39.727] Config(Editor_modeOffset) Squad/Controls/Azerty/Editor_modeOffset
[LOG 20:58:39.727] Config(Editor_modeRotate) Squad/Controls/Azerty/Editor_modeRotate
[LOG 20:58:39.727] Config(Editor_modeRoot) Squad/Controls/Azerty/Editor_modeRoot
[LOG 20:58:39.727] Config(Editor_coordSystem) Squad/Controls/Azerty/Editor_coordSystem
[LOG 20:58:39.727] Config(Editor_toggleSymMethod) Squad/Controls/Azerty/Editor_toggleSymMethod
[LOG 20:58:39.727] Config(Editor_toggleSymMode) Squad/Controls/Azerty/Editor_toggleSymMode
[LOG 20:58:39.727] Config(Editor_toggleAngleSnap) Squad/Controls/Azerty/Editor_toggleAngleSnap
[LOG 20:58:39.727] Config(Editor_fineTweak) Squad/Controls/Azerty/Editor_fineTweak
[LOG 20:58:39.727] Config(Editor_partSearch) Squad/Controls/Azerty/Editor_partSearch
[LOG 20:58:39.727] Config(Editor_zoomScrollModifier) Squad/Controls/Azerty/Editor_zoomScrollModifier
[LOG 20:58:39.727] Config(MODIFIER_KEY) Squad/Controls/Azerty/MODIFIER_KEY
[LOG 20:58:39.727] Config(AbortActionGroup) Squad/Controls/Azerty/AbortActionGroup
[LOG 20:58:39.727] Config(CustomActionGroup1) Squad/Controls/Azerty/CustomActionGroup1
[LOG 20:58:39.727] Config(CustomActionGroup2) Squad/Controls/Azerty/CustomActionGroup2
[LOG 20:58:39.727] Config(CustomActionGroup3) Squad/Controls/Azerty/CustomActionGroup3
[LOG 20:58:39.727] Config(CustomActionGroup4) Squad/Controls/Azerty/CustomActionGroup4
[LOG 20:58:39.727] Config(CustomActionGroup5) Squad/Controls/Azerty/CustomActionGroup5
[LOG 20:58:39.727] Config(CustomActionGroup6) Squad/Controls/Azerty/CustomActionGroup6
[LOG 20:58:39.727] Config(CustomActionGroup7) Squad/Controls/Azerty/CustomActionGroup7
[LOG 20:58:39.727] Config(CustomActionGroup8) Squad/Controls/Azerty/CustomActionGroup8
[LOG 20:58:39.727] Config(CustomActionGroup9) Squad/Controls/Azerty/CustomActionGroup9
[LOG 20:58:39.727] Config(CustomActionGroup10) Squad/Controls/Azerty/CustomActionGroup10
[LOG 20:58:39.727] Config(KEY_MAP) Squad/Controls/Azerty/KEY_MAP
[LOG 20:58:39.727] Config(KEYBOARD_LAYOUT) Squad/Controls/Dvorak/#autoLOC_6001234
[LOG 20:58:39.727] Config(PITCH_DOWN) Squad/Controls/Dvorak/PITCH_DOWN
[LOG 20:58:39.727] Config(PITCH_UP) Squad/Controls/Dvorak/PITCH_UP
[LOG 20:58:39.727] Config(YAW_LEFT) Squad/Controls/Dvorak/YAW_LEFT
[LOG 20:58:39.727] Config(YAW_RIGHT) Squad/Controls/Dvorak/YAW_RIGHT
[LOG 20:58:39.727] Config(ROLL_LEFT) Squad/Controls/Dvorak/ROLL_LEFT
[LOG 20:58:39.727] Config(ROLL_RIGHT) Squad/Controls/Dvorak/ROLL_RIGHT
[LOG 20:58:39.727] Config(THROTTLE_UP) Squad/Controls/Dvorak/THROTTLE_UP
[LOG 20:58:39.727] Config(THROTTLE_DOWN) Squad/Controls/Dvorak/THROTTLE_DOWN
[LOG 20:58:39.727] Config(SAS_HOLD) Squad/Controls/Dvorak/SAS_HOLD
[LOG 20:58:39.727] Config(SAS_TOGGLE) Squad/Controls/Dvorak/SAS_TOGGLE
[LOG 20:58:39.727] Config(LAUNCH_STAGES) Squad/Controls/Dvorak/LAUNCH_STAGES
[LOG 20:58:39.727] Config(Docking_toggleRotLin) Squad/Controls/Dvorak/Docking_toggleRotLin
[LOG 20:58:39.727] Config(CAMERA_MODE) Squad/Controls/Dvorak/CAMERA_MODE
[LOG 20:58:39.727] Config(CAMERA_NEXT) Squad/Controls/Dvorak/CAMERA_NEXT
[LOG 20:58:39.727] Config(PAUSE) Squad/Controls/Dvorak/PAUSE
[LOG 20:58:39.727] Config(PRECISION_CTRL) Squad/Controls/Dvorak/PRECISION_CTRL
[LOG 20:58:39.727] Config(ZOOM_IN) Squad/Controls/Dvorak/ZOOM_IN
[LOG 20:58:39.727] Config(ZOOM_OUT) Squad/Controls/Dvorak/ZOOM_OUT
[LOG 20:58:39.727] Config(SCROLL_VIEW_UP) Squad/Controls/Dvorak/SCROLL_VIEW_UP
[LOG 20:58:39.727] Config(SCROLL_VIEW_DOWN) Squad/Controls/Dvorak/SCROLL_VIEW_DOWN
[LOG 20:58:39.727] Config(SCROLL_ICONS_UP) Squad/Controls/Dvorak/SCROLL_ICONS_UP
[LOG 20:58:39.727] Config(SCROLL_ICONS_DOWN) Squad/Controls/Dvorak/SCROLL_ICONS_DOWN
[LOG 20:58:39.727] Config(CAMERA_ORBIT_UP) Squad/Controls/Dvorak/CAMERA_ORBIT_UP
[LOG 20:58:39.727] Config(CAMERA_ORBIT_DOWN) Squad/Controls/Dvorak/CAMERA_ORBIT_DOWN
[LOG 20:58:39.727] Config(CAMERA_ORBIT_LEFT) Squad/Controls/Dvorak/CAMERA_ORBIT_LEFT
[LOG 20:58:39.727] Config(CAMERA_ORBIT_RIGHT) Squad/Controls/Dvorak/CAMERA_ORBIT_RIGHT
[LOG 20:58:39.727] Config(CAMERA_RESET) Squad/Controls/Dvorak/CAMERA_RESET
[LOG 20:58:39.727] Config(CAMERA_MOUSE_TOGGLE) Squad/Controls/Dvorak/CAMERA_MOUSE_TOGGLE
[LOG 20:58:39.727] Config(TIME_WARP_INCREASE) Squad/Controls/Dvorak/TIME_WARP_INCREASE
[LOG 20:58:39.727] Config(TIME_WARP_DECREASE) Squad/Controls/Dvorak/TIME_WARP_DECREASE
[LOG 20:58:39.727] Config(TIME_WARP_STOP) Squad/Controls/Dvorak/TIME_WARP_STOP
[LOG 20:58:39.727] Config(MAP_VIEW_TOGGLE) Squad/Controls/Dvorak/MAP_VIEW_TOGGLE
[LOG 20:58:39.727] Config(NAVBALL_TOGGLE) Squad/Controls/Dvorak/NAVBALL_TOGGLE
[LOG 20:58:39.727] Config(UIMODE_STAGING) Squad/Controls/Dvorak/UIMODE_STAGING
[LOG 20:58:39.727] Config(UIMODE_DOCKING) Squad/Controls/Dvorak/UIMODE_DOCKING
[LOG 20:58:39.727] Config(TRANSLATE_DOWN) Squad/Controls/Dvorak/TRANSLATE_DOWN
[LOG 20:58:39.727] Config(TRANSLATE_UP) Squad/Controls/Dvorak/TRANSLATE_UP
[LOG 20:58:39.727] Config(TRANSLATE_LEFT) Squad/Controls/Dvorak/TRANSLATE_LEFT
[LOG 20:58:39.727] Config(TRANSLATE_RIGHT) Squad/Controls/Dvorak/TRANSLATE_RIGHT
[LOG 20:58:39.729] Config(TRANSLATE_FWD) Squad/Controls/Dvorak/TRANSLATE_FWD
[LOG 20:58:39.729] Config(TRANSLATE_BACK) Squad/Controls/Dvorak/TRANSLATE_BACK
[LOG 20:58:39.729] Config(RCS_TOGGLE) Squad/Controls/Dvorak/RCS_TOGGLE
[LOG 20:58:39.729] Config(FOCUS_NEXT_VESSEL) Squad/Controls/Dvorak/FOCUS_NEXT_VESSEL
[LOG 20:58:39.729] Config(FOCUS_PREV_VESSEL) Squad/Controls/Dvorak/FOCUS_PREV_VESSEL
[LOG 20:58:39.729] Config(TOGGLE_UI) Squad/Controls/Dvorak/TOGGLE_UI
[LOG 20:58:39.729] Config(TOGGLE_STATUS_SCREEN) Squad/Controls/Dvorak/TOGGLE_STATUS_SCREEN
[LOG 20:58:39.729] Config(TAKE_SCREENSHOT) Squad/Controls/Dvorak/TAKE_SCREENSHOT
[LOG 20:58:39.729] Config(TOGGLE_LABELS) Squad/Controls/Dvorak/TOGGLE_LABELS
[LOG 20:58:39.729] Config(TOGGLE_TEMP_GAUGES) Squad/Controls/Dvorak/TOGGLE_TEMP_GAUGES
[LOG 20:58:39.729] Config(TOGGLE_TEMP_OVERLAY) Squad/Controls/Dvorak/TOGGLE_TEMP_OVERLAY
[LOG 20:58:39.729] Config(TOGGLE_FLIGHT_FORCES) Squad/Controls/Dvorak/TOGGLE_FLIGHT_FORCES
[LOG 20:58:39.729] Config(QUICKSAVE) Squad/Controls/Dvorak/QUICKSAVE
[LOG 20:58:39.729] Config(QUICKLOAD) Squad/Controls/Dvorak/QUICKLOAD
[LOG 20:58:39.729] Config(THROTTLE_CUTOFF) Squad/Controls/Dvorak/THROTTLE_CUTOFF
[LOG 20:58:39.729] Config(THROTTLE_FULL) Squad/Controls/Dvorak/THROTTLE_FULL
[LOG 20:58:39.729] Config(LANDING_GEAR) Squad/Controls/Dvorak/LANDING_GEAR
[LOG 20:58:39.729] Config(HEADLIGHT_TOGGLE) Squad/Controls/Dvorak/HEADLIGHT_TOGGLE
[LOG 20:58:39.729] Config(BRAKES) Squad/Controls/Dvorak/BRAKES
[LOG 20:58:39.729] Config(TOGGLE_SPACENAV_FLIGHT_CONTROL) Squad/Controls/Dvorak/TOGGLE_SPACENAV_FLIGHT_CONTROL
[LOG 20:58:39.729] Config(TOGGLE_SPACENAV_ROLL_LOCK) Squad/Controls/Dvorak/TOGGLE_SPACENAV_ROLL_LOCK
[LOG 20:58:39.729] Config(WHEEL_STEER_LEFT) Squad/Controls/Dvorak/WHEEL_STEER_LEFT
[LOG 20:58:39.729] Config(WHEEL_STEER_RIGHT) Squad/Controls/Dvorak/WHEEL_STEER_RIGHT
[LOG 20:58:39.729] Config(WHEEL_THROTTLE_DOWN) Squad/Controls/Dvorak/WHEEL_THROTTLE_DOWN
[LOG 20:58:39.729] Config(WHEEL_THROTTLE_UP) Squad/Controls/Dvorak/WHEEL_THROTTLE_UP
[LOG 20:58:39.729] Config(EVA_forward) Squad/Controls/Dvorak/EVA_forward
[LOG 20:58:39.729] Config(EVA_back) Squad/Controls/Dvorak/EVA_back
[LOG 20:58:39.729] Config(EVA_left) Squad/Controls/Dvorak/EVA_left
[LOG 20:58:39.729] Config(EVA_right) Squad/Controls/Dvorak/EVA_right
[LOG 20:58:39.729] Config(EVA_yaw_left) Squad/Controls/Dvorak/EVA_yaw_left
[LOG 20:58:39.729] Config(EVA_yaw_right) Squad/Controls/Dvorak/EVA_yaw_right
[LOG 20:58:39.729] Config(EVA_Pack_forward) Squad/Controls/Dvorak/EVA_Pack_forward
[LOG 20:58:39.729] Config(EVA_Pack_back) Squad/Controls/Dvorak/EVA_Pack_back
[LOG 20:58:39.729] Config(EVA_Pack_left) Squad/Controls/Dvorak/EVA_Pack_left
[LOG 20:58:39.729] Config(EVA_Pack_right) Squad/Controls/Dvorak/EVA_Pack_right
[LOG 20:58:39.730] Config(EVA_Pack_up) Squad/Controls/Dvorak/EVA_Pack_up
[LOG 20:58:39.730] Config(EVA_Pack_down) Squad/Controls/Dvorak/EVA_Pack_down
[LOG 20:58:39.730] Config(EVA_Jump) Squad/Controls/Dvorak/EVA_Jump
[LOG 20:58:39.730] Config(EVA_Run) Squad/Controls/Dvorak/EVA_Run
[LOG 20:58:39.730] Config(EVA_ToggleMovementMode) Squad/Controls/Dvorak/EVA_ToggleMovementMode
[LOG 20:58:39.730] Config(EVA_TogglePack) Squad/Controls/Dvorak/EVA_TogglePack
[LOG 20:58:39.730] Config(EVA_Use) Squad/Controls/Dvorak/EVA_Use
[LOG 20:58:39.730] Config(EVA_Board) Squad/Controls/Dvorak/EVA_Board
[LOG 20:58:39.730] Config(EVA_Orient) Squad/Controls/Dvorak/EVA_Orient
[LOG 20:58:39.730] Config(EVA_Lights) Squad/Controls/Dvorak/EVA_Lights
[LOG 20:58:39.730] Config(EVA_ChuteDeploy) Squad/Controls/Dvorak/EVA_ChuteDeploy
[LOG 20:58:39.730] Config(Editor_pitchUp) Squad/Controls/Dvorak/Editor_pitchUp
[LOG 20:58:39.730] Config(Editor_pitchDown) Squad/Controls/Dvorak/Editor_pitchDown
[LOG 20:58:39.730] Config(Editor_yawLeft) Squad/Controls/Dvorak/Editor_yawLeft
[LOG 20:58:39.730] Config(Editor_yawRight) Squad/Controls/Dvorak/Editor_yawRight
[LOG 20:58:39.730] Config(Editor_rollLeft) Squad/Controls/Dvorak/Editor_rollLeft
[LOG 20:58:39.730] Config(Editor_rollRight) Squad/Controls/Dvorak/Editor_rollRight
[LOG 20:58:39.730] Config(Editor_resetRotation) Squad/Controls/Dvorak/Editor_resetRotation
[LOG 20:58:39.730] Config(Editor_modePlace) Squad/Controls/Dvorak/Editor_modePlace
[LOG 20:58:39.730] Config(Editor_modeOffset) Squad/Controls/Dvorak/Editor_modeOffset
[LOG 20:58:39.730] Config(Editor_modeRotate) Squad/Controls/Dvorak/Editor_modeRotate
[LOG 20:58:39.730] Config(Editor_modeRoot) Squad/Controls/Dvorak/Editor_modeRoot
[LOG 20:58:39.730] Config(Editor_coordSystem) Squad/Controls/Dvorak/Editor_coordSystem
[LOG 20:58:39.730] Config(Editor_toggleSymMethod) Squad/Controls/Dvorak/Editor_toggleSymMethod
[LOG 20:58:39.730] Config(Editor_toggleSymMode) Squad/Controls/Dvorak/Editor_toggleSymMode
[LOG 20:58:39.730] Config(Editor_toggleAngleSnap) Squad/Controls/Dvorak/Editor_toggleAngleSnap
[LOG 20:58:39.730] Config(Editor_fineTweak) Squad/Controls/Dvorak/Editor_fineTweak
[LOG 20:58:39.730] Config(Editor_partSearch) Squad/Controls/Dvorak/Editor_partSearch
[LOG 20:58:39.730] Config(Editor_zoomScrollModifier) Squad/Controls/Dvorak/Editor_zoomScrollModifier
[LOG 20:58:39.730] Config(MODIFIER_KEY) Squad/Controls/Dvorak/MODIFIER_KEY
[LOG 20:58:39.730] Config(AbortActionGroup) Squad/Controls/Dvorak/AbortActionGroup
[LOG 20:58:39.730] Config(CustomActionGroup1) Squad/Controls/Dvorak/CustomActionGroup1
[LOG 20:58:39.730] Config(CustomActionGroup2) Squad/Controls/Dvorak/CustomActionGroup2
[LOG 20:58:39.730] Config(CustomActionGroup3) Squad/Controls/Dvorak/CustomActionGroup3
[LOG 20:58:39.730] Config(CustomActionGroup4) Squad/Controls/Dvorak/CustomActionGroup4
[LOG 20:58:39.730] Config(CustomActionGroup5) Squad/Controls/Dvorak/CustomActionGroup5
[LOG 20:58:39.730] Config(CustomActionGroup6) Squad/Controls/Dvorak/CustomActionGroup6
[LOG 20:58:39.730] Config(CustomActionGroup7) Squad/Controls/Dvorak/CustomActionGroup7
[LOG 20:58:39.730] Config(CustomActionGroup8) Squad/Controls/Dvorak/CustomActionGroup8
[LOG 20:58:39.730] Config(CustomActionGroup9) Squad/Controls/Dvorak/CustomActionGroup9
[LOG 20:58:39.730] Config(CustomActionGroup10) Squad/Controls/Dvorak/CustomActionGroup10
[LOG 20:58:39.730] Config(KEY_MAP) Squad/Controls/Dvorak/KEY_MAP
[LOG 20:58:39.730] Config(KEYBOARD_LAYOUT) Squad/Controls/Qwerty/#autoLOC_6001227
[LOG 20:58:39.730] Config(PITCH_DOWN) Squad/Controls/Qwerty/PITCH_DOWN
[LOG 20:58:39.730] Config(PITCH_UP) Squad/Controls/Qwerty/PITCH_UP
[LOG 20:58:39.731] Config(YAW_LEFT) Squad/Controls/Qwerty/YAW_LEFT
[LOG 20:58:39.731] Config(YAW_RIGHT) Squad/Controls/Qwerty/YAW_RIGHT
[LOG 20:58:39.731] Config(ROLL_LEFT) Squad/Controls/Qwerty/ROLL_LEFT
[LOG 20:58:39.731] Config(ROLL_RIGHT) Squad/Controls/Qwerty/ROLL_RIGHT
[LOG 20:58:39.731] Config(THROTTLE_UP) Squad/Controls/Qwerty/THROTTLE_UP
[LOG 20:58:39.731] Config(THROTTLE_DOWN) Squad/Controls/Qwerty/THROTTLE_DOWN
[LOG 20:58:39.731] Config(SAS_HOLD) Squad/Controls/Qwerty/SAS_HOLD
[LOG 20:58:39.731] Config(SAS_TOGGLE) Squad/Controls/Qwerty/SAS_TOGGLE
[LOG 20:58:39.731] Config(LAUNCH_STAGES) Squad/Controls/Qwerty/LAUNCH_STAGES
[LOG 20:58:39.731] Config(Docking_toggleRotLin) Squad/Controls/Qwerty/Docking_toggleRotLin
[LOG 20:58:39.731] Config(CAMERA_MODE) Squad/Controls/Qwerty/CAMERA_MODE
[LOG 20:58:39.731] Config(CAMERA_NEXT) Squad/Controls/Qwerty/CAMERA_NEXT
[LOG 20:58:39.731] Config(PAUSE) Squad/Controls/Qwerty/PAUSE
[LOG 20:58:39.731] Config(PRECISION_CTRL) Squad/Controls/Qwerty/PRECISION_CTRL
[LOG 20:58:39.731] Config(ZOOM_IN) Squad/Controls/Qwerty/ZOOM_IN
[LOG 20:58:39.731] Config(ZOOM_OUT) Squad/Controls/Qwerty/ZOOM_OUT
[LOG 20:58:39.731] Config(SCROLL_VIEW_UP) Squad/Controls/Qwerty/SCROLL_VIEW_UP
[LOG 20:58:39.731] Config(SCROLL_VIEW_DOWN) Squad/Controls/Qwerty/SCROLL_VIEW_DOWN
[LOG 20:58:39.731] Config(SCROLL_ICONS_UP) Squad/Controls/Qwerty/SCROLL_ICONS_UP
[LOG 20:58:39.731] Config(SCROLL_ICONS_DOWN) Squad/Controls/Qwerty/SCROLL_ICONS_DOWN
[LOG 20:58:39.731] Config(CAMERA_ORBIT_UP) Squad/Controls/Qwerty/CAMERA_ORBIT_UP
[LOG 20:58:39.731] Config(CAMERA_ORBIT_DOWN) Squad/Controls/Qwerty/CAMERA_ORBIT_DOWN
[LOG 20:58:39.731] Config(CAMERA_ORBIT_LEFT) Squad/Controls/Qwerty/CAMERA_ORBIT_LEFT
[LOG 20:58:39.731] Config(CAMERA_ORBIT_RIGHT) Squad/Controls/Qwerty/CAMERA_ORBIT_RIGHT
[LOG 20:58:39.731] Config(CAMERA_RESET) Squad/Controls/Qwerty/CAMERA_RESET
[LOG 20:58:39.731] Config(CAMERA_MOUSE_TOGGLE) Squad/Controls/Qwerty/CAMERA_MOUSE_TOGGLE
[LOG 20:58:39.731] Config(TIME_WARP_INCREASE) Squad/Controls/Qwerty/TIME_WARP_INCREASE
[LOG 20:58:39.731] Config(TIME_WARP_DECREASE) Squad/Controls/Qwerty/TIME_WARP_DECREASE
[LOG 20:58:39.731] Config(TIME_WARP_STOP) Squad/Controls/Qwerty/TIME_WARP_STOP
[LOG 20:58:39.731] Config(MAP_VIEW_TOGGLE) Squad/Controls/Qwerty/MAP_VIEW_TOGGLE
[LOG 20:58:39.731] Config(NAVBALL_TOGGLE) Squad/Controls/Qwerty/NAVBALL_TOGGLE
[LOG 20:58:39.731] Config(UIMODE_STAGING) Squad/Controls/Qwerty/UIMODE_STAGING
[LOG 20:58:39.731] Config(UIMODE_DOCKING) Squad/Controls/Qwerty/UIMODE_DOCKING
[LOG 20:58:39.731] Config(TRANSLATE_DOWN) Squad/Controls/Qwerty/TRANSLATE_DOWN
[LOG 20:58:39.731] Config(TRANSLATE_UP) Squad/Controls/Qwerty/TRANSLATE_UP
[LOG 20:58:39.731] Config(TRANSLATE_LEFT) Squad/Controls/Qwerty/TRANSLATE_LEFT
[LOG 20:58:39.731] Config(TRANSLATE_RIGHT) Squad/Controls/Qwerty/TRANSLATE_RIGHT
[LOG 20:58:39.731] Config(TRANSLATE_FWD) Squad/Controls/Qwerty/TRANSLATE_FWD
[LOG 20:58:39.731] Config(TRANSLATE_BACK) Squad/Controls/Qwerty/TRANSLATE_BACK
[LOG 20:58:39.731] Config(RCS_TOGGLE) Squad/Controls/Qwerty/RCS_TOGGLE
[LOG 20:58:39.731] Config(FOCUS_NEXT_VESSEL) Squad/Controls/Qwerty/FOCUS_NEXT_VESSEL
[LOG 20:58:39.731] Config(FOCUS_PREV_VESSEL) Squad/Controls/Qwerty/FOCUS_PREV_VESSEL
[LOG 20:58:39.731] Config(TOGGLE_UI) Squad/Controls/Qwerty/TOGGLE_UI
[LOG 20:58:39.731] Config(TOGGLE_STATUS_SCREEN) Squad/Controls/Qwerty/TOGGLE_STATUS_SCREEN
[LOG 20:58:39.731] Config(TAKE_SCREENSHOT) Squad/Controls/Qwerty/TAKE_SCREENSHOT
[LOG 20:58:39.731] Config(TOGGLE_LABELS) Squad/Controls/Qwerty/TOGGLE_LABELS
[LOG 20:58:39.731] Config(TOGGLE_TEMP_GAUGES) Squad/Controls/Qwerty/TOGGLE_TEMP_GAUGES
[LOG 20:58:39.732] Config(TOGGLE_TEMP_OVERLAY) Squad/Controls/Qwerty/TOGGLE_TEMP_OVERLAY
[LOG 20:58:39.732] Config(TOGGLE_FLIGHT_FORCES) Squad/Controls/Qwerty/TOGGLE_FLIGHT_FORCES
[LOG 20:58:39.732] Config(QUICKSAVE) Squad/Controls/Qwerty/QUICKSAVE
[LOG 20:58:39.732] Config(QUICKLOAD) Squad/Controls/Qwerty/QUICKLOAD
[LOG 20:58:39.732] Config(THROTTLE_CUTOFF) Squad/Controls/Qwerty/THROTTLE_CUTOFF
[LOG 20:58:39.732] Config(THROTTLE_FULL) Squad/Controls/Qwerty/THROTTLE_FULL
[LOG 20:58:39.732] Config(LANDING_GEAR) Squad/Controls/Qwerty/LANDING_GEAR
[LOG 20:58:39.732] Config(HEADLIGHT_TOGGLE) Squad/Controls/Qwerty/HEADLIGHT_TOGGLE
[LOG 20:58:39.732] Config(BRAKES) Squad/Controls/Qwerty/BRAKES
[LOG 20:58:39.732] Config(TOGGLE_SPACENAV_FLIGHT_CONTROL) Squad/Controls/Qwerty/TOGGLE_SPACENAV_FLIGHT_CONTROL
[LOG 20:58:39.732] Config(TOGGLE_SPACENAV_ROLL_LOCK) Squad/Controls/Qwerty/TOGGLE_SPACENAV_ROLL_LOCK
[LOG 20:58:39.732] Config(WHEEL_STEER_LEFT) Squad/Controls/Qwerty/WHEEL_STEER_LEFT
[LOG 20:58:39.732] Config(WHEEL_STEER_RIGHT) Squad/Controls/Qwerty/WHEEL_STEER_RIGHT
[LOG 20:58:39.732] Config(WHEEL_THROTTLE_DOWN) Squad/Controls/Qwerty/WHEEL_THROTTLE_DOWN
[LOG 20:58:39.732] Config(WHEEL_THROTTLE_UP) Squad/Controls/Qwerty/WHEEL_THROTTLE_UP
[LOG 20:58:39.732] Config(EVA_forward) Squad/Controls/Qwerty/EVA_forward
[LOG 20:58:39.732] Config(EVA_back) Squad/Controls/Qwerty/EVA_back
[LOG 20:58:39.732] Config(EVA_left) Squad/Controls/Qwerty/EVA_left
[LOG 20:58:39.732] Config(EVA_right) Squad/Controls/Qwerty/EVA_right
[LOG 20:58:39.732] Config(EVA_yaw_left) Squad/Controls/Qwerty/EVA_yaw_left
[LOG 20:58:39.732] Config(EVA_yaw_right) Squad/Controls/Qwerty/EVA_yaw_right
[LOG 20:58:39.732] Config(EVA_Pack_forward) Squad/Controls/Qwerty/EVA_Pack_forward
[LOG 20:58:39.732] Config(EVA_Pack_back) Squad/Controls/Qwerty/EVA_Pack_back
[LOG 20:58:39.732] Config(EVA_Pack_left) Squad/Controls/Qwerty/EVA_Pack_left
[LOG 20:58:39.732] Config(EVA_Pack_right) Squad/Controls/Qwerty/EVA_Pack_right
[LOG 20:58:39.732] Config(EVA_Pack_up) Squad/Controls/Qwerty/EVA_Pack_up
[LOG 20:58:39.732] Config(EVA_Pack_down) Squad/Controls/Qwerty/EVA_Pack_down
[LOG 20:58:39.732] Config(EVA_Jump) Squad/Controls/Qwerty/EVA_Jump
[LOG 20:58:39.732] Config(EVA_Run) Squad/Controls/Qwerty/EVA_Run
[LOG 20:58:39.732] Config(EVA_ToggleMovementMode) Squad/Controls/Qwerty/EVA_ToggleMovementMode
[LOG 20:58:39.732] Config(EVA_TogglePack) Squad/Controls/Qwerty/EVA_TogglePack
[LOG 20:58:39.732] Config(EVA_Use) Squad/Controls/Qwerty/EVA_Use
[LOG 20:58:39.732] Config(EVA_Board) Squad/Controls/Qwerty/EVA_Board
[LOG 20:58:39.732] Config(EVA_Orient) Squad/Controls/Qwerty/EVA_Orient
[LOG 20:58:39.732] Config(EVA_Lights) Squad/Controls/Qwerty/EVA_Lights
[LOG 20:58:39.732] Config(EVA_ChuteDeploy) Squad/Controls/Qwerty/EVA_ChuteDeploy
[LOG 20:58:39.732] Config(Editor_pitchUp) Squad/Controls/Qwerty/Editor_pitchUp
[LOG 20:58:39.732] Config(Editor_pitchDown) Squad/Controls/Qwerty/Editor_pitchDown
[LOG 20:58:39.732] Config(Editor_yawLeft) Squad/Controls/Qwerty/Editor_yawLeft
[LOG 20:58:39.732] Config(Editor_yawRight) Squad/Controls/Qwerty/Editor_yawRight
[LOG 20:58:39.732] Config(Editor_rollLeft) Squad/Controls/Qwerty/Editor_rollLeft
[LOG 20:58:39.732] Config(Editor_rollRight) Squad/Controls/Qwerty/Editor_rollRight
[LOG 20:58:39.732] Config(Editor_resetRotation) Squad/Controls/Qwerty/Editor_resetRotation
[LOG 20:58:39.732] Config(Editor_modePlace) Squad/Controls/Qwerty/Editor_modePlace
[LOG 20:58:39.732] Config(Editor_modeOffset) Squad/Controls/Qwerty/Editor_modeOffset
[LOG 20:58:39.732] Config(Editor_modeRotate) Squad/Controls/Qwerty/Editor_modeRotate
[LOG 20:58:39.732] Config(Editor_modeRoot) Squad/Controls/Qwerty/Editor_modeRoot
[LOG 20:58:39.732] Config(Editor_coordSystem) Squad/Controls/Qwerty/Editor_coordSystem
[LOG 20:58:39.732] Config(Editor_toggleSymMethod) Squad/Controls/Qwerty/Editor_toggleSymMethod
[LOG 20:58:39.732] Config(Editor_toggleSymMode) Squad/Controls/Qwerty/Editor_toggleSymMode
[LOG 20:58:39.732] Config(Editor_toggleAngleSnap) Squad/Controls/Qwerty/Editor_toggleAngleSnap
[LOG 20:58:39.732] Config(Editor_fineTweak) Squad/Controls/Qwerty/Editor_fineTweak
[LOG 20:58:39.732] Config(Editor_partSearch) Squad/Controls/Qwerty/Editor_partSearch
[LOG 20:58:39.732] Config(Editor_zoomScrollModifier) Squad/Controls/Qwerty/Editor_zoomScrollModifier
[LOG 20:58:39.732] Config(MODIFIER_KEY) Squad/Controls/Qwerty/MODIFIER_KEY
[LOG 20:58:39.732] Config(AbortActionGroup) Squad/Controls/Qwerty/AbortActionGroup
[LOG 20:58:39.732] Config(CustomActionGroup1) Squad/Controls/Qwerty/CustomActionGroup1
[LOG 20:58:39.732] Config(CustomActionGroup2) Squad/Controls/Qwerty/CustomActionGroup2
[LOG 20:58:39.732] Config(CustomActionGroup3) Squad/Controls/Qwerty/CustomActionGroup3
[LOG 20:58:39.732] Config(CustomActionGroup4) Squad/Controls/Qwerty/CustomActionGroup4
[LOG 20:58:39.732] Config(CustomActionGroup5) Squad/Controls/Qwerty/CustomActionGroup5
[LOG 20:58:39.732] Config(CustomActionGroup6) Squad/Controls/Qwerty/CustomActionGroup6
[LOG 20:58:39.732] Config(CustomActionGroup7) Squad/Controls/Qwerty/CustomActionGroup7
[LOG 20:58:39.732] Config(CustomActionGroup8) Squad/Controls/Qwerty/CustomActionGroup8
[LOG 20:58:39.732] Config(CustomActionGroup9) Squad/Controls/Qwerty/CustomActionGroup9
[LOG 20:58:39.732] Config(CustomActionGroup10) Squad/Controls/Qwerty/CustomActionGroup10
[LOG 20:58:39.732] Config(KEY_MAP) Squad/Controls/Qwerty/KEY_MAP
[LOG 20:58:39.732] Config(KEYBOARD_LAYOUT) Squad/Controls/Qwerty_en-GB/#autoLOC_6001228
[LOG 20:58:39.732] Config(KEY_MAP) Squad/Controls/Qwerty_en-GB/KEY_MAP
[LOG 20:58:39.732] Config(KEYBOARD_LAYOUT) Squad/Controls/Qwerty_es-LA/#autoLOC_6001229
[LOG 20:58:39.732] Config(CAMERA_MOUSE_TOGGLE) Squad/Controls/Qwerty_es-LA/CAMERA_MOUSE_TOGGLE
[LOG 20:58:39.733] Config(TIME_WARP_STOP) Squad/Controls/Qwerty_es-LA/TIME_WARP_STOP
[LOG 20:58:39.733] Config(FOCUS_NEXT_VESSEL) Squad/Controls/Qwerty_es-LA/FOCUS_NEXT_VESSEL
[LOG 20:58:39.733] Config(FOCUS_PREV_VESSEL) Squad/Controls/Qwerty_es-LA/FOCUS_PREV_VESSEL
[LOG 20:58:39.733] Config(CAMERA_RESET) Squad/Controls/Qwerty_es-LA/CAMERA_RESET
[LOG 20:58:39.733] Config(Editor_partSearch) Squad/Controls/Qwerty_es-LA/Editor_partSearch
[LOG 20:58:39.733] Config(KEY_MAP) Squad/Controls/Qwerty_es-LA/KEY_MAP
[LOG 20:58:39.733] Config(KEYBOARD_LAYOUT) Squad/Controls/Qwerty_it-IT/#autoLOC_6001230
[LOG 20:58:39.733] Config(FOCUS_NEXT_VESSEL) Squad/Controls/Qwerty_it-IT/FOCUS_NEXT_VESSEL
[LOG 20:58:39.733] Config(FOCUS_PREV_VESSEL) Squad/Controls/Qwerty_it-IT/FOCUS_PREV_VESSEL
[LOG 20:58:39.733] Config(CAMERA_MOUSE_TOGGLE) Squad/Controls/Qwerty_it-IT/CAMERA_MOUSE_TOGGLE
[LOG 20:58:39.733] Config(TIME_WARP_STOP) Squad/Controls/Qwerty_it-IT/TIME_WARP_STOP
[LOG 20:58:39.733] Config(CAMERA_RESET) Squad/Controls/Qwerty_it-IT/CAMERA_RESET
[LOG 20:58:39.733] Config(Editor_partSearch) Squad/Controls/Qwerty_it-IT/Editor_partSearch
[LOG 20:58:39.733] Config(KEY_MAP) Squad/Controls/Qwerty_it-IT/KEY_MAP
[LOG 20:58:39.733] Config(KEYBOARD_LAYOUT) Squad/Controls/Qwerty_ja-JP/#autoLOC_6001231
[LOG 20:58:39.733] Config(FOCUS_NEXT_VESSEL) Squad/Controls/Qwerty_ja-JP/FOCUS_NEXT_VESSEL
[LOG 20:58:39.733] Config(FOCUS_PREV_VESSEL) Squad/Controls/Qwerty_ja-JP/FOCUS_PREV_VESSEL
[LOG 20:58:39.733] Config(PRECISION_CTRL) Squad/Controls/Qwerty_ja-JP/PRECISION_CTRL
[LOG 20:58:39.733] Config(CAMERA_MOUSE_TOGGLE) Squad/Controls/Qwerty_ja-JP/CAMERA_MOUSE_TOGGLE
[LOG 20:58:39.733] Config(Editor_partSearch) Squad/Controls/Qwerty_ja-JP/Editor_partSearch
[LOG 20:58:39.733] Config(CAMERA_RESET) Squad/Controls/Qwerty_ja-JP/CAMERA_RESET
[LOG 20:58:39.733] Config(KEY_MAP) Squad/Controls/Qwerty_ja-JP/KEY_MAP
[LOG 20:58:39.733] Config(KEYBOARD_LAYOUT) Squad/Controls/Qwerty_pt-PT/#autoLOC_6001230
[LOG 20:58:39.733] Config(FOCUS_NEXT_VESSEL) Squad/Controls/Qwerty_pt-PT/FOCUS_NEXT_VESSEL
[LOG 20:58:39.733] Config(FOCUS_PREV_VESSEL) Squad/Controls/Qwerty_pt-PT/FOCUS_PREV_VESSEL
[LOG 20:58:39.733] Config(CAMERA_MOUSE_TOGGLE) Squad/Controls/Qwerty_pt-PT/CAMERA_MOUSE_TOGGLE
[LOG 20:58:39.733] Config(TIME_WARP_STOP) Squad/Controls/Qwerty_pt-PT/TIME_WARP_STOP
[LOG 20:58:39.733] Config(CAMERA_RESET) Squad/Controls/Qwerty_pt-PT/CAMERA_RESET
[LOG 20:58:39.733] Config(Editor_partSearch) Squad/Controls/Qwerty_pt-PT/Editor_partSearch
[LOG 20:58:39.733] Config(KEY_MAP) Squad/Controls/Qwerty_pt-PT/KEY_MAP
[LOG 20:58:39.733] Config(KEYBOARD_LAYOUT) Squad/Controls/Qwertz/#autoLOC_6001232
[LOG 20:58:39.733] Config(PITCH_DOWN) Squad/Controls/Qwertz/PITCH_DOWN
[LOG 20:58:39.733] Config(PITCH_UP) Squad/Controls/Qwertz/PITCH_UP
[LOG 20:58:39.733] Config(YAW_LEFT) Squad/Controls/Qwertz/YAW_LEFT
[LOG 20:58:39.733] Config(YAW_RIGHT) Squad/Controls/Qwertz/YAW_RIGHT
[LOG 20:58:39.733] Config(ROLL_LEFT) Squad/Controls/Qwertz/ROLL_LEFT
[LOG 20:58:39.733] Config(ROLL_RIGHT) Squad/Controls/Qwertz/ROLL_RIGHT
[LOG 20:58:39.733] Config(THROTTLE_UP) Squad/Controls/Qwertz/THROTTLE_UP
[LOG 20:58:39.733] Config(THROTTLE_DOWN) Squad/Controls/Qwertz/THROTTLE_DOWN
[LOG 20:58:39.733] Config(SAS_HOLD) Squad/Controls/Qwertz/SAS_HOLD
[LOG 20:58:39.733] Config(SAS_TOGGLE) Squad/Controls/Qwertz/SAS_TOGGLE
[LOG 20:58:39.733] Config(LAUNCH_STAGES) Squad/Controls/Qwertz/LAUNCH_STAGES
[LOG 20:58:39.733] Config(Docking_toggleRotLin) Squad/Controls/Qwertz/Docking_toggleRotLin
[LOG 20:58:39.733] Config(CAMERA_MODE) Squad/Controls/Qwertz/CAMERA_MODE
[LOG 20:58:39.733] Config(CAMERA_NEXT) Squad/Controls/Qwertz/CAMERA_NEXT
[LOG 20:58:39.733] Config(PAUSE) Squad/Controls/Qwertz/PAUSE
[LOG 20:58:39.733] Config(PRECISION_CTRL) Squad/Controls/Qwertz/PRECISION_CTRL
[LOG 20:58:39.733] Config(ZOOM_IN) Squad/Controls/Qwertz/ZOOM_IN
[LOG 20:58:39.734] Config(ZOOM_OUT) Squad/Controls/Qwertz/ZOOM_OUT
[LOG 20:58:39.734] Config(SCROLL_VIEW_UP) Squad/Controls/Qwertz/SCROLL_VIEW_UP
[LOG 20:58:39.734] Config(SCROLL_VIEW_DOWN) Squad/Controls/Qwertz/SCROLL_VIEW_DOWN
[LOG 20:58:39.734] Config(SCROLL_ICONS_UP) Squad/Controls/Qwertz/SCROLL_ICONS_UP
[LOG 20:58:39.734] Config(SCROLL_ICONS_DOWN) Squad/Controls/Qwertz/SCROLL_ICONS_DOWN
[LOG 20:58:39.734] Config(CAMERA_ORBIT_UP) Squad/Controls/Qwertz/CAMERA_ORBIT_UP
[LOG 20:58:39.734] Config(CAMERA_ORBIT_DOWN) Squad/Controls/Qwertz/CAMERA_ORBIT_DOWN
[LOG 20:58:39.734] Config(CAMERA_ORBIT_LEFT) Squad/Controls/Qwertz/CAMERA_ORBIT_LEFT
[LOG 20:58:39.734] Config(CAMERA_ORBIT_RIGHT) Squad/Controls/Qwertz/CAMERA_ORBIT_RIGHT
[LOG 20:58:39.734] Config(CAMERA_RESET) Squad/Controls/Qwertz/CAMERA_RESET
[LOG 20:58:39.734] Config(CAMERA_MOUSE_TOGGLE) Squad/Controls/Qwertz/CAMERA_MOUSE_TOGGLE
[LOG 20:58:39.734] Config(TIME_WARP_INCREASE) Squad/Controls/Qwertz/TIME_WARP_INCREASE
[LOG 20:58:39.734] Config(TIME_WARP_DECREASE) Squad/Controls/Qwertz/TIME_WARP_DECREASE
[LOG 20:58:39.734] Config(TIME_WARP_STOP) Squad/Controls/Qwertz/TIME_WARP_STOP
[LOG 20:58:39.734] Config(MAP_VIEW_TOGGLE) Squad/Controls/Qwertz/MAP_VIEW_TOGGLE
[LOG 20:58:39.734] Config(NAVBALL_TOGGLE) Squad/Controls/Qwertz/NAVBALL_TOGGLE
[LOG 20:58:39.734] Config(UIMODE_STAGING) Squad/Controls/Qwertz/UIMODE_STAGING
[LOG 20:58:39.734] Config(UIMODE_DOCKING) Squad/Controls/Qwertz/UIMODE_DOCKING
[LOG 20:58:39.734] Config(TRANSLATE_DOWN) Squad/Controls/Qwertz/TRANSLATE_DOWN
[LOG 20:58:39.734] Config(TRANSLATE_UP) Squad/Controls/Qwertz/TRANSLATE_UP
[LOG 20:58:39.734] Config(TRANSLATE_LEFT) Squad/Controls/Qwertz/TRANSLATE_LEFT
[LOG 20:58:39.734] Config(TRANSLATE_RIGHT) Squad/Controls/Qwertz/TRANSLATE_RIGHT
[LOG 20:58:39.734] Config(TRANSLATE_FWD) Squad/Controls/Qwertz/TRANSLATE_FWD
[LOG 20:58:39.734] Config(TRANSLATE_BACK) Squad/Controls/Qwertz/TRANSLATE_BACK
[LOG 20:58:39.734] Config(RCS_TOGGLE) Squad/Controls/Qwertz/RCS_TOGGLE
[LOG 20:58:39.734] Config(FOCUS_NEXT_VESSEL) Squad/Controls/Qwertz/FOCUS_NEXT_VESSEL
[LOG 20:58:39.734] Config(FOCUS_PREV_VESSEL) Squad/Controls/Qwertz/FOCUS_PREV_VESSEL
[LOG 20:58:39.734] Config(TOGGLE_UI) Squad/Controls/Qwertz/TOGGLE_UI
[LOG 20:58:39.734] Config(TOGGLE_STATUS_SCREEN) Squad/Controls/Qwertz/TOGGLE_STATUS_SCREEN
[LOG 20:58:39.734] Config(TAKE_SCREENSHOT) Squad/Controls/Qwertz/TAKE_SCREENSHOT
[LOG 20:58:39.734] Config(TOGGLE_LABELS) Squad/Controls/Qwertz/TOGGLE_LABELS
[LOG 20:58:39.734] Config(TOGGLE_TEMP_GAUGES) Squad/Controls/Qwertz/TOGGLE_TEMP_GAUGES
[LOG 20:58:39.734] Config(TOGGLE_TEMP_OVERLAY) Squad/Controls/Qwertz/TOGGLE_TEMP_OVERLAY
[LOG 20:58:39.734] Config(TOGGLE_FLIGHT_FORCES) Squad/Controls/Qwertz/TOGGLE_FLIGHT_FORCES
[LOG 20:58:39.734] Config(QUICKSAVE) Squad/Controls/Qwertz/QUICKSAVE
[LOG 20:58:39.734] Config(QUICKLOAD) Squad/Controls/Qwertz/QUICKLOAD
[LOG 20:58:39.734] Config(THROTTLE_CUTOFF) Squad/Controls/Qwertz/THROTTLE_CUTOFF
[LOG 20:58:39.734] Config(THROTTLE_FULL) Squad/Controls/Qwertz/THROTTLE_FULL
[LOG 20:58:39.734] Config(LANDING_GEAR) Squad/Controls/Qwertz/LANDING_GEAR
[LOG 20:58:39.734] Config(HEADLIGHT_TOGGLE) Squad/Controls/Qwertz/HEADLIGHT_TOGGLE
[LOG 20:58:39.734] Config(BRAKES) Squad/Controls/Qwertz/BRAKES
[LOG 20:58:39.734] Config(TOGGLE_SPACENAV_FLIGHT_CONTROL) Squad/Controls/Qwertz/TOGGLE_SPACENAV_FLIGHT_CONTROL
[LOG 20:58:39.734] Config(TOGGLE_SPACENAV_ROLL_LOCK) Squad/Controls/Qwertz/TOGGLE_SPACENAV_ROLL_LOCK
[LOG 20:58:39.734] Config(WHEEL_STEER_LEFT) Squad/Controls/Qwertz/WHEEL_STEER_LEFT
[LOG 20:58:39.734] Config(WHEEL_STEER_RIGHT) Squad/Controls/Qwertz/WHEEL_STEER_RIGHT
[LOG 20:58:39.734] Config(WHEEL_THROTTLE_DOWN) Squad/Controls/Qwertz/WHEEL_THROTTLE_DOWN
[LOG 20:58:39.734] Config(WHEEL_THROTTLE_UP) Squad/Controls/Qwertz/WHEEL_THROTTLE_UP
[LOG 20:58:39.734] Config(EVA_forward) Squad/Controls/Qwertz/EVA_forward
[LOG 20:58:39.735] Config(EVA_back) Squad/Controls/Qwertz/EVA_back
[LOG 20:58:39.735] Config(EVA_left) Squad/Controls/Qwertz/EVA_left
[LOG 20:58:39.735] Config(EVA_right) Squad/Controls/Qwertz/EVA_right
[LOG 20:58:39.735] Config(EVA_yaw_left) Squad/Controls/Qwertz/EVA_yaw_left
[LOG 20:58:39.735] Config(EVA_yaw_right) Squad/Controls/Qwertz/EVA_yaw_right
[LOG 20:58:39.735] Config(EVA_Pack_forward) Squad/Controls/Qwertz/EVA_Pack_forward
[LOG 20:58:39.735] Config(EVA_Pack_back) Squad/Controls/Qwertz/EVA_Pack_back
[LOG 20:58:39.735] Config(EVA_Pack_left) Squad/Controls/Qwertz/EVA_Pack_left
[LOG 20:58:39.735] Config(EVA_Pack_right) Squad/Controls/Qwertz/EVA_Pack_right
[LOG 20:58:39.735] Config(EVA_Pack_up) Squad/Controls/Qwertz/EVA_Pack_up
[LOG 20:58:39.735] Config(EVA_Pack_down) Squad/Controls/Qwertz/EVA_Pack_down
[LOG 20:58:39.735] Config(EVA_Jump) Squad/Controls/Qwertz/EVA_Jump
[LOG 20:58:39.735] Config(EVA_Run) Squad/Controls/Qwertz/EVA_Run
[LOG 20:58:39.735] Config(EVA_ToggleMovementMode) Squad/Controls/Qwertz/EVA_ToggleMovementMode
[LOG 20:58:39.735] Config(EVA_TogglePack) Squad/Controls/Qwertz/EVA_TogglePack
[LOG 20:58:39.735] Config(EVA_Use) Squad/Controls/Qwertz/EVA_Use
[LOG 20:58:39.735] Config(EVA_Board) Squad/Controls/Qwertz/EVA_Board
[LOG 20:58:39.735] Config(EVA_Orient) Squad/Controls/Qwertz/EVA_Orient
[LOG 20:58:39.735] Config(EVA_Lights) Squad/Controls/Qwertz/EVA_Lights
[LOG 20:58:39.735] Config(Editor_pitchUp) Squad/Controls/Qwertz/Editor_pitchUp
[LOG 20:58:39.735] Config(Editor_pitchDown) Squad/Controls/Qwertz/Editor_pitchDown
[LOG 20:58:39.735] Config(Editor_yawLeft) Squad/Controls/Qwertz/Editor_yawLeft
[LOG 20:58:39.735] Config(Editor_yawRight) Squad/Controls/Qwertz/Editor_yawRight
[LOG 20:58:39.735] Config(Editor_rollLeft) Squad/Controls/Qwertz/Editor_rollLeft
[LOG 20:58:39.735] Config(Editor_rollRight) Squad/Controls/Qwertz/Editor_rollRight
[LOG 20:58:39.735] Config(Editor_resetRotation) Squad/Controls/Qwertz/Editor_resetRotation
[LOG 20:58:39.735] Config(Editor_modePlace) Squad/Controls/Qwertz/Editor_modePlace
[LOG 20:58:39.735] Config(Editor_modeOffset) Squad/Controls/Qwertz/Editor_modeOffset
[LOG 20:58:39.735] Config(Editor_modeRotate) Squad/Controls/Qwertz/Editor_modeRotate
[LOG 20:58:39.735] Config(Editor_modeRoot) Squad/Controls/Qwertz/Editor_modeRoot
[LOG 20:58:39.735] Config(Editor_coordSystem) Squad/Controls/Qwertz/Editor_coordSystem
[LOG 20:58:39.735] Config(Editor_toggleSymMethod) Squad/Controls/Qwertz/Editor_toggleSymMethod
[LOG 20:58:39.735] Config(Editor_toggleSymMode) Squad/Controls/Qwertz/Editor_toggleSymMode
[LOG 20:58:39.735] Config(Editor_toggleAngleSnap) Squad/Controls/Qwertz/Editor_toggleAngleSnap
[LOG 20:58:39.735] Config(Editor_fineTweak) Squad/Controls/Qwertz/Editor_fineTweak
[LOG 20:58:39.735] Config(Editor_partSearch) Squad/Controls/Qwertz/Editor_partSearch
[LOG 20:58:39.735] Config(Editor_zoomScrollModifier) Squad/Controls/Qwertz/Editor_zoomScrollModifier
[LOG 20:58:39.735] Config(MODIFIER_KEY) Squad/Controls/Qwertz/MODIFIER_KEY
[LOG 20:58:39.735] Config(AbortActionGroup) Squad/Controls/Qwertz/AbortActionGroup
[LOG 20:58:39.735] Config(CustomActionGroup1) Squad/Controls/Qwertz/CustomActionGroup1
[LOG 20:58:39.735] Config(CustomActionGroup2) Squad/Controls/Qwertz/CustomActionGroup2
[LOG 20:58:39.735] Config(CustomActionGroup3) Squad/Controls/Qwertz/CustomActionGroup3
[LOG 20:58:39.735] Config(CustomActionGroup4) Squad/Controls/Qwertz/CustomActionGroup4
[LOG 20:58:39.735] Config(CustomActionGroup5) Squad/Controls/Qwertz/CustomActionGroup5
[LOG 20:58:39.735] Config(CustomActionGroup6) Squad/Controls/Qwertz/CustomActionGroup6
[LOG 20:58:39.735] Config(CustomActionGroup7) Squad/Controls/Qwertz/CustomActionGroup7
[LOG 20:58:39.735] Config(CustomActionGroup8) Squad/Controls/Qwertz/CustomActionGroup8
[LOG 20:58:39.735] Config(CustomActionGroup9) Squad/Controls/Qwertz/CustomActionGroup9
[LOG 20:58:39.736] Config(CustomActionGroup10) Squad/Controls/Qwertz/CustomActionGroup10
[LOG 20:58:39.736] Config(KEY_MAP) Squad/Controls/Qwertz/KEY_MAP
[LOG 20:58:39.736] Config(EXPERIENCE_TRAIT) Squad/Experience/Traits/Pilot
[LOG 20:58:39.736] Config(EXPERIENCE_TRAIT) Squad/Experience/Traits/Engineer
[LOG 20:58:39.736] Config(EXPERIENCE_TRAIT) Squad/Experience/Traits/Scientist
[LOG 20:58:39.736] Config(EXPERIENCE_TRAIT) Squad/Experience/Traits/Tourist
[LOG 20:58:39.736] Config(Localization) Squad/Localization/dictionary/Localization
[LOG 20:58:39.736] Config(MISSIONPACK) Squad/Missions/MissionPacks/squad_ESA
[LOG 20:58:39.736] Config(VARIANTTHEME) Squad/Parts/VariantThemes/White
[LOG 20:58:39.736] Config(VARIANTTHEME) Squad/Parts/VariantThemes/BlackAndWhite
[LOG 20:58:39.736] Config(VARIANTTHEME) Squad/Parts/VariantThemes/GrayAndOrange
[LOG 20:58:39.736] Config(VARIANTTHEME) Squad/Parts/VariantThemes/Dark
[LOG 20:58:39.736] Config(VARIANTTHEME) Squad/Parts/VariantThemes/Gray
[LOG 20:58:39.736] Config(VARIANTTHEME) Squad/Parts/VariantThemes/Orange
[LOG 20:58:39.736] Config(VARIANTTHEME) Squad/Parts/VariantThemes/Gold
[LOG 20:58:39.736] Config(VARIANTTHEME) Squad/Parts/VariantThemes/Bare
[LOG 20:58:39.736] Config(VARIANTTHEME) Squad/Parts/VariantThemes/Shroud
[LOG 20:58:39.736] Config(VARIANTTHEME) Squad/Parts/VariantThemes/GrayAndWhite
[LOG 20:58:39.736] Config(VARIANTTHEME) Squad/Parts/VariantThemes/YellowAndWhite
[LOG 20:58:39.736] Config(VARIANTTHEME) Squad/Parts/VariantThemes/Silver
[LOG 20:58:39.736] Config(VARIANTTHEME) Squad/Parts/VariantThemes/Gray with Stripes
[LOG 20:58:39.736] Config(PART) Squad/Parts/Aero/aerodynamicNoseCone/aerodynamicNoseCone/noseCone
[LOG 20:58:39.736] Config(PART) Squad/Parts/Aero/airbrake/Airbrake/airbrake1
[LOG 20:58:39.736] Config(PART) Squad/Parts/Aero/airIntakeRadialXM-G50/airIntakeRadialXM-G50/airScoop
[LOG 20:58:39.736] Config(PART) Squad/Parts/Aero/airlinerWings/ControlSurface/airlinerCtrlSrf
[LOG 20:58:39.736] Config(PART) Squad/Parts/Aero/airlinerWings/MainWing/airlinerMainWing
[LOG 20:58:39.736] Config(PART) Squad/Parts/Aero/airlinerWings/TailFin/airlinerTailFin
[LOG 20:58:39.736] Config(PART) Squad/Parts/Aero/airplaneFins/advancedCanard/AdvancedCanard
[LOG 20:58:39.736] Config(PART) Squad/Parts/Aero/airplaneFins/standardCanard/CanardController
[LOG 20:58:39.736] Config(PART) Squad/Parts/Aero/airplaneFins/sweptWing/sweptWing
[LOG 20:58:39.736] Config(PART) Squad/Parts/Aero/airplaneFins/tailfin/tailfin
[LOG 20:58:39.736] Config(PART) Squad/Parts/Aero/basicFin/basicFin/basicFin
[LOG 20:58:39.736] Config(PART) Squad/Parts/Aero/circularIntake/circularIntake/CircularIntake
[LOG 20:58:39.736] Config(PART) Squad/Parts/Aero/circularIntake/intakeShockCone/shockConeIntake
[LOG 20:58:39.736] Config(PART) Squad/Parts/Aero/cones/avionicsNoseCone/avionicsNoseCone
[LOG 20:58:39.736] Config(PART) Squad/Parts/Aero/cones/ConeA/pointyNoseConeA
[LOG 20:58:39.736] Config(PART) Squad/Parts/Aero/cones/ConeB/pointyNoseConeB
[LOG 20:58:39.737] Config(PART) Squad/Parts/Aero/cones/noseConeAdapter/noseConeAdapter
[LOG 20:58:39.737] Config(PART) Squad/Parts/Aero/cones/protectiveRocketNoseMk7_v2/rocketNoseCone_v2
[LOG 20:58:39.737] Config(PART) Squad/Parts/Aero/cones/protectiveRocketNoseMk7_v3/rocketNoseCone_v3
[LOG 20:58:39.737] Config(PART) Squad/Parts/Aero/cones/rocketNoseCone_size3/rocketNoseConeSize3
[LOG 20:58:39.737] Config(PART) Squad/Parts/Aero/cones/smallNoseCone/standardNoseCone
[LOG 20:58:39.737] Config(PART) Squad/Parts/Aero/cones/tailConnectorA/airplaneTail
[LOG 20:58:39.737] Config(PART) Squad/Parts/Aero/cones/tailConnectorB/airplaneTailB
[LOG 20:58:39.737] Config(PART) Squad/Parts/Aero/fairings/fairingSize1/fairingSize1
[LOG 20:58:39.737] Config(PART) Squad/Parts/Aero/fairings/fairingSize2/fairingSize2
[LOG 20:58:39.737] Config(PART) Squad/Parts/Aero/fairings/fairingSize3/fairingSize3
[LOG 20:58:39.737] Config(PART) Squad/Parts/Aero/HeatShield/HeatShield0/HeatShield0
[LOG 20:58:39.737] Config(PART) Squad/Parts/Aero/HeatShield/HeatShield1/HeatShield1
[LOG 20:58:39.737] Config(PART) Squad/Parts/Aero/HeatShield/HeatShield2/HeatShield2
[LOG 20:58:39.737] Config(PART) Squad/Parts/Aero/HeatShield/HeatShield3/HeatShield3
[LOG 20:58:39.737] Config(PART) Squad/Parts/Aero/InflatableHeatShield/HeatShield/InflatableHeatShield
[LOG 20:58:39.737] Config(PART) Squad/Parts/Aero/intakeRadialLong/intakeRadialLong/IntakeRadialLong
[LOG 20:58:39.737] Config(PART) Squad/Parts/Aero/miniIntake/SmallIntake/miniIntake
[LOG 20:58:39.737] Config(PART) Squad/Parts/Aero/ramAirIntake/ramAirIntake/ramAirIntake
[LOG 20:58:39.737] Config(PART) Squad/Parts/Aero/shuttleWings/delta/wingShuttleDelta
[LOG 20:58:39.737] Config(PART) Squad/Parts/Aero/shuttleWings/elevon1/wingShuttleElevon1
[LOG 20:58:39.737] Config(PART) Squad/Parts/Aero/shuttleWings/elevon2/wingShuttleElevon2
[LOG 20:58:39.737] Config(PART) Squad/Parts/Aero/shuttleWings/rudder/wingShuttleRudder
[LOG 20:58:39.737] Config(PART) Squad/Parts/Aero/shuttleWings/strake/wingShuttleStrake
[LOG 20:58:39.737] Config(PART) Squad/Parts/Aero/wingletAV-R8/wingletAV-R8/R8winglet
[LOG 20:58:39.737] Config(PART) Squad/Parts/Aero/wingletAV-T1/wingletAV-T1/winglet
[LOG 20:58:39.737] Config(PART) Squad/Parts/Aero/wingletDeltaDeluxe/wingletDeltaDeluxe/winglet3
[LOG 20:58:39.737] Config(PART) Squad/Parts/Aero/wings/connector1/wingConnector
[LOG 20:58:39.737] Config(PART) Squad/Parts/Aero/wings/connector2/wingConnector2
[LOG 20:58:39.737] Config(PART) Squad/Parts/Aero/wings/connector3/wingConnector3
[LOG 20:58:39.737] Config(PART) Squad/Parts/Aero/wings/connector4/wingConnector4
[LOG 20:58:39.737] Config(PART) Squad/Parts/Aero/wings/connector5/wingConnector5
[LOG 20:58:39.737] Config(PART) Squad/Parts/Aero/wings/delta/deltaWing
[LOG 20:58:39.737] Config(PART) Squad/Parts/Aero/wings/delta_small/delta_small
[LOG 20:58:39.737] Config(PART) Squad/Parts/Aero/wings/elevon1/StandardCtrlSrf
[LOG 20:58:39.737] Config(PART) Squad/Parts/Aero/wings/elevon2/elevon2
[LOG 20:58:39.737] Config(PART) Squad/Parts/Aero/wings/elevon3/elevon3
[LOG 20:58:39.737] Config(PART) Squad/Parts/Aero/wings/elevon4/smallCtrlSrf
[LOG 20:58:39.737] Config(PART) Squad/Parts/Aero/wings/elevon5/elevon5
[LOG 20:58:39.738] Config(PART) Squad/Parts/Aero/wings/strake/wingStrake
[LOG 20:58:39.738] Config(PART) Squad/Parts/Aero/wings/structural1/structuralWing
[LOG 20:58:39.738] Config(PART) Squad/Parts/Aero/wings/structural2/structuralWing2
[LOG 20:58:39.738] Config(PART) Squad/Parts/Aero/wings/structural3/structuralWing3
[LOG 20:58:39.738] Config(PART) Squad/Parts/Aero/wings/structural4/structuralWing4
[LOG 20:58:39.738] Config(PART) Squad/Parts/Aero/wings/swept1/sweptWing1
[LOG 20:58:39.738] Config(PART) Squad/Parts/Aero/wings/swept2/sweptWing2
[LOG 20:58:39.738] Config(PART) Squad/Parts/Cargo/CargoContainers/cargoContainer/cargoContainer
[LOG 20:58:39.738] Config(PART) Squad/Parts/Cargo/CargoContainers/smallCargoContainer/smallCargoContainer
[LOG 20:58:39.738] Config(PART) Squad/Parts/Cargo/Cylinder/Cylinder/evaCylinder
[LOG 20:58:39.738] Config(PART) Squad/Parts/Cargo/GroundAnchor/groundAnchor/groundAnchor
[LOG 20:58:39.738] Config(PART) Squad/Parts/Cargo/Jetpack/Jetpack/evaJetpack
[LOG 20:58:39.738] Config(PART) Squad/Parts/Cargo/Parachute/Parachute/evaChute
[LOG 20:58:39.738] Config(PART) Squad/Parts/Cargo/RepairKit/RepairKit/evaRepairKit
[LOG 20:58:39.738] Config(PART) Squad/Parts/Cargo/ScienceKit/evaScienceKit/evaScienceKit
[LOG 20:58:39.738] Config(PART) Squad/Parts/Cargo/StorageUnits/CargoStorageUnit/CargoStorageUnit
[LOG 20:58:39.738] Config(PART) Squad/Parts/Cargo/StorageUnits/ConformalStorageUnit/ConformalStorageUnit
[LOG 20:58:39.738] Config(PART) Squad/Parts/Command/advancedSasModuleLarge/advSasModuleLarge/asasmodule1-2
[LOG 20:58:39.738] Config(PART) Squad/Parts/Command/cupola/cupola/cupola
[LOG 20:58:39.738] Config(PART) Squad/Parts/Command/externalCommandSeat/externalCommandSeat/seatExternalCmd
[LOG 20:58:39.738] Config(PART) Squad/Parts/Command/hitchhikerStorageContainer/hitchikerStorageContainer/crewCabin
[LOG 20:58:39.739] Config(PART) Squad/Parts/Command/inlineAdvancedStabilizer/inlineAdvancedStabilizer/advSasModule
[LOG 20:58:39.739] Config(PART) Squad/Parts/Command/inlineReactionWheel/inlineReactionWheel/sasModule
[LOG 20:58:39.739] Config(PART) Squad/Parts/Command/Mk1-3Pod/mk1-3/mk1-3pod
[LOG 20:58:39.739] Config(PART) Squad/Parts/Command/mk1Cockpits/mk1Cockpit/Mark1Cockpit
[LOG 20:58:39.739] Config(PART) Squad/Parts/Command/mk1Cockpits/mk1CrewCabin/MK1CrewCabin
[LOG 20:58:39.739] Config(PART) Squad/Parts/Command/mk1Cockpits/mk1InlineCockpit/Mark2Cockpit
[LOG 20:58:39.739] Config(PART) Squad/Parts/Command/mk1LanderCan/mk1LanderCan/landerCabinSmall
[LOG 20:58:39.739] Config(PART) Squad/Parts/Command/mk1pod_v2/mk1Pod_v2/mk1pod_v2
[LOG 20:58:39.739] Config(PART) Squad/Parts/Command/mk2CockpitInline/mk2CockpitInline/mk2Cockpit_Inline
[LOG 20:58:39.739] Config(PART) Squad/Parts/Command/mk2CockpitStandard/mk2CockpitStandard/mk2Cockpit_Standard
[LOG 20:58:39.739] Config(PART) Squad/Parts/Command/mk2DroneCore/mk2Dronecore/mk2DroneCore
[LOG 20:58:39.739] Config(PART) Squad/Parts/Command/mk2LanderCan/mk2LanderCan/mk2LanderCabin
[LOG 20:58:39.739] Config(PART) Squad/Parts/Command/mk2LanderCan_v2/mk2LanderCan_v2/mk2LanderCabin_v2
[LOG 20:58:39.739] Config(PART) Squad/Parts/Command/mk3CockpitShuttle/mk3CockpitShuttle/mk3Cockpit_Shuttle
[LOG 20:58:39.739] Config(PART) Squad/Parts/Command/MpoProbe/MpoProbe/MpoProbe
[LOG 20:58:39.739] Config(PART) Squad/Parts/Command/MtmStage/MTM_Stage/MtmStage
[LOG 20:58:39.739] Config(PART) Squad/Parts/Command/probeCoreCube/probeCoreCube/probeCoreCube
[LOG 20:58:39.739] Config(PART) Squad/Parts/Command/probeCoreHex/probeCoreHex/probeCoreHex
[LOG 20:58:39.739] Config(PART) Squad/Parts/Command/probeCoreHex_v2/probeCoreHex_v2/probeCoreHex_v2
[LOG 20:58:39.739] Config(PART) Squad/Parts/Command/probeCoreOcto2_v2/probeCoreOcto2_v2/probeCoreOcto2_v2
[LOG 20:58:39.739] Config(PART) Squad/Parts/Command/probeCoreOcto_v2/probeCoreOcto_v2/probeCoreOcto_v2
[LOG 20:58:39.739] Config(PART) Squad/Parts/Command/probeRoverBody/probeRoverBody/roverBody
[LOG 20:58:39.739] Config(PART) Squad/Parts/Command/probeRoverBody_v2/probeRoverBody_v2/roverBody_v2
[LOG 20:58:39.739] Config(PART) Squad/Parts/Command/probeStackLarge/probeStackLarge/probeStackLarge
[LOG 20:58:39.739] Config(PART) Squad/Parts/Command/probeStackSmall/probeStackSmall/probeStackSmall
[LOG 20:58:39.739] Config(PART) Squad/Parts/Command/probeStackSphere_v2/probeStackSphere_v2/probeCoreSphere_v2
[LOG 20:58:39.739] Config(PART) Squad/Parts/CompoundParts/FuelLine/fuelLine/fuelLine
[LOG 20:58:39.739] Config(PART) Squad/Parts/CompoundParts/strutConnector/strutConnector/strutConnector
[LOG 20:58:39.739] Config(PART) Squad/Parts/Coupling/Decoupler_0/Decoupler_0
[LOG 20:58:39.739] Config(PART) Squad/Parts/Coupling/Decoupler_1/Decoupler_1
[LOG 20:58:39.739] Config(PART) Squad/Parts/Coupling/Decoupler_2/Decoupler_2
[LOG 20:58:39.739] Config(PART) Squad/Parts/Coupling/Decoupler_3/Decoupler_3
[LOG 20:58:39.739] Config(PART) Squad/Parts/Coupling/Separator_0/Separator_0
[LOG 20:58:39.739] Config(PART) Squad/Parts/Coupling/Separator_1/Separator_1
[LOG 20:58:39.739] Config(PART) Squad/Parts/Coupling/Separator_2/Separator_2
[LOG 20:58:39.739] Config(PART) Squad/Parts/Coupling/Separator_3/Separator_3
[LOG 20:58:39.739] Config(PART) Squad/Parts/Electrical/10CSolarPanels/OX-10C/solarPanelOX10C
[LOG 20:58:39.739] Config(PART) Squad/Parts/Electrical/10CSolarPanels/SP-10C/solarPanelSP10C
[LOG 20:58:39.740] Config(PART) Squad/Parts/Electrical/10LSolarPanels/OX-10L/solarPanelOX10L
[LOG 20:58:39.740] Config(PART) Squad/Parts/Electrical/10LSolarPanels/SP-10L/solarPanelSP10L
[LOG 20:58:39.740] Config(PART) Squad/Parts/Electrical/1x6ShroudSolarPanels/1x6ShroudSolarPanels/solarPanels2
[LOG 20:58:39.740] Config(PART) Squad/Parts/Electrical/1x6SolarPanels/1x6SolarPanels/solarPanels4
[LOG 20:58:39.740] Config(PART) Squad/Parts/Electrical/3x2ShroudSolarPanels/3x2ShroudSolarPanels/solarPanels1
[LOG 20:58:39.740] Config(PART) Squad/Parts/Electrical/3x2SolarPanels/3x2SolarPanels/solarPanels3
[LOG 20:58:39.740] Config(PART) Squad/Parts/Electrical/gigantorXlSolarArray/gigantorXlSolarArray/largeSolarPanel
[LOG 20:58:39.740] Config(PART) Squad/Parts/Electrical/radialFlatSolarPanel/radialFlatSolarPanel/solarPanels5
[LOG 20:58:39.740] Config(PART) Squad/Parts/Electrical/RTG/RTG/rtg
[LOG 20:58:39.740] Config(PART) Squad/Parts/Electrical/z-100Battery/z-100Battery/batteryPack
[LOG 20:58:39.740] Config(PART) Squad/Parts/Electrical/z-1kBattery/z-1kBattery/batteryBank
[LOG 20:58:39.740] Config(PART) Squad/Parts/Electrical/z-200Battery/z-200Battery/batteryBankMini
[LOG 20:58:39.740] Config(PART) Squad/Parts/Electrical/z-400Battery/z-400Battery/ksp_r_largeBatteryPack
[LOG 20:58:39.740] Config(PART) Squad/Parts/Electrical/z-4kBattery/z-4kBattery/batteryBankLarge
[LOG 20:58:39.740] Config(PART) Squad/Parts/Engine/ionEngine/ionEngine/ionEngine
[LOG 20:58:39.740] Config(PART) Squad/Parts/Engine/jetEngines/jetEngineAfterburning/turboJet
[LOG 20:58:39.740] Config(PART) Squad/Parts/Engine/jetEngines/jetEngineBasic/JetEngine
[LOG 20:58:39.740] Config(PART) Squad/Parts/Engine/jetEngines/jetEngineBig/turboFanSize2
[LOG 20:58:39.740] Config(PART) Squad/Parts/Engine/jetEngines/jetEngineTurbo/turboFanEngine
[LOG 20:58:39.740] Config(PART) Squad/Parts/Engine/liquidEngine24-77/liquidEngine24-77/smallRadialEngine
[LOG 20:58:39.740] Config(PART) Squad/Parts/Engine/liquidEngine24-77_v2/liquidEngine24-77_v2/smallRadialEngine_v2
[LOG 20:58:39.740] Config(PART) Squad/Parts/Engine/liquidEngine48-7S_v2/liquidEngine48-7S_v2/liquidEngineMini_v2
[LOG 20:58:39.740] Config(PART) Squad/Parts/Engine/liquidEngineAerospike/liquidEngineAerospike/toroidalAerospike
[LOG 20:58:39.740] Config(PART) Squad/Parts/Engine/liquidEngineLV-1_v2/liquidEngineLV-1R _v2/radialEngineMini_v2
[LOG 20:58:39.740] Config(PART) Squad/Parts/Engine/liquidEngineLV-1_v2/liquidEngineLV-1_v2/microEngine_v2
[LOG 20:58:39.740] Config(PART) Squad/Parts/Engine/liquidEngineLV-909_v2/liquidEngineLV-909_v2/liquidEngine3_v2
[LOG 20:58:39.740] Config(PART) Squad/Parts/Engine/liquidEngineLV-N/liquidEngineLV-N/nuclearEngine
[LOG 20:58:39.740] Config(PART) Squad/Parts/Engine/liquidEngineLV-T30/liquidEngineLV-T30/liquidEngine
[LOG 20:58:39.740] Config(PART) Squad/Parts/Engine/liquidEngineLV-T30_v2/liquidEngineLV-T30_v2/liquidEngine_v2
[LOG 20:58:39.740] Config(PART) Squad/Parts/Engine/liquidEngineLV-T45/liquidEngineLV-T45/liquidEngine2
[LOG 20:58:39.740] Config(PART) Squad/Parts/Engine/liquidEngineLV-T45_v2/liquidEngineLV-T45_v2/liquidEngine2_v2
[LOG 20:58:39.740] Config(PART) Squad/Parts/Engine/liquidEngineMainsail_v2/liquidEngineMainsail_v2/liquidEngineMainsail_v2
[LOG 20:58:39.740] Config(PART) Squad/Parts/Engine/liquidEngineMk55/liquidEngineMk55/radialLiquidEngine1-2
[LOG 20:58:39.740] Config(PART) Squad/Parts/Engine/liquidEnginePoodle_v2/liquidEnginePoodle_v2/liquidEngine2-2_v2
[LOG 20:58:39.740] Config(PART) Squad/Parts/Engine/liquidEngineSkipper_v2/skipperLiquidEngine_v2/engineLargeSkipper_v2
[LOG 20:58:39.740] Config(PART) Squad/Parts/Engine/liquidEngineSSME/SSME/SSME
[LOG 20:58:39.740] Config(PART) Squad/Parts/Engine/MassiveSRB/part/MassiveBooster
[LOG 20:58:39.740] Config(PART) Squad/Parts/Engine/miniJet/SmallJetEngine/miniJetEngine
[LOG 20:58:39.740] Config(PART) Squad/Parts/Engine/OMSEngine/omsEngine/omsEngine
[LOG 20:58:39.741] Config(PART) Squad/Parts/Engine/rapierEngine/rapierEngine/RAPIER
[LOG 20:58:39.741] Config(PART) Squad/Parts/Engine/Size1_SRBs/solidBoosterRT-10_v2/solidBooster_v2
[LOG 20:58:39.741] Config(PART) Squad/Parts/Engine/Size1_SRBs/solidBoosterRT-5_v2/solidBooster_sm_v2
[LOG 20:58:39.741] Config(PART) Squad/Parts/Engine/Size2LFB/part/Size2LFB
[LOG 20:58:39.741] Config(PART) Squad/Parts/Engine/Size2LFB_v2/part/Size2LFB_v2
[LOG 20:58:39.741] Config(PART) Squad/Parts/Engine/Size3AdvancedEngine/part/Size3AdvancedEngine
[LOG 20:58:39.741] Config(PART) Squad/Parts/Engine/Size3EngineCluster/part/Size3EngineCluster
[LOG 20:58:39.741] Config(PART) Squad/Parts/Engine/solidBoosterBACC/solidBoosterBACC/solidBooster1-1
[LOG 20:58:39.741] Config(PART) Squad/Parts/Engine/solidBoosterS2-17/solidBoosterS2-17/Thoroughbred
[LOG 20:58:39.741] Config(PART) Squad/Parts/Engine/solidBoosterS2-33/solidBoosterS2-33/Clydesdale
[LOG 20:58:39.741] Config(PART) Squad/Parts/Engine/solidBoosterSep/solidBoosterSep/sepMotor1
[LOG 20:58:39.741] Config(PART) Squad/Parts/Engine/SolidBoostersF/SolidBoosterF3S0/Shrimp
[LOG 20:58:39.741] Config(PART) Squad/Parts/Engine/SolidBoostersF/SolidBoosterFM1/Mite
[LOG 20:58:39.741] Config(PART) Squad/Parts/FuelTank/adapterTanks/Mk3-Mk2/adapterMk3-Mk2
[LOG 20:58:39.741] Config(PART) Squad/Parts/FuelTank/adapterTanks/Mk3-ShuttleAdapter/adapterEngines
[LOG 20:58:39.741] Config(PART) Squad/Parts/FuelTank/adapterTanks/Mk3-Size2/adapterMk3-Size2
[LOG 20:58:39.741] Config(PART) Squad/Parts/FuelTank/adapterTanks/Mk3-Size2Slant/adapterMk3-Size2Slant
[LOG 20:58:39.741] Config(PART) Squad/Parts/FuelTank/adapterTanks/Size2-Mk2/adapterSize2-Mk2
[LOG 20:58:39.741] Config(PART) Squad/Parts/FuelTank/adapterTanks/Size2-Size1/adapterSize2-Size1
[LOG 20:58:39.741] Config(PART) Squad/Parts/FuelTank/adapterTanks/Size2-Size1Slant/adapterSize2-Size1Slant
[LOG 20:58:39.741] Config(PART) Squad/Parts/FuelTank/adapterTanks/Size3-Mk3/adapterSize3-Mk3
[LOG 20:58:39.741] Config(PART) Squad/Parts/FuelTank/drainTankFTE-1/ReleaseValve/ReleaseValve
[LOG 20:58:39.741] Config(PART) Squad/Parts/FuelTank/FoilTanks/RadialTank_Capsule/externalTankCapsule
[LOG 20:58:39.741] Config(PART) Squad/Parts/FuelTank/FoilTanks/RadialTank_Round/externalTankRound
[LOG 20:58:39.741] Config(PART) Squad/Parts/FuelTank/FoilTanks/ToroidTank/externalTankToroid
[LOG 20:58:39.741] Config(PART) Squad/Parts/FuelTank/fuelTankOscarB/fuelTankOscarB/miniFuelTank
[LOG 20:58:39.741] Config(PART) Squad/Parts/FuelTank/miniFuselage/miniFuselage/miniFuselage
[LOG 20:58:39.741] Config(PART) Squad/Parts/FuelTank/mk2Adapters/bicoupler/mk2_1m_Bicoupler
[LOG 20:58:39.741] Config(PART) Squad/Parts/FuelTank/mk2Adapters/long/mk2_1m_AdapterLong
[LOG 20:58:39.741] Config(PART) Squad/Parts/FuelTank/mk2Adapters/standard/mk2SpacePlaneAdapter
[LOG 20:58:39.741] Config(PART) Squad/Parts/FuelTank/mk2FuselageLong/LFO_long/mk2FuselageLongLFO
[LOG 20:58:39.741] Config(PART) Squad/Parts/FuelTank/mk2FuselageLong/L_long/mk2Fuselage
[LOG 20:58:39.741] Config(PART) Squad/Parts/FuelTank/mk2FuselageShort/LFO_short/mk2FuselageShortLFO
[LOG 20:58:39.741] Config(PART) Squad/Parts/FuelTank/mk2FuselageShort/L_short/mk2FuselageShortLiquid
[LOG 20:58:39.741] Config(PART) Squad/Parts/FuelTank/mk2FuselageShort/Mono_short/mk2FuselageShortMono
[LOG 20:58:39.741] Config(PART) Squad/Parts/FuelTank/mk3Fuselage/CREW/mk3CrewCabin
[LOG 20:58:39.741] Config(PART) Squad/Parts/FuelTank/mk3Fuselage/LFO_100/mk3FuselageLFO_100
[LOG 20:58:39.741] Config(PART) Squad/Parts/FuelTank/mk3Fuselage/LFO_25/mk3FuselageLFO_25
[LOG 20:58:39.741] Config(PART) Squad/Parts/FuelTank/mk3Fuselage/LFO_50/mk3FuselageLFO_50
[LOG 20:58:39.741] Config(PART) Squad/Parts/FuelTank/mk3Fuselage/LF_100/mk3FuselageLF_100
[LOG 20:58:39.741] Config(PART) Squad/Parts/FuelTank/mk3Fuselage/LF_25/mk3FuselageLF_25
[LOG 20:58:39.742] Config(PART) Squad/Parts/FuelTank/mk3Fuselage/LF_50/mk3FuselageLF_50
[LOG 20:58:39.742] Config(PART) Squad/Parts/FuelTank/mk3Fuselage/MONO/mk3FuselageMONO
[LOG 20:58:39.742] Config(PART) Squad/Parts/FuelTank/RCSFuelTankR1/RCSFuelTankR1/RCSTank1-2
[LOG 20:58:39.742] Config(PART) Squad/Parts/FuelTank/RCSFuelTankR10/RCSFuelTankR10/rcsTankMini
[LOG 20:58:39.742] Config(PART) Squad/Parts/FuelTank/RCSFuelTankR25/RCSFuelTankR25/RCSFuelTank
[LOG 20:58:39.742] Config(PART) Squad/Parts/FuelTank/RCSTankRadial/radialRCSTank/radialRCSTank
[LOG 20:58:39.742] Config(PART) Squad/Parts/FuelTank/RCStankRadialLong/RCSTankRadialLong/rcsTankRadialLong
[LOG 20:58:39.742] Config(PART) Squad/Parts/FuelTank/RockomaxTanks/Rockomax16/Rockomax16_BW
[LOG 20:58:39.742] Config(PART) Squad/Parts/FuelTank/RockomaxTanks/Rockomax32/Rockomax32_BW
[LOG 20:58:39.742] Config(PART) Squad/Parts/FuelTank/RockomaxTanks/Rockomax64/Rockomax64_BW
[LOG 20:58:39.742] Config(PART) Squad/Parts/FuelTank/RockomaxTanks/Rockomax8/Rockomax8BW
[LOG 20:58:39.742] Config(PART) Squad/Parts/FuelTank/Size1_Tanks/fuelTankT100/fuelTankSmallFlat
[LOG 20:58:39.742] Config(PART) Squad/Parts/FuelTank/Size1_Tanks/fuelTankT200/fuelTankSmall
[LOG 20:58:39.742] Config(PART) Squad/Parts/FuelTank/Size1_Tanks/fuelTankT400/fuelTank
[LOG 20:58:39.742] Config(PART) Squad/Parts/FuelTank/Size1_Tanks/fuelTankT800/fuelTank_long
[LOG 20:58:39.742] Config(PART) Squad/Parts/FuelTank/Size3Tanks/large/Size3LargeTank
[LOG 20:58:39.742] Config(PART) Squad/Parts/FuelTank/Size3Tanks/medium/Size3MediumTank
[LOG 20:58:39.742] Config(PART) Squad/Parts/FuelTank/Size3Tanks/small/Size3SmallTank
[LOG 20:58:39.742] Config(PART) Squad/Parts/FuelTank/xenonTank/xenonTank/xenonTank
[LOG 20:58:39.742] Config(PART) Squad/Parts/FuelTank/xenonTankLarge/xenonTankLarge/xenonTankLarge
[LOG 20:58:39.742] Config(PART) Squad/Parts/FuelTank/xenonTankRadial/xenonTankRadial/xenonTankRadial
[LOG 20:58:39.742] Config(PART) Squad/Parts/Misc/AsteroidDay/CamSat/InfraredTelescope
[LOG 20:58:39.742] Config(PART) Squad/Parts/Misc/AsteroidDay/HECS2/HECS2_ProbeCore
[LOG 20:58:39.742] Config(PART) Squad/Parts/Misc/AsteroidDay/HighGainAntenna/HighGainAntenna
[LOG 20:58:39.742] Config(PART) Squad/Parts/Misc/AsteroidDay/LgRadialSolar/LgRadialSolarPanel
[LOG 20:58:39.742] Config(PART) Squad/Parts/Misc/PotatoComet/part/PotatoComet
[LOG 20:58:39.742] Config(PART) Squad/Parts/Misc/PotatoRoid/part/PotatoRoid
[LOG 20:58:39.742] Config(PART) Squad/Parts/Prebuilt/flag/flag
[LOG 20:58:39.742] Config(PART) Squad/Parts/Prebuilt/kerbalEVA/kerbalEVA
[LOG 20:58:39.742] Config(PART) Squad/Parts/Prebuilt/kerbalEVAfemale/kerbalEVAfemale
[LOG 20:58:39.742] Config(PART) Squad/Parts/Prebuilt/kerbalEVASlimSuit/kerbalEVASlimSuit
[LOG 20:58:39.742] Config(PART) Squad/Parts/Prebuilt/kerbalEVASlimSuitFemale/kerbalEVASlimSuitFemale
[LOG 20:58:39.742] Config(PART) Squad/Parts/Resources/FuelCell/FuelCell/FuelCell
[LOG 20:58:39.742] Config(PART) Squad/Parts/Resources/FuelCell/FuelCellArray/FuelCellArray
[LOG 20:58:39.742] Config(PART) Squad/Parts/Resources/ISRU/ISRU/ISRU
[LOG 20:58:39.742] Config(PART) Squad/Parts/Resources/LargeTank/LargeTank/LargeTank
[LOG 20:58:39.742] Config(PART) Squad/Parts/Resources/MiniDrill/MiniDrill/MiniDrill
[LOG 20:58:39.742] Config(PART) Squad/Parts/Resources/MiniISRU/MiniISRU/MiniISRU
[LOG 20:58:39.742] Config(PART) Squad/Parts/Resources/OrbitalScanner/OrbitalScanner/OrbitalScanner
[LOG 20:58:39.743] Config(PART) Squad/Parts/Resources/RadialDrill/RadialDrill/RadialDrill
[LOG 20:58:39.743] Config(PART) Squad/Parts/Resources/RadialTank/RadialTank/RadialOreTank
[LOG 20:58:39.743] Config(PART) Squad/Parts/Resources/SmallTank/SmallTank/SmallTank
[LOG 20:58:39.743] Config(PART) Squad/Parts/Resources/SurfaceScanner/SurfaceScanner/SurfaceScanner
[LOG 20:58:39.743] Config(PART) Squad/Parts/Resources/SurveyScanner/SurveyScanner/SurveyScanner
[LOG 20:58:39.743] Config(PART) Squad/Parts/Science/AtmosphereSensor/sensorAtmosphere/sensorAtmosphere
[LOG 20:58:39.743] Config(PART) Squad/Parts/Science/GooExperiment/gooExperiment/GooExperiment
[LOG 20:58:39.743] Config(PART) Squad/Parts/Science/LargeCrewedLab/largeCrewedLab/Large_Crewed_Lab
[LOG 20:58:39.743] Config(PART) Squad/Parts/Science/Magnetometer/Magnetometer/Magnetometer
[LOG 20:58:39.743] Config(PART) Squad/Parts/Science/MaterialBay/materialBay/science_module
[LOG 20:58:39.743] Config(PART) Squad/Parts/Science/ScienceBox/ScienceBox/ScienceBox
[LOG 20:58:39.743] Config(PART) Squad/Parts/Science/sensorAccelerometer/sensorAccelerometer/sensorAccelerometer
[LOG 20:58:39.743] Config(PART) Squad/Parts/Science/sensorBarometer/sensorBarometer/sensorBarometer
[LOG 20:58:39.743] Config(PART) Squad/Parts/Science/sensorGravimeter/sensorGravimeter/sensorGravimeter
[LOG 20:58:39.743] Config(PART) Squad/Parts/Science/sensorThermometer/sensorThermometer/sensorThermometer
[LOG 20:58:39.743] Config(PART) Squad/Parts/Structural/FLAdapters/adapterSmallMiniShort/adapterSmallMiniShort
[LOG 20:58:39.743] Config(PART) Squad/Parts/Structural/FLAdapters/adapterSmallMiniTall/adapterSmallMiniTall
[LOG 20:58:39.743] Config(PART) Squad/Parts/Structural/mk1Parts/engineBodyRadial/radialEngineBody
[LOG 20:58:39.743] Config(PART) Squad/Parts/Structural/mk1Parts/engineNacelle/nacelleBody
[LOG 20:58:39.743] Config(PART) Squad/Parts/Structural/mk1Parts/mk1Fuselage/MK1Fuselage
[LOG 20:58:39.743] Config(PART) Squad/Parts/Structural/mk1Parts/mk1FuselageIntake/MK1IntakeFuselage
[LOG 20:58:39.743] Config(PART) Squad/Parts/Structural/mk1Parts/mk1Structural/Mk1FuselageStructural
[LOG 20:58:39.743] Config(PART) Squad/Parts/Structural/Size3To2Adapter_v2/Size2to3_v2/Size3To2Adapter_v2
[LOG 20:58:39.743] Config(PART) Squad/Parts/Structural/stackAdapters/adapterLargeSmallBi/adapterLargeSmallBi
[LOG 20:58:39.743] Config(PART) Squad/Parts/Structural/stackAdapters/adapterLargeSmallQuad/adapterLargeSmallQuad
[LOG 20:58:39.743] Config(PART) Squad/Parts/Structural/stackAdapters/adapterLargeSmallTri/adapterLargeSmallTri
[LOG 20:58:39.743] Config(PART) Squad/Parts/Structural/stationHub/stationHub/stationHub
[LOG 20:58:39.743] Config(PART) Squad/Parts/Structural/structuralIBeam200/structuralIBeam200/structuralIBeam2
[LOG 20:58:39.743] Config(PART) Squad/Parts/Structural/structuralIBeam200Pocket/structuralIBeam200Pocket/structuralIBeam3
[LOG 20:58:39.743] Config(PART) Squad/Parts/Structural/structuralIBeam650/structuralIBeam650/structuralIBeam1
[LOG 20:58:39.743] Config(PART) Squad/Parts/Structural/structuralMicronode/structuralMicronode/structuralMiniNode
[LOG 20:58:39.743] Config(PART) Squad/Parts/Structural/structuralPanel1x1/structuralPanel1x1/structuralPanel1
[LOG 20:58:39.743] Config(PART) Squad/Parts/Structural/structuralPanel2x2/structuralPanel2x2/structuralPanel2
[LOG 20:58:39.743] Config(PART) Squad/Parts/Structural/structuralPylons/smallHardpoint/smallHardpoint
[LOG 20:58:39.743] Config(PART) Squad/Parts/Structural/structuralPylons/structuralPylon/structuralPylon
[LOG 20:58:39.743] Config(PART) Squad/Parts/Structural/strutCubicOcto/strutCubicOcto/strutCube
[LOG 20:58:39.743] Config(PART) Squad/Parts/Structural/strutOcto/strutOcto/strutOcto
[LOG 20:58:39.743] Config(PART) Squad/Parts/Structural/trussGirderAdapter/trussGirderAdapter/trussAdapter
[LOG 20:58:39.743] Config(PART) Squad/Parts/Structural/trussGirderL/trussGirderL/trussPiece1x
[LOG 20:58:39.743] Config(PART) Squad/Parts/Structural/trussGirderXL/trussGirderXL/trussPiece3x
[LOG 20:58:39.743] Config(PART) Squad/Parts/Thermal/FoldingRadiators/foldingRadLarge/foldingRadLarge
[LOG 20:58:39.743] Config(PART) Squad/Parts/Thermal/FoldingRadiators/foldingRadMed/foldingRadMed
[LOG 20:58:39.744] Config(PART) Squad/Parts/Thermal/FoldingRadiators/foldingRadSmall/foldingRadSmall
[LOG 20:58:39.744] Config(PART) Squad/Parts/Thermal/RadiatorPanels/radPanelEdge/radPanelEdge
[LOG 20:58:39.744] Config(PART) Squad/Parts/Thermal/RadiatorPanels/radPanelLg/radPanelLg
[LOG 20:58:39.744] Config(PART) Squad/Parts/Thermal/RadiatorPanels/radPanelSm/radPanelSm
[LOG 20:58:39.744] Config(PART) Squad/Parts/Utility/commDish88-88/commDish88-88/commDish
[LOG 20:58:39.744] Config(PART) Squad/Parts/Utility/commsAntennaDTS-M1/commsAntennaDTS-M1/mediumDishAntenna
[LOG 20:58:39.744] Config(PART) Squad/Parts/Utility/commsDish16/commsAntenna16/longAntenna
[LOG 20:58:39.744] Config(PART) Squad/Parts/Utility/decouplerRadialHDM/decouplerRadialHDM/radialDecoupler1-2
[LOG 20:58:39.744] Config(PART) Squad/Parts/Utility/decouplerRadialTT-38K/decouplerRadialTT-38K/radialDecoupler
[LOG 20:58:39.744] Config(PART) Squad/Parts/Utility/decouplerRadialTT-70/decouplerRadialTT-70/radialDecoupler2
[LOG 20:58:39.744] Config(PART) Squad/Parts/Utility/DirectAntennas/C16S/SurfAntenna
[LOG 20:58:39.744] Config(PART) Squad/Parts/Utility/DirectAntennas/HG-5/HighGainAntenna5
[LOG 20:58:39.744] Config(PART) Squad/Parts/Utility/DirectAntennas/HG-5_v2/HighGainAntenna5_v2
[LOG 20:58:39.744] Config(PART) Squad/Parts/Utility/dockingPort/dockingPort/dockingPort2
[LOG 20:58:39.744] Config(PART) Squad/Parts/Utility/dockingPortInline/dockingPortInline/dockingPortLateral
[LOG 20:58:39.744] Config(PART) Squad/Parts/Utility/dockingPortJr/dockingPortJr/dockingPort3
[LOG 20:58:39.744] Config(PART) Squad/Parts/Utility/dockingPortShielded/dockingPortShielded/dockingPort1
[LOG 20:58:39.744] Config(PART) Squad/Parts/Utility/dockingPortSr/dockingPortSr/dockingPortLarge
[LOG 20:58:39.744] Config(PART) Squad/Parts/Utility/Fireworks/fireworksLauncherBig/fireworksLauncherBig
[LOG 20:58:39.744] Config(PART) Squad/Parts/Utility/Fireworks/fireworksLauncherSmall/fireworksLauncherSmall
[LOG 20:58:39.744] Config(PART) Squad/Parts/Utility/flags/flagFlat/flagFlat/flagPartFlat
[LOG 20:58:39.744] Config(PART) Squad/Parts/Utility/flags/flagSize0/flagSize0/flagPartSize0
[LOG 20:58:39.744] Config(PART) Squad/Parts/Utility/flags/flagSize1/flagSize1/flagPartSize1
[LOG 20:58:39.744] Config(PART) Squad/Parts/Utility/flags/flagSize2/flagSize2/flagPartSize2
[LOG 20:58:39.744] Config(PART) Squad/Parts/Utility/flags/flagSize3/flagSize3/flagPartSize3
[LOG 20:58:39.744] Config(PART) Squad/Parts/Utility/GrapplingDevice/part/GrapplingDevice
[LOG 20:58:39.744] Config(PART) Squad/Parts/Utility/ladderRadial/ladderRadial/ladder1
[LOG 20:58:39.744] Config(PART) Squad/Parts/Utility/ladderTelescopic/ladderTelescopic/telescopicLadder
[LOG 20:58:39.744] Config(PART) Squad/Parts/Utility/ladderTelescopicBay/ladderTelescopicBay/telescopicLadderBay
[LOG 20:58:39.744] Config(PART) Squad/Parts/Utility/landingLegLT-1/landingLegLT-1/landingLeg1
[LOG 20:58:39.744] Config(PART) Squad/Parts/Utility/landingLegLT-2/landingLegLT-2/landingLeg1-2
[LOG 20:58:39.744] Config(PART) Squad/Parts/Utility/landingLegLT-5/landingLegLT-5/miniLandingLeg
[LOG 20:58:39.744] Config(PART) Squad/Parts/Utility/launchClamp1/launchClamp1/launchClamp1
[LOG 20:58:39.744] Config(PART) Squad/Parts/Utility/launchEscapeSystem/part/LaunchEscapeSystem
[LOG 20:58:39.744] Config(PART) Squad/Parts/Utility/Lights/domeLight1/domeLight1
[LOG 20:58:39.744] Config(PART) Squad/Parts/Utility/Lights/groundLight1/groundLight1
[LOG 20:58:39.744] Config(PART) Squad/Parts/Utility/Lights/groundLight2/groundLight2
[LOG 20:58:39.744] Config(PART) Squad/Parts/Utility/Lights/navLight1/navLight1
[LOG 20:58:39.744] Config(PART) Squad/Parts/Utility/Lights/spotLight1/spotLight3
[LOG 20:58:39.744] Config(PART) Squad/Parts/Utility/Lights/stripLight1/stripLight1
[LOG 20:58:39.744] Config(PART) Squad/Parts/Utility/linearVernorRCS/linearRCS/linearRcs
[LOG 20:58:39.745] Config(PART) Squad/Parts/Utility/linearVernorRCS/vernorEngine/vernierEngine
[LOG 20:58:39.745] Config(PART) Squad/Parts/Utility/mk2CargoBay/BayL/mk2CargoBayL
[LOG 20:58:39.745] Config(PART) Squad/Parts/Utility/mk2CargoBay/BayS/mk2CargoBayS
[LOG 20:58:39.745] Config(PART) Squad/Parts/Utility/mk2CrewCabin/mk2CrewCabin/mk2CrewCabin
[LOG 20:58:39.745] Config(PART) Squad/Parts/Utility/mk2DockingPort/mk2DockingPort/mk2DockingPort
[LOG 20:58:39.745] Config(PART) Squad/Parts/Utility/mk3CargoBay/long/mk3CargoBayL
[LOG 20:58:39.745] Config(PART) Squad/Parts/Utility/mk3CargoBay/medium/mk3CargoBayM
[LOG 20:58:39.745] Config(PART) Squad/Parts/Utility/mk3CargoBay/ramp/mk3CargoRamp
[LOG 20:58:39.745] Config(PART) Squad/Parts/Utility/mk3CargoBay/short/mk3CargoBayS
[LOG 20:58:39.745] Config(PART) Squad/Parts/Utility/parachuteMk1/parachuteMk1/parachuteSingle
[LOG 20:58:39.745] Config(PART) Squad/Parts/Utility/parachuteMk12-R/parachuteMk12-R/radialDrogue
[LOG 20:58:39.745] Config(PART) Squad/Parts/Utility/parachuteMk16-XL/parachuteMk16-XL/parachuteLarge
[LOG 20:58:39.745] Config(PART) Squad/Parts/Utility/parachuteMk2-R/parachuteMk2-R/parachuteRadial
[LOG 20:58:39.745] Config(PART) Squad/Parts/Utility/parachuteMk25/parachuteMk25/parachuteDrogue
[LOG 20:58:39.745] Config(PART) Squad/Parts/Utility/radialAttachmentPoint/radialAttachmentPoint/stackPoint1
[LOG 20:58:39.745] Config(PART) Squad/Parts/Utility/rcsBlockRV-105_v2/rcsBlockRV-105/RCSBlock_v2
[LOG 20:58:39.745] Config(PART) Squad/Parts/Utility/rcsBlockRV-105_v2/RCSblock_01_small/RCSblock_01_small
[LOG 20:58:39.745] Config(PART) Squad/Parts/Utility/rcsSmallLinear/RCSLinearSmall/RCSLinearSmall
[LOG 20:58:39.745] Config(PART) Squad/Parts/Utility/RelayAntennas/RA-100/RelayAntenna100
[LOG 20:58:39.745] Config(PART) Squad/Parts/Utility/RelayAntennas/RA-5/RelayAntenna5
[LOG 20:58:39.745] Config(PART) Squad/Parts/Utility/RelayAntennas/RA-50/RelayAntenna50
[LOG 20:58:39.745] Config(PART) Squad/Parts/Utility/rockomaxAdapters/largeAdapter/largeAdapter
[LOG 20:58:39.745] Config(PART) Squad/Parts/Utility/rockomaxAdapters/largeAdapterShort/largeAdapter2
[LOG 20:58:39.745] Config(PART) Squad/Parts/Utility/ServiceBay_v2/ServiceBay_125_v2/ServiceBay_125_v2
[LOG 20:58:39.745] Config(PART) Squad/Parts/Utility/ServiceBay_v2/ServiceBay_250_v2/ServiceBay_250_v2
[LOG 20:58:39.745] Config(PART) Squad/Parts/Utility/smallClaw/smallClaw/smallClaw
[LOG 20:58:39.745] Config(PART) Squad/Parts/Utility/spotLightMk1/spotLightMk1/spotLight1
[LOG 20:58:39.745] Config(PART) Squad/Parts/Utility/spotLightMk1_v2/spotLightMk1_v2/spotLight1_v2
[LOG 20:58:39.745] Config(PART) Squad/Parts/Utility/spotLightMk2/spotLightMk2/spotLight2
[LOG 20:58:39.745] Config(PART) Squad/Parts/Utility/spotLightMk2_v2/spotLightMk2_v2/spotLight2_v2
[LOG 20:58:39.745] Config(PART) Squad/Parts/Utility/stackCouplers/stackBiCoupler_v2/stackBiCoupler_v2
[LOG 20:58:39.745] Config(PART) Squad/Parts/Utility/stackCouplers/stackQuadCoupler/stackQuadCoupler
[LOG 20:58:39.746] Config(PART) Squad/Parts/Utility/stackCouplers/stackTriCoupler_v2/stackTriCoupler_v2
[LOG 20:58:39.746] Config(PART) Squad/Parts/Wheel/LandingGear/GearExtraLarge/GearLarge
[LOG 20:58:39.746] Config(PART) Squad/Parts/Wheel/LandingGear/GearFixed/GearFixed
[LOG 20:58:39.746] Config(PART) Squad/Parts/Wheel/LandingGear/GearFree/GearFree
[LOG 20:58:39.746] Config(PART) Squad/Parts/Wheel/LandingGear/GearLarge/GearMedium
[LOG 20:58:39.746] Config(PART) Squad/Parts/Wheel/LandingGear/GearMedium/GearSmall
[LOG 20:58:39.746] Config(PART) Squad/Parts/Wheel/LandingGear/GearSmall/SmallGearBay
[LOG 20:58:39.746] Config(PART) Squad/Parts/Wheel/roverWheelM1/roverWheelM1/roverWheel1
[LOG 20:58:39.746] Config(PART) Squad/Parts/Wheel/roverWheelS2/roverWheelS2/roverWheel2
[LOG 20:58:39.746] Config(PART) Squad/Parts/Wheel/roverWheelTR-2L/roverWheelTR-2L/wheelMed
[LOG 20:58:39.746] Config(PART) Squad/Parts/Wheel/roverWheelXL3/roverWheelXL3/roverWheel3
[LOG 20:58:39.746] Config(PROP) Squad/Props/AltimeterThreeHands/prop/AltimeterThreeHands
[LOG 20:58:39.746] Config(PROP) Squad/Props/AtmosphereDepth/prop/AtmosphereDepth
[LOG 20:58:39.746] Config(PROP) Squad/Props/AxisIndicator/pitchConfig/AxisIndicatorPitch
[LOG 20:58:39.746] Config(PROP) Squad/Props/AxisIndicator/rollConfig/AxisIndicatorRoll
[LOG 20:58:39.746] Config(PROP) Squad/Props/AxisIndicator/yawConfig/AxisIndicatorYaw
[LOG 20:58:39.746] Config(PROP) Squad/Props/buttonsGeneric/circularButton/genericCircularButton
[LOG 20:58:39.746] Config(PROP) Squad/Props/buttonsGeneric/clusterButtons/genericClusterButtons
[LOG 20:58:39.746] Config(PROP) Squad/Props/buttonsGeneric/clusterButtons2/genericClusterButtons2
[LOG 20:58:39.746] Config(PROP) Squad/Props/buttonsGeneric/clusterKnob/genericClusterKnobs
[LOG 20:58:39.746] Config(PROP) Squad/Props/buttonsGeneric/clusterKnob2/genericClusterKnobs2
[LOG 20:58:39.746] Config(PROP) Squad/Props/buttonsGeneric/clusterMixed/genericClusterMixed
[LOG 20:58:39.746] Config(PROP) Squad/Props/buttonsGeneric/clusterSwitches01/genericClusterSwitches01
[LOG 20:58:39.746] Config(PROP) Squad/Props/buttonsGeneric/clusterSwitches02/genericClusterSwitches02
[LOG 20:58:39.746] Config(PROP) Squad/Props/buttonsGeneric/clusterSwitches03/genericClusterSwitches03
[LOG 20:58:39.746] Config(PROP) Squad/Props/buttonsGeneric/clusterSwitches04/genericClusterSwitches04
[LOG 20:58:39.746] Config(PROP) Squad/Props/buttonsGeneric/clusterSwitches05/genericClusterSwitches05
[LOG 20:58:39.746] Config(PROP) Squad/Props/buttonsGeneric/clusterSwitches06/genericClusterSwitches06
[LOG 20:58:39.746] Config(PROP) Squad/Props/buttonsGeneric/clusterSwitches07/genericClusterSwitches07
[LOG 20:58:39.746] Config(PROP) Squad/Props/buttonsGeneric/directionalKnob/genericDirectionalKnob
[LOG 20:58:39.746] Config(PROP) Squad/Props/buttonsGeneric/directionalKnob2/genericDirectionalKnob2
[LOG 20:58:39.746] Config(PROP) Squad/Props/buttonsGeneric/pullSwitch/genericPullSwitch
[LOG 20:58:39.746] Config(PROP) Squad/Props/buttonsGeneric/squareButton/genericSquareButton
[LOG 20:58:39.746] Config(PROP) Squad/Props/buttonsGeneric/standingSwitch/genericStandingSwitch
[LOG 20:58:39.746] Config(PROP) Squad/Props/buttonsGeneric/switch/genericSwitch
[LOG 20:58:39.746] Config(PROP) Squad/Props/buttonsGeneric/switchWithGuards/genericSwitchWithGuards
[LOG 20:58:39.746] Config(PROP) Squad/Props/ButtonSquare/prop/ButtonSquare
[LOG 20:58:39.746] Config(PROP) Squad/Props/circularButton/prop/circularButton
[LOG 20:58:39.746] Config(PROP) Squad/Props/Compass/prop/Compass
[LOG 20:58:39.746] Config(PROP) Squad/Props/directionalKnob/prop/directionalKnob
[LOG 20:58:39.746] Config(PROP) Squad/Props/directionalKnob2/prop/directionalKnob2
[LOG 20:58:39.746] Config(PROP) Squad/Props/IndicatorPanel/prop/IndicatorPanel
[LOG 20:58:39.746] Config(PROP) Squad/Props/IVANavBall/prop/NavBall
[LOG 20:58:39.747] Config(PROP) Squad/Props/IVANavBallNoBase/prop/NavBallNoBase
[LOG 20:58:39.747] Config(PROP) Squad/Props/ledPanelSpeed/prop/ledPanelSpeed
[LOG 20:58:39.747] Config(PROP) Squad/Props/Monitor/DockingMode/MonitorDockingMode
[LOG 20:58:39.747] Config(PROP) Squad/Props/NavBall/prop/NavBall
[LOG 20:58:39.747] Config(PROP) Squad/Props/PropsGeneric/Button_DockingMode/Button_DockingMode
[LOG 20:58:39.747] Config(PROP) Squad/Props/PropsGeneric/CargoBagA/CargoBagA
[LOG 20:58:39.747] Config(PROP) Squad/Props/PropsGeneric/CargoBagB/CargoBagB
[LOG 20:58:39.747] Config(PROP) Squad/Props/PropsGeneric/CargoBagC/CargoBagC
[LOG 20:58:39.747] Config(PROP) Squad/Props/PropsGeneric/Hatch_Plane/Hatch_Plane
[LOG 20:58:39.747] Config(PROP) Squad/Props/PropsGeneric/Hatch_Plane_Curve90/Hatch_Plane_Curve90
[LOG 20:58:39.747] Config(PROP) Squad/Props/PropsGeneric/Hatch_Plane_Frame/Hatch_Plane_Frame
[LOG 20:58:39.747] Config(PROP) Squad/Props/PropsGeneric/Seat_Passenger/Seat_Passenger
[LOG 20:58:39.747] Config(PROP) Squad/Props/PropsGeneric/Seat_Pilot/Seat_Pilot
[LOG 20:58:39.747] Config(PROP) Squad/Props/PropsGeneric/Seat_Pilot_Helmet/Seat_Pilot_Helmet
[LOG 20:58:39.747] Config(PROP) Squad/Props/PropsGeneric/SideStick/SideStick
[LOG 20:58:39.747] Config(PROP) Squad/Props/pullSwitch/prop/pullSwitch
[LOG 20:58:39.747] Config(PROP) Squad/Props/radarAltitude/prop/RadarAltimeter
[LOG 20:58:39.747] Config(PROP) Squad/Props/squareButton/prop/squareButton
[LOG 20:58:39.747] Config(PROP) Squad/Props/standingSwitch/prop/standingSwitch
[LOG 20:58:39.747] Config(PROP) Squad/Props/switch/prop/switch
[LOG 20:58:39.747] Config(PROP) Squad/Props/switchGuard/prop/switchGuard
[LOG 20:58:39.747] Config(PROP) Squad/Props/switchWithGuards/prop/switchWithGuards
[LOG 20:58:39.747] Config(PROP) Squad/Props/throttle/prop/throttle
[LOG 20:58:39.747] Config(PROP) Squad/Props/VSI/prop/VSI
[LOG 20:58:39.747] Config(SPACEOBJECTS_LIMITS) Squad/Resources/CometDefs/SPACEOBJECTS_LIMITS
[LOG 20:58:39.747] Config(COMET_MANAGER) Squad/Resources/CometDefs/COMET_MANAGER
[LOG 20:58:39.747] Config(COMET_ORBIT_TYPE) Squad/Resources/CometDefs/short
[LOG 20:58:39.747] Config(COMET_ORBIT_TYPE) Squad/Resources/CometDefs/intermediate
[LOG 20:58:39.747] Config(COMET_ORBIT_TYPE) Squad/Resources/CometDefs/long
[LOG 20:58:39.747] Config(COMET_ORBIT_TYPE) Squad/Resources/CometDefs/interstellar
[LOG 20:58:39.747] Config(FIREWORKFX_DEFINITION) Squad/Resources/FireworkFXDefinitions/classicTrail
[LOG 20:58:39.747] Config(FIREWORKFX_DEFINITION) Squad/Resources/FireworkFXDefinitions/whirlyTrail
[LOG 20:58:39.747] Config(FIREWORKFX_DEFINITION) Squad/Resources/FireworkFXDefinitions/strobeTrail
[LOG 20:58:39.747] Config(FIREWORKFX_DEFINITION) Squad/Resources/FireworkFXDefinitions/bareTrail
[LOG 20:58:39.747] Config(FIREWORKFX_DEFINITION) Squad/Resources/FireworkFXDefinitions/classicBurst
[LOG 20:58:39.747] Config(FIREWORKFX_DEFINITION) Squad/Resources/FireworkFXDefinitions/chrysBurst
[LOG 20:58:39.747] Config(FIREWORKFX_DEFINITION) Squad/Resources/FireworkFXDefinitions/palmBurst
[LOG 20:58:39.747] Config(FIREWORKFX_DEFINITION) Squad/Resources/FireworkFXDefinitions/ringBurst
[LOG 20:58:39.747] Config(FIREWORKFX_DEFINITION) Squad/Resources/FireworkFXDefinitions/crosetteBurst
[LOG 20:58:39.747] Config(FIREWORKFX_DEFINITION) Squad/Resources/FireworkFXDefinitions/willowBurst
[LOG 20:58:39.747] Config(FIREWORKFX_DEFINITION) Squad/Resources/FireworkFXDefinitions/crackeBurst
[LOG 20:58:39.747] Config(FIREWORKFX_DEFINITION) Squad/Resources/FireworkFXDefinitions/palmCrackleBurst
[LOG 20:58:39.747] Config(FIREWORKFX_DEFINITION) Squad/Resources/FireworkFXDefinitions/dragonBurst
[LOG 20:58:39.747] Config(GLOBAL_RESOURCE) Squad/Resources/Ore/GLOBAL_RESOURCE
[LOG 20:58:39.747] Config(PLANETARY_RESOURCE) Squad/Resources/Ore/PLANETARY_RESOURCE
[LOG 20:58:39.751] Config(PLANETARY_RESOURCE) Squad/Resources/Ore/PLANETARY_RESOURCE
[LOG 20:58:39.751] Config(RESOURCE_OVERLAY_CONFIGURATION_SOLID) Squad/Resources/Overlay/RESOURCE_OVERLAY_CONFIGURATION_SOLID
[LOG 20:58:39.751] Config(RESOURCE_OVERLAY_CONFIGURATION_LINES) Squad/Resources/Overlay/RESOURCE_OVERLAY_CONFIGURATION_LINES
[LOG 20:58:39.751] Config(RESOURCE_OVERLAY_CONFIGURATION_DOTS) Squad/Resources/Overlay/RESOURCE_OVERLAY_CONFIGURATION_DOTS
[LOG 20:58:39.751] Config(RESOURCE_CONFIGURATION) Squad/Resources/ResourceDefaults/RESOURCE_CONFIGURATION
[LOG 20:58:39.751] Config(RESOURCE_DEFINITION) Squad/Resources/ResourcesGeneric/LiquidFuel
[LOG 20:58:39.751] Config(RESOURCE_DEFINITION) Squad/Resources/ResourcesGeneric/Oxidizer
[LOG 20:58:39.751] Config(RESOURCE_DEFINITION) Squad/Resources/ResourcesGeneric/SolidFuel
[LOG 20:58:39.751] Config(RESOURCE_DEFINITION) Squad/Resources/ResourcesGeneric/MonoPropellant
[LOG 20:58:39.751] Config(RESOURCE_DEFINITION) Squad/Resources/ResourcesGeneric/XenonGas
[LOG 20:58:39.751] Config(RESOURCE_DEFINITION) Squad/Resources/ResourcesGeneric/ElectricCharge
[LOG 20:58:39.751] Config(RESOURCE_DEFINITION) Squad/Resources/ResourcesGeneric/IntakeAir
[LOG 20:58:39.751] Config(RESOURCE_DEFINITION) Squad/Resources/ResourcesGeneric/EVA Propellant
[LOG 20:58:39.751] Config(RESOURCE_DEFINITION) Squad/Resources/ResourcesGeneric/Ore
[LOG 20:58:39.751] Config(RESOURCE_DEFINITION) Squad/Resources/ResourcesGeneric/Ablator
[LOG 20:58:39.751] Config(EXPERIMENT_DEFINITION) Squad/Resources/ScienceDefs/EXPERIMENT_DEFINITION
[LOG 20:58:39.752] Config(EXPERIMENT_DEFINITION) Squad/Resources/ScienceDefs/EXPERIMENT_DEFINITION
[LOG 20:58:39.752] Config(EXPERIMENT_DEFINITION) Squad/Resources/ScienceDefs/EXPERIMENT_DEFINITION
[LOG 20:58:39.752] Config(EXPERIMENT_DEFINITION) Squad/Resources/ScienceDefs/EXPERIMENT_DEFINITION
[LOG 20:58:39.752] Config(EXPERIMENT_DEFINITION) Squad/Resources/ScienceDefs/EXPERIMENT_DEFINITION
[LOG 20:58:39.752] Config(EXPERIMENT_DEFINITION) Squad/Resources/ScienceDefs/EXPERIMENT_DEFINITION
[LOG 20:58:39.752] Config(EXPERIMENT_DEFINITION) Squad/Resources/ScienceDefs/EXPERIMENT_DEFINITION
[LOG 20:58:39.752] Config(EXPERIMENT_DEFINITION) Squad/Resources/ScienceDefs/EXPERIMENT_DEFINITION
[LOG 20:58:39.752] Config(EXPERIMENT_DEFINITION) Squad/Resources/ScienceDefs/EXPERIMENT_DEFINITION
[LOG 20:58:39.752] Config(EXPERIMENT_DEFINITION) Squad/Resources/ScienceDefs/EXPERIMENT_DEFINITION
[LOG 20:58:39.752] Config(EXPERIMENT_DEFINITION) Squad/Resources/ScienceDefs/EXPERIMENT_DEFINITION
[LOG 20:58:39.752] Config(EXPERIMENT_DEFINITION) Squad/Resources/ScienceDefs/EXPERIMENT_DEFINITION
[LOG 20:58:39.752] Config(EXPERIMENT_DEFINITION) Squad/Resources/ScienceDefs/EXPERIMENT_DEFINITION
[LOG 20:58:39.752] Config(EXPERIMENT_DEFINITION) Squad/Resources/ScienceDefs/EXPERIMENT_DEFINITION
[LOG 20:58:39.752] Config(EXPERIMENT_DEFINITION) Squad/Resources/ScienceDefs/EXPERIMENT_DEFINITION
[LOG 20:58:39.752] Config(EXPERIMENT_DEFINITION) Squad/Resources/ScienceDefs/EXPERIMENT_DEFINITION
[LOG 20:58:39.752] Config(EXPERIMENT_DEFINITION) Squad/Resources/ScienceDefs/EXPERIMENT_DEFINITION
[LOG 20:58:39.752] Config(EXPERIMENT_DEFINITION) Squad/Resources/ScienceDefs/EXPERIMENT_DEFINITION
[LOG 20:58:39.752] Config(STORY_DEF) Squad/Resources/StoryDefs/STORY_DEF
[LOG 20:58:39.752] Config(TechTree) Squad/Resources/TechTree/TechTree
[LOG 20:58:39.752] Config(INTERNAL) Squad/Spaces/crewCabinInternals/internal/crewCabinInternals
[LOG 20:58:39.752] Config(INTERNAL) Squad/Spaces/cupolaInternal/internal/cupolaInternal
[LOG 20:58:39.752] Config(INTERNAL) Squad/Spaces/GenericSpace1/internal/GenericSpace1
[LOG 20:58:39.753] Config(INTERNAL) Squad/Spaces/GenericSpace3/internal/GenericSpace3
[LOG 20:58:39.753] Config(INTERNAL) Squad/Spaces/landerCabinInternals/internal/landerCabinInternals
[LOG 20:58:39.753] Config(INTERNAL) Squad/Spaces/landerCabinSmallInternal/internal/landerCabinSmallInternal
[LOG 20:58:39.753] Config(INTERNAL) Squad/Spaces/LargeCrewedLabInternals/internal/Mobile_Processing_Lab_Int
[LOG 20:58:39.753] Config(INTERNAL) Squad/Spaces/Mk1-3/internal/Mk1-3
[LOG 20:58:39.753] Config(INTERNAL) Squad/Spaces/mk1CabinInternal/internal/mk1CabinInternal
[LOG 20:58:39.753] Config(INTERNAL) Squad/Spaces/mk1CockpitInternal/internal/mk1CockpitInternal
[LOG 20:58:39.753] Config(INTERNAL) Squad/Spaces/mk1InlineInternal/internal/mk1InlineInternal
[LOG 20:58:39.753] Config(INTERNAL) Squad/Spaces/mk1PodCockpit/internal/mk1PodCockpit
[LOG 20:58:39.754] Config(INTERNAL) Squad/Spaces/mk1pod_IVA/mk1pod_Internal/mk1pod_IVA
[LOG 20:58:39.754] Config(INTERNAL) Squad/Spaces/mk2CockpitStandardInternal/internal/mk2CockpitStandardInternals
[LOG 20:58:39.754] Config(INTERNAL) Squad/Spaces/Mk2CrewCabinInternal/internal_MK2_CrewCab/MK2_CrewCab_Int
[LOG 20:58:39.754] Config(INTERNAL) Squad/Spaces/mk2InlineInternal/internal/mk2InlineInternal
[LOG 20:58:39.754] Config(INTERNAL) Squad/Spaces/mk2LanderCanInternal/internal/mk2LanderCanInternal
[LOG 20:58:39.754] Config(INTERNAL) Squad/Spaces/MK3CockpitInternal/internal_MK3/MK3_Cockpit_Int
[LOG 20:58:39.754] Config(INTERNAL) Squad/Spaces/MK3_CrewCab_Int/internal_MK3_CrewCab/MK3_CrewCab_Int
[LOG 20:58:39.754] Config(INTERNAL) Squad/Spaces/Placeholder/internal/Placeholder
[LOG 20:58:39.754] Config(INTERNAL) Squad/Spaces/PodCockpit/internal/PodCockpit
[LOG 20:58:39.754] Config(STRATEGY_DEPARTMENT) Squad/Strategies/Departments/Finances
[LOG 20:58:39.754] Config(STRATEGY_DEPARTMENT) Squad/Strategies/Departments/Science
[LOG 20:58:39.754] Config(STRATEGY_DEPARTMENT) Squad/Strategies/Departments/Public Relations
[LOG 20:58:39.754] Config(STRATEGY_DEPARTMENT) Squad/Strategies/Departments/Operations
[LOG 20:58:39.754] Config(STRATEGY) Squad/Strategies/Strategies/AppreciationCampaignCfg
[LOG 20:58:39.754] Config(STRATEGY) Squad/Strategies/Strategies/FundraisingCampaignCfg
[LOG 20:58:39.754] Config(STRATEGY) Squad/Strategies/Strategies/OpenSourceTechProgramCfg
[LOG 20:58:39.754] Config(STRATEGY) Squad/Strategies/Strategies/UnpaidResearchProgramCfg
[LOG 20:58:39.754] Config(STRATEGY) Squad/Strategies/Strategies/OutsourcedResearchCfg
[LOG 20:58:39.754] Config(STRATEGY) Squad/Strategies/Strategies/PatentsLicensingCfg
[LOG 20:58:39.754] Config(STRATEGY) Squad/Strategies/Strategies/AgressiveNegotiations
[LOG 20:58:39.754] Config(STRATEGY) Squad/Strategies/Strategies/RecoveryTransponders
[LOG 20:58:39.754] Config(STRATEGY) Squad/Strategies/Strategies/BailoutGrant
[LOG 20:58:39.754] Config(STRATEGY) Squad/Strategies/Strategies/researchIPsellout
[LOG 20:58:39.754] Config(STRATEGY) Squad/Strategies/Strategies/LeadershipInitiative
[LOG 20:58:39.754] Config(TUTORIAL) Squad/Tutorials/FlightSuborbital/FlightSuborbital
[LOG 20:58:39.754] Config(TUTORIAL) Squad/Tutorials/FromMun/FromMun
[LOG 20:58:39.754] Config(TUTORIAL) Squad/Tutorials/GoForOrbit/GoForOrbit
[LOG 20:58:39.754] Config(MISSIONPACK) SquadExpansion/MakingHistory/Missions/MissionPacks/squad_MakingHistory
[LOG 20:58:39.754] Config(MISSIONPACK) SquadExpansion/MakingHistory/Missions/MissionPacks/squad_MakingHistory_Other
[LOG 20:58:39.754] Config(MISSIONPACK) SquadExpansion/MakingHistory/Missions/MissionPacks/squad_MakingHistory_Tutorial
[LOG 20:58:39.754] Config(MEBASICNODE) SquadExpansion/MakingHistory/Nodes/AccuracyLogic/TestAccuracyLogic
[LOG 20:58:39.754] Config(MEBASICNODE) SquadExpansion/MakingHistory/Nodes/ActionChancePartResourceLevels/ActionPartResourceAmount
[LOG 20:58:39.754] Config(MEBASICNODE) SquadExpansion/MakingHistory/Nodes/ActionExplode/ActionVesselExplode
[LOG 20:58:39.755] Config(MEBASICNODE) SquadExpansion/MakingHistory/Nodes/ActionMissionScore/MissionScore
[LOG 20:58:39.755] Config(MEBASICNODE) SquadExpansion/MakingHistory/Nodes/ActionModifierFunds/ModifyFunds
[LOG 20:58:39.755] Config(MEBASICNODE) SquadExpansion/MakingHistory/Nodes/ActionModifierScore/MissionScore
[LOG 20:58:39.755] Config(MEBASICNODE) SquadExpansion/MakingHistory/Nodes/ActionPartExplode/ActionPartExplode
[LOG 20:58:39.755] Config(MEBASICNODE) SquadExpansion/MakingHistory/Nodes/ActionPartResourceDrain/ActionPartResourceDrain
[LOG 20:58:39.755] Config(MEBASICNODE) SquadExpansion/MakingHistory/Nodes/ActionVesselActionGroup/ActionVesselActionGroup
[LOG 20:58:39.755] Config(MEBASICNODE) SquadExpansion/MakingHistory/Nodes/ActionVesselStage/ActionVesselStage
[LOG 20:58:39.755] Config(MEBASICNODE) SquadExpansion/MakingHistory/Nodes/CreateAsteroid/CreateAsteroid
[LOG 20:58:39.755] Config(MEBASICNODE) SquadExpansion/MakingHistory/Nodes/CreateComet/CreateComet
[LOG 20:58:39.755] Config(MEBASICNODE) SquadExpansion/MakingHistory/Nodes/CreateFlag/CreateFlag
[LOG 20:58:39.755] Config(MEBASICNODE) SquadExpansion/MakingHistory/Nodes/CreateLaunchSite/CreateLaunchSite
[LOG 20:58:39.755] Config(MEBASICNODE) SquadExpansion/MakingHistory/Nodes/CreateVessel/CreateVessel
[LOG 20:58:39.755] Config(MEBASICNODE) SquadExpansion/MakingHistory/Nodes/CrewAssignment/TestCrewAssignment
[LOG 20:58:39.755] Config(MEBASICNODE) SquadExpansion/MakingHistory/Nodes/Destroyed/Crashed
[LOG 20:58:39.755] Config(MEBASICNODE) SquadExpansion/MakingHistory/Nodes/DialogMessage/DialogMessage
[LOG 20:58:39.755] Config(MEBASICNODE) SquadExpansion/MakingHistory/Nodes/Distance/Distance
[LOG 20:58:39.755] Config(MEBASICNODE) SquadExpansion/MakingHistory/Nodes/EmptyFalse/EmptyFalse
[LOG 20:58:39.755] Config(MEBASICNODE) SquadExpansion/MakingHistory/Nodes/EmptyTrue/EmptyTrue
[LOG 20:58:39.755] Config(MEBASICNODE) SquadExpansion/MakingHistory/Nodes/EscapeSOI/SOILeft
[LOG 20:58:39.755] Config(MEBASICNODE) SquadExpansion/MakingHistory/Nodes/EVA/EVA
[LOG 20:58:39.755] Config(MEBASICNODE) SquadExpansion/MakingHistory/Nodes/Flying/Flying
[LOG 20:58:39.755] Config(MEBASICNODE) SquadExpansion/MakingHistory/Nodes/FundsRecovery/FundsRecovery
[LOG 20:58:39.755] Config(MEBASICNODE) SquadExpansion/MakingHistory/Nodes/KerbalBoarded/TestKerbalBoarded
[LOG 20:58:39.755] Config(MEBASICNODE) SquadExpansion/MakingHistory/Nodes/KerbalKilled/EVA
[LOG 20:58:39.755] Config(MEBASICNODE) SquadExpansion/MakingHistory/Nodes/KerbalRecovery/KerbalRecovery
[LOG 20:58:39.755] Config(MEBASICNODE) SquadExpansion/MakingHistory/Nodes/KerbalRescue/KerbalRescue
[LOG 20:58:39.755] Config(MEBASICNODE) SquadExpansion/MakingHistory/Nodes/Landed/Landed
[LOG 20:58:39.755] Config(MEBASICNODE) SquadExpansion/MakingHistory/Nodes/Message/Message
[LOG 20:58:39.755] Config(MEBASICNODE) SquadExpansion/MakingHistory/Nodes/MissionFunds/MissionFunds
[LOG 20:58:39.755] Config(MEBASICNODE) SquadExpansion/MakingHistory/Nodes/MissionScore/MissionScore
[LOG 20:58:39.755] Config(MEBASICNODE) SquadExpansion/MakingHistory/Nodes/Orbit/Orbit
[LOG 20:58:39.755] Config(MEBASICNODE) SquadExpansion/MakingHistory/Nodes/OrbitParams/OrbitParams
[LOG 20:58:39.755] Config(MEBASICNODE) SquadExpansion/MakingHistory/Nodes/PartDocking/TestPartDocking
[LOG 20:58:39.755] Config(MEBASICNODE) SquadExpansion/MakingHistory/Nodes/PartFailure/PartFailure
[LOG 20:58:39.755] Config(MEBASICNODE) SquadExpansion/MakingHistory/Nodes/PartGrapple/TestGrapple
[LOG 20:58:39.755] Config(MEBASICNODE) SquadExpansion/MakingHistory/Nodes/PartRepair/PartRepair
[LOG 20:58:39.755] Config(MEBASICNODE) SquadExpansion/MakingHistory/Nodes/PlaceKerbal/CreateKerbal
[LOG 20:58:39.755] Config(MEBASICNODE) SquadExpansion/MakingHistory/Nodes/PlantFlag/PlantFlag
[LOG 20:58:39.755] Config(MEBASICNODE) SquadExpansion/MakingHistory/Nodes/ReachSOI/ReachSOI
[LOG 20:58:39.755] Config(MEBASICNODE) SquadExpansion/MakingHistory/Nodes/Resource/ResourceAmount
[LOG 20:58:39.755] Config(MEBASICNODE) SquadExpansion/MakingHistory/Nodes/ResourceRecovery/TestResourcesRecovery
[LOG 20:58:39.755] Config(MEBASICNODE) SquadExpansion/MakingHistory/Nodes/ScienceExperiment/ScienceExperiment
[LOG 20:58:39.755] Config(MEBASICNODE) SquadExpansion/MakingHistory/Nodes/SetCamera/SetCamera
[LOG 20:58:39.755] Config(MEBASICNODE) SquadExpansion/MakingHistory/Nodes/SplashDown/SplashDown
[LOG 20:58:39.755] Config(MEBASICNODE) SquadExpansion/MakingHistory/Nodes/StageActivated/TestVesselStageActivated
[LOG 20:58:39.755] Config(MEBASICNODE) SquadExpansion/MakingHistory/Nodes/TakeKerbal/TestTakeKerbal
[LOG 20:58:39.756] Config(MEBASICNODE) SquadExpansion/MakingHistory/Nodes/TestFlyThrough/TestFlyThrough
[LOG 20:58:39.756] Config(MEBASICNODE) SquadExpansion/MakingHistory/Nodes/TestGoTo/TestGoTo
[LOG 20:58:39.756] Config(MEBASICNODE) SquadExpansion/MakingHistory/Nodes/TimeMET/TimeMET
[LOG 20:58:39.756] Config(MEBASICNODE) SquadExpansion/MakingHistory/Nodes/TimeOfMission/TimeOfMission
[LOG 20:58:39.756] Config(MEBASICNODE) SquadExpansion/MakingHistory/Nodes/TimeSinceNode/TestTimeSinceNode
[LOG 20:58:39.756] Config(MEBASICNODE) SquadExpansion/MakingHistory/Nodes/VesselActiveCount/TestVesselActiveCount
[LOG 20:58:39.756] Config(MEBASICNODE) SquadExpansion/MakingHistory/Nodes/VesselAltitudeGoal/VesselAltitudeGoal
[LOG 20:58:39.756] Config(MEBASICNODE) SquadExpansion/MakingHistory/Nodes/VesselCrewCount/VeselCrewCount
[LOG 20:58:39.756] Config(MEBASICNODE) SquadExpansion/MakingHistory/Nodes/VesselMassLogic/VesselMass
[LOG 20:58:39.756] Config(MEBASICNODE) SquadExpansion/MakingHistory/Nodes/VesselPartCount/PartCount
[LOG 20:58:39.756] Config(MEBASICNODE) SquadExpansion/MakingHistory/Nodes/VesselRecovery/TestVesselRecovery
[LOG 20:58:39.756] Config(MEBASICNODE) SquadExpansion/MakingHistory/Nodes/VesselStage/TestVesselStage
[LOG 20:58:39.756] Config(MEBASICNODE) SquadExpansion/MakingHistory/Nodes/VesselVelocity/VesselVelocity
[LOG 20:58:39.756] Config(PART) SquadExpansion/MakingHistory/Parts/Aero/protectiveRocketNoseMk16/rocketNoseCone_size4/rocketNoseConeSize4
[LOG 20:58:39.756] Config(PART) SquadExpansion/MakingHistory/Parts/Aero/protectiveRocketNoseMk5A/Size_1_5_Cone/Size_1_5_Cone
[LOG 20:58:39.756] Config(PART) SquadExpansion/MakingHistory/Parts/Coupling/Decoupler_1p5/Decoupler_1p5
[LOG 20:58:39.756] Config(PART) SquadExpansion/MakingHistory/Parts/Coupling/Decoupler_4/Decoupler_4
[LOG 20:58:39.756] Config(PART) SquadExpansion/MakingHistory/Parts/Coupling/EnginePlate_1p5/EnginePlate1p5
[LOG 20:58:39.756] Config(PART) SquadExpansion/MakingHistory/Parts/Coupling/EnginePlate_2/EnginePlate2
[LOG 20:58:39.756] Config(PART) SquadExpansion/MakingHistory/Parts/Coupling/EnginePlate_3/EnginePlate3
[LOG 20:58:39.756] Config(PART) SquadExpansion/MakingHistory/Parts/Coupling/EnginePlate_4/EnginePlate4
[LOG 20:58:39.756] Config(PART) SquadExpansion/MakingHistory/Parts/Coupling/EnginePlate_5/EnginePlate5
[LOG 20:58:39.756] Config(PART) SquadExpansion/MakingHistory/Parts/Coupling/InflatableAirlock/InflatableAirlock
[LOG 20:58:39.756] Config(PART) SquadExpansion/MakingHistory/Parts/Coupling/Separator_1p5/Separator_1p5
[LOG 20:58:39.756] Config(PART) SquadExpansion/MakingHistory/Parts/Coupling/Separator_4/Separator_4
[LOG 20:58:39.756] Config(PART) SquadExpansion/MakingHistory/Parts/Coupling/Size1p5_Strut_Decoupler/Size1p5_Strut_Decoupler
[LOG 20:58:39.756] Config(PART) SquadExpansion/MakingHistory/Parts/Engine/LiquidEngineKE-1/LiquidEngineKE-1
[LOG 20:58:39.756] Config(PART) SquadExpansion/MakingHistory/Parts/Engine/LiquidEngineLV-T91/LiquidEngineLV-T91
[LOG 20:58:39.756] Config(PART) SquadExpansion/MakingHistory/Parts/Engine/LiquidEngineLV-TX87/LiquidEngineLV-TX87
[LOG 20:58:39.756] Config(PART) SquadExpansion/MakingHistory/Parts/Engine/LiquidEngineRE-I2/LiquidEngineRE-I2
[LOG 20:58:39.756] Config(PART) SquadExpansion/MakingHistory/Parts/Engine/LiquidEngineRE-J10/LiquidEngineRE-J10
[LOG 20:58:39.756] Config(PART) SquadExpansion/MakingHistory/Parts/Engine/LiquidEngineRK-7/LiquidEngineRK-7
[LOG 20:58:39.756] Config(PART) SquadExpansion/MakingHistory/Parts/Engine/LiquidEngineRV-1/LiquidEngineRV-1
[LOG 20:58:39.756] Config(PART) SquadExpansion/MakingHistory/Parts/Engine/solidBoosterTHK/solidBoosterTHK/Pollux
[LOG 20:58:39.756] Config(PART) SquadExpansion/MakingHistory/Parts/FuelTank/MonoPropMini/monopropMiniSphere
[LOG 20:58:39.756] Config(PART) SquadExpansion/MakingHistory/Parts/FuelTank/Size1p5_Monoprop/Size1p5_Monoprop
[LOG 20:58:39.756] Config(PART) SquadExpansion/MakingHistory/Parts/FuelTank/Size1p5_Size0_Adapter_01/Size1p5_Size0_Adapter_01
[LOG 20:58:39.756] Config(PART) SquadExpansion/MakingHistory/Parts/FuelTank/Size1p5_Size1_Adapter_01/Size1p5_Size1_Adapter_01
[LOG 20:58:39.756] Config(PART) SquadExpansion/MakingHistory/Parts/FuelTank/Size1p5_Size1_Adapter_02/Size1p5_Size1_Adapter_02
[LOG 20:58:39.756] Config(PART) SquadExpansion/MakingHistory/Parts/FuelTank/Size1p5_Size2_Adapter_01/Size1p5_Size2_Adapter_01
[LOG 20:58:39.756] Config(PART) SquadExpansion/MakingHistory/Parts/FuelTank/Size1p5_Tank_01/Size1p5_Tank_01
[LOG 20:58:39.756] Config(PART) SquadExpansion/MakingHistory/Parts/FuelTank/Size1p5_Tank_02/Size1p5_Tank_02
[LOG 20:58:39.756] Config(PART) SquadExpansion/MakingHistory/Parts/FuelTank/Size1p5_Tank_03/Size1p5_Tank_03
[LOG 20:58:39.756] Config(PART) SquadExpansion/MakingHistory/Parts/FuelTank/Size1p5_Tank_04/Size1p5_Tank_04
[LOG 20:58:39.757] Config(PART) SquadExpansion/MakingHistory/Parts/FuelTank/Size1p5_Tank_05/Size1p5_Tank_05
[LOG 20:58:39.757] Config(PART) SquadExpansion/MakingHistory/Parts/FuelTank/Size3_Size4_Adapter_01/Size3_Size4_Adapter_01
[LOG 20:58:39.757] Config(PART) SquadExpansion/MakingHistory/Parts/FuelTank/Size4_EngineAdapter_01/Size4_EngineAdapter_01
[LOG 20:58:39.757] Config(PART) SquadExpansion/MakingHistory/Parts/FuelTank/Size4_Tank_01/Size4_Tank_01
[LOG 20:58:39.757] Config(PART) SquadExpansion/MakingHistory/Parts/FuelTank/Size4_Tank_02/Size4_Tank_02
[LOG 20:58:39.757] Config(PART) SquadExpansion/MakingHistory/Parts/FuelTank/Size4_Tank_03/Size4_Tank_03
[LOG 20:58:39.757] Config(PART) SquadExpansion/MakingHistory/Parts/FuelTank/Size4_Tank_04/Size4_Tank_04
[LOG 20:58:39.757] Config(PART) SquadExpansion/MakingHistory/Parts/Ground/RoverWheel/roverWheelM1-F
[LOG 20:58:39.757] Config(PART) SquadExpansion/MakingHistory/Parts/Payload/fairingSize1p5/fairingSize1p5
[LOG 20:58:39.757] Config(PART) SquadExpansion/MakingHistory/Parts/Payload/fairingSize4/fairingSize4
[LOG 20:58:39.757] Config(PART) SquadExpansion/MakingHistory/Parts/Payload/Size1to0ServiceModule/Size1to0ServiceModule
[LOG 20:58:39.757] Config(PART) SquadExpansion/MakingHistory/Parts/Payload/SM18/ServiceModule18
[LOG 20:58:39.757] Config(PART) SquadExpansion/MakingHistory/Parts/Payload/SM25/ServiceModule25
[LOG 20:58:39.757] Config(PART) SquadExpansion/MakingHistory/Parts/Pods/KV1Pod/kv1Pod
[LOG 20:58:39.757] Config(PART) SquadExpansion/MakingHistory/Parts/Pods/KV2Pod/kv2Pod
[LOG 20:58:39.757] Config(PART) SquadExpansion/MakingHistory/Parts/Pods/KV3Pod/kv3Pod
[LOG 20:58:39.757] Config(PART) SquadExpansion/MakingHistory/Parts/Pods/Mk2Pod/Mk2Pod
[LOG 20:58:39.757] Config(PART) SquadExpansion/MakingHistory/Parts/Pods/Size1_5_Lander/MEMLander
[LOG 20:58:39.757] Config(PART) SquadExpansion/MakingHistory/Parts/Prebuilt/kerbalEVAfemaleVintage/kerbalEVAfemaleVintage
[LOG 20:58:39.757] Config(PART) SquadExpansion/MakingHistory/Parts/Prebuilt/kerbalEVAVintage/kerbalEVAVintage
[LOG 20:58:39.757] Config(PART) SquadExpansion/MakingHistory/Parts/Structural/EquiTriangle0/EquiTriangle0
[LOG 20:58:39.757] Config(PART) SquadExpansion/MakingHistory/Parts/Structural/EquiTriangle1/EquiTriangle1
[LOG 20:58:39.757] Config(PART) SquadExpansion/MakingHistory/Parts/Structural/EquiTriangle1p5/EquiTriangle1p5
[LOG 20:58:39.757] Config(PART) SquadExpansion/MakingHistory/Parts/Structural/EquiTriangle2/EquiTriangle2
[LOG 20:58:39.757] Config(PART) SquadExpansion/MakingHistory/Parts/Structural/Panel0/Panel0
[LOG 20:58:39.757] Config(PART) SquadExpansion/MakingHistory/Parts/Structural/Panel1/Panel1
[LOG 20:58:39.757] Config(PART) SquadExpansion/MakingHistory/Parts/Structural/Panel1p5/Panel1p5
[LOG 20:58:39.757] Config(PART) SquadExpansion/MakingHistory/Parts/Structural/Panel2/Panel2
[LOG 20:58:39.757] Config(PART) SquadExpansion/MakingHistory/Parts/Structural/Triangle0/Triangle0
[LOG 20:58:39.757] Config(PART) SquadExpansion/MakingHistory/Parts/Structural/Triangle1/Triangle1
[LOG 20:58:39.757] Config(PART) SquadExpansion/MakingHistory/Parts/Structural/Triangle1p5/Triangle1p5
[LOG 20:58:39.757] Config(PART) SquadExpansion/MakingHistory/Parts/Structural/Triangle2/Triangle2
[LOG 20:58:39.757] Config(PART) SquadExpansion/MakingHistory/Parts/Structural/Tube1/Tube1
[LOG 20:58:39.757] Config(PART) SquadExpansion/MakingHistory/Parts/Structural/Tube1p5/Tube1p5
[LOG 20:58:39.757] Config(PART) SquadExpansion/MakingHistory/Parts/Structural/Tube2/Tube2
[LOG 20:58:39.757] Config(PART) SquadExpansion/MakingHistory/Parts/Structural/Tube3/Tube3
[LOG 20:58:39.757] Config(PART) SquadExpansion/MakingHistory/Parts/Structural/Tube4/Tube4
[LOG 20:58:39.757] Config(PART) SquadExpansion/MakingHistory/Parts/Thermal/HeatShield1p5/HeatShield1p5
[LOG 20:58:39.757] Config(PART) SquadExpansion/MakingHistory/Parts/Utility/flags/flagSize1p5/flagSize1p5/flagPartSize1p5
[LOG 20:58:39.757] Config(PART) SquadExpansion/MakingHistory/Parts/Utility/flags/flagSize4/flagSize4/flagPartSize4
[LOG 20:58:39.757] Config(INTERNAL) SquadExpansion/MakingHistory/Spaces/KVPods/Airlock_Internal/Airlock_IVA
[LOG 20:58:39.757] Config(INTERNAL) SquadExpansion/MakingHistory/Spaces/KVPods/KV1_Internal/KV1_IVA
[LOG 20:58:39.757] Config(INTERNAL) SquadExpansion/MakingHistory/Spaces/KVPods/KV2_Internal/KV2_IVA
[LOG 20:58:39.757] Config(INTERNAL) SquadExpansion/MakingHistory/Spaces/KVPods/KV3_Internal/KV3_IVA
[LOG 20:58:39.757] Config(INTERNAL) SquadExpansion/MakingHistory/Spaces/MEM/MEM_IVA/MEM_IVA
[LOG 20:58:39.757] Config(INTERNAL) SquadExpansion/MakingHistory/Spaces/Mk2Pod/Mk2Pod_Internal/MK2POD_IVA
[LOG 20:58:39.757] Config(Contracts) SquadExpansion/Serenity/Contracts/contracts/Contracts
[LOG 20:58:39.757] Config(EXPERIENCE_TRAIT) SquadExpansion/Serenity/Experience/Traits/Engineer
[LOG 20:58:39.757] Config(EXPERIENCE_TRAIT) SquadExpansion/Serenity/Experience/Traits/Scientist
[LOG 20:58:39.757] Config(Localization) SquadExpansion/Serenity/Localization/dictionary/Localization
[LOG 20:58:39.757] Config(PART) SquadExpansion/Serenity/Parts/Aero/FanShroud_01/FanShroud_01
[LOG 20:58:39.757] Config(PART) SquadExpansion/Serenity/Parts/Aero/FanShroud_02/FanShroud_02
[LOG 20:58:39.757] Config(PART) SquadExpansion/Serenity/Parts/Aero/FanShroud_03/FanShroud_03
[LOG 20:58:39.757] Config(PART) SquadExpansion/Serenity/Parts/Aero/noseconeTiny/noseconeTiny
[LOG 20:58:39.757] Config(PART) SquadExpansion/Serenity/Parts/Aero/noseconeVS/noseconeVS
[LOG 20:58:39.757] Config(PART) SquadExpansion/Serenity/Parts/DeployedScience/centralStation/DeployedCentralStation
[LOG 20:58:39.757] Config(PART) SquadExpansion/Serenity/Parts/DeployedScience/gooObservation/DeployedGoExOb
[LOG 20:58:39.757] Config(PART) SquadExpansion/Serenity/Parts/DeployedScience/ionCollector/DeployedIONExp
[LOG 20:58:39.757] Config(PART) SquadExpansion/Serenity/Parts/DeployedScience/rtg/DeployedRTG
[LOG 20:58:39.757] Config(PART) SquadExpansion/Serenity/Parts/DeployedScience/satDish/DeployedSatDish
[LOG 20:58:39.757] Config(PART) SquadExpansion/Serenity/Parts/DeployedScience/seismicSensor/DeployedSeismicSensor
[LOG 20:58:39.757] Config(PART) SquadExpansion/Serenity/Parts/DeployedScience/solarPanel/DeployedSolarPanel
[LOG 20:58:39.757] Config(PART) SquadExpansion/Serenity/Parts/DeployedScience/weatherStation/DeployedWeatherStn
[LOG 20:58:39.757] Config(PART) SquadExpansion/Serenity/Parts/Prebuilt/kerbalEVA/kerbalEVA
[LOG 20:58:39.757] Config(PART) SquadExpansion/Serenity/Parts/Prebuilt/kerbalEVAfemale/kerbalEVAfemale
[LOG 20:58:39.757] Config(PART) SquadExpansion/Serenity/Parts/Prebuilt/kerbalEVAfemaleFuture/kerbalEVAfemaleFuture
[LOG 20:58:39.758] Config(PART) SquadExpansion/Serenity/Parts/Prebuilt/kerbalEVAfemaleVintage/kerbalEVAfemaleVintage
[LOG 20:58:39.758] Config(PART) SquadExpansion/Serenity/Parts/Prebuilt/kerbalEVAFuture/kerbalEVAFuture
[LOG 20:58:39.758] Config(PART) SquadExpansion/Serenity/Parts/Prebuilt/kerbalEVASlimSuit/kerbalEVASlimSuit
[LOG 20:58:39.758] Config(PART) SquadExpansion/Serenity/Parts/Prebuilt/kerbalEVASlimSuitFemale/kerbalEVASlimSuitFemale
[LOG 20:58:39.758] Config(PART) SquadExpansion/Serenity/Parts/Prebuilt/kerbalEVAVintage/kerbalEVAVintage
[LOG 20:58:39.758] Config(PART) SquadExpansion/Serenity/Parts/Propellers/largeFanBlade/largeFanBlade
[LOG 20:58:39.758] Config(PART) SquadExpansion/Serenity/Parts/Propellers/largeHeliBlade/largeHeliBlade
[LOG 20:58:39.758] Config(PART) SquadExpansion/Serenity/Parts/Propellers/largePropeller/largePropeller
[LOG 20:58:39.758] Config(PART) SquadExpansion/Serenity/Parts/Propellers/mediumFanBlade/mediumFanBlade
[LOG 20:58:39.758] Config(PART) SquadExpansion/Serenity/Parts/Propellers/mediumHeliBlade/mediumHeliBlade
[LOG 20:58:39.758] Config(PART) SquadExpansion/Serenity/Parts/Propellers/mediumPropeller/mediumPropeller
[LOG 20:58:39.758] Config(PART) SquadExpansion/Serenity/Parts/Propellers/smallFanBlade/smallFanBlade
[LOG 20:58:39.758] Config(PART) SquadExpansion/Serenity/Parts/Propellers/smallHeliBlade/smallHeliBlade
[LOG 20:58:39.758] Config(PART) SquadExpansion/Serenity/Parts/Propellers/smallPropeller/smallPropeller
[LOG 20:58:39.758] Config(PART) SquadExpansion/Serenity/Parts/Robotics/hinge_01/hinge_01
[LOG 20:58:39.758] Config(PART) SquadExpansion/Serenity/Parts/Robotics/hinge_01_s/hinge_01_s
[LOG 20:58:39.758] Config(PART) SquadExpansion/Serenity/Parts/Robotics/hinge_03/hinge_03
[LOG 20:58:39.758] Config(PART) SquadExpansion/Serenity/Parts/Robotics/hinge_03_s/hinge_03_s
[LOG 20:58:39.758] Config(PART) SquadExpansion/Serenity/Parts/Robotics/hinge_04/hinge_04
[LOG 20:58:39.758] Config(PART) SquadExpansion/Serenity/Parts/Robotics/piston_01/piston_01
[LOG 20:58:39.758] Config(PART) SquadExpansion/Serenity/Parts/Robotics/piston_02/piston_02
[LOG 20:58:39.758] Config(PART) SquadExpansion/Serenity/Parts/Robotics/piston_03/piston_03
[LOG 20:58:39.758] Config(PART) SquadExpansion/Serenity/Parts/Robotics/piston_04/piston_04
[LOG 20:58:39.758] Config(PART) SquadExpansion/Serenity/Parts/Robotics/RotorEngine_02/RotorEngine_02
[LOG 20:58:39.758] Config(PART) SquadExpansion/Serenity/Parts/Robotics/RotorEngine_03/RotorEngine_03
[LOG 20:58:39.758] Config(PART) SquadExpansion/Serenity/Parts/Robotics/rotor_01/rotor_01
[LOG 20:58:39.758] Config(PART) SquadExpansion/Serenity/Parts/Robotics/rotor_01s/rotor_01s
[LOG 20:58:39.758] Config(PART) SquadExpansion/Serenity/Parts/Robotics/rotor_02/rotor_02
[LOG 20:58:39.758] Config(PART) SquadExpansion/Serenity/Parts/Robotics/rotor_02s/rotor_02s
[LOG 20:58:39.758] Config(PART) SquadExpansion/Serenity/Parts/Robotics/rotor_03/rotor_03
[LOG 20:58:39.758] Config(PART) SquadExpansion/Serenity/Parts/Robotics/rotor_03s/rotor_03s
[LOG 20:58:39.758] Config(PART) SquadExpansion/Serenity/Parts/Robotics/rotoServo_00/rotoServo_00
[LOG 20:58:39.758] Config(PART) SquadExpansion/Serenity/Parts/Robotics/rotoServo_02/rotoServo_02
[LOG 20:58:39.758] Config(PART) SquadExpansion/Serenity/Parts/Robotics/rotoServo_03/rotoServo_03
[LOG 20:58:39.758] Config(PART) SquadExpansion/Serenity/Parts/Robotics/rotoServo_04/rotoServo_04
[LOG 20:58:39.758] Config(PART) SquadExpansion/Serenity/Parts/Robotics/Controllers/KAL1000/controller1000
[LOG 20:58:39.758] Config(PART) SquadExpansion/Serenity/Parts/Science/RobotArmScanner/RobotArmScanner_S1/RobotArmScanner_S1
[LOG 20:58:39.758] Config(PART) SquadExpansion/Serenity/Parts/Science/RobotArmScanner/RobotArmScanner_S2/RobotArmScanner_S2
[LOG 20:58:39.758] Config(PART) SquadExpansion/Serenity/Parts/Science/RobotArmScanner/RobotArmScanner_S3/RobotArmScanner_S3
[LOG 20:58:39.758] Config(PART) SquadExpansion/Serenity/Parts/Structural/gripPads/lGripPad/lGripPad
[LOG 20:58:39.758] Config(PART) SquadExpansion/Serenity/Parts/Structural/gripPads/lGripStrip/lGripStrip
[LOG 20:58:39.758] Config(PART) SquadExpansion/Serenity/Parts/Structural/gripPads/mGripPad/mGripPad
[LOG 20:58:39.758] Config(PART) SquadExpansion/Serenity/Parts/Structural/gripPads/sGripPad/sGripPad
[LOG 20:58:39.758] Config(PART) SquadExpansion/Serenity/Parts/Structural/gripPads/sGripStrip/sGripStrip
[LOG 20:58:39.759] Config(DEPLOYEDSCIENCE) SquadExpansion/Serenity/Resources/DeployedScience/DEPLOYEDSCIENCE
[LOG 20:58:39.759] Config(PHYSICMATERIAL_DEFINITION) SquadExpansion/Serenity/Resources/PhysicsMaterials/MediumGrip
[LOG 20:58:39.759] Config(PHYSICMATERIAL_DEFINITION) SquadExpansion/Serenity/Resources/PhysicsMaterials/HighGrip
[LOG 20:58:39.759] Config(PHYSICMATERIAL_DEFINITION) SquadExpansion/Serenity/Resources/PhysicsMaterials/ExtremeGrip
[LOG 20:58:39.759] Config(PHYSICMATERIAL_DEFINITION) SquadExpansion/Serenity/Resources/PhysicsMaterials/LowGrip
[LOG 20:58:39.759] Config(PHYSICMATERIAL_DEFINITION) SquadExpansion/Serenity/Resources/PhysicsMaterials/Default
[LOG 20:58:39.759] Config(ROC_DEFINITION) SquadExpansion/Serenity/Resources/rocsdef/ROC_DEFINITION
[LOG 20:58:39.759] Config(ROC_DEFINITION) SquadExpansion/Serenity/Resources/rocsdef/ROC_DEFINITION
[LOG 20:58:39.759] Config(ROC_DEFINITION) SquadExpansion/Serenity/Resources/rocsdef/ROC_DEFINITION
[LOG 20:58:39.759] Config(ROC_DEFINITION) SquadExpansion/Serenity/Resources/rocsdef/ROC_DEFINITION
[LOG 20:58:39.759] Config(ROC_DEFINITION) SquadExpansion/Serenity/Resources/rocsdef/ROC_DEFINITION
[LOG 20:58:39.759] Config(ROC_DEFINITION) SquadExpansion/Serenity/Resources/rocsdef/ROC_DEFINITION
[LOG 20:58:39.759] Config(ROC_DEFINITION) SquadExpansion/Serenity/Resources/rocsdef/ROC_DEFINITION
[LOG 20:58:39.759] Config(ROC_DEFINITION) SquadExpansion/Serenity/Resources/rocsdef/ROC_DEFINITION
[LOG 20:58:39.759] Config(ROC_DEFINITION) SquadExpansion/Serenity/Resources/rocsdef/ROC_DEFINITION
[LOG 20:58:39.759] Config(ROC_DEFINITION) SquadExpansion/Serenity/Resources/rocsdef/ROC_DEFINITION
[LOG 20:58:39.759] Config(ROC_DEFINITION) SquadExpansion/Serenity/Resources/rocsdef/ROC_DEFINITION
[LOG 20:58:39.759] Config(ROC_DEFINITION) SquadExpansion/Serenity/Resources/rocsdef/ROC_DEFINITION
[LOG 20:58:39.759] Config(ROC_DEFINITION) SquadExpansion/Serenity/Resources/rocsdef/ROC_DEFINITION
[LOG 20:58:39.759] Config(ROC_DEFINITION) SquadExpansion/Serenity/Resources/rocsdef/ROC_DEFINITION
[LOG 20:58:39.759] Config(ROC_DEFINITION) SquadExpansion/Serenity/Resources/rocsdef/ROC_DEFINITION
[LOG 20:58:39.759] Config(ROC_DEFINITION) SquadExpansion/Serenity/Resources/rocsdef/ROC_DEFINITION
[LOG 20:58:39.759] Config(ROC_DEFINITION) SquadExpansion/Serenity/Resources/rocsdef/ROC_DEFINITION
[LOG 20:58:39.759] Config(ROC_DEFINITION) SquadExpansion/Serenity/Resources/rocsdef/ROC_DEFINITION
[LOG 20:58:39.759] Config(ROC_DEFINITION) SquadExpansion/Serenity/Resources/rocsdef/ROC_DEFINITION
[LOG 20:58:39.759] Config(ROC_DEFINITION) SquadExpansion/Serenity/Resources/rocsdef/ROC_DEFINITION
[LOG 20:58:39.759] Config(ROC_DEFINITION) SquadExpansion/Serenity/Resources/rocsdef/ROC_DEFINITION
[LOG 20:58:39.759] Config(ROC_DEFINITION) SquadExpansion/Serenity/Resources/rocsdef/ROC_DEFINITION
[LOG 20:58:39.759] Config(ROC_DEFINITION) SquadExpansion/Serenity/Resources/rocsdef/ROC_DEFINITION
[LOG 20:58:39.759] Config(ROC_DEFINITION) SquadExpansion/Serenity/Resources/rocsdef/ROC_DEFINITION
[LOG 20:58:39.759] Config(ROC_DEFINITION) SquadExpansion/Serenity/Resources/rocsdef/ROC_DEFINITION
[LOG 20:58:39.759] Config(ROC_DEFINITION) SquadExpansion/Serenity/Resources/rocsdef/ROC_DEFINITION
[LOG 20:58:39.759] Config(ROC_DEFINITION) SquadExpansion/Serenity/Resources/rocsdef/ROC_DEFINITION
[LOG 20:58:39.759] Config(ROC_DEFINITION) SquadExpansion/Serenity/Resources/rocsdef/ROC_DEFINITION
[LOG 20:58:39.759] Config(ROC_DEFINITION) SquadExpansion/Serenity/Resources/rocsdef/ROC_DEFINITION
[LOG 20:58:39.759] Config(ROC_DEFINITION) SquadExpansion/Serenity/Resources/rocsdef/ROC_DEFINITION
[LOG 20:58:39.759] Config(ROC_DEFINITION) SquadExpansion/Serenity/Resources/rocsdef/ROC_DEFINITION
[LOG 20:58:39.759] Config(ROC_DEFINITION) SquadExpansion/Serenity/Resources/rocsdef/ROC_DEFINITION
[LOG 20:58:39.759] Config(ROC_DEFINITION) SquadExpansion/Serenity/Resources/rocsdef/ROC_DEFINITION
[LOG 20:58:39.759] Config(ROC_DEFINITION) SquadExpansion/Serenity/Resources/rocsdef/ROC_DEFINITION
[LOG 20:58:39.759] Config(EXPERIMENT_DEFINITION) SquadExpansion/Serenity/Resources/ScienceDefs/EXPERIMENT_DEFINITION
[LOG 20:58:39.759] Config(EXPERIMENT_DEFINITION) SquadExpansion/Serenity/Resources/ScienceDefs/EXPERIMENT_DEFINITION
[LOG 20:58:39.759] Config(EXPERIMENT_DEFINITION) SquadExpansion/Serenity/Resources/ScienceDefs/EXPERIMENT_DEFINITION
[LOG 20:58:39.759] Config(EXPERIMENT_DEFINITION) SquadExpansion/Serenity/Resources/ScienceDefs/EXPERIMENT_DEFINITION
[LOG 20:58:39.759] Config(EXPERIMENT_DEFINITION) SquadExpansion/Serenity/Resources/ScienceDefs/EXPERIMENT_DEFINITION
[LOG 20:58:39.759] Config(EXPERIMENT_DEFINITION) SquadExpansion/Serenity/Resources/ScienceDefs/EXPERIMENT_DEFINITION
[LOG 20:58:39.760] Config(EXPERIMENT_DEFINITION) SquadExpansion/Serenity/Resources/ScienceDefs/EXPERIMENT_DEFINITION
[LOG 20:58:39.760] Config(EXPERIMENT_DEFINITION) SquadExpansion/Serenity/Resources/ScienceDefs/EXPERIMENT_DEFINITION
[LOG 20:58:39.760] Config(EXPERIMENT_DEFINITION) SquadExpansion/Serenity/Resources/ScienceDefs/EXPERIMENT_DEFINITION
[LOG 20:58:39.760] Config(EXPERIMENT_DEFINITION) SquadExpansion/Serenity/Resources/ScienceDefs/EXPERIMENT_DEFINITION
[LOG 20:58:39.760] Config(EXPERIMENT_DEFINITION) SquadExpansion/Serenity/Resources/ScienceDefs/EXPERIMENT_DEFINITION
[LOG 20:58:39.760] Config(EXPERIMENT_DEFINITION) SquadExpansion/Serenity/Resources/ScienceDefs/EXPERIMENT_DEFINITION
[LOG 20:58:39.760] Config(EXPERIMENT_DEFINITION) SquadExpansion/Serenity/Resources/ScienceDefs/EXPERIMENT_DEFINITION
[LOG 20:58:39.760] Config(EXPERIMENT_DEFINITION) SquadExpansion/Serenity/Resources/ScienceDefs/EXPERIMENT_DEFINITION
[LOG 20:58:39.760] Config(EXPERIMENT_DEFINITION) SquadExpansion/Serenity/Resources/ScienceDefs/EXPERIMENT_DEFINITION
[LOG 20:58:39.760] Config(EXPERIMENT_DEFINITION) SquadExpansion/Serenity/Resources/ScienceDefs/EXPERIMENT_DEFINITION
[LOG 20:58:39.760] Config(EXPERIMENT_DEFINITION) SquadExpansion/Serenity/Resources/ScienceDefs/EXPERIMENT_DEFINITION
[LOG 20:58:39.760] Config(EXPERIMENT_DEFINITION) SquadExpansion/Serenity/Resources/ScienceDefs/EXPERIMENT_DEFINITION
[LOG 20:58:39.760] Config(EXPERIMENT_DEFINITION) SquadExpansion/Serenity/Resources/ScienceDefs/EXPERIMENT_DEFINITION
[LOG 20:58:39.760] Config(EXPERIMENT_DEFINITION) SquadExpansion/Serenity/Resources/ScienceDefs/EXPERIMENT_DEFINITION
[LOG 20:58:39.760] Config(EXPERIMENT_DEFINITION) SquadExpansion/Serenity/Resources/ScienceDefs/EXPERIMENT_DEFINITION
[LOG 20:58:39.760] Config(EXPERIMENT_DEFINITION) SquadExpansion/Serenity/Resources/ScienceDefs/EXPERIMENT_DEFINITION
[LOG 20:58:39.760] Config(EXPERIMENT_DEFINITION) SquadExpansion/Serenity/Resources/ScienceDefs/EXPERIMENT_DEFINITION
[LOG 20:58:39.760] Config(EXPERIMENT_DEFINITION) SquadExpansion/Serenity/Resources/ScienceDefs/EXPERIMENT_DEFINITION
[LOG 20:58:39.760] Config(EXPERIMENT_DEFINITION) SquadExpansion/Serenity/Resources/ScienceDefs/EXPERIMENT_DEFINITION
[LOG 20:58:39.760] Config(EXPERIMENT_DEFINITION) SquadExpansion/Serenity/Resources/ScienceDefs/EXPERIMENT_DEFINITION
[LOG 20:58:39.760] Config(EXPERIMENT_DEFINITION) SquadExpansion/Serenity/Resources/ScienceDefs/EXPERIMENT_DEFINITION
[LOG 20:58:39.760] Config(EXPERIMENT_DEFINITION) SquadExpansion/Serenity/Resources/ScienceDefs/EXPERIMENT_DEFINITION
[LOG 20:58:39.760] Config(EXPERIMENT_DEFINITION) SquadExpansion/Serenity/Resources/ScienceDefs/EXPERIMENT_DEFINITION
[LOG 20:58:39.760] Config(EXPERIMENT_DEFINITION) SquadExpansion/Serenity/Resources/ScienceDefs/EXPERIMENT_DEFINITION
[LOG 20:58:39.760] Config(EXPERIMENT_DEFINITION) SquadExpansion/Serenity/Resources/ScienceDefs/EXPERIMENT_DEFINITION
[LOG 20:58:39.760] Config(EXPERIMENT_DEFINITION) SquadExpansion/Serenity/Resources/ScienceDefs/EXPERIMENT_DEFINITION
[LOG 20:58:39.760] Config(EXPERIMENT_DEFINITION) SquadExpansion/Serenity/Resources/ScienceDefs/EXPERIMENT_DEFINITION
[LOG 20:58:39.760] Config(EXPERIMENT_DEFINITION) SquadExpansion/Serenity/Resources/ScienceDefs/EXPERIMENT_DEFINITION
[LOG 20:58:39.760] Config(EXPERIMENT_DEFINITION) SquadExpansion/Serenity/Resources/ScienceDefs/EXPERIMENT_DEFINITION
[LOG 20:58:39.760] Config(EXPERIMENT_DEFINITION) SquadExpansion/Serenity/Resources/ScienceDefs/EXPERIMENT_DEFINITION
[LOG 20:58:39.760] Config(EXPERIMENT_DEFINITION) SquadExpansion/Serenity/Resources/ScienceDefs/EXPERIMENT_DEFINITION
[LOG 20:58:39.760] Config(EXPERIMENT_DEFINITION) SquadExpansion/Serenity/Resources/ScienceDefs/EXPERIMENT_DEFINITION
[LOG 20:58:39.760] Config(STORY_DEF) SquadExpansion/Serenity/Resources/StoryDefs/STORY_DEF
[LOG 20:58:39.760] Compiling Configs Completed.
[LOG 20:58:39.763] Resource LiquidFuel added to database
[LOG 20:58:39.763] Resource Oxidizer added to database
[LOG 20:58:39.763] Resource SolidFuel added to database
[LOG 20:58:39.763] Resource MonoPropellant added to database
[LOG 20:58:39.763] Resource XenonGas added to database
[LOG 20:58:39.763] Resource ElectricCharge added to database
[LOG 20:58:39.764] Resource IntakeAir added to database
[LOG 20:58:39.764] Resource EVA Propellant added to database
[LOG 20:58:39.764] Resource Ore added to database
[LOG 20:58:39.764] Resource Ablator added to database
[LOG 20:58:39.765] Resource MediumGrip added to database
[LOG 20:58:39.765] Resource HighGrip added to database
[LOG 20:58:39.765] Resource ExtremeGrip added to database
[LOG 20:58:39.765] Resource LowGrip added to database
[LOG 20:58:39.765] Resource Default added to database
[LOG 20:58:39.765] CodeAssetLoader: Compiling all code assets
[LOG 20:58:39.768] ExperienceSystemConfig: Added Effect 'DeployedSciencePowerSkill' to Trait 'Ingénieur'
[LOG 20:58:39.768] ExperienceSystemConfig: Added Effect 'DeployedScienceExpSkill' to Trait 'Scientifique'
[LOG 20:58:39.778] ConfigNode[]
[LOG 20:58:39.779] GameDatabase: Assets loaded in 6.501s
[LOG 20:58:39.780] [ModuleManager] Waited 0.000s for patching to finish
[LOG 20:58:39.780] [ModuleManager] Applying patched game database
[LOG 20:58:39.785] [ModuleManager] Dumping ModuleManager log to main log
[LOG 20:58:39.786] [ModuleManager] 
#### BEGIN MODULEMANAGER LOG ####


[LOG 20:58:35.113] Log started at 2026-10-03 20:58:35.113
[LOG 20:58:37.090] Checking Cache
[LOG 20:58:37.336] SHA generated in 0.243s
[LOG 20:58:37.336]       SHA = 97-2E-47-7C-27-22-BC-AF-85-0D-C0-C0-4D-83-36-00-51-B6-F3-1A-3D-FA-76-48-76-D5-52-2D-26-5B-3A-55
[LOG 20:58:37.347] Changes :
Added   : KerbalKonstructs/changelog.cfg
Added   : KerbalKonstructs/PluginDataWindowPositions.cfg
Added   : KerbalKonstructs/Assets/Smoke/KKPadSmoke1/KKPadSmoke1.cfg
Added   : KerbalKonstructs/ConfigPresets/1_KerbinColor2.cfg
Added   : KerbalKonstructs/ConfigPresets/1_KerbinPresetsColor.cfg
Added   : KerbalKonstructs/ConfigPresets/2_OtherPlanetsColor.cfg
Added   : KerbalKonstructs/ConfigPresets/2_OtherPlanetsColor2.cfg
Added   : KerbalKonstructs/ConfigPresets/BlendMasks.cfg
Added   : KerbalKonstructs/ConfigPresets/Textures.cfg
Added   : KerbalKonstructs/FreeStatics/KKflagDemo/AutoGrasDemo.cfg
Added   : KerbalKonstructs/FreeStatics/KKflagDemo/KKflagDemo.cfg
Added   : KerbalKonstructs/FreeStatics/KKflagDemo/TextureDemo.cfg
Added   : KerbalKonstructs/FreeStatics/RunwayMarkings/aimpoint.cfg
Added   : KerbalKonstructs/FreeStatics/RunwayMarkings/displacement.cfg
Added   : KerbalKonstructs/FreeStatics/RunwayMarkings/fixed1500.cfg
Added   : KerbalKonstructs/FreeStatics/RunwayMarkings/fixed500.cfg
Added   : KerbalKonstructs/FreeStatics/RunwayMarkings/kourseXX.cfg
Added   : KerbalKonstructs/FreeStatics/RunwayMarkings/threshold6.cfg
Added   : KerbalKonstructs/FreeStatics/RunwayMarkings/threshold8.cfg
Added   : KerbalKonstructs/FreeStatics/SoundCube/SoundCube.cfg
Added   : KerbalKonstructs/FreeStatics/UniversalSpawnPoint/UniversalSpawnPoint.cfg
Added   : KerbalKonstructs/FreeStatics/WaterSurfaces/WaterSurfaceRound.cfg
Added   : KerbalKonstructs/FreeStatics/WaterSurfaces/WaterSurfaceSquare.cfg
Added   : KerbalKonstructs/MapDecalMaps/AllBlack.cfg
Added   : KerbalKonstructs/MapDecalMaps/CircleSlope.cfg
Added   : KerbalKonstructs/MapDecalMaps/diagonalSlope.cfg
Added   : KerbalKonstructs/MapDecalMaps/HoleDecal.cfg
Added   : KerbalKonstructs/MapDecalMaps/Lava.cfg
Added   : KerbalKonstructs/MapDecalMaps/SquarePlateauSloped.cfg
Added   : KerbalKonstructs/MapDecalMaps/SquareSlope.cfg
Added   : KerbalKonstructs/MapDecalMaps/Test.cfg
Added   : KerbalKonstructs/NewInstances/KK_GroupCenter_Mun_MuneBase.cfg
Added   : KerbalKonstructs/NewInstances/KSC_Runway_level_3-instances.cfg

[LOG 20:58:37.347] Cache SHA = 81-9A-6E-F6-7E-63-28-58-73-BC-89-0B-56-13-13-14-61-D0-A8-CC-DD-D7-52-3B-F8-02-D4-21-7A-9E-9E-D8
[LOG 20:58:37.347] useCache = False
[LOG 20:58:37.347] Pre patch init
[LOG 20:58:37.481] compiling list of loaded mods...
Mod DLLs found:
  Name                                    Assembly Version         Assembly File Version    KSPAssembly Version      SHA256

  Assembly-CSharp                         0.0.0.0                  0.0.0.0                  1.12                     d9e42483f25ee80a9c11d6c1c0a0d29b4ec78c1e08d76c971b71580c9cce51e4
  ModuleManager                           4.2.3.0                  4.2.3.0                  2.5                      95847827ab293b9e82a19b7efb97ffea3e98cc03b181862536ac8eb572e30d7d
  0Harmony                                2.2.1.0                  2.2.1.0                                           19ce60ac3280f72ec1751d36a40cb7e2fece2934df8345969dc7feb83bd633e4
  HarmonyInstallChecker                   2.2.1.0                  2.2.1.0                  1.0                      f11e659e91a52c21c5bda78e52b82a7bdc246bcab6a999733af3c69a11a9dc0e
  CustomPreLaunchChecks                   1.0.0.0                  1.8.1.0                  1.0                      21e8cedd3917f923012a5ea7b1c58c00ea9c8a33536202ab64b7463a37ec981e
  KerbalKonstructs                        2.0.0.0                  1.12.3.0                 1.12                     e88958fc4dccd8b36f50ae864af5842a3afca7c3b03badc4dd5f0020e172cfa7
  0_MultipleModuleInPartAPI               1.0.0.0                  1.0.0.0                  1.0                      df4a22fb0535de7fa154ca234b50dd7c2fc6be879e4a877d9bad1f87bafafcbf
  KSPCommunityFixes                       1.41.0.0                 1.41.1.0                 1.41                     e08ebbec7ab34f4f7ff56d6e900051bb0d259a4bc092881d7db3ca2f9f2e9a11
  KSPDiagLandedVessel                     1.0.9772.27897           1.0.9772.27897                                    cc4bfc8a074d385664655610854c363991589380895bf712871decf02ccfae3a
  KSPDiagTerrainHeight                    1.0.9772.27897           1.0.9772.27897                                    934a0a09c735f5863e2e5f81308ebcece9d113e1db09c2466508ee46808acaa6
  KSPMCPServer                            0.0.0.0                  0.0.0.0                                           14428367a505bad8e65b36fc087c692eec15734584598d69a0c75f25bdfaef8d
  KSPSteamCtrlr                           0.0.1.35                 0.0.1.35                                          1675fa4fcb61d014eb1babe7eed703e7f76a1008537ee57ca7cec65cd9ff94ac
Non-DLL mods added (:FOR[xxx]):
Mods by directory (sub directories of GameData):
  000_Harmony
  Squad
  SquadExpansion
Mods added by assemblies:

[LOG 20:58:37.484] Loading Physics.cfg
[LOG 20:58:37.489] Extracting patches
[LOG 20:58:37.499] Deleting root node in file KSPCommunityFixes/MMPatches/ModSupport/FixDockingNodes node: @PART[*]:HAS[@MODULE[ModuleDockingNodeFixed]]:NEEDS[FixDockingNodes]:FINAL as it can't satisfy its NEEDS
[LOG 20:58:37.500] Deleting root node in file KSPCommunityFixes/MMPatches/ModSupport/KSPRecall node: @KSP_COMMUNITY_FIXES:NEEDS[AttachedOnEditor] as it can't satisfy its NEEDS
[LOG 20:58:37.500] Deleting root node in file KSPCommunityFixes/MMPatches/ModSupport/UniversalStorage node: @KSP_COMMUNITY_FIXES:NEEDS[UniversalStorage2] as it can't satisfy its NEEDS
[LOG 20:58:37.544] Applying patches
[LOG 20:58:37.545] :INSERT (initial) pass
[LOG 20:58:37.572] :FIRST pass
[LOG 20:58:37.575] Applying update KSPCommunityFixes/MMPatches/StockTweaks/LadderToggleableLight/@PART[telescopicLadderBay]:FIRST to Squad/Parts/Utility/ladderTelescopicBay/ladderTelescopicBay.cfg/PART[telescopicLadderBay]
[LOG 20:58:37.580] Applying update KSPCommunityFixes/MMPatches/StockTweaks/LadderToggleableLight/@PART[telescopicLadderBay]:HAS[#LadderToggleableLight[?rue]]:FIRST to Squad/Parts/Utility/ladderTelescopicBay/ladderTelescopicBay.cfg/PART[telescopicLadderBay]
[LOG 20:58:37.581] Applying update KSPCommunityFixes/MMPatches/StockTweaks/LadderToggleableLight/@PART[telescopicLadderBay]:HAS[#LadderToggleableLight]:FIRST to Squad/Parts/Utility/ladderTelescopicBay/ladderTelescopicBay.cfg/PART[telescopicLadderBay]
[LOG 20:58:37.582] Applying update KSPCommunityFixes/MMPatches/StockTweaks/LandingGearLights/@PART[GearSmall]:FIRST to Squad/Parts/Wheel/LandingGear/GearMedium.cfg/PART[GearSmall]
[LOG 20:58:37.583] Applying update KSPCommunityFixes/MMPatches/StockTweaks/LandingGearLights/@PART[SmallGearBay]:FIRST to Squad/Parts/Wheel/LandingGear/GearSmall.cfg/PART[SmallGearBay]
[LOG 20:58:37.584] :LEGACY (default) pass
[LOG 20:58:37.585] :BEFORE[0_MULTIPLEMODULEINPARTAPI] pass
[LOG 20:58:37.585] :FOR[0_MULTIPLEMODULEINPARTAPI] pass
[LOG 20:58:37.585] :AFTER[0_MULTIPLEMODULEINPARTAPI] pass
[LOG 20:58:37.585] :BEFORE[000_HARMONY] pass
[LOG 20:58:37.585] :FOR[000_HARMONY] pass
[LOG 20:58:37.585] :AFTER[000_HARMONY] pass
[LOG 20:58:37.585] :BEFORE[0HARMONY] pass
[LOG 20:58:37.585] :FOR[0HARMONY] pass
[LOG 20:58:37.585] :AFTER[0HARMONY] pass
[LOG 20:58:37.585] :BEFORE[ASSEMBLY-CSHARP] pass
[LOG 20:58:37.585] :FOR[ASSEMBLY-CSHARP] pass
[LOG 20:58:37.585] :AFTER[ASSEMBLY-CSHARP] pass
[LOG 20:58:37.585] :BEFORE[CUSTOMPRELAUNCHCHECKS] pass
[LOG 20:58:37.585] :FOR[CUSTOMPRELAUNCHCHECKS] pass
[LOG 20:58:37.585] :AFTER[CUSTOMPRELAUNCHCHECKS] pass
[LOG 20:58:37.585] :BEFORE[HARMONYINSTALLCHECKER] pass
[LOG 20:58:37.585] :FOR[HARMONYINSTALLCHECKER] pass
[LOG 20:58:37.585] :AFTER[HARMONYINSTALLCHECKER] pass
[LOG 20:58:37.585] :BEFORE[KERBALKONSTRUCTS] pass
[LOG 20:58:37.585] :FOR[KERBALKONSTRUCTS] pass
[LOG 20:58:37.585] :AFTER[KERBALKONSTRUCTS] pass
[LOG 20:58:37.585] :BEFORE[KSPCOMMUNITYFIXES] pass
[LOG 20:58:37.585] :FOR[KSPCOMMUNITYFIXES] pass
[LOG 20:58:37.585] Applying update KSPCommunityFixes/MMPatches/StockTweaks/ManufacturerFixes/@PART[sasModule]:FOR[KSPCommunityFixes] to Squad/Parts/Command/inlineReactionWheel/inlineReactionWheel.cfg/PART[sasModule]
[LOG 20:58:37.586] Applying update KSPCommunityFixes/MMPatches/StockTweaks/ManufacturerFixes/@PART[xenonTankRadial]:FOR[KSPCommunityFixes] to Squad/Parts/FuelTank/xenonTankRadial/xenonTankRadial.cfg/PART[xenonTankRadial]
[LOG 20:58:37.586] Applying update KSPCommunityFixes/MMPatches/StockTweaks/ManufacturerFixes/@PART[winglet|fireworksLauncherSmall|fireworksLauncherBig]:FOR[KSPCommunityFixes] to Squad/Parts/Aero/wingletAV-T1/wingletAV-T1.cfg/PART[winglet]
[LOG 20:58:37.586] Applying update KSPCommunityFixes/MMPatches/StockTweaks/ManufacturerFixes/@PART[winglet|fireworksLauncherSmall|fireworksLauncherBig]:FOR[KSPCommunityFixes] to Squad/Parts/Utility/Fireworks/fireworksLauncherBig.cfg/PART[fireworksLauncherBig]
[LOG 20:58:37.586] Applying update KSPCommunityFixes/MMPatches/StockTweaks/ManufacturerFixes/@PART[winglet|fireworksLauncherSmall|fireworksLauncherBig]:FOR[KSPCommunityFixes] to Squad/Parts/Utility/Fireworks/fireworksLauncherSmall.cfg/PART[fireworksLauncherSmall]
[LOG 20:58:37.591] Applying update KSPCommunityFixes/MMPatches/StockTweaks/ManufacturerFixes/@PART[solidBooster_sm_v2|solidBooster_v2]:FOR[KSPCommunityFixes] to Squad/Parts/Engine/Size1_SRBs/solidBoosterRT-10_v2.cfg/PART[solidBooster_v2]
[LOG 20:58:37.591] Applying update KSPCommunityFixes/MMPatches/StockTweaks/ManufacturerFixes/@PART[solidBooster_sm_v2|solidBooster_v2]:FOR[KSPCommunityFixes] to Squad/Parts/Engine/Size1_SRBs/solidBoosterRT-5_v2.cfg/PART[solidBooster_sm_v2]
[LOG 20:58:37.592] Applying update KSPCommunityFixes/MMPatches/StockTweaks/ManufacturerFixes/@PART[ServiceBay_125_v2|ServiceBay_250_v2]:FOR[KSPCommunityFixes] to Squad/Parts/Utility/ServiceBay_v2/ServiceBay_125_v2.cfg/PART[ServiceBay_125_v2]
[LOG 20:58:37.592] Applying update KSPCommunityFixes/MMPatches/StockTweaks/ManufacturerFixes/@PART[ServiceBay_125_v2|ServiceBay_250_v2]:FOR[KSPCommunityFixes] to Squad/Parts/Utility/ServiceBay_v2/ServiceBay_250_v2.cfg/PART[ServiceBay_250_v2]
[LOG 20:58:37.592] Applying update KSPCommunityFixes/MMPatches/StockTweaks/ManufacturerFixes/@PART[externalTankCapsule]:FOR[KSPCommunityFixes] to Squad/Parts/FuelTank/FoilTanks/RadialTank_Capsule.cfg/PART[externalTankCapsule]
[LOG 20:58:37.593] Applying update KSPCommunityFixes/MMPatches/StockTweaks/ManufacturerFixes/@PART[RCSFuelTank|rcsTankMini|RCSTank1-2]:FOR[KSPCommunityFixes] to Squad/Parts/FuelTank/RCSFuelTankR1/RCSFuelTankR1.cfg/PART[RCSTank1-2]
[LOG 20:58:37.593] Applying update KSPCommunityFixes/MMPatches/StockTweaks/ManufacturerFixes/@PART[RCSFuelTank|rcsTankMini|RCSTank1-2]:FOR[KSPCommunityFixes] to Squad/Parts/FuelTank/RCSFuelTankR10/RCSFuelTankR10.cfg/PART[rcsTankMini]
[LOG 20:58:37.593] Applying update KSPCommunityFixes/MMPatches/StockTweaks/ManufacturerFixes/@PART[RCSFuelTank|rcsTankMini|RCSTank1-2]:FOR[KSPCommunityFixes] to Squad/Parts/FuelTank/RCSFuelTankR25/RCSFuelTankR25.cfg/PART[RCSFuelTank]
[LOG 20:58:37.593] Applying update KSPCommunityFixes/MMPatches/StockTweaks/ManufacturerFixes/@PART[landerCabinSmall]:FOR[KSPCommunityFixes] to Squad/Parts/Command/mk1LanderCan/mk1LanderCan.cfg/PART[landerCabinSmall]
[LOG 20:58:37.594] Applying update KSPCommunityFixes/MMPatches/StockTweaks/ManufacturerFixes/@PART[dockingPortLateral]:FOR[KSPCommunityFixes] to Squad/Parts/Utility/dockingPortInline/dockingPortInline.cfg/PART[dockingPortLateral]
[LOG 20:58:37.595] Applying update KSPCommunityFixes/MMPatches/StockTweaks/ManufacturerFixes/@PART[EnginePlate4]:FOR[KSPCommunityFixes]:NEEDS[SquadExpansion/MakingHistory] to SquadExpansion/MakingHistory/Parts/Coupling/EnginePlate_4.cfg/PART[EnginePlate4]
[LOG 20:58:37.596] Applying update KSPCommunityFixes/MMPatches/StockTweaks/ManufacturerFixes/@PART[Mk2Pod]:FOR[KSPCommunityFixes]:NEEDS[SquadExpansion/MakingHistory] to SquadExpansion/MakingHistory/Parts/Pods/Mk2Pod.cfg/PART[Mk2Pod]
[LOG 20:58:37.597] Applying update KSPCommunityFixes/MMPatches/StockTweaks/ManufacturerFixes/@PART[evaChute|parachuteSingle|parachuteRadial|radialDrogue|parachuteLarge|parachuteDrogue]:FOR[KSPCommunityFixes] to Squad/Parts/Cargo/Parachute/Parachute.cfg/PART[evaChute]
[LOG 20:58:37.599] Applying update KSPCommunityFixes/MMPatches/StockTweaks/ManufacturerFixes/@PART[evaChute|parachuteSingle|parachuteRadial|radialDrogue|parachuteLarge|parachuteDrogue]:FOR[KSPCommunityFixes] to Squad/Parts/Utility/parachuteMk1/parachuteMk1.cfg/PART[parachuteSingle]
[LOG 20:58:37.599] Applying update KSPCommunityFixes/MMPatches/StockTweaks/ManufacturerFixes/@PART[evaChute|parachuteSingle|parachuteRadial|radialDrogue|parachuteLarge|parachuteDrogue]:FOR[KSPCommunityFixes] to Squad/Parts/Utility/parachuteMk12-R/parachuteMk12-R.cfg/PART[radialDrogue]
[LOG 20:58:37.599] Applying update KSPCommunityFixes/MMPatches/StockTweaks/ManufacturerFixes/@PART[evaChute|parachuteSingle|parachuteRadial|radialDrogue|parachuteLarge|parachuteDrogue]:FOR[KSPCommunityFixes] to Squad/Parts/Utility/parachuteMk16-XL/parachuteMk16-XL.cfg/PART[parachuteLarge]
[LOG 20:58:37.600] Applying update KSPCommunityFixes/MMPatches/StockTweaks/ManufacturerFixes/@PART[evaChute|parachuteSingle|parachuteRadial|radialDrogue|parachuteLarge|parachuteDrogue]:FOR[KSPCommunityFixes] to Squad/Parts/Utility/parachuteMk2-R/parachuteMk2-R.cfg/PART[parachuteRadial]
[LOG 20:58:37.600] Applying update KSPCommunityFixes/MMPatches/StockTweaks/ManufacturerFixes/@PART[evaChute|parachuteSingle|parachuteRadial|radialDrogue|parachuteLarge|parachuteDrogue]:FOR[KSPCommunityFixes] to Squad/Parts/Utility/parachuteMk25/parachuteMk25.cfg/PART[parachuteDrogue]
[LOG 20:58:37.603] Applying update KSPCommunityFixes/MMPatches/StockTweaks/ManufacturerFixes/@PART[stackPoint1|dockingPort1|dockingPort2|dockingPort3|dockingPortLarge]:FOR[KSPCommunityFixes] to Squad/Parts/Utility/dockingPort/dockingPort.cfg/PART[dockingPort2]
[LOG 20:58:37.603] Applying update KSPCommunityFixes/MMPatches/StockTweaks/ManufacturerFixes/@PART[stackPoint1|dockingPort1|dockingPort2|dockingPort3|dockingPortLarge]:FOR[KSPCommunityFixes] to Squad/Parts/Utility/dockingPortJr/dockingPortJr.cfg/PART[dockingPort3]
[LOG 20:58:37.604] Applying update KSPCommunityFixes/MMPatches/StockTweaks/ManufacturerFixes/@PART[stackPoint1|dockingPort1|dockingPort2|dockingPort3|dockingPortLarge]:FOR[KSPCommunityFixes] to Squad/Parts/Utility/dockingPortShielded/dockingPortShielded.cfg/PART[dockingPort1]
[LOG 20:58:37.604] Applying update KSPCommunityFixes/MMPatches/StockTweaks/ManufacturerFixes/@PART[stackPoint1|dockingPort1|dockingPort2|dockingPort3|dockingPortLarge]:FOR[KSPCommunityFixes] to Squad/Parts/Utility/dockingPortSr/dockingPortSr.cfg/PART[dockingPortLarge]
[LOG 20:58:37.604] Applying update KSPCommunityFixes/MMPatches/StockTweaks/ManufacturerFixes/@PART[stackPoint1|dockingPort1|dockingPort2|dockingPort3|dockingPortLarge]:FOR[KSPCommunityFixes] to Squad/Parts/Utility/radialAttachmentPoint/radialAttachmentPoint.cfg/PART[stackPoint1]
[LOG 20:58:37.605] :AFTER[KSPCOMMUNITYFIXES] pass
[LOG 20:58:37.605] :BEFORE[KSPDIAGLANDEDVESSEL] pass
[LOG 20:58:37.605] :FOR[KSPDIAGLANDEDVESSEL] pass
[LOG 20:58:37.605] :AFTER[KSPDIAGLANDEDVESSEL] pass
[LOG 20:58:37.605] :BEFORE[KSPDIAGTERRAINHEIGHT] pass
[LOG 20:58:37.605] :FOR[KSPDIAGTERRAINHEIGHT] pass
[LOG 20:58:37.605] :AFTER[KSPDIAGTERRAINHEIGHT] pass
[LOG 20:58:37.605] :BEFORE[KSPMCPSERVER] pass
[LOG 20:58:37.605] :FOR[KSPMCPSERVER] pass
[LOG 20:58:37.605] :AFTER[KSPMCPSERVER] pass
[LOG 20:58:37.605] :BEFORE[KSPSTEAMCTRLR] pass
[LOG 20:58:37.605] :FOR[KSPSTEAMCTRLR] pass
[LOG 20:58:37.605] :AFTER[KSPSTEAMCTRLR] pass
[LOG 20:58:37.605] :BEFORE[MODULEMANAGER] pass
[LOG 20:58:37.605] :FOR[MODULEMANAGER] pass
[LOG 20:58:37.605] :AFTER[MODULEMANAGER] pass
[LOG 20:58:37.605] :BEFORE[SQUAD] pass
[LOG 20:58:37.605] :FOR[SQUAD] pass
[LOG 20:58:37.605] :AFTER[SQUAD] pass
[LOG 20:58:37.605] :BEFORE[SQUADEXPANSION] pass
[LOG 20:58:37.605] :FOR[SQUADEXPANSION] pass
[LOG 20:58:37.605] :AFTER[SQUADEXPANSION] pass
[LOG 20:58:37.607] :LAST[999_KSP-RECALL] pass
[LOG 20:58:37.629] :FINAL pass
[LOG 20:58:37.629] Done patching
[LOG 20:58:37.629] Saving Cache
[LOG 20:58:37.666] Saving cache
[LOG 20:58:38.094] ModuleManager: 33 patches applied

[LOG 20:58:38.094] Ran in 1.004s
[LOG 20:58:38.153] Done!



#### END MODULEMANAGER LOG ####
[LOG 20:58:39.791] [ModuleManager] Running tests...
[LOG 20:58:39.792] [ModuleManager] tests complete.
[LOG 20:58:39.795] [ModuleManager] Reloading resources definitions
[LOG 20:58:39.796] Resource LiquidFuel added to database
[LOG 20:58:39.796] Resource Oxidizer added to database
[LOG 20:58:39.796] Resource SolidFuel added to database
[LOG 20:58:39.796] Resource MonoPropellant added to database
[LOG 20:58:39.796] Resource XenonGas added to database
[LOG 20:58:39.796] Resource ElectricCharge added to database
[LOG 20:58:39.796] Resource IntakeAir added to database
[LOG 20:58:39.796] Resource EVA Propellant added to database
[LOG 20:58:39.796] Resource Ore added to database
[LOG 20:58:39.796] Resource Ablator added to database
[LOG 20:58:39.796] [ModuleManager] Reloading Trait configs
[LOG 20:58:39.797] ExperienceSystemConfig: Added Effect 'DeployedSciencePowerSkill' to Trait 'Ingénieur'
[LOG 20:58:39.797] ExperienceSystemConfig: Added Effect 'DeployedScienceExpSkill' to Trait 'Scientifique'
[LOG 20:58:39.797] [ModuleManager] Reloading Part Upgrades
[LOG 20:58:39.797] [ModuleManager] Setting modded physics as the active one
[LOG 20:58:39.804] PhysicsGlobals: Loading database
[LOG 20:58:39.806] [ModuleManager] Running post patch callbacks
[LOG 20:58:39.815] [KSPCommunityFixes] Patch AutoStrutDrift applied.
[LOG 20:58:39.818] [KSPCommunityFixes] Patch EditorAnimatedPartsShipModified applied.
[LOG 20:58:39.823] [KSPCommunityFixes] Patch DragCubeLoadException applied.
[LOG 20:58:39.827] [KSPCommunityFixes] Patch DoubleCurvePreserveTangents applied.
[LOG 20:58:39.862] [KSPCommunityFixes] Patch DockingPortRotationDriftAndFixes applied.
[LOG 20:58:39.897] [KSPCommunityFixes] Patch DockingPortConserveMomentum applied.
[LOG 20:58:39.901] [KSPCommunityFixes] Patch DebugConsoleDontStealInput applied.
[LOG 20:58:39.906] [KSPCommunityFixes] Patch CorrectDragForFlags applied.
[LOG 20:58:39.907] [KSPCommunityFixes] Patch CometMiningNotRemovingMass applied.
[LOG 20:58:39.911] [KSPCommunityFixes] Patch ChutePhantomSymmetry applied.
[LOG 20:58:39.913] [KSPCommunityFixes] Patch CometSpawnerUniqueFlightId applied.
[LOG 20:58:39.914] [KSPCommunityFixes] Patch AsteroidSpawnerUniqueFlightId applied.
[LOG 20:58:39.915] [KSPCommunityFixes] Patch AsteroidInfiniteMining applied.
[LOG 20:58:39.937] [KSPCommunityFixes] Patch PersistentIConfigNode applied.
[LOG 20:58:39.937] [KSPCommunityFixes] Patch OnSymmetryFieldChanged not applied (not enabled in Settings.cfg)
[LOG 20:58:39.938] [KSPCommunityFixes] Patch ModUpgradePipeline not applied (not enabled in Settings.cfg)
[LOG 20:58:39.938] [KSPCommunityFixes] Patch KSPFieldEnumDesc not applied (not enabled in Settings.cfg)
[LOG 20:58:39.939] [KSPCommunityFixes] Patch EventProfilerMarkers not applied (not enabled in Settings.cfg)
[LOG 20:58:39.939] [KSPCommunityFixes] Patch DockingPortLockedEvents not applied (not enabled in Settings.cfg)
[LOG 20:58:39.941] [KSPCommunityFixes] Patch DepartmentHeadImage applied.
[LOG 20:58:39.950] [KSPCommunityFixes] Patch BaseFieldListUseFieldHost applied.
[LOG 20:58:39.971] [KSPCommunityFixes] Patch ResourceConverterPerf applied.
[LOG 20:58:39.977] [KSPCommunityFixes] Patch ProgressTrackingSpeedBoost applied.
[LOG 20:58:39.980] [KSPCommunityFixes] Patch PQSUpdateNoMemoryAlloc applied.
[LOG 20:58:39.980] [KSPCommunityFixes] Patch PQSOnlyStartOnce not applied (not enabled in Settings.cfg)
[LOG 20:58:39.989] [KSPCommunityFixes] Patch PQSCoroutineLeak applied.
[LOG 20:58:40.019] [KSPCommunityFixes] Patch PartSystemsFastUpdate applied.
[LOG 20:58:40.041] [KSPCommunityFixes] Patch PartParsingPerf applied.
[LOG 20:58:40.044] [KSPCommunityFixes] Patch EnginePlateAirstreamShieldedTopPart applied.
[LOG 20:58:40.049] [KSPCommunityFixes] Patch EVAConstructionMass applied.
[LOG 20:58:40.055] [KSPCommunityFixes] Patch EVAConstructionUninitializedInventory applied.
[LOG 20:58:40.059] [KSPCommunityFixes] Patch EVAKerbalRecovery applied.
[LOG 20:58:40.063] [KSPCommunityFixes] Patch TimeWarpOrbitShift applied.
[LOG 20:58:40.065] [KSPCommunityFixes] Patch TimeWarpBodyCollision applied.
[LOG 20:58:40.075] [KSPCommunityFixes] Patch ThumbnailSpotlight applied.
[LOG 20:58:40.079] [KSPCommunityFixes] Patch SymmetryReferenceOnDelete applied.
[LOG 20:58:40.080] [KSPCommunityFixes] Patch StrategyDuration not applied (not enabled in Settings.cfg)
[LOG 20:58:40.082] [KSPCommunityFixes] Patch StockAlarmDescPreserveLineBreak applied.
[LOG 20:58:40.104] [KSPCommunityFixes] Patch StickySplashedFixer applied.
[LOG 20:58:40.110] [KSPCommunityFixes] Patch ScatterDistribution applied.
[LOG 20:58:40.131] [KSPCommunityFixes] Patch RoboticsDrift applied.
[LOG 20:58:40.132] [KSPCommunityFixes] Patch RestoreMaxPhysicsDT applied.
[LOG 20:58:40.145] [KSPCommunityFixes] Patch RespawnDeadKerbals applied.
[LOG 20:58:40.147] [KSPCommunityFixes] Patch RescaledRoboticParts applied.
[LOG 20:58:40.150] [KSPCommunityFixes] Patch ReRootPreserveSurfaceAttach applied.
[LOG 20:58:40.164] [KSPCommunityFixes] Patch OptimizedModuleRaycasts applied.
[LOG 20:58:40.171] GetSubclassesOfParentClass: Found 1 types with ModuleInventoryPart parent in 12 assemblies.
[LOG 20:58:40.175] [KSPCommunityFixes] Patch RefundingOnRecovery applied.
[LOG 20:58:40.175] [KSPCommunityFixes] Patch PatchedConicEncounterFlickering applied.
[LOG 20:58:40.183] [KSPCommunityFixes] Patch PartListTooltipIconSpin applied.
[LOG 20:58:40.186] [KSPCommunityFixes] Patch PackedPartsRotation applied.
[LOG 20:58:40.196] [KSPCommunityFixes] Patch ModulePartVariantsNodePersistence applied.
[LOG 20:58:40.198] [KSPCommunityFixes] Patch ModuleAnimateGenericCrewModSpawnIVA applied.
[LOG 20:58:40.200] [KSPCommunityFixes] Patch ModuleActiveRadiatorNoParentException applied.
[LOG 20:58:40.202] [KSPCommunityFixes] Patch MapTargetBodyWithEncounter applied.
[LOG 20:58:40.205] [KSPCommunityFixes] Patch LostSoundAfterSceneSwitch applied.
[LOG 20:58:40.211] [KSPCommunityFixes] Patch LadderToggleableLight applied.
[LOG 20:58:40.225] [KSPCommunityFixes] Patch InventoryPartMass applied.
[LOG 20:58:40.230] [KSPCommunityFixes] Patch HarvesterECConsumption applied.
[LOG 20:58:40.231] [KSPCommunityFixes] Patch FixGetUnivseralTime applied.
[LOG 20:58:40.244] [KSPCommunityFixes] Patch ExtendedDeployableParts applied.
[LOG 20:58:40.250] [KSPCommunityFixes] Patch PropellantFlowDescription applied.
[LOG 20:58:40.268] [KSPCommunityFixes] Patch OptimisedVectorLines applied.
[LOG 20:58:40.273] [KSPCommunityFixes] Patch ModuleDockingNodeFindOtherNodesFaster applied.
[LOG 20:58:40.277] [KSPCommunityFixes] Patch ModuleColorChangerOptimization applied.
[LOG 20:58:40.283] [KSPCommunityFixes] Patch AutoSavedCraftNameAtLaunch applied.
[LOG 20:58:40.300] [KSPCommunityFixes] Patch PAWCollapsedInventories applied.
[LOG 20:58:40.303] [KSPCommunityFixes] Patch UIFloatEditNumericInput applied.
[LOG 20:58:40.324] [KSPCommunityFixes] Patch PAWStockGroups applied.
[LOG 20:58:40.331] [KSPCommunityFixes] Patch AltimeterHorizontalPosition applied.
[LOG 20:58:40.339] [KSPCommunityFixes] Patch SceneLoadSpeedBoost applied.
[LOG 20:58:40.369] [KSPCommunityFixes] Patch OnDemandPartBuoyancy applied.
[LOG 20:58:40.370] [KSPCommunityFixes] Patch ForceSyncSceneSwitch applied.
[LOG 20:58:40.370] [KSPCommunityFixes] Patch FewerSaves not applied (not enabled in Settings.cfg)
[LOG 20:58:40.371] [KSPCommunityFixes] Patch WheelInertiaLimit applied.
[LOG 20:58:40.371] [KSPCommunityFixes] Patch StockAlarmCustomFormatterDate isn't applicable to this KSP version.
[LOG 20:58:40.376] [KSPCommunityFixes] Patch ROCValidationOOR applied.
[LOG 20:58:40.380] [KSPCommunityFixes] Patch ZeroCostTechNodes applied.
[LOG 20:58:40.380] [KSPCommunityFixes] Patch ReactionWheelsPotentialTorque applied.
[LOG 20:58:40.386] [KSPCommunityFixes] Patch PAWGroupMemory applied.
[LOG 20:58:40.419] [KSPCommunityFixes] Patch PartStartStability applied.
[LOG 20:58:40.425] [KSPCommunityFixes] Patch PartBoundsIgnoreDisabledTransforms applied.
[LOG 20:58:40.467] [KSPCommunityFixes] Patch ModuleIndexingMismatch applied.
[LOG 20:58:40.471] [KSPCommunityFixes] Patch MapSOCorrectWrapping applied.
[LOG 20:58:40.471] [KSPCommunityFixes] Patch KerbalTooltipMaxSustainedG applied.
[LOG 20:58:40.474] [KSPCommunityFixes] Patch KerbalInventoryPersistence applied.
[LOG 20:58:40.474] [KSPCommunityFixes] Patch FlightSceneLoadKraken not applied (not enabled in Settings.cfg)
[LOG 20:58:40.476] [KSPCommunityFixes] Patch FIUpdateRadiation applied.
[LOG 20:58:40.479] [KSPCommunityFixes] Patch FastAndFixedEnumExtensions applied.
[LOG 20:58:40.510] [KSPCommunityFixes] Patch DeltaVHideWhenDisabled applied.
[LOG 20:58:40.513] [KSPCommunityFixes] Patch BlockMapViewPartClick applied.
[LOG 20:58:40.516] [KSPCommunityFixes] Patch PAWItemsOrder applied.
[LOG 20:58:40.557] [KSPCommunityFixes] Patch BetterEditorUndoRedo applied.
[LOG 20:58:40.568] [KSPCommunityFixes] Patch AutostrutActions applied.
[LOG 20:58:40.569] [KSPCommunityFixes] Patch DisableNewGameIntro not applied (not enabled in Settings.cfg)
[LOG 20:58:40.595] [KSPCommunityFixes] Patch MinorPerfTweaks applied.
[LOG 20:58:40.670] [KSPCommunityFixes] Patch MemoryLeaks applied.
[LOG 20:58:40.675] [KSPCommunityFixes] Patch LowerMinPhysicsDTPerFrame applied.
[LOG 20:58:40.680] [KSPCommunityFixes] Patch LocalizerPerf applied.
[LOG 20:58:40.681] [KSPCommunityFixes] Patch IMGUIOptimization applied.
[LOG 20:58:40.694] [KSPCommunityFixes] Patch FloatingOriginPerf applied.
[LOG 20:58:40.739] [KSPCommunityFixes] Patch FlightIntegratorPerf applied.
[LOG 20:58:40.743] [KSPCommunityFixes] Patch FasterPartFindTransform applied.
[LOG 20:58:40.754] [KSPCommunityFixes] Patch FasterEditorPartList applied.
[LOG 20:58:40.756] [KSPCommunityFixes] Patch ExpansionBundlePreload applied.
[LOG 20:58:40.767] [KSPCommunityFixes] Patch DragCubeGeneration applied.
[LOG 20:58:40.770] [KSPCommunityFixes] Patch DisableMapUpdateInFlight applied.
[LOG 20:58:40.771] [KSPCommunityFixes] Patch DisableHiddenPortraits applied.
[LOG 20:58:40.772] [KSPCommunityFixes] Patch DisableManeuverTool applied.
[LOG 20:58:40.788] [KSPCommunityFixes] Patch CraftBrowserOptimisations applied.
[LOG 20:58:40.791] [KSPCommunityFixes] Patch CommNetThrottling applied.
[LOG 20:58:40.796] [KSPCommunityFixes] Patch FairingMouseOverPersistence applied.
[LOG 20:58:40.812] [KSPCommunityFixes] Patch OptionalMakingHistoryDLCFeatures applied.
[LOG 20:58:40.816] [KSPCommunityFixes] Patch ResourceLockActions applied.
[LOG 20:58:40.821] [KSPCommunityFixes] Patch ShowContractFinishDates applied.
[LOG 20:58:40.828] [KSPCommunityFixes] Patch TargetParentBody applied.
[LOG 20:58:40.846] [KSPCommunityFixes] Patch ToolbarShowHide applied.
[LOG 20:58:40.847] [KSPCommunityFixes] Patch ContractProgressEnumCache applied.
[LOG 20:58:40.861] [KSPCommunityFixes] Patch ActiveRadiatorPerf applied.
[LOG 20:58:40.870] [KSPCommunityFixes] Patch CargoBayPerf applied.
[LOG 20:58:40.878] [KSPCommunityFixes] Patch CollisionEnhancerFastUpdate applied.
[LOG 20:58:40.885] [KSPCommunityFixes] Patch CollisionManagerFastUpdate applied.
[LOG 20:58:40.888] [KSPCommunityFixes] Patch AsteroidAndCometDrillCache applied.
[LOG 20:58:40.898] [KSPCommunityFixes] Patch TweakableWheelsAutostrut applied.
[LOG 20:58:40.924] [KSPCommunityFixes] Patch PatchSettings applied.
[LOG 20:58:40.959] [KSPCommunityFixes] Patch UpgradeBugs applied.
[LOG 20:58:40.959] [KSPCommunityFixes] Patch PartTooltipUpgradesApplyToSubstituteParts not applied (not enabled in Settings.cfg)
[LOG 20:58:41.019] [ModuleManager] Calling ConfigNodePerf.ModuleManagerPostLoad()
[LOG 20:58:41.020] [ModuleManager] Post patch ran in 1.239s
[LOG 20:58:41.039] PartLoader: Creating part database
[LOG 20:58:41.040] PartLoader: Compiling Part 'Squad/Parts/Aero/aerodynamicNoseCone/aerodynamicNoseCone/noseCone'
[LOG 20:58:41.057] EffectList: Created 15 effect types
[LOG 20:58:41.138] PartLoader: Part 'Squad/Parts/Aero/aerodynamicNoseCone/aerodynamicNoseCone/noseCone' has no database record. Creating.
[LOG 20:58:41.138] [DragCubeSystem]: Drag cubes not found or cannot be read for part Part. Generating New drag cubes.
[LOG 20:58:41.139] [KSPCF/DragCubeGeneration] Creating drag cubes for part 'noseCone'
[LOG 20:58:41.187] PartLoader: Compiling Part 'Squad/Parts/Aero/airbrake/Airbrake/airbrake1'
[LOG 20:58:41.211] PartLoader: Part 'Squad/Parts/Aero/airbrake/Airbrake/airbrake1' has no database record. Creating.
[LOG 20:58:41.212] [DragCubeSystem]: Drag cubes not found or cannot be read for part Part. Generating New drag cubes.
[LOG 20:58:41.212] [KSPCF/DragCubeGeneration] Creating drag cubes for part 'airbrake1'
[LOG 20:58:41.248] PartLoader: Compiling Part 'Squad/Parts/Aero/airIntakeRadialXM-G50/airIntakeRadialXM-G50/airScoop'
[LOG 20:58:41.255] PartLoader: Part 'Squad/Parts/Aero/airIntakeRadialXM-G50/airIntakeRadialXM-G50/airScoop' has no database record. Creating.
[LOG 20:58:41.255] [DragCubeSystem]: Drag cubes not found or cannot be read for part Part. Generating New drag cubes.
[LOG 20:58:41.255] [KSPCF/DragCubeGeneration] Creating drag cubes for part 'airScoop'
[LOG 20:58:41.267] PartLoader: Compiling Part 'Squad/Parts/Aero/airlinerWings/ControlSurface/airlinerCtrlSrf'
[LOG 20:58:41.273] PartLoader: Part 'Squad/Parts/Aero/airlinerWings/ControlSurface/airlinerCtrlSrf' has no database record. Creating.
[LOG 20:58:41.273] [DragCubeSystem]: Drag cubes not found or cannot be read for part Part. Generating New drag cubes.
[LOG 20:58:41.273] [KSPCF/DragCubeGeneration] Creating drag cubes for part 'airlinerCtrlSrf'
[LOG 20:58:41.304] PartLoader: Compiling Part 'Squad/Parts/Aero/airlinerWings/MainWing/airlinerMainWing'
[LOG 20:58:41.308] PartLoader: Part 'Squad/Parts/Aero/airlinerWings/MainWing/airlinerMainWing' has no database record. Creating.
[LOG 20:58:41.308] [DragCubeSystem]: Drag cubes not found or cannot be read for part Part. Generating New drag cubes.
[LOG 20:58:41.308] [KSPCF/DragCubeGeneration] Creating drag cubes for part 'airlinerMainWing'
[LOG 20:58:41.317] PartLoader: Compiling Part 'Squad/Parts/Aero/airlinerWings/TailFin/airlinerTailFin'
[LOG 20:58:41.321] PartLoader: Part 'Squad/Parts/Aero/airlinerWings/TailFin/airlinerTailFin' has no database record. Creating.
[LOG 20:58:41.321] [DragCubeSystem]: Drag cubes not found or cannot be read for part Part. Generating New drag cubes.
[LOG 20:58:41.321] [KSPCF/DragCubeGeneration] Creating drag cubes for part 'airlinerTailFin'
[LOG 20:58:41.345] PartLoader: Compiling Part 'Squad/Parts/Aero/airplaneFins/advancedCanard/AdvancedCanard'
[LOG 20:58:41.348] PartLoader: Part 'Squad/Parts/Aero/airplaneFins/advancedCanard/AdvancedCanard' has no database record. Creating.
[LOG 20:58:41.348] [DragCubeSystem]: Drag cubes not found or cannot be read for part Part. Generating New drag cubes.
[LOG 20:58:41.348] [KSPCF/DragCubeGeneration] Creating drag cubes for part 'AdvancedCanard'
[LOG 20:58:41.368] PartLoader: Compiling Part 'Squad/Parts/Aero/airplaneFins/standardCanard/CanardController'
[LOG 20:58:41.371] PartLoader: Part 'Squad/Parts/Aero/airplaneFins/standardCanard/CanardController' has no database record. Creating.
[LOG 20:58:41.371] [DragCubeSystem]: Drag cubes not found or cannot be read for part Part. Generating New drag cubes.
[LOG 20:58:41.371] [KSPCF/DragCubeGeneration] Creating drag cubes for part 'CanardController'
[LOG 20:58:41.393] PartLoader: Compiling Part 'Squad/Parts/Aero/airplaneFins/sweptWing/sweptWing'
[LOG 20:58:41.396] PartLoader: Part 'Squad/Parts/Aero/airplaneFins/sweptWing/sweptWing' has no database record. Creating.
[LOG 20:58:41.396] [DragCubeSystem]: Drag cubes not found or cannot be read for part Part. Generating New drag cubes.
[LOG 20:58:41.396] [KSPCF/DragCubeGeneration] Creating drag cubes for part 'sweptWing'
[LOG 20:58:41.401] PartLoader: Compiling Part 'Squad/Parts/Aero/airplaneFins/tailfin/tailfin'
[LOG 20:58:41.405] PartLoader: Part 'Squad/Parts/Aero/airplaneFins/tailfin/tailfin' has no database record. Creating.
[LOG 20:58:41.405] [DragCubeSystem]: Drag cubes not found or cannot be read for part Part. Generating New drag cubes.
[LOG 20:58:41.405] [KSPCF/DragCubeGeneration] Creating drag cubes for part 'tailfin'
[LOG 20:58:41.426] PartLoader: Compiling Part 'Squad/Parts/Aero/basicFin/basicFin/basicFin'
[LOG 20:58:41.429] PartLoader: Part 'Squad/Parts/Aero/basicFin/basicFin/basicFin' has no database record. Creating.
[LOG 20:58:41.429] [DragCubeSystem]: Drag cubes not found or cannot be read for part Part. Generating New drag cubes.
[LOG 20:58:41.429] [KSPCF/DragCubeGeneration] Creating drag cubes for part 'basicFin'
[LOG 20:58:41.434] PartLoader: Compiling Part 'Squad/Parts/Aero/circularIntake/circularIntake/CircularIntake'
[LOG 20:58:41.440] PartLoader: Part 'Squad/Parts/Aero/circularIntake/circularIntake/CircularIntake' has no database record. Creating.
[LOG 20:58:41.440] PartLoader: Compiling Part 'Squad/Parts/Aero/circularIntake/intakeShockCone/shockConeIntake'
[LOG 20:58:41.443] PartLoader: Part 'Squad/Parts/Aero/circularIntake/intakeShockCone/shockConeIntake' has no database record. Creating.
[LOG 20:58:41.444] PartLoader: Compiling Part 'Squad/Parts/Aero/cones/avionicsNoseCone/avionicsNoseCone'
[LOG 20:58:41.453] PartLoader: Part 'Squad/Parts/Aero/cones/avionicsNoseCone/avionicsNoseCone' has no database record. Creating.
[LOG 20:58:41.453] [DragCubeSystem]: Drag cubes not found or cannot be read for part Part. Generating New drag cubes.
[LOG 20:58:41.453] [KSPCF/DragCubeGeneration] Creating drag cubes for part 'avionicsNoseCone'
[LOG 20:58:41.463] PartLoader: Compiling Part 'Squad/Parts/Aero/cones/ConeA/pointyNoseConeA'
[LOG 20:58:41.466] PartLoader: Part 'Squad/Parts/Aero/cones/ConeA/pointyNoseConeA' has no database record. Creating.
[LOG 20:58:41.466] [DragCubeSystem]: Drag cubes not found or cannot be read for part Part. Generating New drag cubes.
[LOG 20:58:41.466] [KSPCF/DragCubeGeneration] Creating drag cubes for part 'pointyNoseConeA'
[LOG 20:58:41.471] PartLoader: Compiling Part 'Squad/Parts/Aero/cones/ConeB/pointyNoseConeB'
[LOG 20:58:41.474] PartLoader: Part 'Squad/Parts/Aero/cones/ConeB/pointyNoseConeB' has no database record. Creating.
[LOG 20:58:41.474] [DragCubeSystem]: Drag cubes not found or cannot be read for part Part. Generating New drag cubes.
[LOG 20:58:41.474] [KSPCF/DragCubeGeneration] Creating drag cubes for part 'pointyNoseConeB'
[LOG 20:58:41.480] PartLoader: Compiling Part 'Squad/Parts/Aero/cones/noseConeAdapter/noseConeAdapter'
[LOG 20:58:41.481] PartLoader: Part 'Squad/Parts/Aero/cones/noseConeAdapter/noseConeAdapter' has no database record. Creating.
[LOG 20:58:41.481] [DragCubeSystem]: Drag cubes not found or cannot be read for part Part. Generating New drag cubes.
[LOG 20:58:41.482] [KSPCF/DragCubeGeneration] Creating drag cubes for part 'noseConeAdapter'
[LOG 20:58:41.486] PartLoader: Compiling Part 'Squad/Parts/Aero/cones/protectiveRocketNoseMk7_v2/rocketNoseCone_v2'
[LOG 20:58:41.489] PartLoader: Part 'Squad/Parts/Aero/cones/protectiveRocketNoseMk7_v2/rocketNoseCone_v2' has no database record. Creating.
[LOG 20:58:41.489] [DragCubeSystem]: Drag cubes not found or cannot be read for part Part. Generating New drag cubes.
[LOG 20:58:41.489] [KSPCF/DragCubeGeneration] Creating drag cubes for part 'rocketNoseCone.v2'
[LOG 20:58:41.495] PartLoader: Compiling Part 'Squad/Parts/Aero/cones/protectiveRocketNoseMk7_v3/rocketNoseCone_v3'
[LOG 20:58:41.497] PartLoader: Part 'Squad/Parts/Aero/cones/protectiveRocketNoseMk7_v3/rocketNoseCone_v3' has no database record. Creating.
[LOG 20:58:41.497] [DragCubeSystem]: Drag cubes not found or cannot be read for part Part. Generating New drag cubes.
[LOG 20:58:41.497] [KSPCF/DragCubeGeneration] Creating drag cubes for part 'rocketNoseCone.v3'
[LOG 20:58:41.502] PartLoader: Compiling Part 'Squad/Parts/Aero/cones/rocketNoseCone_size3/rocketNoseConeSize3'
[LOG 20:58:41.504] PartLoader: Part 'Squad/Parts/Aero/cones/rocketNoseCone_size3/rocketNoseConeSize3' has no database record. Creating.
[LOG 20:58:41.504] [DragCubeSystem]: Drag cubes not found or cannot be read for part Part. Generating New drag cubes.
[LOG 20:58:41.504] [KSPCF/DragCubeGeneration] Creating drag cubes for part 'rocketNoseConeSize3'
[LOG 20:58:41.509] PartLoader: Compiling Part 'Squad/Parts/Aero/cones/smallNoseCone/standardNoseCone'
[LOG 20:58:41.511] PartLoader: Part 'Squad/Parts/Aero/cones/smallNoseCone/standardNoseCone' has no database record. Creating.
[LOG 20:58:41.511] [DragCubeSystem]: Drag cubes not found or cannot be read for part Part. Generating New drag cubes.
[LOG 20:58:41.511] [KSPCF/DragCubeGeneration] Creating drag cubes for part 'standardNoseCone'
[LOG 20:58:41.516] PartLoader: Compiling Part 'Squad/Parts/Aero/cones/tailConnectorA/airplaneTail'
[LOG 20:58:41.519] PartLoader: Part 'Squad/Parts/Aero/cones/tailConnectorA/airplaneTail' has no database record. Creating.
[LOG 20:58:41.519] [DragCubeSystem]: Drag cubes not found or cannot be read for part Part. Generating New drag cubes.
[LOG 20:58:41.519] [KSPCF/DragCubeGeneration] Creating drag cubes for part 'airplaneTail'
[LOG 20:58:41.524] PartLoader: Compiling Part 'Squad/Parts/Aero/cones/tailConnectorB/airplaneTailB'
[LOG 20:58:41.527] PartLoader: Part 'Squad/Parts/Aero/cones/tailConnectorB/airplaneTailB' has no database record. Creating.
[LOG 20:58:41.527] [DragCubeSystem]: Drag cubes not found or cannot be read for part Part. Generating New drag cubes.
[LOG 20:58:41.527] [KSPCF/DragCubeGeneration] Creating drag cubes for part 'airplaneTailB'
[LOG 20:58:41.531] PartLoader: Compiling Part 'Squad/Parts/Aero/fairings/fairingSize1/fairingSize1'
[LOG 20:58:41.563] PartLoader: Part 'Squad/Parts/Aero/fairings/fairingSize1/fairingSize1' has no database record. Creating.
[LOG 20:58:41.563] [DragCubeSystem]: Drag cubes not found or cannot be read for part Part. Generating New drag cubes.
[LOG 20:58:41.563] [KSPCF/DragCubeGeneration] Creating drag cubes for part 'fairingSize1'
[LOG 20:58:41.569] PartLoader: Compiling Part 'Squad/Parts/Aero/fairings/fairingSize2/fairingSize2'
[LOG 20:58:41.576] PartLoader: Part 'Squad/Parts/Aero/fairings/fairingSize2/fairingSize2' has no database record. Creating.
[LOG 20:58:41.576] [DragCubeSystem]: Drag cubes not found or cannot be read for part Part. Generating New drag cubes.
[LOG 20:58:41.576] [KSPCF/DragCubeGeneration] Creating drag cubes for part 'fairingSize2'
[LOG 20:58:41.582] PartLoader: Compiling Part 'Squad/Parts/Aero/fairings/fairingSize3/fairingSize3'
[LOG 20:58:41.590] PartLoader: Part 'Squad/Parts/Aero/fairings/fairingSize3/fairingSize3' has no database record. Creating.
[LOG 20:58:41.590] [DragCubeSystem]: Drag cubes not found or cannot be read for part Part. Generating New drag cubes.
[LOG 20:58:41.590] [KSPCF/DragCubeGeneration] Creating drag cubes for part 'fairingSize3'
[LOG 20:58:41.597] PartLoader: Compiling Part 'Squad/Parts/Aero/HeatShield/HeatShield0/HeatShield0'
[LOG 20:58:41.606] PartLoader: Part 'Squad/Parts/Aero/HeatShield/HeatShield0/HeatShield0' has no database record. Creating.
[LOG 20:58:41.606] [DragCubeSystem]: Drag cubes not found or cannot be read for part Part. Generating New drag cubes.
[LOG 20:58:41.606] [KSPCF/DragCubeGeneration] Creating drag cubes for part 'HeatShield0'
[LOG 20:58:41.614] PartLoader: Compiling Part 'Squad/Parts/Aero/HeatShield/HeatShield1/HeatShield1'
[LOG 20:58:41.619] PartLoader: Part 'Squad/Parts/Aero/HeatShield/HeatShield1/HeatShield1' has no database record. Creating.
[LOG 20:58:41.619] [DragCubeSystem]: Drag cubes not found or cannot be read for part Part. Generating New drag cubes.
[LOG 20:58:41.619] [KSPCF/DragCubeGeneration] Creating drag cubes for part 'HeatShield1'
[LOG 20:58:41.635] PartLoader: Compiling Part 'Squad/Parts/Aero/HeatShield/HeatShield2/HeatShield2'
[LOG 20:58:41.640] PartLoader: Part 'Squad/Parts/Aero/HeatShield/HeatShield2/HeatShield2' has no database record. Creating.
[LOG 20:58:41.640] [DragCubeSystem]: Drag cubes not found or cannot be read for part Part. Generating New drag cubes.
[LOG 20:58:41.640] [KSPCF/DragCubeGeneration] Creating drag cubes for part 'HeatShield2'
[LOG 20:58:41.654] PartLoader: Compiling Part 'Squad/Parts/Aero/HeatShield/HeatShield3/HeatShield3'
[LOG 20:58:41.659] PartLoader: Part 'Squad/Parts/Aero/HeatShield/HeatShield3/HeatShield3' has no database record. Creating.
[LOG 20:58:41.659] [DragCubeSystem]: Drag cubes not found or cannot be read for part Part. Generating New drag cubes.
[LOG 20:58:41.659] [KSPCF/DragCubeGeneration] Creating drag cubes for part 'HeatShield3'
[LOG 20:58:41.673] PartLoader: Compiling Part 'Squad/Parts/Aero/InflatableHeatShield/HeatShield/InflatableHeatShield'
[LOG 20:58:41.679] PartLoader: Part 'Squad/Parts/Aero/InflatableHeatShield/HeatShield/InflatableHeatShield' has no database record. Creating.
[LOG 20:58:41.679] [DragCubeSystem]: Drag cubes not found or cannot be read for part Part. Generating New drag cubes.
[LOG 20:58:41.679] [KSPCF/DragCubeGeneration] Creating drag cubes for part 'InflatableHeatShield'
[LOG 20:58:41.696] PartLoader: Compiling Part 'Squad/Parts/Aero/intakeRadialLong/intakeRadialLong/IntakeRadialLong'
[LOG 20:58:41.699] PartLoader: Part 'Squad/Parts/Aero/intakeRadialLong/intakeRadialLong/IntakeRadialLong' has no database record. Creating.
[LOG 20:58:41.699] [DragCubeSystem]: Drag cubes not found or cannot be read for part Part. Generating New drag cubes.
[LOG 20:58:41.699] [KSPCF/DragCubeGeneration] Creating drag cubes for part 'IntakeRadialLong'
[LOG 20:58:41.704] PartLoader: Compiling Part 'Squad/Parts/Aero/miniIntake/SmallIntake/miniIntake'
[LOG 20:58:41.705] PartLoader: Part 'Squad/Parts/Aero/miniIntake/SmallIntake/miniIntake' has no database record. Creating.
[LOG 20:58:41.706] PartLoader: Compiling Part 'Squad/Parts/Aero/ramAirIntake/ramAirIntake/ramAirIntake'
[LOG 20:58:41.708] PartLoader: Part 'Squad/Parts/Aero/ramAirIntake/ramAirIntake/ramAirIntake' has no database record. Creating.
[LOG 20:58:41.708] PartLoader: Compiling Part 'Squad/Parts/Aero/shuttleWings/delta/wingShuttleDelta'
[LOG 20:58:41.709] PartLoader: Part 'Squad/Parts/Aero/shuttleWings/delta/wingShuttleDelta' has no database record. Creating.
[LOG 20:58:41.709] [DragCubeSystem]: Drag cubes not found or cannot be read for part Part. Generating New drag cubes.
[LOG 20:58:41.709] [KSPCF/DragCubeGeneration] Creating drag cubes for part 'wingShuttleDelta'
[LOG 20:58:41.713] PartLoader: Compiling Part 'Squad/Parts/Aero/shuttleWings/elevon1/wingShuttleElevon1'
[LOG 20:58:41.716] PartLoader: Part 'Squad/Parts/Aero/shuttleWings/elevon1/wingShuttleElevon1' has no database record. Creating.
[LOG 20:58:41.716] [DragCubeSystem]: Drag cubes not found or cannot be read for part Part. Generating New drag cubes.
[LOG 20:58:41.716] [KSPCF/DragCubeGeneration] Creating drag cubes for part 'wingShuttleElevon1'
[LOG 20:58:41.736] PartLoader: Compiling Part 'Squad/Parts/Aero/shuttleWings/elevon2/wingShuttleElevon2'
[LOG 20:58:41.739] PartLoader: Part 'Squad/Parts/Aero/shuttleWings/elevon2/wingShuttleElevon2' has no database record. Creating.
[LOG 20:58:41.739] [DragCubeSystem]: Drag cubes not found or cannot be read for part Part. Generating New drag cubes.
[LOG 20:58:41.739] [KSPCF/DragCubeGeneration] Creating drag cubes for part 'wingShuttleElevon2'
[LOG 20:58:41.759] PartLoader: Compiling Part 'Squad/Parts/Aero/shuttleWings/rudder/wingShuttleRudder'
[LOG 20:58:41.762] PartLoader: Part 'Squad/Parts/Aero/shuttleWings/rudder/wingShuttleRudder' has no database record. Creating.
[LOG 20:58:41.762] [DragCubeSystem]: Drag cubes not found or cannot be read for part Part. Generating New drag cubes.
[LOG 20:58:41.762] [KSPCF/DragCubeGeneration] Creating drag cubes for part 'wingShuttleRudder'
[LOG 20:58:41.783] PartLoader: Compiling Part 'Squad/Parts/Aero/shuttleWings/strake/wingShuttleStrake'
[LOG 20:58:41.785] PartLoader: Part 'Squad/Parts/Aero/shuttleWings/strake/wingShuttleStrake' has no database record. Creating.
[LOG 20:58:41.785] [DragCubeSystem]: Drag cubes not found or cannot be read for part Part. Generating New drag cubes.
[LOG 20:58:41.786] [KSPCF/DragCubeGeneration] Creating drag cubes for part 'wingShuttleStrake'
[LOG 20:58:41.790] PartLoader: Compiling Part 'Squad/Parts/Aero/wingletAV-R8/wingletAV-R8/R8winglet'
[LOG 20:58:41.792] PartLoader: Part 'Squad/Parts/Aero/wingletAV-R8/wingletAV-R8/R8winglet' has no database record. Creating.
[LOG 20:58:41.792] [DragCubeSystem]: Drag cubes not found or cannot be read for part Part. Generating New drag cubes.
[LOG 20:58:41.792] [KSPCF/DragCubeGeneration] Creating drag cubes for part 'R8winglet'
[LOG 20:58:41.814] PartLoader: Compiling Part 'Squad/Parts/Aero/wingletAV-T1/wingletAV-T1/winglet'
[LOG 20:58:41.817] PartLoader: Part 'Squad/Parts/Aero/wingletAV-T1/wingletAV-T1/winglet' has no database record. Creating.
[LOG 20:58:41.817] [DragCubeSystem]: Drag cubes not found or cannot be read for part Part. Generating New drag cubes.
[LOG 20:58:41.817] [KSPCF/DragCubeGeneration] Creating drag cubes for part 'winglet'
[LOG 20:58:41.822] PartLoader: Compiling Part 'Squad/Parts/Aero/wingletDeltaDeluxe/wingletDeltaDeluxe/winglet3'
[LOG 20:58:41.825] PartLoader: Part 'Squad/Parts/Aero/wingletDeltaDeluxe/wingletDeltaDeluxe/winglet3' has no database record. Creating.
[LOG 20:58:41.826] [DragCubeSystem]: Drag cubes not found or cannot be read for part Part. Generating New drag cubes.
[LOG 20:58:41.826] [KSPCF/DragCubeGeneration] Creating drag cubes for part 'winglet3'
[LOG 20:58:41.845] PartLoader: Compiling Part 'Squad/Parts/Aero/wings/connector1/wingConnector'
[LOG 20:58:41.849] PartLoader: Part 'Squad/Parts/Aero/wings/connector1/wingConnector' has no database record. Creating.
[LOG 20:58:41.849] [DragCubeSystem]: Drag cubes not found or cannot be read for part Part. Generating New drag cubes.
[LOG 20:58:41.849] [KSPCF/DragCubeGeneration] Creating drag cubes for part 'wingConnector'
[LOG 20:58:41.853] PartLoader: Compiling Part 'Squad/Parts/Aero/wings/connector2/wingConnector2'
[LOG 20:58:41.855] PartLoader: Part 'Squad/Parts/Aero/wings/connector2/wingConnector2' has no database record. Creating.
[LOG 20:58:41.855] [DragCubeSystem]: Drag cubes not found or cannot be read for part Part. Generating New drag cubes.
[LOG 20:58:41.855] [KSPCF/DragCubeGeneration] Creating drag cubes for part 'wingConnector2'
[LOG 20:58:41.861] PartLoader: Compiling Part 'Squad/Parts/Aero/wings/connector3/wingConnector3'
[LOG 20:58:41.863] PartLoader: Part 'Squad/Parts/Aero/wings/connector3/wingConnector3' has no database record. Creating.
[LOG 20:58:41.863] [DragCubeSystem]: Drag cubes not found or cannot be read for part Part. Generating New drag cubes.
[LOG 20:58:41.863] [KSPCF/DragCubeGeneration] Creating drag cubes for part 'wingConnector3'
[LOG 20:58:41.868] PartLoader: Compiling Part 'Squad/Parts/Aero/wings/connector4/wingConnector4'
[LOG 20:58:41.870] PartLoader: Part 'Squad/Parts/Aero/wings/connector4/wingConnector4' has no database record. Creating.
[LOG 20:58:41.870] [DragCubeSystem]: Drag cubes not found or cannot be read for part Part. Generating New drag cubes.
[LOG 20:58:41.870] [KSPCF/DragCubeGeneration] Creating drag cubes for part 'wingConnector4'
[LOG 20:58:41.875] PartLoader: Compiling Part 'Squad/Parts/Aero/wings/connector5/wingConnector5'
[LOG 20:58:41.877] PartLoader: Part 'Squad/Parts/Aero/wings/connector5/wingConnector5' has no database record. Creating.
[LOG 20:58:41.877] [DragCubeSystem]: Drag cubes not found or cannot be read for part Part. Generating New drag cubes.
[LOG 20:58:41.877] [KSPCF/DragCubeGeneration] Creating drag cubes for part 'wingConnector5'
[LOG 20:58:41.883] PartLoader: Compiling Part 'Squad/Parts/Aero/wings/delta/deltaWing'
[LOG 20:58:41.884] PartLoader: Part 'Squad/Parts/Aero/wings/delta/deltaWing' has no database record. Creating.
[LOG 20:58:41.885] [DragCubeSystem]: Drag cubes not found or cannot be read for part Part. Generating New drag cubes.
[LOG 20:58:41.885] [KSPCF/DragCubeGeneration] Creating drag cubes for part 'deltaWing'
[LOG 20:58:41.889] PartLoader: Compiling Part 'Squad/Parts/Aero/wings/delta_small/delta_small'
[LOG 20:58:41.891] PartLoader: Part 'Squad/Parts/Aero/wings/delta_small/delta_small' has no database record. Creating.
[LOG 20:58:41.891] [DragCubeSystem]: Drag cubes not found or cannot be read for part Part. Generating New drag cubes.
[LOG 20:58:41.891] [KSPCF/DragCubeGeneration] Creating drag cubes for part 'delta.small'
[LOG 20:58:41.896] PartLoader: Compiling Part 'Squad/Parts/Aero/wings/elevon1/StandardCtrlSrf'
[LOG 20:58:41.899] PartLoader: Part 'Squad/Parts/Aero/wings/elevon1/StandardCtrlSrf' has no database record. Creating.
[LOG 20:58:41.899] [DragCubeSystem]: Drag cubes not found or cannot be read for part Part. Generating New drag cubes.
[LOG 20:58:41.899] [KSPCF/DragCubeGeneration] Creating drag cubes for part 'StandardCtrlSrf'
[LOG 20:58:41.918] PartLoader: Compiling Part 'Squad/Parts/Aero/wings/elevon2/elevon2'
[LOG 20:58:41.922] PartLoader: Part 'Squad/Parts/Aero/wings/elevon2/elevon2' has no database record. Creating.
[LOG 20:58:41.922] [DragCubeSystem]: Drag cubes not found or cannot be read for part Part. Generating New drag cubes.
[LOG 20:58:41.922] [KSPCF/DragCubeGeneration] Creating drag cubes for part 'elevon2'
[LOG 20:58:41.944] PartLoader: Compiling Part 'Squad/Parts/Aero/wings/elevon3/elevon3'
[LOG 20:58:41.948] PartLoader: Part 'Squad/Parts/Aero/wings/elevon3/elevon3' has no database record. Creating.
[LOG 20:58:41.948] [DragCubeSystem]: Drag cubes not found or cannot be read for part Part. Generating New drag cubes.
[LOG 20:58:41.948] [KSPCF/DragCubeGeneration] Creating drag cubes for part 'elevon3'
[LOG 20:58:41.969] PartLoader: Compiling Part 'Squad/Parts/Aero/wings/elevon4/smallCtrlSrf'
[LOG 20:58:41.973] PartLoader: Part 'Squad/Parts/Aero/wings/elevon4/smallCtrlSrf' has no database record. Creating.
[LOG 20:58:41.973] [DragCubeSystem]: Drag cubes not found or cannot be read for part Part. Generating New drag cubes.
[LOG 20:58:41.973] [KSPCF/DragCubeGeneration] Creating drag cubes for part 'smallCtrlSrf'
[LOG 20:58:41.994] PartLoader: Compiling Part 'Squad/Parts/Aero/wings/elevon5/elevon5'
[LOG 20:58:41.999] PartLoader: Part 'Squad/Parts/Aero/wings/elevon5/elevon5' has no database record. Creating.
[LOG 20:58:41.999] [DragCubeSystem]: Drag cubes not found or cannot be read for part Part. Generating New drag cubes.
[LOG 20:58:41.999] [KSPCF/DragCubeGeneration] Creating drag cubes for part 'elevon5'
[LOG 20:58:42.020] PartLoader: Compiling Part 'Squad/Parts/Aero/wings/strake/wingStrake'
[LOG 20:58:42.023] PartLoader: Part 'Squad/Parts/Aero/wings/strake/wingStrake' has no database record. Creating.
[LOG 20:58:42.023] [DragCubeSystem]: Drag cubes not found or cannot be read for part Part. Generating New drag cubes.
[LOG 20:58:42.023] [KSPCF/DragCubeGeneration] Creating drag cubes for part 'wingStrake'
[LOG 20:58:42.027] PartLoader: Compiling Part 'Squad/Parts/Aero/wings/structural1/structuralWing'
[LOG 20:58:42.029] PartLoader: Part 'Squad/Parts/Aero/wings/structural1/structuralWing' has no database record. Creating.
[LOG 20:58:42.029] [DragCubeSystem]: Drag cubes not found or cannot be read for part Part. Generating New drag cubes.
[LOG 20:58:42.029] [KSPCF/DragCubeGeneration] Creating drag cubes for part 'structuralWing'
[LOG 20:58:42.033] PartLoader: Compiling Part 'Squad/Parts/Aero/wings/structural2/structuralWing2'
[LOG 20:58:42.035] PartLoader: Part 'Squad/Parts/Aero/wings/structural2/structuralWing2' has no database record. Creating.
[LOG 20:58:42.035] [DragCubeSystem]: Drag cubes not found or cannot be read for part Part. Generating New drag cubes.
[LOG 20:58:42.035] [KSPCF/DragCubeGeneration] Creating drag cubes for part 'structuralWing2'
[LOG 20:58:42.040] PartLoader: Compiling Part 'Squad/Parts/Aero/wings/structural3/structuralWing3'
[LOG 20:58:42.043] PartLoader: Part 'Squad/Parts/Aero/wings/structural3/structuralWing3' has no database record. Creating.
[LOG 20:58:42.043] [DragCubeSystem]: Drag cubes not found or cannot be read for part Part. Generating New drag cubes.
[LOG 20:58:42.043] [KSPCF/DragCubeGeneration] Creating drag cubes for part 'structuralWing3'
[LOG 20:58:42.047] PartLoader: Compiling Part 'Squad/Parts/Aero/wings/structural4/structuralWing4'
[LOG 20:58:42.050] PartLoader: Part 'Squad/Parts/Aero/wings/structural4/structuralWing4' has no database record. Creating.
[LOG 20:58:42.050] [DragCubeSystem]: Drag cubes not found or cannot be read for part Part. Generating New drag cubes.
[LOG 20:58:42.050] [KSPCF/DragCubeGeneration] Creating drag cubes for part 'structuralWing4'
[LOG 20:58:42.057] PartLoader: Compiling Part 'Squad/Parts/Aero/wings/swept1/sweptWing1'
[LOG 20:58:42.060] PartLoader: Part 'Squad/Parts/Aero/wings/swept1/sweptWing1' has no database record. Creating.
[LOG 20:58:42.060] [DragCubeSystem]: Drag cubes not found or cannot be read for part Part. Generating New drag cubes.
[LOG 20:58:42.060] [KSPCF/DragCubeGeneration] Creating drag cubes for part 'sweptWing1'
[LOG 20:58:42.065] PartLoader: Compiling Part 'Squad/Parts/Aero/wings/swept2/sweptWing2'
[LOG 20:58:42.067] PartLoader: Part 'Squad/Parts/Aero/wings/swept2/sweptWing2' has no database record. Creating.
[LOG 20:58:42.067] [DragCubeSystem]: Drag cubes not found or cannot be read for part Part. Generating New drag cubes.
[LOG 20:58:42.067] [KSPCF/DragCubeGeneration] Creating drag cubes for part 'sweptWing2'
[LOG 20:58:42.072] PartLoader: Compiling Part 'Squad/Parts/Cargo/CargoContainers/cargoContainer/cargoContainer'
[WRN 20:58:42.075] [Part]: Cannot have ModuleCargoPart and ModuleInventoryPart on same Part [cargoContainer'. Removed ModuleCargoPart
[LOG 20:58:42.081] PartLoader: Part 'Squad/Parts/Cargo/CargoContainers/cargoContainer/cargoContainer' has no database record. Creating.
[LOG 20:58:42.082] [DragCubeSystem]: Drag cubes not found or cannot be read for part Part. Generating New drag cubes.
[LOG 20:58:42.082] [KSPCF/DragCubeGeneration] Creating drag cubes for part 'cargoContainer'
[LOG 20:58:42.089] PartLoader: Compiling Part 'Squad/Parts/Cargo/CargoContainers/smallCargoContainer/smallCargoContainer'
[WRN 20:58:42.091] [Part]: Cannot have ModuleCargoPart and ModuleInventoryPart on same Part [smallCargoContainer'. Removed ModuleCargoPart
[LOG 20:58:42.093] PartLoader: Part 'Squad/Parts/Cargo/CargoContainers/smallCargoContainer/smallCargoContainer' has no database record. Creating.
[LOG 20:58:42.093] [DragCubeSystem]: Drag cubes not found or cannot be read for part Part. Generating New drag cubes.
[LOG 20:58:42.093] [KSPCF/DragCubeGeneration] Creating drag cubes for part 'smallCargoContainer'
[LOG 20:58:42.099] PartLoader: Compiling Part 'Squad/Parts/Cargo/Cylinder/Cylinder/evaCylinder'
[LOG 20:58:42.102] PartLoader: Part 'Squad/Parts/Cargo/Cylinder/Cylinder/evaCylinder' has no database record. Creating.
[LOG 20:58:42.102] [DragCubeSystem]: Drag cubes not found or cannot be read for part Part. Generating New drag cubes.
[LOG 20:58:42.102] [KSPCF/DragCubeGeneration] Creating drag cubes for part 'evaCylinder'
[LOG 20:58:42.107] PartLoader: Compiling Part 'Squad/Parts/Cargo/GroundAnchor/groundAnchor/groundAnchor'
[LOG 20:58:42.126] PartLoader: Part 'Squad/Parts/Cargo/GroundAnchor/groundAnchor/groundAnchor' has no database record. Creating.
[LOG 20:58:42.126] [DragCubeSystem]: Drag cubes not found or cannot be read for part Part. Generating New drag cubes.
[LOG 20:58:42.126] [KSPCF/DragCubeGeneration] Creating drag cubes for part 'groundAnchor'
[LOG 20:58:42.156] PartLoader: Compiling Part 'Squad/Parts/Cargo/Jetpack/Jetpack/evaJetpack'
[LOG 20:58:42.158] PartLoader: Part 'Squad/Parts/Cargo/Jetpack/Jetpack/evaJetpack' has no database record. Creating.
[LOG 20:58:42.158] [DragCubeSystem]: Drag cubes not found or cannot be read for part Part. Generating New drag cubes.
[LOG 20:58:42.158] [KSPCF/DragCubeGeneration] Creating drag cubes for part 'evaJetpack'
[LOG 20:58:42.163] PartLoader: Compiling Part 'Squad/Parts/Cargo/Parachute/Parachute/evaChute'
[LOG 20:58:42.166] PartLoader: Part 'Squad/Parts/Cargo/Parachute/Parachute/evaChute' has no database record. Creating.
[LOG 20:58:42.167] [DragCubeSystem]: Drag cubes not found or cannot be read for part Part. Generating New drag cubes.
[LOG 20:58:42.167] [KSPCF/DragCubeGeneration] Creating drag cubes for part 'evaChute'
[LOG 20:58:42.186] PartLoader: Compiling Part 'Squad/Parts/Cargo/RepairKit/RepairKit/evaRepairKit'
[LOG 20:58:42.191] PartLoader: Part 'Squad/Parts/Cargo/RepairKit/RepairKit/evaRepairKit' has no database record. Creating.
[LOG 20:58:42.191] [DragCubeSystem]: Drag cubes not found or cannot be read for part Part. Generating New drag cubes.
[LOG 20:58:42.191] [KSPCF/DragCubeGeneration] Creating drag cubes for part 'evaRepairKit'
[LOG 20:58:42.196] PartLoader: Compiling Part 'Squad/Parts/Cargo/ScienceKit/evaScienceKit/evaScienceKit'
[LOG 20:58:42.197] PartLoader: Part 'Squad/Parts/Cargo/ScienceKit/evaScienceKit/evaScienceKit' has no database record. Creating.
[LOG 20:58:42.197] [DragCubeSystem]: Drag cubes not found or cannot be read for part Part. Generating New drag cubes.
[LOG 20:58:42.197] [KSPCF/DragCubeGeneration] Creating drag cubes for part 'evaScienceKit'
[LOG 20:58:42.202] PartLoader: Compiling Part 'Squad/Parts/Cargo/StorageUnits/CargoStorageUnit/CargoStorageUnit'
[WRN 20:58:42.203] [Part]: Cannot have ModuleCargoPart and ModuleInventoryPart on same Part [CargoStorageUnit'. Removed ModuleCargoPart
[LOG 20:58:42.204] PartLoader: Part 'Squad/Parts/Cargo/StorageUnits/CargoStorageUnit/CargoStorageUnit' has no database record. Creating.
[LOG 20:58:42.204] [DragCubeSystem]: Drag cubes not found or cannot be read for part Part. Generating New drag cubes.
[LOG 20:58:42.204] [KSPCF/DragCubeGeneration] Creating drag cubes for part 'CargoStorageUnit'
[LOG 20:58:42.208] PartLoader: Compiling Part 'Squad/Parts/Cargo/StorageUnits/ConformalStorageUnit/ConformalStorageUnit'
[WRN 20:58:42.209] [Part]: Cannot have ModuleCargoPart and ModuleInventoryPart on same Part [ConformalStorageUnit'. Removed ModuleCargoPart
[LOG 20:58:42.211] PartLoader: Part 'Squad/Parts/Cargo/StorageUnits/ConformalStorageUnit/ConformalStorageUnit' has no database record. Creating.
[LOG 20:58:42.211] [DragCubeSystem]: Drag cubes not found or cannot be read for part Part. Generating New drag cubes.
[LOG 20:58:42.211] [KSPCF/DragCubeGeneration] Creating drag cubes for part 'ConformalStorageUnit'
[LOG 20:58:42.215] PartLoader: Compiling Part 'Squad/Parts/Command/advancedSasModuleLarge/advSasModuleLarge/asasmodule1-2'
[LOG 20:58:42.219] PartLoader: Part 'Squad/Parts/Command/advancedSasModuleLarge/advSasModuleLarge/asasmodule1-2' has no database record. Creating.
[LOG 20:58:42.221] PartLoader: Compiling Part 'Squad/Parts/Command/cupola/cupola/cupola'
[LOG 20:58:42.240] PartLoader: Part 'Squad/Parts/Command/cupola/cupola/cupola' has no database record. Creating.
[LOG 20:58:42.241] [DragCubeSystem]: Drag cubes not found or cannot be read for part Part. Generating New drag cubes.
[LOG 20:58:42.241] [KSPCF/DragCubeGeneration] Creating drag cubes for part 'cupola'
[LOG 20:58:42.248] PartLoader: Compiling Part 'Squad/Parts/Command/externalCommandSeat/externalCommandSeat/seatExternalCmd'
[LOG 20:58:42.252] PartLoader: Part 'Squad/Parts/Command/externalCommandSeat/externalCommandSeat/seatExternalCmd' has no database record. Creating.
[LOG 20:58:42.252] [DragCubeSystem]: Drag cubes not found or cannot be read for part Part. Generating New drag cubes.
[LOG 20:58:42.252] [KSPCF/DragCubeGeneration] Creating drag cubes for part 'seatExternalCmd'
[LOG 20:58:42.258] PartLoader: Compiling Part 'Squad/Parts/Command/hitchhikerStorageContainer/hitchikerStorageContainer/crewCabin'
[LOG 20:58:42.262] PartLoader: Part 'Squad/Parts/Command/hitchhikerStorageContainer/hitchikerStorageContainer/crewCabin' has no database record. Creating.
[LOG 20:58:42.262] [DragCubeSystem]: Drag cubes not found or cannot be read for part Part. Generating New drag cubes.
[LOG 20:58:42.262] [KSPCF/DragCubeGeneration] Creating drag cubes for part 'crewCabin'
[LOG 20:58:42.267] PartLoader: Compiling Part 'Squad/Parts/Command/inlineAdvancedStabilizer/inlineAdvancedStabilizer/advSasModule'
[LOG 20:58:42.270] PartLoader: Part 'Squad/Parts/Command/inlineAdvancedStabilizer/inlineAdvancedStabilizer/advSasModule' has no database record. Creating.
[LOG 20:58:42.270] [DragCubeSystem]: Drag cubes not found or cannot be read for part Part. Generating New drag cubes.
[LOG 20:58:42.270] [KSPCF/DragCubeGeneration] Creating drag cubes for part 'advSasModule'
[LOG 20:58:42.274] PartLoader: Compiling Part 'Squad/Parts/Command/inlineReactionWheel/inlineReactionWheel/sasModule'
[LOG 20:58:42.276] PartLoader: Part 'Squad/Parts/Command/inlineReactionWheel/inlineReactionWheel/sasModule' has no database record. Creating.
[LOG 20:58:42.276] [DragCubeSystem]: Drag cubes not found or cannot be read for part Part. Generating New drag cubes.
[LOG 20:58:42.277] [KSPCF/DragCubeGeneration] Creating drag cubes for part 'sasModule'
[LOG 20:58:42.281] PartLoader: Compiling Part 'Squad/Parts/Command/Mk1-3Pod/mk1-3/mk1-3pod'
[LOG 20:58:42.309] PartLoader: Part 'Squad/Parts/Command/Mk1-3Pod/mk1-3/mk1-3pod' has no database record. Creating.
[LOG 20:58:42.309] [DragCubeSystem]: Drag cubes not found or cannot be read for part Part. Generating New drag cubes.
[LOG 20:58:42.309] [KSPCF/DragCubeGeneration] Creating drag cubes for part 'mk1-3pod'
[LOG 20:58:42.317] PartLoader: Compiling Part 'Squad/Parts/Command/mk1Cockpits/mk1Cockpit/Mark1Cockpit'
[WRN 20:58:42.319] [Part]: Cannot have ModuleCargoPart and ModuleInventoryPart on same Part [Mark1Cockpit'. Removed ModuleCargoPart
[LOG 20:58:42.322] PartLoader: Part 'Squad/Parts/Command/mk1Cockpits/mk1Cockpit/Mark1Cockpit' has no database record. Creating.
[LOG 20:58:42.322] [DragCubeSystem]: Drag cubes not found or cannot be read for part Part. Generating New drag cubes.
[LOG 20:58:42.322] [KSPCF/DragCubeGeneration] Creating drag cubes for part 'Mark1Cockpit'
[LOG 20:58:42.329] PartLoader: Compiling Part 'Squad/Parts/Command/mk1Cockpits/mk1CrewCabin/MK1CrewCabin'
[WRN 20:58:42.330] [Part]: Cannot have ModuleCargoPart and ModuleInventoryPart on same Part [MK1CrewCabin'. Removed ModuleCargoPart
[LOG 20:58:42.333] PartLoader: Part 'Squad/Parts/Command/mk1Cockpits/mk1CrewCabin/MK1CrewCabin' has no database record. Creating.
[LOG 20:58:42.333] [DragCubeSystem]: Drag cubes not found or cannot be read for part Part. Generating New drag cubes.
[LOG 20:58:42.333] [KSPCF/DragCubeGeneration] Creating drag cubes for part 'MK1CrewCabin'
[LOG 20:58:42.339] PartLoader: Compiling Part 'Squad/Parts/Command/mk1Cockpits/mk1InlineCockpit/Mark2Cockpit'
[WRN 20:58:42.343] [Part]: Cannot have ModuleCargoPart and ModuleInventoryPart on same Part [Mark2Cockpit'. Removed ModuleCargoPart
[LOG 20:58:42.351] PartLoader: Part 'Squad/Parts/Command/mk1Cockpits/mk1InlineCockpit/Mark2Cockpit' has no database record. Creating.
[LOG 20:58:42.351] [DragCubeSystem]: Drag cubes not found or cannot be read for part Part. Generating New drag cubes.
[LOG 20:58:42.351] [KSPCF/DragCubeGeneration] Creating drag cubes for part 'Mark2Cockpit'
[LOG 20:58:42.356] PartLoader: Compiling Part 'Squad/Parts/Command/mk1LanderCan/mk1LanderCan/landerCabinSmall'
[WRN 20:58:42.360] [Part]: Cannot have ModuleCargoPart and ModuleInventoryPart on same Part [landerCabinSmall'. Removed ModuleCargoPart
[LOG 20:58:42.363] PartLoader: Part 'Squad/Parts/Command/mk1LanderCan/mk1LanderCan/landerCabinSmall' has no database record. Creating.
[LOG 20:58:42.363] [DragCubeSystem]: Drag cubes not found or cannot be read for part Part. Generating New drag cubes.
[LOG 20:58:42.363] [KSPCF/DragCubeGeneration] Creating drag cubes for part 'landerCabinSmall'
[LOG 20:58:42.369] PartLoader: Compiling Part 'Squad/Parts/Command/mk1pod_v2/mk1Pod_v2/mk1pod_v2'
[WRN 20:58:42.378] [Part]: Cannot have ModuleCargoPart and ModuleInventoryPart on same Part [mk1pod.v2'. Removed ModuleCargoPart
[LOG 20:58:42.382] PartLoader: Part 'Squad/Parts/Command/mk1pod_v2/mk1Pod_v2/mk1pod_v2' has no database record. Creating.
[LOG 20:58:42.382] [DragCubeSystem]: Drag cubes not found or cannot be read for part Part. Generating New drag cubes.
[LOG 20:58:42.382] [KSPCF/DragCubeGeneration] Creating drag cubes for part 'mk1pod.v2'
[LOG 20:58:42.391] PartLoader: Compiling Part 'Squad/Parts/Command/mk2CockpitInline/mk2CockpitInline/mk2Cockpit_Inline'
[WRN 20:58:42.394] [Part]: Cannot have ModuleCargoPart and ModuleInventoryPart on same Part [mk2Cockpit.Inline'. Removed ModuleCargoPart
[LOG 20:58:42.397] PartLoader: Part 'Squad/Parts/Command/mk2CockpitInline/mk2CockpitInline/mk2Cockpit_Inline' has no database record. Creating.
[LOG 20:58:42.397] [DragCubeSystem]: Drag cubes not found or cannot be read for part Part. Generating New drag cubes.
[LOG 20:58:42.397] [KSPCF/DragCubeGeneration] Creating drag cubes for part 'mk2Cockpit.Inline'
[LOG 20:58:42.404] PartLoader: Compiling Part 'Squad/Parts/Command/mk2CockpitStandard/mk2CockpitStandard/mk2Cockpit_Standard'
[WRN 20:58:42.406] [Part]: Cannot have ModuleCargoPart and ModuleInventoryPart on same Part [mk2Cockpit.Standard'. Removed ModuleCargoPart
[LOG 20:58:42.408] PartLoader: Part 'Squad/Parts/Command/mk2CockpitStandard/mk2CockpitStandard/mk2Cockpit_Standard' has no database record. Creating.
[LOG 20:58:42.408] [DragCubeSystem]: Drag cubes not found or cannot be read for part Part. Generating New drag cubes.
[LOG 20:58:42.408] [KSPCF/DragCubeGeneration] Creating drag cubes for part 'mk2Cockpit.Standard'
[LOG 20:58:42.414] PartLoader: Compiling Part 'Squad/Parts/Command/mk2DroneCore/mk2Dronecore/mk2DroneCore'
[LOG 20:58:42.419] PartLoader: Part 'Squad/Parts/Command/mk2DroneCore/mk2Dronecore/mk2DroneCore' has no database record. Creating.
[LOG 20:58:42.419] PartLoader: Compiling Part 'Squad/Parts/Command/mk2LanderCan/mk2LanderCan/mk2LanderCabin'
[WRN 20:58:42.421] [Part]: Cannot have ModuleCargoPart and ModuleInventoryPart on same Part [mk2LanderCabin'. Removed ModuleCargoPart
[LOG 20:58:42.425] PartLoader: Part 'Squad/Parts/Command/mk2LanderCan/mk2LanderCan/mk2LanderCabin' has no database record. Creating.
[LOG 20:58:42.425] [DragCubeSystem]: Drag cubes not found or cannot be read for part Part. Generating New drag cubes.
[LOG 20:58:42.425] [KSPCF/DragCubeGeneration] Creating drag cubes for part 'mk2LanderCabin'
[LOG 20:58:42.431] PartLoader: Compiling Part 'Squad/Parts/Command/mk2LanderCan_v2/mk2LanderCan_v2/mk2LanderCabin_v2'
[WRN 20:58:42.434] [Part]: Cannot have ModuleCargoPart and ModuleInventoryPart on same Part [mk2LanderCabin.v2'. Removed ModuleCargoPart
[LOG 20:58:42.437] PartLoader: Part 'Squad/Parts/Command/mk2LanderCan_v2/mk2LanderCan_v2/mk2LanderCabin_v2' has no database record. Creating.
[LOG 20:58:42.437] [DragCubeSystem]: Drag cubes not found or cannot be read for part Part. Generating New drag cubes.
[LOG 20:58:42.437] [KSPCF/DragCubeGeneration] Creating drag cubes for part 'mk2LanderCabin.v2'
[LOG 20:58:42.445] PartLoader: Compiling Part 'Squad/Parts/Command/mk3CockpitShuttle/mk3CockpitShuttle/mk3Cockpit_Shuttle'
[LOG 20:58:42.449] PartLoader: Part 'Squad/Parts/Command/mk3CockpitShuttle/mk3CockpitShuttle/mk3Cockpit_Shuttle' has no database record. Creating.
[LOG 20:58:42.449] [DragCubeSystem]: Drag cubes not found or cannot be read for part Part. Generating New drag cubes.
[LOG 20:58:42.449] [KSPCF/DragCubeGeneration] Creating drag cubes for part 'mk3Cockpit.Shuttle'
[LOG 20:58:42.456] PartLoader: Compiling Part 'Squad/Parts/Command/MpoProbe/MpoProbe/MpoProbe'
[LOG 20:58:42.460] PartLoader: Part 'Squad/Parts/Command/MpoProbe/MpoProbe/MpoProbe' has no database record. Creating.
[LOG 20:58:42.460] [DragCubeSystem]: Drag cubes not found or cannot be read for part Part. Generating New drag cubes.
[LOG 20:58:42.460] [KSPCF/DragCubeGeneration] Creating drag cubes for part 'MpoProbe'
[LOG 20:58:42.467] PartLoader: Compiling Part 'Squad/Parts/Command/MtmStage/MTM_Stage/MtmStage'
[LOG 20:58:42.471] PartLoader: Part 'Squad/Parts/Command/MtmStage/MTM_Stage/MtmStage' has no database record. Creating.
[LOG 20:58:42.471] [DragCubeSystem]: Drag cubes not found or cannot be read for part Part. Generating New drag cubes.
[LOG 20:58:42.471] [KSPCF/DragCubeGeneration] Creating drag cubes for part 'MtmStage'
[LOG 20:58:42.477] PartLoader: Compiling Part 'Squad/Parts/Command/probeCoreCube/probeCoreCube/probeCoreCube'
[LOG 20:58:42.481] PartLoader: Part 'Squad/Parts/Command/probeCoreCube/probeCoreCube/probeCoreCube' has no database record. Creating.
[LOG 20:58:42.482] PartLoader: Compiling Part 'Squad/Parts/Command/probeCoreHex/probeCoreHex/probeCoreHex'
[LOG 20:58:42.486] PartLoader: Part 'Squad/Parts/Command/probeCoreHex/probeCoreHex/probeCoreHex' has no database record. Creating.
[LOG 20:58:42.487] [DragCubeSystem]: Drag cubes not found or cannot be read for part Part. Generating New drag cubes.
[LOG 20:58:42.487] [KSPCF/DragCubeGeneration] Creating drag cubes for part 'probeCoreHex'
[LOG 20:58:42.492] PartLoader: Compiling Part 'Squad/Parts/Command/probeCoreHex_v2/probeCoreHex_v2/probeCoreHex_v2'
[LOG 20:58:42.496] PartLoader: Part 'Squad/Parts/Command/probeCoreHex_v2/probeCoreHex_v2/probeCoreHex_v2' has no database record. Creating.
[LOG 20:58:42.496] [DragCubeSystem]: Drag cubes not found or cannot be read for part Part. Generating New drag cubes.
[LOG 20:58:42.496] [KSPCF/DragCubeGeneration] Creating drag cubes for part 'probeCoreHex.v2'
[LOG 20:58:42.503] PartLoader: Compiling Part 'Squad/Parts/Command/probeCoreOcto2_v2/probeCoreOcto2_v2/probeCoreOcto2_v2'
[LOG 20:58:42.507] PartLoader: Part 'Squad/Parts/Command/probeCoreOcto2_v2/probeCoreOcto2_v2/probeCoreOcto2_v2' has no database record. Creating.
[LOG 20:58:42.507] [DragCubeSystem]: Drag cubes not found or cannot be read for part Part. Generating New drag cubes.
[LOG 20:58:42.507] [KSPCF/DragCubeGeneration] Creating drag cubes for part 'probeCoreOcto2.v2'
[LOG 20:58:42.513] PartLoader: Compiling Part 'Squad/Parts/Command/probeCoreOcto_v2/probeCoreOcto_v2/probeCoreOcto_v2'
[LOG 20:58:42.516] PartLoader: Part 'Squad/Parts/Command/probeCoreOcto_v2/probeCoreOcto_v2/probeCoreOcto_v2' has no database record. Creating.
[LOG 20:58:42.516] [DragCubeSystem]: Drag cubes not found or cannot be read for part Part. Generating New drag cubes.
[LOG 20:58:42.516] [KSPCF/DragCubeGeneration] Creating drag cubes for part 'probeCoreOcto.v2'
[LOG 20:58:42.521] PartLoader: Compiling Part 'Squad/Parts/Command/probeRoverBody/probeRoverBody/roverBody'
[LOG 20:58:42.524] PartLoader: Part 'Squad/Parts/Command/probeRoverBody/probeRoverBody/roverBody' has no database record. Creating.
[LOG 20:58:42.524] [DragCubeSystem]: Drag cubes not found or cannot be read for part Part. Generating New drag cubes.
[LOG 20:58:42.524] [KSPCF/DragCubeGeneration] Creating drag cubes for part 'roverBody'
[LOG 20:58:42.529] PartLoader: Compiling Part 'Squad/Parts/Command/probeRoverBody_v2/probeRoverBody_v2/roverBody_v2'
[LOG 20:58:42.534] PartLoader: Part 'Squad/Parts/Command/probeRoverBody_v2/probeRoverBody_v2/roverBody_v2' has no database record. Creating.
[LOG 20:58:42.534] [DragCubeSystem]: Drag cubes not found or cannot be read for part Part. Generating New drag cubes.
[LOG 20:58:42.534] [KSPCF/DragCubeGeneration] Creating drag cubes for part 'roverBody.v2'
[LOG 20:58:42.557] PartLoader: Compiling Part 'Squad/Parts/Command/probeStackLarge/probeStackLarge/probeStackLarge'
[LOG 20:58:42.562] PartLoader: Part 'Squad/Parts/Command/probeStackLarge/probeStackLarge/probeStackLarge' has no database record. Creating.
[LOG 20:58:42.562] [DragCubeSystem]: Drag cubes not found or cannot be read for part Part. Generating New drag cubes.
[LOG 20:58:42.562] [KSPCF/DragCubeGeneration] Creating drag cubes for part 'probeStackLarge'
[LOG 20:58:42.567] PartLoader: Compiling Part 'Squad/Parts/Command/probeStackSmall/probeStackSmall/probeStackSmall'
[LOG 20:58:42.571] PartLoader: Part 'Squad/Parts/Command/probeStackSmall/probeStackSmall/probeStackSmall' has no database record. Creating.
[LOG 20:58:42.571] [DragCubeSystem]: Drag cubes not found or cannot be read for part Part. Generating New drag cubes.
[LOG 20:58:42.571] [KSPCF/DragCubeGeneration] Creating drag cubes for part 'probeStackSmall'
[LOG 20:58:42.577] PartLoader: Compiling Part 'Squad/Parts/Command/probeStackSphere_v2/probeStackSphere_v2/probeCoreSphere_v2'
[LOG 20:58:42.579] PartLoader: Part 'Squad/Parts/Command/probeStackSphere_v2/probeStackSphere_v2/probeCoreSphere_v2' has no database record. Creating.
[LOG 20:58:42.580] PartLoader: Compiling Part 'Squad/Parts/CompoundParts/FuelLine/fuelLine/fuelLine'
[LOG 20:58:42.595] PartLoader: Part 'Squad/Parts/CompoundParts/FuelLine/fuelLine/fuelLine' has no database record. Creating.
[LOG 20:58:42.595] [DragCubeSystem]: Drag cubes not found or cannot be read for part CompoundPart. Generating New drag cubes.
[LOG 20:58:42.595] [KSPCF/DragCubeGeneration] Creating drag cubes for part 'fuelLine'
[LOG 20:58:42.602] PartLoader: Compiling Part 'Squad/Parts/CompoundParts/strutConnector/strutConnector/strutConnector'
[LOG 20:58:42.608] PartLoader: Part 'Squad/Parts/CompoundParts/strutConnector/strutConnector/strutConnector' has no database record. Creating.
[LOG 20:58:42.608] [DragCubeSystem]: Drag cubes not found or cannot be read for part CompoundPart. Generating New drag cubes.
[LOG 20:58:42.610] [KSPCF/DragCubeGeneration] Creating drag cubes for part 'strutConnector'
[LOG 20:58:42.614] PartLoader: Compiling Part 'Squad/Parts/Coupling/Decoupler_0/Decoupler_0'
[LOG 20:58:42.619] PartLoader: Part 'Squad/Parts/Coupling/Decoupler_0/Decoupler_0' has no database record. Creating.
[LOG 20:58:42.619] PartLoader: Compiling Part 'Squad/Parts/Coupling/Decoupler_1/Decoupler_1'
[LOG 20:58:42.622] PartLoader: Part 'Squad/Parts/Coupling/Decoupler_1/Decoupler_1' has no database record. Creating.
[LOG 20:58:42.622] PartLoader: Compiling Part 'Squad/Parts/Coupling/Decoupler_2/Decoupler_2'
[LOG 20:58:42.625] PartLoader: Part 'Squad/Parts/Coupling/Decoupler_2/Decoupler_2' has no database record. Creating.
[LOG 20:58:42.625] PartLoader: Compiling Part 'Squad/Parts/Coupling/Decoupler_3/Decoupler_3'
[LOG 20:58:42.627] PartLoader: Part 'Squad/Parts/Coupling/Decoupler_3/Decoupler_3' has no database record. Creating.
[LOG 20:58:42.629] PartLoader: Compiling Part 'Squad/Parts/Coupling/Separator_0/Separator_0'
[LOG 20:58:42.631] PartLoader: Part 'Squad/Parts/Coupling/Separator_0/Separator_0' has no database record. Creating.
[LOG 20:58:42.631] PartLoader: Compiling Part 'Squad/Parts/Coupling/Separator_1/Separator_1'
[LOG 20:58:42.634] PartLoader: Part 'Squad/Parts/Coupling/Separator_1/Separator_1' has no database record. Creating.
[LOG 20:58:42.634] PartLoader: Compiling Part 'Squad/Parts/Coupling/Separator_2/Separator_2'
[LOG 20:58:42.637] PartLoader: Part 'Squad/Parts/Coupling/Separator_2/Separator_2' has no database record. Creating.
[LOG 20:58:42.637] PartLoader: Compiling Part 'Squad/Parts/Coupling/Separator_3/Separator_3'
[LOG 20:58:42.640] PartLoader: Part 'Squad/Parts/Coupling/Separator_3/Separator_3' has no database record. Creating.
[LOG 20:58:42.640] PartLoader: Compiling Part 'Squad/Parts/Electrical/10CSolarPanels/OX-10C/solarPanelOX10C'
[LOG 20:58:42.647] PartLoader: Part 'Squad/Parts/Electrical/10CSolarPanels/OX-10C/solarPanelOX10C' has no database record. Creating.
[LOG 20:58:42.647] [DragCubeSystem]: Drag cubes not found or cannot be read for part Part. Generating New drag cubes.
[LOG 20:58:42.647] [KSPCF/DragCubeGeneration] Creating drag cubes for part 'solarPanelOX10C'
[LOG 20:58:42.669] PartLoader: Compiling Part 'Squad/Parts/Electrical/10CSolarPanels/SP-10C/solarPanelSP10C'
[LOG 20:58:42.672] PartLoader: Part 'Squad/Parts/Electrical/10CSolarPanels/SP-10C/solarPanelSP10C' has no database record. Creating.
[LOG 20:58:42.672] [DragCubeSystem]: Drag cubes not found or cannot be read for part Part. Generating New drag cubes.
[LOG 20:58:42.672] [KSPCF/DragCubeGeneration] Creating drag cubes for part 'solarPanelSP10C'
[LOG 20:58:42.693] PartLoader: Compiling Part 'Squad/Parts/Electrical/10LSolarPanels/OX-10L/solarPanelOX10L'
[LOG 20:58:42.697] PartLoader: Part 'Squad/Parts/Electrical/10LSolarPanels/OX-10L/solarPanelOX10L' has no database record. Creating.
[LOG 20:58:42.697] [DragCubeSystem]: Drag cubes not found or cannot be read for part Part. Generating New drag cubes.
[LOG 20:58:42.697] [KSPCF/DragCubeGeneration] Creating drag cubes for part 'solarPanelOX10L'
[LOG 20:58:42.717] PartLoader: Compiling Part 'Squad/Parts/Electrical/10LSolarPanels/SP-10L/solarPanelSP10L'
[LOG 20:58:42.721] PartLoader: Part 'Squad/Parts/Electrical/10LSolarPanels/SP-10L/solarPanelSP10L' has no database record. Creating.
[LOG 20:58:42.721] [DragCubeSystem]: Drag cubes not found or cannot be read for part Part. Generating New drag cubes.
[LOG 20:58:42.721] [KSPCF/DragCubeGeneration] Creating drag cubes for part 'solarPanelSP10L'
[LOG 20:58:42.742] PartLoader: Compiling Part 'Squad/Parts/Electrical/1x6ShroudSolarPanels/1x6ShroudSolarPanels/solarPanels2'
[LOG 20:58:42.745] PartLoader: Part 'Squad/Parts/Electrical/1x6ShroudSolarPanels/1x6ShroudSolarPanels/solarPanels2' has no database record. Creating.
[LOG 20:58:42.745] [DragCubeSystem]: Drag cubes not found or cannot be read for part Part. Generating New drag cubes.
[LOG 20:58:42.746] [KSPCF/DragCubeGeneration] Creating drag cubes for part 'solarPanels2'
[LOG 20:58:42.769] PartLoader: Compiling Part 'Squad/Parts/Electrical/1x6SolarPanels/1x6SolarPanels/solarPanels4'
[LOG 20:58:42.773] PartLoader: Part 'Squad/Parts/Electrical/1x6SolarPanels/1x6SolarPanels/solarPanels4' has no database record. Creating.
[LOG 20:58:42.773] [DragCubeSystem]: Drag cubes not found or cannot be read for part Part. Generating New drag cubes.
[LOG 20:58:42.773] [KSPCF/DragCubeGeneration] Creating drag cubes for part 'solarPanels4'
[LOG 20:58:42.793] PartLoader: Compiling Part 'Squad/Parts/Electrical/3x2ShroudSolarPanels/3x2ShroudSolarPanels/solarPanels1'
[LOG 20:58:42.798] PartLoader: Part 'Squad/Parts/Electrical/3x2ShroudSolarPanels/3x2ShroudSolarPanels/solarPanels1' has no database record. Creating.
[LOG 20:58:42.798] [DragCubeSystem]: Drag cubes not found or cannot be read for part Part. Generating New drag cubes.
[LOG 20:58:42.798] [KSPCF/DragCubeGeneration] Creating drag cubes for part 'solarPanels1'
[LOG 20:58:42.821] PartLoader: Compiling Part 'Squad/Parts/Electrical/3x2SolarPanels/3x2SolarPanels/solarPanels3'
[LOG 20:58:42.824] PartLoader: Part 'Squad/Parts/Electrical/3x2SolarPanels/3x2SolarPanels/solarPanels3' has no database record. Creating.
[LOG 20:58:42.824] [DragCubeSystem]: Drag cubes not found or cannot be read for part Part. Generating New drag cubes.
[LOG 20:58:42.824] [KSPCF/DragCubeGeneration] Creating drag cubes for part 'solarPanels3'
[LOG 20:58:42.845] PartLoader: Compiling Part 'Squad/Parts/Electrical/gigantorXlSolarArray/gigantorXlSolarArray/largeSolarPanel'
[LOG 20:58:42.847] PartLoader: Part 'Squad/Parts/Electrical/gigantorXlSolarArray/gigantorXlSolarArray/largeSolarPanel' has no database record. Creating.
[LOG 20:58:42.847] [DragCubeSystem]: Drag cubes not found or cannot be read for part Part. Generating New drag cubes.
[LOG 20:58:42.847] [KSPCF/DragCubeGeneration] Creating drag cubes for part 'largeSolarPanel'
[LOG 20:58:42.869] PartLoader: Compiling Part 'Squad/Parts/Electrical/radialFlatSolarPanel/radialFlatSolarPanel/solarPanels5'
[LOG 20:58:42.872] PartLoader: Part 'Squad/Parts/Electrical/radialFlatSolarPanel/radialFlatSolarPanel/solarPanels5' has no database record. Creating.
[LOG 20:58:42.873] [DragCubeSystem]: Drag cubes not found or cannot be read for part Part. Generating New drag cubes.
[LOG 20:58:42.873] [KSPCF/DragCubeGeneration] Creating drag cubes for part 'solarPanels5'
[LOG 20:58:42.880] PartLoader: Compiling Part 'Squad/Parts/Electrical/RTG/RTG/rtg'
[LOG 20:58:42.889] PartLoader: Part 'Squad/Parts/Electrical/RTG/RTG/rtg' has no database record. Creating.
[LOG 20:58:42.889] [DragCubeSystem]: Drag cubes not found or cannot be read for part Part. Generating New drag cubes.
[LOG 20:58:42.889] [KSPCF/DragCubeGeneration] Creating drag cubes for part 'rtg'
[LOG 20:58:42.897] PartLoader: Compiling Part 'Squad/Parts/Electrical/z-100Battery/z-100Battery/batteryPack'
[LOG 20:58:42.900] PartLoader: Part 'Squad/Parts/Electrical/z-100Battery/z-100Battery/batteryPack' has no database record. Creating.
[LOG 20:58:42.900] [DragCubeSystem]: Drag cubes not found or cannot be read for part Part. Generating New drag cubes.
[LOG 20:58:42.900] [KSPCF/DragCubeGeneration] Creating drag cubes for part 'batteryPack'
[LOG 20:58:42.904] PartLoader: Compiling Part 'Squad/Parts/Electrical/z-1kBattery/z-1kBattery/batteryBank'
[LOG 20:58:42.908] PartLoader: Part 'Squad/Parts/Electrical/z-1kBattery/z-1kBattery/batteryBank' has no database record. Creating.
[LOG 20:58:42.908] [DragCubeSystem]: Drag cubes not found or cannot be read for part Part. Generating New drag cubes.
[LOG 20:58:42.908] [KSPCF/DragCubeGeneration] Creating drag cubes for part 'batteryBank'
[LOG 20:58:42.914] PartLoader: Compiling Part 'Squad/Parts/Electrical/z-200Battery/z-200Battery/batteryBankMini'
[LOG 20:58:42.916] PartLoader: Part 'Squad/Parts/Electrical/z-200Battery/z-200Battery/batteryBankMini' has no database record. Creating.
[LOG 20:58:42.916] [DragCubeSystem]: Drag cubes not found or cannot be read for part Part. Generating New drag cubes.
[LOG 20:58:42.916] [KSPCF/DragCubeGeneration] Creating drag cubes for part 'batteryBankMini'
[LOG 20:58:42.921] PartLoader: Compiling Part 'Squad/Parts/Electrical/z-400Battery/z-400Battery/ksp_r_largeBatteryPack'
[LOG 20:58:42.923] PartLoader: Part 'Squad/Parts/Electrical/z-400Battery/z-400Battery/ksp_r_largeBatteryPack' has no database record. Creating.
[LOG 20:58:42.923] [DragCubeSystem]: Drag cubes not found or cannot be read for part Part. Generating New drag cubes.
[LOG 20:58:42.923] [KSPCF/DragCubeGeneration] Creating drag cubes for part 'ksp.r.largeBatteryPack'
[LOG 20:58:42.928] PartLoader: Compiling Part 'Squad/Parts/Electrical/z-4kBattery/z-4kBattery/batteryBankLarge'
[LOG 20:58:42.930] PartLoader: Part 'Squad/Parts/Electrical/z-4kBattery/z-4kBattery/batteryBankLarge' has no database record. Creating.
[LOG 20:58:42.930] [DragCubeSystem]: Drag cubes not found or cannot be read for part Part. Generating New drag cubes.
[LOG 20:58:42.930] [KSPCF/DragCubeGeneration] Creating drag cubes for part 'batteryBankLarge'
[LOG 20:58:42.934] PartLoader: Compiling Part 'Squad/Parts/Engine/ionEngine/ionEngine/ionEngine'
[LOG 20:58:42.946] PartLoader: Part 'Squad/Parts/Engine/ionEngine/ionEngine/ionEngine' has no database record. Creating.
[LOG 20:58:42.947] [DragCubeSystem]: Drag cubes not found or cannot be read for part Part. Generating New drag cubes.
[LOG 20:58:42.947] [KSPCF/DragCubeGeneration] Creating drag cubes for part 'ionEngine'
[LOG 20:58:42.955] PartLoader: Compiling Part 'Squad/Parts/Engine/jetEngines/jetEngineAfterburning/turboJet'
[LOG 20:58:42.982] PartLoader: Part 'Squad/Parts/Engine/jetEngines/jetEngineAfterburning/turboJet' has no database record. Creating.
[LOG 20:58:42.982] [DragCubeSystem]: Drag cubes not found or cannot be read for part Part. Generating New drag cubes.
[LOG 20:58:42.982] [KSPCF/DragCubeGeneration] Creating drag cubes for part 'turboJet'
[LOG 20:58:42.991] PartLoader: Compiling Part 'Squad/Parts/Engine/jetEngines/jetEngineBasic/JetEngine'
[LOG 20:58:42.998] PartLoader: Part 'Squad/Parts/Engine/jetEngines/jetEngineBasic/JetEngine' has no database record. Creating.
[LOG 20:58:42.998] [DragCubeSystem]: Drag cubes not found or cannot be read for part Part. Generating New drag cubes.
[LOG 20:58:42.998] [KSPCF/DragCubeGeneration] Creating drag cubes for part 'JetEngine'
[LOG 20:58:43.014] PartLoader: Compiling Part 'Squad/Parts/Engine/jetEngines/jetEngineBig/turboFanSize2'
[LOG 20:58:43.021] PartLoader: Part 'Squad/Parts/Engine/jetEngines/jetEngineBig/turboFanSize2' has no database record. Creating.
[LOG 20:58:43.021] [DragCubeSystem]: Drag cubes not found or cannot be read for part Part. Generating New drag cubes.
[LOG 20:58:43.021] [KSPCF/DragCubeGeneration] Creating drag cubes for part 'turboFanSize2'
[LOG 20:58:43.036] PartLoader: Compiling Part 'Squad/Parts/Engine/jetEngines/jetEngineTurbo/turboFanEngine'
[LOG 20:58:43.042] PartLoader: Part 'Squad/Parts/Engine/jetEngines/jetEngineTurbo/turboFanEngine' has no database record. Creating.
[LOG 20:58:43.042] [DragCubeSystem]: Drag cubes not found or cannot be read for part Part. Generating New drag cubes.
[LOG 20:58:43.043] [KSPCF/DragCubeGeneration] Creating drag cubes for part 'turboFanEngine'
[LOG 20:58:43.047] PartLoader: Compiling Part 'Squad/Parts/Engine/liquidEngine24-77/liquidEngine24-77/smallRadialEngine'
[LOG 20:58:43.051] PartLoader: Part 'Squad/Parts/Engine/liquidEngine24-77/liquidEngine24-77/smallRadialEngine' has no database record. Creating.
[LOG 20:58:43.051] [DragCubeSystem]: Drag cubes not found or cannot be read for part Part. Generating New drag cubes.
[LOG 20:58:43.051] [KSPCF/DragCubeGeneration] Creating drag cubes for part 'smallRadialEngine'
[LOG 20:58:43.058] PartLoader: Compiling Part 'Squad/Parts/Engine/liquidEngine24-77_v2/liquidEngine24-77_v2/smallRadialEngine_v2'
[LOG 20:58:43.063] PartLoader: Part 'Squad/Parts/Engine/liquidEngine24-77_v2/liquidEngine24-77_v2/smallRadialEngine_v2' has no database record. Creating.
[LOG 20:58:43.063] [DragCubeSystem]: Drag cubes not found or cannot be read for part Part. Generating New drag cubes.
[LOG 20:58:43.063] [KSPCF/DragCubeGeneration] Creating drag cubes for part 'smallRadialEngine.v2'
[LOG 20:58:43.070] PartLoader: Compiling Part 'Squad/Parts/Engine/liquidEngine48-7S_v2/liquidEngine48-7S_v2/liquidEngineMini_v2'
[LOG 20:58:43.077] PartLoader: Part 'Squad/Parts/Engine/liquidEngine48-7S_v2/liquidEngine48-7S_v2/liquidEngineMini_v2' has no database record. Creating.
[LOG 20:58:43.077] [DragCubeSystem]: Drag cubes not found or cannot be read for part Part. Generating New drag cubes.
[LOG 20:58:43.077] [KSPCF/DragCubeGeneration] Creating drag cubes for part 'liquidEngineMini.v2'
[LOG 20:58:43.112] PartLoader: Compiling Part 'Squad/Parts/Engine/liquidEngineAerospike/liquidEngineAerospike/toroidalAerospike'
[LOG 20:58:43.124] PartLoader: Part 'Squad/Parts/Engine/liquidEngineAerospike/liquidEngineAerospike/toroidalAerospike' has no database record. Creating.
[LOG 20:58:43.124] [DragCubeSystem]: Drag cubes not found or cannot be read for part Part. Generating New drag cubes.
[LOG 20:58:43.124] [KSPCF/DragCubeGeneration] Creating drag cubes for part 'toroidalAerospike'
[LOG 20:58:43.141] PartLoader: Compiling Part 'Squad/Parts/Engine/liquidEngineLV-1_v2/liquidEngineLV-1R _v2/radialEngineMini_v2'
[LOG 20:58:43.147] PartLoader: Part 'Squad/Parts/Engine/liquidEngineLV-1_v2/liquidEngineLV-1R _v2/radialEngineMini_v2' has no database record. Creating.
[LOG 20:58:43.147] [DragCubeSystem]: Drag cubes not found or cannot be read for part Part. Generating New drag cubes.
[LOG 20:58:43.147] [KSPCF/DragCubeGeneration] Creating drag cubes for part 'radialEngineMini.v2'
[LOG 20:58:43.164] PartLoader: Compiling Part 'Squad/Parts/Engine/liquidEngineLV-1_v2/liquidEngineLV-1_v2/microEngine_v2'
[LOG 20:58:43.169] PartLoader: Part 'Squad/Parts/Engine/liquidEngineLV-1_v2/liquidEngineLV-1_v2/microEngine_v2' has no database record. Creating.
[LOG 20:58:43.169] [DragCubeSystem]: Drag cubes not found or cannot be read for part Part. Generating New drag cubes.
[LOG 20:58:43.169] [KSPCF/DragCubeGeneration] Creating drag cubes for part 'microEngine.v2'
[LOG 20:58:43.184] PartLoader: Compiling Part 'Squad/Parts/Engine/liquidEngineLV-909_v2/liquidEngineLV-909_v2/liquidEngine3_v2'
[LOG 20:58:43.192] PartLoader: Part 'Squad/Parts/Engine/liquidEngineLV-909_v2/liquidEngineLV-909_v2/liquidEngine3_v2' has no database record. Creating.
[LOG 20:58:43.192] [DragCubeSystem]: Drag cubes not found or cannot be read for part Part. Generating New drag cubes.
[LOG 20:58:43.192] [KSPCF/DragCubeGeneration] Creating drag cubes for part 'liquidEngine3.v2'
[LOG 20:58:43.251] PartLoader: Compiling Part 'Squad/Parts/Engine/liquidEngineLV-N/liquidEngineLV-N/nuclearEngine'
[LOG 20:58:43.258] PartLoader: Part 'Squad/Parts/Engine/liquidEngineLV-N/liquidEngineLV-N/nuclearEngine' has no database record. Creating.
[LOG 20:58:43.258] [DragCubeSystem]: Drag cubes not found or cannot be read for part Part. Generating New drag cubes.
[LOG 20:58:43.258] [KSPCF/DragCubeGeneration] Part 'nuclearEngine' has defined a procedural drag cube setup
[LOG 20:58:43.259] PartLoader: Compiling Part 'Squad/Parts/Engine/liquidEngineLV-T30/liquidEngineLV-T30/liquidEngine'
[LOG 20:58:43.266] PartLoader: Part 'Squad/Parts/Engine/liquidEngineLV-T30/liquidEngineLV-T30/liquidEngine' has no database record. Creating.
[LOG 20:58:43.266] [DragCubeSystem]: Drag cubes not found or cannot be read for part Part. Generating New drag cubes.
[LOG 20:58:43.266] [KSPCF/DragCubeGeneration] Creating drag cubes for part 'liquidEngine'
[LOG 20:58:43.284] PartLoader: Compiling Part 'Squad/Parts/Engine/liquidEngineLV-T30_v2/liquidEngineLV-T30_v2/liquidEngine_v2'
[LOG 20:58:43.291] PartLoader: Part 'Squad/Parts/Engine/liquidEngineLV-T30_v2/liquidEngineLV-T30_v2/liquidEngine_v2' has no database record. Creating.
[LOG 20:58:43.292] PartLoader: Compiling Part 'Squad/Parts/Engine/liquidEngineLV-T45/liquidEngineLV-T45/liquidEngine2'
[LOG 20:58:43.299] PartLoader: Part 'Squad/Parts/Engine/liquidEngineLV-T45/liquidEngineLV-T45/liquidEngine2' has no database record. Creating.
[LOG 20:58:43.299] [DragCubeSystem]: Drag cubes not found or cannot be read for part Part. Generating New drag cubes.
[LOG 20:58:43.299] [KSPCF/DragCubeGeneration] Creating drag cubes for part 'liquidEngine2'
[LOG 20:58:43.322] PartLoader: Compiling Part 'Squad/Parts/Engine/liquidEngineLV-T45_v2/liquidEngineLV-T45_v2/liquidEngine2_v2'
[LOG 20:58:43.328] PartLoader: Part 'Squad/Parts/Engine/liquidEngineLV-T45_v2/liquidEngineLV-T45_v2/liquidEngine2_v2' has no database record. Creating.
[LOG 20:58:43.329] PartLoader: Compiling Part 'Squad/Parts/Engine/liquidEngineMainsail_v2/liquidEngineMainsail_v2/liquidEngineMainsail_v2'
[LOG 20:58:43.336] PartLoader: Part 'Squad/Parts/Engine/liquidEngineMainsail_v2/liquidEngineMainsail_v2/liquidEngineMainsail_v2' has no database record. Creating.
[LOG 20:58:43.336] [DragCubeSystem]: Drag cubes not found or cannot be read for part Part. Generating New drag cubes.
[LOG 20:58:43.336] [KSPCF/DragCubeGeneration] Creating drag cubes for part 'liquidEngineMainsail.v2'
[LOG 20:58:43.375] PartLoader: Compiling Part 'Squad/Parts/Engine/liquidEngineMk55/liquidEngineMk55/radialLiquidEngine1-2'
[LOG 20:58:43.379] PartLoader: Part 'Squad/Parts/Engine/liquidEngineMk55/liquidEngineMk55/radialLiquidEngine1-2' has no database record. Creating.
[LOG 20:58:43.379] [DragCubeSystem]: Drag cubes not found or cannot be read for part Part. Generating New drag cubes.
[LOG 20:58:43.379] [KSPCF/DragCubeGeneration] Creating drag cubes for part 'radialLiquidEngine1-2'
[LOG 20:58:43.388] PartLoader: Compiling Part 'Squad/Parts/Engine/liquidEnginePoodle_v2/liquidEnginePoodle_v2/liquidEngine2-2_v2'
[LOG 20:58:43.395] PartLoader: Part 'Squad/Parts/Engine/liquidEnginePoodle_v2/liquidEnginePoodle_v2/liquidEngine2-2_v2' has no database record. Creating.
[LOG 20:58:43.396] PartLoader: Compiling Part 'Squad/Parts/Engine/liquidEngineSkipper_v2/skipperLiquidEngine_v2/engineLargeSkipper_v2'
[LOG 20:58:43.403] PartLoader: Part 'Squad/Parts/Engine/liquidEngineSkipper_v2/skipperLiquidEngine_v2/engineLargeSkipper_v2' has no database record. Creating.
[LOG 20:58:43.403] [DragCubeSystem]: Drag cubes not found or cannot be read for part Part. Generating New drag cubes.
[LOG 20:58:43.403] [KSPCF/DragCubeGeneration] Creating drag cubes for part 'engineLargeSkipper.v2'
[LOG 20:58:43.452] PartLoader: Compiling Part 'Squad/Parts/Engine/liquidEngineSSME/SSME/SSME'
[LOG 20:58:43.457] PartLoader: Part 'Squad/Parts/Engine/liquidEngineSSME/SSME/SSME' has no database record. Creating.
[LOG 20:58:43.457] [DragCubeSystem]: Drag cubes not found or cannot be read for part Part. Generating New drag cubes.
[LOG 20:58:43.457] [KSPCF/DragCubeGeneration] Creating drag cubes for part 'SSME'
[LOG 20:58:43.477] PartLoader: Compiling Part 'Squad/Parts/Engine/MassiveSRB/part/MassiveBooster'
[LOG 20:58:43.483] PartLoader: Part 'Squad/Parts/Engine/MassiveSRB/part/MassiveBooster' has no database record. Creating.
[LOG 20:58:43.483] [DragCubeSystem]: Drag cubes not found or cannot be read for part Part. Generating New drag cubes.
[LOG 20:58:43.483] [KSPCF/DragCubeGeneration] Creating drag cubes for part 'MassiveBooster'
[LOG 20:58:43.490] PartLoader: Compiling Part 'Squad/Parts/Engine/miniJet/SmallJetEngine/miniJetEngine'
[LOG 20:58:43.495] PartLoader: Part 'Squad/Parts/Engine/miniJet/SmallJetEngine/miniJetEngine' has no database record. Creating.
[LOG 20:58:43.495] [DragCubeSystem]: Drag cubes not found or cannot be read for part Part. Generating New drag cubes.
[LOG 20:58:43.495] [KSPCF/DragCubeGeneration] Creating drag cubes for part 'miniJetEngine'
[LOG 20:58:43.502] PartLoader: Compiling Part 'Squad/Parts/Engine/OMSEngine/omsEngine/omsEngine'
[LOG 20:58:43.507] PartLoader: Part 'Squad/Parts/Engine/OMSEngine/omsEngine/omsEngine' has no database record. Creating.
[LOG 20:58:43.507] [DragCubeSystem]: Drag cubes not found or cannot be read for part Part. Generating New drag cubes.
[LOG 20:58:43.507] [KSPCF/DragCubeGeneration] Creating drag cubes for part 'omsEngine'
[LOG 20:58:43.515] PartLoader: Compiling Part 'Squad/Parts/Engine/rapierEngine/rapierEngine/RAPIER'
[LOG 20:58:43.522] PartLoader: Part 'Squad/Parts/Engine/rapierEngine/rapierEngine/RAPIER' has no database record. Creating.
[LOG 20:58:43.522] [DragCubeSystem]: Drag cubes not found or cannot be read for part Part. Generating New drag cubes.
[LOG 20:58:43.522] [KSPCF/DragCubeGeneration] Creating drag cubes for part 'RAPIER'
[LOG 20:58:43.530] PartLoader: Compiling Part 'Squad/Parts/Engine/Size1_SRBs/solidBoosterRT-10_v2/solidBooster_v2'
[LOG 20:58:43.535] PartLoader: Part 'Squad/Parts/Engine/Size1_SRBs/solidBoosterRT-10_v2/solidBooster_v2' has no database record. Creating.
[LOG 20:58:43.535] [DragCubeSystem]: Drag cubes not found or cannot be read for part Part. Generating New drag cubes.
[LOG 20:58:43.535] [KSPCF/DragCubeGeneration] Creating drag cubes for part 'solidBooster.v2'
[LOG 20:58:43.557] PartLoader: Compiling Part 'Squad/Parts/Engine/Size1_SRBs/solidBoosterRT-5_v2/solidBooster_sm_v2'
[LOG 20:58:43.561] PartLoader: Part 'Squad/Parts/Engine/Size1_SRBs/solidBoosterRT-5_v2/solidBooster_sm_v2' has no database record. Creating.
[LOG 20:58:43.561] [DragCubeSystem]: Drag cubes not found or cannot be read for part Part. Generating New drag cubes.
[LOG 20:58:43.561] [KSPCF/DragCubeGeneration] Creating drag cubes for part 'solidBooster.sm.v2'
[LOG 20:58:43.582] PartLoader: Compiling Part 'Squad/Parts/Engine/Size2LFB/part/Size2LFB'
[LOG 20:58:43.587] PartLoader: Part 'Squad/Parts/Engine/Size2LFB/part/Size2LFB' has no database record. Creating.
[LOG 20:58:43.587] [DragCubeSystem]: Drag cubes not found or cannot be read for part Part. Generating New drag cubes.
[LOG 20:58:43.587] [KSPCF/DragCubeGeneration] Creating drag cubes for part 'Size2LFB'
[LOG 20:58:43.596] PartLoader: Compiling Part 'Squad/Parts/Engine/Size2LFB_v2/part/Size2LFB_v2'
[LOG 20:58:43.602] PartLoader: Part 'Squad/Parts/Engine/Size2LFB_v2/part/Size2LFB_v2' has no database record. Creating.
[LOG 20:58:43.606] [DragCubeSystem]: Drag cubes not found or cannot be read for part Part. Generating New drag cubes.
[LOG 20:58:43.607] [KSPCF/DragCubeGeneration] Creating drag cubes for part 'Size2LFB.v2'
[LOG 20:58:43.618] PartLoader: Compiling Part 'Squad/Parts/Engine/Size3AdvancedEngine/part/Size3AdvancedEngine'
[LOG 20:58:43.625] PartLoader: Part 'Squad/Parts/Engine/Size3AdvancedEngine/part/Size3AdvancedEngine' has no database record. Creating.
[LOG 20:58:43.625] [DragCubeSystem]: Drag cubes not found or cannot be read for part Part. Generating New drag cubes.
[LOG 20:58:43.625] [KSPCF/DragCubeGeneration] Creating drag cubes for part 'Size3AdvancedEngine'
[LOG 20:58:43.647] PartLoader: Compiling Part 'Squad/Parts/Engine/Size3EngineCluster/part/Size3EngineCluster'
[LOG 20:58:43.653] PartLoader: Part 'Squad/Parts/Engine/Size3EngineCluster/part/Size3EngineCluster' has no database record. Creating.
[LOG 20:58:43.653] [DragCubeSystem]: Drag cubes not found or cannot be read for part Part. Generating New drag cubes.
[LOG 20:58:43.653] [KSPCF/DragCubeGeneration] Creating drag cubes for part 'Size3EngineCluster'
[LOG 20:58:43.662] PartLoader: Compiling Part 'Squad/Parts/Engine/solidBoosterBACC/solidBoosterBACC/solidBooster1-1'
[LOG 20:58:43.667] PartLoader: Part 'Squad/Parts/Engine/solidBoosterBACC/solidBoosterBACC/solidBooster1-1' has no database record. Creating.
[LOG 20:58:43.667] [DragCubeSystem]: Drag cubes not found or cannot be read for part Part. Generating New drag cubes.
[LOG 20:58:43.667] [KSPCF/DragCubeGeneration] Creating drag cubes for part 'solidBooster1-1'
[LOG 20:58:43.675] PartLoader: Compiling Part 'Squad/Parts/Engine/solidBoosterS2-17/solidBoosterS2-17/Thoroughbred'
[LOG 20:58:43.680] PartLoader: Part 'Squad/Parts/Engine/solidBoosterS2-17/solidBoosterS2-17/Thoroughbred' has no database record. Creating.
[LOG 20:58:43.680] [DragCubeSystem]: Drag cubes not found or cannot be read for part Part. Generating New drag cubes.
[LOG 20:58:43.680] [KSPCF/DragCubeGeneration] Creating drag cubes for part 'Thoroughbred'
[LOG 20:58:43.688] PartLoader: Compiling Part 'Squad/Parts/Engine/solidBoosterS2-33/solidBoosterS2-33/Clydesdale'
[LOG 20:58:43.692] PartLoader: Part 'Squad/Parts/Engine/solidBoosterS2-33/solidBoosterS2-33/Clydesdale' has no database record. Creating.
[LOG 20:58:43.693] [DragCubeSystem]: Drag cubes not found or cannot be read for part Part. Generating New drag cubes.
[LOG 20:58:43.693] [KSPCF/DragCubeGeneration] Creating drag cubes for part 'Clydesdale'
[LOG 20:58:43.700] PartLoader: Compiling Part 'Squad/Parts/Engine/solidBoosterSep/solidBoosterSep/sepMotor1'
[LOG 20:58:43.702] [ModuleCargoPart]: Setting stackableQuantity to 1 as sepMotor1 contains resources
[LOG 20:58:43.704] PartLoader: Part 'Squad/Parts/Engine/solidBoosterSep/solidBoosterSep/sepMotor1' has no database record. Creating.
[LOG 20:58:43.704] [DragCubeSystem]: Drag cubes not found or cannot be read for part Part. Generating New drag cubes.
[LOG 20:58:43.704] [KSPCF/DragCubeGeneration] Creating drag cubes for part 'sepMotor1'
[LOG 20:58:43.714] PartLoader: Compiling Part 'Squad/Parts/Engine/SolidBoostersF/SolidBoosterF3S0/Shrimp'
[LOG 20:58:43.720] PartLoader: Part 'Squad/Parts/Engine/SolidBoostersF/SolidBoosterF3S0/Shrimp' has no database record. Creating.
[LOG 20:58:43.720] [DragCubeSystem]: Drag cubes not found or cannot be read for part Part. Generating New drag cubes.
[LOG 20:58:43.720] [KSPCF/DragCubeGeneration] Creating drag cubes for part 'Shrimp'
[LOG 20:58:43.729] PartLoader: Compiling Part 'Squad/Parts/Engine/SolidBoostersF/SolidBoosterFM1/Mite'
[LOG 20:58:43.733] PartLoader: Part 'Squad/Parts/Engine/SolidBoostersF/SolidBoosterFM1/Mite' has no database record. Creating.
[LOG 20:58:43.733] [DragCubeSystem]: Drag cubes not found or cannot be read for part Part. Generating New drag cubes.
[LOG 20:58:43.733] [KSPCF/DragCubeGeneration] Creating drag cubes for part 'Mite'
[LOG 20:58:43.742] PartLoader: Compiling Part 'Squad/Parts/FuelTank/adapterTanks/Mk3-Mk2/adapterMk3-Mk2'
[LOG 20:58:43.744] PartLoader: Part 'Squad/Parts/FuelTank/adapterTanks/Mk3-Mk2/adapterMk3-Mk2' has no database record. Creating.
[LOG 20:58:43.744] [DragCubeSystem]: Drag cubes not found or cannot be read for part Part. Generating New drag cubes.
[LOG 20:58:43.744] [KSPCF/DragCubeGeneration] Creating drag cubes for part 'adapterMk3-Mk2'
[LOG 20:58:43.751] PartLoader: Compiling Part 'Squad/Parts/FuelTank/adapterTanks/Mk3-ShuttleAdapter/adapterEngines'
[LOG 20:58:43.754] PartLoader: Part 'Squad/Parts/FuelTank/adapterTanks/Mk3-ShuttleAdapter/adapterEngines' has no database record. Creating.
[LOG 20:58:43.754] [DragCubeSystem]: Drag cubes not found or cannot be read for part Part. Generating New drag cubes.
[LOG 20:58:43.754] [KSPCF/DragCubeGeneration] Creating drag cubes for part 'adapterEngines'
[LOG 20:58:43.761] PartLoader: Compiling Part 'Squad/Parts/FuelTank/adapterTanks/Mk3-Size2/adapterMk3-Size2'
[LOG 20:58:43.763] PartLoader: Part 'Squad/Parts/FuelTank/adapterTanks/Mk3-Size2/adapterMk3-Size2' has no database record. Creating.
[LOG 20:58:43.763] [DragCubeSystem]: Drag cubes not found or cannot be read for part Part. Generating New drag cubes.
[LOG 20:58:43.763] [KSPCF/DragCubeGeneration] Creating drag cubes for part 'adapterMk3-Size2'
[LOG 20:58:43.770] PartLoader: Compiling Part 'Squad/Parts/FuelTank/adapterTanks/Mk3-Size2Slant/adapterMk3-Size2Slant'
[LOG 20:58:43.772] PartLoader: Part 'Squad/Parts/FuelTank/adapterTanks/Mk3-Size2Slant/adapterMk3-Size2Slant' has no database record. Creating.
[LOG 20:58:43.772] [DragCubeSystem]: Drag cubes not found or cannot be read for part Part. Generating New drag cubes.
[LOG 20:58:43.772] [KSPCF/DragCubeGeneration] Creating drag cubes for part 'adapterMk3-Size2Slant'
[LOG 20:58:43.779] PartLoader: Compiling Part 'Squad/Parts/FuelTank/adapterTanks/Size2-Mk2/adapterSize2-Mk2'
[LOG 20:58:43.780] PartLoader: Part 'Squad/Parts/FuelTank/adapterTanks/Size2-Mk2/adapterSize2-Mk2' has no database record. Creating.
[LOG 20:58:43.780] [DragCubeSystem]: Drag cubes not found or cannot be read for part Part. Generating New drag cubes.
[LOG 20:58:43.780] [KSPCF/DragCubeGeneration] Creating drag cubes for part 'adapterSize2-Mk2'
[LOG 20:58:43.790] PartLoader: Compiling Part 'Squad/Parts/FuelTank/adapterTanks/Size2-Size1/adapterSize2-Size1'
[LOG 20:58:43.792] PartLoader: Part 'Squad/Parts/FuelTank/adapterTanks/Size2-Size1/adapterSize2-Size1' has no database record. Creating.
[LOG 20:58:43.792] [DragCubeSystem]: Drag cubes not found or cannot be read for part Part. Generating New drag cubes.
[LOG 20:58:43.792] [KSPCF/DragCubeGeneration] Creating drag cubes for part 'adapterSize2-Size1'
[LOG 20:58:43.801] PartLoader: Compiling Part 'Squad/Parts/FuelTank/adapterTanks/Size2-Size1Slant/adapterSize2-Size1Slant'
[LOG 20:58:43.802] PartLoader: Part 'Squad/Parts/FuelTank/adapterTanks/Size2-Size1Slant/adapterSize2-Size1Slant' has no database record. Creating.
[LOG 20:58:43.802] [DragCubeSystem]: Drag cubes not found or cannot be read for part Part. Generating New drag cubes.
[LOG 20:58:43.802] [KSPCF/DragCubeGeneration] Creating drag cubes for part 'adapterSize2-Size1Slant'
[LOG 20:58:43.811] PartLoader: Compiling Part 'Squad/Parts/FuelTank/adapterTanks/Size3-Mk3/adapterSize3-Mk3'
[LOG 20:58:43.812] PartLoader: Part 'Squad/Parts/FuelTank/adapterTanks/Size3-Mk3/adapterSize3-Mk3' has no database record. Creating.
[LOG 20:58:43.812] [DragCubeSystem]: Drag cubes not found or cannot be read for part Part. Generating New drag cubes.
[LOG 20:58:43.812] [KSPCF/DragCubeGeneration] Creating drag cubes for part 'adapterSize3-Mk3'
[LOG 20:58:43.820] PartLoader: Compiling Part 'Squad/Parts/FuelTank/drainTankFTE-1/ReleaseValve/ReleaseValve'
[LOG 20:58:43.828] PartLoader: Part 'Squad/Parts/FuelTank/drainTankFTE-1/ReleaseValve/ReleaseValve' has no database record. Creating.
[LOG 20:58:43.828] [DragCubeSystem]: Drag cubes not found or cannot be read for part Part. Generating New drag cubes.
[LOG 20:58:43.828] [KSPCF/DragCubeGeneration] Creating drag cubes for part 'ReleaseValve'
[LOG 20:58:43.838] PartLoader: Compiling Part 'Squad/Parts/FuelTank/FoilTanks/RadialTank_Capsule/externalTankCapsule'
[LOG 20:58:43.840] PartLoader: Part 'Squad/Parts/FuelTank/FoilTanks/RadialTank_Capsule/externalTankCapsule' has no database record. Creating.
[LOG 20:58:43.840] [DragCubeSystem]: Drag cubes not found or cannot be read for part Part. Generating New drag cubes.
[LOG 20:58:43.840] [KSPCF/DragCubeGeneration] Creating drag cubes for part 'externalTankCapsule'
[LOG 20:58:43.848] PartLoader: Compiling Part 'Squad/Parts/FuelTank/FoilTanks/RadialTank_Round/externalTankRound'
[LOG 20:58:43.850] PartLoader: Part 'Squad/Parts/FuelTank/FoilTanks/RadialTank_Round/externalTankRound' has no database record. Creating.
[LOG 20:58:43.850] [DragCubeSystem]: Drag cubes not found or cannot be read for part Part. Generating New drag cubes.
[LOG 20:58:43.850] [KSPCF/DragCubeGeneration] Creating drag cubes for part 'externalTankRound'
[LOG 20:58:43.858] PartLoader: Compiling Part 'Squad/Parts/FuelTank/FoilTanks/ToroidTank/externalTankToroid'
[LOG 20:58:43.862] PartLoader: Part 'Squad/Parts/FuelTank/FoilTanks/ToroidTank/externalTankToroid' has no database record. Creating.
[LOG 20:58:43.862] [DragCubeSystem]: Drag cubes not found or cannot be read for part Part. Generating New drag cubes.
[LOG 20:58:43.862] [KSPCF/DragCubeGeneration] Creating drag cubes for part 'externalTankToroid'
[LOG 20:58:43.870] PartLoader: Compiling Part 'Squad/Parts/FuelTank/fuelTankOscarB/fuelTankOscarB/miniFuelTank'
[LOG 20:58:43.872] PartLoader: Part 'Squad/Parts/FuelTank/fuelTankOscarB/fuelTankOscarB/miniFuelTank' has no database record. Creating.
[LOG 20:58:43.872] [DragCubeSystem]: Drag cubes not found or cannot be read for part Part. Generating New drag cubes.
[LOG 20:58:43.872] [KSPCF/DragCubeGeneration] Creating drag cubes for part 'miniFuelTank'
[LOG 20:58:43.880] PartLoader: Compiling Part 'Squad/Parts/FuelTank/miniFuselage/miniFuselage/miniFuselage'
[LOG 20:58:43.882] PartLoader: Part 'Squad/Parts/FuelTank/miniFuselage/miniFuselage/miniFuselage' has no database record. Creating.
[LOG 20:58:43.882] [DragCubeSystem]: Drag cubes not found or cannot be read for part Part. Generating New drag cubes.
[LOG 20:58:43.882] [KSPCF/DragCubeGeneration] Creating drag cubes for part 'miniFuselage'
[LOG 20:58:43.889] PartLoader: Compiling Part 'Squad/Parts/FuelTank/mk2Adapters/bicoupler/mk2_1m_Bicoupler'
[LOG 20:58:43.891] PartLoader: Part 'Squad/Parts/FuelTank/mk2Adapters/bicoupler/mk2_1m_Bicoupler' has no database record. Creating.
[LOG 20:58:43.891] [DragCubeSystem]: Drag cubes not found or cannot be read for part Part. Generating New drag cubes.
[LOG 20:58:43.891] [KSPCF/DragCubeGeneration] Creating drag cubes for part 'mk2.1m.Bicoupler'
[LOG 20:58:43.901] PartLoader: Compiling Part 'Squad/Parts/FuelTank/mk2Adapters/long/mk2_1m_AdapterLong'
[LOG 20:58:43.903] PartLoader: Part 'Squad/Parts/FuelTank/mk2Adapters/long/mk2_1m_AdapterLong' has no database record. Creating.
[LOG 20:58:43.903] [DragCubeSystem]: Drag cubes not found or cannot be read for part Part. Generating New drag cubes.
[LOG 20:58:43.903] [KSPCF/DragCubeGeneration] Creating drag cubes for part 'mk2.1m.AdapterLong'
[LOG 20:58:43.911] PartLoader: Compiling Part 'Squad/Parts/FuelTank/mk2Adapters/standard/mk2SpacePlaneAdapter'
[LOG 20:58:43.914] PartLoader: Part 'Squad/Parts/FuelTank/mk2Adapters/standard/mk2SpacePlaneAdapter' has no database record. Creating.
[LOG 20:58:43.914] [DragCubeSystem]: Drag cubes not found or cannot be read for part Part. Generating New drag cubes.
[LOG 20:58:43.914] [KSPCF/DragCubeGeneration] Creating drag cubes for part 'mk2SpacePlaneAdapter'
[LOG 20:58:43.922] PartLoader: Compiling Part 'Squad/Parts/FuelTank/mk2FuselageLong/LFO_long/mk2FuselageLongLFO'
[LOG 20:58:43.924] PartLoader: Part 'Squad/Parts/FuelTank/mk2FuselageLong/LFO_long/mk2FuselageLongLFO' has no database record. Creating.
[LOG 20:58:43.924] [DragCubeSystem]: Drag cubes not found or cannot be read for part Part. Generating New drag cubes.
[LOG 20:58:43.924] [KSPCF/DragCubeGeneration] Creating drag cubes for part 'mk2FuselageLongLFO'
[LOG 20:58:43.931] PartLoader: Compiling Part 'Squad/Parts/FuelTank/mk2FuselageLong/L_long/mk2Fuselage'
[LOG 20:58:43.932] PartLoader: Part 'Squad/Parts/FuelTank/mk2FuselageLong/L_long/mk2Fuselage' has no database record. Creating.
[LOG 20:58:43.933] [DragCubeSystem]: Drag cubes not found or cannot be read for part Part. Generating New drag cubes.
[LOG 20:58:43.933] [KSPCF/DragCubeGeneration] Creating drag cubes for part 'mk2Fuselage'
[LOG 20:58:43.941] PartLoader: Compiling Part 'Squad/Parts/FuelTank/mk2FuselageShort/LFO_short/mk2FuselageShortLFO'
[LOG 20:58:43.943] PartLoader: Part 'Squad/Parts/FuelTank/mk2FuselageShort/LFO_short/mk2FuselageShortLFO' has no database record. Creating.
[LOG 20:58:43.943] [DragCubeSystem]: Drag cubes not found or cannot be read for part Part. Generating New drag cubes.
[LOG 20:58:43.943] [KSPCF/DragCubeGeneration] Creating drag cubes for part 'mk2FuselageShortLFO'
[LOG 20:58:43.950] PartLoader: Compiling Part 'Squad/Parts/FuelTank/mk2FuselageShort/L_short/mk2FuselageShortLiquid'
[LOG 20:58:43.952] PartLoader: Part 'Squad/Parts/FuelTank/mk2FuselageShort/L_short/mk2FuselageShortLiquid' has no database record. Creating.
[LOG 20:58:43.952] [DragCubeSystem]: Drag cubes not found or cannot be read for part Part. Generating New drag cubes.
[LOG 20:58:43.952] [KSPCF/DragCubeGeneration] Creating drag cubes for part 'mk2FuselageShortLiquid'
[LOG 20:58:43.960] PartLoader: Compiling Part 'Squad/Parts/FuelTank/mk2FuselageShort/Mono_short/mk2FuselageShortMono'
[LOG 20:58:43.962] PartLoader: Part 'Squad/Parts/FuelTank/mk2FuselageShort/Mono_short/mk2FuselageShortMono' has no database record. Creating.
[LOG 20:58:43.962] [DragCubeSystem]: Drag cubes not found or cannot be read for part Part. Generating New drag cubes.
[LOG 20:58:43.962] [KSPCF/DragCubeGeneration] Creating drag cubes for part 'mk2FuselageShortMono'
[LOG 20:58:43.968] PartLoader: Compiling Part 'Squad/Parts/FuelTank/mk3Fuselage/CREW/mk3CrewCabin'
[LOG 20:58:43.971] PartLoader: Part 'Squad/Parts/FuelTank/mk3Fuselage/CREW/mk3CrewCabin' has no database record. Creating.
[LOG 20:58:43.971] [DragCubeSystem]: Drag cubes not found or cannot be read for part Part. Generating New drag cubes.
[LOG 20:58:43.971] [KSPCF/DragCubeGeneration] Creating drag cubes for part 'mk3CrewCabin'
[LOG 20:58:43.980] PartLoader: Compiling Part 'Squad/Parts/FuelTank/mk3Fuselage/LFO_100/mk3FuselageLFO_100'
[LOG 20:58:43.982] PartLoader: Part 'Squad/Parts/FuelTank/mk3Fuselage/LFO_100/mk3FuselageLFO_100' has no database record. Creating.
[LOG 20:58:43.982] [DragCubeSystem]: Drag cubes not found or cannot be read for part Part. Generating New drag cubes.
[LOG 20:58:43.982] [KSPCF/DragCubeGeneration] Creating drag cubes for part 'mk3FuselageLFO.100'
[LOG 20:58:43.989] PartLoader: Compiling Part 'Squad/Parts/FuelTank/mk3Fuselage/LFO_25/mk3FuselageLFO_25'
[LOG 20:58:43.992] PartLoader: Part 'Squad/Parts/FuelTank/mk3Fuselage/LFO_25/mk3FuselageLFO_25' has no database record. Creating.
[LOG 20:58:43.992] [DragCubeSystem]: Drag cubes not found or cannot be read for part Part. Generating New drag cubes.
[LOG 20:58:43.992] [KSPCF/DragCubeGeneration] Creating drag cubes for part 'mk3FuselageLFO.25'
[LOG 20:58:43.999] PartLoader: Compiling Part 'Squad/Parts/FuelTank/mk3Fuselage/LFO_50/mk3FuselageLFO_50'
[LOG 20:58:44.000] PartLoader: Part 'Squad/Parts/FuelTank/mk3Fuselage/LFO_50/mk3FuselageLFO_50' has no database record. Creating.
[LOG 20:58:44.000] [DragCubeSystem]: Drag cubes not found or cannot be read for part Part. Generating New drag cubes.
[LOG 20:58:44.000] [KSPCF/DragCubeGeneration] Creating drag cubes for part 'mk3FuselageLFO.50'
[LOG 20:58:44.007] PartLoader: Compiling Part 'Squad/Parts/FuelTank/mk3Fuselage/LF_100/mk3FuselageLF_100'
[LOG 20:58:44.009] PartLoader: Part 'Squad/Parts/FuelTank/mk3Fuselage/LF_100/mk3FuselageLF_100' has no database record. Creating.
[LOG 20:58:44.009] [DragCubeSystem]: Drag cubes not found or cannot be read for part Part. Generating New drag cubes.
[LOG 20:58:44.009] [KSPCF/DragCubeGeneration] Creating drag cubes for part 'mk3FuselageLF.100'
[LOG 20:58:44.016] PartLoader: Compiling Part 'Squad/Parts/FuelTank/mk3Fuselage/LF_25/mk3FuselageLF_25'
[LOG 20:58:44.018] PartLoader: Part 'Squad/Parts/FuelTank/mk3Fuselage/LF_25/mk3FuselageLF_25' has no database record. Creating.
[LOG 20:58:44.018] [DragCubeSystem]: Drag cubes not found or cannot be read for part Part. Generating New drag cubes.
[LOG 20:58:44.018] [KSPCF/DragCubeGeneration] Creating drag cubes for part 'mk3FuselageLF.25'
[LOG 20:58:44.025] PartLoader: Compiling Part 'Squad/Parts/FuelTank/mk3Fuselage/LF_50/mk3FuselageLF_50'
[LOG 20:58:44.026] PartLoader: Part 'Squad/Parts/FuelTank/mk3Fuselage/LF_50/mk3FuselageLF_50' has no database record. Creating.
[LOG 20:58:44.026] [DragCubeSystem]: Drag cubes not found or cannot be read for part Part. Generating New drag cubes.
[LOG 20:58:44.027] [KSPCF/DragCubeGeneration] Creating drag cubes for part 'mk3FuselageLF.50'
[LOG 20:58:44.034] PartLoader: Compiling Part 'Squad/Parts/FuelTank/mk3Fuselage/MONO/mk3FuselageMONO'
[LOG 20:58:44.035] PartLoader: Part 'Squad/Parts/FuelTank/mk3Fuselage/MONO/mk3FuselageMONO' has no database record. Creating.
[LOG 20:58:44.035] [DragCubeSystem]: Drag cubes not found or cannot be read for part Part. Generating New drag cubes.
[LOG 20:58:44.035] [KSPCF/DragCubeGeneration] Creating drag cubes for part 'mk3FuselageMONO'
[LOG 20:58:44.041] PartLoader: Compiling Part 'Squad/Parts/FuelTank/RCSFuelTankR1/RCSFuelTankR1/RCSTank1-2'
[LOG 20:58:44.043] PartLoader: Part 'Squad/Parts/FuelTank/RCSFuelTankR1/RCSFuelTankR1/RCSTank1-2' has no database record. Creating.
[LOG 20:58:44.043] [DragCubeSystem]: Drag cubes not found or cannot be read for part Part. Generating New drag cubes.
[LOG 20:58:44.043] [KSPCF/DragCubeGeneration] Creating drag cubes for part 'RCSTank1-2'
[LOG 20:58:44.052] PartLoader: Compiling Part 'Squad/Parts/FuelTank/RCSFuelTankR10/RCSFuelTankR10/rcsTankMini'
[LOG 20:58:44.054] PartLoader: Part 'Squad/Parts/FuelTank/RCSFuelTankR10/RCSFuelTankR10/rcsTankMini' has no database record. Creating.
[LOG 20:58:44.054] [DragCubeSystem]: Drag cubes not found or cannot be read for part Part. Generating New drag cubes.
[LOG 20:58:44.054] [KSPCF/DragCubeGeneration] Creating drag cubes for part 'rcsTankMini'
[LOG 20:58:44.062] PartLoader: Compiling Part 'Squad/Parts/FuelTank/RCSFuelTankR25/RCSFuelTankR25/RCSFuelTank'
[LOG 20:58:44.064] PartLoader: Part 'Squad/Parts/FuelTank/RCSFuelTankR25/RCSFuelTankR25/RCSFuelTank' has no database record. Creating.
[LOG 20:58:44.064] [DragCubeSystem]: Drag cubes not found or cannot be read for part Part. Generating New drag cubes.
[LOG 20:58:44.064] [KSPCF/DragCubeGeneration] Creating drag cubes for part 'RCSFuelTank'
[LOG 20:58:44.070] PartLoader: Compiling Part 'Squad/Parts/FuelTank/RCSTankRadial/radialRCSTank/radialRCSTank'
[LOG 20:58:44.072] PartLoader: Part 'Squad/Parts/FuelTank/RCSTankRadial/radialRCSTank/radialRCSTank' has no database record. Creating.
[LOG 20:58:44.072] [DragCubeSystem]: Drag cubes not found or cannot be read for part Part. Generating New drag cubes.
[LOG 20:58:44.072] [KSPCF/DragCubeGeneration] Creating drag cubes for part 'radialRCSTank'
[LOG 20:58:44.079] PartLoader: Compiling Part 'Squad/Parts/FuelTank/RCStankRadialLong/RCSTankRadialLong/rcsTankRadialLong'
[LOG 20:58:44.081] PartLoader: Part 'Squad/Parts/FuelTank/RCStankRadialLong/RCSTankRadialLong/rcsTankRadialLong' has no database record. Creating.
[LOG 20:58:44.081] [DragCubeSystem]: Drag cubes not found or cannot be read for part Part. Generating New drag cubes.
[LOG 20:58:44.081] [KSPCF/DragCubeGeneration] Creating drag cubes for part 'rcsTankRadialLong'
[LOG 20:58:44.089] PartLoader: Compiling Part 'Squad/Parts/FuelTank/RockomaxTanks/Rockomax16/Rockomax16_BW'
[LOG 20:58:44.091] PartLoader: Part 'Squad/Parts/FuelTank/RockomaxTanks/Rockomax16/Rockomax16_BW' has no database record. Creating.
[LOG 20:58:44.091] [DragCubeSystem]: Drag cubes not found or cannot be read for part Part. Generating New drag cubes.
[LOG 20:58:44.091] [KSPCF/DragCubeGeneration] Creating drag cubes for part 'Rockomax16.BW'
[LOG 20:58:44.098] PartLoader: Compiling Part 'Squad/Parts/FuelTank/RockomaxTanks/Rockomax32/Rockomax32_BW'
[LOG 20:58:44.101] PartLoader: Part 'Squad/Parts/FuelTank/RockomaxTanks/Rockomax32/Rockomax32_BW' has no database record. Creating.
[LOG 20:58:44.101] [DragCubeSystem]: Drag cubes not found or cannot be read for part Part. Generating New drag cubes.
[LOG 20:58:44.101] [KSPCF/DragCubeGeneration] Creating drag cubes for part 'Rockomax32.BW'
[LOG 20:58:44.128] PartLoader: Compiling Part 'Squad/Parts/FuelTank/RockomaxTanks/Rockomax64/Rockomax64_BW'
[LOG 20:58:44.131] PartLoader: Part 'Squad/Parts/FuelTank/RockomaxTanks/Rockomax64/Rockomax64_BW' has no database record. Creating.
[LOG 20:58:44.132] [DragCubeSystem]: Drag cubes not found or cannot be read for part Part. Generating New drag cubes.
[LOG 20:58:44.132] [KSPCF/DragCubeGeneration] Creating drag cubes for part 'Rockomax64.BW'
[LOG 20:58:44.150] PartLoader: Compiling Part 'Squad/Parts/FuelTank/RockomaxTanks/Rockomax8/Rockomax8BW'
[LOG 20:58:44.152] PartLoader: Part 'Squad/Parts/FuelTank/RockomaxTanks/Rockomax8/Rockomax8BW' has no database record. Creating.
[LOG 20:58:44.152] [DragCubeSystem]: Drag cubes not found or cannot be read for part Part. Generating New drag cubes.
[LOG 20:58:44.152] [KSPCF/DragCubeGeneration] Creating drag cubes for part 'Rockomax8BW'
[LOG 20:58:44.171] PartLoader: Compiling Part 'Squad/Parts/FuelTank/Size1_Tanks/fuelTankT100/fuelTankSmallFlat'
[LOG 20:58:44.174] PartLoader: Part 'Squad/Parts/FuelTank/Size1_Tanks/fuelTankT100/fuelTankSmallFlat' has no database record. Creating.
[LOG 20:58:44.174] [DragCubeSystem]: Drag cubes not found or cannot be read for part Part. Generating New drag cubes.
[LOG 20:58:44.174] [KSPCF/DragCubeGeneration] Creating drag cubes for part 'fuelTankSmallFlat'
[LOG 20:58:44.182] PartLoader: Compiling Part 'Squad/Parts/FuelTank/Size1_Tanks/fuelTankT200/fuelTankSmall'
[LOG 20:58:44.183] PartLoader: Part 'Squad/Parts/FuelTank/Size1_Tanks/fuelTankT200/fuelTankSmall' has no database record. Creating.
[LOG 20:58:44.184] [DragCubeSystem]: Drag cubes not found or cannot be read for part Part. Generating New drag cubes.
[LOG 20:58:44.184] [KSPCF/DragCubeGeneration] Creating drag cubes for part 'fuelTankSmall'
[LOG 20:58:44.192] PartLoader: Compiling Part 'Squad/Parts/FuelTank/Size1_Tanks/fuelTankT400/fuelTank'
[LOG 20:58:44.194] PartLoader: Part 'Squad/Parts/FuelTank/Size1_Tanks/fuelTankT400/fuelTank' has no database record. Creating.
[LOG 20:58:44.194] [DragCubeSystem]: Drag cubes not found or cannot be read for part Part. Generating New drag cubes.
[LOG 20:58:44.194] [KSPCF/DragCubeGeneration] Creating drag cubes for part 'fuelTank'
[LOG 20:58:44.202] PartLoader: Compiling Part 'Squad/Parts/FuelTank/Size1_Tanks/fuelTankT800/fuelTank_long'
[LOG 20:58:44.204] PartLoader: Part 'Squad/Parts/FuelTank/Size1_Tanks/fuelTankT800/fuelTank_long' has no database record. Creating.
[LOG 20:58:44.204] [DragCubeSystem]: Drag cubes not found or cannot be read for part Part. Generating New drag cubes.
[LOG 20:58:44.204] [KSPCF/DragCubeGeneration] Creating drag cubes for part 'fuelTank.long'
[LOG 20:58:44.227] PartLoader: Compiling Part 'Squad/Parts/FuelTank/Size3Tanks/large/Size3LargeTank'
[LOG 20:58:44.229] PartLoader: Part 'Squad/Parts/FuelTank/Size3Tanks/large/Size3LargeTank' has no database record. Creating.
[LOG 20:58:44.229] [DragCubeSystem]: Drag cubes not found or cannot be read for part Part. Generating New drag cubes.
[LOG 20:58:44.229] [KSPCF/DragCubeGeneration] Creating drag cubes for part 'Size3LargeTank'
[LOG 20:58:44.241] PartLoader: Compiling Part 'Squad/Parts/FuelTank/Size3Tanks/medium/Size3MediumTank'
[LOG 20:58:44.243] PartLoader: Part 'Squad/Parts/FuelTank/Size3Tanks/medium/Size3MediumTank' has no database record. Creating.
[LOG 20:58:44.243] [DragCubeSystem]: Drag cubes not found or cannot be read for part Part. Generating New drag cubes.
[LOG 20:58:44.243] [KSPCF/DragCubeGeneration] Creating drag cubes for part 'Size3MediumTank'
[LOG 20:58:44.250] PartLoader: Compiling Part 'Squad/Parts/FuelTank/Size3Tanks/small/Size3SmallTank'
[LOG 20:58:44.252] PartLoader: Part 'Squad/Parts/FuelTank/Size3Tanks/small/Size3SmallTank' has no database record. Creating.
[LOG 20:58:44.252] [DragCubeSystem]: Drag cubes not found or cannot be read for part Part. Generating New drag cubes.
[LOG 20:58:44.252] [KSPCF/DragCubeGeneration] Creating drag cubes for part 'Size3SmallTank'
[LOG 20:58:44.261] PartLoader: Compiling Part 'Squad/Parts/FuelTank/xenonTank/xenonTank/xenonTank'
[LOG 20:58:44.262] PartLoader: Part 'Squad/Parts/FuelTank/xenonTank/xenonTank/xenonTank' has no database record. Creating.
[LOG 20:58:44.263] [DragCubeSystem]: Drag cubes not found or cannot be read for part Part. Generating New drag cubes.
[LOG 20:58:44.263] [KSPCF/DragCubeGeneration] Creating drag cubes for part 'xenonTank'
[LOG 20:58:44.269] PartLoader: Compiling Part 'Squad/Parts/FuelTank/xenonTankLarge/xenonTankLarge/xenonTankLarge'
[LOG 20:58:44.271] PartLoader: Part 'Squad/Parts/FuelTank/xenonTankLarge/xenonTankLarge/xenonTankLarge' has no database record. Creating.
[LOG 20:58:44.271] [DragCubeSystem]: Drag cubes not found or cannot be read for part Part. Generating New drag cubes.
[LOG 20:58:44.271] [KSPCF/DragCubeGeneration] Creating drag cubes for part 'xenonTankLarge'
[LOG 20:58:44.279] PartLoader: Compiling Part 'Squad/Parts/FuelTank/xenonTankRadial/xenonTankRadial/xenonTankRadial'
[LOG 20:58:44.282] PartLoader: Part 'Squad/Parts/FuelTank/xenonTankRadial/xenonTankRadial/xenonTankRadial' has no database record. Creating.
[LOG 20:58:44.282] [DragCubeSystem]: Drag cubes not found or cannot be read for part Part. Generating New drag cubes.
[LOG 20:58:44.282] [KSPCF/DragCubeGeneration] Creating drag cubes for part 'xenonTankRadial'
[LOG 20:58:44.287] PartLoader: Compiling Part 'Squad/Parts/Misc/AsteroidDay/CamSat/InfraredTelescope'
[LOG 20:58:44.292] PartLoader: Part 'Squad/Parts/Misc/AsteroidDay/CamSat/InfraredTelescope' has no database record. Creating.
[LOG 20:58:44.292] [DragCubeSystem]: Drag cubes not found or cannot be read for part Part. Generating New drag cubes.
[LOG 20:58:44.292] [KSPCF/DragCubeGeneration] Creating drag cubes for part 'InfraredTelescope'
[LOG 20:58:44.297] PartLoader: Compiling Part 'Squad/Parts/Misc/AsteroidDay/HECS2/HECS2_ProbeCore'
[LOG 20:58:44.300] PartLoader: Part 'Squad/Parts/Misc/AsteroidDay/HECS2/HECS2_ProbeCore' has no database record. Creating.
[LOG 20:58:44.300] [DragCubeSystem]: Drag cubes not found or cannot be read for part Part. Generating New drag cubes.
[LOG 20:58:44.300] [KSPCF/DragCubeGeneration] Creating drag cubes for part 'HECS2.ProbeCore'
[LOG 20:58:44.305] PartLoader: Compiling Part 'Squad/Parts/Misc/AsteroidDay/HighGainAntenna/HighGainAntenna'
[LOG 20:58:44.311] PartLoader: Part 'Squad/Parts/Misc/AsteroidDay/HighGainAntenna/HighGainAntenna' has no database record. Creating.
[LOG 20:58:44.311] [DragCubeSystem]: Drag cubes not found or cannot be read for part Part. Generating New drag cubes.
[LOG 20:58:44.311] [KSPCF/DragCubeGeneration] Creating drag cubes for part 'HighGainAntenna'
[LOG 20:58:44.327] PartLoader: Compiling Part 'Squad/Parts/Misc/AsteroidDay/LgRadialSolar/LgRadialSolarPanel'
[LOG 20:58:44.329] PartLoader: Part 'Squad/Parts/Misc/AsteroidDay/LgRadialSolar/LgRadialSolarPanel' has no database record. Creating.
[LOG 20:58:44.329] [DragCubeSystem]: Drag cubes not found or cannot be read for part Part. Generating New drag cubes.
[LOG 20:58:44.329] [KSPCF/DragCubeGeneration] Creating drag cubes for part 'LgRadialSolarPanel'
[LOG 20:58:44.337] PartLoader: Compiling Part 'Squad/Parts/Misc/PotatoComet/part/PotatoComet'
[LOG 20:58:44.346] PartLoader: Part 'Squad/Parts/Misc/PotatoComet/part/PotatoComet' has no database record. Creating.
[LOG 20:58:44.346] PartLoader: Compiling Part 'Squad/Parts/Misc/PotatoRoid/part/PotatoRoid'
[LOG 20:58:44.352] PartLoader: Part 'Squad/Parts/Misc/PotatoRoid/part/PotatoRoid' has no database record. Creating.
[LOG 20:58:44.352] PartLoader: Compiling Part 'Squad/Parts/Prebuilt/flag/flag'
[LOG 20:58:44.354] PartLoader: Compiling Part 'Squad/Parts/Prebuilt/kerbalEVA/kerbalEVA'
[LOG 20:58:44.366] PartLoader: Compiling Part 'Squad/Parts/Prebuilt/kerbalEVAfemale/kerbalEVAfemale'
[LOG 20:58:44.371] PartLoader: Compiling Part 'Squad/Parts/Prebuilt/kerbalEVASlimSuit/kerbalEVASlimSuit'
[LOG 20:58:44.374] PartLoader: Compiling Part 'Squad/Parts/Prebuilt/kerbalEVASlimSuitFemale/kerbalEVASlimSuitFemale'
[LOG 20:58:44.377] PartLoader: Compiling Part 'Squad/Parts/Resources/FuelCell/FuelCell/FuelCell'
[LOG 20:58:44.383] PartLoader: Part 'Squad/Parts/Resources/FuelCell/FuelCell/FuelCell' has no database record. Creating.
[LOG 20:58:44.383] [DragCubeSystem]: Drag cubes not found or cannot be read for part Part. Generating New drag cubes.
[LOG 20:58:44.383] [KSPCF/DragCubeGeneration] Creating drag cubes for part 'FuelCell'
[LOG 20:58:44.392] PartLoader: Compiling Part 'Squad/Parts/Resources/FuelCell/FuelCellArray/FuelCellArray'
[LOG 20:58:44.395] PartLoader: Part 'Squad/Parts/Resources/FuelCell/FuelCellArray/FuelCellArray' has no database record. Creating.
[LOG 20:58:44.395] [DragCubeSystem]: Drag cubes not found or cannot be read for part Part. Generating New drag cubes.
[LOG 20:58:44.395] [KSPCF/DragCubeGeneration] Creating drag cubes for part 'FuelCellArray'
[LOG 20:58:44.399] PartLoader: Compiling Part 'Squad/Parts/Resources/ISRU/ISRU/ISRU'
[LOG 20:58:44.405] PartLoader: Part 'Squad/Parts/Resources/ISRU/ISRU/ISRU' has no database record. Creating.
[LOG 20:58:44.405] [DragCubeSystem]: Drag cubes not found or cannot be read for part Part. Generating New drag cubes.
[LOG 20:58:44.405] [KSPCF/DragCubeGeneration] Creating drag cubes for part 'ISRU'
[LOG 20:58:44.420] PartLoader: Compiling Part 'Squad/Parts/Resources/LargeTank/LargeTank/LargeTank'
[LOG 20:58:44.424] PartLoader: Part 'Squad/Parts/Resources/LargeTank/LargeTank/LargeTank' has no database record. Creating.
[LOG 20:58:44.424] [DragCubeSystem]: Drag cubes not found or cannot be read for part Part. Generating New drag cubes.
[LOG 20:58:44.424] [KSPCF/DragCubeGeneration] Creating drag cubes for part 'LargeTank'
[LOG 20:58:44.429] PartLoader: Compiling Part 'Squad/Parts/Resources/MiniDrill/MiniDrill/MiniDrill'
[LOG 20:58:44.451] PartLoader: Part 'Squad/Parts/Resources/MiniDrill/MiniDrill/MiniDrill' has no database record. Creating.
[LOG 20:58:44.451] [DragCubeSystem]: Drag cubes not found or cannot be read for part Part. Generating New drag cubes.
[LOG 20:58:44.451] [KSPCF/DragCubeGeneration] Creating drag cubes for part 'MiniDrill'
[LOG 20:58:44.489] PartLoader: Compiling Part 'Squad/Parts/Resources/MiniISRU/MiniISRU/MiniISRU'
[LOG 20:58:44.494] PartLoader: Part 'Squad/Parts/Resources/MiniISRU/MiniISRU/MiniISRU' has no database record. Creating.
[LOG 20:58:44.494] [DragCubeSystem]: Drag cubes not found or cannot be read for part Part. Generating New drag cubes.
[LOG 20:58:44.494] [KSPCF/DragCubeGeneration] Creating drag cubes for part 'MiniISRU'
[LOG 20:58:44.501] PartLoader: Compiling Part 'Squad/Parts/Resources/OrbitalScanner/OrbitalScanner/OrbitalScanner'
[LOG 20:58:44.511] PartLoader: Part 'Squad/Parts/Resources/OrbitalScanner/OrbitalScanner/OrbitalScanner' has no database record. Creating.
[LOG 20:58:44.512] [DragCubeSystem]: Drag cubes not found or cannot be read for part Part. Generating New drag cubes.
[LOG 20:58:44.512] [KSPCF/DragCubeGeneration] Creating drag cubes for part 'OrbitalScanner'
[LOG 20:58:44.532] PartLoader: Compiling Part 'Squad/Parts/Resources/RadialDrill/RadialDrill/RadialDrill'
[LOG 20:58:44.539] PartLoader: Part 'Squad/Parts/Resources/RadialDrill/RadialDrill/RadialDrill' has no database record. Creating.
[LOG 20:58:44.539] [DragCubeSystem]: Drag cubes not found or cannot be read for part Part. Generating New drag cubes.
[LOG 20:58:44.540] [KSPCF/DragCubeGeneration] Creating drag cubes for part 'RadialDrill'
[LOG 20:58:44.588] PartLoader: Compiling Part 'Squad/Parts/Resources/RadialTank/RadialTank/RadialOreTank'
[LOG 20:58:44.591] PartLoader: Part 'Squad/Parts/Resources/RadialTank/RadialTank/RadialOreTank' has no database record. Creating.
[LOG 20:58:44.591] [DragCubeSystem]: Drag cubes not found or cannot be read for part Part. Generating New drag cubes.
[LOG 20:58:44.591] [KSPCF/DragCubeGeneration] Creating drag cubes for part 'RadialOreTank'
[LOG 20:58:44.597] PartLoader: Compiling Part 'Squad/Parts/Resources/SmallTank/SmallTank/SmallTank'
[LOG 20:58:44.599] PartLoader: Part 'Squad/Parts/Resources/SmallTank/SmallTank/SmallTank' has no database record. Creating.
[LOG 20:58:44.599] [DragCubeSystem]: Drag cubes not found or cannot be read for part Part. Generating New drag cubes.
[LOG 20:58:44.599] [KSPCF/DragCubeGeneration] Creating drag cubes for part 'SmallTank'
[LOG 20:58:44.606] PartLoader: Compiling Part 'Squad/Parts/Resources/SurfaceScanner/SurfaceScanner/SurfaceScanner'
[LOG 20:58:44.616] PartLoader: Part 'Squad/Parts/Resources/SurfaceScanner/SurfaceScanner/SurfaceScanner' has no database record. Creating.
[LOG 20:58:44.616] [DragCubeSystem]: Drag cubes not found or cannot be read for part Part. Generating New drag cubes.
[LOG 20:58:44.616] [KSPCF/DragCubeGeneration] Creating drag cubes for part 'SurfaceScanner'
[LOG 20:58:44.627] PartLoader: Compiling Part 'Squad/Parts/Resources/SurveyScanner/SurveyScanner/SurveyScanner'
[LOG 20:58:44.634] PartLoader: Part 'Squad/Parts/Resources/SurveyScanner/SurveyScanner/SurveyScanner' has no database record. Creating.
[LOG 20:58:44.634] [DragCubeSystem]: Drag cubes not found or cannot be read for part Part. Generating New drag cubes.
[LOG 20:58:44.634] [KSPCF/DragCubeGeneration] Creating drag cubes for part 'SurveyScanner'
[LOG 20:58:44.654] PartLoader: Compiling Part 'Squad/Parts/Science/AtmosphereSensor/sensorAtmosphere/sensorAtmosphere'
[LOG 20:58:44.656] PartLoader: Part 'Squad/Parts/Science/AtmosphereSensor/sensorAtmosphere/sensorAtmosphere' has no database record. Creating.
[LOG 20:58:44.656] [DragCubeSystem]: Drag cubes not found or cannot be read for part Part. Generating New drag cubes.
[LOG 20:58:44.656] [KSPCF/DragCubeGeneration] Creating drag cubes for part 'sensorAtmosphere'
[LOG 20:58:44.665] PartLoader: Compiling Part 'Squad/Parts/Science/GooExperiment/gooExperiment/GooExperiment'
[LOG 20:58:44.667] PartLoader: Part 'Squad/Parts/Science/GooExperiment/gooExperiment/GooExperiment' has no database record. Creating.
[LOG 20:58:44.667] [DragCubeSystem]: Drag cubes not found or cannot be read for part Part. Generating New drag cubes.
[LOG 20:58:44.667] [KSPCF/DragCubeGeneration] Creating drag cubes for part 'GooExperiment'
[LOG 20:58:44.686] PartLoader: Compiling Part 'Squad/Parts/Science/LargeCrewedLab/largeCrewedLab/Large_Crewed_Lab'
[LOG 20:58:44.698] PartLoader: Part 'Squad/Parts/Science/LargeCrewedLab/largeCrewedLab/Large_Crewed_Lab' has no database record. Creating.
[LOG 20:58:44.698] [DragCubeSystem]: Drag cubes not found or cannot be read for part Part. Generating New drag cubes.
[LOG 20:58:44.698] [KSPCF/DragCubeGeneration] Creating drag cubes for part 'Large.Crewed.Lab'
[LOG 20:58:44.706] PartLoader: Compiling Part 'Squad/Parts/Science/Magnetometer/Magnetometer/Magnetometer'
[LOG 20:58:44.713] PartLoader: Part 'Squad/Parts/Science/Magnetometer/Magnetometer/Magnetometer' has no database record. Creating.
[LOG 20:58:44.713] [DragCubeSystem]: Drag cubes not found or cannot be read for part Part. Generating New drag cubes.
[LOG 20:58:44.713] [KSPCF/DragCubeGeneration] Creating drag cubes for part 'Magnetometer'
[LOG 20:58:44.734] PartLoader: Compiling Part 'Squad/Parts/Science/MaterialBay/materialBay/science_module'
[LOG 20:58:44.737] PartLoader: Part 'Squad/Parts/Science/MaterialBay/materialBay/science_module' has no database record. Creating.
[LOG 20:58:44.737] [DragCubeSystem]: Drag cubes not found or cannot be read for part Part. Generating New drag cubes.
[LOG 20:58:44.737] [KSPCF/DragCubeGeneration] Creating drag cubes for part 'science.module'
[LOG 20:58:44.761] PartLoader: Compiling Part 'Squad/Parts/Science/ScienceBox/ScienceBox/ScienceBox'
[LOG 20:58:44.763] PartLoader: Part 'Squad/Parts/Science/ScienceBox/ScienceBox/ScienceBox' has no database record. Creating.
[LOG 20:58:44.763] [DragCubeSystem]: Drag cubes not found or cannot be read for part Part. Generating New drag cubes.
[LOG 20:58:44.763] [KSPCF/DragCubeGeneration] Creating drag cubes for part 'ScienceBox'
[LOG 20:58:44.769] PartLoader: Compiling Part 'Squad/Parts/Science/sensorAccelerometer/sensorAccelerometer/sensorAccelerometer'
[LOG 20:58:44.774] PartLoader: Part 'Squad/Parts/Science/sensorAccelerometer/sensorAccelerometer/sensorAccelerometer' has no database record. Creating.
[LOG 20:58:44.774] [DragCubeSystem]: Drag cubes not found or cannot be read for part Part. Generating New drag cubes.
[LOG 20:58:44.774] [KSPCF/DragCubeGeneration] Creating drag cubes for part 'sensorAccelerometer'
[LOG 20:58:44.784] PartLoader: Compiling Part 'Squad/Parts/Science/sensorBarometer/sensorBarometer/sensorBarometer'
[LOG 20:58:44.786] PartLoader: Part 'Squad/Parts/Science/sensorBarometer/sensorBarometer/sensorBarometer' has no database record. Creating.
[LOG 20:58:44.786] [DragCubeSystem]: Drag cubes not found or cannot be read for part Part. Generating New drag cubes.
[LOG 20:58:44.786] [KSPCF/DragCubeGeneration] Creating drag cubes for part 'sensorBarometer'
[LOG 20:58:44.794] PartLoader: Compiling Part 'Squad/Parts/Science/sensorGravimeter/sensorGravimeter/sensorGravimeter'
[LOG 20:58:44.796] PartLoader: Part 'Squad/Parts/Science/sensorGravimeter/sensorGravimeter/sensorGravimeter' has no database record. Creating.
[LOG 20:58:44.796] [DragCubeSystem]: Drag cubes not found or cannot be read for part Part. Generating New drag cubes.
[LOG 20:58:44.796] [KSPCF/DragCubeGeneration] Creating drag cubes for part 'sensorGravimeter'
[LOG 20:58:44.804] PartLoader: Compiling Part 'Squad/Parts/Science/sensorThermometer/sensorThermometer/sensorThermometer'
[LOG 20:58:44.807] PartLoader: Part 'Squad/Parts/Science/sensorThermometer/sensorThermometer/sensorThermometer' has no database record. Creating.
[LOG 20:58:44.807] [DragCubeSystem]: Drag cubes not found or cannot be read for part Part. Generating New drag cubes.
[LOG 20:58:44.807] [KSPCF/DragCubeGeneration] Creating drag cubes for part 'sensorThermometer'
[LOG 20:58:44.816] PartLoader: Compiling Part 'Squad/Parts/Structural/FLAdapters/adapterSmallMiniShort/adapterSmallMiniShort'
[LOG 20:58:44.819] PartLoader: Part 'Squad/Parts/Structural/FLAdapters/adapterSmallMiniShort/adapterSmallMiniShort' has no database record. Creating.
[LOG 20:58:44.819] [DragCubeSystem]: Drag cubes not found or cannot be read for part Part. Generating New drag cubes.
[LOG 20:58:44.819] [KSPCF/DragCubeGeneration] Creating drag cubes for part 'adapterSmallMiniShort'
[LOG 20:58:44.829] PartLoader: Compiling Part 'Squad/Parts/Structural/FLAdapters/adapterSmallMiniTall/adapterSmallMiniTall'
[LOG 20:58:44.831] PartLoader: Part 'Squad/Parts/Structural/FLAdapters/adapterSmallMiniTall/adapterSmallMiniTall' has no database record. Creating.
[LOG 20:58:44.832] [DragCubeSystem]: Drag cubes not found or cannot be read for part Part. Generating New drag cubes.
[LOG 20:58:44.832] [KSPCF/DragCubeGeneration] Creating drag cubes for part 'adapterSmallMiniTall'
[LOG 20:58:44.839] PartLoader: Compiling Part 'Squad/Parts/Structural/mk1Parts/engineBodyRadial/radialEngineBody'
[LOG 20:58:44.842] PartLoader: Part 'Squad/Parts/Structural/mk1Parts/engineBodyRadial/radialEngineBody' has no database record. Creating.
[LOG 20:58:44.842] [DragCubeSystem]: Drag cubes not found or cannot be read for part Part. Generating New drag cubes.
[LOG 20:58:44.842] [KSPCF/DragCubeGeneration] Creating drag cubes for part 'radialEngineBody'
[LOG 20:58:44.849] PartLoader: Compiling Part 'Squad/Parts/Structural/mk1Parts/engineNacelle/nacelleBody'
[LOG 20:58:44.854] PartLoader: Part 'Squad/Parts/Structural/mk1Parts/engineNacelle/nacelleBody' has no database record. Creating.
[LOG 20:58:44.854] [DragCubeSystem]: Drag cubes not found or cannot be read for part Part. Generating New drag cubes.
[LOG 20:58:44.854] [KSPCF/DragCubeGeneration] Creating drag cubes for part 'nacelleBody'
[LOG 20:58:44.862] PartLoader: Compiling Part 'Squad/Parts/Structural/mk1Parts/mk1Fuselage/MK1Fuselage'
[LOG 20:58:44.864] PartLoader: Part 'Squad/Parts/Structural/mk1Parts/mk1Fuselage/MK1Fuselage' has no database record. Creating.
[LOG 20:58:44.864] [DragCubeSystem]: Drag cubes not found or cannot be read for part Part. Generating New drag cubes.
[LOG 20:58:44.864] [KSPCF/DragCubeGeneration] Creating drag cubes for part 'MK1Fuselage'
[LOG 20:58:44.873] PartLoader: Compiling Part 'Squad/Parts/Structural/mk1Parts/mk1FuselageIntake/MK1IntakeFuselage'
[LOG 20:58:44.875] PartLoader: Part 'Squad/Parts/Structural/mk1Parts/mk1FuselageIntake/MK1IntakeFuselage' has no database record. Creating.
[LOG 20:58:44.875] [DragCubeSystem]: Drag cubes not found or cannot be read for part Part. Generating New drag cubes.
[LOG 20:58:44.875] [KSPCF/DragCubeGeneration] Creating drag cubes for part 'MK1IntakeFuselage'
[LOG 20:58:44.882] PartLoader: Compiling Part 'Squad/Parts/Structural/mk1Parts/mk1Structural/Mk1FuselageStructural'
[LOG 20:58:44.884] PartLoader: Part 'Squad/Parts/Structural/mk1Parts/mk1Structural/Mk1FuselageStructural' has no database record. Creating.
[LOG 20:58:44.884] PartLoader: Compiling Part 'Squad/Parts/Structural/Size3To2Adapter_v2/Size2to3_v2/Size3To2Adapter_v2'
[LOG 20:58:44.886] PartLoader: Part 'Squad/Parts/Structural/Size3To2Adapter_v2/Size2to3_v2/Size3To2Adapter_v2' has no database record. Creating.
[LOG 20:58:44.888] PartLoader: Compiling Part 'Squad/Parts/Structural/stackAdapters/adapterLargeSmallBi/adapterLargeSmallBi'
[LOG 20:58:44.890] PartLoader: Part 'Squad/Parts/Structural/stackAdapters/adapterLargeSmallBi/adapterLargeSmallBi' has no database record. Creating.
[LOG 20:58:44.890] [DragCubeSystem]: Drag cubes not found or cannot be read for part Part. Generating New drag cubes.
[LOG 20:58:44.890] [KSPCF/DragCubeGeneration] Creating drag cubes for part 'adapterLargeSmallBi'
[LOG 20:58:44.897] PartLoader: Compiling Part 'Squad/Parts/Structural/stackAdapters/adapterLargeSmallQuad/adapterLargeSmallQuad'
[LOG 20:58:44.899] PartLoader: Part 'Squad/Parts/Structural/stackAdapters/adapterLargeSmallQuad/adapterLargeSmallQuad' has no database record. Creating.
[LOG 20:58:44.899] [DragCubeSystem]: Drag cubes not found or cannot be read for part Part. Generating New drag cubes.
[LOG 20:58:44.899] [KSPCF/DragCubeGeneration] Creating drag cubes for part 'adapterLargeSmallQuad'
[LOG 20:58:44.905] PartLoader: Compiling Part 'Squad/Parts/Structural/stackAdapters/adapterLargeSmallTri/adapterLargeSmallTri'
[LOG 20:58:44.907] PartLoader: Part 'Squad/Parts/Structural/stackAdapters/adapterLargeSmallTri/adapterLargeSmallTri' has no database record. Creating.
[LOG 20:58:44.907] [DragCubeSystem]: Drag cubes not found or cannot be read for part Part. Generating New drag cubes.
[LOG 20:58:44.907] [KSPCF/DragCubeGeneration] Creating drag cubes for part 'adapterLargeSmallTri'
[LOG 20:58:44.915] PartLoader: Compiling Part 'Squad/Parts/Structural/stationHub/stationHub/stationHub'
[LOG 20:58:44.917] PartLoader: Part 'Squad/Parts/Structural/stationHub/stationHub/stationHub' has no database record. Creating.
[LOG 20:58:44.917] [DragCubeSystem]: Drag cubes not found or cannot be read for part Part. Generating New drag cubes.
[LOG 20:58:44.917] [KSPCF/DragCubeGeneration] Creating drag cubes for part 'stationHub'
[LOG 20:58:44.924] PartLoader: Compiling Part 'Squad/Parts/Structural/structuralIBeam200/structuralIBeam200/structuralIBeam2'
[LOG 20:58:44.926] PartLoader: Part 'Squad/Parts/Structural/structuralIBeam200/structuralIBeam200/structuralIBeam2' has no database record. Creating.
[LOG 20:58:44.926] [DragCubeSystem]: Drag cubes not found or cannot be read for part Part. Generating New drag cubes.
[LOG 20:58:44.926] [KSPCF/DragCubeGeneration] Creating drag cubes for part 'structuralIBeam2'
[LOG 20:58:44.932] PartLoader: Compiling Part 'Squad/Parts/Structural/structuralIBeam200Pocket/structuralIBeam200Pocket/structuralIBeam3'
[LOG 20:58:44.934] PartLoader: Part 'Squad/Parts/Structural/structuralIBeam200Pocket/structuralIBeam200Pocket/structuralIBeam3' has no database record. Creating.
[LOG 20:58:44.934] [DragCubeSystem]: Drag cubes not found or cannot be read for part Part. Generating New drag cubes.
[LOG 20:58:44.934] [KSPCF/DragCubeGeneration] Creating drag cubes for part 'structuralIBeam3'
[LOG 20:58:44.942] PartLoader: Compiling Part 'Squad/Parts/Structural/structuralIBeam650/structuralIBeam650/structuralIBeam1'
[LOG 20:58:44.944] PartLoader: Part 'Squad/Parts/Structural/structuralIBeam650/structuralIBeam650/structuralIBeam1' has no database record. Creating.
[LOG 20:58:44.944] [DragCubeSystem]: Drag cubes not found or cannot be read for part Part. Generating New drag cubes.
[LOG 20:58:44.944] [KSPCF/DragCubeGeneration] Creating drag cubes for part 'structuralIBeam1'
[LOG 20:58:44.950] PartLoader: Compiling Part 'Squad/Parts/Structural/structuralMicronode/structuralMicronode/structuralMiniNode'
[LOG 20:58:44.952] PartLoader: Part 'Squad/Parts/Structural/structuralMicronode/structuralMicronode/structuralMiniNode' has no database record. Creating.
[LOG 20:58:44.952] [DragCubeSystem]: Drag cubes not found or cannot be read for part Part. Generating New drag cubes.
[LOG 20:58:44.952] [KSPCF/DragCubeGeneration] Creating drag cubes for part 'structuralMiniNode'
[LOG 20:58:44.960] PartLoader: Compiling Part 'Squad/Parts/Structural/structuralPanel1x1/structuralPanel1x1/structuralPanel1'
[LOG 20:58:44.966] PartLoader: Part 'Squad/Parts/Structural/structuralPanel1x1/structuralPanel1x1/structuralPanel1' has no database record. Creating.
[LOG 20:58:44.966] [DragCubeSystem]: Drag cubes not found or cannot be read for part Part. Generating New drag cubes.
[LOG 20:58:44.966] [KSPCF/DragCubeGeneration] Creating drag cubes for part 'structuralPanel1'
[LOG 20:58:44.975] PartLoader: Compiling Part 'Squad/Parts/Structural/structuralPanel2x2/structuralPanel2x2/structuralPanel2'
[LOG 20:58:44.977] PartLoader: Part 'Squad/Parts/Structural/structuralPanel2x2/structuralPanel2x2/structuralPanel2' has no database record. Creating.
[LOG 20:58:44.977] [DragCubeSystem]: Drag cubes not found or cannot be read for part Part. Generating New drag cubes.
[LOG 20:58:44.977] [KSPCF/DragCubeGeneration] Creating drag cubes for part 'structuralPanel2'
[LOG 20:58:44.984] PartLoader: Compiling Part 'Squad/Parts/Structural/structuralPylons/smallHardpoint/smallHardpoint'
[LOG 20:58:44.988] PartLoader: Part 'Squad/Parts/Structural/structuralPylons/smallHardpoint/smallHardpoint' has no database record. Creating.
[LOG 20:58:44.988] [DragCubeSystem]: Drag cubes not found or cannot be read for part Part. Generating New drag cubes.
[LOG 20:58:44.988] [KSPCF/DragCubeGeneration] Creating drag cubes for part 'smallHardpoint'
[LOG 20:58:44.996] PartLoader: Compiling Part 'Squad/Parts/Structural/structuralPylons/structuralPylon/structuralPylon'
[LOG 20:58:44.999] PartLoader: Part 'Squad/Parts/Structural/structuralPylons/structuralPylon/structuralPylon' has no database record. Creating.
[LOG 20:58:44.999] [DragCubeSystem]: Drag cubes not found or cannot be read for part Part. Generating New drag cubes.
[LOG 20:58:44.999] [KSPCF/DragCubeGeneration] Creating drag cubes for part 'structuralPylon'
[LOG 20:58:45.006] PartLoader: Compiling Part 'Squad/Parts/Structural/strutCubicOcto/strutCubicOcto/strutCube'
[LOG 20:58:45.008] PartLoader: Part 'Squad/Parts/Structural/strutCubicOcto/strutCubicOcto/strutCube' has no database record. Creating.
[LOG 20:58:45.008] [DragCubeSystem]: Drag cubes not found or cannot be read for part Part. Generating New drag cubes.
[LOG 20:58:45.008] [KSPCF/DragCubeGeneration] Creating drag cubes for part 'strutCube'
[LOG 20:58:45.014] PartLoader: Compiling Part 'Squad/Parts/Structural/strutOcto/strutOcto/strutOcto'
[LOG 20:58:45.016] PartLoader: Part 'Squad/Parts/Structural/strutOcto/strutOcto/strutOcto' has no database record. Creating.
[LOG 20:58:45.016] [DragCubeSystem]: Drag cubes not found or cannot be read for part Part. Generating New drag cubes.
[LOG 20:58:45.016] [KSPCF/DragCubeGeneration] Creating drag cubes for part 'strutOcto'
[LOG 20:58:45.023] PartLoader: Compiling Part 'Squad/Parts/Structural/trussGirderAdapter/trussGirderAdapter/trussAdapter'
[LOG 20:58:45.025] PartLoader: Part 'Squad/Parts/Structural/trussGirderAdapter/trussGirderAdapter/trussAdapter' has no database record. Creating.
[LOG 20:58:45.025] [DragCubeSystem]: Drag cubes not found or cannot be read for part Part. Generating New drag cubes.
[LOG 20:58:45.025] [KSPCF/DragCubeGeneration] Creating drag cubes for part 'trussAdapter'
[LOG 20:58:45.034] PartLoader: Compiling Part 'Squad/Parts/Structural/trussGirderL/trussGirderL/trussPiece1x'
[LOG 20:58:45.037] PartLoader: Part 'Squad/Parts/Structural/trussGirderL/trussGirderL/trussPiece1x' has no database record. Creating.
[LOG 20:58:45.037] [DragCubeSystem]: Drag cubes not found or cannot be read for part Part. Generating New drag cubes.
[LOG 20:58:45.038] [KSPCF/DragCubeGeneration] Creating drag cubes for part 'trussPiece1x'
[LOG 20:58:45.045] PartLoader: Compiling Part 'Squad/Parts/Structural/trussGirderXL/trussGirderXL/trussPiece3x'
[LOG 20:58:45.047] PartLoader: Part 'Squad/Parts/Structural/trussGirderXL/trussGirderXL/trussPiece3x' has no database record. Creating.
[LOG 20:58:45.047] [DragCubeSystem]: Drag cubes not found or cannot be read for part Part. Generating New drag cubes.
[LOG 20:58:45.047] [KSPCF/DragCubeGeneration] Creating drag cubes for part 'trussPiece3x'
[LOG 20:58:45.055] PartLoader: Compiling Part 'Squad/Parts/Thermal/FoldingRadiators/foldingRadLarge/foldingRadLarge'
[LOG 20:58:45.064] PartLoader: Part 'Squad/Parts/Thermal/FoldingRadiators/foldingRadLarge/foldingRadLarge' has no database record. Creating.
[LOG 20:58:45.065] PartLoader: Compiling Part 'Squad/Parts/Thermal/FoldingRadiators/foldingRadMed/foldingRadMed'
[LOG 20:58:45.068] PartLoader: Part 'Squad/Parts/Thermal/FoldingRadiators/foldingRadMed/foldingRadMed' has no database record. Creating.
[LOG 20:58:45.069] PartLoader: Compiling Part 'Squad/Parts/Thermal/FoldingRadiators/foldingRadSmall/foldingRadSmall'
[LOG 20:58:45.073] PartLoader: Part 'Squad/Parts/Thermal/FoldingRadiators/foldingRadSmall/foldingRadSmall' has no database record. Creating.
[LOG 20:58:45.073] PartLoader: Compiling Part 'Squad/Parts/Thermal/RadiatorPanels/radPanelEdge/radPanelEdge'
[LOG 20:58:45.076] PartLoader: Part 'Squad/Parts/Thermal/RadiatorPanels/radPanelEdge/radPanelEdge' has no database record. Creating.
[LOG 20:58:45.076] [DragCubeSystem]: Drag cubes not found or cannot be read for part Part. Generating New drag cubes.
[LOG 20:58:45.076] [KSPCF/DragCubeGeneration] Creating drag cubes for part 'radPanelEdge'
[LOG 20:58:45.083] PartLoader: Compiling Part 'Squad/Parts/Thermal/RadiatorPanels/radPanelLg/radPanelLg'
[LOG 20:58:45.085] PartLoader: Part 'Squad/Parts/Thermal/RadiatorPanels/radPanelLg/radPanelLg' has no database record. Creating.
[LOG 20:58:45.085] [DragCubeSystem]: Drag cubes not found or cannot be read for part Part. Generating New drag cubes.
[LOG 20:58:45.085] [KSPCF/DragCubeGeneration] Creating drag cubes for part 'radPanelLg'
[LOG 20:58:45.095] PartLoader: Compiling Part 'Squad/Parts/Thermal/RadiatorPanels/radPanelSm/radPanelSm'
[LOG 20:58:45.097] PartLoader: Part 'Squad/Parts/Thermal/RadiatorPanels/radPanelSm/radPanelSm' has no database record. Creating.
[LOG 20:58:45.097] [DragCubeSystem]: Drag cubes not found or cannot be read for part Part. Generating New drag cubes.
[LOG 20:58:45.097] [KSPCF/DragCubeGeneration] Creating drag cubes for part 'radPanelSm'
[LOG 20:58:45.104] PartLoader: Compiling Part 'Squad/Parts/Utility/commDish88-88/commDish88-88/commDish'
[LOG 20:58:45.108] PartLoader: Part 'Squad/Parts/Utility/commDish88-88/commDish88-88/commDish' has no database record. Creating.
[LOG 20:58:45.108] [DragCubeSystem]: Drag cubes not found or cannot be read for part Part. Generating New drag cubes.
[LOG 20:58:45.108] [KSPCF/DragCubeGeneration] Creating drag cubes for part 'commDish'
[LOG 20:58:45.130] PartLoader: Compiling Part 'Squad/Parts/Utility/commsAntennaDTS-M1/commsAntennaDTS-M1/mediumDishAntenna'
[LOG 20:58:45.133] PartLoader: Part 'Squad/Parts/Utility/commsAntennaDTS-M1/commsAntennaDTS-M1/mediumDishAntenna' has no database record. Creating.
[LOG 20:58:45.133] [DragCubeSystem]: Drag cubes not found or cannot be read for part Part. Generating New drag cubes.
[LOG 20:58:45.134] [KSPCF/DragCubeGeneration] Creating drag cubes for part 'mediumDishAntenna'
[LOG 20:58:45.155] PartLoader: Compiling Part 'Squad/Parts/Utility/commsDish16/commsAntenna16/longAntenna'
[LOG 20:58:45.158] PartLoader: Part 'Squad/Parts/Utility/commsDish16/commsAntenna16/longAntenna' has no database record. Creating.
[LOG 20:58:45.158] [DragCubeSystem]: Drag cubes not found or cannot be read for part Part. Generating New drag cubes.
[LOG 20:58:45.158] [KSPCF/DragCubeGeneration] Creating drag cubes for part 'longAntenna'
[LOG 20:58:45.177] PartLoader: Compiling Part 'Squad/Parts/Utility/decouplerRadialHDM/decouplerRadialHDM/radialDecoupler1-2'
[LOG 20:58:45.183] PartLoader: Part 'Squad/Parts/Utility/decouplerRadialHDM/decouplerRadialHDM/radialDecoupler1-2' has no database record. Creating.
[LOG 20:58:45.183] [DragCubeSystem]: Drag cubes not found or cannot be read for part Part. Generating New drag cubes.
[LOG 20:58:45.183] [KSPCF/DragCubeGeneration] Creating drag cubes for part 'radialDecoupler1-2'
[LOG 20:58:45.191] PartLoader: Compiling Part 'Squad/Parts/Utility/decouplerRadialTT-38K/decouplerRadialTT-38K/radialDecoupler'
[LOG 20:58:45.194] PartLoader: Part 'Squad/Parts/Utility/decouplerRadialTT-38K/decouplerRadialTT-38K/radialDecoupler' has no database record. Creating.
[LOG 20:58:45.194] [DragCubeSystem]: Drag cubes not found or cannot be read for part Part. Generating New drag cubes.
[LOG 20:58:45.194] [KSPCF/DragCubeGeneration] Creating drag cubes for part 'radialDecoupler'
[LOG 20:58:45.203] PartLoader: Compiling Part 'Squad/Parts/Utility/decouplerRadialTT-70/decouplerRadialTT-70/radialDecoupler2'
[LOG 20:58:45.209] PartLoader: Part 'Squad/Parts/Utility/decouplerRadialTT-70/decouplerRadialTT-70/radialDecoupler2' has no database record. Creating.
[LOG 20:58:45.209] [DragCubeSystem]: Drag cubes not found or cannot be read for part Part. Generating New drag cubes.
[LOG 20:58:45.209] [KSPCF/DragCubeGeneration] Creating drag cubes for part 'radialDecoupler2'
[LOG 20:58:45.217] PartLoader: Compiling Part 'Squad/Parts/Utility/DirectAntennas/C16S/SurfAntenna'
[LOG 20:58:45.218] PartLoader: Part 'Squad/Parts/Utility/DirectAntennas/C16S/SurfAntenna' has no database record. Creating.
[LOG 20:58:45.218] [DragCubeSystem]: Drag cubes not found or cannot be read for part Part. Generating New drag cubes.
[LOG 20:58:45.218] [KSPCF/DragCubeGeneration] Creating drag cubes for part 'SurfAntenna'
[LOG 20:58:45.226] PartLoader: Compiling Part 'Squad/Parts/Utility/DirectAntennas/HG-5/HighGainAntenna5'
[LOG 20:58:45.229] PartLoader: Part 'Squad/Parts/Utility/DirectAntennas/HG-5/HighGainAntenna5' has no database record. Creating.
[LOG 20:58:45.229] [DragCubeSystem]: Drag cubes not found or cannot be read for part Part. Generating New drag cubes.
[LOG 20:58:45.229] [KSPCF/DragCubeGeneration] Creating drag cubes for part 'HighGainAntenna5'
[LOG 20:58:45.256] PartLoader: Compiling Part 'Squad/Parts/Utility/DirectAntennas/HG-5_v2/HighGainAntenna5_v2'
[LOG 20:58:45.260] PartLoader: Part 'Squad/Parts/Utility/DirectAntennas/HG-5_v2/HighGainAntenna5_v2' has no database record. Creating.
[LOG 20:58:45.261] [DragCubeSystem]: Drag cubes not found or cannot be read for part Part. Generating New drag cubes.
[LOG 20:58:45.261] [KSPCF/DragCubeGeneration] Creating drag cubes for part 'HighGainAntenna5.v2'
[LOG 20:58:45.287] PartLoader: Compiling Part 'Squad/Parts/Utility/dockingPort/dockingPort/dockingPort2'
[LOG 20:58:45.296] PartLoader: Part 'Squad/Parts/Utility/dockingPort/dockingPort/dockingPort2' has no database record. Creating.
[LOG 20:58:45.296] [DragCubeSystem]: Drag cubes not found or cannot be read for part Part. Generating New drag cubes.
[LOG 20:58:45.296] [KSPCF/DragCubeGeneration] Creating drag cubes for part 'dockingPort2'
[LOG 20:58:45.304] PartLoader: Compiling Part 'Squad/Parts/Utility/dockingPortInline/dockingPortInline/dockingPortLateral'
[LOG 20:58:45.308] PartLoader: Part 'Squad/Parts/Utility/dockingPortInline/dockingPortInline/dockingPortLateral' has no database record. Creating.
[LOG 20:58:45.308] [DragCubeSystem]: Drag cubes not found or cannot be read for part Part. Generating New drag cubes.
[LOG 20:58:45.308] [KSPCF/DragCubeGeneration] Creating drag cubes for part 'dockingPortLateral'
[LOG 20:58:45.327] PartLoader: Compiling Part 'Squad/Parts/Utility/dockingPortJr/dockingPortJr/dockingPort3'
[LOG 20:58:45.329] PartLoader: Part 'Squad/Parts/Utility/dockingPortJr/dockingPortJr/dockingPort3' has no database record. Creating.
[LOG 20:58:45.331] [DragCubeSystem]: Drag cubes not found or cannot be read for part Part. Generating New drag cubes.
[LOG 20:58:45.331] [KSPCF/DragCubeGeneration] Creating drag cubes for part 'dockingPort3'
[LOG 20:58:45.337] PartLoader: Compiling Part 'Squad/Parts/Utility/dockingPortShielded/dockingPortShielded/dockingPort1'
[LOG 20:58:45.342] PartLoader: Part 'Squad/Parts/Utility/dockingPortShielded/dockingPortShielded/dockingPort1' has no database record. Creating.
[LOG 20:58:45.342] [DragCubeSystem]: Drag cubes not found or cannot be read for part Part. Generating New drag cubes.
[LOG 20:58:45.342] [KSPCF/DragCubeGeneration] Creating drag cubes for part 'dockingPort1'
[LOG 20:58:45.364] PartLoader: Compiling Part 'Squad/Parts/Utility/dockingPortSr/dockingPortSr/dockingPortLarge'
[LOG 20:58:45.367] PartLoader: Part 'Squad/Parts/Utility/dockingPortSr/dockingPortSr/dockingPortLarge' has no database record. Creating.
[LOG 20:58:45.367] [DragCubeSystem]: Drag cubes not found or cannot be read for part Part. Generating New drag cubes.
[LOG 20:58:45.367] [KSPCF/DragCubeGeneration] Creating drag cubes for part 'dockingPortLarge'
[LOG 20:58:45.376] PartLoader: Compiling Part 'Squad/Parts/Utility/Fireworks/fireworksLauncherBig/fireworksLauncherBig'
[LOG 20:58:45.384] PartLoader: Part 'Squad/Parts/Utility/Fireworks/fireworksLauncherBig/fireworksLauncherBig' has no database record. Creating.
[LOG 20:58:45.384] [DragCubeSystem]: Drag cubes not found or cannot be read for part Part. Generating New drag cubes.
[LOG 20:58:45.384] [KSPCF/DragCubeGeneration] Creating drag cubes for part 'fireworksLauncherBig'
[LOG 20:58:45.394] PartLoader: Compiling Part 'Squad/Parts/Utility/Fireworks/fireworksLauncherSmall/fireworksLauncherSmall'
[LOG 20:58:45.398] PartLoader: Part 'Squad/Parts/Utility/Fireworks/fireworksLauncherSmall/fireworksLauncherSmall' has no database record. Creating.
[LOG 20:58:45.398] [DragCubeSystem]: Drag cubes not found or cannot be read for part Part. Generating New drag cubes.
[LOG 20:58:45.398] [KSPCF/DragCubeGeneration] Creating drag cubes for part 'fireworksLauncherSmall'
[LOG 20:58:45.405] PartLoader: Compiling Part 'Squad/Parts/Utility/flags/flagFlat/flagFlat/flagPartFlat'
[LOG 20:58:45.413] PartLoader: Part 'Squad/Parts/Utility/flags/flagFlat/flagFlat/flagPartFlat' has no database record. Creating.
[LOG 20:58:45.413] [DragCubeSystem]: Drag cubes not found or cannot be read for part Part. Generating New drag cubes.
[LOG 20:58:45.413] [KSPCF/DragCubeGeneration] Creating drag cubes for part 'flagPartFlat'
[LOG 20:58:45.420] PartLoader: Compiling Part 'Squad/Parts/Utility/flags/flagSize0/flagSize0/flagPartSize0'
[LOG 20:58:45.424] PartLoader: Part 'Squad/Parts/Utility/flags/flagSize0/flagSize0/flagPartSize0' has no database record. Creating.
[LOG 20:58:45.424] [DragCubeSystem]: Drag cubes not found or cannot be read for part Part. Generating New drag cubes.
[LOG 20:58:45.424] [KSPCF/DragCubeGeneration] Creating drag cubes for part 'flagPartSize0'
[LOG 20:58:45.432] PartLoader: Compiling Part 'Squad/Parts/Utility/flags/flagSize1/flagSize1/flagPartSize1'
[LOG 20:58:45.436] PartLoader: Part 'Squad/Parts/Utility/flags/flagSize1/flagSize1/flagPartSize1' has no database record. Creating.
[LOG 20:58:45.436] [DragCubeSystem]: Drag cubes not found or cannot be read for part Part. Generating New drag cubes.
[LOG 20:58:45.436] [KSPCF/DragCubeGeneration] Creating drag cubes for part 'flagPartSize1'
[LOG 20:58:45.443] PartLoader: Compiling Part 'Squad/Parts/Utility/flags/flagSize2/flagSize2/flagPartSize2'
[LOG 20:58:45.446] PartLoader: Part 'Squad/Parts/Utility/flags/flagSize2/flagSize2/flagPartSize2' has no database record. Creating.
[LOG 20:58:45.446] [DragCubeSystem]: Drag cubes not found or cannot be read for part Part. Generating New drag cubes.
[LOG 20:58:45.447] [KSPCF/DragCubeGeneration] Creating drag cubes for part 'flagPartSize2'
[LOG 20:58:45.455] PartLoader: Compiling Part 'Squad/Parts/Utility/flags/flagSize3/flagSize3/flagPartSize3'
[LOG 20:58:45.458] PartLoader: Part 'Squad/Parts/Utility/flags/flagSize3/flagSize3/flagPartSize3' has no database record. Creating.
[LOG 20:58:45.458] [DragCubeSystem]: Drag cubes not found or cannot be read for part Part. Generating New drag cubes.
[LOG 20:58:45.458] [KSPCF/DragCubeGeneration] Creating drag cubes for part 'flagPartSize3'
[LOG 20:58:45.466] PartLoader: Compiling Part 'Squad/Parts/Utility/GrapplingDevice/part/GrapplingDevice'
[LOG 20:58:45.475] PartLoader: Part 'Squad/Parts/Utility/GrapplingDevice/part/GrapplingDevice' has no database record. Creating.
[LOG 20:58:45.475] [DragCubeSystem]: Drag cubes not found or cannot be read for part Part. Generating New drag cubes.
[LOG 20:58:45.475] [KSPCF/DragCubeGeneration] Creating drag cubes for part 'GrapplingDevice'
[LOG 20:58:45.499] PartLoader: Compiling Part 'Squad/Parts/Utility/ladderRadial/ladderRadial/ladder1'
[LOG 20:58:45.502] PartLoader: Part 'Squad/Parts/Utility/ladderRadial/ladderRadial/ladder1' has no database record. Creating.
[LOG 20:58:45.502] [DragCubeSystem]: Drag cubes not found or cannot be read for part Part. Generating New drag cubes.
[LOG 20:58:45.502] [KSPCF/DragCubeGeneration] Creating drag cubes for part 'ladder1'
[LOG 20:58:45.511] PartLoader: Compiling Part 'Squad/Parts/Utility/ladderTelescopic/ladderTelescopic/telescopicLadder'
[LOG 20:58:45.516] PartLoader: Part 'Squad/Parts/Utility/ladderTelescopic/ladderTelescopic/telescopicLadder' has no database record. Creating.
[LOG 20:58:45.516] [DragCubeSystem]: Drag cubes not found or cannot be read for part Part. Generating New drag cubes.
[LOG 20:58:45.516] [KSPCF/DragCubeGeneration] Creating drag cubes for part 'telescopicLadder'
[LOG 20:58:45.537] PartLoader: Compiling Part 'Squad/Parts/Utility/ladderTelescopicBay/ladderTelescopicBay/telescopicLadderBay'
[LOG 20:58:45.547] PartLoader: Part 'Squad/Parts/Utility/ladderTelescopicBay/ladderTelescopicBay/telescopicLadderBay' has no database record. Creating.
[LOG 20:58:45.547] [DragCubeSystem]: Drag cubes not found or cannot be read for part Part. Generating New drag cubes.
[LOG 20:58:45.547] [KSPCF/DragCubeGeneration] Creating drag cubes for part 'telescopicLadderBay'
[LOG 20:58:45.568] PartLoader: Compiling Part 'Squad/Parts/Utility/landingLegLT-1/landingLegLT-1/landingLeg1'
[LOG 20:58:45.586] PartLoader: Part 'Squad/Parts/Utility/landingLegLT-1/landingLegLT-1/landingLeg1' has no database record. Creating.
[LOG 20:58:45.586] [DragCubeSystem]: Drag cubes not found or cannot be read for part Part. Generating New drag cubes.
[LOG 20:58:45.586] [KSPCF/DragCubeGeneration] Creating drag cubes for part 'landingLeg1'
[LOG 20:58:45.606] PartLoader: Compiling Part 'Squad/Parts/Utility/landingLegLT-2/landingLegLT-2/landingLeg1-2'
[LOG 20:58:45.610] PartLoader: Part 'Squad/Parts/Utility/landingLegLT-2/landingLegLT-2/landingLeg1-2' has no database record. Creating.
[LOG 20:58:45.611] [DragCubeSystem]: Drag cubes not found or cannot be read for part Part. Generating New drag cubes.
[LOG 20:58:45.611] [KSPCF/DragCubeGeneration] Creating drag cubes for part 'landingLeg1-2'
[LOG 20:58:45.631] PartLoader: Compiling Part 'Squad/Parts/Utility/landingLegLT-5/landingLegLT-5/miniLandingLeg'
[LOG 20:58:45.636] PartLoader: Part 'Squad/Parts/Utility/landingLegLT-5/landingLegLT-5/miniLandingLeg' has no database record. Creating.
[LOG 20:58:45.636] [DragCubeSystem]: Drag cubes not found or cannot be read for part Part. Generating New drag cubes.
[LOG 20:58:45.636] [KSPCF/DragCubeGeneration] Creating drag cubes for part 'miniLandingLeg'
[LOG 20:58:45.656] PartLoader: Compiling Part 'Squad/Parts/Utility/launchClamp1/launchClamp1/launchClamp1'
[LOG 20:58:45.662] PartLoader: Part 'Squad/Parts/Utility/launchClamp1/launchClamp1/launchClamp1' has no database record. Creating.
[LOG 20:58:45.662] [DragCubeSystem]: Drag cubes not found or cannot be read for part Part. Generating New drag cubes.
[LOG 20:58:45.662] [KSPCF/DragCubeGeneration] Creating drag cubes for part 'launchClamp1'
[LOG 20:58:45.670] PartLoader: Compiling Part 'Squad/Parts/Utility/launchEscapeSystem/part/LaunchEscapeSystem'
[LOG 20:58:45.674] PartLoader: Part 'Squad/Parts/Utility/launchEscapeSystem/part/LaunchEscapeSystem' has no database record. Creating.
[LOG 20:58:45.674] [DragCubeSystem]: Drag cubes not found or cannot be read for part Part. Generating New drag cubes.
[LOG 20:58:45.674] [KSPCF/DragCubeGeneration] Creating drag cubes for part 'LaunchEscapeSystem'
[LOG 20:58:45.682] PartLoader: Compiling Part 'Squad/Parts/Utility/Lights/domeLight1/domeLight1'
[LOG 20:58:45.685] PartLoader: Part 'Squad/Parts/Utility/Lights/domeLight1/domeLight1' has no database record. Creating.
[LOG 20:58:45.686] [DragCubeSystem]: Drag cubes not found or cannot be read for part Part. Generating New drag cubes.
[LOG 20:58:45.686] [KSPCF/DragCubeGeneration] Creating drag cubes for part 'domeLight1'
[LOG 20:58:45.694] PartLoader: Compiling Part 'Squad/Parts/Utility/Lights/groundLight1/groundLight1'
[LOG 20:58:45.697] PartLoader: Part 'Squad/Parts/Utility/Lights/groundLight1/groundLight1' has no database record. Creating.
[LOG 20:58:45.697] [DragCubeSystem]: Drag cubes not found or cannot be read for part Part. Generating New drag cubes.
[LOG 20:58:45.697] [KSPCF/DragCubeGeneration] Creating drag cubes for part 'groundLight1'
[LOG 20:58:45.705] PartLoader: Compiling Part 'Squad/Parts/Utility/Lights/groundLight2/groundLight2'
[LOG 20:58:45.708] PartLoader: Part 'Squad/Parts/Utility/Lights/groundLight2/groundLight2' has no database record. Creating.
[LOG 20:58:45.708] [DragCubeSystem]: Drag cubes not found or cannot be read for part Part. Generating New drag cubes.
[LOG 20:58:45.708] [KSPCF/DragCubeGeneration] Creating drag cubes for part 'groundLight2'
[LOG 20:58:45.717] PartLoader: Compiling Part 'Squad/Parts/Utility/Lights/navLight1/navLight1'
[LOG 20:58:45.721] PartLoader: Part 'Squad/Parts/Utility/Lights/navLight1/navLight1' has no database record. Creating.
[LOG 20:58:45.721] [DragCubeSystem]: Drag cubes not found or cannot be read for part Part. Generating New drag cubes.
[LOG 20:58:45.721] [KSPCF/DragCubeGeneration] Creating drag cubes for part 'navLight1'
[LOG 20:58:45.729] PartLoader: Compiling Part 'Squad/Parts/Utility/Lights/spotLight1/spotLight3'
[LOG 20:58:45.732] PartLoader: Part 'Squad/Parts/Utility/Lights/spotLight1/spotLight3' has no database record. Creating.
[LOG 20:58:45.732] [DragCubeSystem]: Drag cubes not found or cannot be read for part Part. Generating New drag cubes.
[LOG 20:58:45.732] [KSPCF/DragCubeGeneration] Creating drag cubes for part 'spotLight3'
[LOG 20:58:45.740] PartLoader: Compiling Part 'Squad/Parts/Utility/Lights/stripLight1/stripLight1'
[LOG 20:58:45.743] PartLoader: Part 'Squad/Parts/Utility/Lights/stripLight1/stripLight1' has no database record. Creating.
[LOG 20:58:45.743] [DragCubeSystem]: Drag cubes not found or cannot be read for part Part. Generating New drag cubes.
[LOG 20:58:45.743] [KSPCF/DragCubeGeneration] Creating drag cubes for part 'stripLight1'
[LOG 20:58:45.750] PartLoader: Compiling Part 'Squad/Parts/Utility/linearVernorRCS/linearRCS/linearRcs'
[LOG 20:58:45.757] PartLoader: Part 'Squad/Parts/Utility/linearVernorRCS/linearRCS/linearRcs' has no database record. Creating.
[LOG 20:58:45.757] [DragCubeSystem]: Drag cubes not found or cannot be read for part Part. Generating New drag cubes.
[LOG 20:58:45.757] [KSPCF/DragCubeGeneration] Creating drag cubes for part 'linearRcs'
[LOG 20:58:45.766] PartLoader: Compiling Part 'Squad/Parts/Utility/linearVernorRCS/vernorEngine/vernierEngine'
[LOG 20:58:45.769] PartLoader: Part 'Squad/Parts/Utility/linearVernorRCS/vernorEngine/vernierEngine' has no database record. Creating.
[LOG 20:58:45.769] [DragCubeSystem]: Drag cubes not found or cannot be read for part Part. Generating New drag cubes.
[LOG 20:58:45.769] [KSPCF/DragCubeGeneration] Creating drag cubes for part 'vernierEngine'
[LOG 20:58:45.778] PartLoader: Compiling Part 'Squad/Parts/Utility/mk2CargoBay/BayL/mk2CargoBayL'
[LOG 20:58:45.781] PartLoader: Part 'Squad/Parts/Utility/mk2CargoBay/BayL/mk2CargoBayL' has no database record. Creating.
[LOG 20:58:45.781] PartLoader: Compiling Part 'Squad/Parts/Utility/mk2CargoBay/BayS/mk2CargoBayS'
[LOG 20:58:45.785] PartLoader: Part 'Squad/Parts/Utility/mk2CargoBay/BayS/mk2CargoBayS' has no database record. Creating.
[LOG 20:58:45.785] PartLoader: Compiling Part 'Squad/Parts/Utility/mk2CrewCabin/mk2CrewCabin/mk2CrewCabin'
[WRN 20:58:45.786] [Part]: Cannot have ModuleCargoPart and ModuleInventoryPart on same Part [mk2CrewCabin'. Removed ModuleCargoPart
[LOG 20:58:45.789] PartLoader: Part 'Squad/Parts/Utility/mk2CrewCabin/mk2CrewCabin/mk2CrewCabin' has no database record. Creating.
[LOG 20:58:45.789] [DragCubeSystem]: Drag cubes not found or cannot be read for part Part. Generating New drag cubes.
[LOG 20:58:45.789] [KSPCF/DragCubeGeneration] Creating drag cubes for part 'mk2CrewCabin'
[LOG 20:58:45.797] PartLoader: Compiling Part 'Squad/Parts/Utility/mk2DockingPort/mk2DockingPort/mk2DockingPort'
[LOG 20:58:45.801] PartLoader: Part 'Squad/Parts/Utility/mk2DockingPort/mk2DockingPort/mk2DockingPort' has no database record. Creating.
[LOG 20:58:45.801] PartLoader: Compiling Part 'Squad/Parts/Utility/mk3CargoBay/long/mk3CargoBayL'
[LOG 20:58:45.803] PartLoader: Part 'Squad/Parts/Utility/mk3CargoBay/long/mk3CargoBayL' has no database record. Creating.
[LOG 20:58:45.803] PartLoader: Compiling Part 'Squad/Parts/Utility/mk3CargoBay/medium/mk3CargoBayM'
[LOG 20:58:45.805] PartLoader: Part 'Squad/Parts/Utility/mk3CargoBay/medium/mk3CargoBayM' has no database record. Creating.
[LOG 20:58:45.805] PartLoader: Compiling Part 'Squad/Parts/Utility/mk3CargoBay/ramp/mk3CargoRamp'
[LOG 20:58:45.807] PartLoader: Part 'Squad/Parts/Utility/mk3CargoBay/ramp/mk3CargoRamp' has no database record. Creating.
[LOG 20:58:45.807] PartLoader: Compiling Part 'Squad/Parts/Utility/mk3CargoBay/short/mk3CargoBayS'
[LOG 20:58:45.810] PartLoader: Part 'Squad/Parts/Utility/mk3CargoBay/short/mk3CargoBayS' has no database record. Creating.
[LOG 20:58:45.810] PartLoader: Compiling Part 'Squad/Parts/Utility/parachuteMk1/parachuteMk1/parachuteSingle'
[LOG 20:58:45.816] PartLoader: Part 'Squad/Parts/Utility/parachuteMk1/parachuteMk1/parachuteSingle' has no database record. Creating.
[LOG 20:58:45.816] [DragCubeSystem]: Drag cubes not found or cannot be read for part Part. Generating New drag cubes.
[LOG 20:58:45.816] [KSPCF/DragCubeGeneration] Creating drag cubes for part 'parachuteSingle'
[LOG 20:58:45.847] PartLoader: Compiling Part 'Squad/Parts/Utility/parachuteMk12-R/parachuteMk12-R/radialDrogue'
[LOG 20:58:45.850] PartLoader: Part 'Squad/Parts/Utility/parachuteMk12-R/parachuteMk12-R/radialDrogue' has no database record. Creating.
[LOG 20:58:45.850] [DragCubeSystem]: Drag cubes not found or cannot be read for part Part. Generating New drag cubes.
[LOG 20:58:45.850] [KSPCF/DragCubeGeneration] Creating drag cubes for part 'radialDrogue'
[LOG 20:58:45.877] PartLoader: Compiling Part 'Squad/Parts/Utility/parachuteMk16-XL/parachuteMk16-XL/parachuteLarge'
[LOG 20:58:45.884] PartLoader: Part 'Squad/Parts/Utility/parachuteMk16-XL/parachuteMk16-XL/parachuteLarge' has no database record. Creating.
[LOG 20:58:45.884] [DragCubeSystem]: Drag cubes not found or cannot be read for part Part. Generating New drag cubes.
[LOG 20:58:45.884] [KSPCF/DragCubeGeneration] Creating drag cubes for part 'parachuteLarge'
[LOG 20:58:45.915] PartLoader: Compiling Part 'Squad/Parts/Utility/parachuteMk2-R/parachuteMk2-R/parachuteRadial'
[LOG 20:58:45.920] PartLoader: Part 'Squad/Parts/Utility/parachuteMk2-R/parachuteMk2-R/parachuteRadial' has no database record. Creating.
[LOG 20:58:45.920] [DragCubeSystem]: Drag cubes not found or cannot be read for part Part. Generating New drag cubes.
[LOG 20:58:45.920] [KSPCF/DragCubeGeneration] Creating drag cubes for part 'parachuteRadial'
[LOG 20:58:45.957] PartLoader: Compiling Part 'Squad/Parts/Utility/parachuteMk25/parachuteMk25/parachuteDrogue'
[LOG 20:58:45.960] PartLoader: Part 'Squad/Parts/Utility/parachuteMk25/parachuteMk25/parachuteDrogue' has no database record. Creating.
[LOG 20:58:45.960] [DragCubeSystem]: Drag cubes not found or cannot be read for part Part. Generating New drag cubes.
[LOG 20:58:45.960] [KSPCF/DragCubeGeneration] Creating drag cubes for part 'parachuteDrogue'
[LOG 20:58:45.987] PartLoader: Compiling Part 'Squad/Parts/Utility/radialAttachmentPoint/radialAttachmentPoint/stackPoint1'
[LOG 20:58:45.990] PartLoader: Part 'Squad/Parts/Utility/radialAttachmentPoint/radialAttachmentPoint/stackPoint1' has no database record. Creating.
[LOG 20:58:45.990] [DragCubeSystem]: Drag cubes not found or cannot be read for part Part. Generating New drag cubes.
[LOG 20:58:45.990] [KSPCF/DragCubeGeneration] Creating drag cubes for part 'stackPoint1'
[LOG 20:58:45.997] PartLoader: Compiling Part 'Squad/Parts/Utility/rcsBlockRV-105_v2/rcsBlockRV-105/RCSBlock_v2'
[LOG 20:58:46.002] PartLoader: Part 'Squad/Parts/Utility/rcsBlockRV-105_v2/rcsBlockRV-105/RCSBlock_v2' has no database record. Creating.
[LOG 20:58:46.002] [DragCubeSystem]: Drag cubes not found or cannot be read for part Part. Generating New drag cubes.
[LOG 20:58:46.002] [KSPCF/DragCubeGeneration] Creating drag cubes for part 'RCSBlock.v2'
[LOG 20:58:46.050] PartLoader: Compiling Part 'Squad/Parts/Utility/rcsBlockRV-105_v2/RCSblock_01_small/RCSblock_01_small'
[LOG 20:58:46.057] PartLoader: Part 'Squad/Parts/Utility/rcsBlockRV-105_v2/RCSblock_01_small/RCSblock_01_small' has no database record. Creating.
[LOG 20:58:46.057] [DragCubeSystem]: Drag cubes not found or cannot be read for part Part. Generating New drag cubes.
[LOG 20:58:46.057] [KSPCF/DragCubeGeneration] Creating drag cubes for part 'RCSblock.01.small'
[LOG 20:58:46.106] PartLoader: Compiling Part 'Squad/Parts/Utility/rcsSmallLinear/RCSLinearSmall/RCSLinearSmall'
[LOG 20:58:46.110] PartLoader: Part 'Squad/Parts/Utility/rcsSmallLinear/RCSLinearSmall/RCSLinearSmall' has no database record. Creating.
[LOG 20:58:46.110] [DragCubeSystem]: Drag cubes not found or cannot be read for part Part. Generating New drag cubes.
[LOG 20:58:46.110] [KSPCF/DragCubeGeneration] Creating drag cubes for part 'RCSLinearSmall'
[LOG 20:58:46.133] PartLoader: Compiling Part 'Squad/Parts/Utility/RelayAntennas/RA-100/RelayAntenna100'
[LOG 20:58:46.136] PartLoader: Part 'Squad/Parts/Utility/RelayAntennas/RA-100/RelayAntenna100' has no database record. Creating.
[LOG 20:58:46.136] [DragCubeSystem]: Drag cubes not found or cannot be read for part Part. Generating New drag cubes.
[LOG 20:58:46.136] [KSPCF/DragCubeGeneration] Creating drag cubes for part 'RelayAntenna100'
[LOG 20:58:46.143] PartLoader: Compiling Part 'Squad/Parts/Utility/RelayAntennas/RA-5/RelayAntenna5'
[LOG 20:58:46.146] PartLoader: Part 'Squad/Parts/Utility/RelayAntennas/RA-5/RelayAntenna5' has no database record. Creating.
[LOG 20:58:46.146] [DragCubeSystem]: Drag cubes not found or cannot be read for part Part. Generating New drag cubes.
[LOG 20:58:46.146] [KSPCF/DragCubeGeneration] Creating drag cubes for part 'RelayAntenna5'
[LOG 20:58:46.153] PartLoader: Compiling Part 'Squad/Parts/Utility/RelayAntennas/RA-50/RelayAntenna50'
[LOG 20:58:46.157] PartLoader: Part 'Squad/Parts/Utility/RelayAntennas/RA-50/RelayAntenna50' has no database record. Creating.
[LOG 20:58:46.157] [DragCubeSystem]: Drag cubes not found or cannot be read for part Part. Generating New drag cubes.
[LOG 20:58:46.157] [KSPCF/DragCubeGeneration] Creating drag cubes for part 'RelayAntenna50'
[LOG 20:58:46.166] PartLoader: Compiling Part 'Squad/Parts/Utility/rockomaxAdapters/largeAdapter/largeAdapter'
[LOG 20:58:46.168] PartLoader: Part 'Squad/Parts/Utility/rockomaxAdapters/largeAdapter/largeAdapter' has no database record. Creating.
[LOG 20:58:46.168] [DragCubeSystem]: Drag cubes not found or cannot be read for part Part. Generating New drag cubes.
[LOG 20:58:46.168] [KSPCF/DragCubeGeneration] Creating drag cubes for part 'largeAdapter'
[LOG 20:58:46.176] PartLoader: Compiling Part 'Squad/Parts/Utility/rockomaxAdapters/largeAdapterShort/largeAdapter2'
[LOG 20:58:46.178] PartLoader: Part 'Squad/Parts/Utility/rockomaxAdapters/largeAdapterShort/largeAdapter2' has no database record. Creating.
[LOG 20:58:46.178] [DragCubeSystem]: Drag cubes not found or cannot be read for part Part. Generating New drag cubes.
[LOG 20:58:46.178] [KSPCF/DragCubeGeneration] Creating drag cubes for part 'largeAdapter2'
[LOG 20:58:46.186] PartLoader: Compiling Part 'Squad/Parts/Utility/ServiceBay_v2/ServiceBay_125_v2/ServiceBay_125_v2'
[LOG 20:58:46.189] PartLoader: Part 'Squad/Parts/Utility/ServiceBay_v2/ServiceBay_125_v2/ServiceBay_125_v2' has no database record. Creating.
[LOG 20:58:46.189] [DragCubeSystem]: Drag cubes not found or cannot be read for part Part. Generating New drag cubes.
[LOG 20:58:46.189] [KSPCF/DragCubeGeneration] Creating drag cubes for part 'ServiceBay.125.v2'
[LOG 20:58:46.208] PartLoader: Compiling Part 'Squad/Parts/Utility/ServiceBay_v2/ServiceBay_250_v2/ServiceBay_250_v2'
[LOG 20:58:46.211] PartLoader: Part 'Squad/Parts/Utility/ServiceBay_v2/ServiceBay_250_v2/ServiceBay_250_v2' has no database record. Creating.
[LOG 20:58:46.211] [DragCubeSystem]: Drag cubes not found or cannot be read for part Part. Generating New drag cubes.
[LOG 20:58:46.211] [KSPCF/DragCubeGeneration] Creating drag cubes for part 'ServiceBay.250.v2'
[LOG 20:58:46.231] PartLoader: Compiling Part 'Squad/Parts/Utility/smallClaw/smallClaw/smallClaw'
[LOG 20:58:46.236] PartLoader: Part 'Squad/Parts/Utility/smallClaw/smallClaw/smallClaw' has no database record. Creating.
[LOG 20:58:46.236] [DragCubeSystem]: Drag cubes not found or cannot be read for part Part. Generating New drag cubes.
[LOG 20:58:46.236] [KSPCF/DragCubeGeneration] Creating drag cubes for part 'smallClaw'
[LOG 20:58:46.261] PartLoader: Compiling Part 'Squad/Parts/Utility/spotLightMk1/spotLightMk1/spotLight1'
[LOG 20:58:46.265] PartLoader: Part 'Squad/Parts/Utility/spotLightMk1/spotLightMk1/spotLight1' has no database record. Creating.
[LOG 20:58:46.265] [DragCubeSystem]: Drag cubes not found or cannot be read for part Part. Generating New drag cubes.
[LOG 20:58:46.265] [KSPCF/DragCubeGeneration] Creating drag cubes for part 'spotLight1'
[LOG 20:58:46.271] PartLoader: Compiling Part 'Squad/Parts/Utility/spotLightMk1_v2/spotLightMk1_v2/spotLight1_v2'
[LOG 20:58:46.274] PartLoader: Part 'Squad/Parts/Utility/spotLightMk1_v2/spotLightMk1_v2/spotLight1_v2' has no database record. Creating.
[LOG 20:58:46.275] [DragCubeSystem]: Drag cubes not found or cannot be read for part Part. Generating New drag cubes.
[LOG 20:58:46.275] [KSPCF/DragCubeGeneration] Creating drag cubes for part 'spotLight1.v2'
[LOG 20:58:46.282] PartLoader: Compiling Part 'Squad/Parts/Utility/spotLightMk2/spotLightMk2/spotLight2'
[LOG 20:58:46.286] PartLoader: Part 'Squad/Parts/Utility/spotLightMk2/spotLightMk2/spotLight2' has no database record. Creating.
[LOG 20:58:46.286] [DragCubeSystem]: Drag cubes not found or cannot be read for part Part. Generating New drag cubes.
[LOG 20:58:46.286] [KSPCF/DragCubeGeneration] Creating drag cubes for part 'spotLight2'
[LOG 20:58:46.295] PartLoader: Compiling Part 'Squad/Parts/Utility/spotLightMk2_v2/spotLightMk2_v2/spotLight2_v2'
[LOG 20:58:46.298] PartLoader: Part 'Squad/Parts/Utility/spotLightMk2_v2/spotLightMk2_v2/spotLight2_v2' has no database record. Creating.
[LOG 20:58:46.298] [DragCubeSystem]: Drag cubes not found or cannot be read for part Part. Generating New drag cubes.
[LOG 20:58:46.298] [KSPCF/DragCubeGeneration] Creating drag cubes for part 'spotLight2.v2'
[LOG 20:58:46.305] PartLoader: Compiling Part 'Squad/Parts/Utility/stackCouplers/stackBiCoupler_v2/stackBiCoupler_v2'
[LOG 20:58:46.307] PartLoader: Part 'Squad/Parts/Utility/stackCouplers/stackBiCoupler_v2/stackBiCoupler_v2' has no database record. Creating.
[LOG 20:58:46.307] [DragCubeSystem]: Drag cubes not found or cannot be read for part Part. Generating New drag cubes.
[LOG 20:58:46.307] [KSPCF/DragCubeGeneration] Creating drag cubes for part 'stackBiCoupler.v2'
[LOG 20:58:46.315] PartLoader: Compiling Part 'Squad/Parts/Utility/stackCouplers/stackQuadCoupler/stackQuadCoupler'
[LOG 20:58:46.319] PartLoader: Part 'Squad/Parts/Utility/stackCouplers/stackQuadCoupler/stackQuadCoupler' has no database record. Creating.
[LOG 20:58:46.319] [DragCubeSystem]: Drag cubes not found or cannot be read for part Part. Generating New drag cubes.
[LOG 20:58:46.319] [KSPCF/DragCubeGeneration] Creating drag cubes for part 'stackQuadCoupler'
[LOG 20:58:46.347] PartLoader: Compiling Part 'Squad/Parts/Utility/stackCouplers/stackTriCoupler_v2/stackTriCoupler_v2'
[LOG 20:58:46.349] PartLoader: Part 'Squad/Parts/Utility/stackCouplers/stackTriCoupler_v2/stackTriCoupler_v2' has no database record. Creating.
[LOG 20:58:46.349] [DragCubeSystem]: Drag cubes not found or cannot be read for part Part. Generating New drag cubes.
[LOG 20:58:46.349] [KSPCF/DragCubeGeneration] Creating drag cubes for part 'stackTriCoupler.v2'
[LOG 20:58:46.357] PartLoader: Compiling Part 'Squad/Parts/Wheel/LandingGear/GearExtraLarge/GearLarge'
[LOG 20:58:46.367] PartLoader: Part 'Squad/Parts/Wheel/LandingGear/GearExtraLarge/GearLarge' has no database record. Creating.
[LOG 20:58:46.367] [DragCubeSystem]: Drag cubes not found or cannot be read for part Part. Generating New drag cubes.
[LOG 20:58:46.367] [KSPCF/DragCubeGeneration] Creating drag cubes for part 'GearLarge'
[LOG 20:58:46.389] PartLoader: Compiling Part 'Squad/Parts/Wheel/LandingGear/GearFixed/GearFixed'
[LOG 20:58:46.394] PartLoader: Part 'Squad/Parts/Wheel/LandingGear/GearFixed/GearFixed' has no database record. Creating.
[LOG 20:58:46.395] [DragCubeSystem]: Drag cubes not found or cannot be read for part Part. Generating New drag cubes.
[LOG 20:58:46.395] [KSPCF/DragCubeGeneration] Creating drag cubes for part 'GearFixed'
[LOG 20:58:46.401] PartLoader: Compiling Part 'Squad/Parts/Wheel/LandingGear/GearFree/GearFree'
[LOG 20:58:46.407] PartLoader: Part 'Squad/Parts/Wheel/LandingGear/GearFree/GearFree' has no database record. Creating.
[LOG 20:58:46.407] [DragCubeSystem]: Drag cubes not found or cannot be read for part Part. Generating New drag cubes.
[LOG 20:58:46.407] [KSPCF/DragCubeGeneration] Creating drag cubes for part 'GearFree'
[LOG 20:58:46.415] PartLoader: Compiling Part 'Squad/Parts/Wheel/LandingGear/GearLarge/GearMedium'
[LOG 20:58:46.424] PartLoader: Part 'Squad/Parts/Wheel/LandingGear/GearLarge/GearMedium' has no database record. Creating.
[LOG 20:58:46.424] [DragCubeSystem]: Drag cubes not found or cannot be read for part Part. Generating New drag cubes.
[LOG 20:58:46.424] [KSPCF/DragCubeGeneration] Creating drag cubes for part 'GearMedium'
[LOG 20:58:46.445] PartLoader: Compiling Part 'Squad/Parts/Wheel/LandingGear/GearMedium/GearSmall'
[LOG 20:58:46.454] PartLoader: Part 'Squad/Parts/Wheel/LandingGear/GearMedium/GearSmall' has no database record. Creating.
[LOG 20:58:46.454] [DragCubeSystem]: Drag cubes not found or cannot be read for part Part. Generating New drag cubes.
[LOG 20:58:46.454] [KSPCF/DragCubeGeneration] Creating drag cubes for part 'GearSmall'
[LOG 20:58:46.476] PartLoader: Compiling Part 'Squad/Parts/Wheel/LandingGear/GearSmall/SmallGearBay'
[LOG 20:58:46.483] PartLoader: Part 'Squad/Parts/Wheel/LandingGear/GearSmall/SmallGearBay' has no database record. Creating.
[LOG 20:58:46.483] [DragCubeSystem]: Drag cubes not found or cannot be read for part Part. Generating New drag cubes.
[LOG 20:58:46.483] [KSPCF/DragCubeGeneration] Creating drag cubes for part 'SmallGearBay'
[LOG 20:58:46.504] PartLoader: Compiling Part 'Squad/Parts/Wheel/roverWheelM1/roverWheelM1/roverWheel1'
[LOG 20:58:46.512] PartLoader: Part 'Squad/Parts/Wheel/roverWheelM1/roverWheelM1/roverWheel1' has no database record. Creating.
[LOG 20:58:46.512] [DragCubeSystem]: Drag cubes not found or cannot be read for part Part. Generating New drag cubes.
[LOG 20:58:46.512] [KSPCF/DragCubeGeneration] Creating drag cubes for part 'roverWheel1'
[LOG 20:58:46.521] PartLoader: Compiling Part 'Squad/Parts/Wheel/roverWheelS2/roverWheelS2/roverWheel2'
[LOG 20:58:46.527] PartLoader: Part 'Squad/Parts/Wheel/roverWheelS2/roverWheelS2/roverWheel2' has no database record. Creating.
[LOG 20:58:46.527] [DragCubeSystem]: Drag cubes not found or cannot be read for part Part. Generating New drag cubes.
[LOG 20:58:46.527] [KSPCF/DragCubeGeneration] Creating drag cubes for part 'roverWheel2'
[LOG 20:58:46.535] PartLoader: Compiling Part 'Squad/Parts/Wheel/roverWheelTR-2L/roverWheelTR-2L/wheelMed'
[LOG 20:58:46.540] PartLoader: Part 'Squad/Parts/Wheel/roverWheelTR-2L/roverWheelTR-2L/wheelMed' has no database record. Creating.
[LOG 20:58:46.540] [DragCubeSystem]: Drag cubes not found or cannot be read for part Part. Generating New drag cubes.
[LOG 20:58:46.540] [KSPCF/DragCubeGeneration] Creating drag cubes for part 'wheelMed'
[LOG 20:58:46.548] PartLoader: Compiling Part 'Squad/Parts/Wheel/roverWheelXL3/roverWheelXL3/roverWheel3'
[LOG 20:58:46.554] PartLoader: Part 'Squad/Parts/Wheel/roverWheelXL3/roverWheelXL3/roverWheel3' has no database record. Creating.
[LOG 20:58:46.554] [DragCubeSystem]: Drag cubes not found or cannot be read for part Part. Generating New drag cubes.
[LOG 20:58:46.554] [KSPCF/DragCubeGeneration] Creating drag cubes for part 'roverWheel3'
[LOG 20:58:46.564] PartLoader: Compiling Part 'SquadExpansion/MakingHistory/Parts/Aero/protectiveRocketNoseMk16/rocketNoseCone_size4/rocketNoseConeSize4'
[LOG 20:58:46.566] PartLoader: Part 'SquadExpansion/MakingHistory/Parts/Aero/protectiveRocketNoseMk16/rocketNoseCone_size4/rocketNoseConeSize4' has no database record. Creating.
[LOG 20:58:46.566] [DragCubeSystem]: Drag cubes not found or cannot be read for part Part. Generating New drag cubes.
[LOG 20:58:46.566] [KSPCF/DragCubeGeneration] Creating drag cubes for part 'rocketNoseConeSize4'
[LOG 20:58:46.574] PartLoader: Compiling Part 'SquadExpansion/MakingHistory/Parts/Aero/protectiveRocketNoseMk5A/Size_1_5_Cone/Size_1_5_Cone'
[LOG 20:58:46.576] PartLoader: Part 'SquadExpansion/MakingHistory/Parts/Aero/protectiveRocketNoseMk5A/Size_1_5_Cone/Size_1_5_Cone' has no database record. Creating.
[LOG 20:58:46.576] [DragCubeSystem]: Drag cubes not found or cannot be read for part Part. Generating New drag cubes.
[LOG 20:58:46.576] [KSPCF/DragCubeGeneration] Creating drag cubes for part 'Size.1.5.Cone'
[LOG 20:58:46.583] PartLoader: Compiling Part 'SquadExpansion/MakingHistory/Parts/Coupling/Decoupler_1p5/Decoupler_1p5'
[LOG 20:58:46.586] PartLoader: Part 'SquadExpansion/MakingHistory/Parts/Coupling/Decoupler_1p5/Decoupler_1p5' has no database record. Creating.
[LOG 20:58:46.587] PartLoader: Compiling Part 'SquadExpansion/MakingHistory/Parts/Coupling/Decoupler_4/Decoupler_4'
[LOG 20:58:46.590] PartLoader: Part 'SquadExpansion/MakingHistory/Parts/Coupling/Decoupler_4/Decoupler_4' has no database record. Creating.
[LOG 20:58:46.590] PartLoader: Compiling Part 'SquadExpansion/MakingHistory/Parts/Coupling/EnginePlate_1p5/EnginePlate1p5'
[LOG 20:58:46.597] PartLoader: Part 'SquadExpansion/MakingHistory/Parts/Coupling/EnginePlate_1p5/EnginePlate1p5' has no database record. Creating.
[LOG 20:58:46.597] [DragCubeSystem]: Drag cubes not found or cannot be read for part Part. Generating New drag cubes.
[LOG 20:58:46.597] [KSPCF/DragCubeGeneration] Part 'EnginePlate1p5' has defined a procedural drag cube setup
[LOG 20:58:46.597] PartLoader: Compiling Part 'SquadExpansion/MakingHistory/Parts/Coupling/EnginePlate_2/EnginePlate2'
[LOG 20:58:46.600] PartLoader: Part 'SquadExpansion/MakingHistory/Parts/Coupling/EnginePlate_2/EnginePlate2' has no database record. Creating.
[LOG 20:58:46.600] [DragCubeSystem]: Drag cubes not found or cannot be read for part Part. Generating New drag cubes.
[LOG 20:58:46.600] [KSPCF/DragCubeGeneration] Part 'EnginePlate2' has defined a procedural drag cube setup
[LOG 20:58:46.600] PartLoader: Compiling Part 'SquadExpansion/MakingHistory/Parts/Coupling/EnginePlate_3/EnginePlate3'
[LOG 20:58:46.603] PartLoader: Part 'SquadExpansion/MakingHistory/Parts/Coupling/EnginePlate_3/EnginePlate3' has no database record. Creating.
[LOG 20:58:46.603] [DragCubeSystem]: Drag cubes not found or cannot be read for part Part. Generating New drag cubes.
[LOG 20:58:46.603] [KSPCF/DragCubeGeneration] Part 'EnginePlate3' has defined a procedural drag cube setup
[LOG 20:58:46.604] PartLoader: Compiling Part 'SquadExpansion/MakingHistory/Parts/Coupling/EnginePlate_4/EnginePlate4'
[LOG 20:58:46.607] PartLoader: Part 'SquadExpansion/MakingHistory/Parts/Coupling/EnginePlate_4/EnginePlate4' has no database record. Creating.
[LOG 20:58:46.607] [DragCubeSystem]: Drag cubes not found or cannot be read for part Part. Generating New drag cubes.
[LOG 20:58:46.607] [KSPCF/DragCubeGeneration] Part 'EnginePlate4' has defined a procedural drag cube setup
[LOG 20:58:46.609] PartLoader: Compiling Part 'SquadExpansion/MakingHistory/Parts/Coupling/EnginePlate_5/EnginePlate5'
[LOG 20:58:46.612] PartLoader: Part 'SquadExpansion/MakingHistory/Parts/Coupling/EnginePlate_5/EnginePlate5' has no database record. Creating.
[LOG 20:58:46.612] [DragCubeSystem]: Drag cubes not found or cannot be read for part Part. Generating New drag cubes.
[LOG 20:58:46.612] [KSPCF/DragCubeGeneration] Part 'EnginePlate5' has defined a procedural drag cube setup
[LOG 20:58:46.612] PartLoader: Compiling Part 'SquadExpansion/MakingHistory/Parts/Coupling/InflatableAirlock/InflatableAirlock'
[LOG 20:58:46.615] PartLoader: Part 'SquadExpansion/MakingHistory/Parts/Coupling/InflatableAirlock/InflatableAirlock' has no database record. Creating.
[LOG 20:58:46.615] [DragCubeSystem]: Drag cubes not found or cannot be read for part Part. Generating New drag cubes.
[LOG 20:58:46.615] [KSPCF/DragCubeGeneration] Creating drag cubes for part 'InflatableAirlock'
[LOG 20:58:46.635] PartLoader: Compiling Part 'SquadExpansion/MakingHistory/Parts/Coupling/Separator_1p5/Separator_1p5'
[LOG 20:58:46.639] PartLoader: Part 'SquadExpansion/MakingHistory/Parts/Coupling/Separator_1p5/Separator_1p5' has no database record. Creating.
[LOG 20:58:46.639] PartLoader: Compiling Part 'SquadExpansion/MakingHistory/Parts/Coupling/Separator_4/Separator_4'
[LOG 20:58:46.642] PartLoader: Part 'SquadExpansion/MakingHistory/Parts/Coupling/Separator_4/Separator_4' has no database record. Creating.
[LOG 20:58:46.642] PartLoader: Compiling Part 'SquadExpansion/MakingHistory/Parts/Coupling/Size1p5_Strut_Decoupler/Size1p5_Strut_Decoupler'
[LOG 20:58:46.644] PartLoader: Part 'SquadExpansion/MakingHistory/Parts/Coupling/Size1p5_Strut_Decoupler/Size1p5_Strut_Decoupler' has no database record. Creating.
[LOG 20:58:46.645] PartLoader: Compiling Part 'SquadExpansion/MakingHistory/Parts/Engine/LiquidEngineKE-1/LiquidEngineKE-1'
[LOG 20:58:46.649] PartLoader: Part 'SquadExpansion/MakingHistory/Parts/Engine/LiquidEngineKE-1/LiquidEngineKE-1' has no database record. Creating.
[LOG 20:58:46.649] [DragCubeSystem]: Drag cubes not found or cannot be read for part Part. Generating New drag cubes.
[LOG 20:58:46.649] [KSPCF/DragCubeGeneration] Creating drag cubes for part 'LiquidEngineKE-1'
[LOG 20:58:46.701] PartLoader: Compiling Part 'SquadExpansion/MakingHistory/Parts/Engine/LiquidEngineLV-T91/LiquidEngineLV-T91'
[LOG 20:58:46.707] PartLoader: Part 'SquadExpansion/MakingHistory/Parts/Engine/LiquidEngineLV-T91/LiquidEngineLV-T91' has no database record. Creating.
[LOG 20:58:46.707] [DragCubeSystem]: Drag cubes not found or cannot be read for part Part. Generating New drag cubes.
[LOG 20:58:46.707] [KSPCF/DragCubeGeneration] Creating drag cubes for part 'LiquidEngineLV-T91'
[LOG 20:58:46.747] PartLoader: Compiling Part 'SquadExpansion/MakingHistory/Parts/Engine/LiquidEngineLV-TX87/LiquidEngineLV-TX87'
[LOG 20:58:46.754] PartLoader: Part 'SquadExpansion/MakingHistory/Parts/Engine/LiquidEngineLV-TX87/LiquidEngineLV-TX87' has no database record. Creating.
[LOG 20:58:46.754] [DragCubeSystem]: Drag cubes not found or cannot be read for part Part. Generating New drag cubes.
[LOG 20:58:46.754] [KSPCF/DragCubeGeneration] Creating drag cubes for part 'LiquidEngineLV-TX87'
[LOG 20:58:46.797] PartLoader: Compiling Part 'SquadExpansion/MakingHistory/Parts/Engine/LiquidEngineRE-I2/LiquidEngineRE-I2'
[LOG 20:58:46.806] PartLoader: Part 'SquadExpansion/MakingHistory/Parts/Engine/LiquidEngineRE-I2/LiquidEngineRE-I2' has no database record. Creating.
[LOG 20:58:46.806] [DragCubeSystem]: Drag cubes not found or cannot be read for part Part. Generating New drag cubes.
[LOG 20:58:46.806] [KSPCF/DragCubeGeneration] Creating drag cubes for part 'LiquidEngineRE-I2'
[LOG 20:58:46.845] PartLoader: Compiling Part 'SquadExpansion/MakingHistory/Parts/Engine/LiquidEngineRE-J10/LiquidEngineRE-J10'
[LOG 20:58:46.852] PartLoader: Part 'SquadExpansion/MakingHistory/Parts/Engine/LiquidEngineRE-J10/LiquidEngineRE-J10' has no database record. Creating.
[LOG 20:58:46.852] [DragCubeSystem]: Drag cubes not found or cannot be read for part Part. Generating New drag cubes.
[LOG 20:58:46.852] [KSPCF/DragCubeGeneration] Creating drag cubes for part 'LiquidEngineRE-J10'
[LOG 20:58:46.893] PartLoader: Compiling Part 'SquadExpansion/MakingHistory/Parts/Engine/LiquidEngineRK-7/LiquidEngineRK-7'
[LOG 20:58:46.899] PartLoader: Part 'SquadExpansion/MakingHistory/Parts/Engine/LiquidEngineRK-7/LiquidEngineRK-7' has no database record. Creating.
[LOG 20:58:46.899] [DragCubeSystem]: Drag cubes not found or cannot be read for part Part. Generating New drag cubes.
[LOG 20:58:46.899] [KSPCF/DragCubeGeneration] Creating drag cubes for part 'LiquidEngineRK-7'
[LOG 20:58:46.947] PartLoader: Compiling Part 'SquadExpansion/MakingHistory/Parts/Engine/LiquidEngineRV-1/LiquidEngineRV-1'
[LOG 20:58:46.951] PartLoader: Part 'SquadExpansion/MakingHistory/Parts/Engine/LiquidEngineRV-1/LiquidEngineRV-1' has no database record. Creating.
[LOG 20:58:46.951] [DragCubeSystem]: Drag cubes not found or cannot be read for part Part. Generating New drag cubes.
[LOG 20:58:46.951] [KSPCF/DragCubeGeneration] Creating drag cubes for part 'LiquidEngineRV-1'
[LOG 20:58:46.959] PartLoader: Compiling Part 'SquadExpansion/MakingHistory/Parts/Engine/solidBoosterTHK/solidBoosterTHK/Pollux'
[LOG 20:58:46.964] PartLoader: Part 'SquadExpansion/MakingHistory/Parts/Engine/solidBoosterTHK/solidBoosterTHK/Pollux' has no database record. Creating.
[LOG 20:58:46.964] [DragCubeSystem]: Drag cubes not found or cannot be read for part Part. Generating New drag cubes.
[LOG 20:58:46.964] [KSPCF/DragCubeGeneration] Creating drag cubes for part 'Pollux'
[LOG 20:58:46.973] PartLoader: Compiling Part 'SquadExpansion/MakingHistory/Parts/FuelTank/MonoPropMini/monopropMiniSphere'
[LOG 20:58:46.976] PartLoader: Part 'SquadExpansion/MakingHistory/Parts/FuelTank/MonoPropMini/monopropMiniSphere' has no database record. Creating.
[LOG 20:58:46.976] [DragCubeSystem]: Drag cubes not found or cannot be read for part Part. Generating New drag cubes.
[LOG 20:58:46.976] [KSPCF/DragCubeGeneration] Creating drag cubes for part 'monopropMiniSphere'
[LOG 20:58:46.983] PartLoader: Compiling Part 'SquadExpansion/MakingHistory/Parts/FuelTank/Size1p5_Monoprop/Size1p5_Monoprop'
[LOG 20:58:46.985] PartLoader: Part 'SquadExpansion/MakingHistory/Parts/FuelTank/Size1p5_Monoprop/Size1p5_Monoprop' has no database record. Creating.
[LOG 20:58:46.985] [DragCubeSystem]: Drag cubes not found or cannot be read for part Part. Generating New drag cubes.
[LOG 20:58:46.985] [KSPCF/DragCubeGeneration] Creating drag cubes for part 'Size1p5.Monoprop'
[LOG 20:58:46.992] PartLoader: Compiling Part 'SquadExpansion/MakingHistory/Parts/FuelTank/Size1p5_Size0_Adapter_01/Size1p5_Size0_Adapter_01'
[LOG 20:58:46.995] PartLoader: Part 'SquadExpansion/MakingHistory/Parts/FuelTank/Size1p5_Size0_Adapter_01/Size1p5_Size0_Adapter_01' has no database record. Creating.
[LOG 20:58:46.995] [DragCubeSystem]: Drag cubes not found or cannot be read for part Part. Generating New drag cubes.
[LOG 20:58:46.995] [KSPCF/DragCubeGeneration] Creating drag cubes for part 'Size1p5.Size0.Adapter.01'
[LOG 20:58:47.001] PartLoader: Compiling Part 'SquadExpansion/MakingHistory/Parts/FuelTank/Size1p5_Size1_Adapter_01/Size1p5_Size1_Adapter_01'
[LOG 20:58:47.003] PartLoader: Part 'SquadExpansion/MakingHistory/Parts/FuelTank/Size1p5_Size1_Adapter_01/Size1p5_Size1_Adapter_01' has no database record. Creating.
[LOG 20:58:47.003] [DragCubeSystem]: Drag cubes not found or cannot be read for part Part. Generating New drag cubes.
[LOG 20:58:47.003] [KSPCF/DragCubeGeneration] Creating drag cubes for part 'Size1p5.Size1.Adapter.01'
[LOG 20:58:47.012] PartLoader: Compiling Part 'SquadExpansion/MakingHistory/Parts/FuelTank/Size1p5_Size1_Adapter_02/Size1p5_Size1_Adapter_02'
[LOG 20:58:47.014] PartLoader: Part 'SquadExpansion/MakingHistory/Parts/FuelTank/Size1p5_Size1_Adapter_02/Size1p5_Size1_Adapter_02' has no database record. Creating.
[LOG 20:58:47.014] [DragCubeSystem]: Drag cubes not found or cannot be read for part Part. Generating New drag cubes.
[LOG 20:58:47.014] [KSPCF/DragCubeGeneration] Creating drag cubes for part 'Size1p5.Size1.Adapter.02'
[LOG 20:58:47.022] PartLoader: Compiling Part 'SquadExpansion/MakingHistory/Parts/FuelTank/Size1p5_Size2_Adapter_01/Size1p5_Size2_Adapter_01'
[LOG 20:58:47.024] PartLoader: Part 'SquadExpansion/MakingHistory/Parts/FuelTank/Size1p5_Size2_Adapter_01/Size1p5_Size2_Adapter_01' has no database record. Creating.
[LOG 20:58:47.024] [DragCubeSystem]: Drag cubes not found or cannot be read for part Part. Generating New drag cubes.
[LOG 20:58:47.024] [KSPCF/DragCubeGeneration] Creating drag cubes for part 'Size1p5.Size2.Adapter.01'
[LOG 20:58:47.031] PartLoader: Compiling Part 'SquadExpansion/MakingHistory/Parts/FuelTank/Size1p5_Tank_01/Size1p5_Tank_01'
[LOG 20:58:47.033] PartLoader: Part 'SquadExpansion/MakingHistory/Parts/FuelTank/Size1p5_Tank_01/Size1p5_Tank_01' has no database record. Creating.
[LOG 20:58:47.033] [DragCubeSystem]: Drag cubes not found or cannot be read for part Part. Generating New drag cubes.
[LOG 20:58:47.033] [KSPCF/DragCubeGeneration] Creating drag cubes for part 'Size1p5.Tank.01'
[LOG 20:58:47.040] PartLoader: Compiling Part 'SquadExpansion/MakingHistory/Parts/FuelTank/Size1p5_Tank_02/Size1p5_Tank_02'
[LOG 20:58:47.042] PartLoader: Part 'SquadExpansion/MakingHistory/Parts/FuelTank/Size1p5_Tank_02/Size1p5_Tank_02' has no database record. Creating.
[LOG 20:58:47.043] [DragCubeSystem]: Drag cubes not found or cannot be read for part Part. Generating New drag cubes.
[LOG 20:58:47.043] [KSPCF/DragCubeGeneration] Creating drag cubes for part 'Size1p5.Tank.02'
[LOG 20:58:47.051] PartLoader: Compiling Part 'SquadExpansion/MakingHistory/Parts/FuelTank/Size1p5_Tank_03/Size1p5_Tank_03'
[LOG 20:58:47.053] PartLoader: Part 'SquadExpansion/MakingHistory/Parts/FuelTank/Size1p5_Tank_03/Size1p5_Tank_03' has no database record. Creating.
[LOG 20:58:47.053] [DragCubeSystem]: Drag cubes not found or cannot be read for part Part. Generating New drag cubes.
[LOG 20:58:47.053] [KSPCF/DragCubeGeneration] Creating drag cubes for part 'Size1p5.Tank.03'
[LOG 20:58:47.062] PartLoader: Compiling Part 'SquadExpansion/MakingHistory/Parts/FuelTank/Size1p5_Tank_04/Size1p5_Tank_04'
[LOG 20:58:47.064] PartLoader: Part 'SquadExpansion/MakingHistory/Parts/FuelTank/Size1p5_Tank_04/Size1p5_Tank_04' has no database record. Creating.
[LOG 20:58:47.064] [DragCubeSystem]: Drag cubes not found or cannot be read for part Part. Generating New drag cubes.
[LOG 20:58:47.064] [KSPCF/DragCubeGeneration] Creating drag cubes for part 'Size1p5.Tank.04'
[LOG 20:58:47.071] PartLoader: Compiling Part 'SquadExpansion/MakingHistory/Parts/FuelTank/Size1p5_Tank_05/Size1p5_Tank_05'
[LOG 20:58:47.075] PartLoader: Part 'SquadExpansion/MakingHistory/Parts/FuelTank/Size1p5_Tank_05/Size1p5_Tank_05' has no database record. Creating.
[LOG 20:58:47.075] [DragCubeSystem]: Drag cubes not found or cannot be read for part Part. Generating New drag cubes.
[LOG 20:58:47.075] [KSPCF/DragCubeGeneration] Creating drag cubes for part 'Size1p5.Tank.05'
[LOG 20:58:47.083] PartLoader: Compiling Part 'SquadExpansion/MakingHistory/Parts/FuelTank/Size3_Size4_Adapter_01/Size3_Size4_Adapter_01'
[LOG 20:58:47.086] PartLoader: Part 'SquadExpansion/MakingHistory/Parts/FuelTank/Size3_Size4_Adapter_01/Size3_Size4_Adapter_01' has no database record. Creating.
[LOG 20:58:47.086] [DragCubeSystem]: Drag cubes not found or cannot be read for part Part. Generating New drag cubes.
[LOG 20:58:47.086] [KSPCF/DragCubeGeneration] Creating drag cubes for part 'Size3.Size4.Adapter.01'
[LOG 20:58:47.094] PartLoader: Compiling Part 'SquadExpansion/MakingHistory/Parts/FuelTank/Size4_EngineAdapter_01/Size4_EngineAdapter_01'
[LOG 20:58:47.096] PartLoader: Part 'SquadExpansion/MakingHistory/Parts/FuelTank/Size4_EngineAdapter_01/Size4_EngineAdapter_01' has no database record. Creating.
[LOG 20:58:47.096] [DragCubeSystem]: Drag cubes not found or cannot be read for part Part. Generating New drag cubes.
[LOG 20:58:47.096] [KSPCF/DragCubeGeneration] Creating drag cubes for part 'Size4.EngineAdapter.01'
[LOG 20:58:47.104] PartLoader: Compiling Part 'SquadExpansion/MakingHistory/Parts/FuelTank/Size4_Tank_01/Size4_Tank_01'
[LOG 20:58:47.106] PartLoader: Part 'SquadExpansion/MakingHistory/Parts/FuelTank/Size4_Tank_01/Size4_Tank_01' has no database record. Creating.
[LOG 20:58:47.106] [DragCubeSystem]: Drag cubes not found or cannot be read for part Part. Generating New drag cubes.
[LOG 20:58:47.106] [KSPCF/DragCubeGeneration] Creating drag cubes for part 'Size4.Tank.01'
[LOG 20:58:47.113] PartLoader: Compiling Part 'SquadExpansion/MakingHistory/Parts/FuelTank/Size4_Tank_02/Size4_Tank_02'
[LOG 20:58:47.115] PartLoader: Part 'SquadExpansion/MakingHistory/Parts/FuelTank/Size4_Tank_02/Size4_Tank_02' has no database record. Creating.
[LOG 20:58:47.115] [DragCubeSystem]: Drag cubes not found or cannot be read for part Part. Generating New drag cubes.
[LOG 20:58:47.115] [KSPCF/DragCubeGeneration] Creating drag cubes for part 'Size4.Tank.02'
[LOG 20:58:47.124] PartLoader: Compiling Part 'SquadExpansion/MakingHistory/Parts/FuelTank/Size4_Tank_03/Size4_Tank_03'
[LOG 20:58:47.126] PartLoader: Part 'SquadExpansion/MakingHistory/Parts/FuelTank/Size4_Tank_03/Size4_Tank_03' has no database record. Creating.
[LOG 20:58:47.126] [DragCubeSystem]: Drag cubes not found or cannot be read for part Part. Generating New drag cubes.
[LOG 20:58:47.126] [KSPCF/DragCubeGeneration] Creating drag cubes for part 'Size4.Tank.03'
[LOG 20:58:47.132] PartLoader: Compiling Part 'SquadExpansion/MakingHistory/Parts/FuelTank/Size4_Tank_04/Size4_Tank_04'
[LOG 20:58:47.133] PartLoader: Part 'SquadExpansion/MakingHistory/Parts/FuelTank/Size4_Tank_04/Size4_Tank_04' has no database record. Creating.
[LOG 20:58:47.134] [DragCubeSystem]: Drag cubes not found or cannot be read for part Part. Generating New drag cubes.
[LOG 20:58:47.134] [KSPCF/DragCubeGeneration] Creating drag cubes for part 'Size4.Tank.04'
[LOG 20:58:47.142] PartLoader: Compiling Part 'SquadExpansion/MakingHistory/Parts/Ground/RoverWheel/roverWheelM1-F'
[LOG 20:58:47.148] PartLoader: Part 'SquadExpansion/MakingHistory/Parts/Ground/RoverWheel/roverWheelM1-F' has no database record. Creating.
[LOG 20:58:47.148] [DragCubeSystem]: Drag cubes not found or cannot be read for part Part. Generating New drag cubes.
[LOG 20:58:47.148] [KSPCF/DragCubeGeneration] Creating drag cubes for part 'roverWheelM1-F'
[LOG 20:58:47.168] PartLoader: Compiling Part 'SquadExpansion/MakingHistory/Parts/Payload/fairingSize1p5/fairingSize1p5'
[LOG 20:58:47.175] PartLoader: Part 'SquadExpansion/MakingHistory/Parts/Payload/fairingSize1p5/fairingSize1p5' has no database record. Creating.
[LOG 20:58:47.175] [DragCubeSystem]: Drag cubes not found or cannot be read for part Part. Generating New drag cubes.
[LOG 20:58:47.175] [KSPCF/DragCubeGeneration] Creating drag cubes for part 'fairingSize1p5'
[LOG 20:58:47.183] PartLoader: Compiling Part 'SquadExpansion/MakingHistory/Parts/Payload/fairingSize4/fairingSize4'
[LOG 20:58:47.189] PartLoader: Part 'SquadExpansion/MakingHistory/Parts/Payload/fairingSize4/fairingSize4' has no database record. Creating.
[LOG 20:58:47.189] [DragCubeSystem]: Drag cubes not found or cannot be read for part Part. Generating New drag cubes.
[LOG 20:58:47.189] [KSPCF/DragCubeGeneration] Creating drag cubes for part 'fairingSize4'
[LOG 20:58:47.196] PartLoader: Compiling Part 'SquadExpansion/MakingHistory/Parts/Payload/Size1to0ServiceModule/Size1to0ServiceModule'
[LOG 20:58:47.203] PartLoader: Part 'SquadExpansion/MakingHistory/Parts/Payload/Size1to0ServiceModule/Size1to0ServiceModule' has no database record. Creating.
[LOG 20:58:47.203] [DragCubeSystem]: Drag cubes not found or cannot be read for part Part. Generating New drag cubes.
[LOG 20:58:47.203] [KSPCF/DragCubeGeneration] Part 'Size1to0ServiceModule' has defined a procedural drag cube setup
[LOG 20:58:47.203] PartLoader: Compiling Part 'SquadExpansion/MakingHistory/Parts/Payload/SM18/ServiceModule18'
[LOG 20:58:47.207] PartLoader: Part 'SquadExpansion/MakingHistory/Parts/Payload/SM18/ServiceModule18' has no database record. Creating.
[LOG 20:58:47.207] [DragCubeSystem]: Drag cubes not found or cannot be read for part Part. Generating New drag cubes.
[LOG 20:58:47.207] [KSPCF/DragCubeGeneration] Part 'ServiceModule18' has defined a procedural drag cube setup
[LOG 20:58:47.207] PartLoader: Compiling Part 'SquadExpansion/MakingHistory/Parts/Payload/SM25/ServiceModule25'
[LOG 20:58:47.211] PartLoader: Part 'SquadExpansion/MakingHistory/Parts/Payload/SM25/ServiceModule25' has no database record. Creating.
[LOG 20:58:47.211] [DragCubeSystem]: Drag cubes not found or cannot be read for part Part. Generating New drag cubes.
[LOG 20:58:47.211] [KSPCF/DragCubeGeneration] Part 'ServiceModule25' has defined a procedural drag cube setup
[LOG 20:58:47.212] PartLoader: Compiling Part 'SquadExpansion/MakingHistory/Parts/Pods/KV1Pod/kv1Pod'
[WRN 20:58:47.214] [Part]: Cannot have ModuleCargoPart and ModuleInventoryPart on same Part [kv1Pod'. Removed ModuleCargoPart
[LOG 20:58:47.216] PartLoader: Part 'SquadExpansion/MakingHistory/Parts/Pods/KV1Pod/kv1Pod' has no database record. Creating.
[LOG 20:58:47.218] PartLoader: Compiling Part 'SquadExpansion/MakingHistory/Parts/Pods/KV2Pod/kv2Pod'
[WRN 20:58:47.219] [Part]: Cannot have ModuleCargoPart and ModuleInventoryPart on same Part [kv2Pod'. Removed ModuleCargoPart
[LOG 20:58:47.223] PartLoader: Part 'SquadExpansion/MakingHistory/Parts/Pods/KV2Pod/kv2Pod' has no database record. Creating.
[LOG 20:58:47.224] PartLoader: Compiling Part 'SquadExpansion/MakingHistory/Parts/Pods/KV3Pod/kv3Pod'
[WRN 20:58:47.226] [Part]: Cannot have ModuleCargoPart and ModuleInventoryPart on same Part [kv3Pod'. Removed ModuleCargoPart
[LOG 20:58:47.229] PartLoader: Part 'SquadExpansion/MakingHistory/Parts/Pods/KV3Pod/kv3Pod' has no database record. Creating.
[LOG 20:58:47.230] PartLoader: Compiling Part 'SquadExpansion/MakingHistory/Parts/Pods/Mk2Pod/Mk2Pod'
[WRN 20:58:47.232] [Part]: Cannot have ModuleCargoPart and ModuleInventoryPart on same Part [Mk2Pod'. Removed ModuleCargoPart
[LOG 20:58:47.235] PartLoader: Part 'SquadExpansion/MakingHistory/Parts/Pods/Mk2Pod/Mk2Pod' has no database record. Creating.
[LOG 20:58:47.235] [DragCubeSystem]: Drag cubes not found or cannot be read for part Part. Generating New drag cubes.
[LOG 20:58:47.235] [KSPCF/DragCubeGeneration] Creating drag cubes for part 'Mk2Pod'
[LOG 20:58:47.245] PartLoader: Compiling Part 'SquadExpansion/MakingHistory/Parts/Pods/Size1_5_Lander/MEMLander'
[WRN 20:58:47.249] [Part]: Cannot add ModuleCargoPart as this Part 'MEMLander' already has a ModuleInventoryPart PartModule and they are mutually exclusive.
[LOG 20:58:47.252] PartLoader: Part 'SquadExpansion/MakingHistory/Parts/Pods/Size1_5_Lander/MEMLander' has no database record. Creating.
[LOG 20:58:47.252] [DragCubeSystem]: Drag cubes not found or cannot be read for part Part. Generating New drag cubes.
[LOG 20:58:47.252] [KSPCF/DragCubeGeneration] Creating drag cubes for part 'MEMLander'
[LOG 20:58:47.261] PartLoader: Compiling Part 'SquadExpansion/MakingHistory/Parts/Prebuilt/kerbalEVAfemaleVintage/kerbalEVAfemaleVintage'
[LOG 20:58:47.265] PartLoader: Compiling Part 'SquadExpansion/MakingHistory/Parts/Prebuilt/kerbalEVAVintage/kerbalEVAVintage'
[LOG 20:58:47.269] PartLoader: Compiling Part 'SquadExpansion/MakingHistory/Parts/Structural/EquiTriangle0/EquiTriangle0'
[LOG 20:58:47.275] PartLoader: Part 'SquadExpansion/MakingHistory/Parts/Structural/EquiTriangle0/EquiTriangle0' has no database record. Creating.
[LOG 20:58:47.275] [DragCubeSystem]: Drag cubes not found or cannot be read for part Part. Generating New drag cubes.
[LOG 20:58:47.275] [KSPCF/DragCubeGeneration] Creating drag cubes for part 'EquiTriangle0'
[LOG 20:58:47.283] PartLoader: Compiling Part 'SquadExpansion/MakingHistory/Parts/Structural/EquiTriangle1/EquiTriangle1'
[LOG 20:58:47.286] PartLoader: Part 'SquadExpansion/MakingHistory/Parts/Structural/EquiTriangle1/EquiTriangle1' has no database record. Creating.
[LOG 20:58:47.286] [DragCubeSystem]: Drag cubes not found or cannot be read for part Part. Generating New drag cubes.
[LOG 20:58:47.286] [KSPCF/DragCubeGeneration] Creating drag cubes for part 'EquiTriangle1'
[LOG 20:58:47.297] PartLoader: Compiling Part 'SquadExpansion/MakingHistory/Parts/Structural/EquiTriangle1p5/EquiTriangle1p5'
[LOG 20:58:47.302] PartLoader: Part 'SquadExpansion/MakingHistory/Parts/Structural/EquiTriangle1p5/EquiTriangle1p5' has no database record. Creating.
[LOG 20:58:47.302] [DragCubeSystem]: Drag cubes not found or cannot be read for part Part. Generating New drag cubes.
[LOG 20:58:47.302] [KSPCF/DragCubeGeneration] Creating drag cubes for part 'EquiTriangle1p5'
[LOG 20:58:47.317] PartLoader: Compiling Part 'SquadExpansion/MakingHistory/Parts/Structural/EquiTriangle2/EquiTriangle2'
[LOG 20:58:47.319] PartLoader: Part 'SquadExpansion/MakingHistory/Parts/Structural/EquiTriangle2/EquiTriangle2' has no database record. Creating.
[LOG 20:58:47.319] [DragCubeSystem]: Drag cubes not found or cannot be read for part Part. Generating New drag cubes.
[LOG 20:58:47.319] [KSPCF/DragCubeGeneration] Creating drag cubes for part 'EquiTriangle2'
[LOG 20:58:47.345] PartLoader: Compiling Part 'SquadExpansion/MakingHistory/Parts/Structural/Panel0/Panel0'
[LOG 20:58:47.348] PartLoader: Part 'SquadExpansion/MakingHistory/Parts/Structural/Panel0/Panel0' has no database record. Creating.
[LOG 20:58:47.348] [DragCubeSystem]: Drag cubes not found or cannot be read for part Part. Generating New drag cubes.
[LOG 20:58:47.349] [KSPCF/DragCubeGeneration] Creating drag cubes for part 'Panel0'
[LOG 20:58:47.359] PartLoader: Compiling Part 'SquadExpansion/MakingHistory/Parts/Structural/Panel1/Panel1'
[LOG 20:58:47.363] PartLoader: Part 'SquadExpansion/MakingHistory/Parts/Structural/Panel1/Panel1' has no database record. Creating.
[LOG 20:58:47.363] [DragCubeSystem]: Drag cubes not found or cannot be read for part Part. Generating New drag cubes.
[LOG 20:58:47.363] [KSPCF/DragCubeGeneration] Creating drag cubes for part 'Panel1'
[LOG 20:58:47.369] PartLoader: Compiling Part 'SquadExpansion/MakingHistory/Parts/Structural/Panel1p5/Panel1p5'
[LOG 20:58:47.372] PartLoader: Part 'SquadExpansion/MakingHistory/Parts/Structural/Panel1p5/Panel1p5' has no database record. Creating.
[LOG 20:58:47.374] [DragCubeSystem]: Drag cubes not found or cannot be read for part Part. Generating New drag cubes.
[LOG 20:58:47.374] [KSPCF/DragCubeGeneration] Creating drag cubes for part 'Panel1p5'
[LOG 20:58:47.388] PartLoader: Compiling Part 'SquadExpansion/MakingHistory/Parts/Structural/Panel2/Panel2'
[LOG 20:58:47.396] PartLoader: Part 'SquadExpansion/MakingHistory/Parts/Structural/Panel2/Panel2' has no database record. Creating.
[LOG 20:58:47.396] [DragCubeSystem]: Drag cubes not found or cannot be read for part Part. Generating New drag cubes.
[LOG 20:58:47.396] [KSPCF/DragCubeGeneration] Creating drag cubes for part 'Panel2'
[LOG 20:58:47.403] PartLoader: Compiling Part 'SquadExpansion/MakingHistory/Parts/Structural/Triangle0/Triangle0'
[LOG 20:58:47.406] PartLoader: Part 'SquadExpansion/MakingHistory/Parts/Structural/Triangle0/Triangle0' has no database record. Creating.
[LOG 20:58:47.406] [DragCubeSystem]: Drag cubes not found or cannot be read for part Part. Generating New drag cubes.
[LOG 20:58:47.406] [KSPCF/DragCubeGeneration] Creating drag cubes for part 'Triangle0'
[LOG 20:58:47.412] PartLoader: Compiling Part 'SquadExpansion/MakingHistory/Parts/Structural/Triangle1/Triangle1'
[LOG 20:58:47.415] PartLoader: Part 'SquadExpansion/MakingHistory/Parts/Structural/Triangle1/Triangle1' has no database record. Creating.
[LOG 20:58:47.416] [DragCubeSystem]: Drag cubes not found or cannot be read for part Part. Generating New drag cubes.
[LOG 20:58:47.416] [KSPCF/DragCubeGeneration] Creating drag cubes for part 'Triangle1'
[LOG 20:58:47.423] PartLoader: Compiling Part 'SquadExpansion/MakingHistory/Parts/Structural/Triangle1p5/Triangle1p5'
[LOG 20:58:47.429] PartLoader: Part 'SquadExpansion/MakingHistory/Parts/Structural/Triangle1p5/Triangle1p5' has no database record. Creating.
[LOG 20:58:47.429] [DragCubeSystem]: Drag cubes not found or cannot be read for part Part. Generating New drag cubes.
[LOG 20:58:47.429] [KSPCF/DragCubeGeneration] Creating drag cubes for part 'Triangle1p5'
[LOG 20:58:47.436] PartLoader: Compiling Part 'SquadExpansion/MakingHistory/Parts/Structural/Triangle2/Triangle2'
[LOG 20:58:47.445] PartLoader: Part 'SquadExpansion/MakingHistory/Parts/Structural/Triangle2/Triangle2' has no database record. Creating.
[LOG 20:58:47.446] [DragCubeSystem]: Drag cubes not found or cannot be read for part Part. Generating New drag cubes.
[LOG 20:58:47.446] [KSPCF/DragCubeGeneration] Creating drag cubes for part 'Triangle2'
[LOG 20:58:47.452] PartLoader: Compiling Part 'SquadExpansion/MakingHistory/Parts/Structural/Tube1/Tube1'
[LOG 20:58:47.455] PartLoader: Part 'SquadExpansion/MakingHistory/Parts/Structural/Tube1/Tube1' has no database record. Creating.
[LOG 20:58:47.455] PartLoader: Compiling Part 'SquadExpansion/MakingHistory/Parts/Structural/Tube1p5/Tube1p5'
[LOG 20:58:47.459] PartLoader: Part 'SquadExpansion/MakingHistory/Parts/Structural/Tube1p5/Tube1p5' has no database record. Creating.
[LOG 20:58:47.459] PartLoader: Compiling Part 'SquadExpansion/MakingHistory/Parts/Structural/Tube2/Tube2'
[LOG 20:58:47.462] PartLoader: Part 'SquadExpansion/MakingHistory/Parts/Structural/Tube2/Tube2' has no database record. Creating.
[LOG 20:58:47.462] PartLoader: Compiling Part 'SquadExpansion/MakingHistory/Parts/Structural/Tube3/Tube3'
[LOG 20:58:47.465] PartLoader: Part 'SquadExpansion/MakingHistory/Parts/Structural/Tube3/Tube3' has no database record. Creating.
[LOG 20:58:47.465] PartLoader: Compiling Part 'SquadExpansion/MakingHistory/Parts/Structural/Tube4/Tube4'
[LOG 20:58:47.467] PartLoader: Part 'SquadExpansion/MakingHistory/Parts/Structural/Tube4/Tube4' has no database record. Creating.
[LOG 20:58:47.467] PartLoader: Compiling Part 'SquadExpansion/MakingHistory/Parts/Thermal/HeatShield1p5/HeatShield1p5'
[LOG 20:58:47.471] PartLoader: Part 'SquadExpansion/MakingHistory/Parts/Thermal/HeatShield1p5/HeatShield1p5' has no database record. Creating.
[LOG 20:58:47.471] [DragCubeSystem]: Drag cubes not found or cannot be read for part Part. Generating New drag cubes.
[LOG 20:58:47.471] [KSPCF/DragCubeGeneration] Creating drag cubes for part 'HeatShield1p5'
[LOG 20:58:47.489] PartLoader: Compiling Part 'SquadExpansion/MakingHistory/Parts/Utility/flags/flagSize1p5/flagSize1p5/flagPartSize1p5'
[LOG 20:58:47.495] PartLoader: Part 'SquadExpansion/MakingHistory/Parts/Utility/flags/flagSize1p5/flagSize1p5/flagPartSize1p5' has no database record. Creating.
[LOG 20:58:47.495] [DragCubeSystem]: Drag cubes not found or cannot be read for part Part. Generating New drag cubes.
[LOG 20:58:47.495] [KSPCF/DragCubeGeneration] Creating drag cubes for part 'flagPartSize1p5'
[LOG 20:58:47.503] PartLoader: Compiling Part 'SquadExpansion/MakingHistory/Parts/Utility/flags/flagSize4/flagSize4/flagPartSize4'
[LOG 20:58:47.507] PartLoader: Part 'SquadExpansion/MakingHistory/Parts/Utility/flags/flagSize4/flagSize4/flagPartSize4' has no database record. Creating.
[LOG 20:58:47.507] [DragCubeSystem]: Drag cubes not found or cannot be read for part Part. Generating New drag cubes.
[LOG 20:58:47.507] [KSPCF/DragCubeGeneration] Creating drag cubes for part 'flagPartSize4'
[LOG 20:58:47.516] PartLoader: Compiling Part 'SquadExpansion/Serenity/Parts/Aero/FanShroud_01/FanShroud_01'
[LOG 20:58:47.519] PartLoader: Part 'SquadExpansion/Serenity/Parts/Aero/FanShroud_01/FanShroud_01' has no database record. Creating.
[LOG 20:58:47.519] [DragCubeSystem]: Drag cubes not found or cannot be read for part Part. Generating New drag cubes.
[LOG 20:58:47.519] [KSPCF/DragCubeGeneration] Creating drag cubes for part 'FanShroud.01'
[LOG 20:58:47.526] PartLoader: Compiling Part 'SquadExpansion/Serenity/Parts/Aero/FanShroud_02/FanShroud_02'
[LOG 20:58:47.528] PartLoader: Part 'SquadExpansion/Serenity/Parts/Aero/FanShroud_02/FanShroud_02' has no database record. Creating.
[LOG 20:58:47.528] [DragCubeSystem]: Drag cubes not found or cannot be read for part Part. Generating New drag cubes.
[LOG 20:58:47.528] [KSPCF/DragCubeGeneration] Creating drag cubes for part 'FanShroud.02'
[LOG 20:58:47.536] PartLoader: Compiling Part 'SquadExpansion/Serenity/Parts/Aero/FanShroud_03/FanShroud_03'
[LOG 20:58:47.538] PartLoader: Part 'SquadExpansion/Serenity/Parts/Aero/FanShroud_03/FanShroud_03' has no database record. Creating.
[LOG 20:58:47.538] [DragCubeSystem]: Drag cubes not found or cannot be read for part Part. Generating New drag cubes.
[LOG 20:58:47.538] [KSPCF/DragCubeGeneration] Creating drag cubes for part 'FanShroud.03'
[LOG 20:58:47.545] PartLoader: Compiling Part 'SquadExpansion/Serenity/Parts/Aero/noseconeTiny/noseconeTiny'
[LOG 20:58:47.547] PartLoader: Part 'SquadExpansion/Serenity/Parts/Aero/noseconeTiny/noseconeTiny' has no database record. Creating.
[LOG 20:58:47.547] [DragCubeSystem]: Drag cubes not found or cannot be read for part Part. Generating New drag cubes.
[LOG 20:58:47.547] [KSPCF/DragCubeGeneration] Creating drag cubes for part 'noseconeTiny'
[LOG 20:58:47.553] PartLoader: Compiling Part 'SquadExpansion/Serenity/Parts/Aero/noseconeVS/noseconeVS'
[LOG 20:58:47.556] PartLoader: Part 'SquadExpansion/Serenity/Parts/Aero/noseconeVS/noseconeVS' has no database record. Creating.
[LOG 20:58:47.556] [DragCubeSystem]: Drag cubes not found or cannot be read for part Part. Generating New drag cubes.
[LOG 20:58:47.556] [KSPCF/DragCubeGeneration] Creating drag cubes for part 'noseconeVS'
[LOG 20:58:47.562] PartLoader: Compiling Part 'SquadExpansion/Serenity/Parts/DeployedScience/centralStation/DeployedCentralStation'
[LOG 20:58:47.571] PartLoader: Part 'SquadExpansion/Serenity/Parts/DeployedScience/centralStation/DeployedCentralStation' has no database record. Creating.
[LOG 20:58:47.571] [DragCubeSystem]: Drag cubes not found or cannot be read for part Part. Generating New drag cubes.
[LOG 20:58:47.571] [KSPCF/DragCubeGeneration] Creating drag cubes for part 'DeployedCentralStation'
[LOG 20:58:47.611] PartLoader: Compiling Part 'SquadExpansion/Serenity/Parts/DeployedScience/gooObservation/DeployedGoExOb'
[LOG 20:58:47.619] PartLoader: Part 'SquadExpansion/Serenity/Parts/DeployedScience/gooObservation/DeployedGoExOb' has no database record. Creating.
[LOG 20:58:47.619] [DragCubeSystem]: Drag cubes not found or cannot be read for part Part. Generating New drag cubes.
[LOG 20:58:47.619] [KSPCF/DragCubeGeneration] Creating drag cubes for part 'DeployedGoExOb'
[LOG 20:58:47.657] PartLoader: Compiling Part 'SquadExpansion/Serenity/Parts/DeployedScience/ionCollector/DeployedIONExp'
[LOG 20:58:47.660] PartLoader: Part 'SquadExpansion/Serenity/Parts/DeployedScience/ionCollector/DeployedIONExp' has no database record. Creating.
[LOG 20:58:47.660] [DragCubeSystem]: Drag cubes not found or cannot be read for part Part. Generating New drag cubes.
[LOG 20:58:47.660] [KSPCF/DragCubeGeneration] Creating drag cubes for part 'DeployedIONExp'
[LOG 20:58:47.680] PartLoader: Compiling Part 'SquadExpansion/Serenity/Parts/DeployedScience/rtg/DeployedRTG'
[LOG 20:58:47.686] PartLoader: Part 'SquadExpansion/Serenity/Parts/DeployedScience/rtg/DeployedRTG' has no database record. Creating.
[LOG 20:58:47.686] [DragCubeSystem]: Drag cubes not found or cannot be read for part Part. Generating New drag cubes.
[LOG 20:58:47.686] [KSPCF/DragCubeGeneration] Creating drag cubes for part 'DeployedRTG'
[LOG 20:58:47.708] PartLoader: Compiling Part 'SquadExpansion/Serenity/Parts/DeployedScience/satDish/DeployedSatDish'
[LOG 20:58:47.714] PartLoader: Part 'SquadExpansion/Serenity/Parts/DeployedScience/satDish/DeployedSatDish' has no database record. Creating.
[LOG 20:58:47.714] [DragCubeSystem]: Drag cubes not found or cannot be read for part Part. Generating New drag cubes.
[LOG 20:58:47.714] [KSPCF/DragCubeGeneration] Creating drag cubes for part 'DeployedSatDish'
[LOG 20:58:47.735] PartLoader: Compiling Part 'SquadExpansion/Serenity/Parts/DeployedScience/seismicSensor/DeployedSeismicSensor'
[LOG 20:58:47.738] PartLoader: Part 'SquadExpansion/Serenity/Parts/DeployedScience/seismicSensor/DeployedSeismicSensor' has no database record. Creating.
[LOG 20:58:47.738] [DragCubeSystem]: Drag cubes not found or cannot be read for part Part. Generating New drag cubes.
[LOG 20:58:47.738] [KSPCF/DragCubeGeneration] Creating drag cubes for part 'DeployedSeismicSensor'
[LOG 20:58:47.758] PartLoader: Compiling Part 'SquadExpansion/Serenity/Parts/DeployedScience/solarPanel/DeployedSolarPanel'
[LOG 20:58:47.761] PartLoader: Part 'SquadExpansion/Serenity/Parts/DeployedScience/solarPanel/DeployedSolarPanel' has no database record. Creating.
[LOG 20:58:47.761] [DragCubeSystem]: Drag cubes not found or cannot be read for part Part. Generating New drag cubes.
[LOG 20:58:47.761] [KSPCF/DragCubeGeneration] Creating drag cubes for part 'DeployedSolarPanel'
[LOG 20:58:47.783] PartLoader: Compiling Part 'SquadExpansion/Serenity/Parts/DeployedScience/weatherStation/DeployedWeatherStn'
[LOG 20:58:47.786] PartLoader: Part 'SquadExpansion/Serenity/Parts/DeployedScience/weatherStation/DeployedWeatherStn' has no database record. Creating.
[LOG 20:58:47.786] [DragCubeSystem]: Drag cubes not found or cannot be read for part Part. Generating New drag cubes.
[LOG 20:58:47.786] [KSPCF/DragCubeGeneration] Creating drag cubes for part 'DeployedWeatherStn'
[LOG 20:58:47.825] PartLoader: Compiling Part 'SquadExpansion/Serenity/Parts/Prebuilt/kerbalEVA/kerbalEVA'
[LOG 20:58:47.826] PartLoader: Compiling Part 'SquadExpansion/Serenity/Parts/Prebuilt/kerbalEVAfemale/kerbalEVAfemale'
[LOG 20:58:47.827] PartLoader: Compiling Part 'SquadExpansion/Serenity/Parts/Prebuilt/kerbalEVAfemaleFuture/kerbalEVAfemaleFuture'
[LOG 20:58:47.831] PartLoader: Compiling Part 'SquadExpansion/Serenity/Parts/Prebuilt/kerbalEVAfemaleVintage/kerbalEVAfemaleVintage'
[LOG 20:58:47.833] PartLoader: Compiling Part 'SquadExpansion/Serenity/Parts/Prebuilt/kerbalEVAFuture/kerbalEVAFuture'
[LOG 20:58:47.837] PartLoader: Compiling Part 'SquadExpansion/Serenity/Parts/Prebuilt/kerbalEVASlimSuit/kerbalEVASlimSuit'
[LOG 20:58:47.837] PartLoader: Compiling Part 'SquadExpansion/Serenity/Parts/Prebuilt/kerbalEVASlimSuitFemale/kerbalEVASlimSuitFemale'
[LOG 20:58:47.839] PartLoader: Compiling Part 'SquadExpansion/Serenity/Parts/Prebuilt/kerbalEVAVintage/kerbalEVAVintage'
[LOG 20:58:47.841] PartLoader: Compiling Part 'SquadExpansion/Serenity/Parts/Propellers/largeFanBlade/largeFanBlade'
[LOG 20:58:47.844] PartLoader: Part 'SquadExpansion/Serenity/Parts/Propellers/largeFanBlade/largeFanBlade' has no database record. Creating.
[LOG 20:58:47.844] [DragCubeSystem]: Drag cubes not found or cannot be read for part Part. Generating New drag cubes.
[LOG 20:58:47.844] [KSPCF/DragCubeGeneration] Creating drag cubes for part 'largeFanBlade'
[LOG 20:58:47.871] PartLoader: Compiling Part 'SquadExpansion/Serenity/Parts/Propellers/largeHeliBlade/largeHeliBlade'
[LOG 20:58:47.874] PartLoader: Part 'SquadExpansion/Serenity/Parts/Propellers/largeHeliBlade/largeHeliBlade' has no database record. Creating.
[LOG 20:58:47.874] [DragCubeSystem]: Drag cubes not found or cannot be read for part Part. Generating New drag cubes.
[LOG 20:58:47.874] [KSPCF/DragCubeGeneration] Creating drag cubes for part 'largeHeliBlade'
[LOG 20:58:47.901] PartLoader: Compiling Part 'SquadExpansion/Serenity/Parts/Propellers/largePropeller/largePropeller'
[LOG 20:58:47.905] PartLoader: Part 'SquadExpansion/Serenity/Parts/Propellers/largePropeller/largePropeller' has no database record. Creating.
[LOG 20:58:47.905] [DragCubeSystem]: Drag cubes not found or cannot be read for part Part. Generating New drag cubes.
[LOG 20:58:47.905] [KSPCF/DragCubeGeneration] Creating drag cubes for part 'largePropeller'
[LOG 20:58:47.932] PartLoader: Compiling Part 'SquadExpansion/Serenity/Parts/Propellers/mediumFanBlade/mediumFanBlade'
[LOG 20:58:47.936] PartLoader: Part 'SquadExpansion/Serenity/Parts/Propellers/mediumFanBlade/mediumFanBlade' has no database record. Creating.
[LOG 20:58:47.936] [DragCubeSystem]: Drag cubes not found or cannot be read for part Part. Generating New drag cubes.
[LOG 20:58:47.936] [KSPCF/DragCubeGeneration] Creating drag cubes for part 'mediumFanBlade'
[LOG 20:58:47.962] PartLoader: Compiling Part 'SquadExpansion/Serenity/Parts/Propellers/mediumHeliBlade/mediumHeliBlade'
[LOG 20:58:47.965] PartLoader: Part 'SquadExpansion/Serenity/Parts/Propellers/mediumHeliBlade/mediumHeliBlade' has no database record. Creating.
[LOG 20:58:47.965] [DragCubeSystem]: Drag cubes not found or cannot be read for part Part. Generating New drag cubes.
[LOG 20:58:47.965] [KSPCF/DragCubeGeneration] Creating drag cubes for part 'mediumHeliBlade'
[LOG 20:58:47.993] PartLoader: Compiling Part 'SquadExpansion/Serenity/Parts/Propellers/mediumPropeller/mediumPropeller'
[LOG 20:58:47.997] PartLoader: Part 'SquadExpansion/Serenity/Parts/Propellers/mediumPropeller/mediumPropeller' has no database record. Creating.
[LOG 20:58:47.997] [DragCubeSystem]: Drag cubes not found or cannot be read for part Part. Generating New drag cubes.
[LOG 20:58:47.997] [KSPCF/DragCubeGeneration] Creating drag cubes for part 'mediumPropeller'
[LOG 20:58:48.025] PartLoader: Compiling Part 'SquadExpansion/Serenity/Parts/Propellers/smallFanBlade/smallFanBlade'
[LOG 20:58:48.029] PartLoader: Part 'SquadExpansion/Serenity/Parts/Propellers/smallFanBlade/smallFanBlade' has no database record. Creating.
[LOG 20:58:48.029] [DragCubeSystem]: Drag cubes not found or cannot be read for part Part. Generating New drag cubes.
[LOG 20:58:48.029] [KSPCF/DragCubeGeneration] Creating drag cubes for part 'smallFanBlade'
[LOG 20:58:48.059] PartLoader: Compiling Part 'SquadExpansion/Serenity/Parts/Propellers/smallHeliBlade/smallHeliBlade'
[LOG 20:58:48.062] PartLoader: Part 'SquadExpansion/Serenity/Parts/Propellers/smallHeliBlade/smallHeliBlade' has no database record. Creating.
[LOG 20:58:48.062] [DragCubeSystem]: Drag cubes not found or cannot be read for part Part. Generating New drag cubes.
[LOG 20:58:48.062] [KSPCF/DragCubeGeneration] Creating drag cubes for part 'smallHeliBlade'
[LOG 20:58:48.089] PartLoader: Compiling Part 'SquadExpansion/Serenity/Parts/Propellers/smallPropeller/smallPropeller'
[LOG 20:58:48.093] PartLoader: Part 'SquadExpansion/Serenity/Parts/Propellers/smallPropeller/smallPropeller' has no database record. Creating.
[LOG 20:58:48.093] [DragCubeSystem]: Drag cubes not found or cannot be read for part Part. Generating New drag cubes.
[LOG 20:58:48.093] [KSPCF/DragCubeGeneration] Creating drag cubes for part 'smallPropeller'
[LOG 20:58:48.124] PartLoader: Compiling Part 'SquadExpansion/Serenity/Parts/Robotics/hinge_01/hinge_01'
[LOG 20:58:48.136] PartLoader: Part 'SquadExpansion/Serenity/Parts/Robotics/hinge_01/hinge_01' has no database record. Creating.
[LOG 20:58:48.136] [DragCubeSystem]: Drag cubes not found or cannot be read for part Part. Generating New drag cubes.
[LOG 20:58:48.137] [KSPCF/DragCubeGeneration] Creating drag cubes for part 'hinge.01'
[LOG 20:58:48.146] PartLoader: Compiling Part 'SquadExpansion/Serenity/Parts/Robotics/hinge_01_s/hinge_01_s'
[LOG 20:58:48.151] PartLoader: Part 'SquadExpansion/Serenity/Parts/Robotics/hinge_01_s/hinge_01_s' has no database record. Creating.
[LOG 20:58:48.151] [DragCubeSystem]: Drag cubes not found or cannot be read for part Part. Generating New drag cubes.
[LOG 20:58:48.151] [KSPCF/DragCubeGeneration] Creating drag cubes for part 'hinge.01.s'
[LOG 20:58:48.162] PartLoader: Compiling Part 'SquadExpansion/Serenity/Parts/Robotics/hinge_03/hinge_03'
[LOG 20:58:48.166] PartLoader: Part 'SquadExpansion/Serenity/Parts/Robotics/hinge_03/hinge_03' has no database record. Creating.
[LOG 20:58:48.167] PartLoader: Compiling Part 'SquadExpansion/Serenity/Parts/Robotics/hinge_03_s/hinge_03_s'
[LOG 20:58:48.171] PartLoader: Part 'SquadExpansion/Serenity/Parts/Robotics/hinge_03_s/hinge_03_s' has no database record. Creating.
[LOG 20:58:48.172] PartLoader: Compiling Part 'SquadExpansion/Serenity/Parts/Robotics/hinge_04/hinge_04'
[LOG 20:58:48.177] PartLoader: Part 'SquadExpansion/Serenity/Parts/Robotics/hinge_04/hinge_04' has no database record. Creating.
[LOG 20:58:48.177] PartLoader: Compiling Part 'SquadExpansion/Serenity/Parts/Robotics/piston_01/piston_01'
[LOG 20:58:48.185] PartLoader: Part 'SquadExpansion/Serenity/Parts/Robotics/piston_01/piston_01' has no database record. Creating.
[LOG 20:58:48.186] PartLoader: Compiling Part 'SquadExpansion/Serenity/Parts/Robotics/piston_02/piston_02'
[LOG 20:58:48.190] PartLoader: Part 'SquadExpansion/Serenity/Parts/Robotics/piston_02/piston_02' has no database record. Creating.
[LOG 20:58:48.190] PartLoader: Compiling Part 'SquadExpansion/Serenity/Parts/Robotics/piston_03/piston_03'
[LOG 20:58:48.194] PartLoader: Part 'SquadExpansion/Serenity/Parts/Robotics/piston_03/piston_03' has no database record. Creating.
[LOG 20:58:48.195] PartLoader: Compiling Part 'SquadExpansion/Serenity/Parts/Robotics/piston_04/piston_04'
[LOG 20:58:48.199] PartLoader: Part 'SquadExpansion/Serenity/Parts/Robotics/piston_04/piston_04' has no database record. Creating.
[LOG 20:58:48.199] PartLoader: Compiling Part 'SquadExpansion/Serenity/Parts/Robotics/RotorEngine_02/RotorEngine_02'
[LOG 20:58:48.207] PartLoader: Part 'SquadExpansion/Serenity/Parts/Robotics/RotorEngine_02/RotorEngine_02' has no database record. Creating.
[LOG 20:58:48.207] [DragCubeSystem]: Drag cubes not found or cannot be read for part Part. Generating New drag cubes.
[LOG 20:58:48.207] [KSPCF/DragCubeGeneration] Creating drag cubes for part 'RotorEngine.02'
[LOG 20:58:48.219] PartLoader: Compiling Part 'SquadExpansion/Serenity/Parts/Robotics/RotorEngine_03/RotorEngine_03'
[LOG 20:58:48.224] PartLoader: Part 'SquadExpansion/Serenity/Parts/Robotics/RotorEngine_03/RotorEngine_03' has no database record. Creating.
[LOG 20:58:48.224] [DragCubeSystem]: Drag cubes not found or cannot be read for part Part. Generating New drag cubes.
[LOG 20:58:48.224] [KSPCF/DragCubeGeneration] Creating drag cubes for part 'RotorEngine.03'
[LOG 20:58:48.233] PartLoader: Compiling Part 'SquadExpansion/Serenity/Parts/Robotics/rotor_01/rotor_01'
[LOG 20:58:48.239] PartLoader: Part 'SquadExpansion/Serenity/Parts/Robotics/rotor_01/rotor_01' has no database record. Creating.
[LOG 20:58:48.239] [DragCubeSystem]: Drag cubes not found or cannot be read for part Part. Generating New drag cubes.
[LOG 20:58:48.239] [KSPCF/DragCubeGeneration] Creating drag cubes for part 'rotor.01'
[LOG 20:58:48.247] PartLoader: Compiling Part 'SquadExpansion/Serenity/Parts/Robotics/rotor_01s/rotor_01s'
[LOG 20:58:48.252] PartLoader: Part 'SquadExpansion/Serenity/Parts/Robotics/rotor_01s/rotor_01s' has no database record. Creating.
[LOG 20:58:48.252] [DragCubeSystem]: Drag cubes not found or cannot be read for part Part. Generating New drag cubes.
[LOG 20:58:48.252] [KSPCF/DragCubeGeneration] Creating drag cubes for part 'rotor.01s'
[LOG 20:58:48.261] PartLoader: Compiling Part 'SquadExpansion/Serenity/Parts/Robotics/rotor_02/rotor_02'
[LOG 20:58:48.266] PartLoader: Part 'SquadExpansion/Serenity/Parts/Robotics/rotor_02/rotor_02' has no database record. Creating.
[LOG 20:58:48.266] [DragCubeSystem]: Drag cubes not found or cannot be read for part Part. Generating New drag cubes.
[LOG 20:58:48.266] [KSPCF/DragCubeGeneration] Creating drag cubes for part 'rotor.02'
[LOG 20:58:48.274] PartLoader: Compiling Part 'SquadExpansion/Serenity/Parts/Robotics/rotor_02s/rotor_02s'
[LOG 20:58:48.278] PartLoader: Part 'SquadExpansion/Serenity/Parts/Robotics/rotor_02s/rotor_02s' has no database record. Creating.
[LOG 20:58:48.278] [DragCubeSystem]: Drag cubes not found or cannot be read for part Part. Generating New drag cubes.
[LOG 20:58:48.278] [KSPCF/DragCubeGeneration] Creating drag cubes for part 'rotor.02s'
[LOG 20:58:48.287] PartLoader: Compiling Part 'SquadExpansion/Serenity/Parts/Robotics/rotor_03/rotor_03'
[LOG 20:58:48.292] PartLoader: Part 'SquadExpansion/Serenity/Parts/Robotics/rotor_03/rotor_03' has no database record. Creating.
[LOG 20:58:48.292] [DragCubeSystem]: Drag cubes not found or cannot be read for part Part. Generating New drag cubes.
[LOG 20:58:48.292] [KSPCF/DragCubeGeneration] Creating drag cubes for part 'rotor.03'
[LOG 20:58:48.300] PartLoader: Compiling Part 'SquadExpansion/Serenity/Parts/Robotics/rotor_03s/rotor_03s'
[LOG 20:58:48.304] PartLoader: Part 'SquadExpansion/Serenity/Parts/Robotics/rotor_03s/rotor_03s' has no database record. Creating.
[LOG 20:58:48.304] [DragCubeSystem]: Drag cubes not found or cannot be read for part Part. Generating New drag cubes.
[LOG 20:58:48.304] [KSPCF/DragCubeGeneration] Creating drag cubes for part 'rotor.03s'
[LOG 20:58:48.313] PartLoader: Compiling Part 'SquadExpansion/Serenity/Parts/Robotics/rotoServo_00/rotoServo_00'
[LOG 20:58:48.320] PartLoader: Part 'SquadExpansion/Serenity/Parts/Robotics/rotoServo_00/rotoServo_00' has no database record. Creating.
[LOG 20:58:48.320] [DragCubeSystem]: Drag cubes not found or cannot be read for part Part. Generating New drag cubes.
[LOG 20:58:48.320] [KSPCF/DragCubeGeneration] Creating drag cubes for part 'rotoServo.00'
[LOG 20:58:48.330] PartLoader: Compiling Part 'SquadExpansion/Serenity/Parts/Robotics/rotoServo_02/rotoServo_02'
[LOG 20:58:48.335] PartLoader: Part 'SquadExpansion/Serenity/Parts/Robotics/rotoServo_02/rotoServo_02' has no database record. Creating.
[LOG 20:58:48.335] [DragCubeSystem]: Drag cubes not found or cannot be read for part Part. Generating New drag cubes.
[LOG 20:58:48.335] [KSPCF/DragCubeGeneration] Creating drag cubes for part 'rotoServo.02'
[LOG 20:58:48.344] PartLoader: Compiling Part 'SquadExpansion/Serenity/Parts/Robotics/rotoServo_03/rotoServo_03'
[LOG 20:58:48.349] PartLoader: Part 'SquadExpansion/Serenity/Parts/Robotics/rotoServo_03/rotoServo_03' has no database record. Creating.
[LOG 20:58:48.349] [DragCubeSystem]: Drag cubes not found or cannot be read for part Part. Generating New drag cubes.
[LOG 20:58:48.349] [KSPCF/DragCubeGeneration] Creating drag cubes for part 'rotoServo.03'
[LOG 20:58:48.358] PartLoader: Compiling Part 'SquadExpansion/Serenity/Parts/Robotics/rotoServo_04/rotoServo_04'
[LOG 20:58:48.362] PartLoader: Part 'SquadExpansion/Serenity/Parts/Robotics/rotoServo_04/rotoServo_04' has no database record. Creating.
[LOG 20:58:48.362] [DragCubeSystem]: Drag cubes not found or cannot be read for part Part. Generating New drag cubes.
[LOG 20:58:48.362] [KSPCF/DragCubeGeneration] Creating drag cubes for part 'rotoServo.04'
[LOG 20:58:48.369] PartLoader: Compiling Part 'SquadExpansion/Serenity/Parts/Robotics/Controllers/KAL1000/controller1000'
[LOG 20:58:48.376] PartLoader: Part 'SquadExpansion/Serenity/Parts/Robotics/Controllers/KAL1000/controller1000' has no database record. Creating.
[LOG 20:58:48.376] [DragCubeSystem]: Drag cubes not found or cannot be read for part Part. Generating New drag cubes.
[LOG 20:58:48.376] [KSPCF/DragCubeGeneration] Creating drag cubes for part 'controller1000'
[LOG 20:58:48.385] PartLoader: Compiling Part 'SquadExpansion/Serenity/Parts/Science/RobotArmScanner/RobotArmScanner_S1/RobotArmScanner_S1'
[LOG 20:58:48.393] PartLoader: Part 'SquadExpansion/Serenity/Parts/Science/RobotArmScanner/RobotArmScanner_S1/RobotArmScanner_S1' has no database record. Creating.
[LOG 20:58:48.393] [DragCubeSystem]: Drag cubes not found or cannot be read for part Part. Generating New drag cubes.
[LOG 20:58:48.393] [KSPCF/DragCubeGeneration] Creating drag cubes for part 'RobotArmScanner.S1'
[LOG 20:58:48.450] PartLoader: Compiling Part 'SquadExpansion/Serenity/Parts/Science/RobotArmScanner/RobotArmScanner_S2/RobotArmScanner_S2'
[LOG 20:58:48.455] PartLoader: Part 'SquadExpansion/Serenity/Parts/Science/RobotArmScanner/RobotArmScanner_S2/RobotArmScanner_S2' has no database record. Creating.
[LOG 20:58:48.455] [DragCubeSystem]: Drag cubes not found or cannot be read for part Part. Generating New drag cubes.
[LOG 20:58:48.455] [KSPCF/DragCubeGeneration] Creating drag cubes for part 'RobotArmScanner.S2'
[LOG 20:58:48.482] PartLoader: Compiling Part 'SquadExpansion/Serenity/Parts/Science/RobotArmScanner/RobotArmScanner_S3/RobotArmScanner_S3'
[LOG 20:58:48.487] PartLoader: Part 'SquadExpansion/Serenity/Parts/Science/RobotArmScanner/RobotArmScanner_S3/RobotArmScanner_S3' has no database record. Creating.
[LOG 20:58:48.487] [DragCubeSystem]: Drag cubes not found or cannot be read for part Part. Generating New drag cubes.
[LOG 20:58:48.487] [KSPCF/DragCubeGeneration] Creating drag cubes for part 'RobotArmScanner.S3'
[LOG 20:58:48.516] PartLoader: Compiling Part 'SquadExpansion/Serenity/Parts/Structural/gripPads/lGripPad/lGripPad'
[LOG 20:58:48.522] PartLoader: Part 'SquadExpansion/Serenity/Parts/Structural/gripPads/lGripPad/lGripPad' has no database record. Creating.
[LOG 20:58:48.522] [DragCubeSystem]: Drag cubes not found or cannot be read for part Part. Generating New drag cubes.
[LOG 20:58:48.522] [KSPCF/DragCubeGeneration] Creating drag cubes for part 'lGripPad'
[LOG 20:58:48.539] PartLoader: Compiling Part 'SquadExpansion/Serenity/Parts/Structural/gripPads/lGripStrip/lGripStrip'
[LOG 20:58:48.542] PartLoader: Part 'SquadExpansion/Serenity/Parts/Structural/gripPads/lGripStrip/lGripStrip' has no database record. Creating.
[LOG 20:58:48.542] [DragCubeSystem]: Drag cubes not found or cannot be read for part Part. Generating New drag cubes.
[LOG 20:58:48.542] [KSPCF/DragCubeGeneration] Creating drag cubes for part 'lGripStrip'
[LOG 20:58:48.549] PartLoader: Compiling Part 'SquadExpansion/Serenity/Parts/Structural/gripPads/mGripPad/mGripPad'
[LOG 20:58:48.552] PartLoader: Part 'SquadExpansion/Serenity/Parts/Structural/gripPads/mGripPad/mGripPad' has no database record. Creating.
[LOG 20:58:48.552] [DragCubeSystem]: Drag cubes not found or cannot be read for part Part. Generating New drag cubes.
[LOG 20:58:48.552] [KSPCF/DragCubeGeneration] Creating drag cubes for part 'mGripPad'
[LOG 20:58:48.570] PartLoader: Compiling Part 'SquadExpansion/Serenity/Parts/Structural/gripPads/sGripPad/sGripPad'
[LOG 20:58:48.573] PartLoader: Part 'SquadExpansion/Serenity/Parts/Structural/gripPads/sGripPad/sGripPad' has no database record. Creating.
[LOG 20:58:48.573] [DragCubeSystem]: Drag cubes not found or cannot be read for part Part. Generating New drag cubes.
[LOG 20:58:48.573] [KSPCF/DragCubeGeneration] Creating drag cubes for part 'sGripPad'
[LOG 20:58:48.592] PartLoader: Compiling Part 'SquadExpansion/Serenity/Parts/Structural/gripPads/sGripStrip/sGripStrip'
[LOG 20:58:48.594] PartLoader: Part 'SquadExpansion/Serenity/Parts/Structural/gripPads/sGripStrip/sGripStrip' has no database record. Creating.
[LOG 20:58:48.595] [DragCubeSystem]: Drag cubes not found or cannot be read for part Part. Generating New drag cubes.
[LOG 20:58:48.595] [KSPCF/DragCubeGeneration] Creating drag cubes for part 'sGripStrip'
[LOG 20:58:48.603] PartLoader: Compiling Internal Prop 'Squad/Props/AltimeterThreeHands/prop/AltimeterThreeHands'
[LOG 20:58:48.606] PartLoader: Compiling Internal Prop 'Squad/Props/AtmosphereDepth/prop/AtmosphereDepth'
[LOG 20:58:48.607] PartLoader: Compiling Internal Prop 'Squad/Props/AxisIndicator/pitchConfig/AxisIndicatorPitch'
[LOG 20:58:48.608] PartLoader: Compiling Internal Prop 'Squad/Props/AxisIndicator/rollConfig/AxisIndicatorRoll'
[LOG 20:58:48.609] PartLoader: Compiling Internal Prop 'Squad/Props/AxisIndicator/yawConfig/AxisIndicatorYaw'
[LOG 20:58:48.610] PartLoader: Compiling Internal Prop 'Squad/Props/buttonsGeneric/circularButton/genericCircularButton'
[LOG 20:58:48.611] PartLoader: Compiling Internal Prop 'Squad/Props/buttonsGeneric/clusterButtons/genericClusterButtons'
[LOG 20:58:48.612] PartLoader: Compiling Internal Prop 'Squad/Props/buttonsGeneric/clusterButtons2/genericClusterButtons2'
[LOG 20:58:48.612] PartLoader: Compiling Internal Prop 'Squad/Props/buttonsGeneric/clusterKnob/genericClusterKnobs'
[LOG 20:58:48.612] PartLoader: Compiling Internal Prop 'Squad/Props/buttonsGeneric/clusterKnob2/genericClusterKnobs2'
[LOG 20:58:48.612] PartLoader: Compiling Internal Prop 'Squad/Props/buttonsGeneric/clusterMixed/genericClusterMixed'
[LOG 20:58:48.613] PartLoader: Compiling Internal Prop 'Squad/Props/buttonsGeneric/clusterSwitches01/genericClusterSwitches01'
[LOG 20:58:48.613] PartLoader: Compiling Internal Prop 'Squad/Props/buttonsGeneric/clusterSwitches02/genericClusterSwitches02'
[LOG 20:58:48.613] PartLoader: Compiling Internal Prop 'Squad/Props/buttonsGeneric/clusterSwitches03/genericClusterSwitches03'
[LOG 20:58:48.614] PartLoader: Compiling Internal Prop 'Squad/Props/buttonsGeneric/clusterSwitches04/genericClusterSwitches04'
[LOG 20:58:48.614] PartLoader: Compiling Internal Prop 'Squad/Props/buttonsGeneric/clusterSwitches05/genericClusterSwitches05'
[LOG 20:58:48.614] PartLoader: Compiling Internal Prop 'Squad/Props/buttonsGeneric/clusterSwitches06/genericClusterSwitches06'
[LOG 20:58:48.615] PartLoader: Compiling Internal Prop 'Squad/Props/buttonsGeneric/clusterSwitches07/genericClusterSwitches07'
[LOG 20:58:48.615] PartLoader: Compiling Internal Prop 'Squad/Props/buttonsGeneric/directionalKnob/genericDirectionalKnob'
[LOG 20:58:48.615] PartLoader: Compiling Internal Prop 'Squad/Props/buttonsGeneric/directionalKnob2/genericDirectionalKnob2'
[LOG 20:58:48.615] PartLoader: Compiling Internal Prop 'Squad/Props/buttonsGeneric/pullSwitch/genericPullSwitch'
[LOG 20:58:48.616] PartLoader: Compiling Internal Prop 'Squad/Props/buttonsGeneric/squareButton/genericSquareButton'
[LOG 20:58:48.616] PartLoader: Compiling Internal Prop 'Squad/Props/buttonsGeneric/standingSwitch/genericStandingSwitch'
[LOG 20:58:48.617] PartLoader: Compiling Internal Prop 'Squad/Props/buttonsGeneric/switch/genericSwitch'
[LOG 20:58:48.617] PartLoader: Compiling Internal Prop 'Squad/Props/buttonsGeneric/switchWithGuards/genericSwitchWithGuards'
[LOG 20:58:48.618] PartLoader: Compiling Internal Prop 'Squad/Props/ButtonSquare/prop/ButtonSquare'
[LOG 20:58:48.621] PartLoader: Compiling Internal Prop 'Squad/Props/circularButton/prop/circularButton'
[LOG 20:58:48.621] PartLoader: Compiling Internal Prop 'Squad/Props/Compass/prop/Compass'
[LOG 20:58:48.622] PartLoader: Compiling Internal Prop 'Squad/Props/directionalKnob/prop/directionalKnob'
[LOG 20:58:48.623] PartLoader: Compiling Internal Prop 'Squad/Props/directionalKnob2/prop/directionalKnob2'
[LOG 20:58:48.623] PartLoader: Compiling Internal Prop 'Squad/Props/IndicatorPanel/prop/IndicatorPanel'
[LOG 20:58:48.625] PartLoader: Compiling Internal Prop 'Squad/Props/IVANavBall/prop/NavBall'
[LOG 20:58:48.628] PartLoader: Compiling Internal Prop 'Squad/Props/IVANavBallNoBase/prop/NavBallNoBase'
[LOG 20:58:48.628] PartLoader: Compiling Internal Prop 'Squad/Props/ledPanelSpeed/prop/ledPanelSpeed'
[LOG 20:58:48.629] PartLoader: Compiling Internal Prop 'Squad/Props/Monitor/DockingMode/MonitorDockingMode'
[LOG 20:58:48.629] PartLoader: Compiling Internal Prop 'Squad/Props/NavBall/prop/NavBall'
[LOG 20:58:48.630] PartLoader: Compiling Internal Prop 'Squad/Props/PropsGeneric/Button_DockingMode/Button_DockingMode'
[LOG 20:58:48.630] PartLoader: Compiling Internal Prop 'Squad/Props/PropsGeneric/CargoBagA/CargoBagA'
[LOG 20:58:48.631] PartLoader: Compiling Internal Prop 'Squad/Props/PropsGeneric/CargoBagB/CargoBagB'
[LOG 20:58:48.631] PartLoader: Compiling Internal Prop 'Squad/Props/PropsGeneric/CargoBagC/CargoBagC'
[LOG 20:58:48.632] PartLoader: Compiling Internal Prop 'Squad/Props/PropsGeneric/Hatch_Plane/Hatch_Plane'
[LOG 20:58:48.633] PartLoader: Compiling Internal Prop 'Squad/Props/PropsGeneric/Hatch_Plane_Curve90/Hatch_Plane_Curve90'
[LOG 20:58:48.633] PartLoader: Compiling Internal Prop 'Squad/Props/PropsGeneric/Hatch_Plane_Frame/Hatch_Plane_Frame'
[LOG 20:58:48.634] PartLoader: Compiling Internal Prop 'Squad/Props/PropsGeneric/Seat_Passenger/Seat_Passenger'
[LOG 20:58:48.634] PartLoader: Compiling Internal Prop 'Squad/Props/PropsGeneric/Seat_Pilot/Seat_Pilot'
[LOG 20:58:48.635] PartLoader: Compiling Internal Prop 'Squad/Props/PropsGeneric/Seat_Pilot_Helmet/Seat_Pilot_Helmet'
[LOG 20:58:48.635] PartLoader: Compiling Internal Prop 'Squad/Props/PropsGeneric/SideStick/SideStick'
[LOG 20:58:48.636] PartLoader: Compiling Internal Prop 'Squad/Props/pullSwitch/prop/pullSwitch'
[LOG 20:58:48.636] PartLoader: Compiling Internal Prop 'Squad/Props/radarAltitude/prop/RadarAltimeter'
[LOG 20:58:48.639] PartLoader: Compiling Internal Prop 'Squad/Props/squareButton/prop/squareButton'
[LOG 20:58:48.639] PartLoader: Compiling Internal Prop 'Squad/Props/standingSwitch/prop/standingSwitch'
[LOG 20:58:48.640] PartLoader: Compiling Internal Prop 'Squad/Props/switch/prop/switch'
[LOG 20:58:48.640] PartLoader: Compiling Internal Prop 'Squad/Props/switchGuard/prop/switchGuard'
[LOG 20:58:48.640] PartLoader: Compiling Internal Prop 'Squad/Props/switchWithGuards/prop/switchWithGuards'
[LOG 20:58:48.640] PartLoader: Compiling Internal Prop 'Squad/Props/throttle/prop/throttle'
[LOG 20:58:48.641] PartLoader: Compiling Internal Prop 'Squad/Props/VSI/prop/VSI'
[LOG 20:58:48.642] PartLoader: Compiling Internal Space 'Squad/Spaces/crewCabinInternals/internal/crewCabinInternals'
[LOG 20:58:48.647] PartLoader: Compiling Internal Space 'Squad/Spaces/cupolaInternal/internal/cupolaInternal'
[LOG 20:58:48.655] PartLoader: Compiling Internal Space 'Squad/Spaces/GenericSpace1/internal/GenericSpace1'
[LOG 20:58:48.656] PartLoader: Compiling Internal Space 'Squad/Spaces/GenericSpace3/internal/GenericSpace3'
[LOG 20:58:48.658] PartLoader: Compiling Internal Space 'Squad/Spaces/landerCabinInternals/internal/landerCabinInternals'
[LOG 20:58:48.659] PartLoader: Compiling Internal Space 'Squad/Spaces/landerCabinSmallInternal/internal/landerCabinSmallInternal'
[LOG 20:58:48.660] PartLoader: Compiling Internal Space 'Squad/Spaces/LargeCrewedLabInternals/internal/Mobile_Processing_Lab_Int'
[LOG 20:58:48.661] PartLoader: Compiling Internal Space 'Squad/Spaces/Mk1-3/internal/Mk1-3'
[LOG 20:58:48.665] PartLoader: Compiling Internal Space 'Squad/Spaces/mk1CabinInternal/internal/mk1CabinInternal'
[LOG 20:58:48.667] PartLoader: Compiling Internal Space 'Squad/Spaces/mk1CockpitInternal/internal/mk1CockpitInternal'
[LOG 20:58:48.671] PartLoader: Compiling Internal Space 'Squad/Spaces/mk1InlineInternal/internal/mk1InlineInternal'
[LOG 20:58:48.673] PartLoader: Compiling Internal Space 'Squad/Spaces/mk1PodCockpit/internal/mk1PodCockpit'
[LOG 20:58:48.674] PartLoader: Compiling Internal Space 'Squad/Spaces/mk1pod_IVA/mk1pod_Internal/mk1pod_IVA'
[LOG 20:58:48.679] PartLoader: Compiling Internal Space 'Squad/Spaces/mk2CockpitStandardInternal/internal/mk2CockpitStandardInternals'
[LOG 20:58:48.683] PartLoader: Compiling Internal Space 'Squad/Spaces/Mk2CrewCabinInternal/internal_MK2_CrewCab/MK2_CrewCab_Int'
[LOG 20:58:48.685] PartLoader: Compiling Internal Space 'Squad/Spaces/mk2InlineInternal/internal/mk2InlineInternal'
[LOG 20:58:48.689] PartLoader: Compiling Internal Space 'Squad/Spaces/mk2LanderCanInternal/internal/mk2LanderCanInternal'
[LOG 20:58:48.693] PartLoader: Compiling Internal Space 'Squad/Spaces/MK3CockpitInternal/internal_MK3/MK3_Cockpit_Int'
[LOG 20:58:48.699] PartLoader: Compiling Internal Space 'Squad/Spaces/MK3_CrewCab_Int/internal_MK3_CrewCab/MK3_CrewCab_Int'
[LOG 20:58:48.700] InternalSeat: Cannot find portraitCamera of name 'Camera_Left003'
[LOG 20:58:48.703] PartLoader: Compiling Internal Space 'Squad/Spaces/Placeholder/internal/Placeholder'
[LOG 20:58:48.706] PartLoader: Compiling Internal Space 'Squad/Spaces/PodCockpit/internal/PodCockpit'
[LOG 20:58:48.709] PartLoader: Compiling Internal Space 'SquadExpansion/MakingHistory/Spaces/KVPods/Airlock_Internal/Airlock_IVA'
[LOG 20:58:48.710] PartLoader: Compiling Internal Space 'SquadExpansion/MakingHistory/Spaces/KVPods/KV1_Internal/KV1_IVA'
[LOG 20:58:48.714] PartLoader: Compiling Internal Space 'SquadExpansion/MakingHistory/Spaces/KVPods/KV2_Internal/KV2_IVA'
[LOG 20:58:48.716] PartLoader: Compiling Internal Space 'SquadExpansion/MakingHistory/Spaces/KVPods/KV3_Internal/KV3_IVA'
[LOG 20:58:48.719] PartLoader: Compiling Internal Space 'SquadExpansion/MakingHistory/Spaces/MEM/MEM_IVA/MEM_IVA'
[LOG 20:58:48.723] PartLoader: Compiling Internal Space 'SquadExpansion/MakingHistory/Spaces/Mk2Pod/Mk2Pod_Internal/MK2POD_IVA'
[LOG 20:58:48.791] Assets:
[LOG 20:58:48.791] anim_missionsapp_idle.anim
[LOG 20:58:48.791] anim_missionsapp_idle_warning.anim
[LOG 20:58:48.791] anim_missionsapp_warning.anim
[LOG 20:58:48.791] anim_missionssapp.anim
[LOG 20:58:48.791] animcontroller_missionsappmaster.controller
[LOG 20:58:48.791] app_bg.tif
[LOG 20:58:48.791] app_bottom_gray.tif
[LOG 20:58:48.791] app_divider_pulldown_body.tif
[LOG 20:58:48.791] app_divider_pulldown_footer.tif
[LOG 20:58:48.792] app_divider_pulldown_header.tif
[LOG 20:58:48.792] app_divider_pulldown_header_over.tif
[LOG 20:58:48.792] app_header_gray.tif
[LOG 20:58:48.792] app_missions_icon_active.tif
[LOG 20:58:48.792] app_missions_icon_complete.tif
[LOG 20:58:48.792] app_missions_icon_failed.tif
[LOG 20:58:48.792] app_missions_icon_inactive.tif
[LOG 20:58:48.797] spritesheet_missionsapp.tif
[LOG 20:58:48.797] spritesheet_missionsappwarning.tif
[LOG 20:58:48.797] missionbriefingdialog.prefab
[LOG 20:58:48.797] missionbriefingtag.prefab
[LOG 20:58:48.797] awardwidget.prefab
[LOG 20:58:48.797] missionenddialog.prefab
[LOG 20:58:48.797] missionitemwidget.prefab
[LOG 20:58:48.797] missionplaybutton.prefab
[LOG 20:58:48.797] missionplaydialog.prefab
[LOG 20:58:48.797] missionsteamitemwidget.prefab
[LOG 20:58:48.797] missionvalidationdialog.prefab
[LOG 20:58:48.797] validationentry.prefab
[LOG 20:58:48.797] comettoken.fbx
[LOG 20:58:48.797] comettoken.jpg
[LOG 20:58:48.797] placementegizmo_comet.mat
[LOG 20:58:48.797] placementegizmo_comet_tail.mat
[LOG 20:58:48.797] femalevintagepreview.prefab
[LOG 20:58:48.797] malevintagepreview.prefab
[LOG 20:58:48.797] checkpointentrywidget.prefab
[LOG 20:58:48.797] crewmanagementdialog.prefab
[LOG 20:58:48.797] listitem_vesseltitle.prefab
[LOG 20:58:48.797] missionbrowser.prefab
[LOG 20:58:48.797] missioncheckpointbrowser.prefab
[LOG 20:58:48.797] missioncrewlistitem.prefab
[LOG 20:58:48.797] missionentrywidget.prefab
[LOG 20:58:48.797] missiontemplateentrywidget.prefab
[LOG 20:58:48.797] partcategorizerbutton.prefab
[LOG 20:58:48.797] partselectorbrowser.prefab
[LOG 20:58:48.797] partselectorentry.prefab
[LOG 20:58:48.797] gaputil_vesselframe.prefab
[LOG 20:58:48.797] meguiconnector.prefab
[LOG 20:58:48.797] meguinode.prefab
[LOG 20:58:48.797] meguinodecategorybutton.prefab
[LOG 20:58:48.797] meguinodeicon.prefab
[LOG 20:58:48.797] meguinodeicongroup.prefab
[LOG 20:58:48.797] meguiscrollviewitem.prefab
[LOG 20:58:48.797] meiconloaderbasicnode.prefab
[LOG 20:58:48.797] meiconloadergap.prefab
[LOG 20:58:48.797] meiconloadernodecategorizer.prefab
[LOG 20:58:48.797] menodecanvas.prefab
[LOG 20:58:48.798] missioneditorscreen.prefab
[LOG 20:58:48.798] nodelisttooltip.prefab
[LOG 20:58:48.798] nodelisttooltipextinfolistspacer.prefab
[LOG 20:58:48.798] orbitgizmo.prefab
[LOG 20:58:48.798] biomeshighlight.shader
[LOG 20:58:48.798] projector-surfacegizmo.shader
[LOG 20:58:48.798] scaledplanetbiomeshighlight.shader
[LOG 20:58:48.798] sprites-alwaysover.shader
[LOG 20:58:48.798] ui-unlit-infinite.shader
[LOG 20:58:48.798] ui-unlit-solid.shader
[LOG 20:58:48.798] assetgraph_connectionpoint_inputmark.png
[LOG 20:58:48.798] assetgraph_inputbg.png
[LOG 20:58:48.798] boldly.png
[LOG 20:58:48.798] carpool.png
[LOG 20:58:48.798] frugal.png
[LOG 20:58:48.798] homesick.png
[LOG 20:58:48.798] keys.png
[LOG 20:58:48.798] saint.png
[LOG 20:58:48.798] sinner.png
[LOG 20:58:48.798] thespot.png
[LOG 20:58:48.798] timekeeper.png
[LOG 20:58:48.798] helmetbronze.png
[LOG 20:58:48.798] helmetgold.png
[LOG 20:58:48.799] helmetsilver.png
[LOG 20:58:48.799] action-part-resource-drain.png
[LOG 20:58:48.799] change-part-resource-levels.png
[LOG 20:58:48.799] create-asteroid.png
[LOG 20:58:48.799] create-kerbal.png
[LOG 20:58:48.799] create-vessel.png
[LOG 20:58:48.799] crew-assignment.png
[LOG 20:58:48.799] dialog-message.png
[LOG 20:58:48.799] display-message.png
[LOG 20:58:48.799] fail-part.png
[LOG 20:58:48.799] fly-through.png
[LOG 20:58:48.799] funds-recovery.png
[LOG 20:58:48.799] generic-node.png
[LOG 20:58:48.799] go-to.png
[LOG 20:58:48.799] kerbal-boarded.png
[LOG 20:58:48.799] kerbal-recovery.png
[LOG 20:58:48.799] kerbal-rescue.png
[LOG 20:58:48.799] launch-site.png
[LOG 20:58:48.799] leave-soi.png
[LOG 20:58:48.799] orbit.png
[LOG 20:58:48.799] part-explode.png
[LOG 20:58:48.799] plant-flag.png
[LOG 20:58:48.799] reach-soi.png
[LOG 20:58:48.799] repair-part.png
[LOG 20:58:48.799] resource-amount.png
[LOG 20:58:48.799] resource-recovery.png
[LOG 20:58:48.799] science-experiment.png
[LOG 20:58:48.799] score.png
[LOG 20:58:48.799] take-tourist.png
[LOG 20:58:48.799] test-altitude.png
[LOG 20:58:48.799] test-eva.png
[LOG 20:58:48.799] test-grapple.png
[LOG 20:58:48.799] time-of-flight.png
[LOG 20:58:48.799] time-of-mission.png
[LOG 20:58:48.799] time-since-node.png
[LOG 20:58:48.799] vessel-crashed.png
[LOG 20:58:48.799] vessel-crew-count.png
[LOG 20:58:48.799] vessel-explode.png
[LOG 20:58:48.799] vessel-flying.png
[LOG 20:58:48.799] vessel-landed.png
[LOG 20:58:48.799] vessel-mass.png
[LOG 20:58:48.799] vessel-splashed.png
[LOG 20:58:48.799] vessel-stage-activated.png
[LOG 20:58:48.799] vessel-stage.png
[LOG 20:58:48.799] arrange-graph.png
[LOG 20:58:48.799] builderbuttons_briefing.png
[LOG 20:58:48.799] builderbuttons_reset.png
[LOG 20:58:48.799] builderbuttons_trackingstation.png
[LOG 20:58:48.799] frame-graph.png
[LOG 20:58:48.799] lock.png
[LOG 20:58:48.799] maximize.png
[LOG 20:58:48.799] minimize.png
[LOG 20:58:48.799] pin.png
[LOG 20:58:48.799] pin_down.png
[LOG 20:58:48.800] redo.png
[LOG 20:58:48.800] reset.png
[LOG 20:58:48.800] tracking-station.png
[LOG 20:58:48.800] undo.png
[LOG 20:58:48.800] visible-in-gap.png
[LOG 20:58:48.800] location.png
[LOG 20:58:48.800] logic.png
[LOG 20:58:48.800] science.png
[LOG 20:58:48.800] utility.png
[LOG 20:58:48.800] vessel.png
[LOG 20:58:48.800] eye.png
[LOG 20:58:48.800] iconmb.png
[LOG 20:58:48.800] me_btn_generic_normal.tif
[LOG 20:58:48.800] me_button_generic_normal.tif
[LOG 20:58:48.800] nodecat_bg.png
[LOG 20:58:48.800] nodecat_divider.tif
[LOG 20:58:48.800] nodecat_divider_bottom.tif
[LOG 20:58:48.800] pholderwarningicon.png
[LOG 20:58:48.800] reseticon.png
[LOG 20:58:48.800] validityindicator.controller
[LOG 20:58:48.800] validtyinidicatorpulse.anim
[LOG 20:58:48.800] broadorbittoggle button.png
[LOG 20:58:48.800] maneuvertoggle button.png
[LOG 20:58:48.800] orbitalgizmoicons.png
[LOG 20:58:48.800] reset orbit button.png
[LOG 20:58:48.800] nodelabel.prefab
[LOG 20:58:48.800] kerbaleva_female_exp.prefab
[LOG 20:58:48.800] kerbaleva_rd_exp.prefab
[LOG 20:58:48.800] missioneditorevabody.mat
[LOG 20:58:48.800] missioneditorevabodyalternate.mat
[LOG 20:58:48.800] missioneditorevabodybrown.mat
[LOG 20:58:48.800] missioneditorevaeyeballs.mat
[LOG 20:58:48.800] missioneditorevaeyes.mat
[LOG 20:58:48.800] missioneditorevahead.mat
[LOG 20:58:48.800] missioneditorevahelmet.mat
[LOG 20:58:48.800] missioneditorevahelmetred.mat
[LOG 20:58:48.800] missioneditorevajetpack.mat
[LOG 20:58:48.800] missioneditorevalight.mat
[LOG 20:58:48.800] kbevafemalevintage.prefab
[LOG 20:58:48.800] kbevavintage.prefab
[LOG 20:58:48.800] evalight.fbx
[LOG 20:58:48.800] kbeva@new.fbx
[LOG 20:58:48.800] kbeva@newfem.fbx
[LOG 20:58:48.800] mevahelmetlight.fbx
[LOG 20:58:48.800] evajetpackscondary.dds
[LOG 20:58:48.800] evajetpacksecondary_n.dds
[LOG 20:58:48.800] evalight.png
[LOG 20:58:48.800] kerbalmainnrm.dds
[LOG 20:58:48.800] me_suit_difuse_blue.dds
[LOG 20:58:48.800] me_suit_difuse_low_polybrown.dds
[LOG 20:58:48.800] me_suit_difuse_orange.dds
[LOG 20:58:48.800] kerbalfemalevintage.prefab
[LOG 20:58:48.800] kerbalmalevintage.prefab
[LOG 20:58:48.801] evahelmet.mat
[LOG 20:58:48.801] evatexture.mat
[LOG 20:58:48.801] kerbalgirl_06_basecolor.mat
[LOG 20:58:48.801] kerbalhead.mat
[LOG 20:58:48.801] lambert6.mat
[LOG 20:58:48.801] mat_eyeballs.mat
[LOG 20:58:48.801] mat_eyes01.mat
[LOG 20:58:48.801] material #4.mat
[LOG 20:58:48.801] mesh_female_kerbalastronaut01_kerbalgirl_export_15_lambert20.mat
[LOG 20:58:48.801] mesh_female_kerbalastronaut01_kerbalgirl_export_15_lambert21.mat
[LOG 20:58:48.801] kbfemale_iva_mecanim.fbx
[LOG 20:58:48.801] kbiva_mecanim.fbx
[LOG 20:58:48.801] kerbalicon_eva_female_vintage.tif
[LOG 20:58:48.801] kerbalicon_eva_vintage.tif
[LOG 20:58:48.801] kerbalicon_suit_female_vintage.tif
[LOG 20:58:48.801] kerbalicon_suit_orange_female_vintage.tif
[LOG 20:58:48.801] kerbalicon_suit_orange_vintage.tif
[LOG 20:58:48.801] kerbalicon_suit_vintage.tif
[LOG 20:58:48.801] gap_celestialbody_camerasetup.prefab
[LOG 20:58:48.801] gap_celestialbody_collisionsphere.prefab
[LOG 20:58:48.801] gap_celestialbody_surfacegizmo_area.prefab
[LOG 20:58:48.801] gap_celestialbody_surfacegizmo_basic.prefab
[LOG 20:58:48.801] gap_celestialbody_surfacegizmo_icon.prefab
[LOG 20:58:48.801] gap_celestialbody_surfacegizmo_vessel.prefab
[LOG 20:58:48.801] gap_celestialbody_surfacegizmo_volume.prefab
[LOG 20:58:48.801] gap_proceduralasteroid.prefab
[LOG 20:58:48.801] gap_proceduralcomet.prefab
[LOG 20:58:48.801] gapbuttonprefab.prefab
[LOG 20:58:48.801] gapkerbal_femaleveteran.prefab
[LOG 20:58:48.801] gapkerbal_femaleveteran_vintage.prefab
[LOG 20:58:48.801] gapkerbal_male_slimsuit.prefab
[LOG 20:58:48.801] gapkerbal_maleveteran.prefab
[LOG 20:58:48.801] gapkerbal_maleveteran_vintage.prefab
[LOG 20:58:48.801] gapscrollablesidebarbutton.prefab
[LOG 20:58:48.801] gapsidebarbutton.prefab
[LOG 20:58:48.801] gaptoggleprefab.prefab
[LOG 20:58:48.801] gaputil_biselector.prefab
[LOG 20:58:48.801] gaputil_celestialbody.prefab
[LOG 20:58:48.801] vesseldisplay_camerasetup.prefab
[LOG 20:58:48.801] desert_airfield.prefab
[LOG 20:58:48.801] desert_groundobjects.prefab
[LOG 20:58:48.801] desert_launch_site.prefab
[LOG 20:58:48.801] larkes.prefab
[LOG 20:58:48.801] floor bottom.mat
[LOG 20:58:48.801] floor top.mat
[LOG 20:58:48.801] legs.mat
[LOG 20:58:48.801] ramp.mat
[LOG 20:58:48.801] stairs grid lights pivot.mat
[LOG 20:58:48.801] supports 1.mat
[LOG 20:58:48.801] supports 2.mat
[LOG 20:58:48.801] tunnels.mat
[LOG 20:58:48.801] floor bottom.dds
[LOG 20:58:48.801] floor top.dds
[LOG 20:58:48.801] floor top_normal.dds
[LOG 20:58:48.801] legs.dds
[LOG 20:58:48.801] ramp.dds
[LOG 20:58:48.801] stairs grid lights pivot.dds
[LOG 20:58:48.801] supports 1.dds
[LOG 20:58:48.801] supports 2.dds
[LOG 20:58:48.801] tunnels.dds
[LOG 20:58:48.801] diffuse.mat
[LOG 20:58:48.801] floor bottom_base_color.mat
[LOG 20:58:48.801] floor top_base_color.mat
[LOG 20:58:48.801] legs_base_color.mat
[LOG 20:58:48.801] ramp_base_color.mat
[LOG 20:58:48.801] stairs grid lights pivot_base_colormodpsd.mat
[LOG 20:58:48.801] stairs_grid_lights_pivot_base_color.mat
[LOG 20:58:48.801] supports 1_base_color.mat
[LOG 20:58:48.801] supports 2_base_color.mat
[LOG 20:58:48.801] tunnels_base_color.mat
[LOG 20:58:48.801] mobilelaunchpad_19.fbx
[LOG 20:58:48.801] pontoons.fbx
[LOG 20:58:48.801] pontoons_diffuse.dds
[LOG 20:58:48.801] ramp_normal.png
[LOG 20:58:48.801] 1001_base_color.mat
[LOG 20:58:48.801] desert groundtransition.mat
[LOG 20:58:48.801] desert groundtransition_highquality.mat
[LOG 20:58:48.802] desert groundtransition_lowquality.mat
[LOG 20:58:48.802] desert groundtransition_mediumquality.mat
[LOG 20:58:48.802] desert groundtransition_ultraquality.mat
[LOG 20:58:48.802] desert runway sand.mat
[LOG 20:58:48.802] desert runway stone.mat
[LOG 20:58:48.802] mobilelaunchpad.prefab
[LOG 20:58:48.802] woomerang_groundobjects.prefab
[LOG 20:58:48.802] woomerang_launch_site.prefab
[LOG 20:58:48.802] Scenes:
[LOG 20:58:48.802] kspMissionEditor.unity
[LOG 20:58:53.896] Assets:
[LOG 20:58:53.896] appanim_missionsapp.prefab
[LOG 20:58:53.896] cascading_body_missionheader.prefab
[LOG 20:58:53.896] cascading_body_missioninfo.prefab
[LOG 20:58:53.896] cascading_body_missionobjective.prefab
[LOG 20:58:53.897] cascading_body_missionsvesselheader.prefab
[LOG 20:58:53.897] cascading_body_missionsvesselitem.prefab
[LOG 20:58:53.897] cascading_body_settingsbutton.prefab
[LOG 20:58:53.897] cascading_body_settingstoggle.prefab
[LOG 20:58:53.897] missionsapp.prefab
[LOG 20:58:53.897] axislimitline.prefab
[LOG 20:58:53.897] controlleraction.prefab
[LOG 20:58:53.897] controlleraxis.prefab
[LOG 20:58:53.897] controllerwindow.prefab
[LOG 20:58:53.897] curvepanelpoint.prefab
[LOG 20:58:53.897] curvepanelpointaction.prefab
[LOG 20:58:53.897] axis_align_ends.png
[LOG 20:58:53.897] axis_clamp_values.png
[LOG 20:58:53.897] axis_copy.png
[LOG 20:58:53.897] axis_flip_horizontal.png
[LOG 20:58:53.897] axis_flip_vertical.png
[LOG 20:58:53.897] axis_move_down-trackrow.png
[LOG 20:58:53.897] axis_move_down.png
[LOG 20:58:53.897] axis_move_up-trackrow.png
[LOG 20:58:53.897] axis_move_up.png
[LOG 20:58:53.897] axis_paste.png
[LOG 20:58:53.898] axis_preset_flat.png
[LOG 20:58:53.898] axis_preset_sawtooth.png
[LOG 20:58:53.898] axis_preset_sine.png
[LOG 20:58:53.898] axis_preset_square.png
[LOG 20:58:53.898] axis_preset_triangle.png
[LOG 20:58:53.898] axis_select_all.png
[LOG 20:58:53.898] background_squared_inset.png
[LOG 20:58:53.898] close.png
[LOG 20:58:53.898] direction_forward.png
[LOG 20:58:53.898] direction_reverse.png
[LOG 20:58:53.898] edit.png
[LOG 20:58:53.898] fieldlimitline.png
[LOG 20:58:53.898] keyframe_add.png
[LOG 20:58:53.898] keyframe_clamp_value.png
[LOG 20:58:53.898] keyframe_delete.png
[LOG 20:58:53.898] keyframe_linear.png
[LOG 20:58:53.898] keyframe_smooth.png
[LOG 20:58:53.898] keyframe_step_backward.png
[LOG 20:58:53.898] keyframe_step_forward.png
[LOG 20:58:53.898] line.png
[LOG 20:58:53.898] line_dashed.png
[LOG 20:58:53.898] loop_pingpong.png
[LOG 20:58:53.898] loop_playonce.png
[LOG 20:58:53.898] loop_repeat.png
[LOG 20:58:53.898] node.png
[LOG 20:58:53.898] node_circle.png
[LOG 20:58:53.898] node_square.png
[LOG 20:58:53.898] pause.png
[LOG 20:58:53.898] play.png
[LOG 20:58:53.898] pointer.png
[LOG 20:58:53.898] remove-axis.png
[LOG 20:58:53.898] remove_key.png
[LOG 20:58:53.898] resize_icon.png
[LOG 20:58:53.898] sequence_resize_button_states.png
[LOG 20:58:53.898] sequence_resize_maintain.png
[LOG 20:58:53.898] sequence_resize_scale.png
[LOG 20:58:53.898] sequence_speed.png
[LOG 20:58:53.898] tracking_editor_button_states.png
[LOG 20:58:53.898] femalefuturepreview.prefab
[LOG 20:58:53.898] malefuturepreview.prefab
[LOG 20:58:53.898] kbfemale@controlpanel_a.fbx
[LOG 20:58:53.898] kbfemale@controlpanel_b.fbx
[LOG 20:58:53.898] kbfemale@controlpanel_c.fbx
[LOG 20:58:53.898] kbfemale@rocksample.fbx
[LOG 20:58:53.898] hammerfemale.fbx
[LOG 20:58:53.898] hammermale.fbx
[LOG 20:58:53.898] kbeva@controlpanel_a.fbx
[LOG 20:58:53.898] kbeva@controlpanel_b.fbx
[LOG 20:58:53.898] kbeva@controlpanel_c.fbx
[LOG 20:58:53.898] kbeva@rocksample.fbx
[LOG 20:58:53.898] kerbaleva_female_future.prefab
[LOG 20:58:53.898] kerbaleva_rd_future.prefab
[LOG 20:58:53.898] futureevabody.mat
[LOG 20:58:53.898] futureevabodyalternate.mat
[LOG 20:58:53.898] futureevajetpack.mat
[LOG 20:58:53.898] futureevalight.mat
[LOG 20:58:53.898] futurehelmet.mat
[LOG 20:58:53.898] kbevafemalefuture.prefab
[LOG 20:58:53.898] kbevafuture.prefab
[LOG 20:58:53.898] kbeva@new.fbx
[LOG 20:58:53.898] kbeva@newfem.fbx
[LOG 20:58:53.898] mevahelmetlight.fbx
[LOG 20:58:53.898] serenityfemaleeva.fbx
[LOG 20:58:53.898] serenityflares.fbx
[LOG 20:58:53.899] serenitymaleeva.fbx
[LOG 20:58:53.899] evajetpacknrm.dds
[LOG 20:58:53.899] futuresuit_diffuse_orange.dds
[LOG 20:58:53.899] futuresuit_diffuse_whiteblue.dds
[LOG 20:58:53.899] futuresuit_diffuse_whiteorange.dds
[LOG 20:58:53.899] futuresuit_emissive.dds
[LOG 20:58:53.899] futuresuit_evalight.png
[LOG 20:58:53.899] futuresuitmainnrm.dds
[LOG 20:58:53.899] ksp_ig_jetpack_diffuse.jpg
[LOG 20:58:53.899] kerbalfemalefuture.prefab
[LOG 20:58:53.899] kerbalmalefuture.prefab
[LOG 20:58:53.899] futuresuit_diffuse.mat
[LOG 20:58:53.899] serenityfemaleiva.fbx
[LOG 20:58:53.899] serenitymaleiva.fbx
[LOG 20:58:53.899] kerbalicon_eva_female_future.tif
[LOG 20:58:53.899] kerbalicon_eva_future.tif
[LOG 20:58:53.899] kerbalicon_suit_female_future.tif
[LOG 20:58:53.899] kerbalicon_suit_future.tif
[LOG 20:58:53.899] kerbalicon_suit_orange_female_future.tif
[LOG 20:58:53.899] kerbalicon_suit_orange_future.tif
[LOG 20:58:53.899] bottom_emissor.mat
[LOG 20:58:53.899] burst_emissor.mat
[LOG 20:58:53.899] burstprojectiles_emissor.mat
[LOG 20:58:53.899] constantburst_emissor.mat
[LOG 20:58:53.899] snowflakes_emissor.mat
[LOG 20:58:53.899] vapor_emissor.mat
[LOG 20:58:53.899] base_0.mat
[LOG 20:58:53.899] base_1.mat
[LOG 20:58:53.899] base_2.mat
[LOG 20:58:53.899] base_3_1.mat
[LOG 20:58:53.899] base_3_2.mat
[LOG 20:58:53.899] vapor.mat
[LOG 20:58:53.899] burst.png
[LOG 20:58:53.899] cloud2.png
[LOG 20:58:53.899] v1.png
[LOG 20:58:53.899] v2.png
[LOG 20:58:53.899] v3.png
[LOG 20:58:53.899] v5.png
[LOG 20:58:53.899] gapkerbal_female_future.prefab
[LOG 20:58:53.899] gapkerbal_male_future.prefab
[LOG 20:58:53.899] hammerfemale.prefab
[LOG 20:58:53.899] hammermale.prefab
[LOG 20:58:53.899] bopgravelpile.prefab
[LOG 20:58:53.899] bopgravelpile.fbx
[LOG 20:58:53.899] bop_gravel pile_d.mat
[LOG 20:58:53.899] lambert1.mat
[LOG 20:58:53.899] bop_gravel pile_d.png
[LOG 20:58:53.899] bop_gravel pile_d.tga
[LOG 20:58:53.899] bop_gravel pile_n.png
[LOG 20:58:53.901] bop_gravel pile_s.png
[LOG 20:58:53.901] drescrater.prefab
[LOG 20:58:53.901] dresmeteorite.prefab
[LOG 20:58:53.901] drescrater.fbx
[LOG 20:58:53.901] dresmeteorite.fbx
[LOG 20:58:53.901] dres_crater_d.mat
[LOG 20:58:53.901] dres_meteorite_d.mat
[LOG 20:58:53.901] lambert1.mat
[LOG 20:58:53.901] dres_crater_d.tga
[LOG 20:58:53.901] dres_crater_n.png
[LOG 20:58:53.901] dres_meteorite_d.tga
[LOG 20:58:53.901] dres_meteorite_n.png
[LOG 20:58:53.901] dunablueberries.prefab
[LOG 20:58:53.901] dunadune.prefab
[LOG 20:58:53.901] dunameteorite.prefab
[LOG 20:58:53.901] dunastone.prefab
[LOG 20:58:53.901] dunaasteroid.fbx
[LOG 20:58:53.901] dunablueberries.fbx
[LOG 20:58:53.901] dunadune.fbx
[LOG 20:58:53.901] dunastone.fbx
[LOG 20:58:53.901] duna_asteroid_d.mat
[LOG 20:58:53.901] duna_dune_d.mat
[LOG 20:58:53.901] duna_stone_d.mat
[LOG 20:58:53.901] dune_blueberries_d.mat
[LOG 20:58:53.901] lambert1.mat
[LOG 20:58:53.901] duna_asteroid_d.tga
[LOG 20:58:53.901] duna_asteroid_n.png
[LOG 20:58:53.901] duna_dune_d.tga
[LOG 20:58:53.901] duna_dune_n.tga
[LOG 20:58:53.901] duna_stone_d.tga
[LOG 20:58:53.901] duna_stone_n.png
[LOG 20:58:53.901] dune_blueberries_d.tga
[LOG 20:58:53.901] dune_blueberries_n.png
[LOG 20:58:53.901] eelooberg.prefab
[LOG 20:58:53.901] eeloobrownboulder.prefab
[LOG 20:58:53.901] eelooicechunk.prefab
[LOG 20:58:53.901] eelooberg.fbx
[LOG 20:58:53.901] eelooboulder.fbx
[LOG 20:58:53.901] eelooicechunk.fbx
[LOG 20:58:53.901] eeloo_alien_glacier_d.mat
[LOG 20:58:53.901] eeloo_brown_ boulder_d.mat
[LOG 20:58:53.901] eeloo_ice chunk_d.mat
[LOG 20:58:53.901] lambert1.mat
[LOG 20:58:53.901] eeloo_alien_glacier_d.tga
[LOG 20:58:53.901] eeloo_alien_glacier_e.tga
[LOG 20:58:53.901] eeloo_alien_glacier_n.png
[LOG 20:58:53.901] eeloo_brown_ boulder_d.tga
[LOG 20:58:53.901] eeloo_brown_ boulder_n.png
[LOG 20:58:53.902] eeloo_ice chunk_d.tga
[LOG 20:58:53.902] eeloo_ice chunk_e.tga
[LOG 20:58:53.902] eeloo_ice chunk_n.png
[LOG 20:58:53.902] eeloo_ice chunk_s.tga
[LOG 20:58:53.902] evebasaltformation.prefab
[LOG 20:58:53.902] evepancakedome.prefab
[LOG 20:58:53.902] evevolcanicrock.prefab
[LOG 20:58:53.902] evebasaltformation.fbx
[LOG 20:58:53.902] evepancakeformation.fbx
[LOG 20:58:53.902] evevolcanicrock.fbx
[LOG 20:58:53.902] eve basalt formation_d.mat
[LOG 20:58:53.902] eve pancake formation_d.mat
[LOG 20:58:53.902] eve volcanic rock_d.mat
[LOG 20:58:53.902] lambert1.mat
[LOG 20:58:53.902] eve basalt formation_d.tga
[LOG 20:58:53.902] eve basalt formation_n.tga
[LOG 20:58:53.902] eve pancake formation_d.tga
[LOG 20:58:53.902] eve pancake formation_e.png
[LOG 20:58:53.902] eve pancake formation_n.png
[LOG 20:58:53.902] eve volcanic rock_d.tga
[LOG 20:58:53.902] eve volcanic rock_n.png
[LOG 20:58:53.902] gillyridgeline.fbx
[LOG 20:58:53.902] gilly ridegeline_d.mat
[LOG 20:58:53.902] lambert1.mat
[LOG 20:58:53.902] gillyridgeline.prefab
[LOG 20:58:53.902] gilly ridegeline_d.tga
[LOG 20:58:53.902] gilly ridegeline_n.png
[LOG 20:58:53.902] dunaejecta.prefab
[LOG 20:58:53.902] ikedunaejecta.fbx
[LOG 20:58:53.902] ike_duna_ejecta_mat.mat
[LOG 20:58:53.902] ike duna ejecta_d.tga
[LOG 20:58:53.902] ike duna ejecta_n.png
[LOG 20:58:53.902] kerbinbaobabtree.fbx
[LOG 20:58:53.902] kerbinquartz.fbx
[LOG 20:58:53.902] baobaptree.mat
[LOG 20:58:53.902] kerbin_baobab_tree_d.mat
[LOG 20:58:53.902] kerbin_boabob_tree_d.mat
[LOG 20:58:53.902] kerbin_giant_quartz_d.mat
[LOG 20:58:53.902] lambert1.mat
[LOG 20:58:53.902] lambert2.mat
[LOG 20:58:53.902] kerbinbaobabtree.prefab
[LOG 20:58:53.902] kerbinquartz.prefab
[LOG 20:58:53.902] kerbin_baobab_tree_alpha.png
[LOG 20:58:53.902] kerbin_baobab_tree_d.tga
[LOG 20:58:53.902] kerbin_baobab_tree_n.png
[LOG 20:58:53.902] kerbin_giant_quartz_d.tga
[LOG 20:58:53.902] kerbin_giant_quartz_e.tga
[LOG 20:58:53.903] kerbin_giant_quartz_n.tga
[LOG 20:58:53.903] kerbin_giant_quartz_s.tga
[LOG 20:58:53.903] laytheboulder.fbx
[LOG 20:58:53.903] laythegeyser.fbx
[LOG 20:58:53.903] laythestone.fbx
[LOG 20:58:53.903] lambert1.mat
[LOG 20:58:53.903] laythe_boulder_d.mat
[LOG 20:58:53.903] laythe_geyser_d.mat
[LOG 20:58:53.903] laythe_stone_d.mat
[LOG 20:58:53.903] laytheboulder.prefab
[LOG 20:58:53.903] laythegeyser.prefab
[LOG 20:58:53.903] laythestone.prefab
[LOG 20:58:53.903] laythe_boulder_d.tga
[LOG 20:58:53.903] laythe_boulder_n.png
[LOG 20:58:53.903] laythe_geyser_d.tga
[LOG 20:58:53.903] laythe_geyser_n.png
[LOG 20:58:53.903] laythe_stone_d.tga
[LOG 20:58:53.903] laythe_stone_n.png
[LOG 20:58:53.903] greensandstone.fbx
[LOG 20:58:53.903] lambert1.mat
[LOG 20:58:53.903] minmus_green_sandstone_d.mat
[LOG 20:58:53.903] minmus_olivine_formation_d.mat
[LOG 20:58:53.903] minmusolivineformation.fbx
[LOG 20:58:53.903] minmus_greensandstone.prefab
[LOG 20:58:53.903] minmus_olivineformation.prefab
[LOG 20:58:53.903] minmus_green_sandstone_d.tga
[LOG 20:58:53.903] minmus_green_sandstone_n.png
[LOG 20:58:53.903] minmus_olivine_formation_d.tga
[LOG 20:58:53.903] minmus_olivine_formation_n.png
[LOG 20:58:53.903] lambert1.mat
[LOG 20:58:53.903] moho wrinkleridge_d.mat
[LOG 20:58:53.903] moho_stone_d.mat
[LOG 20:58:53.903] mohostone.fbx
[LOG 20:58:53.903] mohowrinkleridge.fbx
[LOG 20:58:53.903] mohostone.prefab
[LOG 20:58:53.903] mohowrinkleridge.prefab
[LOG 20:58:53.903] moho wrinkleridge_d.tga
[LOG 20:58:53.903] moho wrinkleridge_e.png
[LOG 20:58:53.903] moho wrinkleridge_n.png
[LOG 20:58:53.903] moho_stone_d.tga
[LOG 20:58:53.903] moho_stone_n.png
[LOG 20:58:53.903] lambert1.mat
[LOG 20:58:53.903] mun_crater_d.mat
[LOG 20:58:53.903] mun_large_crater_d.mat
[LOG 20:58:53.903] mun_stone_d.mat
[LOG 20:58:53.903] muncrater.fbx
[LOG 20:58:53.903] munlargecrater.fbx
[LOG 20:58:53.904] munstone.fbx
[LOG 20:58:53.904] muncrater.prefab
[LOG 20:58:53.904] munlargecrater.prefab
[LOG 20:58:53.904] munstone.prefab
[LOG 20:58:53.904] mun_crater_d.tga
[LOG 20:58:53.904] mun_crater_n.png
[LOG 20:58:53.904] mun_large_crater_d.tga
[LOG 20:58:53.904] mun_large_crater_n.png
[LOG 20:58:53.904] mun_stone_d.tga
[LOG 20:58:53.904] mun_stone_n.png
[LOG 20:58:53.904] lambert1.mat
[LOG 20:58:53.904] pol_yellowstone_d.mat
[LOG 20:58:53.904] polyellowstone.fbx
[LOG 20:58:53.904] pol_yellowstones.prefab
[LOG 20:58:53.904] pol_yellowstone_d.png
[LOG 20:58:53.904] pol_yellowstone_n.png
[LOG 20:58:53.904] lambert1.mat
[LOG 20:58:53.904] tylo_checkerboard_d.mat
[LOG 20:58:53.904] tylo_dark boulder_d.mat
[LOG 20:58:53.904] tylo_light_d.mat
[LOG 20:58:53.904] tyloboulder.fbx
[LOG 20:58:53.904] tylocheckerboard.fbx
[LOG 20:58:53.904] tylolightstone.fbx
[LOG 20:58:53.904] tylo_ checkerboard_n.png
[LOG 20:58:53.904] tylo_checkerboard_d.png
[LOG 20:58:53.904] tylo_dark boulder_d.tga
[LOG 20:58:53.904] tylo_dark boulder_n.png
[LOG 20:58:53.904] tylo_light_d.tga
[LOG 20:58:53.904] tylo_light_n.png
[LOG 20:58:53.904] tylocheckerboard.prefab
[LOG 20:58:53.904] tylodarkboulder.prefab
[LOG 20:58:53.904] tylolightstone.prefab
[LOG 20:58:53.904] cryovolcano_d.mat
[LOG 20:58:53.904] lambert1.mat
[LOG 20:58:53.904] vallicechunk_d.mat
[LOG 20:58:53.904] vallstone_d.mat
[LOG 20:58:53.904] vall_cryovolcano.fbx
[LOG 20:58:53.904] vall_icechunk.fbx
[LOG 20:58:53.904] vall_stone.fbx
[LOG 20:58:53.904] cryovolcano_d.tga
[LOG 20:58:53.904] cryovolcano_e.png
[LOG 20:58:53.904] cryovolcano_n.jpg
[LOG 20:58:53.904] cryovolcano_s.jpg
[LOG 20:58:53.904] vallicechunk_d.jpg
[LOG 20:58:53.904] vallicechunk_e.jpg
[LOG 20:58:53.904] vallicechunk_n.jpg
[LOG 20:58:53.904] vallicechunk_s.jpg
[LOG 20:58:53.904] vallstone_d.jpg
[LOG 20:58:53.904] vallstone_e.jpg
[LOG 20:58:53.905] vallstone_n.jpg
[LOG 20:58:53.905] vallstone_s.jpg
[LOG 20:58:53.905] vallcryovolcano.prefab
[LOG 20:58:53.905] vallicechunk.prefab
[LOG 20:58:53.905] vallstone.prefab
[LOG 20:58:53.905] vfx_spark.mat
[LOG 20:58:53.905] vfx_welding_flare.mat
[LOG 20:58:53.905] cometdustmaterial.mat
[LOG 20:58:53.905] cometgeysermat.mat
[LOG 20:58:53.911] GetTypesOfModulesImplementingInterface2: Found 69 types with IPartModuleAdjuster interface in 12 assemblies.
[LOG 20:58:53.917] GetSubclassesOfParentClass: Found 0 types with ModuleActiveRadiator parent in 12 assemblies.
[LOG 20:58:53.924] GetSubclassesOfParentClass: Found 0 types with ModuleAlternator parent in 12 assemblies.
[LOG 20:58:53.929] GetSubclassesOfParentClass: Found 1 types with ModuleControlSurface parent in 12 assemblies.
[LOG 20:58:53.934] GetSubclassesOfParentClass: Found 0 types with ModuleDataTransmitter parent in 12 assemblies.
[LOG 20:58:53.940] GetSubclassesOfParentClass: Found 0 types with ModuleDeployableSolarPanel parent in 12 assemblies.
[LOG 20:58:53.945] GetSubclassesOfParentClass: Found 1 types with ModuleEngines parent in 12 assemblies.
[LOG 20:58:53.949] GetSubclassesOfParentClass: Found 0 types with ModuleGenerator parent in 12 assemblies.
[LOG 20:58:53.954] GetSubclassesOfParentClass: Found 0 types with ModuleGimbal parent in 12 assemblies.
[LOG 20:58:53.959] GetSubclassesOfParentClass: Found 2 types with ModuleLiftingSurface parent in 12 assemblies.
[LOG 20:58:53.964] GetSubclassesOfParentClass: Found 0 types with ModuleLight parent in 12 assemblies.
[LOG 20:58:53.970] GetSubclassesOfParentClass: Found 0 types with ModuleReactionWheel parent in 12 assemblies.
[LOG 20:58:53.974] GetSubclassesOfParentClass: Found 0 types with ModuleSAS parent in 12 assemblies.
[LOG 20:58:53.979] GetSubclassesOfParentClass: Found 0 types with ModuleWheelBrakes parent in 12 assemblies.
[LOG 20:58:53.984] GetSubclassesOfParentClass: Found 1 types with ModuleWheelMotor parent in 12 assemblies.
[LOG 20:58:53.984] GetSubclassesOfParentClass: Using cached results for ModuleActiveRadiator
[LOG 20:58:53.989] GetSubclassesOfParentClass: Found 0 types with ModuleAnchoredDecoupler parent in 12 assemblies.
[LOG 20:58:53.995] GetSubclassesOfParentClass: Found 0 types with ModuleCargoBay parent in 12 assemblies.
[LOG 20:58:53.995] GetSubclassesOfParentClass: Using cached results for ModuleControlSurface
[LOG 20:58:53.995] GetSubclassesOfParentClass: Using cached results for ModuleDataTransmitter
[LOG 20:58:54.001] GetSubclassesOfParentClass: Found 0 types with ModuleDecouple parent in 12 assemblies.
[LOG 20:58:54.006] GetSubclassesOfParentClass: Found 4 types with ModuleDeployablePart parent in 12 assemblies.
[LOG 20:58:54.012] GetSubclassesOfParentClass: Found 0 types with ModuleDockingNode parent in 12 assemblies.
[LOG 20:58:54.012] GetSubclassesOfParentClass: Using cached results for ModuleEngines
[LOG 20:58:54.017] GetSubclassesOfParentClass: Found 0 types with CModuleFuelLine parent in 12 assemblies.
[LOG 20:58:54.022] GetSubclassesOfParentClass: Found 0 types with ModuleGPS parent in 12 assemblies.
[LOG 20:58:54.026] GetSubclassesOfParentClass: Found 0 types with ModuleGrappleNode parent in 12 assemblies.
[LOG 20:58:54.027] GetSubclassesOfParentClass: Using cached results for ModuleGrappleNode
[LOG 20:58:54.033] GetSubclassesOfParentClass: Found 0 types with ModuleKerbNetAccess parent in 12 assemblies.
[LOG 20:58:54.033] GetSubclassesOfParentClass: Using cached results for ModuleLight
[LOG 20:58:54.033] GetSubclassesOfParentClass: Using cached results for ModuleLight
[LOG 20:58:54.039] GetSubclassesOfParentClass: Found 0 types with ModuleProbeControlPoint parent in 12 assemblies.
[LOG 20:58:54.044] GetSubclassesOfParentClass: Found 1 types with ModuleRCS parent in 12 assemblies.
[LOG 20:58:54.044] GetSubclassesOfParentClass: Using cached results for ModuleRCS
[LOG 20:58:54.044] GetSubclassesOfParentClass: Using cached results for ModuleReactionWheel
[LOG 20:58:54.044] GetSubclassesOfParentClass: Using cached results for ModuleReactionWheel
[LOG 20:58:54.048] GetSubclassesOfParentClass: Found 0 types with ModuleResourceIntake parent in 12 assemblies.
[LOG 20:58:54.052] GetSubclassesOfParentClass: Found 0 types with ModuleScienceExperiment parent in 12 assemblies.
[LOG 20:58:54.056] GetSubclassesOfParentClass: Found 0 types with ModuleToggleCrossfeed parent in 12 assemblies.
[LOG 20:58:54.061] GetSubclassesOfParentClass: Found 0 types with ModuleWheelDeployment parent in 12 assemblies.
[LOG 20:58:54.074] ExpansionsLoader: Expansions loaded in 5.288s
[LOG 20:58:54.074] Loading Systems: Elapsed time is 21.0274s
[LOG 20:58:56.034] [AddonLoader]: Instantiating addon 'KSPCFFastLoaderPSystemSetup' from assembly 'KSPCommunityFixes'
[LOG 20:58:56.282] [Agent]: Found 19 agent mentality types
[LOG 20:58:56.285] [AgentList]: 31 agents parsed and loaded.
[LOG 20:58:56.312] [UIMasterController]: HideUI
[LOG 20:58:56.385] [CelestialBody]: Kerbin's solar day length is 1d, 0h, 0m long. sidereal day length is 5h, 59m, 9s long
[LOG 20:59:00.823] [UIMasterController]: HideUI
[LOG 20:59:00.830] [HighLogic]: =========================== Scene Change : From LOADING to MAINMENU =====================
[LOG 20:59:01.249] [AddonLoader]: Instantiating addon 'ContractDefs' from assembly 'KSP'
[LOG 20:59:01.267] [AddonLoader]: Instantiating addon 'KerbalKonstructs' from assembly 'KerbalKonstructs'
[LOG 20:59:01.315] KK: [KKGraphics] LoadAndRegisterShader: Loaded Shader: KK/Diffuse_Multiply_Random from file: assets/shaders/diffuse_multiply_random_normal.shader
[LOG 20:59:01.320] KK: [KKGraphics] LoadAndRegisterShader: Loaded Shader: KK/Ground_Multi_NoUV from file: assets/shaders/ground_multi_nouv_normal.shader
[LOG 20:59:01.320] KK: [KKGraphics] LoadAndRegisterShader: Loaded Shader: KK/Calc/NormalFromTexture from file: assets/shaders/normalfromtexture.shader
[LOG 20:59:01.324] KK: [ConnectionManager] ScanForStockCommNet: Added stock CommNet to list: Kerbin: Desert Launch Facility
[LOG 20:59:01.324] KK: [ConnectionManager] ScanForStockCommNet: Added stock CommNet to list: Kerbin: Larkes
[LOG 20:59:01.325] KK: [ConnectionManager] ScanForStockCommNet: Added stock CommNet to list: Kerbin: North Station One
[LOG 20:59:01.325] KK: [ConnectionManager] ScanForStockCommNet: Added stock CommNet to list: Kerbin: Crater Rim
[LOG 20:59:01.325] KK: [ConnectionManager] ScanForStockCommNet: Added stock CommNet to list: Kerbin: Mesa South
[LOG 20:59:01.325] KK: [ConnectionManager] ScanForStockCommNet: Added stock CommNet to list: Kerbin: Nye Island
[LOG 20:59:01.325] KK: [ConnectionManager] ScanForStockCommNet: Added stock CommNet to list: Kerbin: Harvester Massif
[LOG 20:59:01.325] KK: [ConnectionManager] ScanForStockCommNet: Added stock CommNet to list: Kerbin: Baikerbanur
[LOG 20:59:01.325] KK: [KKClassExtentions] FakeGameObjectTags: Set Method Params: gameObject UnityEngine.GameObject
[LOG 20:59:01.325] KK: [KKClassExtentions] FakeGameObjectTags: Set Method Params: value System.String
[LOG 20:59:01.330] KK: [SquadStatics] LoadDesertSiteAssets: found PQS2 Desert_Airfield
[LOG 20:59:01.330] KK: [SquadStatics] LoadDesertSiteAssets: found child Model
[LOG 20:59:01.331] KK: [SquadStatics] LoadDesertSiteAssets: found child GroundObjects
[LOG 20:59:01.331] KK: [SquadStatics] LoadDesertSiteAssets: found PQS2 Desert_Airfield
[LOG 20:59:01.331] KK: [SquadStatics] LoadDesertSiteAssets: found child Model
[LOG 20:59:01.332] KK: [SquadStatics] LoadDesertSiteAssets: found child GroundObjects
[LOG 20:59:01.341] KK: [SquadStatics] LoadSquadKSCModels: Found GrassColor on: KSC_VAB_AC_level_1 : filler_apollo_x2 count: 0
[LOG 20:59:01.342] KK: [SquadStatics] LoadSquadKSCModels: Found GrassColor on: KSC_VAB_AC_level_2 : model_filler_2x_type1_v1 count: 0
[LOG 20:59:01.342] KK: [SquadStatics] LoadSquadKSCModels: Found GrassColor on: KSC_VAB_MC_level_1 : filler_apollo_x1 count: 0
[LOG 20:59:01.342] KK: [SquadStatics] LoadSquadKSCModels: Found GrassColor on: KSC_VAB_MC_level_2 : model_filler_1x_type1_v1 count: 0
[LOG 20:59:01.342] KK: [SquadStatics] LoadSquadKSCModels: Found GrassColor on: KSC_VAB_TS2_level_1 : filler_apollo_x1 count: 0
[LOG 20:59:01.342] KK: [SquadStatics] LoadSquadKSCModels: Found GrassColor on: KSC_VAB_TS2_level_2 : model_filler_1x_type1_v1 count: 0
[LOG 20:59:01.342] KK: [SquadStatics] LoadSquadKSCModels: Found GrassColor on: KSC_VAB_TS1_level_1 : filler_apollo_x2 count: 0
[LOG 20:59:01.342] KK: [SquadStatics] LoadSquadKSCModels: Found GrassColor on: KSC_VAB_TS1_level_2 : model_filler_2x_type1_v1 count: 0
[LOG 20:59:01.342] KK: [SquadStatics] LoadSquadKSCModels: Found GrassColor on: KSC_VAB_RnD2_level_1 : filler_apollo_x1 count: 0
[LOG 20:59:01.342] KK: [SquadStatics] LoadSquadKSCModels: Found GrassColor on: KSC_VAB_RnD2_level_2 : model_filler_1x_type1_v1 count: 0
[LOG 20:59:01.342] KK: [SquadStatics] LoadSquadKSCModels: Found GrassColor on: KSC_VAB_RnD1_level_1 : filler_apollo_x1 count: 0
[LOG 20:59:01.342] KK: [SquadStatics] LoadSquadKSCModels: Found GrassColor on: KSC_VAB_RnD1_level_2 : model_filler_1x_type1_v1 count: 0
[LOG 20:59:01.342] KK: [SquadStatics] LoadSquadKSCModels: Found GrassColor on: KSC_AC_SPH_level_1 : filler_apollo_x1 count: 0
[LOG 20:59:01.342] KK: [SquadStatics] LoadSquadKSCModels: Found GrassColor on: KSC_AC_SPH_level_2 : model_filler_1x_type1_v1 count: 0
[LOG 20:59:01.342] KK: [SquadStatics] LoadSquadKSCModels: Found GrassColor on: KSC_AC_RnD_level_1 : filler_apollo_x1 count: 0
[LOG 20:59:01.342] KK: [SquadStatics] LoadSquadKSCModels: Found GrassColor on: KSC_AC_RnD_level_2 : model_filler_1x_type1_v1 count: 0
[LOG 20:59:01.342] KK: [SquadStatics] LoadSquadKSCModels: Found GrassColor on: KSC_Crawlerway_level_1 : crawler_level2 count: 0
[LOG 20:59:01.342] KK: [SquadStatics] LoadSquadKSCModels: Found GrassColor on: KSC_Crawlerway_level_2 : CrawlerwayLevel3 count: 0
[LOG 20:59:01.342] KK: [SquadStatics] LoadSquadKSCModels: Found GrassColor on: KSC_Crawlerway_level_3 : CrawlerwayLevel4 count: 0
[LOG 20:59:01.343] KK: [SquadStatics] LoadSquadKSCModels: Found GrassColor on: KSC_VehicleAssemblyBuilding_level_1 : VAB_lev2_groundPlane count: 0
[LOG 20:59:01.343] KK: [SquadStatics] LoadSquadKSCModels: Found GrassColor on: KSC_VehicleAssemblyBuilding_level_2 : vab_exterior_groundPlane count: 0
[LOG 20:59:01.343] KK: [SquadStatics] LoadSquadKSCModels: Found GrassColor on: KSC_VehicleAssemblyBuilding_level_3 : model_vab_exterior_ground_v46n count: 0
[LOG 20:59:01.343] KK: [SquadStatics] LoadSquadKSCModels: Found GrassColor on: KSC_TrackingStation_level_1 : tracaking_station_apollo_ground count: 0
[LOG 20:59:01.343] KK: [SquadStatics] LoadSquadKSCModels: Found GrassColor on: KSC_TrackingStation_level_2 : trackingStation_lev4 count: 0
[LOG 20:59:01.344] KK: [SquadStatics] LoadSquadKSCModels: Found GrassColor on: KSC_TrackingStation_level_3 : model_tracking_exterior_ground_v46n count: 0
[LOG 20:59:01.344] KK: [SquadStatics] LoadSquadKSCModels: Found GrassColor on: KSC_SpaceplaneHangar_level_1 : SPH_1_ground count: 0
[LOG 20:59:01.344] KK: [SquadStatics] LoadSquadKSCModels: Found GrassColor on: KSC_SpaceplaneHangar_level_2 : SPH_2_ground count: 0
[LOG 20:59:01.344] KK: [SquadStatics] LoadSquadKSCModels: Found GrassColor on: KSC_SpaceplaneHangar_level_3 : model_sph_exterior_ground_v46n count: 0
[ERR 20:59:01.347] [HierarchyUtil]: CompileID failed because it reached the scene root without finding a 'SpaceCenter' game object

[LOG 20:59:01.349] KK: [SquadStatics] CreateModelFromGameObject: Fixing KSC Fuel Tank
[LOG 20:59:01.353] KK: [SquadStatics] LoadSquadKSCModels: Found GrassColor on: KSC_Runway_level_1 : runway_lev1_v2 count: 0
[LOG 20:59:01.354] KK: [SquadStatics] LoadSquadKSCModels: Found GrassColor on: KSC_Runway_level_2 : grass_dirt_transition count: 0
[LOG 20:59:01.354] KK: [SquadStatics] LoadSquadKSCModels: Found GrassColor on: KSC_Runway_level_2 : groundPlane count: 0
[LOG 20:59:01.354] KK: [SquadStatics] LoadSquadKSCModels: Found GrassColor on: KSC_Runway_level_2 : transition count: 0
[LOG 20:59:01.354] KK: [SquadStatics] LoadSquadKSCModels: Found GrassColor on: KSC_Runway_level_3 : End09_Mesh count: 0
[LOG 20:59:01.354] KK: [SquadStatics] LoadSquadKSCModels: Found GrassColor on: KSC_Runway_level_3 : End27_Mesh count: 0
[LOG 20:59:01.354] KK: [SquadStatics] LoadSquadKSCModels: Found GrassColor on: KSC_Runway_level_3 : Section1_Mesh count: 0
[LOG 20:59:01.354] KK: [SquadStatics] LoadSquadKSCModels: Found GrassColor on: KSC_Runway_level_3 : Section2_Mesh count: 0
[LOG 20:59:01.354] KK: [SquadStatics] LoadSquadKSCModels: Found GrassColor on: KSC_Runway_level_3 : Section3_Mesh count: 0
[LOG 20:59:01.354] KK: [SquadStatics] LoadSquadKSCModels: Found GrassColor on: KSC_Runway_level_3 : Section4_Mesh count: 0
[LOG 20:59:01.355] KK: [SquadStatics] LoadSquadKSCModels: Found GrassColor on: KSC_ResearchAndDevelopment_level_1 : RnD_lev1_groundPlane count: 0
[LOG 20:59:01.355] KK: [SquadStatics] LoadSquadKSCModels: Found GrassColor on: KSC_ResearchAndDevelopment_level_2 : RnD_apollo_groundplane count: 0
[LOG 20:59:01.356] KK: [SquadStatics] LoadSquadKSCModels: Found GrassColor on: KSC_ResearchAndDevelopment_level_3 : CentralBuilding_Mesh count: 0
[LOG 20:59:01.356] KK: [SquadStatics] LoadSquadKSCModels: Found GrassColor on: KSC_ResearchAndDevelopment_level_3 : MainBuilding_Mesh count: 0
[LOG 20:59:01.356] KK: [SquadStatics] LoadSquadKSCModels: Found GrassColor on: KSC_ResearchAndDevelopment_level_3 : WindTunnel_Mesh count: 0
[LOG 20:59:01.356] KK: [SquadStatics] LoadSquadKSCModels: Found GrassColor on: KSC_ResearchAndDevelopment_level_3 : model_rnd_exterior_main_v3_ground count: 0
[LOG 20:59:01.357] KK: [SquadStatics] LoadSquadKSCModels: Found GrassColor on: KSC_MissionControl_level_1 : MC_lev1_groundPlane count: 0
[LOG 20:59:01.357] KK: [SquadStatics] LoadSquadKSCModels: Found GrassColor on: KSC_MissionControl_level_2 : MC_apollo_groundplane count: 0
[LOG 20:59:01.357] KK: [SquadStatics] LoadSquadKSCModels: Found GrassColor on: KSC_MissionControl_level_3 : model_control_exterior_ground_v46n count: 0
[LOG 20:59:01.357] KK: [SquadStatics] LoadSquadKSCModels: Found GrassColor on: KSC_LaunchPad_level_1 : LP_lev2 count: 0
[LOG 20:59:01.357] KK: [SquadStatics] LoadSquadKSCModels: Found GrassColor on: KSC_LaunchPad_level_1 : LP_lev2 count: 1
[LOG 20:59:01.358] KK: [SquadStatics] LoadSquadKSCModels: Found GrassColor on: KSC_LaunchPad_level_2 : LP_ground count: 0
[LOG 20:59:01.358] KK: [SquadStatics] LoadSquadKSCModels: Found GrassColor on: KSC_LaunchPad_level_3 : model_launchpad_ground_v46n count: 0
[LOG 20:59:01.358] KK: [SquadStatics] LoadSquadKSCModels: Found GrassColor on: KSC_LaunchPad_level_3 : model_launchpad_ground_v46n count: 1
[LOG 20:59:01.359] KK: [SquadStatics] LoadSquadKSCModels: Found GrassColor on: KSC_AstronautComplex_level_1 : AC_lev1_groundplane count: 0
[LOG 20:59:01.360] KK: [SquadStatics] LoadSquadKSCModels: Found GrassColor on: KSC_AstronautComplex_level_2 : AC_apollo_groundplane count: 0
[LOG 20:59:01.360] KK: [SquadStatics] LoadSquadKSCModels: Found GrassColor on: KSC_AstronautComplex_level_3 : model_crew_exterior_ground_v46n count: 0
[LOG 20:59:01.360] KK: [SquadStatics] LoadSquadKSCModels: Found GrassColor on: KSC_Administration_level_1 : Admin_lev1_groundPlane count: 0
[LOG 20:59:01.360] KK: [SquadStatics] LoadSquadKSCModels: Found GrassColor on: KSC_Administration_level_2 : administration_groundPlane count: 0
[LOG 20:59:01.360] KK: [SquadStatics] LoadSquadKSCModels: Found GrassColor on: KSC_Administration_level_2 : administration_groundPlane count: 1
[LOG 20:59:01.360] KK: [SquadStatics] LoadSquadKSCModels: Found GrassColor on: KSC_Administration_level_3 : administration_building_modern_ground count: 0
[LOG 20:59:01.384] KK: duplicate DecalMap name: height_Sagan ,found
[LOG 20:59:01.384] KK: duplicate DecalMap name: color__Crater2 ,found
[LOG 20:59:01.384] KK: duplicate DecalMap name: height_Pyramid ,found
[LOG 20:59:01.385] KK: duplicate DecalMap name: color_Pyramid ,found
[LOG 20:59:01.385] KK: duplicate DecalMap name: color__Crater1 ,found
[LOG 20:59:01.385] KK: duplicate DecalMap name: height_KSC2 ,found
[LOG 20:59:01.388] KK: duplicate DecalMap name: height_IslandAirfield ,found
[LOG 20:59:01.388] KK: duplicate DecalMap name: height_KSC ,found
[LOG 20:59:01.388] KK: [MapDecalUtils] GetSquadMaps: Imported 11 Maps from around the universe
[LOG 20:59:01.461] KK: [LaunchSiteManager] RegisterLaunchSite: Registering LaunchSite: KSC2 isHidden: True
[LOG 20:59:01.467] KK: [ConfigParser] ParseModelConfig: found variant: Visible
[LOG 20:59:01.468] KK: [ConfigParser] ParseModelConfig: added variant: Visible
[LOG 20:59:01.468] KK: [ConfigParser] ParseModelConfig: found variant: Invisible
[LOG 20:59:01.468] KK: [ConfigParser] ParseModelConfig: added variant: Invisible
[ERR 20:59:01.468] Triggers on concave MeshColliders are not supported

[ERR 20:59:01.468] Triggers on concave MeshColliders are not supported

[LOG 20:59:01.478] KK: [KerbalKonstructs] Awake: Stopwatch: "Object loading1" elapsed time: 00:00:00.0034074
[LOG 20:59:01.481] KK: [KerbalKonstructs] Awake: Stopwatch: "Object loading2" elapsed time: 00:00:00.0029194
[LOG 20:59:01.481] KK: Version is 1.12.3.0 .
[LOG 20:59:01.481] KK: StaticDatabase has: 1Entries
[LOG 20:59:01.481] KK: [KerbalKonstructs] Awake: Stopwatch: "Awake Function" elapsed time: 00:00:00.2118335
[LOG 20:59:01.481] [AddonLoader]: Instantiating addon 'KSPCFFastLoaderReport' from assembly 'KSPCommunityFixes'
[LOG 20:59:01.500] [UIMasterController]: ShowUI
[LOG 20:59:01.682] [GameParameters]: Loaded custom parameter class CommNetParams.
[LOG 20:59:01.683] [GameParameters]: Loaded custom parameter class MissionParamsGeneral.
[LOG 20:59:01.683] [GameParameters]: Loaded custom parameter class MissionParamsFacilities.
[LOG 20:59:01.683] [GameParameters]: Loaded custom parameter class MissionParamsExtras.
[LOG 20:59:01.684] [GameParameters]: Loaded custom parameter class AdvancedParams.
[LOG 20:59:01.686] [GameParameters]: Loaded custom parameter class KKCustomParameters0.
[LOG 20:59:01.686] [GameParameters]: Loaded custom parameter class KKCustomParameters1.
[LOG 20:59:01.686] [GameParameters]: Loaded custom parameter class KKCustomParameters2.
[LOG 20:59:01.701] [ReflectionUtil]: Found 40 types with UpgradeModule attribute in 12 assemblies.
[LOG 20:59:01.713] KK: [WindowManager2] Initialize: UI2.WindowManager2 initialized
[LOG 20:59:01.714] [KSPCF:FastLoader] Intel(R) Core(TM) Ultra 7 155H | 32265 MB | Intel(R) Arc(TM) Pro Graphics (18391 MB)
Total loading time to main menu : 31.211s
- Configs and assemblies loaded in 4.785s
- Configs reload done in 1.217s
- Configs translated in 0.009s
- 2490 assets loaded in 2.357s :
  - 86 audio assets (79.689 MiB) in 0.294s, 271.031 MiB/s
  - 1761 texture assets (1.302 GiB) in 1.604s, 831.289 MiB/s
  - 642 model assets (64.467 MiB) in 0.456s, 141.384 MiB/s
- Asset bundles loaded in 0.390s
- GameDatabase (configs, resources, traits, upgrades...) loaded in 0.058s
- Built-in parts copied in 0.017s
- Part and internal configs extracted in 0.001s
- 483 parts and 1927 modules compiled in 7.563s
  - 4.0 modules/part, 15.658 ms/part, 3.925 ms/module
  - PartIcon compilation : 0.766s
- 27 internal spaces and 56 props compiled in 0.124s
- 2 DLC (Making History, Breaking Ground) loaded in 5.330s
- Planetary system loaded in 5.630s
[LOG 20:59:01.714] Texture queries : 1739, slow path : 1 (0.06 %)
[LOG 20:59:01.718] [ModuleManager] Total loading Time = 26.611s
[LOG 20:59:01.748] KK: [GroupCenter] SetInstancesEnabled: Setting Group KSC_Builtin: active state form: True to: False
[LOG 20:59:01.748] KK: [GroupCenter] SetInstancesEnabled: Setting Group KSC2_Builtin: active state form: True to: False
[LOG 20:59:01.748] KK: [GroupCenter] SetInstancesEnabled: Setting Group Pyramids_Builtin: active state form: True to: False
[LOG 20:59:01.748] KK: [GroupCenter] SetInstancesEnabled: Setting Group IslandAirfield_Builtin: active state form: True to: False
[LOG 20:59:01.748] KK: [GroupCenter] SetInstancesEnabled: Setting Group Desert_Airfield_Builtin: active state form: True to: False
[LOG 20:59:01.748] KK: [GroupCenter] SetInstancesEnabled: Setting Group Woomerang_Launch_Site_Builtin: active state form: True to: False
[LOG 20:59:01.748] KK: [GroupCenter] SetInstancesEnabled: Setting Group MuneBase: active state form: True to: False
[LOG 20:59:01.757] [ScenarioTypes]: List Created 24 scenario types loaded from 12 loaded assemblies.
[WRN 20:59:01.764] File 'C:/Users/lhervier/Perso/ksp-dev/KSP_x64_Data/../Missions/MissionScoreInfo.cfg' does not exist
[LOG 20:59:01.766] [ApplicationLauncher] Awake False
[LOG 20:59:01.766] [ApplicationLauncher] SpawnSimpleLayout: VerticalTopDown
[LOG 20:59:01.775] ScaleModList: listSize 41 maxListSize 0
[LOG 20:59:01.779] [UiApp] Awake: 
[LOG 20:59:01.779] [ApplicationLauncher] OnSceneLoadedGUIReady: scene MAINMENU ShouldBeVisible() True ShouldBeOnTop() True iIsPositionedAtTop True
[LOG 20:59:01.794] [UIApp] Adding  to Application Launcher
[LOG 20:59:01.796] [ApplicationLauncher] SetHidden: 
[LOG 20:59:01.802] [MessageSystem] OnAppInitialized
[LOG 20:59:01.802] [MessageSystem] Reposition 0.0368076 5344
[LOG 20:59:04.670] [SceneLoadSpeedBoost] Save loaded from disk in 15ms
[LOG 20:59:04.677] [ExperienceSystem]: Found 0 trait types
[LOG 20:59:04.684] [ExperienceSystem]: Found 20 effect types
[LOG 20:59:04.705] [UIMasterController]: HideUI
[LOG 20:59:04.706] [HighLogic]: =========================== Scene Change : From MAINMENU to FLIGHT =====================
[LOG 20:59:04.908] UICanvasPrefabSpawner FlightUI spawning Flight
[LOG 20:59:04.934] UICanvasPrefabSpawner FlightUI spawning VesselLabels
[LOG 20:59:04.934] [UiApp] Awake: ResourceDisplay
[LOG 20:59:04.992] [AddonLoader]: Instantiating addon 'AeroGUI' from assembly 'KSP'
[LOG 20:59:05.001] [AddonLoader]: Instantiating addon 'WindowManager' from assembly 'KerbalKonstructs'
[LOG 20:59:05.001] [AddonLoader]: Instantiating addon 'KSPDiagLandedVessel' from assembly 'KSPDiagLandedVessel'
[LOG 20:59:05.002] [AddonLoader]: Instantiating addon 'KSPDiagTerrainHeight' from assembly 'KSPDiagTerrainHeight'
[LOG 20:59:05.004] [PlanetariumCamera]: Focus: Kerbin
[LOG 20:59:05.005] [UIMasterController]: HideUI
[LOG 20:59:05.224] [UIMasterController]: HideUI
[LOG 20:59:05.224] ------------------- initializing flight mode... ------------------
[LOG 20:59:05.233] GetSubclassesOfParentClass: Found 7 types with AlarmTypeBase parent in 12 assemblies.
[LOG 20:59:05.240] Loading Depletion Nodes
[LOG 20:59:05.240] DepNodeCount:  0
[LOG 20:59:05.240] Loading Biome Nodes
[LOG 20:59:05.240] BiomeNodeCount:  0
[LOG 20:59:05.240] Loading Planet Nodes
[LOG 20:59:05.240] PlanetNodeCount:  0
[LOG 20:59:05.252] [ScenarioDestructibles]: Loading... 0 objects registered
[LOG 20:59:05.261] KK: [KerbalKonstructsSettings] OnLoad: Resetting OpenCloseStates for new Games
[LOG 20:59:05.261] KK: [KerbalKonstructsSettings] OnLoad: KKScenario loading facility states
[LOG 20:59:05.262] KK: [CareerState] Load: Stopwatch: "Loading" elapsed time: 00:00:00.0013497
[LOG 20:59:05.289] Target vessel index: 10  vessel count: 11
[LOG 20:59:05.290] [FLIGHT GLOBALS]: Switching To Vessel Vaisseau sans nom ---------------------- 
[LOG 20:59:05.291] setting new dominant body: Mun
FlightGlobals.mainBody: Mun
[LOG 20:59:05.293] KK: [GroupCenter] SetInstancesEnabled: Setting Group MuneBase: active state form: False to: True
[ERR 20:59:05.301] Material doesn't have a texture property '_MainTex'

[ERR 20:59:05.301] Material doesn't have a texture property '_MainTex'

[ERR 20:59:05.303] Material doesn't have a texture property '_MainTex'

[ERR 20:59:05.303] Material doesn't have a texture property '_MainTex'

[ERR 20:59:05.303] Material doesn't have a texture property '_MainTex'

[ERR 20:59:05.303] Material doesn't have a texture property '_MainTex'

[LOG 20:59:05.310] Reference Frame: Rotating
[LOG 20:59:05.325] [Vaisseau sans nom]: landed - waiting for ground contact to resume physics...
[LOG 20:59:05.336] Camera Mode: AUTO
[LOG 20:59:06.812] all systems started
[LOG 20:59:06.921] KK: [KerbalKonstructsSettings] Start: Career Module Start Called
[LOG 20:59:07.004] [Vaisseau sans nom]: landed - waiting for ground contact to resume physics...
[LOG 20:59:07.071] KK: [GroupCenter] SetInstancesEnabled: Setting Group MuneBase: active state form: True to: False
[LOG 20:59:07.071] KK: [GroupCenter] SetInstancesEnabled: Setting Group MuneBase: active state form: False to: True
[LOG 20:59:07.072] [UiApp] Awake: CurrencyWidgetsApp
[LOG 20:59:07.072] [UiApp] Awake: ResourceDisplay
[LOG 20:59:07.072] [UiApp] Awake: KSPedia
[LOG 20:59:07.072] [UiApp] Awake: Missions App
[LOG 20:59:07.072] [UiApp] Awake: DeltaVApp
[LOG 20:59:07.072] [UiApp] Awake: ActionGroupsApp
[LOG 20:59:07.072] [UiApp] Awake: Construction
[LOG 20:59:07.072] [UiApp] Awake: Cargo
[LOG 20:59:07.072] [UiApp] Awake: AlarmClock
[LOG 20:59:07.072] [UiApp] Awake: ManeuverTool
[LOG 20:59:07.073] [GenericAppFrame] Reposition 0 6040
[LOG 20:59:07.074] [ApplicationLauncher] OnSceneLoadedGUIReady: scene FLIGHT ShouldBeVisible() True ShouldBeOnTop() True iIsPositionedAtTop True
[LOG 20:59:07.074] [ApplicationLauncher] SetVisible: 
[LOG 20:59:07.076] ScaleModList: listSize 41 maxListSize 502
[LOG 20:59:07.076] ScaleModList: listSize 41 maxListSize 494
[LOG 20:59:07.077] [KnowledgeBase] OnAppLauncherReady 6040
[LOG 20:59:07.085] [UIApp] OnDestroy: Contracts
[LOG 20:59:07.099] [FlightIntegrator]: Reloaded drag cube for zeroed cube root part fuelTankSmallFlat (Vaisseau sans nom) on vessel Vaisseau sans nom
[LOG 20:59:07.112] [MessageSystem] Reposition 0.02 6041
[LOG 20:59:07.112] [GenericAppFrame] Reposition 0.02 6041
[LOG 20:59:07.112] [GenericAppFrame] Reposition 0.02 6041
[LOG 20:59:07.184] [FlightIntegrator]: Reloaded drag cube for zeroed cube root part fuelTankSmallFlat (Vaisseau sans nom) on vessel Vaisseau sans nom
[LOG 20:59:07.189] [PlanetariumCamera]: Focus: Vaisseau sans nom
[LOG 20:59:07.209] [UIApp] Adding ResourceDisplay to Application Launcher
[LOG 20:59:07.210] ScaleModList: listSize 41 maxListSize 453
[LOG 20:59:07.210] [UIApp] Adding ResourceDisplay to Application Launcher
[LOG 20:59:07.211] ScaleModList: listSize 41 maxListSize 412
[LOG 20:59:07.218] [ResourceDisplay] OnAppStarted(): id: -412774
[LOG 20:59:07.219] [GenericAppFrame] Reposition 0.1249914 6045
[LOG 20:59:07.219] [ResourceDisplay] OnAppStarted(): id: 258162
[LOG 20:59:07.220] ResourceDisplay already exist, destroying this instance
[LOG 20:59:07.220] [UIApp] OnDestroy: ResourceDisplay
[LOG 20:59:07.221] ScaleModList: listSize 41 maxListSize 412
[LOG 20:59:07.234] [UIApp] Adding AlarmClock to Application Launcher
[LOG 20:59:07.234] ScaleModList: listSize 41 maxListSize 412
[LOG 20:59:07.235] [UIApp] Adding ActionGroupsApp to Application Launcher
[LOG 20:59:07.235] ScaleModList: listSize 41 maxListSize 371
[LOG 20:59:07.236] [UIApp] Adding Missions App to Application Launcher
[LOG 20:59:07.236] ScaleModList: listSize 41 maxListSize 330
[LOG 20:59:07.237] CURRENCY WIDGET False False False
[LOG 20:59:07.238] [UIApp] OnDestroy: CurrencyWidgetsApp
[LOG 20:59:07.261] [GenericAppFrame] Reposition 0.151237 6047
[LOG 20:59:07.265] [ActionGroupsApp] OnAppStarted(): id: -412798
[LOG 20:59:07.266] [GenericAppFrame] Reposition 0.151237 6047
[LOG 20:59:07.266] [UIApp] Adding DeltaVApp to Application Launcher
[LOG 20:59:07.268] ScaleModList: listSize 41 maxListSize 289
[LOG 20:59:07.268] [MissionsApp] OnAppStarted(): id: -412786
[LOG 20:59:07.268] MissionsApp does not execute in this game mode, destroying this instance
[LOG 20:59:07.268] [UIApp] OnDestroy: Missions App
[LOG 20:59:07.270] ScaleModList: listSize 41 maxListSize 289
[LOG 20:59:07.277] [GenericAppFrame] Reposition 0.1830232 6048
[LOG 20:59:07.285] [UIApp] Adding Cargo to Application Launcher
[LOG 20:59:07.287] ScaleModList: listSize 41 maxListSize 289
[LOG 20:59:07.287] [UIApp] Adding Construction to Application Launcher
[LOG 20:59:07.288] ScaleModList: listSize 41 maxListSize 248
[LOG 20:59:07.288] [UIApp] Adding KSPedia to Application Launcher
[LOG 20:59:07.289] ScaleModList: listSize 41 maxListSize 207
[WRN 20:59:07.298] HighlightingSystem : Framebuffer depth data is not available and can't be used to occlude highlighting. Highlighting occluders enabled.
[LOG 20:59:07.308] [UIApp] Adding ManeuverTool to Application Launcher
[LOG 20:59:07.309] ScaleModList: listSize 41 maxListSize 166
[LOG 20:59:07.309] [ApplicationLauncher] SetHidden: 
[LOG 20:59:07.310] ScaleModList: listSize 41 maxListSize 207
[LOG 20:59:07.320] [GenericAppFrame] Reposition 0.2241727 6051
[LOG 20:59:07.329] [ManeuverTool]: Found 1 transfer types
[LOG 20:59:07.373] Flight State Captured
[LOG 20:59:07.376] Saving Achievements Tree...
[LOG 20:59:07.377] Saving Achievements Tree...
[LOG 20:59:07.377] Saving Achievements Tree...
[LOG 20:59:07.394] KK: [KerbalKonstructsSettings] OnSave: KKScenario saving career state
[LOG 20:59:07.397] [MessageSystem] Save Messages
[LOG 20:59:07.426] Game State Saved as persistent
[LOG 20:59:08.124] Unpacking Vaisseau sans nom
[LOG 20:59:08.127] Unpacking Vaisseau sans nom
[LOG 20:59:08.152] [UIMasterController]: ShowUI
[LOG 20:59:41.550] [FLIGHT GLOBALS]: Switching To Vessel Vaisseau sans nom ---------------------- 
[LOG 20:59:41.552] [PlanetariumCamera]: Focus: Vaisseau sans nom
[LOG 20:59:41.557] Camera Mode: AUTO
[LOG 20:59:48.188] [SceneLoadSpeedBoost] Save loaded from disk in 19ms
[LOG 20:59:48.193] [UIMasterController]: HideUI
[LOG 20:59:48.207] [HighLogic]: =========================== Scene Change : From FLIGHT to FLIGHT =====================
[LOG 20:59:48.347] [UIApp] OnDestroy: Construction
[LOG 20:59:48.347] ScaleModList: listSize 41 maxListSize 207
[LOG 20:59:48.351] KbApp.OnDestroy NullName
[LOG 20:59:48.351] [PlanetariumCamera]: Focus: Mun
[LOG 20:59:48.351] KbApp.OnDestroy Unowned Info
[LOG 20:59:48.354] [UIApp] OnDestroy: AlarmClock
[LOG 20:59:48.354] ScaleModList: listSize 41 maxListSize 207
[LOG 20:59:48.355] KbApp.OnDestroy Vessel Crew
[LOG 20:59:48.355] [UIApp] OnDestroy: ActionGroupsApp
[LOG 20:59:48.355] ScaleModList: listSize 41 maxListSize 207
[LOG 20:59:48.357] [UIApp] OnDestroy: KSPedia
[LOG 20:59:48.357] ScaleModList: listSize 41 maxListSize 207
[LOG 20:59:48.357] KbApp.OnDestroy Vessel Info
[LOG 20:59:48.358] KbApp.OnDestroy Planet Parameters
[LOG 20:59:48.358] [UIApp] OnDestroy: Cargo
[LOG 20:59:48.358] ScaleModList: listSize 41 maxListSize 207
[LOG 20:59:48.358] KbApp.OnDestroy Planet Resources
[LOG 20:59:48.360] [UIApp] OnDestroy: DeltaVApp
[LOG 20:59:48.360] ScaleModList: listSize 41 maxListSize 207
[LOG 20:59:48.360] KbApp.OnDestroy Planet Info
[LOG 20:59:48.360] [UIApp] OnDestroy: ResourceDisplay
[LOG 20:59:48.360] ScaleModList: listSize 41 maxListSize 207
[LOG 20:59:48.360] [UIApp] OnDestroy: ManeuverTool
[LOG 20:59:48.361] ScaleModList: listSize 41 maxListSize 207
[LOG 20:59:48.362] [KSPCF:MemoryLeaks] Removed a onPlanetariumTargetChange callback owned by a destroyed Assembly-CSharp:CommNetVessel instance
[LOG 20:59:48.364] [KSPCF:MemoryLeaks] Removed a OnMapExited callback owned by a destroyed Assembly-CSharp:NavBallToggle instance
[LOG 20:59:48.364] [KSPCF:MemoryLeaks] Removed a OnGameSettingsApplied callback owned by a destroyed Assembly-CSharp:VesselAutopilotUI instance
[LOG 20:59:48.364] [KSPCF:MemoryLeaks] Removed a onPartActionUICreate callback owned by a destroyed Assembly-CSharp:ModuleInventoryPart instance
[LOG 20:59:48.364] [KSPCF:MemoryLeaks] Removed a onPartActionUICreate callback owned by a destroyed Assembly-CSharp:ModuleInventoryPart instance
[LOG 20:59:48.366] [KSPCF:MemoryLeaks] Removed a onModuleInventoryChanged callback owned by a destroyed Assembly-CSharp:ModuleInventoryPart instance
[LOG 20:59:48.366] [KSPCF:MemoryLeaks] Removed a onModuleInventoryChanged callback owned by a destroyed Assembly-CSharp:ModuleInventoryPart instance
[LOG 20:59:48.367] [KSPCF:MemoryLeaks] Removed a OnClick callback owned by a destroyed Assembly-CSharp:EVAConstructionModeEditor instance
[LOG 20:59:48.368] [KSPCF:MemoryLeaks] Removed a TimingManager.Instance.timing5.onLateUpdate callback owned by a destroyed Assembly-CSharp:MapView instance
[LOG 20:59:48.369] [KSPCF:MemoryLeaks] Leaving scene "Flight", cleaned 39 memory leaks in 0.007s. GameEvents callbacks : 751. Allocated memory : 995.52 MiB (managed heap), 2.084 GiB (unmanaged)
[LOG 20:59:48.375] UICanvasPrefabSpawner FlightUI spawning Flight
[LOG 20:59:48.389] UICanvasPrefabSpawner FlightUI spawning VesselLabels
[LOG 20:59:48.390] [UiApp] Awake: ResourceDisplay
[LOG 20:59:48.448] [AddonLoader]: Instantiating addon 'AeroGUI' from assembly 'KSP'
[LOG 20:59:48.456] [AddonLoader]: Instantiating addon 'WindowManager' from assembly 'KerbalKonstructs'
[LOG 20:59:48.457] [AddonLoader]: Instantiating addon 'KSPDiagLandedVessel' from assembly 'KSPDiagLandedVessel'
[LOG 20:59:48.457] [AddonLoader]: Instantiating addon 'KSPDiagTerrainHeight' from assembly 'KSPDiagTerrainHeight'
[LOG 20:59:48.457] [PlanetariumCamera]: Focus: Kerbin
[LOG 20:59:48.457] [UIMasterController]: HideUI
[LOG 20:59:48.673] [UIMasterController]: HideUI
[LOG 20:59:48.673] ------------------- initializing flight mode... ------------------
[LOG 20:59:48.674] GetSubclassesOfParentClass: Using cached results for AlarmTypeBase
[LOG 20:59:48.674] Loading Depletion Nodes
[LOG 20:59:48.674] DepNodeCount:  0
[LOG 20:59:48.674] Loading Biome Nodes
[LOG 20:59:48.674] BiomeNodeCount:  0
[LOG 20:59:48.674] Loading Planet Nodes
[LOG 20:59:48.674] PlanetNodeCount:  0
[LOG 20:59:48.675] [ScenarioDestructibles]: Loading... 0 objects registered
[LOG 20:59:48.698] Target vessel index: 10  vessel count: 11
[LOG 20:59:48.698] [FLIGHT GLOBALS]: Switching To Vessel Vaisseau sans nom ---------------------- 
[LOG 20:59:48.698] setting new dominant body: Mun
FlightGlobals.mainBody: Mun
[LOG 20:59:48.699] Reference Frame: Rotating
[LOG 20:59:48.704] [Vaisseau sans nom]: landed - waiting for ground contact to resume physics...
[LOG 20:59:48.704] Camera Mode: AUTO
[LOG 20:59:50.114] all systems started
[LOG 20:59:50.160] KK: [KerbalKonstructsSettings] Start: Career Module Start Called
[LOG 20:59:50.201] [Vaisseau sans nom]: landed - waiting for ground contact to resume physics...
[LOG 20:59:50.223] KK: [GroupCenter] SetInstancesEnabled: Setting Group MuneBase: active state form: True to: False
[LOG 20:59:50.225] KK: [GroupCenter] SetInstancesEnabled: Setting Group MuneBase: active state form: False to: True
[LOG 20:59:50.225] [UiApp] Awake: CurrencyWidgetsApp
[LOG 20:59:50.225] [UiApp] Awake: ResourceDisplay
[LOG 20:59:50.225] [UiApp] Awake: KSPedia
[LOG 20:59:50.225] [UiApp] Awake: Missions App
[LOG 20:59:50.225] [UiApp] Awake: DeltaVApp
[LOG 20:59:50.225] [UiApp] Awake: ActionGroupsApp
[LOG 20:59:50.225] [UiApp] Awake: Construction
[LOG 20:59:50.225] [UiApp] Awake: Cargo
[LOG 20:59:50.225] [UiApp] Awake: AlarmClock
[LOG 20:59:50.226] [UiApp] Awake: ManeuverTool
[LOG 20:59:50.226] [ApplicationLauncher] OnSceneLoadedGUIReady: scene FLIGHT ShouldBeVisible() True ShouldBeOnTop() True iIsPositionedAtTop True
[LOG 20:59:50.228] ScaleModList: listSize 41 maxListSize 494
[LOG 20:59:50.228] [KnowledgeBase] OnAppLauncherReady 10047
[LOG 20:59:50.235] [UIApp] OnDestroy: Contracts
[LOG 20:59:50.257] [FlightIntegrator]: Reloaded drag cube for zeroed cube root part fuelTankSmallFlat (Vaisseau sans nom) on vessel Vaisseau sans nom
[LOG 20:59:50.258] [MessageSystem] Reposition 0.02 10048
[LOG 20:59:50.258] [GenericAppFrame] Reposition 0.02 10048
[LOG 20:59:50.258] [GenericAppFrame] Reposition 0.02 10048
[LOG 20:59:50.317] [FlightIntegrator]: Reloaded drag cube for zeroed cube root part fuelTankSmallFlat (Vaisseau sans nom) on vessel Vaisseau sans nom
[LOG 20:59:50.319] [PlanetariumCamera]: Focus: Vaisseau sans nom
[LOG 20:59:50.330] [UIApp] Adding ResourceDisplay to Application Launcher
[LOG 20:59:50.331] ScaleModList: listSize 41 maxListSize 453
[LOG 20:59:50.331] [UIApp] Adding ResourceDisplay to Application Launcher
[LOG 20:59:50.332] ScaleModList: listSize 41 maxListSize 412
[LOG 20:59:50.339] [ResourceDisplay] OnAppStarted(): id: -456768
[LOG 20:59:50.339] [GenericAppFrame] Reposition 0.1014495 10052
[LOG 20:59:50.339] [ResourceDisplay] OnAppStarted(): id: 258294
[LOG 20:59:50.339] ResourceDisplay already exist, destroying this instance
[LOG 20:59:50.339] [UIApp] OnDestroy: ResourceDisplay
[LOG 20:59:50.339] ScaleModList: listSize 41 maxListSize 412
[LOG 20:59:50.349] [UIApp] Adding AlarmClock to Application Launcher
[LOG 20:59:50.350] ScaleModList: listSize 41 maxListSize 412
[LOG 20:59:50.350] [UIApp] Adding ActionGroupsApp to Application Launcher
[LOG 20:59:50.351] ScaleModList: listSize 41 maxListSize 371
[LOG 20:59:50.351] [UIApp] Adding Missions App to Application Launcher
[LOG 20:59:50.351] ScaleModList: listSize 41 maxListSize 330
[LOG 20:59:50.352] CURRENCY WIDGET False False False
[LOG 20:59:50.353] [UIApp] OnDestroy: CurrencyWidgetsApp
[LOG 20:59:50.366] [GenericAppFrame] Reposition 0.1200762 10054
[LOG 20:59:50.368] [ActionGroupsApp] OnAppStarted(): id: -456792
[LOG 20:59:50.369] [GenericAppFrame] Reposition 0.1200762 10054
[LOG 20:59:50.369] [UIApp] Adding DeltaVApp to Application Launcher
[LOG 20:59:50.370] ScaleModList: listSize 41 maxListSize 289
[LOG 20:59:50.370] [MissionsApp] OnAppStarted(): id: -456780
[LOG 20:59:50.370] MissionsApp does not execute in this game mode, destroying this instance
[LOG 20:59:50.370] [UIApp] OnDestroy: Missions App
[LOG 20:59:50.371] ScaleModList: listSize 41 maxListSize 289
[LOG 20:59:50.378] [GenericAppFrame] Reposition 0.1395179 10055
[LOG 20:59:50.387] [UIApp] Adding Cargo to Application Launcher
[LOG 20:59:50.388] ScaleModList: listSize 41 maxListSize 289
[LOG 20:59:50.389] [UIApp] Adding Construction to Application Launcher
[LOG 20:59:50.390] ScaleModList: listSize 41 maxListSize 248
[LOG 20:59:50.390] [UIApp] Adding KSPedia to Application Launcher
[LOG 20:59:50.398] ScaleModList: listSize 41 maxListSize 207
[LOG 20:59:50.407] [UIApp] Adding ManeuverTool to Application Launcher
[LOG 20:59:50.410] ScaleModList: listSize 41 maxListSize 166
[LOG 20:59:50.410] [ApplicationLauncher] SetHidden: 
[LOG 20:59:50.411] ScaleModList: listSize 41 maxListSize 207
[LOG 20:59:50.436] [GenericAppFrame] Reposition 0.194799 10058
[LOG 20:59:50.444] [ManeuverTool]: Found 1 transfer types
[LOG 20:59:50.467] Flight State Captured
[LOG 20:59:50.467] Saving Achievements Tree...
[LOG 20:59:50.467] Saving Achievements Tree...
[LOG 20:59:50.467] Saving Achievements Tree...
[LOG 20:59:50.473] KK: [KerbalKonstructsSettings] OnSave: KKScenario saving career state
[LOG 20:59:50.473] [MessageSystem] Save Messages
[LOG 20:59:50.491] Game State Saved as persistent
[LOG 20:59:51.235] Unpacking Vaisseau sans nom
[LOG 20:59:51.236] Unpacking Vaisseau sans nom
[LOG 20:59:51.239] [UIMasterController]: ShowUI
[LOG 21:00:24.529] [FLIGHT GLOBALS]: Switching To Vessel Vaisseau sans nom ---------------------- 
[LOG 21:00:24.529] [PlanetariumCamera]: Focus: Vaisseau sans nom
[LOG 21:00:24.535] Camera Mode: AUTO
[LOG 21:00:31.195] [SceneLoadSpeedBoost] Save loaded from disk in 23ms
[LOG 21:00:31.197] [UIMasterController]: HideUI
[LOG 21:00:31.205] [HighLogic]: =========================== Scene Change : From FLIGHT to FLIGHT =====================
[LOG 21:00:31.337] [UIApp] OnDestroy: Construction
[LOG 21:00:31.337] ScaleModList: listSize 41 maxListSize 207
[LOG 21:00:31.337] [UIApp] OnDestroy: ManeuverTool
[LOG 21:00:31.337] ScaleModList: listSize 41 maxListSize 207
[LOG 21:00:31.339] [UIApp] OnDestroy: ActionGroupsApp
[LOG 21:00:31.339] ScaleModList: listSize 41 maxListSize 207
[LOG 21:00:31.339] [UIApp] OnDestroy: AlarmClock
[LOG 21:00:31.339] ScaleModList: listSize 41 maxListSize 207
[LOG 21:00:31.339] KbApp.OnDestroy Vessel Crew
[LOG 21:00:31.339] KbApp.OnDestroy Planet Parameters
[LOG 21:00:31.339] [UIApp] OnDestroy: ResourceDisplay
[LOG 21:00:31.339] ScaleModList: listSize 41 maxListSize 207
[LOG 21:00:31.339] KbApp.OnDestroy Planet Info
[LOG 21:00:31.340] [UIApp] OnDestroy: DeltaVApp
[LOG 21:00:31.340] ScaleModList: listSize 41 maxListSize 207
[LOG 21:00:31.340] [UIApp] OnDestroy: Cargo
[LOG 21:00:31.340] ScaleModList: listSize 41 maxListSize 207
[LOG 21:00:31.340] KbApp.OnDestroy Planet Resources
[LOG 21:00:31.341] KbApp.OnDestroy Unowned Info
[LOG 21:00:31.341] [PlanetariumCamera]: Focus: Mun
[LOG 21:00:31.341] [UIApp] OnDestroy: KSPedia
[LOG 21:00:31.341] ScaleModList: listSize 41 maxListSize 207
[LOG 21:00:31.342] KbApp.OnDestroy NullName
[LOG 21:00:31.342] KbApp.OnDestroy Vessel Info
[LOG 21:00:31.343] [KSPCF:MemoryLeaks] Removed a OnMapExited callback owned by a destroyed Assembly-CSharp:NavBallToggle instance
[LOG 21:00:31.343] [KSPCF:MemoryLeaks] Removed a OnGameSettingsApplied callback owned by a destroyed Assembly-CSharp:VesselAutopilotUI instance
[LOG 21:00:31.343] [KSPCF:MemoryLeaks] Removed a onPartActionUICreate callback owned by a destroyed Assembly-CSharp:ModuleInventoryPart instance
[LOG 21:00:31.343] [KSPCF:MemoryLeaks] Removed a onPartActionUICreate callback owned by a destroyed Assembly-CSharp:ModuleInventoryPart instance
[LOG 21:00:31.344] [KSPCF:MemoryLeaks] Removed a onModuleInventoryChanged callback owned by a destroyed Assembly-CSharp:ModuleInventoryPart instance
[LOG 21:00:31.344] [KSPCF:MemoryLeaks] Removed a onModuleInventoryChanged callback owned by a destroyed Assembly-CSharp:ModuleInventoryPart instance
[LOG 21:00:31.344] [KSPCF:MemoryLeaks] Removed a OnClick callback owned by a destroyed Assembly-CSharp:EVAConstructionModeEditor instance
[LOG 21:00:31.344] [KSPCF:MemoryLeaks] Removed a TimingManager.Instance.timing5.onLateUpdate callback owned by a destroyed Assembly-CSharp:MapView instance
[LOG 21:00:31.344] [KSPCF:MemoryLeaks] Leaving scene "Flight", cleaned 38 memory leaks in 0.002s. GameEvents callbacks : 751. Allocated memory : 986.914 MiB (managed heap), 2.086 GiB (unmanaged)
[LOG 21:00:31.351] UICanvasPrefabSpawner FlightUI spawning Flight
[LOG 21:00:31.370] UICanvasPrefabSpawner FlightUI spawning VesselLabels
[LOG 21:00:31.371] [UiApp] Awake: ResourceDisplay
[LOG 21:00:31.450] [AddonLoader]: Instantiating addon 'AeroGUI' from assembly 'KSP'
[LOG 21:00:31.460] [AddonLoader]: Instantiating addon 'WindowManager' from assembly 'KerbalKonstructs'
[LOG 21:00:31.460] [AddonLoader]: Instantiating addon 'KSPDiagLandedVessel' from assembly 'KSPDiagLandedVessel'
[LOG 21:00:31.460] [AddonLoader]: Instantiating addon 'KSPDiagTerrainHeight' from assembly 'KSPDiagTerrainHeight'
[LOG 21:00:31.460] [PlanetariumCamera]: Focus: Kerbin
[LOG 21:00:31.461] [UIMasterController]: HideUI
[LOG 21:00:31.717] [UIMasterController]: HideUI
[LOG 21:00:31.718] ------------------- initializing flight mode... ------------------
[LOG 21:00:31.719] GetSubclassesOfParentClass: Using cached results for AlarmTypeBase
[LOG 21:00:31.719] Loading Depletion Nodes
[LOG 21:00:31.719] DepNodeCount:  0
[LOG 21:00:31.719] Loading Biome Nodes
[LOG 21:00:31.719] BiomeNodeCount:  0
[LOG 21:00:31.719] Loading Planet Nodes
[LOG 21:00:31.719] PlanetNodeCount:  0
[LOG 21:00:31.721] [ScenarioDestructibles]: Loading... 0 objects registered
[LOG 21:00:31.750] Target vessel index: 10  vessel count: 11
[LOG 21:00:31.750] [FLIGHT GLOBALS]: Switching To Vessel Vaisseau sans nom ---------------------- 
[LOG 21:00:31.750] setting new dominant body: Mun
FlightGlobals.mainBody: Mun
[LOG 21:00:31.750] Reference Frame: Rotating
[LOG 21:00:31.756] [Vaisseau sans nom]: landed - waiting for ground contact to resume physics...
[LOG 21:00:31.757] Camera Mode: AUTO
[LOG 21:00:33.210] all systems started
[LOG 21:00:33.254] KK: [KerbalKonstructsSettings] Start: Career Module Start Called
[LOG 21:00:33.294] [Vaisseau sans nom]: landed - waiting for ground contact to resume physics...
[LOG 21:00:33.315] KK: [GroupCenter] SetInstancesEnabled: Setting Group MuneBase: active state form: True to: False
[LOG 21:00:33.315] KK: [GroupCenter] SetInstancesEnabled: Setting Group MuneBase: active state form: False to: True
[LOG 21:00:33.315] [UiApp] Awake: CurrencyWidgetsApp
[LOG 21:00:33.315] [UiApp] Awake: ResourceDisplay
[LOG 21:00:33.316] [UiApp] Awake: KSPedia
[LOG 21:00:33.316] [UiApp] Awake: Missions App
[LOG 21:00:33.316] [UiApp] Awake: DeltaVApp
[LOG 21:00:33.316] [UiApp] Awake: ActionGroupsApp
[LOG 21:00:33.316] [UiApp] Awake: Construction
[LOG 21:00:33.316] [UiApp] Awake: Cargo
[LOG 21:00:33.316] [UiApp] Awake: AlarmClock
[LOG 21:00:33.316] [UiApp] Awake: ManeuverTool
[LOG 21:00:33.316] [ApplicationLauncher] OnSceneLoadedGUIReady: scene FLIGHT ShouldBeVisible() True ShouldBeOnTop() True iIsPositionedAtTop True
[LOG 21:00:33.317] ScaleModList: listSize 41 maxListSize 494
[LOG 21:00:33.317] [KnowledgeBase] OnAppLauncherReady 13954
[LOG 21:00:33.325] [UIApp] OnDestroy: Contracts
[LOG 21:00:33.342] [FlightIntegrator]: Reloaded drag cube for zeroed cube root part fuelTankSmallFlat (Vaisseau sans nom) on vessel Vaisseau sans nom
[LOG 21:00:33.344] [MessageSystem] Reposition 0.02 13955
[LOG 21:00:33.344] [GenericAppFrame] Reposition 0.02 13955
[LOG 21:00:33.344] [GenericAppFrame] Reposition 0.02 13955
[LOG 21:00:33.396] [FlightIntegrator]: Reloaded drag cube for zeroed cube root part fuelTankSmallFlat (Vaisseau sans nom) on vessel Vaisseau sans nom
[LOG 21:00:33.398] [PlanetariumCamera]: Focus: Vaisseau sans nom
[LOG 21:00:33.409] [UIApp] Adding ResourceDisplay to Application Launcher
[LOG 21:00:33.410] ScaleModList: listSize 41 maxListSize 453
[LOG 21:00:33.410] [UIApp] Adding ResourceDisplay to Application Launcher
[LOG 21:00:33.411] ScaleModList: listSize 41 maxListSize 412
[LOG 21:00:33.417] [ResourceDisplay] OnAppStarted(): id: -500714
[LOG 21:00:33.418] [GenericAppFrame] Reposition 0.098678 13959
[LOG 21:00:33.418] [ResourceDisplay] OnAppStarted(): id: 258426
[LOG 21:00:33.418] ResourceDisplay already exist, destroying this instance
[LOG 21:00:33.418] [UIApp] OnDestroy: ResourceDisplay
[LOG 21:00:33.419] ScaleModList: listSize 41 maxListSize 412
[LOG 21:00:33.427] [UIApp] Adding AlarmClock to Application Launcher
[LOG 21:00:33.427] ScaleModList: listSize 41 maxListSize 412
[LOG 21:00:33.428] [UIApp] Adding ActionGroupsApp to Application Launcher
[LOG 21:00:33.428] ScaleModList: listSize 41 maxListSize 371
[LOG 21:00:33.428] [UIApp] Adding Missions App to Application Launcher
[LOG 21:00:33.430] ScaleModList: listSize 41 maxListSize 330
[LOG 21:00:33.430] CURRENCY WIDGET False False False
[LOG 21:00:33.431] [UIApp] OnDestroy: CurrencyWidgetsApp
[LOG 21:00:33.446] [GenericAppFrame] Reposition 0.1170287 13961
[LOG 21:00:33.448] [ActionGroupsApp] OnAppStarted(): id: -500738
[LOG 21:00:33.448] [GenericAppFrame] Reposition 0.1170287 13961
[LOG 21:00:33.448] [UIApp] Adding DeltaVApp to Application Launcher
[LOG 21:00:33.449] ScaleModList: listSize 41 maxListSize 289
[LOG 21:00:33.449] [MissionsApp] OnAppStarted(): id: -500726
[LOG 21:00:33.449] MissionsApp does not execute in this game mode, destroying this instance
[LOG 21:00:33.450] [UIApp] OnDestroy: Missions App
[LOG 21:00:33.450] ScaleModList: listSize 41 maxListSize 289
[LOG 21:00:33.458] [GenericAppFrame] Reposition 0.1384609 13962
[LOG 21:00:33.465] [UIApp] Adding Cargo to Application Launcher
[LOG 21:00:33.466] ScaleModList: listSize 41 maxListSize 289
[LOG 21:00:33.466] [UIApp] Adding Construction to Application Launcher
[LOG 21:00:33.467] ScaleModList: listSize 41 maxListSize 248
[LOG 21:00:33.467] [UIApp] Adding KSPedia to Application Launcher
[LOG 21:00:33.467] ScaleModList: listSize 41 maxListSize 207
[LOG 21:00:33.476] [UIApp] Adding ManeuverTool to Application Launcher
[LOG 21:00:33.477] ScaleModList: listSize 41 maxListSize 166
[LOG 21:00:33.477] [ApplicationLauncher] SetHidden: 
[LOG 21:00:33.477] ScaleModList: listSize 41 maxListSize 207
[LOG 21:00:33.487] [GenericAppFrame] Reposition 0.165506 13965
[LOG 21:00:33.493] [ManeuverTool]: Found 1 transfer types
[LOG 21:00:33.517] Flight State Captured
[LOG 21:00:33.517] Saving Achievements Tree...
[LOG 21:00:33.517] Saving Achievements Tree...
[LOG 21:00:33.517] Saving Achievements Tree...
[LOG 21:00:33.523] KK: [KerbalKonstructsSettings] OnSave: KKScenario saving career state
[LOG 21:00:33.523] [MessageSystem] Save Messages
[LOG 21:00:33.547] Game State Saved as persistent
[LOG 21:00:34.315] Unpacking Vaisseau sans nom
[LOG 21:00:34.315] Unpacking Vaisseau sans nom
[LOG 21:00:34.322] [UIMasterController]: ShowUI
[LOG 21:01:07.717] [FLIGHT GLOBALS]: Switching To Vessel Vaisseau sans nom ---------------------- 
[LOG 21:01:07.717] [PlanetariumCamera]: Focus: Vaisseau sans nom
[LOG 21:01:07.724] Camera Mode: AUTO
[LOG 21:01:14.343] [SceneLoadSpeedBoost] Save loaded from disk in 26ms
[LOG 21:01:14.345] [UIMasterController]: HideUI
[LOG 21:01:14.353] [HighLogic]: =========================== Scene Change : From FLIGHT to FLIGHT =====================
[LOG 21:01:14.469] [UIApp] OnDestroy: KSPedia
[LOG 21:01:14.470] ScaleModList: listSize 41 maxListSize 207
[LOG 21:01:14.470] KbApp.OnDestroy NullName
[LOG 21:01:14.470] KbApp.OnDestroy Planet Parameters
[LOG 21:01:14.470] [UIApp] OnDestroy: DeltaVApp
[LOG 21:01:14.471] ScaleModList: listSize 41 maxListSize 207
[LOG 21:01:14.471] KbApp.OnDestroy Unowned Info
[LOG 21:01:14.471] [UIApp] OnDestroy: ManeuverTool
[LOG 21:01:14.471] ScaleModList: listSize 41 maxListSize 207
[LOG 21:01:14.471] [PlanetariumCamera]: Focus: Mun
[LOG 21:01:14.472] [UIApp] OnDestroy: Cargo
[LOG 21:01:14.472] ScaleModList: listSize 41 maxListSize 207
[LOG 21:01:14.472] [UIApp] OnDestroy: ActionGroupsApp
[LOG 21:01:14.472] ScaleModList: listSize 41 maxListSize 207
[LOG 21:01:14.472] KbApp.OnDestroy Planet Resources
[LOG 21:01:14.472] KbApp.OnDestroy Vessel Crew
[LOG 21:01:14.472] [UIApp] OnDestroy: Construction
[LOG 21:01:14.472] ScaleModList: listSize 41 maxListSize 207
[LOG 21:01:14.472] KbApp.OnDestroy Vessel Info
[LOG 21:01:14.472] [UIApp] OnDestroy: AlarmClock
[LOG 21:01:14.472] ScaleModList: listSize 41 maxListSize 207
[LOG 21:01:14.472] [UIApp] OnDestroy: ResourceDisplay
[LOG 21:01:14.473] ScaleModList: listSize 41 maxListSize 207
[LOG 21:01:14.473] KbApp.OnDestroy Planet Info
[LOG 21:01:14.474] [KSPCF:MemoryLeaks] Removed a OnMapExited callback owned by a destroyed Assembly-CSharp:NavBallToggle instance
[LOG 21:01:14.474] [KSPCF:MemoryLeaks] Removed a OnGameSettingsApplied callback owned by a destroyed Assembly-CSharp:VesselAutopilotUI instance
[LOG 21:01:14.474] [KSPCF:MemoryLeaks] Removed a onPartActionUICreate callback owned by a destroyed Assembly-CSharp:ModuleInventoryPart instance
[LOG 21:01:14.474] [KSPCF:MemoryLeaks] Removed a onPartActionUICreate callback owned by a destroyed Assembly-CSharp:ModuleInventoryPart instance
[LOG 21:01:14.475] [KSPCF:MemoryLeaks] Removed a onModuleInventoryChanged callback owned by a destroyed Assembly-CSharp:ModuleInventoryPart instance
[LOG 21:01:14.475] [KSPCF:MemoryLeaks] Removed a onModuleInventoryChanged callback owned by a destroyed Assembly-CSharp:ModuleInventoryPart instance
[LOG 21:01:14.475] [KSPCF:MemoryLeaks] Removed a OnClick callback owned by a destroyed Assembly-CSharp:EVAConstructionModeEditor instance
[LOG 21:01:14.475] [KSPCF:MemoryLeaks] Removed a TimingManager.Instance.timing5.onLateUpdate callback owned by a destroyed Assembly-CSharp:MapView instance
[LOG 21:01:14.475] [KSPCF:MemoryLeaks] Leaving scene "Flight", cleaned 38 memory leaks in 0.002s. GameEvents callbacks : 751. Allocated memory : 980.191 MiB (managed heap), 2.088 GiB (unmanaged)
[LOG 21:01:14.481] UICanvasPrefabSpawner FlightUI spawning Flight
[LOG 21:01:14.494] UICanvasPrefabSpawner FlightUI spawning VesselLabels
[LOG 21:01:14.495] [UiApp] Awake: ResourceDisplay
[LOG 21:01:14.560] [AddonLoader]: Instantiating addon 'AeroGUI' from assembly 'KSP'
[LOG 21:01:14.567] [AddonLoader]: Instantiating addon 'WindowManager' from assembly 'KerbalKonstructs'
[LOG 21:01:14.568] [AddonLoader]: Instantiating addon 'KSPDiagLandedVessel' from assembly 'KSPDiagLandedVessel'
[LOG 21:01:14.568] [AddonLoader]: Instantiating addon 'KSPDiagTerrainHeight' from assembly 'KSPDiagTerrainHeight'
[LOG 21:01:14.569] [PlanetariumCamera]: Focus: Kerbin
[LOG 21:01:14.569] [UIMasterController]: HideUI
[LOG 21:01:14.787] [UIMasterController]: HideUI
[LOG 21:01:14.787] ------------------- initializing flight mode... ------------------
[LOG 21:01:14.787] GetSubclassesOfParentClass: Using cached results for AlarmTypeBase
[LOG 21:01:14.788] Loading Depletion Nodes
[LOG 21:01:14.788] DepNodeCount:  0
[LOG 21:01:14.788] Loading Biome Nodes
[LOG 21:01:14.788] BiomeNodeCount:  0
[LOG 21:01:14.788] Loading Planet Nodes
[LOG 21:01:14.788] PlanetNodeCount:  0
[LOG 21:01:14.788] [ScenarioDestructibles]: Loading... 0 objects registered
[LOG 21:01:14.815] Target vessel index: 10  vessel count: 11
[LOG 21:01:14.815] [FLIGHT GLOBALS]: Switching To Vessel Vaisseau sans nom ---------------------- 
[LOG 21:01:14.815] setting new dominant body: Mun
FlightGlobals.mainBody: Mun
[LOG 21:01:14.815] Reference Frame: Rotating
[LOG 21:01:14.821] [Vaisseau sans nom]: landed - waiting for ground contact to resume physics...
[LOG 21:01:14.821] Camera Mode: AUTO
[LOG 21:01:16.239] all systems started
[LOG 21:01:16.286] KK: [KerbalKonstructsSettings] Start: Career Module Start Called
[LOG 21:01:16.324] [Vaisseau sans nom]: landed - waiting for ground contact to resume physics...
[LOG 21:01:16.346] KK: [GroupCenter] SetInstancesEnabled: Setting Group MuneBase: active state form: True to: False
[LOG 21:01:16.346] KK: [GroupCenter] SetInstancesEnabled: Setting Group MuneBase: active state form: False to: True
[LOG 21:01:16.346] [UiApp] Awake: CurrencyWidgetsApp
[LOG 21:01:16.346] [UiApp] Awake: ResourceDisplay
[LOG 21:01:16.346] [UiApp] Awake: KSPedia
[LOG 21:01:16.346] [UiApp] Awake: Missions App
[LOG 21:01:16.346] [UiApp] Awake: DeltaVApp
[LOG 21:01:16.346] [UiApp] Awake: ActionGroupsApp
[LOG 21:01:16.346] [UiApp] Awake: Construction
[LOG 21:01:16.346] [UiApp] Awake: Cargo
[LOG 21:01:16.346] [UiApp] Awake: AlarmClock
[LOG 21:01:16.346] [UiApp] Awake: ManeuverTool
[LOG 21:01:16.346] [ApplicationLauncher] OnSceneLoadedGUIReady: scene FLIGHT ShouldBeVisible() True ShouldBeOnTop() True iIsPositionedAtTop True
[LOG 21:01:16.347] ScaleModList: listSize 41 maxListSize 494
[LOG 21:01:16.347] [KnowledgeBase] OnAppLauncherReady 17775
[LOG 21:01:16.355] [UIApp] OnDestroy: Contracts
[LOG 21:01:16.373] [FlightIntegrator]: Reloaded drag cube for zeroed cube root part fuelTankSmallFlat (Vaisseau sans nom) on vessel Vaisseau sans nom
[LOG 21:01:16.375] [MessageSystem] Reposition 0.02 17776
[LOG 21:01:16.375] [GenericAppFrame] Reposition 0.02 17776
[LOG 21:01:16.375] [GenericAppFrame] Reposition 0.02 17776
[LOG 21:01:16.430] [FlightIntegrator]: Reloaded drag cube for zeroed cube root part fuelTankSmallFlat (Vaisseau sans nom) on vessel Vaisseau sans nom
[LOG 21:01:16.432] [PlanetariumCamera]: Focus: Vaisseau sans nom
[LOG 21:01:16.444] [UIApp] Adding ResourceDisplay to Application Launcher
[LOG 21:01:16.445] ScaleModList: listSize 41 maxListSize 453
[LOG 21:01:16.445] [UIApp] Adding ResourceDisplay to Application Launcher
[LOG 21:01:16.446] ScaleModList: listSize 41 maxListSize 412
[LOG 21:01:16.453] [ResourceDisplay] OnAppStarted(): id: -544656
[LOG 21:01:16.453] [GenericAppFrame] Reposition 0.1016249 17780
[LOG 21:01:16.454] [ResourceDisplay] OnAppStarted(): id: 258558
[LOG 21:01:16.454] ResourceDisplay already exist, destroying this instance
[LOG 21:01:16.454] [UIApp] OnDestroy: ResourceDisplay
[LOG 21:01:16.454] ScaleModList: listSize 41 maxListSize 412
[LOG 21:01:16.463] [UIApp] Adding AlarmClock to Application Launcher
[LOG 21:01:16.464] ScaleModList: listSize 41 maxListSize 412
[LOG 21:01:16.464] [UIApp] Adding ActionGroupsApp to Application Launcher
[LOG 21:01:16.464] ScaleModList: listSize 41 maxListSize 371
[LOG 21:01:16.464] [UIApp] Adding Missions App to Application Launcher
[LOG 21:01:16.465] ScaleModList: listSize 41 maxListSize 330
[LOG 21:01:16.465] CURRENCY WIDGET False False False
[LOG 21:01:16.466] [UIApp] OnDestroy: CurrencyWidgetsApp
[LOG 21:01:16.484] [GenericAppFrame] Reposition 0.1232956 17782
[LOG 21:01:16.485] [ActionGroupsApp] OnAppStarted(): id: -544680
[LOG 21:01:16.486] [GenericAppFrame] Reposition 0.1232956 17782
[LOG 21:01:16.486] [UIApp] Adding DeltaVApp to Application Launcher
[LOG 21:01:16.487] ScaleModList: listSize 41 maxListSize 289
[LOG 21:01:16.487] [MissionsApp] OnAppStarted(): id: -544668
[LOG 21:01:16.487] MissionsApp does not execute in this game mode, destroying this instance
[LOG 21:01:16.487] [UIApp] OnDestroy: Missions App
[LOG 21:01:16.487] ScaleModList: listSize 41 maxListSize 289
[LOG 21:01:16.495] [GenericAppFrame] Reposition 0.1433248 17783
[LOG 21:01:16.502] [UIApp] Adding Cargo to Application Launcher
[LOG 21:01:16.503] ScaleModList: listSize 41 maxListSize 289
[LOG 21:01:16.503] [UIApp] Adding Construction to Application Launcher
[LOG 21:01:16.504] ScaleModList: listSize 41 maxListSize 248
[LOG 21:01:16.504] [UIApp] Adding KSPedia to Application Launcher
[LOG 21:01:16.505] ScaleModList: listSize 41 maxListSize 207
[LOG 21:01:16.513] [UIApp] Adding ManeuverTool to Application Launcher
[LOG 21:01:16.514] ScaleModList: listSize 41 maxListSize 166
[LOG 21:01:16.514] [ApplicationLauncher] SetHidden: 
[LOG 21:01:16.514] ScaleModList: listSize 41 maxListSize 207
[LOG 21:01:16.524] [GenericAppFrame] Reposition 0.1704015 17786
[LOG 21:01:16.530] [ManeuverTool]: Found 1 transfer types
[LOG 21:01:16.555] Flight State Captured
[LOG 21:01:16.555] Saving Achievements Tree...
[LOG 21:01:16.555] Saving Achievements Tree...
[LOG 21:01:16.555] Saving Achievements Tree...
[LOG 21:01:16.560] KK: [KerbalKonstructsSettings] OnSave: KKScenario saving career state
[LOG 21:01:16.560] [MessageSystem] Save Messages
[LOG 21:01:16.584] Game State Saved as persistent
[LOG 21:01:17.359] Unpacking Vaisseau sans nom
[LOG 21:01:17.359] Unpacking Vaisseau sans nom
[LOG 21:01:17.368] [UIMasterController]: ShowUI
[LOG 21:01:50.844] [FLIGHT GLOBALS]: Switching To Vessel Vaisseau sans nom ---------------------- 
[LOG 21:01:50.844] [PlanetariumCamera]: Focus: Vaisseau sans nom
[LOG 21:01:50.849] Camera Mode: AUTO
[LOG 21:01:57.486] [SceneLoadSpeedBoost] Save loaded from disk in 30ms
[LOG 21:01:57.489] [UIMasterController]: HideUI
[LOG 21:01:57.495] [HighLogic]: =========================== Scene Change : From FLIGHT to FLIGHT =====================
[LOG 21:01:57.613] [UIApp] OnDestroy: Cargo
[LOG 21:01:57.613] ScaleModList: listSize 41 maxListSize 207
[LOG 21:01:57.613] [PlanetariumCamera]: Focus: Mun
[LOG 21:01:57.613] KbApp.OnDestroy Planet Resources
[LOG 21:01:57.613] [UIApp] OnDestroy: Construction
[LOG 21:01:57.613] ScaleModList: listSize 41 maxListSize 207
[LOG 21:01:57.613] [UIApp] OnDestroy: ResourceDisplay
[LOG 21:01:57.613] ScaleModList: listSize 41 maxListSize 207
[LOG 21:01:57.613] KbApp.OnDestroy Planet Parameters
[LOG 21:01:57.613] [UIApp] OnDestroy: ManeuverTool
[LOG 21:01:57.615] ScaleModList: listSize 41 maxListSize 207
[LOG 21:01:57.615] [UIApp] OnDestroy: KSPedia
[LOG 21:01:57.615] ScaleModList: listSize 41 maxListSize 207
[LOG 21:01:57.615] [UIApp] OnDestroy: AlarmClock
[LOG 21:01:57.615] ScaleModList: listSize 41 maxListSize 207
[LOG 21:01:57.615] [UIApp] OnDestroy: DeltaVApp
[LOG 21:01:57.615] ScaleModList: listSize 41 maxListSize 207
[LOG 21:01:57.615] KbApp.OnDestroy Planet Info
[LOG 21:01:57.615] KbApp.OnDestroy Unowned Info
[LOG 21:01:57.615] KbApp.OnDestroy NullName
[LOG 21:01:57.616] KbApp.OnDestroy Vessel Info
[LOG 21:01:57.616] KbApp.OnDestroy Vessel Crew
[LOG 21:01:57.616] [UIApp] OnDestroy: ActionGroupsApp
[LOG 21:01:57.616] ScaleModList: listSize 41 maxListSize 207
[LOG 21:01:57.617] [KSPCF:MemoryLeaks] Removed a OnMapExited callback owned by a destroyed Assembly-CSharp:NavBallToggle instance
[LOG 21:01:57.617] [KSPCF:MemoryLeaks] Removed a OnGameSettingsApplied callback owned by a destroyed Assembly-CSharp:VesselAutopilotUI instance
[LOG 21:01:57.617] [KSPCF:MemoryLeaks] Removed a onPartActionUICreate callback owned by a destroyed Assembly-CSharp:ModuleInventoryPart instance
[LOG 21:01:57.617] [KSPCF:MemoryLeaks] Removed a onPartActionUICreate callback owned by a destroyed Assembly-CSharp:ModuleInventoryPart instance
[LOG 21:01:57.618] [KSPCF:MemoryLeaks] Removed a onModuleInventoryChanged callback owned by a destroyed Assembly-CSharp:ModuleInventoryPart instance
[LOG 21:01:57.618] [KSPCF:MemoryLeaks] Removed a onModuleInventoryChanged callback owned by a destroyed Assembly-CSharp:ModuleInventoryPart instance
[LOG 21:01:57.618] [KSPCF:MemoryLeaks] Removed a OnClick callback owned by a destroyed Assembly-CSharp:EVAConstructionModeEditor instance
[LOG 21:01:57.618] [KSPCF:MemoryLeaks] Removed a TimingManager.Instance.timing5.onLateUpdate callback owned by a destroyed Assembly-CSharp:MapView instance
[LOG 21:01:57.618] [KSPCF:MemoryLeaks] Leaving scene "Flight", cleaned 38 memory leaks in 0.002s. GameEvents callbacks : 751. Allocated memory : 971.145 MiB (managed heap), 2.089 GiB (unmanaged)
[LOG 21:01:57.623] UICanvasPrefabSpawner FlightUI spawning Flight
[LOG 21:01:57.639] UICanvasPrefabSpawner FlightUI spawning VesselLabels
[LOG 21:01:57.640] [UiApp] Awake: ResourceDisplay
[LOG 21:01:57.702] [AddonLoader]: Instantiating addon 'AeroGUI' from assembly 'KSP'
[LOG 21:01:57.708] [AddonLoader]: Instantiating addon 'WindowManager' from assembly 'KerbalKonstructs'
[LOG 21:01:57.710] [AddonLoader]: Instantiating addon 'KSPDiagLandedVessel' from assembly 'KSPDiagLandedVessel'
[LOG 21:01:57.710] [AddonLoader]: Instantiating addon 'KSPDiagTerrainHeight' from assembly 'KSPDiagTerrainHeight'
[LOG 21:01:57.710] [PlanetariumCamera]: Focus: Kerbin
[LOG 21:01:57.710] [UIMasterController]: HideUI
[LOG 21:01:57.930] [UIMasterController]: HideUI
[LOG 21:01:57.930] ------------------- initializing flight mode... ------------------
[LOG 21:01:57.930] GetSubclassesOfParentClass: Using cached results for AlarmTypeBase
[LOG 21:01:57.931] Loading Depletion Nodes
[LOG 21:01:57.931] DepNodeCount:  0
[LOG 21:01:57.931] Loading Biome Nodes
[LOG 21:01:57.931] BiomeNodeCount:  0
[LOG 21:01:57.931] Loading Planet Nodes
[LOG 21:01:57.931] PlanetNodeCount:  0
[LOG 21:01:57.932] [ScenarioDestructibles]: Loading... 0 objects registered
[LOG 21:01:57.959] Target vessel index: 10  vessel count: 11
[LOG 21:01:57.959] [FLIGHT GLOBALS]: Switching To Vessel Vaisseau sans nom ---------------------- 
[LOG 21:01:57.959] setting new dominant body: Mun
FlightGlobals.mainBody: Mun
[LOG 21:01:57.959] Reference Frame: Rotating
[LOG 21:01:57.964] [Vaisseau sans nom]: landed - waiting for ground contact to resume physics...
[LOG 21:01:57.965] Camera Mode: AUTO
[LOG 21:01:59.370] all systems started
[LOG 21:01:59.417] KK: [KerbalKonstructsSettings] Start: Career Module Start Called
[LOG 21:01:59.456] [Vaisseau sans nom]: landed - waiting for ground contact to resume physics...
[LOG 21:01:59.477] KK: [GroupCenter] SetInstancesEnabled: Setting Group MuneBase: active state form: True to: False
[LOG 21:01:59.477] KK: [GroupCenter] SetInstancesEnabled: Setting Group MuneBase: active state form: False to: True
[LOG 21:01:59.478] [UiApp] Awake: CurrencyWidgetsApp
[LOG 21:01:59.478] [UiApp] Awake: ResourceDisplay
[LOG 21:01:59.479] [UiApp] Awake: KSPedia
[LOG 21:01:59.479] [UiApp] Awake: Missions App
[LOG 21:01:59.479] [UiApp] Awake: DeltaVApp
[LOG 21:01:59.479] [UiApp] Awake: ActionGroupsApp
[LOG 21:01:59.479] [UiApp] Awake: Construction
[LOG 21:01:59.479] [UiApp] Awake: Cargo
[LOG 21:01:59.479] [UiApp] Awake: AlarmClock
[LOG 21:01:59.479] [UiApp] Awake: ManeuverTool
[LOG 21:01:59.479] [ApplicationLauncher] OnSceneLoadedGUIReady: scene FLIGHT ShouldBeVisible() True ShouldBeOnTop() True iIsPositionedAtTop True
[LOG 21:01:59.481] ScaleModList: listSize 41 maxListSize 494
[LOG 21:01:59.481] [KnowledgeBase] OnAppLauncherReady 21585
[LOG 21:01:59.487] [UIApp] OnDestroy: Contracts
[LOG 21:01:59.505] [FlightIntegrator]: Reloaded drag cube for zeroed cube root part fuelTankSmallFlat (Vaisseau sans nom) on vessel Vaisseau sans nom
[LOG 21:01:59.507] [MessageSystem] Reposition 0.02 21586
[LOG 21:01:59.507] [GenericAppFrame] Reposition 0.02 21586
[LOG 21:01:59.507] [GenericAppFrame] Reposition 0.02 21586
[LOG 21:01:59.567] [FlightIntegrator]: Reloaded drag cube for zeroed cube root part fuelTankSmallFlat (Vaisseau sans nom) on vessel Vaisseau sans nom
[LOG 21:01:59.570] [PlanetariumCamera]: Focus: Vaisseau sans nom
[LOG 21:01:59.582] [UIApp] Adding ResourceDisplay to Application Launcher
[LOG 21:01:59.583] ScaleModList: listSize 41 maxListSize 453
[LOG 21:01:59.583] [UIApp] Adding ResourceDisplay to Application Launcher
[LOG 21:01:59.584] ScaleModList: listSize 41 maxListSize 412
[LOG 21:01:59.590] [ResourceDisplay] OnAppStarted(): id: -588590
[LOG 21:01:59.590] [GenericAppFrame] Reposition 0.1038307 21590
[LOG 21:01:59.590] [ResourceDisplay] OnAppStarted(): id: 258690
[LOG 21:01:59.590] ResourceDisplay already exist, destroying this instance
[LOG 21:01:59.590] [UIApp] OnDestroy: ResourceDisplay
[LOG 21:01:59.592] ScaleModList: listSize 41 maxListSize 412
[LOG 21:01:59.601] [UIApp] Adding AlarmClock to Application Launcher
[LOG 21:01:59.601] ScaleModList: listSize 41 maxListSize 412
[LOG 21:01:59.601] [UIApp] Adding ActionGroupsApp to Application Launcher
[LOG 21:01:59.602] ScaleModList: listSize 41 maxListSize 371
[LOG 21:01:59.602] [UIApp] Adding Missions App to Application Launcher
[LOG 21:01:59.603] ScaleModList: listSize 41 maxListSize 330
[LOG 21:01:59.603] CURRENCY WIDGET False False False
[LOG 21:01:59.604] [UIApp] OnDestroy: CurrencyWidgetsApp
[LOG 21:01:59.621] [GenericAppFrame] Reposition 0.1238807 21592
[LOG 21:01:59.623] [ActionGroupsApp] OnAppStarted(): id: -588614
[LOG 21:01:59.623] [GenericAppFrame] Reposition 0.1238807 21592
[LOG 21:01:59.624] [UIApp] Adding DeltaVApp to Application Launcher
[LOG 21:01:59.625] ScaleModList: listSize 41 maxListSize 289
[LOG 21:01:59.625] [MissionsApp] OnAppStarted(): id: -588602
[LOG 21:01:59.625] MissionsApp does not execute in this game mode, destroying this instance
[LOG 21:01:59.625] [UIApp] OnDestroy: Missions App
[LOG 21:01:59.625] ScaleModList: listSize 41 maxListSize 289
[LOG 21:01:59.633] [GenericAppFrame] Reposition 0.1445232 21593
[LOG 21:01:59.643] [UIApp] Adding Cargo to Application Launcher
[LOG 21:01:59.644] ScaleModList: listSize 41 maxListSize 289
[LOG 21:01:59.644] [UIApp] Adding Construction to Application Launcher
[LOG 21:01:59.645] ScaleModList: listSize 41 maxListSize 248
[LOG 21:01:59.645] [UIApp] Adding KSPedia to Application Launcher
[LOG 21:01:59.645] ScaleModList: listSize 41 maxListSize 207
[LOG 21:01:59.654] [UIApp] Adding ManeuverTool to Application Launcher
[LOG 21:01:59.655] ScaleModList: listSize 41 maxListSize 166
[LOG 21:01:59.655] [ApplicationLauncher] SetHidden: 
[LOG 21:01:59.656] ScaleModList: listSize 41 maxListSize 207
[LOG 21:01:59.666] [GenericAppFrame] Reposition 0.17516 21596
[LOG 21:01:59.672] [ManeuverTool]: Found 1 transfer types
[LOG 21:01:59.694] Flight State Captured
[LOG 21:01:59.694] Saving Achievements Tree...
[LOG 21:01:59.694] Saving Achievements Tree...
[LOG 21:01:59.694] Saving Achievements Tree...
[LOG 21:01:59.701] KK: [KerbalKonstructsSettings] OnSave: KKScenario saving career state
[LOG 21:01:59.701] [MessageSystem] Save Messages
[LOG 21:01:59.725] Game State Saved as persistent
[LOG 21:02:00.475] Unpacking Vaisseau sans nom
[LOG 21:02:00.475] Unpacking Vaisseau sans nom
[LOG 21:02:00.483] [UIMasterController]: ShowUI
[LOG 21:02:06.136] [FLIGHT GLOBALS]: Switching To Vessel Vaisseau sans nom ---------------------- 
[LOG 21:02:06.136] [PlanetariumCamera]: Focus: Vaisseau sans nom
[LOG 21:02:06.142] Camera Mode: AUTO
[LOG 21:02:12.769] [SceneLoadSpeedBoost] Save loaded from disk in 33ms
[LOG 21:02:12.772] [UIMasterController]: HideUI
[LOG 21:02:12.780] [HighLogic]: =========================== Scene Change : From FLIGHT to FLIGHT =====================
[LOG 21:02:12.897] KbApp.OnDestroy NullName
[LOG 21:02:12.897] [UIApp] OnDestroy: Construction
[LOG 21:02:12.897] ScaleModList: listSize 41 maxListSize 207
[LOG 21:02:12.897] KbApp.OnDestroy Vessel Crew
[LOG 21:02:12.897] KbApp.OnDestroy Planet Parameters
[LOG 21:02:12.897] [UIApp] OnDestroy: Cargo
[LOG 21:02:12.897] ScaleModList: listSize 41 maxListSize 207
[LOG 21:02:12.897] [UIApp] OnDestroy: AlarmClock
[LOG 21:02:12.898] ScaleModList: listSize 41 maxListSize 207
[LOG 21:02:12.898] [PlanetariumCamera]: Focus: Mun
[LOG 21:02:12.899] KbApp.OnDestroy Vessel Info
[LOG 21:02:12.899] [UIApp] OnDestroy: KSPedia
[LOG 21:02:12.899] ScaleModList: listSize 41 maxListSize 207
[LOG 21:02:12.899] [UIApp] OnDestroy: ResourceDisplay
[LOG 21:02:12.899] ScaleModList: listSize 41 maxListSize 207
[LOG 21:02:12.899] KbApp.OnDestroy Planet Resources
[LOG 21:02:12.899] KbApp.OnDestroy Planet Info
[LOG 21:02:12.899] [UIApp] OnDestroy: DeltaVApp
[LOG 21:02:12.899] ScaleModList: listSize 41 maxListSize 207
[LOG 21:02:12.899] KbApp.OnDestroy Unowned Info
[LOG 21:02:12.899] [UIApp] OnDestroy: ActionGroupsApp
[LOG 21:02:12.899] ScaleModList: listSize 41 maxListSize 207
[LOG 21:02:12.899] [UIApp] OnDestroy: ManeuverTool
[LOG 21:02:12.900] ScaleModList: listSize 41 maxListSize 207
[LOG 21:02:12.901] [KSPCF:MemoryLeaks] Removed a OnMapExited callback owned by a destroyed Assembly-CSharp:NavBallToggle instance
[LOG 21:02:12.901] [KSPCF:MemoryLeaks] Removed a OnGameSettingsApplied callback owned by a destroyed Assembly-CSharp:VesselAutopilotUI instance
[LOG 21:02:12.901] [KSPCF:MemoryLeaks] Removed a onPartActionUICreate callback owned by a destroyed Assembly-CSharp:ModuleInventoryPart instance
[LOG 21:02:12.901] [KSPCF:MemoryLeaks] Removed a onPartActionUICreate callback owned by a destroyed Assembly-CSharp:ModuleInventoryPart instance
[LOG 21:02:12.902] [KSPCF:MemoryLeaks] Removed a onModuleInventoryChanged callback owned by a destroyed Assembly-CSharp:ModuleInventoryPart instance
[LOG 21:02:12.902] [KSPCF:MemoryLeaks] Removed a onModuleInventoryChanged callback owned by a destroyed Assembly-CSharp:ModuleInventoryPart instance
[LOG 21:02:12.902] [KSPCF:MemoryLeaks] Removed a OnClick callback owned by a destroyed Assembly-CSharp:EVAConstructionModeEditor instance
[LOG 21:02:12.902] [KSPCF:MemoryLeaks] Removed a TimingManager.Instance.timing5.onLateUpdate callback owned by a destroyed Assembly-CSharp:MapView instance
[LOG 21:02:12.902] [KSPCF:MemoryLeaks] Leaving scene "Flight", cleaned 38 memory leaks in 0.002s. GameEvents callbacks : 751. Allocated memory : 963.117 MiB (managed heap), 2.091 GiB (unmanaged)
[LOG 21:02:12.907] UICanvasPrefabSpawner FlightUI spawning Flight
[LOG 21:02:12.921] UICanvasPrefabSpawner FlightUI spawning VesselLabels
[LOG 21:02:12.922] [UiApp] Awake: ResourceDisplay
[LOG 21:02:12.986] [AddonLoader]: Instantiating addon 'AeroGUI' from assembly 'KSP'
[LOG 21:02:12.994] [AddonLoader]: Instantiating addon 'WindowManager' from assembly 'KerbalKonstructs'
[LOG 21:02:12.995] [AddonLoader]: Instantiating addon 'KSPDiagLandedVessel' from assembly 'KSPDiagLandedVessel'
[LOG 21:02:12.995] [AddonLoader]: Instantiating addon 'KSPDiagTerrainHeight' from assembly 'KSPDiagTerrainHeight'
[LOG 21:02:12.995] [PlanetariumCamera]: Focus: Kerbin
[LOG 21:02:12.995] [UIMasterController]: HideUI
[LOG 21:02:13.216] [UIMasterController]: HideUI
[LOG 21:02:13.216] ------------------- initializing flight mode... ------------------
[LOG 21:02:13.216] GetSubclassesOfParentClass: Using cached results for AlarmTypeBase
[LOG 21:02:13.216] Loading Depletion Nodes
[LOG 21:02:13.216] DepNodeCount:  0
[LOG 21:02:13.216] Loading Biome Nodes
[LOG 21:02:13.217] BiomeNodeCount:  0
[LOG 21:02:13.217] Loading Planet Nodes
[LOG 21:02:13.217] PlanetNodeCount:  0
[LOG 21:02:13.217] [ScenarioDestructibles]: Loading... 0 objects registered
[LOG 21:02:13.243] Target vessel index: 10  vessel count: 11
[LOG 21:02:13.243] [FLIGHT GLOBALS]: Switching To Vessel Vaisseau sans nom ---------------------- 
[LOG 21:02:13.243] setting new dominant body: Mun
FlightGlobals.mainBody: Mun
[LOG 21:02:13.244] Reference Frame: Rotating
[LOG 21:02:13.249] [Vaisseau sans nom]: landed - waiting for ground contact to resume physics...
[LOG 21:02:13.249] Camera Mode: AUTO
[LOG 21:02:14.675] all systems started
[LOG 21:02:14.724] KK: [KerbalKonstructsSettings] Start: Career Module Start Called
[LOG 21:02:14.766] [Vaisseau sans nom]: landed - waiting for ground contact to resume physics...
[LOG 21:02:14.789] KK: [GroupCenter] SetInstancesEnabled: Setting Group MuneBase: active state form: True to: False
[LOG 21:02:14.789] KK: [GroupCenter] SetInstancesEnabled: Setting Group MuneBase: active state form: False to: True
[LOG 21:02:14.789] [UiApp] Awake: CurrencyWidgetsApp
[LOG 21:02:14.789] [UiApp] Awake: ResourceDisplay
[LOG 21:02:14.789] [UiApp] Awake: KSPedia
[LOG 21:02:14.789] [UiApp] Awake: Missions App
[LOG 21:02:14.789] [UiApp] Awake: DeltaVApp
[LOG 21:02:14.789] [UiApp] Awake: ActionGroupsApp
[LOG 21:02:14.789] [UiApp] Awake: Construction
[LOG 21:02:14.789] [UiApp] Awake: Cargo
[LOG 21:02:14.789] [UiApp] Awake: AlarmClock
[LOG 21:02:14.789] [UiApp] Awake: ManeuverTool
[LOG 21:02:14.789] [ApplicationLauncher] OnSceneLoadedGUIReady: scene FLIGHT ShouldBeVisible() True ShouldBeOnTop() True iIsPositionedAtTop True
[LOG 21:02:14.792] ScaleModList: listSize 41 maxListSize 494
[LOG 21:02:14.792] [KnowledgeBase] OnAppLauncherReady 22881
[LOG 21:02:14.800] [UIApp] OnDestroy: Contracts
[LOG 21:02:14.819] [FlightIntegrator]: Reloaded drag cube for zeroed cube root part fuelTankSmallFlat (Vaisseau sans nom) on vessel Vaisseau sans nom
[LOG 21:02:14.822] [MessageSystem] Reposition 0.02 22882
[LOG 21:02:14.822] [GenericAppFrame] Reposition 0.02 22882
[LOG 21:02:14.822] [GenericAppFrame] Reposition 0.02 22882
[LOG 21:02:14.886] [FlightIntegrator]: Reloaded drag cube for zeroed cube root part fuelTankSmallFlat (Vaisseau sans nom) on vessel Vaisseau sans nom
[LOG 21:02:14.890] [PlanetariumCamera]: Focus: Vaisseau sans nom
[LOG 21:02:14.903] [UIApp] Adding ResourceDisplay to Application Launcher
[LOG 21:02:14.904] ScaleModList: listSize 41 maxListSize 453
[LOG 21:02:14.904] [UIApp] Adding ResourceDisplay to Application Launcher
[LOG 21:02:14.905] ScaleModList: listSize 41 maxListSize 412
[LOG 21:02:14.914] [ResourceDisplay] OnAppStarted(): id: -632498
[LOG 21:02:14.915] [GenericAppFrame] Reposition 0.1130966 22886
[LOG 21:02:14.915] [ResourceDisplay] OnAppStarted(): id: 258822
[LOG 21:02:14.915] ResourceDisplay already exist, destroying this instance
[LOG 21:02:14.915] [UIApp] OnDestroy: ResourceDisplay
[LOG 21:02:14.915] ScaleModList: listSize 41 maxListSize 412
[LOG 21:02:14.926] [UIApp] Adding AlarmClock to Application Launcher
[LOG 21:02:14.927] ScaleModList: listSize 41 maxListSize 412
[LOG 21:02:14.927] [UIApp] Adding ActionGroupsApp to Application Launcher
[LOG 21:02:14.928] ScaleModList: listSize 41 maxListSize 371
[LOG 21:02:14.928] [UIApp] Adding Missions App to Application Launcher
[LOG 21:02:14.928] ScaleModList: listSize 41 maxListSize 330
[LOG 21:02:14.928] CURRENCY WIDGET False False False
[LOG 21:02:14.930] [UIApp] OnDestroy: CurrencyWidgetsApp
[LOG 21:02:14.945] [GenericAppFrame] Reposition 0.1349322 22888
[LOG 21:02:14.947] [ActionGroupsApp] OnAppStarted(): id: -632522
[LOG 21:02:14.948] [GenericAppFrame] Reposition 0.1349322 22888
[LOG 21:02:14.948] [UIApp] Adding DeltaVApp to Application Launcher
[LOG 21:02:14.949] ScaleModList: listSize 41 maxListSize 289
[LOG 21:02:14.949] [MissionsApp] OnAppStarted(): id: -632510
[LOG 21:02:14.949] MissionsApp does not execute in this game mode, destroying this instance
[LOG 21:02:14.949] [UIApp] OnDestroy: Missions App
[LOG 21:02:14.949] ScaleModList: listSize 41 maxListSize 289
[LOG 21:02:14.958] [GenericAppFrame] Reposition 0.156951 22889
[LOG 21:02:14.966] [UIApp] Adding Cargo to Application Launcher
[LOG 21:02:14.967] ScaleModList: listSize 41 maxListSize 289
[LOG 21:02:14.967] [UIApp] Adding Construction to Application Launcher
[LOG 21:02:14.967] ScaleModList: listSize 41 maxListSize 248
[LOG 21:02:14.967] [UIApp] Adding KSPedia to Application Launcher
[LOG 21:02:14.969] ScaleModList: listSize 41 maxListSize 207
[LOG 21:02:14.977] [UIApp] Adding ManeuverTool to Application Launcher
[LOG 21:02:14.977] ScaleModList: listSize 41 maxListSize 166
[LOG 21:02:14.977] [ApplicationLauncher] SetHidden: 
[LOG 21:02:14.979] ScaleModList: listSize 41 maxListSize 207
[LOG 21:02:14.990] [GenericAppFrame] Reposition 0.1866308 22892
[LOG 21:02:14.997] [ManeuverTool]: Found 1 transfer types
[LOG 21:02:15.022] Flight State Captured
[LOG 21:02:15.022] Saving Achievements Tree...
[LOG 21:02:15.022] Saving Achievements Tree...
[LOG 21:02:15.022] Saving Achievements Tree...
[LOG 21:02:15.028] KK: [KerbalKonstructsSettings] OnSave: KKScenario saving career state
[LOG 21:02:15.029] [MessageSystem] Save Messages
[LOG 21:02:15.052] Game State Saved as persistent
[LOG 21:02:15.794] Unpacking Vaisseau sans nom
[LOG 21:02:15.794] Unpacking Vaisseau sans nom
[LOG 21:02:15.802] [UIMasterController]: ShowUI
[LOG 21:02:49.188] [FLIGHT GLOBALS]: Switching To Vessel Vaisseau sans nom ---------------------- 
[LOG 21:02:49.189] [PlanetariumCamera]: Focus: Vaisseau sans nom
[LOG 21:02:49.194] Camera Mode: AUTO
[LOG 21:02:59.632] [KSP-MCPServer] Quitting KSP, as asked
[LOG 21:03:00.287] [UIApp] OnDestroy: ManeuverTool
[LOG 21:03:00.287] ScaleModList: listSize 41 maxListSize 207
[LOG 21:03:00.301] [UIApp] OnDestroy: 
[LOG 21:03:00.306] [UIApp] OnDestroy: Cargo
[LOG 21:03:00.322] KbApp.OnDestroy Vessel Info
[LOG 21:03:00.323] [UIApp] OnDestroy: DeltaVApp
